run,arm,seed,step,train_win_rate,difficulty
fs-on-s27,fs-on,27,3072,0.0,-1.0
fs-on-s27,fs-on,27,33792,0.01,-1.0
fs-on-s27,fs-on,27,64512,0.03,-1.0
fs-on-s27,fs-on,27,95232,0.01,-1.0
fs-on-s27,fs-on,27,125952,0.04,-1.0
fs-on-s27,fs-on,27,156672,0.01,-1.0
fs-on-s27,fs-on,27,187392,0.01,-1.0
fs-on-s27,fs-on,27,218112,0.03,-1.0
fs-on-s27,fs-on,27,248832,0.06,-1.0
fs-on-s27,fs-on,27,279552,0.05,-1.0
fs-on-s27,fs-on,27,310272,0.04,-1.0
fs-on-s27,fs-on,27,340992,0.02,-1.0
fs-on-s27,fs-on,27,371712,0.05,-1.0
fs-on-s27,fs-on,27,402432,0.04,-1.0
fs-on-s27,fs-on,27,433152,0.06,-1.0
fs-on-s27,fs-on,27,463872,0.06,-1.0
fs-on-s27,fs-on,27,494592,0.05,-1.0
fs-on-s27,fs-on,27,525312,0.03,-1.0
fs-on-s27,fs-on,27,556032,0.02,-1.0
fs-on-s27,fs-on,27,586752,0.07,-1.0
fs-on-s27,fs-on,27,617472,0.05,-1.0
fs-on-s27,fs-on,27,648192,0.09,-1.0
fs-on-s27,fs-on,27,678912,0.06,-1.0
fs-on-s27,fs-on,27,709632,0.05,-1.0
fs-on-s27,fs-on,27,740352,0.07,-1.0
fs-on-s27,fs-on,27,771072,0.05,-1.0
fs-on-s27,fs-on,27,801792,0.07,-1.0
fs-on-s27,fs-on,27,832512,0.08,-1.0
fs-on-s27,fs-on,27,863232,0.11,-1.0
fs-on-s27,fs-on,27,893952,0.07,-1.0
fs-on-s27,fs-on,27,924672,0.04,-1.0
fs-on-s27,fs-on,27,955392,0.06,-1.0
fs-on-s27,fs-on,27,986112,0.07,-1.0
fs-on-s27,fs-on,27,1016832,0.11,-1.0
fs-on-s27,fs-on,27,1047552,0.07,-1.0
fs-on-s27,fs-on,27,1078272,0.07,-1.0
fs-on-s27,fs-on,27,1108992,0.06,-1.0
fs-on-s27,fs-on,27,1139712,0.12,-1.0
fs-on-s27,fs-on,27,1170432,0.04,-1.0
fs-on-s27,fs-on,27,1201152,0.1,-1.0
fs-on-s27,fs-on,27,1231872,0.09,-1.0
fs-on-s27,fs-on,27,1262592,0.14,-1.0
fs-on-s27,fs-on,27,1293312,0.11,-1.0
fs-on-s27,fs-on,27,1324032,0.1,-1.0
fs-on-s27,fs-on,27,1354752,0.13,-1.0
fs-on-s27,fs-on,27,1385472,0.11,-1.0
fs-on-s27,fs-on,27,1416192,0.2,-1.0
fs-on-s27,fs-on,27,1446912,0.15,-1.0
fs-on-s27,fs-on,27,1477632,0.1,-1.0
fs-on-s27,fs-on,27,1508352,0.08,-1.0
fs-on-s27,fs-on,27,1539072,0.12,-1.0
fs-on-s27,fs-on,27,1569792,0.13,-1.0
fs-on-s27,fs-on,27,1600512,0.15,-1.0
fs-on-s27,fs-on,27,1631232,0.1,-1.0
fs-on-s27,fs-on,27,1661952,0.21,-1.0
fs-on-s27,fs-on,27,1692672,0.11,-1.0
fs-on-s27,fs-on,27,1723392,0.18,-1.0
fs-on-s27,fs-on,27,1754112,0.15,-1.0
fs-on-s27,fs-on,27,1784832,0.14,-1.0
fs-on-s27,fs-on,27,1815552,0.17,-1.0
fs-on-s27,fs-on,27,1846272,0.11,-1.0
fs-on-s27,fs-on,27,1876992,0.13,-1.0
fs-on-s27,fs-on,27,1907712,0.1,-1.0
fs-on-s27,fs-on,27,1938432,0.13,-1.0
fs-on-s27,fs-on,27,1969152,0.12,-1.0
fs-on-s27,fs-on,27,1999872,0.18,-1.0
fs-on-s27,fs-on,27,2030592,0.17,-1.0
fs-on-s27,fs-on,27,2061312,0.17,-1.0
fs-on-s27,fs-on,27,2092032,0.14,-1.0
fs-on-s27,fs-on,27,2122752,0.19,-1.0
fs-on-s27,fs-on,27,2153472,0.16,-1.0
fs-on-s27,fs-on,27,2184192,0.21,-1.0
fs-on-s27,fs-on,27,2214912,0.22,-1.0
fs-on-s27,fs-on,27,2245632,0.23,-1.0
fs-on-s27,fs-on,27,2276352,0.24,-1.0
fs-on-s27,fs-on,27,2307072,0.19,-1.0
fs-on-s27,fs-on,27,2337792,0.22,-1.0
fs-on-s27,fs-on,27,2368512,0.27,-1.0
fs-on-s27,fs-on,27,2399232,0.24,-1.0
fs-on-s27,fs-on,27,2429952,0.19,-1.0
fs-on-s27,fs-on,27,2460672,0.23,-1.0
fs-on-s27,fs-on,27,2491392,0.22,-1.0
fs-on-s27,fs-on,27,2522112,0.27,-1.0
fs-on-s27,fs-on,27,2552832,0.25,-1.0
fs-on-s27,fs-on,27,2583552,0.25,-1.0
fs-on-s27,fs-on,27,2614272,0.17,-1.0
fs-on-s27,fs-on,27,2644992,0.23,-1.0
fs-on-s27,fs-on,27,2675712,0.27,-1.0
fs-on-s27,fs-on,27,2706432,0.27,-1.0
fs-on-s27,fs-on,27,2737152,0.29,-1.0
fs-on-s27,fs-on,27,2767872,0.36,-1.0
fs-on-s27,fs-on,27,2798592,0.24,-1.0
fs-on-s27,fs-on,27,2829312,0.19,-1.0
fs-on-s27,fs-on,27,2860032,0.25,-1.0
fs-on-s27,fs-on,27,2890752,0.27,-1.0
fs-on-s27,fs-on,27,2921472,0.26,-1.0
fs-on-s27,fs-on,27,2952192,0.36,-1.0
fs-on-s27,fs-on,27,2982912,0.36,-1.0
fs-on-s27,fs-on,27,3013632,0.28,-1.0
fs-on-s27,fs-on,27,3044352,0.25,-1.0
fs-on-s27,fs-on,27,3075072,0.28,-1.0
fs-on-s27,fs-on,27,3105792,0.37,-1.0
fs-on-s27,fs-on,27,3136512,0.35,-1.0
fs-on-s27,fs-on,27,3167232,0.36,-1.0
fs-on-s27,fs-on,27,3197952,0.33,-1.0
fs-on-s27,fs-on,27,3228672,0.4,-1.0
fs-on-s27,fs-on,27,3259392,0.27,-1.0
fs-on-s27,fs-on,27,3290112,0.34,-1.0
fs-on-s27,fs-on,27,3320832,0.37,-1.0
fs-on-s27,fs-on,27,3351552,0.37,-1.0
fs-on-s27,fs-on,27,3382272,0.4,-1.0
fs-on-s27,fs-on,27,3412992,0.44,-1.0
fs-on-s27,fs-on,27,3443712,0.4,-1.0
fs-on-s27,fs-on,27,3474432,0.36,-1.0
fs-on-s27,fs-on,27,3505152,0.39,-1.0
fs-on-s27,fs-on,27,3535872,0.44,-1.0
fs-on-s27,fs-on,27,3566592,0.39,-1.0
fs-on-s27,fs-on,27,3597312,0.41,-1.0
fs-on-s27,fs-on,27,3628032,0.44,-1.0
fs-on-s27,fs-on,27,3658752,0.48,-1.0
fs-on-s27,fs-on,27,3689472,0.46,-1.0
fs-on-s27,fs-on,27,3720192,0.49,-1.0
fs-on-s27,fs-on,27,3750912,0.44,-1.0
fs-on-s27,fs-on,27,3781632,0.4,-1.0
fs-on-s27,fs-on,27,3812352,0.48,-1.0
fs-on-s27,fs-on,27,3843072,0.47,-1.0
fs-on-s27,fs-on,27,3873792,0.53,-1.0
fs-on-s27,fs-on,27,3904512,0.43,-1.0
fs-on-s27,fs-on,27,3935232,0.51,-1.0
fs-on-s27,fs-on,27,3965952,0.41,-1.0
fs-on-s27,fs-on,27,3996672,0.43,-1.0
fs-on-s27,fs-on,27,4027392,0.55,-1.0
fs-on-s27,fs-on,27,4058112,0.57,-0.989
fs-on-s27,fs-on,27,4088832,0.58,-0.989
fs-on-s27,fs-on,27,4119552,0.5,-0.989
fs-on-s27,fs-on,27,4150272,0.52,-0.989
fs-on-s27,fs-on,27,4180992,0.53,-1.0
fs-on-s27,fs-on,27,4211712,0.47,-1.0
fs-on-s27,fs-on,27,4242432,0.51,-0.984
fs-on-s27,fs-on,27,4273152,0.53,-0.984
fs-on-s27,fs-on,27,4303872,0.47,-0.972
fs-on-s27,fs-on,27,4334592,0.54,-0.972
fs-on-s27,fs-on,27,4365312,0.56,-0.972
fs-on-s27,fs-on,27,4396032,0.52,-0.936
fs-on-s27,fs-on,27,4426752,0.58,-0.936
fs-on-s27,fs-on,27,4457472,0.49,-0.923
fs-on-s27,fs-on,27,4488192,0.62,-0.897
fs-on-s27,fs-on,27,4518912,0.52,-0.869
fs-on-s27,fs-on,27,4549632,0.59,-0.842
fs-on-s27,fs-on,27,4580352,0.55,-0.831
fs-on-s27,fs-on,27,4611072,0.53,-0.786
fs-on-s27,fs-on,27,4641792,0.51,-0.761
fs-on-s27,fs-on,27,4672512,0.59,-0.761
fs-on-s27,fs-on,27,4703232,0.44,-0.749
fs-on-s27,fs-on,27,4733952,0.52,-0.749
fs-on-s27,fs-on,27,4764672,0.61,-0.736
fs-on-s27,fs-on,27,4795392,0.49,-0.725
fs-on-s27,fs-on,27,4826112,0.55,-0.712
fs-on-s27,fs-on,27,4856832,0.62,-0.712
fs-on-s27,fs-on,27,4887552,0.54,-0.689
fs-on-s27,fs-on,27,4918272,0.59,-0.677
fs-on-s27,fs-on,27,4948992,0.59,-0.677
fs-on-s27,fs-on,27,4979712,0.52,-0.677
fs-on-s27,fs-on,27,5010432,0.63,-0.661
fs-on-s27,fs-on,27,5041152,0.54,-0.633
fs-on-s27,fs-on,27,5071872,0.55,-0.633
fs-on-s27,fs-on,27,5102592,0.54,-0.61
fs-on-s27,fs-on,27,5133312,0.63,-0.596
fs-on-s27,fs-on,27,5164032,0.65,-0.567
fs-on-s27,fs-on,27,5194752,0.61,-0.513
fs-on-s27,fs-on,27,5225472,0.52,-0.439
fs-on-s27,fs-on,27,5256192,0.46,-0.425
fs-on-s27,fs-on,27,5286912,0.61,-0.409
fs-on-s27,fs-on,27,5317632,0.52,-0.381
fs-on-s27,fs-on,27,5348352,0.57,-0.365
fs-on-s27,fs-on,27,5379072,0.53,-0.365
fs-on-s27,fs-on,27,5409792,0.56,-0.336
fs-on-s27,fs-on,27,5440512,0.46,-0.336
fs-on-s27,fs-on,27,5471232,0.55,-0.306
fs-on-s27,fs-on,27,5501952,0.68,-0.278
fs-on-s27,fs-on,27,5532672,0.58,-0.249
fs-on-s27,fs-on,27,5563392,0.49,-0.226
fs-on-s27,fs-on,27,5594112,0.52,-0.213
fs-on-s27,fs-on,27,5624832,0.51,-0.202
fs-on-s27,fs-on,27,5655552,0.67,-0.177
fs-on-s27,fs-on,27,5686272,0.55,-0.135
fs-on-s27,fs-on,27,5716992,0.6,-0.099
fs-on-s27,fs-on,27,5747712,0.63,-0.06
fs-on-s27,fs-on,27,5778432,0.57,-0.034
fs-on-s27,fs-on,27,5809152,0.56,-0.034
fs-on-s27,fs-on,27,5839872,0.49,-0.016
fs-on-s27,fs-on,27,5870592,0.51,0.011
fs-on-s27,fs-on,27,5901312,0.53,0.022
fs-on-s27,fs-on,27,5932032,0.45,0.022
fs-on-s27,fs-on,27,5962752,0.48,0.022
fs-on-s27,fs-on,27,5993472,0.46,0.022
fs-on-s27,fs-on,27,6024192,0.49,0.022
fs-on-s27,fs-on,27,6054912,0.49,0.022
fs-on-s27,fs-on,27,6085632,0.62,0.01
fs-on-s27,fs-on,27,6116352,0.44,0.01
fs-on-s27,fs-on,27,6147072,0.56,0.01
fs-on-s27,fs-on,27,6177792,0.44,0.022
fs-on-s27,fs-on,27,6208512,0.52,0.033
fs-on-s27,fs-on,27,6239232,0.5,0.033
fs-on-s27,fs-on,27,6269952,0.52,0.033
fs-on-s27,fs-on,27,6300672,0.43,0.022
fs-on-s27,fs-on,27,6331392,0.48,0.033
fs-on-s27,fs-on,27,6362112,0.52,0.019
fs-on-s27,fs-on,27,6392832,0.52,0.041
fs-on-s27,fs-on,27,6423552,0.49,0.03
fs-on-s27,fs-on,27,6454272,0.57,0.018
fs-on-s27,fs-on,27,6484992,0.52,0.032
fs-on-s27,fs-on,27,6515712,0.49,0.032
fs-on-s27,fs-on,27,6546432,0.44,0.032
fs-on-s27,fs-on,27,6577152,0.52,0.032
fs-on-s27,fs-on,27,6607872,0.46,0.032
fs-on-s27,fs-on,27,6638592,0.54,0.032
fs-on-s27,fs-on,27,6669312,0.42,0.043
fs-on-s27,fs-on,27,6700032,0.44,0.041
fs-on-s27,fs-on,27,6730752,0.45,0.041
fs-on-s27,fs-on,27,6761472,0.59,0.018
fs-on-s27,fs-on,27,6792192,0.61,0.031
fs-on-s27,fs-on,27,6822912,0.45,0.042
fs-on-s27,fs-on,27,6853632,0.52,0.042
fs-on-s27,fs-on,27,6884352,0.45,0.042
fs-on-s27,fs-on,27,6915072,0.55,0.044
fs-on-s27,fs-on,27,6945792,0.43,0.044
fs-on-s27,fs-on,27,6976512,0.56,0.044
fs-on-s27,fs-on,27,7007232,0.62,0.044
fs-on-s27,fs-on,27,7037952,0.48,0.056
fs-on-s27,fs-on,27,7068672,0.48,0.056
fs-on-s27,fs-on,27,7099392,0.52,0.056
fs-on-s27,fs-on,27,7130112,0.52,0.044
fs-on-s27,fs-on,27,7160832,0.52,0.033
fs-on-s27,fs-on,27,7191552,0.58,0.045
fs-on-s27,fs-on,27,7222272,0.49,0.045
fs-on-s27,fs-on,27,7252992,0.62,0.045
fs-on-s27,fs-on,27,7283712,0.58,0.07
fs-on-s27,fs-on,27,7314432,0.5,0.07
fs-on-s27,fs-on,27,7345152,0.5,0.059
fs-on-s27,fs-on,27,7375872,0.57,0.043
fs-on-s27,fs-on,27,7406592,0.49,0.056
fs-on-s27,fs-on,27,7437312,0.48,0.073
fs-on-s27,fs-on,27,7468032,0.45,0.073
fs-on-s27,fs-on,27,7498752,0.43,0.059
fs-on-s27,fs-on,27,7529472,0.54,0.059
fs-on-s27,fs-on,27,7560192,0.41,0.063
fs-on-s27,fs-on,27,7590912,0.46,0.074
fs-on-s27,fs-on,27,7621632,0.5,0.061
fs-on-s27,fs-on,27,7652352,0.52,0.061
fs-on-s27,fs-on,27,7683072,0.52,0.049
fs-on-s27,fs-on,27,7713792,0.55,0.049
fs-on-s27,fs-on,27,7744512,0.54,0.063
fs-on-s27,fs-on,27,7775232,0.44,0.079
fs-on-s27,fs-on,27,7805952,0.42,0.079
fs-on-s27,fs-on,27,7836672,0.4,0.079
fs-on-s27,fs-on,27,7867392,0.46,0.067
fs-on-s27,fs-on,27,7898112,0.53,0.056
fs-on-s27,fs-on,27,7928832,0.49,0.056
fs-on-s27,fs-on,27,7959552,0.48,0.07
fs-on-s27,fs-on,27,7990272,0.47,0.07
fs-on-s27,fs-on,27,8020992,0.51,0.07
fs-on-s27,fs-on,27,8051712,0.46,0.07
fs-on-s27,fs-on,27,8082432,0.54,0.07
fs-on-s27,fs-on,27,8113152,0.44,0.07
fs-on-s27,fs-on,27,8143872,0.54,0.07
fs-on-s27,fs-on,27,8174592,0.57,0.058
fs-on-s27,fs-on,27,8205312,0.42,0.058
fs-on-s27,fs-on,27,8236032,0.56,0.058
fs-on-s27,fs-on,27,8266752,0.47,0.072
fs-on-s27,fs-on,27,8297472,0.58,0.072
fs-on-s27,fs-on,27,8328192,0.53,0.072
fs-on-s27,fs-on,27,8358912,0.52,0.072
fs-on-s27,fs-on,27,8389632,0.48,0.058
fs-on-s27,fs-on,27,8420352,0.47,0.058
fs-on-s27,fs-on,27,8451072,0.57,0.058
fs-on-s27,fs-on,27,8481792,0.46,0.058
fs-on-s27,fs-on,27,8512512,0.5,0.058
fs-on-s27,fs-on,27,8543232,0.53,0.058
fs-on-s27,fs-on,27,8573952,0.58,0.069
fs-on-s27,fs-on,27,8604672,0.65,0.069
fs-on-s27,fs-on,27,8635392,0.44,0.073
fs-on-s27,fs-on,27,8666112,0.42,0.073
fs-on-s27,fs-on,27,8696832,0.64,0.059
fs-on-s27,fs-on,27,8727552,0.46,0.073
fs-on-s27,fs-on,27,8758272,0.42,0.073
fs-on-s27,fs-on,27,8788992,0.38,0.073
fs-on-s27,fs-on,27,8819712,0.55,0.074
fs-on-s27,fs-on,27,8850432,0.52,0.072
fs-on-s27,fs-on,27,8881152,0.54,0.084
fs-on-s27,fs-on,27,8911872,0.54,0.084
fs-on-s27,fs-on,27,8942592,0.49,0.084
fs-on-s27,fs-on,27,8973312,0.51,0.084
fs-on-s27,fs-on,27,9004032,0.4,0.084
fs-on-s27,fs-on,27,9034752,0.36,0.073
fs-on-s27,fs-on,27,9065472,0.64,0.059
fs-on-s27,fs-on,27,9096192,0.47,0.073
fs-on-s27,fs-on,27,9126912,0.48,0.073
fs-on-s27,fs-on,27,9157632,0.59,0.073
fs-on-s27,fs-on,27,9188352,0.6,0.073
fs-on-s27,fs-on,27,9219072,0.52,0.073
fs-on-s27,fs-on,27,9249792,0.45,0.087
fs-on-s27,fs-on,27,9280512,0.48,0.076
fs-on-s27,fs-on,27,9311232,0.48,0.087
fs-on-s27,fs-on,27,9341952,0.41,0.098
fs-on-s27,fs-on,27,9372672,0.43,0.098
fs-on-s27,fs-on,27,9403392,0.5,0.087
fs-on-s27,fs-on,27,9434112,0.48,0.098
fs-on-s27,fs-on,27,9464832,0.4,0.086
fs-on-s27,fs-on,27,9495552,0.51,0.086
fs-on-s27,fs-on,27,9526272,0.53,0.086
fs-on-s27,fs-on,27,9556992,0.54,0.086
fs-on-s27,fs-on,27,9587712,0.52,0.086
fs-on-s27,fs-on,27,9618432,0.51,0.086
fs-on-s27,fs-on,27,9649152,0.57,0.097
fs-on-s27,fs-on,27,9679872,0.49,0.097
fs-on-s27,fs-on,27,9710592,0.46,0.097
fs-on-s27,fs-on,27,9741312,0.46,0.108
fs-on-s27,fs-on,27,9772032,0.52,0.108
fs-on-s27,fs-on,27,9802752,0.53,0.107
fs-on-s27,fs-on,27,9833472,0.45,0.107
fs-on-s27,fs-on,27,9864192,0.43,0.107
fs-on-s27,fs-on,27,9894912,0.49,0.107
fs-on-s27,fs-on,27,9925632,0.45,0.107
fs-on-s27,fs-on,27,9956352,0.45,0.107
fs-on-s27,fs-on,27,9987072,0.45,0.107
fs-on-s27,fs-on,27,10017792,0.49,0.107
fs-on-s27,fs-on,27,10048512,0.52,0.094
fs-on-s27,fs-on,27,10079232,0.58,0.107
fs-on-s27,fs-on,27,10109952,0.52,0.107
fs-on-s27,fs-on,27,10140672,0.48,0.107
fs-on-s27,fs-on,27,10171392,0.46,0.107
fs-on-s27,fs-on,27,10202112,0.49,0.107
fs-on-s27,fs-on,27,10232832,0.59,0.107
fs-on-s27,fs-on,27,10263552,0.44,0.107
fs-on-s27,fs-on,27,10294272,0.46,0.118
fs-on-s27,fs-on,27,10324992,0.52,0.118
fs-on-s27,fs-on,27,10355712,0.46,0.103
fs-on-s27,fs-on,27,10386432,0.51,0.115
fs-on-s27,fs-on,27,10417152,0.45,0.102
fs-on-s27,fs-on,27,10447872,0.45,0.091
fs-on-s27,fs-on,27,10478592,0.53,0.091
fs-on-s27,fs-on,27,10509312,0.48,0.091
fs-on-s27,fs-on,27,10540032,0.47,0.095
fs-on-s27,fs-on,27,10570752,0.53,0.099
fs-on-s27,fs-on,27,10601472,0.51,0.099
fs-on-s27,fs-on,27,10632192,0.51,0.099
fs-on-s27,fs-on,27,10662912,0.56,0.099
fs-on-s27,fs-on,27,10693632,0.55,0.088
fs-on-s27,fs-on,27,10724352,0.5,0.099
fs-on-s27,fs-on,27,10755072,0.54,0.11
fs-on-s27,fs-on,27,10785792,0.51,0.11
fs-on-s27,fs-on,27,10816512,0.47,0.11
fs-on-s27,fs-on,27,10847232,0.45,0.11
fs-on-s27,fs-on,27,10877952,0.48,0.11
fs-on-s27,fs-on,27,10908672,0.54,0.099
fs-on-s27,fs-on,27,10939392,0.44,0.11
fs-on-s27,fs-on,27,10970112,0.49,0.11
fs-on-s27,fs-on,27,11000832,0.55,0.11
fs-on-s27,fs-on,27,11031552,0.45,0.11
fs-on-s27,fs-on,27,11062272,0.53,0.11
fs-on-s27,fs-on,27,11092992,0.54,0.11
fs-on-s27,fs-on,27,11123712,0.53,0.11
fs-on-s27,fs-on,27,11154432,0.62,0.11
fs-on-s27,fs-on,27,11185152,0.39,0.122
fs-on-s27,fs-on,27,11215872,0.57,0.111
fs-on-s27,fs-on,27,11246592,0.52,0.111
fs-on-s27,fs-on,27,11277312,0.41,0.111
fs-on-s27,fs-on,27,11308032,0.54,0.111
fs-on-s27,fs-on,27,11338752,0.52,0.111
fs-on-s27,fs-on,27,11369472,0.55,0.111
fs-on-s27,fs-on,27,11400192,0.57,0.111
fs-on-s27,fs-on,27,11430912,0.54,0.1
fs-on-s27,fs-on,27,11461632,0.52,0.111
fs-on-s27,fs-on,27,11492352,0.56,0.122
fs-on-s27,fs-on,27,11523072,0.46,0.122
fs-on-s27,fs-on,27,11553792,0.54,0.122
fs-on-s27,fs-on,27,11584512,0.52,0.104
fs-on-s27,fs-on,27,11615232,0.53,0.115
fs-on-s27,fs-on,27,11645952,0.45,0.129
fs-on-s27,fs-on,27,11676672,0.54,0.129
fs-on-s27,fs-on,27,11707392,0.51,0.129
fs-on-s27,fs-on,27,11738112,0.46,0.129
fs-on-s27,fs-on,27,11768832,0.6,0.126
fs-on-s27,fs-on,27,11799552,0.54,0.113
fs-on-s27,fs-on,27,11830272,0.49,0.124
fs-on-s27,fs-on,27,11860992,0.58,0.124
fs-on-s27,fs-on,27,11891712,0.56,0.124
fs-on-s27,fs-on,27,11922432,0.48,0.124
fs-on-s27,fs-on,27,11953152,0.5,0.124
fs-on-s27,fs-on,27,11983872,0.48,0.136
fs-on-s27,fs-on,27,12014592,0.5,0.136
fs-on-s27,fs-on,27,12045312,0.37,0.136
fs-on-s27,fs-on,27,12076032,0.48,0.123
fs-on-s27,fs-on,27,12106752,0.45,0.123
fs-on-s27,fs-on,27,12137472,0.58,0.123
fs-on-s27,fs-on,27,12168192,0.54,0.123
fs-on-s27,fs-on,27,12198912,0.53,0.123
fs-on-s27,fs-on,27,12229632,0.51,0.123
fs-on-s27,fs-on,27,12260352,0.44,0.139
fs-on-s27,fs-on,27,12291072,0.54,0.139
fs-on-s27,fs-on,27,12321792,0.42,0.15
fs-on-s27,fs-on,27,12352512,0.42,0.15
fs-on-s27,fs-on,27,12383232,0.46,0.138
fs-on-s27,fs-on,27,12413952,0.54,0.15
fs-on-s27,fs-on,27,12444672,0.52,0.15
fs-on-s27,fs-on,27,12475392,0.49,0.138
fs-on-s27,fs-on,27,12506112,0.49,0.138
fs-on-s27,fs-on,27,12536832,0.56,0.138
fs-on-s27,fs-on,27,12567552,0.47,0.138
fs-on-s27,fs-on,27,12598272,0.5,0.138
fs-on-s27,fs-on,27,12628992,0.52,0.138
fs-on-s27,fs-on,27,12659712,0.52,0.149
fs-on-s27,fs-on,27,12690432,0.51,0.162
fs-on-s27,fs-on,27,12721152,0.5,0.162
fs-on-s27,fs-on,27,12751872,0.48,0.162
fs-on-s27,fs-on,27,12782592,0.47,0.162
fs-on-s27,fs-on,27,12813312,0.46,0.162
fs-on-s27,fs-on,27,12844032,0.49,0.162
fs-on-s27,fs-on,27,12874752,0.45,0.162
fs-on-s27,fs-on,27,12905472,0.47,0.162
fs-on-s27,fs-on,27,12936192,0.49,0.162
fs-on-s27,fs-on,27,12966912,0.35,0.162
fs-on-s27,fs-on,27,12997632,0.56,0.135
fs-on-s27,fs-on,27,13028352,0.48,0.149
fs-on-s27,fs-on,27,13059072,0.44,0.161
fs-on-s27,fs-on,27,13089792,0.45,0.161
fs-on-s27,fs-on,27,13120512,0.56,0.161
fs-on-s27,fs-on,27,13151232,0.48,0.161
fs-on-s27,fs-on,27,13181952,0.53,0.15
fs-on-s27,fs-on,27,13212672,0.5,0.15
fs-on-s27,fs-on,27,13243392,0.5,0.161
fs-on-s27,fs-on,27,13274112,0.51,0.161
fs-on-s27,fs-on,27,13304832,0.49,0.15
fs-on-s27,fs-on,27,13335552,0.51,0.139
fs-on-s27,fs-on,27,13366272,0.48,0.128
fs-on-s27,fs-on,27,13396992,0.58,0.128
fs-on-s27,fs-on,27,13427712,0.46,0.141
fs-on-s27,fs-on,27,13458432,0.47,0.152
fs-on-s27,fs-on,27,13489152,0.59,0.163
fs-on-s27,fs-on,27,13519872,0.52,0.147
fs-on-s27,fs-on,27,13550592,0.49,0.16
fs-on-s27,fs-on,27,13581312,0.48,0.16
fs-on-s27,fs-on,27,13612032,0.41,0.16
fs-on-s27,fs-on,27,13642752,0.52,0.16
fs-on-s27,fs-on,27,13673472,0.42,0.16
fs-on-s27,fs-on,27,13704192,0.41,0.16
fs-on-s27,fs-on,27,13734912,0.5,0.158
fs-on-s27,fs-on,27,13765632,0.44,0.158
fs-on-s27,fs-on,27,13796352,0.51,0.158
fs-on-s27,fs-on,27,13827072,0.42,0.158
fs-on-s27,fs-on,27,13857792,0.53,0.146
fs-on-s27,fs-on,27,13888512,0.54,0.157
fs-on-s27,fs-on,27,13919232,0.54,0.157
fs-on-s27,fs-on,27,13949952,0.42,0.168
fs-on-s27,fs-on,27,13980672,0.52,0.168
fs-on-s27,fs-on,27,14011392,0.5,0.168
fs-on-s27,fs-on,27,14042112,0.52,0.18
fs-on-s27,fs-on,27,14072832,0.52,0.168
fs-on-s27,fs-on,27,14103552,0.56,0.179
fs-on-s27,fs-on,27,14134272,0.4,0.19
fs-on-s27,fs-on,27,14164992,0.6,0.19
fs-on-s27,fs-on,27,14195712,0.46,0.19
fs-on-s27,fs-on,27,14226432,0.46,0.19
fs-on-s27,fs-on,27,14257152,0.45,0.178
fs-on-s27,fs-on,27,14287872,0.48,0.167
fs-on-s27,fs-on,27,14318592,0.48,0.178
fs-on-s27,fs-on,27,14349312,0.55,0.178
fs-on-s27,fs-on,27,14380032,0.54,0.178
fs-on-s27,fs-on,27,14410752,0.56,0.189
fs-on-s27,fs-on,27,14441472,0.52,0.189
fs-on-s27,fs-on,27,14472192,0.45,0.189
fs-on-s27,fs-on,27,14502912,0.44,0.189
fs-on-s27,fs-on,27,14533632,0.5,0.205
fs-on-s27,fs-on,27,14564352,0.51,0.205
fs-on-s27,fs-on,27,14595072,0.49,0.205
fs-on-s27,fs-on,27,14625792,0.42,0.205
fs-on-s27,fs-on,27,14656512,0.46,0.205
fs-on-s27,fs-on,27,14687232,0.56,0.194
fs-on-s27,fs-on,27,14717952,0.42,0.194
fs-on-s27,fs-on,27,14748672,0.43,0.194
fs-on-s27,fs-on,27,14779392,0.45,0.194
fs-on-s27,fs-on,27,14810112,0.54,0.19
fs-on-s27,fs-on,27,14840832,0.48,0.19
fs-on-s27,fs-on,27,14871552,0.47,0.19
fs-on-s27,fs-on,27,14902272,0.47,0.179
fs-on-s27,fs-on,27,14932992,0.55,0.179
fs-on-s27,fs-on,27,14963712,0.44,0.178
fs-on-s27,fs-on,27,14994432,0.42,0.178
fs-on-s27,fs-on,27,14997504,0.51,0.178
fs-on-s28,fs-on,28,3072,0.01,-1.0
fs-on-s28,fs-on,28,33792,0.0,-1.0
fs-on-s28,fs-on,28,64512,0.01,-1.0
fs-on-s28,fs-on,28,95232,0.04,-1.0
fs-on-s28,fs-on,28,125952,0.04,-1.0
fs-on-s28,fs-on,28,156672,0.04,-1.0
fs-on-s28,fs-on,28,187392,0.03,-1.0
fs-on-s28,fs-on,28,218112,0.02,-1.0
fs-on-s28,fs-on,28,248832,0.08,-1.0
fs-on-s28,fs-on,28,279552,0.05,-1.0
fs-on-s28,fs-on,28,310272,0.02,-1.0
fs-on-s28,fs-on,28,340992,0.06,-1.0
fs-on-s28,fs-on,28,371712,0.1,-1.0
fs-on-s28,fs-on,28,402432,0.09,-1.0
fs-on-s28,fs-on,28,433152,0.08,-1.0
fs-on-s28,fs-on,28,463872,0.04,-1.0
fs-on-s28,fs-on,28,494592,0.08,-1.0
fs-on-s28,fs-on,28,525312,0.05,-1.0
fs-on-s28,fs-on,28,556032,0.07,-1.0
fs-on-s28,fs-on,28,586752,0.05,-1.0
fs-on-s28,fs-on,28,617472,0.08,-1.0
fs-on-s28,fs-on,28,648192,0.1,-1.0
fs-on-s28,fs-on,28,678912,0.13,-1.0
fs-on-s28,fs-on,28,709632,0.07,-1.0
fs-on-s28,fs-on,28,740352,0.06,-1.0
fs-on-s28,fs-on,28,771072,0.07,-1.0
fs-on-s28,fs-on,28,801792,0.06,-1.0
fs-on-s28,fs-on,28,832512,0.06,-1.0
fs-on-s28,fs-on,28,863232,0.13,-1.0
fs-on-s28,fs-on,28,893952,0.08,-1.0
fs-on-s28,fs-on,28,924672,0.09,-1.0
fs-on-s28,fs-on,28,955392,0.18,-1.0
fs-on-s28,fs-on,28,986112,0.15,-1.0
fs-on-s28,fs-on,28,1016832,0.11,-1.0
fs-on-s28,fs-on,28,1047552,0.09,-1.0
fs-on-s28,fs-on,28,1078272,0.14,-1.0
fs-on-s28,fs-on,28,1108992,0.11,-1.0
fs-on-s28,fs-on,28,1139712,0.1,-1.0
fs-on-s28,fs-on,28,1170432,0.08,-1.0
fs-on-s28,fs-on,28,1201152,0.1,-1.0
fs-on-s28,fs-on,28,1231872,0.1,-1.0
fs-on-s28,fs-on,28,1262592,0.13,-1.0
fs-on-s28,fs-on,28,1293312,0.1,-1.0
fs-on-s28,fs-on,28,1324032,0.08,-1.0
fs-on-s28,fs-on,28,1354752,0.09,-1.0
fs-on-s28,fs-on,28,1385472,0.07,-1.0
fs-on-s28,fs-on,28,1416192,0.14,-1.0
fs-on-s28,fs-on,28,1446912,0.14,-1.0
fs-on-s28,fs-on,28,1477632,0.13,-1.0
fs-on-s28,fs-on,28,1508352,0.18,-1.0
fs-on-s28,fs-on,28,1539072,0.18,-1.0
fs-on-s28,fs-on,28,1569792,0.18,-1.0
fs-on-s28,fs-on,28,1600512,0.1,-1.0
fs-on-s28,fs-on,28,1631232,0.13,-1.0
fs-on-s28,fs-on,28,1661952,0.23,-1.0
fs-on-s28,fs-on,28,1692672,0.12,-1.0
fs-on-s28,fs-on,28,1723392,0.19,-1.0
fs-on-s28,fs-on,28,1754112,0.16,-1.0
fs-on-s28,fs-on,28,1784832,0.15,-1.0
fs-on-s28,fs-on,28,1815552,0.24,-1.0
fs-on-s28,fs-on,28,1846272,0.14,-1.0
fs-on-s28,fs-on,28,1876992,0.18,-1.0
fs-on-s28,fs-on,28,1907712,0.23,-1.0
fs-on-s28,fs-on,28,1938432,0.25,-1.0
fs-on-s28,fs-on,28,1969152,0.18,-1.0
fs-on-s28,fs-on,28,1999872,0.18,-1.0
fs-on-s28,fs-on,28,2030592,0.22,-1.0
fs-on-s28,fs-on,28,2061312,0.19,-1.0
fs-on-s28,fs-on,28,2092032,0.19,-1.0
fs-on-s28,fs-on,28,2122752,0.26,-1.0
fs-on-s28,fs-on,28,2153472,0.24,-1.0
fs-on-s28,fs-on,28,2184192,0.21,-1.0
fs-on-s28,fs-on,28,2214912,0.2,-1.0
fs-on-s28,fs-on,28,2245632,0.2,-1.0
fs-on-s28,fs-on,28,2276352,0.25,-1.0
fs-on-s28,fs-on,28,2307072,0.18,-1.0
fs-on-s28,fs-on,28,2337792,0.25,-1.0
fs-on-s28,fs-on,28,2368512,0.26,-1.0
fs-on-s28,fs-on,28,2399232,0.29,-1.0
fs-on-s28,fs-on,28,2429952,0.24,-1.0
fs-on-s28,fs-on,28,2460672,0.32,-1.0
fs-on-s28,fs-on,28,2491392,0.19,-1.0
fs-on-s28,fs-on,28,2522112,0.22,-1.0
fs-on-s28,fs-on,28,2552832,0.29,-1.0
fs-on-s28,fs-on,28,2583552,0.22,-1.0
fs-on-s28,fs-on,28,2614272,0.35,-1.0
fs-on-s28,fs-on,28,2644992,0.27,-1.0
fs-on-s28,fs-on,28,2675712,0.22,-1.0
fs-on-s28,fs-on,28,2706432,0.28,-1.0
fs-on-s28,fs-on,28,2737152,0.23,-1.0
fs-on-s28,fs-on,28,2767872,0.29,-1.0
fs-on-s28,fs-on,28,2798592,0.26,-1.0
fs-on-s28,fs-on,28,2829312,0.42,-1.0
fs-on-s28,fs-on,28,2860032,0.3,-1.0
fs-on-s28,fs-on,28,2890752,0.32,-1.0
fs-on-s28,fs-on,28,2921472,0.32,-1.0
fs-on-s28,fs-on,28,2952192,0.32,-1.0
fs-on-s28,fs-on,28,2982912,0.36,-1.0
fs-on-s28,fs-on,28,3013632,0.38,-1.0
fs-on-s28,fs-on,28,3044352,0.38,-1.0
fs-on-s28,fs-on,28,3075072,0.4,-1.0
fs-on-s28,fs-on,28,3105792,0.36,-1.0
fs-on-s28,fs-on,28,3136512,0.35,-1.0
fs-on-s28,fs-on,28,3167232,0.39,-1.0
fs-on-s28,fs-on,28,3197952,0.36,-1.0
fs-on-s28,fs-on,28,3228672,0.43,-1.0
fs-on-s28,fs-on,28,3259392,0.41,-1.0
fs-on-s28,fs-on,28,3290112,0.42,-1.0
fs-on-s28,fs-on,28,3320832,0.46,-1.0
fs-on-s28,fs-on,28,3351552,0.41,-1.0
fs-on-s28,fs-on,28,3382272,0.44,-1.0
fs-on-s28,fs-on,28,3412992,0.46,-1.0
fs-on-s28,fs-on,28,3443712,0.46,-1.0
fs-on-s28,fs-on,28,3474432,0.39,-1.0
fs-on-s28,fs-on,28,3505152,0.42,-1.0
fs-on-s28,fs-on,28,3535872,0.51,-1.0
fs-on-s28,fs-on,28,3566592,0.41,-1.0
fs-on-s28,fs-on,28,3597312,0.33,-1.0
fs-on-s28,fs-on,28,3628032,0.5,-1.0
fs-on-s28,fs-on,28,3658752,0.51,-1.0
fs-on-s28,fs-on,28,3689472,0.48,-1.0
fs-on-s28,fs-on,28,3720192,0.54,-1.0
fs-on-s28,fs-on,28,3750912,0.57,-1.0
fs-on-s28,fs-on,28,3781632,0.5,-1.0
fs-on-s28,fs-on,28,3812352,0.52,-1.0
fs-on-s28,fs-on,28,3843072,0.55,-1.0
fs-on-s28,fs-on,28,3873792,0.47,-0.987
fs-on-s28,fs-on,28,3904512,0.52,-0.987
fs-on-s28,fs-on,28,3935232,0.42,-0.987
fs-on-s28,fs-on,28,3965952,0.48,-0.987
fs-on-s28,fs-on,28,3996672,0.57,-0.987
fs-on-s28,fs-on,28,4027392,0.63,-0.987
fs-on-s28,fs-on,28,4058112,0.57,-0.963
fs-on-s28,fs-on,28,4088832,0.53,-0.963
fs-on-s28,fs-on,28,4119552,0.53,-0.948
fs-on-s28,fs-on,28,4150272,0.57,-0.948
fs-on-s28,fs-on,28,4180992,0.49,-0.921
fs-on-s28,fs-on,28,4211712,0.58,-0.91
fs-on-s28,fs-on,28,4242432,0.47,-0.869
fs-on-s28,fs-on,28,4273152,0.56,-0.857
fs-on-s28,fs-on,28,4303872,0.53,-0.829
fs-on-s28,fs-on,28,4334592,0.48,-0.805
fs-on-s28,fs-on,28,4365312,0.56,-0.794
fs-on-s28,fs-on,28,4396032,0.54,-0.771
fs-on-s28,fs-on,28,4426752,0.51,-0.758
fs-on-s28,fs-on,28,4457472,0.48,-0.712
fs-on-s28,fs-on,28,4488192,0.48,-0.699
fs-on-s28,fs-on,28,4518912,0.5,-0.699
fs-on-s28,fs-on,28,4549632,0.53,-0.699
fs-on-s28,fs-on,28,4580352,0.61,-0.686
fs-on-s28,fs-on,28,4611072,0.58,-0.675
fs-on-s28,fs-on,28,4641792,0.52,-0.663
fs-on-s28,fs-on,28,4672512,0.54,-0.638
fs-on-s28,fs-on,28,4703232,0.61,-0.638
fs-on-s28,fs-on,28,4733952,0.52,-0.579
fs-on-s28,fs-on,28,4764672,0.53,-0.579
fs-on-s28,fs-on,28,4795392,0.5,-0.565
fs-on-s28,fs-on,28,4826112,0.54,-0.541
fs-on-s28,fs-on,28,4856832,0.54,-0.528
fs-on-s28,fs-on,28,4887552,0.61,-0.515
fs-on-s28,fs-on,28,4918272,0.57,-0.489
fs-on-s28,fs-on,28,4948992,0.52,-0.478
fs-on-s28,fs-on,28,4979712,0.62,-0.439
fs-on-s28,fs-on,28,5010432,0.55,-0.427
fs-on-s28,fs-on,28,5041152,0.55,-0.427
fs-on-s28,fs-on,28,5071872,0.52,-0.383
fs-on-s28,fs-on,28,5102592,0.56,-0.383
fs-on-s28,fs-on,28,5133312,0.56,-0.383
fs-on-s28,fs-on,28,5164032,0.56,-0.359
fs-on-s28,fs-on,28,5194752,0.66,-0.329
fs-on-s28,fs-on,28,5225472,0.63,-0.302
fs-on-s28,fs-on,28,5256192,0.46,-0.277
fs-on-s28,fs-on,28,5286912,0.47,-0.248
fs-on-s28,fs-on,28,5317632,0.62,-0.223
fs-on-s28,fs-on,28,5348352,0.6,-0.2
fs-on-s28,fs-on,28,5379072,0.54,-0.2
fs-on-s28,fs-on,28,5409792,0.51,-0.162
fs-on-s28,fs-on,28,5440512,0.54,-0.147
fs-on-s28,fs-on,28,5471232,0.54,-0.11
fs-on-s28,fs-on,28,5501952,0.56,-0.071
fs-on-s28,fs-on,28,5532672,0.61,-0.037
fs-on-s28,fs-on,28,5563392,0.62,-0.012
fs-on-s28,fs-on,28,5594112,0.47,0.014
fs-on-s28,fs-on,28,5624832,0.47,0.014
fs-on-s28,fs-on,28,5655552,0.58,0.014
fs-on-s28,fs-on,28,5686272,0.48,0.025
fs-on-s28,fs-on,28,5716992,0.51,0.025
fs-on-s28,fs-on,28,5747712,0.49,0.029
fs-on-s28,fs-on,28,5778432,0.48,0.029
fs-on-s28,fs-on,28,5809152,0.49,0.029
fs-on-s28,fs-on,28,5839872,0.55,0.029
fs-on-s28,fs-on,28,5870592,0.58,0.029
fs-on-s28,fs-on,28,5901312,0.49,0.029
fs-on-s28,fs-on,28,5932032,0.57,0.029
fs-on-s28,fs-on,28,5962752,0.45,0.041
fs-on-s28,fs-on,28,5993472,0.45,0.041
fs-on-s28,fs-on,28,6024192,0.43,0.041
fs-on-s28,fs-on,28,6054912,0.34,0.041
fs-on-s28,fs-on,28,6085632,0.48,0.025
fs-on-s28,fs-on,28,6116352,0.5,0.036
fs-on-s28,fs-on,28,6147072,0.57,0.036
fs-on-s28,fs-on,28,6177792,0.56,0.024
fs-on-s28,fs-on,28,6208512,0.49,0.024
fs-on-s28,fs-on,28,6239232,0.44,0.024
fs-on-s28,fs-on,28,6269952,0.48,0.024
fs-on-s28,fs-on,28,6300672,0.5,0.039
fs-on-s28,fs-on,28,6331392,0.39,0.039
fs-on-s28,fs-on,28,6362112,0.49,0.028
fs-on-s28,fs-on,28,6392832,0.59,0.027
fs-on-s28,fs-on,28,6423552,0.48,0.027
fs-on-s28,fs-on,28,6454272,0.47,0.027
fs-on-s28,fs-on,28,6484992,0.6,0.027
fs-on-s28,fs-on,28,6515712,0.55,0.027
fs-on-s28,fs-on,28,6546432,0.43,0.038
fs-on-s28,fs-on,28,6577152,0.55,0.038
fs-on-s28,fs-on,28,6607872,0.44,0.038
fs-on-s28,fs-on,28,6638592,0.55,0.038
fs-on-s28,fs-on,28,6669312,0.38,0.055
fs-on-s28,fs-on,28,6700032,0.53,0.057
fs-on-s28,fs-on,28,6730752,0.56,0.057
fs-on-s28,fs-on,28,6761472,0.48,0.044
fs-on-s28,fs-on,28,6792192,0.49,0.044
fs-on-s28,fs-on,28,6822912,0.52,0.057
fs-on-s28,fs-on,28,6853632,0.49,0.042
fs-on-s28,fs-on,28,6884352,0.44,0.054
fs-on-s28,fs-on,28,6915072,0.5,0.054
fs-on-s28,fs-on,28,6945792,0.56,0.042
fs-on-s28,fs-on,28,6976512,0.57,0.031
fs-on-s28,fs-on,28,7007232,0.55,0.043
fs-on-s28,fs-on,28,7037952,0.49,0.043
fs-on-s28,fs-on,28,7068672,0.54,0.043
fs-on-s28,fs-on,28,7099392,0.53,0.043
fs-on-s28,fs-on,28,7130112,0.45,0.043
fs-on-s28,fs-on,28,7160832,0.55,0.03
fs-on-s28,fs-on,28,7191552,0.45,0.043
fs-on-s28,fs-on,28,7222272,0.47,0.054
fs-on-s28,fs-on,28,7252992,0.46,0.065
fs-on-s28,fs-on,28,7283712,0.44,0.065
fs-on-s28,fs-on,28,7314432,0.45,0.065
fs-on-s28,fs-on,28,7345152,0.54,0.065
fs-on-s28,fs-on,28,7375872,0.51,0.054
fs-on-s28,fs-on,28,7406592,0.5,0.054
fs-on-s28,fs-on,28,7437312,0.57,0.054
fs-on-s28,fs-on,28,7468032,0.42,0.067
fs-on-s28,fs-on,28,7498752,0.44,0.067
fs-on-s28,fs-on,28,7529472,0.49,0.055
fs-on-s28,fs-on,28,7560192,0.58,0.055
fs-on-s28,fs-on,28,7590912,0.56,0.055
fs-on-s28,fs-on,28,7621632,0.49,0.055
fs-on-s28,fs-on,28,7652352,0.31,0.055
fs-on-s28,fs-on,28,7683072,0.43,0.036
fs-on-s28,fs-on,28,7713792,0.6,0.036
fs-on-s28,fs-on,28,7744512,0.5,0.05
fs-on-s28,fs-on,28,7775232,0.49,0.05
fs-on-s28,fs-on,28,7805952,0.48,0.061
fs-on-s28,fs-on,28,7836672,0.47,0.056
fs-on-s28,fs-on,28,7867392,0.55,0.056
fs-on-s28,fs-on,28,7898112,0.54,0.042
fs-on-s28,fs-on,28,7928832,0.45,0.055
fs-on-s28,fs-on,28,7959552,0.47,0.055
fs-on-s28,fs-on,28,7990272,0.42,0.068
fs-on-s28,fs-on,28,8020992,0.55,0.068
fs-on-s28,fs-on,28,8051712,0.48,0.069
fs-on-s28,fs-on,28,8082432,0.53,0.058
fs-on-s28,fs-on,28,8113152,0.52,0.058
fs-on-s28,fs-on,28,8143872,0.41,0.058
fs-on-s28,fs-on,28,8174592,0.51,0.058
fs-on-s28,fs-on,28,8205312,0.49,0.058
fs-on-s28,fs-on,28,8236032,0.53,0.058
fs-on-s28,fs-on,28,8266752,0.46,0.058
fs-on-s28,fs-on,28,8297472,0.49,0.058
fs-on-s28,fs-on,28,8328192,0.47,0.058
fs-on-s28,fs-on,28,8358912,0.53,0.058
fs-on-s28,fs-on,28,8389632,0.49,0.058
fs-on-s28,fs-on,28,8420352,0.53,0.058
fs-on-s28,fs-on,28,8451072,0.51,0.07
fs-on-s28,fs-on,28,8481792,0.47,0.07
fs-on-s28,fs-on,28,8512512,0.57,0.07
fs-on-s28,fs-on,28,8543232,0.43,0.07
fs-on-s28,fs-on,28,8573952,0.57,0.07
fs-on-s28,fs-on,28,8604672,0.48,0.07
fs-on-s28,fs-on,28,8635392,0.56,0.07
fs-on-s28,fs-on,28,8666112,0.42,0.07
fs-on-s28,fs-on,28,8696832,0.52,0.056
fs-on-s28,fs-on,28,8727552,0.53,0.094
fs-on-s28,fs-on,28,8758272,0.49,0.083
fs-on-s28,fs-on,28,8788992,0.41,0.083
fs-on-s28,fs-on,28,8819712,0.51,0.083
fs-on-s28,fs-on,28,8850432,0.39,0.083
fs-on-s28,fs-on,28,8881152,0.44,0.072
fs-on-s28,fs-on,28,8911872,0.52,0.072
fs-on-s28,fs-on,28,8942592,0.49,0.072
fs-on-s28,fs-on,28,8973312,0.49,0.072
fs-on-s28,fs-on,28,9004032,0.54,0.072
fs-on-s28,fs-on,28,9034752,0.57,0.072
fs-on-s28,fs-on,28,9065472,0.48,0.072
fs-on-s28,fs-on,28,9096192,0.49,0.061
fs-on-s28,fs-on,28,9126912,0.6,0.061
fs-on-s28,fs-on,28,9157632,0.39,0.091
fs-on-s28,fs-on,28,9188352,0.56,0.08
fs-on-s28,fs-on,28,9219072,0.51,0.08
fs-on-s28,fs-on,28,9249792,0.63,0.066
fs-on-s28,fs-on,28,9280512,0.45,0.079
fs-on-s28,fs-on,28,9311232,0.48,0.091
fs-on-s28,fs-on,28,9341952,0.5,0.091
fs-on-s28,fs-on,28,9372672,0.49,0.091
fs-on-s28,fs-on,28,9403392,0.59,0.091
fs-on-s28,fs-on,28,9434112,0.5,0.08
fs-on-s28,fs-on,28,9464832,0.55,0.08
fs-on-s28,fs-on,28,9495552,0.59,0.08
fs-on-s28,fs-on,28,9526272,0.56,0.08
fs-on-s28,fs-on,28,9556992,0.49,0.08
fs-on-s28,fs-on,28,9587712,0.41,0.094
fs-on-s28,fs-on,28,9618432,0.49,0.094
fs-on-s28,fs-on,28,9649152,0.51,0.082
fs-on-s28,fs-on,28,9679872,0.54,0.082
fs-on-s28,fs-on,28,9710592,0.53,0.082
fs-on-s28,fs-on,28,9741312,0.53,0.082
fs-on-s28,fs-on,28,9772032,0.51,0.085
fs-on-s28,fs-on,28,9802752,0.46,0.097
fs-on-s28,fs-on,28,9833472,0.54,0.097
fs-on-s28,fs-on,28,9864192,0.5,0.097
fs-on-s28,fs-on,28,9894912,0.52,0.086
fs-on-s28,fs-on,28,9925632,0.54,0.086
fs-on-s28,fs-on,28,9956352,0.52,0.099
fs-on-s28,fs-on,28,9987072,0.49,0.099
fs-on-s28,fs-on,28,10017792,0.5,0.099
fs-on-s28,fs-on,28,10048512,0.48,0.082
fs-on-s28,fs-on,28,10079232,0.45,0.093
fs-on-s28,fs-on,28,10109952,0.45,0.093
fs-on-s28,fs-on,28,10140672,0.46,0.093
fs-on-s28,fs-on,28,10171392,0.48,0.081
fs-on-s28,fs-on,28,10202112,0.51,0.081
fs-on-s28,fs-on,28,10232832,0.53,0.081
fs-on-s28,fs-on,28,10263552,0.55,0.093
fs-on-s28,fs-on,28,10294272,0.43,0.093
fs-on-s28,fs-on,28,10324992,0.57,0.093
fs-on-s28,fs-on,28,10355712,0.4,0.112
fs-on-s28,fs-on,28,10386432,0.48,0.112
fs-on-s28,fs-on,28,10417152,0.58,0.112
fs-on-s28,fs-on,28,10447872,0.53,0.112
fs-on-s28,fs-on,28,10478592,0.5,0.112
fs-on-s28,fs-on,28,10509312,0.46,0.1
fs-on-s28,fs-on,28,10540032,0.57,0.1
fs-on-s28,fs-on,28,10570752,0.57,0.1
fs-on-s28,fs-on,28,10601472,0.47,0.111
fs-on-s28,fs-on,28,10632192,0.51,0.099
fs-on-s28,fs-on,28,10662912,0.6,0.099
fs-on-s28,fs-on,28,10693632,0.54,0.099
fs-on-s28,fs-on,28,10724352,0.47,0.099
fs-on-s28,fs-on,28,10755072,0.48,0.099
fs-on-s28,fs-on,28,10785792,0.46,0.099
fs-on-s28,fs-on,28,10816512,0.56,0.099
fs-on-s28,fs-on,28,10847232,0.44,0.099
fs-on-s28,fs-on,28,10877952,0.4,0.099
fs-on-s28,fs-on,28,10908672,0.59,0.099
fs-on-s28,fs-on,28,10939392,0.5,0.099
fs-on-s28,fs-on,28,10970112,0.48,0.099
fs-on-s28,fs-on,28,11000832,0.5,0.099
fs-on-s28,fs-on,28,11031552,0.45,0.099
fs-on-s28,fs-on,28,11062272,0.55,0.099
fs-on-s28,fs-on,28,11092992,0.48,0.113
fs-on-s28,fs-on,28,11123712,0.47,0.102
fs-on-s28,fs-on,28,11154432,0.55,0.102
fs-on-s28,fs-on,28,11185152,0.54,0.102
fs-on-s28,fs-on,28,11215872,0.57,0.115
fs-on-s28,fs-on,28,11246592,0.45,0.115
fs-on-s28,fs-on,28,11277312,0.46,0.1
fs-on-s28,fs-on,28,11308032,0.46,0.1
fs-on-s28,fs-on,28,11338752,0.52,0.1
fs-on-s28,fs-on,28,11369472,0.46,0.1
fs-on-s28,fs-on,28,11400192,0.5,0.1
fs-on-s28,fs-on,28,11430912,0.54,0.111
fs-on-s28,fs-on,28,11461632,0.47,0.122
fs-on-s28,fs-on,28,11492352,0.47,0.122
fs-on-s28,fs-on,28,11523072,0.46,0.122
fs-on-s28,fs-on,28,11553792,0.5,0.122
fs-on-s28,fs-on,28,11584512,0.52,0.122
fs-on-s28,fs-on,28,11615232,0.51,0.122
fs-on-s28,fs-on,28,11645952,0.48,0.122
fs-on-s28,fs-on,28,11676672,0.48,0.122
fs-on-s28,fs-on,28,11707392,0.57,0.105
fs-on-s28,fs-on,28,11738112,0.57,0.105
fs-on-s28,fs-on,28,11768832,0.54,0.105
fs-on-s28,fs-on,28,11799552,0.54,0.105
fs-on-s28,fs-on,28,11830272,0.56,0.105
fs-on-s28,fs-on,28,11860992,0.52,0.105
fs-on-s28,fs-on,28,11891712,0.51,0.116
fs-on-s28,fs-on,28,11922432,0.5,0.116
fs-on-s28,fs-on,28,11953152,0.42,0.128
fs-on-s28,fs-on,28,11983872,0.53,0.128
fs-on-s28,fs-on,28,12014592,0.38,0.128
fs-on-s28,fs-on,28,12045312,0.55,0.116
fs-on-s28,fs-on,28,12076032,0.52,0.116
fs-on-s28,fs-on,28,12106752,0.45,0.116
fs-on-s28,fs-on,28,12137472,0.47,0.127
fs-on-s28,fs-on,28,12168192,0.4,0.14
fs-on-s28,fs-on,28,12198912,0.52,0.14
fs-on-s28,fs-on,28,12229632,0.49,0.14
fs-on-s28,fs-on,28,12260352,0.57,0.138
fs-on-s28,fs-on,28,12291072,0.49,0.138
fs-on-s28,fs-on,28,12321792,0.51,0.138
fs-on-s28,fs-on,28,12352512,0.5,0.138
fs-on-s28,fs-on,28,12383232,0.5,0.138
fs-on-s28,fs-on,28,12413952,0.54,0.138
fs-on-s28,fs-on,28,12444672,0.47,0.138
fs-on-s28,fs-on,28,12475392,0.46,0.127
fs-on-s28,fs-on,28,12506112,0.56,0.116
fs-on-s28,fs-on,28,12536832,0.5,0.138
fs-on-s28,fs-on,28,12567552,0.47,0.149
fs-on-s28,fs-on,28,12598272,0.46,0.149
fs-on-s28,fs-on,28,12628992,0.52,0.149
fs-on-s28,fs-on,28,12659712,0.55,0.144
fs-on-s28,fs-on,28,12690432,0.44,0.132
fs-on-s28,fs-on,28,12721152,0.49,0.132
fs-on-s28,fs-on,28,12751872,0.45,0.143
fs-on-s28,fs-on,28,12782592,0.56,0.143
fs-on-s28,fs-on,28,12813312,0.5,0.143
fs-on-s28,fs-on,28,12844032,0.51,0.131
fs-on-s28,fs-on,28,12874752,0.41,0.145
fs-on-s28,fs-on,28,12905472,0.51,0.145
fs-on-s28,fs-on,28,12936192,0.51,0.146
fs-on-s28,fs-on,28,12966912,0.51,0.133
fs-on-s28,fs-on,28,12997632,0.52,0.133
fs-on-s28,fs-on,28,13028352,0.51,0.133
fs-on-s28,fs-on,28,13059072,0.48,0.146
fs-on-s28,fs-on,28,13089792,0.61,0.146
fs-on-s28,fs-on,28,13120512,0.51,0.157
fs-on-s28,fs-on,28,13151232,0.51,0.146
fs-on-s28,fs-on,28,13181952,0.61,0.146
fs-on-s28,fs-on,28,13212672,0.48,0.157
fs-on-s28,fs-on,28,13243392,0.44,0.17
fs-on-s28,fs-on,28,13274112,0.47,0.17
fs-on-s28,fs-on,28,13304832,0.5,0.17
fs-on-s28,fs-on,28,13335552,0.5,0.165
fs-on-s28,fs-on,28,13366272,0.55,0.165
fs-on-s28,fs-on,28,13396992,0.42,0.165
fs-on-s28,fs-on,28,13427712,0.45,0.165
fs-on-s28,fs-on,28,13458432,0.57,0.154
fs-on-s28,fs-on,28,13489152,0.55,0.154
fs-on-s28,fs-on,28,13519872,0.51,0.154
fs-on-s28,fs-on,28,13550592,0.42,0.154
fs-on-s28,fs-on,28,13581312,0.55,0.154
fs-on-s28,fs-on,28,13612032,0.44,0.154
fs-on-s28,fs-on,28,13642752,0.56,0.18
fs-on-s28,fs-on,28,13673472,0.5,0.18
fs-on-s28,fs-on,28,13704192,0.44,0.18
fs-on-s28,fs-on,28,13734912,0.49,0.18
fs-on-s28,fs-on,28,13765632,0.5,0.18
fs-on-s28,fs-on,28,13796352,0.46,0.168
fs-on-s28,fs-on,28,13827072,0.57,0.168
fs-on-s28,fs-on,28,13857792,0.56,0.168
fs-on-s28,fs-on,28,13888512,0.59,0.168
fs-on-s28,fs-on,28,13919232,0.49,0.153
fs-on-s28,fs-on,28,13949952,0.49,0.153
fs-on-s28,fs-on,28,13980672,0.57,0.153
fs-on-s28,fs-on,28,14011392,0.56,0.153
fs-on-s28,fs-on,28,14042112,0.53,0.156
fs-on-s28,fs-on,28,14072832,0.47,0.179
fs-on-s28,fs-on,28,14103552,0.44,0.179
fs-on-s28,fs-on,28,14134272,0.53,0.179
fs-on-s28,fs-on,28,14164992,0.49,0.179
fs-on-s28,fs-on,28,14195712,0.51,0.179
fs-on-s28,fs-on,28,14226432,0.52,0.19
fs-on-s28,fs-on,28,14257152,0.43,0.177
fs-on-s28,fs-on,28,14287872,0.45,0.177
fs-on-s28,fs-on,28,14318592,0.5,0.177
fs-on-s28,fs-on,28,14349312,0.53,0.189
fs-on-s28,fs-on,28,14380032,0.48,0.189
fs-on-s28,fs-on,28,14410752,0.46,0.189
fs-on-s28,fs-on,28,14441472,0.49,0.189
fs-on-s28,fs-on,28,14472192,0.55,0.189
fs-on-s28,fs-on,28,14502912,0.46,0.189
fs-on-s28,fs-on,28,14533632,0.51,0.189
fs-on-s28,fs-on,28,14564352,0.49,0.164
fs-on-s28,fs-on,28,14595072,0.54,0.164
fs-on-s28,fs-on,28,14625792,0.58,0.164
fs-on-s28,fs-on,28,14656512,0.46,0.189
fs-on-s28,fs-on,28,14687232,0.55,0.189
fs-on-s28,fs-on,28,14717952,0.57,0.19
fs-on-s28,fs-on,28,14748672,0.48,0.19
fs-on-s28,fs-on,28,14779392,0.5,0.19
fs-on-s28,fs-on,28,14810112,0.5,0.19
fs-on-s28,fs-on,28,14840832,0.56,0.19
fs-on-s28,fs-on,28,14871552,0.57,0.19
fs-on-s28,fs-on,28,14902272,0.44,0.19
fs-on-s28,fs-on,28,14932992,0.45,0.19
fs-on-s28,fs-on,28,14963712,0.57,0.19
fs-on-s28,fs-on,28,14994432,0.46,0.203
fs-on-s28,fs-on,28,14997504,0.46,0.203
kp-030-s28,kp-030,28,4457472,0.67,-1.0
kp-030-s28,kp-030,28,4488192,0.6,-0.796
kp-030-s28,kp-030,28,4518912,0.56,-0.688
kp-030-s28,kp-030,28,4549632,0.54,-0.655
kp-030-s28,kp-030,28,4580352,0.52,-0.583
kp-030-s28,kp-030,28,4611072,0.5,-0.583
kp-030-s28,kp-030,28,4641792,0.58,-0.49
kp-030-s28,kp-030,28,4672512,0.48,-0.49
kp-030-s28,kp-030,28,4703232,0.54,-0.457
kp-030-s28,kp-030,28,4733952,0.55,-0.406
kp-030-s28,kp-030,28,4764672,0.52,-0.367
kp-030-s28,kp-030,28,4795392,0.52,-0.367
kp-030-s28,kp-030,28,4826112,0.44,-0.367
kp-030-s28,kp-030,28,4856832,0.54,-0.367
kp-030-s28,kp-030,28,4887552,0.57,-0.367
kp-030-s28,kp-030,28,4918272,0.61,-0.367
kp-030-s28,kp-030,28,4948992,0.55,-0.334
kp-030-s28,kp-030,28,4979712,0.51,-0.301
kp-030-s28,kp-030,28,5010432,0.46,-0.232
kp-030-s28,kp-030,28,5041152,0.53,-0.154
kp-030-s28,kp-030,28,5071872,0.46,-0.154
kp-030-s28,kp-030,28,5102592,0.56,-0.076
kp-030-s28,kp-030,28,5133312,0.55,-0.076
kp-030-s28,kp-030,28,5164032,0.52,-0.076
kp-030-s28,kp-030,28,5194752,0.58,-0.076
kp-030-s28,kp-030,28,5225472,0.45,-0.043
kp-030-s28,kp-030,28,5256192,0.41,0.026
kp-030-s28,kp-030,28,5286912,0.45,0.029
kp-030-s28,kp-030,28,5317632,0.54,-0.007
kp-030-s28,kp-030,28,5348352,0.42,0.029
kp-030-s28,kp-030,28,5379072,0.52,-0.016
kp-030-s28,kp-030,28,5409792,0.49,0.023
kp-030-s28,kp-030,28,5440512,0.49,0.023
kp-030-s28,kp-030,28,5471232,0.58,0.011
kp-030-s28,kp-030,28,5501952,0.49,0.011
kp-030-s28,kp-030,28,5532672,0.46,-0.025
kp-030-s28,kp-030,28,5563392,0.49,0.011
kp-030-s28,kp-030,28,5594112,0.53,0.011
kp-030-s28,kp-030,28,5624832,0.57,0.011
kp-030-s28,kp-030,28,5655552,0.45,0.053
kp-030-s28,kp-030,28,5686272,0.53,0.002
kp-030-s28,kp-030,28,5716992,0.49,0.002
kp-030-s28,kp-030,28,5747712,0.51,0.005
kp-030-s28,kp-030,28,5778432,0.51,0.047
kp-030-s28,kp-030,28,5809152,0.46,0.014
kp-030-s28,kp-030,28,5839872,0.54,0.008
kp-030-s28,kp-030,28,5870592,0.51,0.008
kp-030-s28,kp-030,28,5901312,0.38,0.044
kp-030-s28,kp-030,28,5932032,0.53,0.041
kp-030-s28,kp-030,28,5962752,0.51,0.041
kp-030-s28,kp-030,28,5993472,0.44,0.041
kp-030-s28,kp-030,28,6024192,0.5,0.038
kp-030-s28,kp-030,28,6054912,0.54,0.038
kp-030-s28,kp-030,28,6085632,0.42,0.029
kp-030-s28,kp-030,28,6116352,0.52,0.029
kp-030-s28,kp-030,28,6147072,0.47,0.029
kp-030-s28,kp-030,28,6177792,0.55,0.035
kp-030-s28,kp-030,28,6208512,0.54,0.035
kp-030-s28,kp-030,28,6239232,0.49,0.035
kp-030-s28,kp-030,28,6269952,0.33,0.071
kp-030-s28,kp-030,28,6300672,0.47,0.023
kp-030-s28,kp-030,28,6331392,0.42,0.056
kp-030-s28,kp-030,28,6362112,0.44,0.056
kp-030-s28,kp-030,28,6392832,0.55,0.014
kp-030-s28,kp-030,28,6423552,0.6,0.053
kp-030-s28,kp-030,28,6454272,0.63,0.017
kp-030-s28,kp-030,28,6484992,0.39,0.056
kp-030-s28,kp-030,28,6515712,0.54,0.023
kp-030-s28,kp-030,28,6546432,0.51,0.023
kp-030-s28,kp-030,28,6577152,0.46,0.029
kp-030-s28,kp-030,28,6607872,0.6,0.029
kp-030-s28,kp-030,28,6638592,0.43,0.071
kp-030-s28,kp-030,28,6669312,0.45,0.023
kp-030-s28,kp-030,28,6700032,0.39,0.053
kp-030-s28,kp-030,28,6730752,0.55,0.032
kp-030-s28,kp-030,28,6761472,0.51,0.056
kp-030-s28,kp-030,28,6792192,0.59,0.02
kp-030-s28,kp-030,28,6822912,0.43,0.056
kp-030-s28,kp-030,28,6853632,0.52,0.056
kp-030-s28,kp-030,28,6884352,0.44,0.056
kp-030-s28,kp-030,28,6915072,0.43,0.056
kp-030-s28,kp-030,28,6945792,0.53,0.017
kp-030-s28,kp-030,28,6976512,0.53,0.056
kp-030-s28,kp-030,28,7007232,0.56,0.023
kp-030-s28,kp-030,28,7037952,0.53,0.023
kp-030-s28,kp-030,28,7068672,0.42,0.071
kp-030-s28,kp-030,28,7099392,0.46,0.071
kp-030-s28,kp-030,28,7130112,0.51,0.038
kp-030-s28,kp-030,28,7160832,0.51,0.074
kp-030-s28,kp-030,28,7191552,0.57,0.035
kp-030-s28,kp-030,28,7222272,0.4,0.071
kp-030-s28,kp-030,28,7252992,0.54,0.071
kp-030-s28,kp-030,28,7283712,0.48,0.071
kp-030-s28,kp-030,28,7314432,0.46,0.038
kp-030-s28,kp-030,28,7345152,0.52,0.044
kp-030-s28,kp-030,28,7375872,0.51,0.044
kp-030-s28,kp-030,28,7406592,0.47,0.08
kp-030-s28,kp-030,28,7437312,0.51,0.08
kp-030-s28,kp-030,28,7468032,0.53,0.038
kp-030-s28,kp-030,28,7498752,0.4,0.077
kp-030-s28,kp-030,28,7529472,0.45,0.077
kp-030-s28,kp-030,28,7560192,0.44,0.077
kp-030-s28,kp-030,28,7590912,0.63,0.02
kp-030-s28,kp-030,28,7621632,0.42,0.059
kp-030-s28,kp-030,28,7652352,0.42,0.059
kp-030-s28,kp-030,28,7683072,0.49,0.059
kp-030-s28,kp-030,28,7713792,0.43,0.059
kp-030-s28,kp-030,28,7744512,0.47,0.062
kp-030-s28,kp-030,28,7775232,0.53,0.062
kp-030-s28,kp-030,28,7805952,0.48,0.062
kp-030-s28,kp-030,28,7836672,0.6,0.062
kp-030-s28,kp-030,28,7867392,0.53,0.062
kp-030-s28,kp-030,28,7898112,0.63,0.068
kp-030-s28,kp-030,28,7928832,0.4,0.104
kp-030-s28,kp-030,28,7959552,0.47,0.104
kp-030-s28,kp-030,28,7990272,0.48,0.062
kp-030-s28,kp-030,28,8020992,0.43,0.062
kp-030-s28,kp-030,28,8051712,0.49,0.062
kp-030-s28,kp-030,28,8082432,0.49,0.062
kp-030-s28,kp-030,28,8113152,0.33,0.095
kp-030-s28,kp-030,28,8143872,0.7,0.011
kp-030-s28,kp-030,28,8174592,0.41,0.071
kp-030-s28,kp-030,28,8205312,0.52,0.071
kp-030-s28,kp-030,28,8236032,0.5,0.071
kp-030-s28,kp-030,28,8266752,0.53,0.071
kp-030-s28,kp-030,28,8297472,0.53,0.071
kp-030-s28,kp-030,28,8328192,0.55,0.032
kp-030-s28,kp-030,28,8358912,0.43,0.062
kp-030-s28,kp-030,28,8389632,0.5,0.059
kp-030-s28,kp-030,28,8420352,0.43,0.095
kp-030-s28,kp-030,28,8451072,0.52,0.062
kp-030-s28,kp-030,28,8481792,0.45,0.062
kp-030-s28,kp-030,28,8512512,0.51,0.062
kp-030-s28,kp-030,28,8543232,0.55,0.062
kp-030-s28,kp-030,28,8573952,0.45,0.062
kp-030-s28,kp-030,28,8604672,0.49,0.098
kp-030-s28,kp-030,28,8635392,0.55,0.056
kp-030-s28,kp-030,28,8666112,0.49,0.089
kp-030-s28,kp-030,28,8696832,0.46,0.089
kp-030-s28,kp-030,28,8727552,0.45,0.089
kp-030-s28,kp-030,28,8758272,0.6,0.047
kp-030-s28,kp-030,28,8788992,0.48,0.08
kp-030-s28,kp-030,28,8819712,0.45,0.08
kp-030-s28,kp-030,28,8850432,0.56,0.08
kp-030-s28,kp-030,28,8881152,0.52,0.047
kp-030-s28,kp-030,28,8911872,0.38,0.119
kp-030-s28,kp-030,28,8942592,0.51,0.083
kp-030-s28,kp-030,28,8973312,0.63,0.05
kp-030-s28,kp-030,28,9004032,0.48,0.089
kp-030-s28,kp-030,28,9034752,0.58,0.056
kp-030-s28,kp-030,28,9065472,0.5,0.092
kp-030-s28,kp-030,28,9096192,0.43,0.092
kp-030-s28,kp-030,28,9126912,0.6,0.059
kp-030-s28,kp-030,28,9157632,0.57,0.059
kp-030-s28,kp-030,28,9188352,0.58,0.059
kp-030-s28,kp-030,28,9219072,0.47,0.092
kp-030-s28,kp-030,28,9249792,0.41,0.092
kp-030-s28,kp-030,28,9280512,0.48,0.092
kp-030-s28,kp-030,28,9311232,0.49,0.092
kp-030-s28,kp-030,28,9341952,0.54,0.083
kp-030-s28,kp-030,28,9372672,0.46,0.083
kp-030-s28,kp-030,28,9403392,0.43,0.083
kp-030-s28,kp-030,28,9434112,0.51,0.083
kp-030-s28,kp-030,28,9464832,0.51,0.083
kp-030-s28,kp-030,28,9495552,0.54,0.083
kp-030-s28,kp-030,28,9526272,0.53,0.083
kp-030-s28,kp-030,28,9556992,0.5,0.083
kp-030-s28,kp-030,28,9587712,0.55,0.089
kp-030-s28,kp-030,28,9618432,0.65,0.059
kp-030-s28,kp-030,28,9649152,0.5,0.071
kp-030-s28,kp-030,28,9679872,0.5,0.071
kp-030-s28,kp-030,28,9710592,0.51,0.071
kp-030-s28,kp-030,28,9741312,0.53,0.071
kp-030-s28,kp-030,28,9772032,0.56,0.074
kp-030-s28,kp-030,28,9802752,0.46,0.107
kp-030-s28,kp-030,28,9833472,0.49,0.107
kp-030-s28,kp-030,28,9864192,0.46,0.107
kp-030-s28,kp-030,28,9894912,0.56,0.074
kp-030-s28,kp-030,28,9925632,0.55,0.074
kp-030-s28,kp-030,28,9956352,0.49,0.074
kp-030-s28,kp-030,28,9987072,0.41,0.113
kp-030-s28,kp-030,28,10017792,0.5,0.071
kp-030-s28,kp-030,28,10048512,0.47,0.104
kp-030-s28,kp-030,28,10079232,0.66,0.056
kp-030-s28,kp-030,28,10109952,0.41,0.104
kp-030-s28,kp-030,28,10140672,0.54,0.104
kp-030-s28,kp-030,28,10171392,0.49,0.104
kp-030-s28,kp-030,28,10202112,0.56,0.104
kp-030-s28,kp-030,28,10232832,0.49,0.104
kp-030-s28,kp-030,28,10263552,0.44,0.137
kp-030-s28,kp-030,28,10294272,0.49,0.101
kp-030-s28,kp-030,28,10324992,0.45,0.092
kp-030-s28,kp-030,28,10355712,0.44,0.092
kp-030-s28,kp-030,28,10386432,0.55,0.092
kp-030-s28,kp-030,28,10417152,0.47,0.092
kp-030-s28,kp-030,28,10447872,0.55,0.092
kp-030-s28,kp-030,28,10478592,0.42,0.125
kp-030-s28,kp-030,28,10509312,0.59,0.089
kp-030-s28,kp-030,28,10540032,0.47,0.122
kp-030-s28,kp-030,28,10570752,0.5,0.089
kp-030-s28,kp-030,28,10601472,0.59,0.089
kp-030-s28,kp-030,28,10632192,0.64,0.089
kp-030-s28,kp-030,28,10662912,0.34,0.131
kp-030-s28,kp-030,28,10693632,0.45,0.122
kp-030-s28,kp-030,28,10724352,0.53,0.083
kp-030-s28,kp-030,28,10755072,0.61,0.083
kp-030-s28,kp-030,28,10785792,0.57,0.08
kp-030-s28,kp-030,28,10816512,0.65,0.08
kp-030-s28,kp-030,28,10847232,0.63,0.092
kp-030-s28,kp-030,28,10877952,0.54,0.131
kp-030-s28,kp-030,28,10908672,0.55,0.098
kp-030-s28,kp-030,28,10939392,0.36,0.131
kp-030-s28,kp-030,28,10970112,0.53,0.089
kp-030-s28,kp-030,28,11000832,0.45,0.125
kp-030-s28,kp-030,28,11031552,0.54,0.125
kp-030-s28,kp-030,28,11062272,0.45,0.125
kp-030-s28,kp-030,28,11092992,0.52,0.125
kp-030-s28,kp-030,28,11123712,0.48,0.125
kp-030-s28,kp-030,28,11154432,0.47,0.125
kp-030-s28,kp-030,28,11185152,0.56,0.125
kp-030-s28,kp-030,28,11215872,0.49,0.125
kp-030-s28,kp-030,28,11246592,0.4,0.125
kp-030-s28,kp-030,28,11277312,0.49,0.125
kp-030-s28,kp-030,28,11308032,0.42,0.089
kp-030-s28,kp-030,28,11338752,0.54,0.122
kp-030-s28,kp-030,28,11369472,0.46,0.122
kp-030-s28,kp-030,28,11400192,0.55,0.131
kp-030-s28,kp-030,28,11430912,0.47,0.131
kp-030-s28,kp-030,28,11461632,0.43,0.131
kp-030-s28,kp-030,28,11492352,0.53,0.095
kp-030-s28,kp-030,28,11523072,0.5,0.095
kp-030-s28,kp-030,28,11553792,0.44,0.137
kp-030-s28,kp-030,28,11584512,0.45,0.137
kp-030-s28,kp-030,28,11615232,0.5,0.101
kp-030-s28,kp-030,28,11645952,0.47,0.134
kp-030-s28,kp-030,28,11676672,0.38,0.134
kp-030-s28,kp-030,28,11707392,0.32,0.17
kp-030-s28,kp-030,28,11738112,0.49,0.116
kp-030-s28,kp-030,28,11768832,0.68,0.116
kp-030-s28,kp-030,28,11799552,0.5,0.116
kp-030-s28,kp-030,28,11830272,0.51,0.083
kp-030-s28,kp-030,28,11860992,0.57,0.083
kp-030-s28,kp-030,28,11891712,0.62,0.125
kp-030-s28,kp-030,28,11922432,0.55,0.128
kp-030-s28,kp-030,28,11953152,0.55,0.122
kp-030-s28,kp-030,28,11983872,0.59,0.122
kp-030-s28,kp-030,28,12014592,0.55,0.158
kp-030-s28,kp-030,28,12045312,0.52,0.11
kp-030-s28,kp-030,28,12076032,0.48,0.146
kp-030-s28,kp-030,28,12106752,0.53,0.101
kp-030-s28,kp-030,28,12137472,0.37,0.143
kp-030-s28,kp-030,28,12168192,0.51,0.143
kp-030-s28,kp-030,28,12198912,0.47,0.143
kp-030-s28,kp-030,28,12229632,0.54,0.143
kp-030-s28,kp-030,28,12260352,0.42,0.143
kp-030-s28,kp-030,28,12291072,0.56,0.11
kp-030-s28,kp-030,28,12321792,0.52,0.146
kp-030-s28,kp-030,28,12352512,0.66,0.113
kp-030-s28,kp-030,28,12383232,0.37,0.161
kp-030-s28,kp-030,28,12413952,0.43,0.122
kp-030-s28,kp-030,28,12444672,0.56,0.122
kp-030-s28,kp-030,28,12475392,0.48,0.155
kp-030-s28,kp-030,28,12506112,0.57,0.116
kp-030-s28,kp-030,28,12536832,0.54,0.116
kp-030-s28,kp-030,28,12567552,0.56,0.116
kp-030-s28,kp-030,28,12598272,0.46,0.158
kp-030-s28,kp-030,28,12628992,0.47,0.158
kp-030-s28,kp-030,28,12659712,0.44,0.158
kp-030-s28,kp-030,28,12690432,0.41,0.158
kp-030-s28,kp-030,28,12721152,0.53,0.125
kp-030-s28,kp-030,28,12751872,0.62,0.125
kp-030-s28,kp-030,28,12782592,0.47,0.155
kp-030-s28,kp-030,28,12813312,0.51,0.155
kp-030-s28,kp-030,28,12844032,0.44,0.155
kp-030-s28,kp-030,28,12874752,0.61,0.101
kp-030-s28,kp-030,28,12905472,0.47,0.17
kp-030-s28,kp-030,28,12936192,0.55,0.137
kp-030-s28,kp-030,28,12966912,0.53,0.137
kp-030-s28,kp-030,28,12997632,0.48,0.17
kp-030-s28,kp-030,28,13028352,0.48,0.137
kp-030-s28,kp-030,28,13059072,0.51,0.137
kp-030-s28,kp-030,28,13089792,0.5,0.137
kp-030-s28,kp-030,28,13120512,0.55,0.137
kp-030-s28,kp-030,28,13151232,0.51,0.137
kp-030-s28,kp-030,28,13181952,0.42,0.137
kp-030-s28,kp-030,28,13212672,0.47,0.137
kp-030-s28,kp-030,28,13243392,0.4,0.173
kp-030-s28,kp-030,28,13274112,0.6,0.14
kp-030-s28,kp-030,28,13304832,0.55,0.14
kp-030-s28,kp-030,28,13335552,0.55,0.14
kp-030-s28,kp-030,28,13366272,0.57,0.14
kp-030-s28,kp-030,28,13396992,0.56,0.14
kp-030-s28,kp-030,28,13427712,0.54,0.14
kp-030-s28,kp-030,28,13458432,0.53,0.14
kp-030-s28,kp-030,28,13489152,0.46,0.14
kp-030-s28,kp-030,28,13519872,0.55,0.173
kp-030-s28,kp-030,28,13550592,0.55,0.173
kp-030-s28,kp-030,28,13581312,0.49,0.173
kp-030-s28,kp-030,28,13612032,0.46,0.17
kp-030-s28,kp-030,28,13642752,0.49,0.17
kp-030-s28,kp-030,28,13673472,0.43,0.17
kp-030-s28,kp-030,28,13704192,0.44,0.17
kp-030-s28,kp-030,28,13734912,0.48,0.17
kp-030-s28,kp-030,28,13765632,0.44,0.17
kp-030-s28,kp-030,28,13796352,0.44,0.17
kp-030-s28,kp-030,28,13827072,0.58,0.128
kp-030-s28,kp-030,28,13857792,0.5,0.161
kp-030-s28,kp-030,28,13888512,0.56,0.128
kp-030-s28,kp-030,28,13919232,0.52,0.203
kp-030-s28,kp-030,28,13949952,0.51,0.167
kp-030-s28,kp-030,28,13980672,0.67,0.131
kp-030-s28,kp-030,28,14011392,0.41,0.182
kp-030-s28,kp-030,28,14042112,0.41,0.182
kp-030-s28,kp-030,28,14072832,0.42,0.182
kp-030-s28,kp-030,28,14103552,0.55,0.149
kp-030-s28,kp-030,28,14134272,0.46,0.149
kp-030-s28,kp-030,28,14164992,0.55,0.137
kp-030-s28,kp-030,28,14195712,0.44,0.137
kp-030-s28,kp-030,28,14226432,0.48,0.17
kp-030-s28,kp-030,28,14257152,0.5,0.17
kp-030-s28,kp-030,28,14287872,0.5,0.17
kp-030-s28,kp-030,28,14318592,0.55,0.137
kp-030-s28,kp-030,28,14349312,0.44,0.179
kp-030-s28,kp-030,28,14380032,0.54,0.179
kp-030-s28,kp-030,28,14410752,0.5,0.179
kp-030-s28,kp-030,28,14441472,0.47,0.179
kp-030-s28,kp-030,28,14472192,0.44,0.179
kp-030-s28,kp-030,28,14502912,0.45,0.179
kp-030-s28,kp-030,28,14533632,0.44,0.179
kp-030-s28,kp-030,28,14564352,0.52,0.179
kp-030-s28,kp-030,28,14595072,0.46,0.146
kp-030-s28,kp-030,28,14625792,0.5,0.146
kp-030-s28,kp-030,28,14656512,0.42,0.146
kp-030-s28,kp-030,28,14687232,0.48,0.146
kp-030-s28,kp-030,28,14717952,0.44,0.146
kp-030-s28,kp-030,28,14748672,0.59,0.146
kp-030-s28,kp-030,28,14779392,0.45,0.179
kp-030-s28,kp-030,28,14810112,0.44,0.179
kp-030-s28,kp-030,28,14840832,0.38,0.215
kp-030-s28,kp-030,28,14871552,0.51,0.179
kp-030-s28,kp-030,28,14902272,0.6,0.179
kp-030-s28,kp-030,28,14932992,0.55,0.179
kp-030-s28,kp-030,28,14963712,0.42,0.179
kp-030-s28,kp-030,28,14994432,0.53,0.179
kp-030-s28,kp-030,28,14997504,0.4,0.179
kp-030-s29,kp-030,29,4918272,0.68,-1.0
kp-030-s29,kp-030,29,4948992,0.62,-0.655
kp-030-s29,kp-030,29,4979712,0.54,-0.541
kp-030-s29,kp-030,29,5010432,0.58,-0.472
kp-030-s29,kp-030,29,5041152,0.52,-0.436
kp-030-s29,kp-030,29,5071872,0.46,-0.403
kp-030-s29,kp-030,29,5102592,0.45,-0.355
kp-030-s29,kp-030,29,5133312,0.44,-0.355
kp-030-s29,kp-030,29,5164032,0.52,-0.355
kp-030-s29,kp-030,29,5194752,0.56,-0.319
kp-030-s29,kp-030,29,5225472,0.47,-0.319
kp-030-s29,kp-030,29,5256192,0.49,-0.268
kp-030-s29,kp-030,29,5286912,0.55,-0.223
kp-030-s29,kp-030,29,5317632,0.51,-0.223
kp-030-s29,kp-030,29,5348352,0.51,-0.223
kp-030-s29,kp-030,29,5379072,0.5,-0.175
kp-030-s29,kp-030,29,5409792,0.48,-0.175
kp-030-s29,kp-030,29,5440512,0.47,-0.175
kp-030-s29,kp-030,29,5471232,0.6,-0.175
kp-030-s29,kp-030,29,5501952,0.51,-0.175
kp-030-s29,kp-030,29,5532672,0.48,-0.175
kp-030-s29,kp-030,29,5563392,0.58,-0.142
kp-030-s29,kp-030,29,5594112,0.6,-0.142
kp-030-s29,kp-030,29,5624832,0.45,-0.1
kp-030-s29,kp-030,29,5655552,0.54,-0.061
kp-030-s29,kp-030,29,5686272,0.57,-0.061
kp-030-s29,kp-030,29,5716992,0.58,-0.061
kp-030-s29,kp-030,29,5747712,0.54,-0.025
kp-030-s29,kp-030,29,5778432,0.56,0.008
kp-030-s29,kp-030,29,5809152,0.54,0.011
kp-030-s29,kp-030,29,5839872,0.51,0.044
kp-030-s29,kp-030,29,5870592,0.57,0.011
kp-030-s29,kp-030,29,5901312,0.54,0.011
kp-030-s29,kp-030,29,5932032,0.51,0.011
kp-030-s29,kp-030,29,5962752,0.61,0.011
kp-030-s29,kp-030,29,5993472,0.47,0.038
kp-030-s29,kp-030,29,6024192,0.43,0.029
kp-030-s29,kp-030,29,6054912,0.45,-0.007
kp-030-s29,kp-030,29,6085632,0.5,0.026
kp-030-s29,kp-030,29,6116352,0.51,0.026
kp-030-s29,kp-030,29,6147072,0.42,0.026
kp-030-s29,kp-030,29,6177792,0.52,0.026
kp-030-s29,kp-030,29,6208512,0.53,0.026
kp-030-s29,kp-030,29,6239232,0.42,0.026
kp-030-s29,kp-030,29,6269952,0.48,0.026
kp-030-s29,kp-030,29,6300672,0.62,0.026
kp-030-s29,kp-030,29,6331392,0.53,0.011
kp-030-s29,kp-030,29,6362112,0.43,0.044
kp-030-s29,kp-030,29,6392832,0.43,0.044
kp-030-s29,kp-030,29,6423552,0.53,0.044
kp-030-s29,kp-030,29,6454272,0.46,0.044
kp-030-s29,kp-030,29,6484992,0.56,0.044
kp-030-s29,kp-030,29,6515712,0.47,0.044
kp-030-s29,kp-030,29,6546432,0.49,0.044
kp-030-s29,kp-030,29,6577152,0.5,0.044
kp-030-s29,kp-030,29,6607872,0.56,0.011
kp-030-s29,kp-030,29,6638592,0.6,0.011
kp-030-s29,kp-030,29,6669312,0.55,0.014
kp-030-s29,kp-030,29,6700032,0.55,-0.001
kp-030-s29,kp-030,29,6730752,0.36,0.077
kp-030-s29,kp-030,29,6761472,0.55,0.035
kp-030-s29,kp-030,29,6792192,0.45,0.035
kp-030-s29,kp-030,29,6822912,0.48,0.038
kp-030-s29,kp-030,29,6853632,0.54,0.038
kp-030-s29,kp-030,29,6884352,0.54,0.041
kp-030-s29,kp-030,29,6915072,0.49,0.041
kp-030-s29,kp-030,29,6945792,0.35,0.041
kp-030-s29,kp-030,29,6976512,0.42,0.047
kp-030-s29,kp-030,29,7007232,0.47,0.047
kp-030-s29,kp-030,29,7037952,0.47,0.047
kp-030-s29,kp-030,29,7068672,0.49,0.047
kp-030-s29,kp-030,29,7099392,0.47,0.047
kp-030-s29,kp-030,29,7130112,0.45,0.047
kp-030-s29,kp-030,29,7160832,0.57,0.047
kp-030-s29,kp-030,29,7191552,0.43,0.047
kp-030-s29,kp-030,29,7222272,0.49,0.047
kp-030-s29,kp-030,29,7252992,0.55,0.047
kp-030-s29,kp-030,29,7283712,0.54,0.047
kp-030-s29,kp-030,29,7314432,0.54,0.047
kp-030-s29,kp-030,29,7345152,0.48,0.047
kp-030-s29,kp-030,29,7375872,0.51,0.047
kp-030-s29,kp-030,29,7406592,0.56,0.047
kp-030-s29,kp-030,29,7437312,0.56,0.047
kp-030-s29,kp-030,29,7468032,0.55,0.005
kp-030-s29,kp-030,29,7498752,0.58,0.044
kp-030-s29,kp-030,29,7529472,0.53,0.044
kp-030-s29,kp-030,29,7560192,0.44,0.062
kp-030-s29,kp-030,29,7590912,0.49,0.062
kp-030-s29,kp-030,29,7621632,0.43,0.062
kp-030-s29,kp-030,29,7652352,0.54,0.062
kp-030-s29,kp-030,29,7683072,0.49,0.062
kp-030-s29,kp-030,29,7713792,0.46,0.062
kp-030-s29,kp-030,29,7744512,0.44,0.062
kp-030-s29,kp-030,29,7775232,0.57,0.026
kp-030-s29,kp-030,29,7805952,0.5,0.068
kp-030-s29,kp-030,29,7836672,0.51,0.068
kp-030-s29,kp-030,29,7867392,0.51,0.068
kp-030-s29,kp-030,29,7898112,0.5,0.068
kp-030-s29,kp-030,29,7928832,0.44,0.029
kp-030-s29,kp-030,29,7959552,0.43,0.068
kp-030-s29,kp-030,29,7990272,0.46,0.062
kp-030-s29,kp-030,29,8020992,0.46,0.074
kp-030-s29,kp-030,29,8051712,0.45,0.074
kp-030-s29,kp-030,29,8082432,0.49,0.074
kp-030-s29,kp-030,29,8113152,0.46,0.074
kp-030-s29,kp-030,29,8143872,0.55,0.041
kp-030-s29,kp-030,29,8174592,0.42,0.083
kp-030-s29,kp-030,29,8205312,0.51,0.083
kp-030-s29,kp-030,29,8236032,0.4,0.083
kp-030-s29,kp-030,29,8266752,0.57,0.038
kp-030-s29,kp-030,29,8297472,0.6,0.044
kp-030-s29,kp-030,29,8328192,0.55,0.044
kp-030-s29,kp-030,29,8358912,0.64,0.044
kp-030-s29,kp-030,29,8389632,0.49,0.086
kp-030-s29,kp-030,29,8420352,0.57,0.053
kp-030-s29,kp-030,29,8451072,0.33,0.089
kp-030-s29,kp-030,29,8481792,0.56,0.071
kp-030-s29,kp-030,29,8512512,0.53,0.071
kp-030-s29,kp-030,29,8543232,0.39,0.08
kp-030-s29,kp-030,29,8573952,0.42,0.08
kp-030-s29,kp-030,29,8604672,0.47,0.071
kp-030-s29,kp-030,29,8635392,0.48,0.038
kp-030-s29,kp-030,29,8666112,0.4,0.08
kp-030-s29,kp-030,29,8696832,0.46,0.08
kp-030-s29,kp-030,29,8727552,0.47,0.068
kp-030-s29,kp-030,29,8758272,0.5,0.104
kp-030-s29,kp-030,29,8788992,0.43,0.068
kp-030-s29,kp-030,29,8819712,0.5,0.068
kp-030-s29,kp-030,29,8850432,0.53,0.05
kp-030-s29,kp-030,29,8881152,0.53,0.062
kp-030-s29,kp-030,29,8911872,0.46,0.095
kp-030-s29,kp-030,29,8942592,0.45,0.044
kp-030-s29,kp-030,29,8973312,0.57,0.047
kp-030-s29,kp-030,29,9004032,0.4,0.107
kp-030-s29,kp-030,29,9034752,0.46,0.065
kp-030-s29,kp-030,29,9065472,0.47,0.065
kp-030-s29,kp-030,29,9096192,0.47,0.065
kp-030-s29,kp-030,29,9126912,0.49,0.065
kp-030-s29,kp-030,29,9157632,0.54,0.065
kp-030-s29,kp-030,29,9188352,0.5,0.098
kp-030-s29,kp-030,29,9219072,0.51,0.065
kp-030-s29,kp-030,29,9249792,0.43,0.101
kp-030-s29,kp-030,29,9280512,0.4,0.101
kp-030-s29,kp-030,29,9311232,0.41,0.101
kp-030-s29,kp-030,29,9341952,0.5,0.065
kp-030-s29,kp-030,29,9372672,0.53,0.071
kp-030-s29,kp-030,29,9403392,0.5,0.074
kp-030-s29,kp-030,29,9434112,0.5,0.074
kp-030-s29,kp-030,29,9464832,0.51,0.074
kp-030-s29,kp-030,29,9495552,0.51,0.074
kp-030-s29,kp-030,29,9526272,0.62,0.071
kp-030-s29,kp-030,29,9556992,0.49,0.095
kp-030-s29,kp-030,29,9587712,0.52,0.095
kp-030-s29,kp-030,29,9618432,0.46,0.095
kp-030-s29,kp-030,29,9649152,0.42,0.095
kp-030-s29,kp-030,29,9679872,0.4,0.095
kp-030-s29,kp-030,29,9710592,0.62,0.056
kp-030-s29,kp-030,29,9741312,0.49,0.077
kp-030-s29,kp-030,29,9772032,0.48,0.077
kp-030-s29,kp-030,29,9802752,0.45,0.089
kp-030-s29,kp-030,29,9833472,0.45,0.089
kp-030-s29,kp-030,29,9864192,0.49,0.077
kp-030-s29,kp-030,29,9894912,0.49,0.077
kp-030-s29,kp-030,29,9925632,0.47,0.077
kp-030-s29,kp-030,29,9956352,0.55,0.077
kp-030-s29,kp-030,29,9987072,0.46,0.077
kp-030-s29,kp-030,29,10017792,0.38,0.11
kp-030-s29,kp-030,29,10048512,0.5,0.074
kp-030-s29,kp-030,29,10079232,0.48,0.074
kp-030-s29,kp-030,29,10109952,0.41,0.113
kp-030-s29,kp-030,29,10140672,0.49,0.077
kp-030-s29,kp-030,29,10171392,0.47,0.119
kp-030-s29,kp-030,29,10202112,0.6,0.08
kp-030-s29,kp-030,29,10232832,0.45,0.116
kp-030-s29,kp-030,29,10263552,0.47,0.08
kp-030-s29,kp-030,29,10294272,0.49,0.08
kp-030-s29,kp-030,29,10324992,0.52,0.08
kp-030-s29,kp-030,29,10355712,0.51,0.113
kp-030-s29,kp-030,29,10386432,0.53,0.08
kp-030-s29,kp-030,29,10417152,0.6,0.077
kp-030-s29,kp-030,29,10447872,0.53,0.083
kp-030-s29,kp-030,29,10478592,0.62,0.05
kp-030-s29,kp-030,29,10509312,0.58,0.071
kp-030-s29,kp-030,29,10540032,0.42,0.107
kp-030-s29,kp-030,29,10570752,0.45,0.074
kp-030-s29,kp-030,29,10601472,0.47,0.074
kp-030-s29,kp-030,29,10632192,0.47,0.074
kp-030-s29,kp-030,29,10662912,0.46,0.107
kp-030-s29,kp-030,29,10693632,0.5,0.107
kp-030-s29,kp-030,29,10724352,0.48,0.107
kp-030-s29,kp-030,29,10755072,0.43,0.107
kp-030-s29,kp-030,29,10785792,0.53,0.107
kp-030-s29,kp-030,29,10816512,0.45,0.107
kp-030-s29,kp-030,29,10847232,0.61,0.107
kp-030-s29,kp-030,29,10877952,0.58,0.107
kp-030-s29,kp-030,29,10908672,0.53,0.107
kp-030-s29,kp-030,29,10939392,0.45,0.107
kp-030-s29,kp-030,29,10970112,0.45,0.107
kp-030-s29,kp-030,29,11000832,0.43,0.107
kp-030-s29,kp-030,29,11031552,0.51,0.065
kp-030-s29,kp-030,29,11062272,0.49,0.101
kp-030-s29,kp-030,29,11092992,0.33,0.101
kp-030-s29,kp-030,29,11123712,0.58,0.083
kp-030-s29,kp-030,29,11154432,0.38,0.137
kp-030-s29,kp-030,29,11185152,0.54,0.101
kp-030-s29,kp-030,29,11215872,0.41,0.134
kp-030-s29,kp-030,29,11246592,0.5,0.098
kp-030-s29,kp-030,29,11277312,0.54,0.098
kp-030-s29,kp-030,29,11308032,0.48,0.098
kp-030-s29,kp-030,29,11338752,0.44,0.14
kp-030-s29,kp-030,29,11369472,0.54,0.098
kp-030-s29,kp-030,29,11400192,0.45,0.098
kp-030-s29,kp-030,29,11430912,0.55,0.098
kp-030-s29,kp-030,29,11461632,0.61,0.08
kp-030-s29,kp-030,29,11492352,0.44,0.113
kp-030-s29,kp-030,29,11523072,0.55,0.113
kp-030-s29,kp-030,29,11553792,0.52,0.113
kp-030-s29,kp-030,29,11584512,0.52,0.113
kp-030-s29,kp-030,29,11615232,0.55,0.113
kp-030-s29,kp-030,29,11645952,0.49,0.113
kp-030-s29,kp-030,29,11676672,0.44,0.107
kp-030-s29,kp-030,29,11707392,0.5,0.107
kp-030-s29,kp-030,29,11738112,0.49,0.107
kp-030-s29,kp-030,29,11768832,0.52,0.107
kp-030-s29,kp-030,29,11799552,0.44,0.14
kp-030-s29,kp-030,29,11830272,0.44,0.14
kp-030-s29,kp-030,29,11860992,0.52,0.107
kp-030-s29,kp-030,29,11891712,0.48,0.14
kp-030-s29,kp-030,29,11922432,0.43,0.14
kp-030-s29,kp-030,29,11953152,0.45,0.14
kp-030-s29,kp-030,29,11983872,0.54,0.086
kp-030-s29,kp-030,29,12014592,0.46,0.128
kp-030-s29,kp-030,29,12045312,0.51,0.128
kp-030-s29,kp-030,29,12076032,0.44,0.125
kp-030-s29,kp-030,29,12106752,0.62,0.125
kp-030-s29,kp-030,29,12137472,0.44,0.122
kp-030-s29,kp-030,29,12168192,0.54,0.113
kp-030-s29,kp-030,29,12198912,0.53,0.113
kp-030-s29,kp-030,29,12229632,0.55,0.113
kp-030-s29,kp-030,29,12260352,0.55,0.08
kp-030-s29,kp-030,29,12291072,0.53,0.08
kp-030-s29,kp-030,29,12321792,0.45,0.113
kp-030-s29,kp-030,29,12352512,0.5,0.128
kp-030-s29,kp-030,29,12383232,0.51,0.128
kp-030-s29,kp-030,29,12413952,0.49,0.128
kp-030-s29,kp-030,29,12444672,0.46,0.128
kp-030-s29,kp-030,29,12475392,0.53,0.128
kp-030-s29,kp-030,29,12506112,0.5,0.128
kp-030-s29,kp-030,29,12536832,0.58,0.128
kp-030-s29,kp-030,29,12567552,0.47,0.128
kp-030-s29,kp-030,29,12598272,0.59,0.089
kp-030-s29,kp-030,29,12628992,0.57,0.089
kp-030-s29,kp-030,29,12659712,0.57,0.128
kp-030-s29,kp-030,29,12690432,0.41,0.128
kp-030-s29,kp-030,29,12721152,0.51,0.128
kp-030-s29,kp-030,29,12751872,0.5,0.128
kp-030-s29,kp-030,29,12782592,0.54,0.128
kp-030-s29,kp-030,29,12813312,0.56,0.128
kp-030-s29,kp-030,29,12844032,0.5,0.128
kp-030-s29,kp-030,29,12874752,0.43,0.164
kp-030-s29,kp-030,29,12905472,0.41,0.128
kp-030-s29,kp-030,29,12936192,0.46,0.128
kp-030-s29,kp-030,29,12966912,0.54,0.128
kp-030-s29,kp-030,29,12997632,0.46,0.128
kp-030-s29,kp-030,29,13028352,0.48,0.128
kp-030-s29,kp-030,29,13059072,0.39,0.128
kp-030-s29,kp-030,29,13089792,0.51,0.134
kp-030-s29,kp-030,29,13120512,0.49,0.134
kp-030-s29,kp-030,29,13151232,0.48,0.134
kp-030-s29,kp-030,29,13181952,0.49,0.134
kp-030-s29,kp-030,29,13212672,0.39,0.134
kp-030-s29,kp-030,29,13243392,0.6,0.101
kp-030-s29,kp-030,29,13274112,0.54,0.149
kp-030-s29,kp-030,29,13304832,0.47,0.149
kp-030-s29,kp-030,29,13335552,0.44,0.104
kp-030-s29,kp-030,29,13366272,0.47,0.137
kp-030-s29,kp-030,29,13396992,0.52,0.137
kp-030-s29,kp-030,29,13427712,0.57,0.101
kp-030-s29,kp-030,29,13458432,0.54,0.137
kp-030-s29,kp-030,29,13489152,0.57,0.137
kp-030-s29,kp-030,29,13519872,0.48,0.131
kp-030-s29,kp-030,29,13550592,0.53,0.131
kp-030-s29,kp-030,29,13581312,0.54,0.131
kp-030-s29,kp-030,29,13612032,0.44,0.125
kp-030-s29,kp-030,29,13642752,0.52,0.089
kp-030-s29,kp-030,29,13673472,0.54,0.17
kp-030-s29,kp-030,29,13704192,0.5,0.17
kp-030-s29,kp-030,29,13734912,0.45,0.128
kp-030-s29,kp-030,29,13765632,0.56,0.134
kp-030-s29,kp-030,29,13796352,0.52,0.134
kp-030-s29,kp-030,29,13827072,0.58,0.134
kp-030-s29,kp-030,29,13857792,0.51,0.134
kp-030-s29,kp-030,29,13888512,0.51,0.134
kp-030-s29,kp-030,29,13919232,0.42,0.173
kp-030-s29,kp-030,29,13949952,0.39,0.173
kp-030-s29,kp-030,29,13980672,0.53,0.107
kp-030-s29,kp-030,29,14011392,0.52,0.14
kp-030-s29,kp-030,29,14042112,0.49,0.14
kp-030-s29,kp-030,29,14072832,0.5,0.14
kp-030-s29,kp-030,29,14103552,0.53,0.14
kp-030-s29,kp-030,29,14134272,0.51,0.176
kp-030-s29,kp-030,29,14164992,0.53,0.137
kp-030-s29,kp-030,29,14195712,0.43,0.137
kp-030-s29,kp-030,29,14226432,0.36,0.173
kp-030-s29,kp-030,29,14257152,0.48,0.146
kp-030-s29,kp-030,29,14287872,0.46,0.146
kp-030-s29,kp-030,29,14318592,0.53,0.14
kp-030-s29,kp-030,29,14349312,0.58,0.14
kp-030-s29,kp-030,29,14380032,0.49,0.14
kp-030-s29,kp-030,29,14410752,0.59,0.14
kp-030-s29,kp-030,29,14441472,0.54,0.14
kp-030-s29,kp-030,29,14472192,0.49,0.14
kp-030-s29,kp-030,29,14502912,0.51,0.14
kp-030-s29,kp-030,29,14533632,0.43,0.188
kp-030-s29,kp-030,29,14564352,0.42,0.188
kp-030-s29,kp-030,29,14595072,0.39,0.149
kp-030-s29,kp-030,29,14625792,0.55,0.164
kp-030-s29,kp-030,29,14656512,0.39,0.164
kp-030-s29,kp-030,29,14687232,0.55,0.131
kp-030-s29,kp-030,29,14717952,0.36,0.197
kp-030-s29,kp-030,29,14748672,0.46,0.149
kp-030-s29,kp-030,29,14779392,0.64,0.149
kp-030-s29,kp-030,29,14810112,0.51,0.146
kp-030-s29,kp-030,29,14840832,0.46,0.146
kp-030-s29,kp-030,29,14871552,0.5,0.146
kp-030-s29,kp-030,29,14902272,0.51,0.146
kp-030-s29,kp-030,29,14932992,0.57,0.146
kp-030-s29,kp-030,29,14963712,0.53,0.152
kp-030-s29,kp-030,29,14994432,0.47,0.185
kp-030-s29,kp-030,29,14997504,0.52,0.185
kp-cap001-s27,kp-cap001,27,4457472,0.7,-1.0
kp-cap001-s27,kp-cap001,27,4488192,0.71,-0.91
kp-cap001-s27,kp-cap001,27,4518912,0.51,-0.86
kp-cap001-s27,kp-cap001,27,4549632,0.6,-0.82
kp-cap001-s27,kp-cap001,27,4580352,0.56,-0.79
kp-cap001-s27,kp-cap001,27,4611072,0.55,-0.77
kp-cap001-s27,kp-cap001,27,4641792,0.56,-0.76
kp-cap001-s27,kp-cap001,27,4672512,0.65,-0.74
kp-cap001-s27,kp-cap001,27,4703232,0.58,-0.71
kp-cap001-s27,kp-cap001,27,4733952,0.49,-0.69
kp-cap001-s27,kp-cap001,27,4764672,0.57,-0.68
kp-cap001-s27,kp-cap001,27,4795392,0.54,-0.64
kp-cap001-s27,kp-cap001,27,4826112,0.58,-0.61
kp-cap001-s27,kp-cap001,27,4856832,0.63,-0.6
kp-cap001-s27,kp-cap001,27,4887552,0.56,-0.59
kp-cap001-s27,kp-cap001,27,4918272,0.62,-0.58
kp-cap001-s27,kp-cap001,27,4948992,0.64,-0.57
kp-cap001-s27,kp-cap001,27,4979712,0.54,-0.55
kp-cap001-s27,kp-cap001,27,5010432,0.52,-0.55
kp-cap001-s27,kp-cap001,27,5041152,0.62,-0.54
kp-cap001-s27,kp-cap001,27,5071872,0.59,-0.52
kp-cap001-s27,kp-cap001,27,5102592,0.51,-0.51
kp-cap001-s27,kp-cap001,27,5133312,0.66,-0.5
kp-cap001-s27,kp-cap001,27,5164032,0.5,-0.49
kp-cap001-s27,kp-cap001,27,5194752,0.61,-0.46
kp-cap001-s27,kp-cap001,27,5225472,0.62,-0.45
kp-cap001-s27,kp-cap001,27,5256192,0.66,-0.41
kp-cap001-s27,kp-cap001,27,5286912,0.52,-0.38
kp-cap001-s27,kp-cap001,27,5317632,0.59,-0.38
kp-cap001-s27,kp-cap001,27,5348352,0.55,-0.36
kp-cap001-s27,kp-cap001,27,5379072,0.6,-0.35
kp-cap001-s27,kp-cap001,27,5409792,0.61,-0.31
kp-cap001-s27,kp-cap001,27,5440512,0.49,-0.27
kp-cap001-s27,kp-cap001,27,5471232,0.56,-0.25
kp-cap001-s27,kp-cap001,27,5501952,0.56,-0.23
kp-cap001-s27,kp-cap001,27,5532672,0.6,-0.2
kp-cap001-s27,kp-cap001,27,5563392,0.66,-0.17
kp-cap001-s27,kp-cap001,27,5594112,0.51,-0.16
kp-cap001-s27,kp-cap001,27,5624832,0.57,-0.15
kp-cap001-s27,kp-cap001,27,5655552,0.56,-0.14
kp-cap001-s27,kp-cap001,27,5686272,0.56,-0.14
kp-cap001-s27,kp-cap001,27,5716992,0.53,-0.1
kp-cap001-s27,kp-cap001,27,5747712,0.55,-0.08
kp-cap001-s27,kp-cap001,27,5778432,0.58,-0.06
kp-cap001-s27,kp-cap001,27,5809152,0.58,-0.02
kp-cap001-s27,kp-cap001,27,5839872,0.49,0.01
kp-cap001-s27,kp-cap001,27,5870592,0.55,0.01
kp-cap001-s27,kp-cap001,27,5901312,0.48,0.01
kp-cap001-s27,kp-cap001,27,5932032,0.5,0.02
kp-cap001-s27,kp-cap001,27,5962752,0.55,0.02
kp-cap001-s27,kp-cap001,27,5993472,0.42,0.02
kp-cap001-s27,kp-cap001,27,6024192,0.49,0.02
kp-cap001-s27,kp-cap001,27,6054912,0.41,0.03
kp-cap001-s27,kp-cap001,27,6085632,0.51,0.03
kp-cap001-s27,kp-cap001,27,6116352,0.58,0.03
kp-cap001-s27,kp-cap001,27,6147072,0.51,0.03
kp-cap001-s27,kp-cap001,27,6177792,0.56,0.03
kp-cap001-s27,kp-cap001,27,6208512,0.48,0.04
kp-cap001-s27,kp-cap001,27,6239232,0.53,0.04
kp-cap001-s27,kp-cap001,27,6269952,0.51,0.04
kp-cap001-s27,kp-cap001,27,6300672,0.45,0.04
kp-cap001-s27,kp-cap001,27,6331392,0.37,0.04
kp-cap001-s27,kp-cap001,27,6362112,0.57,0.03
kp-cap001-s27,kp-cap001,27,6392832,0.5,0.04
kp-cap001-s27,kp-cap001,27,6423552,0.48,0.04
kp-cap001-s27,kp-cap001,27,6454272,0.46,0.04
kp-cap001-s27,kp-cap001,27,6484992,0.53,0.04
kp-cap001-s27,kp-cap001,27,6515712,0.49,0.04
kp-cap001-s27,kp-cap001,27,6546432,0.44,0.05
kp-cap001-s27,kp-cap001,27,6577152,0.57,0.04
kp-cap001-s27,kp-cap001,27,6607872,0.56,0.03
kp-cap001-s27,kp-cap001,27,6638592,0.5,0.04
kp-cap001-s27,kp-cap001,27,6669312,0.54,0.04
kp-cap001-s27,kp-cap001,27,6700032,0.48,0.05
kp-cap001-s27,kp-cap001,27,6730752,0.54,0.05
kp-cap001-s27,kp-cap001,27,6761472,0.47,0.05
kp-cap001-s27,kp-cap001,27,6792192,0.46,0.05
kp-cap001-s27,kp-cap001,27,6822912,0.43,0.05
kp-cap001-s27,kp-cap001,27,6853632,0.64,0.03
kp-cap001-s27,kp-cap001,27,6884352,0.66,0.04
kp-cap001-s27,kp-cap001,27,6915072,0.47,0.05
kp-cap001-s27,kp-cap001,27,6945792,0.5,0.05
kp-cap001-s27,kp-cap001,27,6976512,0.53,0.05
kp-cap001-s27,kp-cap001,27,7007232,0.45,0.05
kp-cap001-s27,kp-cap001,27,7037952,0.47,0.05
kp-cap001-s27,kp-cap001,27,7068672,0.52,0.04
kp-cap001-s27,kp-cap001,27,7099392,0.51,0.04
kp-cap001-s27,kp-cap001,27,7130112,0.56,0.05
kp-cap001-s27,kp-cap001,27,7160832,0.64,0.05
kp-cap001-s27,kp-cap001,27,7191552,0.51,0.06
kp-cap001-s27,kp-cap001,27,7222272,0.48,0.06
kp-cap001-s27,kp-cap001,27,7252992,0.51,0.06
kp-cap001-s27,kp-cap001,27,7283712,0.45,0.06
kp-cap001-s27,kp-cap001,27,7314432,0.55,0.06
kp-cap001-s27,kp-cap001,27,7345152,0.57,0.06
kp-cap001-s27,kp-cap001,27,7375872,0.59,0.06
kp-cap001-s27,kp-cap001,27,7406592,0.47,0.06
kp-cap001-s27,kp-cap001,27,7437312,0.45,0.06
kp-cap001-s27,kp-cap001,27,7468032,0.54,0.06
kp-cap001-s27,kp-cap001,27,7498752,0.55,0.06
kp-cap001-s27,kp-cap001,27,7529472,0.42,0.06
kp-cap001-s27,kp-cap001,27,7560192,0.57,0.06
kp-cap001-s27,kp-cap001,27,7590912,0.47,0.05
kp-cap001-s27,kp-cap001,27,7621632,0.53,0.05
kp-cap001-s27,kp-cap001,27,7652352,0.51,0.06
kp-cap001-s27,kp-cap001,27,7683072,0.56,0.07
kp-cap001-s27,kp-cap001,27,7713792,0.67,0.07
kp-cap001-s27,kp-cap001,27,7744512,0.46,0.07
kp-cap001-s27,kp-cap001,27,7775232,0.4,0.08
kp-cap001-s27,kp-cap001,27,7805952,0.45,0.07
kp-cap001-s27,kp-cap001,27,7836672,0.46,0.07
kp-cap001-s27,kp-cap001,27,7867392,0.47,0.07
kp-cap001-s27,kp-cap001,27,7898112,0.49,0.07
kp-cap001-s27,kp-cap001,27,7928832,0.43,0.07
kp-cap001-s27,kp-cap001,27,7959552,0.57,0.06
kp-cap001-s27,kp-cap001,27,7990272,0.46,0.06
kp-cap001-s27,kp-cap001,27,8020992,0.39,0.06
kp-cap001-s27,kp-cap001,27,8051712,0.57,0.07
kp-cap001-s27,kp-cap001,27,8082432,0.54,0.07
kp-cap001-s27,kp-cap001,27,8113152,0.48,0.08
kp-cap001-s27,kp-cap001,27,8143872,0.52,0.08
kp-cap001-s27,kp-cap001,27,8174592,0.47,0.07
kp-cap001-s27,kp-cap001,27,8205312,0.41,0.08
kp-cap001-s27,kp-cap001,27,8236032,0.43,0.08
kp-cap001-s27,kp-cap001,27,8266752,0.52,0.08
kp-cap001-s27,kp-cap001,27,8297472,0.55,0.08
kp-cap001-s27,kp-cap001,27,8328192,0.47,0.07
kp-cap001-s27,kp-cap001,27,8358912,0.44,0.08
kp-cap001-s27,kp-cap001,27,8389632,0.45,0.08
kp-cap001-s27,kp-cap001,27,8420352,0.44,0.09
kp-cap001-s27,kp-cap001,27,8451072,0.57,0.08
kp-cap001-s27,kp-cap001,27,8481792,0.49,0.08
kp-cap001-s27,kp-cap001,27,8512512,0.57,0.08
kp-cap001-s27,kp-cap001,27,8543232,0.52,0.08
kp-cap001-s27,kp-cap001,27,8573952,0.36,0.09
kp-cap001-s27,kp-cap001,27,8604672,0.5,0.09
kp-cap001-s27,kp-cap001,27,8635392,0.51,0.09
kp-cap001-s27,kp-cap001,27,8666112,0.49,0.09
kp-cap001-s27,kp-cap001,27,8696832,0.47,0.09
kp-cap001-s27,kp-cap001,27,8727552,0.51,0.09
kp-cap001-s27,kp-cap001,27,8758272,0.42,0.09
kp-cap001-s27,kp-cap001,27,8788992,0.5,0.09
kp-cap001-s27,kp-cap001,27,8819712,0.57,0.08
kp-cap001-s27,kp-cap001,27,8850432,0.45,0.08
kp-cap001-s27,kp-cap001,27,8881152,0.51,0.08
kp-cap001-s27,kp-cap001,27,8911872,0.57,0.08
kp-cap001-s27,kp-cap001,27,8942592,0.48,0.08
kp-cap001-s27,kp-cap001,27,8973312,0.51,0.08
kp-cap001-s27,kp-cap001,27,9004032,0.45,0.08
kp-cap001-s27,kp-cap001,27,9034752,0.41,0.08
kp-cap001-s27,kp-cap001,27,9065472,0.57,0.08
kp-cap001-s27,kp-cap001,27,9096192,0.53,0.08
kp-cap001-s27,kp-cap001,27,9126912,0.49,0.08
kp-cap001-s27,kp-cap001,27,9157632,0.47,0.08
kp-cap001-s27,kp-cap001,27,9188352,0.59,0.09
kp-cap001-s27,kp-cap001,27,9219072,0.48,0.09
kp-cap001-s27,kp-cap001,27,9249792,0.55,0.09
kp-cap001-s27,kp-cap001,27,9280512,0.56,0.09
kp-cap001-s27,kp-cap001,27,9311232,0.42,0.1
kp-cap001-s27,kp-cap001,27,9341952,0.45,0.1
kp-cap001-s27,kp-cap001,27,9372672,0.47,0.1
kp-cap001-s27,kp-cap001,27,9403392,0.54,0.1
kp-cap001-s27,kp-cap001,27,9434112,0.49,0.09
kp-cap001-s27,kp-cap001,27,9464832,0.58,0.09
kp-cap001-s27,kp-cap001,27,9495552,0.45,0.09
kp-cap001-s27,kp-cap001,27,9526272,0.51,0.1
kp-cap001-s27,kp-cap001,27,9556992,0.46,0.1
kp-cap001-s27,kp-cap001,27,9587712,0.47,0.1
kp-cap001-s27,kp-cap001,27,9618432,0.53,0.1
kp-cap001-s27,kp-cap001,27,9649152,0.45,0.1
kp-cap001-s27,kp-cap001,27,9679872,0.43,0.11
kp-cap001-s27,kp-cap001,27,9710592,0.49,0.1
kp-cap001-s27,kp-cap001,27,9741312,0.54,0.1
kp-cap001-s27,kp-cap001,27,9772032,0.54,0.1
kp-cap001-s27,kp-cap001,27,9802752,0.5,0.1
kp-cap001-s27,kp-cap001,27,9833472,0.49,0.1
kp-cap001-s27,kp-cap001,27,9864192,0.55,0.1
kp-cap001-s27,kp-cap001,27,9894912,0.54,0.09
kp-cap001-s27,kp-cap001,27,9925632,0.48,0.1
kp-cap001-s27,kp-cap001,27,9956352,0.45,0.1
kp-cap001-s27,kp-cap001,27,9987072,0.54,0.1
kp-cap001-s27,kp-cap001,27,10017792,0.55,0.1
kp-cap001-s27,kp-cap001,27,10048512,0.48,0.11
kp-cap001-s27,kp-cap001,27,10079232,0.48,0.11
kp-cap001-s27,kp-cap001,27,10109952,0.56,0.11
kp-cap001-s27,kp-cap001,27,10140672,0.4,0.11
kp-cap001-s27,kp-cap001,27,10171392,0.58,0.11
kp-cap001-s27,kp-cap001,27,10202112,0.5,0.1
kp-cap001-s27,kp-cap001,27,10232832,0.46,0.1
kp-cap001-s27,kp-cap001,27,10263552,0.55,0.1
kp-cap001-s27,kp-cap001,27,10294272,0.56,0.09
kp-cap001-s27,kp-cap001,27,10324992,0.52,0.09
kp-cap001-s27,kp-cap001,27,10355712,0.54,0.09
kp-cap001-s27,kp-cap001,27,10386432,0.52,0.11
kp-cap001-s27,kp-cap001,27,10417152,0.52,0.11
kp-cap001-s27,kp-cap001,27,10447872,0.42,0.11
kp-cap001-s27,kp-cap001,27,10478592,0.5,0.11
kp-cap001-s27,kp-cap001,27,10509312,0.49,0.11
kp-cap001-s27,kp-cap001,27,10540032,0.54,0.11
kp-cap001-s27,kp-cap001,27,10570752,0.53,0.11
kp-cap001-s27,kp-cap001,27,10601472,0.48,0.12
kp-cap001-s27,kp-cap001,27,10632192,0.52,0.13
kp-cap001-s27,kp-cap001,27,10662912,0.49,0.13
kp-cap001-s27,kp-cap001,27,10693632,0.59,0.13
kp-cap001-s27,kp-cap001,27,10724352,0.48,0.12
kp-cap001-s27,kp-cap001,27,10755072,0.52,0.12
kp-cap001-s27,kp-cap001,27,10785792,0.5,0.12
kp-cap001-s27,kp-cap001,27,10816512,0.5,0.12
kp-cap001-s27,kp-cap001,27,10847232,0.47,0.12
kp-cap001-s27,kp-cap001,27,10877952,0.46,0.12
kp-cap001-s27,kp-cap001,27,10908672,0.57,0.12
kp-cap001-s27,kp-cap001,27,10939392,0.44,0.12
kp-cap001-s27,kp-cap001,27,10970112,0.48,0.12
kp-cap001-s27,kp-cap001,27,11000832,0.5,0.11
kp-cap001-s27,kp-cap001,27,11031552,0.57,0.11
kp-cap001-s27,kp-cap001,27,11062272,0.58,0.12
kp-cap001-s27,kp-cap001,27,11092992,0.48,0.11
kp-cap001-s27,kp-cap001,27,11123712,0.63,0.11
kp-cap001-s27,kp-cap001,27,11154432,0.46,0.12
kp-cap001-s27,kp-cap001,27,11185152,0.52,0.13
kp-cap001-s27,kp-cap001,27,11215872,0.49,0.12
kp-cap001-s27,kp-cap001,27,11246592,0.49,0.13
kp-cap001-s27,kp-cap001,27,11277312,0.44,0.13
kp-cap001-s27,kp-cap001,27,11308032,0.55,0.13
kp-cap001-s27,kp-cap001,27,11338752,0.47,0.13
kp-cap001-s27,kp-cap001,27,11369472,0.53,0.13
kp-cap001-s27,kp-cap001,27,11400192,0.56,0.13
kp-cap001-s27,kp-cap001,27,11430912,0.51,0.13
kp-cap001-s27,kp-cap001,27,11461632,0.46,0.13
kp-cap001-s27,kp-cap001,27,11492352,0.49,0.13
kp-cap001-s27,kp-cap001,27,11523072,0.43,0.14
kp-cap001-s27,kp-cap001,27,11553792,0.43,0.15
kp-cap001-s27,kp-cap001,27,11584512,0.38,0.15
kp-cap001-s27,kp-cap001,27,11615232,0.53,0.14
kp-cap001-s27,kp-cap001,27,11645952,0.52,0.13
kp-cap001-s27,kp-cap001,27,11676672,0.53,0.13
kp-cap001-s27,kp-cap001,27,11707392,0.43,0.13
kp-cap001-s27,kp-cap001,27,11738112,0.49,0.13
kp-cap001-s27,kp-cap001,27,11768832,0.58,0.13
kp-cap001-s27,kp-cap001,27,11799552,0.44,0.13
kp-cap001-s27,kp-cap001,27,11830272,0.44,0.14
kp-cap001-s27,kp-cap001,27,11860992,0.49,0.15
kp-cap001-s27,kp-cap001,27,11891712,0.52,0.15
kp-cap001-s27,kp-cap001,27,11922432,0.49,0.15
kp-cap001-s27,kp-cap001,27,11953152,0.56,0.15
kp-cap001-s27,kp-cap001,27,11983872,0.58,0.14
kp-cap001-s27,kp-cap001,27,12014592,0.53,0.14
kp-cap001-s27,kp-cap001,27,12045312,0.58,0.14
kp-cap001-s27,kp-cap001,27,12076032,0.53,0.14
kp-cap001-s27,kp-cap001,27,12106752,0.41,0.15
kp-cap001-s27,kp-cap001,27,12137472,0.45,0.16
kp-cap001-s27,kp-cap001,27,12168192,0.5,0.16
kp-cap001-s27,kp-cap001,27,12198912,0.5,0.16
kp-cap001-s27,kp-cap001,27,12229632,0.49,0.16
kp-cap001-s27,kp-cap001,27,12260352,0.44,0.15
kp-cap001-s27,kp-cap001,27,12291072,0.53,0.15
kp-cap001-s27,kp-cap001,27,12321792,0.48,0.15
kp-cap001-s27,kp-cap001,27,12352512,0.52,0.16
kp-cap001-s27,kp-cap001,27,12383232,0.44,0.16
kp-cap001-s27,kp-cap001,27,12413952,0.45,0.16
kp-cap001-s27,kp-cap001,27,12444672,0.43,0.16
kp-cap001-s27,kp-cap001,27,12475392,0.47,0.16
kp-cap001-s27,kp-cap001,27,12506112,0.46,0.16
kp-cap001-s27,kp-cap001,27,12536832,0.48,0.16
kp-cap001-s27,kp-cap001,27,12567552,0.52,0.17
kp-cap001-s27,kp-cap001,27,12598272,0.5,0.17
kp-cap001-s27,kp-cap001,27,12628992,0.48,0.17
kp-cap001-s27,kp-cap001,27,12659712,0.44,0.17
kp-cap001-s27,kp-cap001,27,12690432,0.53,0.16
kp-cap001-s27,kp-cap001,27,12721152,0.57,0.16
kp-cap001-s27,kp-cap001,27,12751872,0.53,0.15
kp-cap001-s27,kp-cap001,27,12782592,0.46,0.15
kp-cap001-s27,kp-cap001,27,12813312,0.46,0.16
kp-cap001-s27,kp-cap001,27,12844032,0.51,0.16
kp-cap001-s27,kp-cap001,27,12874752,0.56,0.16
kp-cap001-s27,kp-cap001,27,12905472,0.44,0.16
kp-cap001-s27,kp-cap001,27,12936192,0.51,0.16
kp-cap001-s27,kp-cap001,27,12966912,0.39,0.17
kp-cap001-s27,kp-cap001,27,12997632,0.48,0.16
kp-cap001-s27,kp-cap001,27,13028352,0.49,0.16
kp-cap001-s27,kp-cap001,27,13059072,0.39,0.17
kp-cap001-s27,kp-cap001,27,13089792,0.54,0.17
kp-cap001-s27,kp-cap001,27,13120512,0.39,0.17
kp-cap001-s27,kp-cap001,27,13151232,0.52,0.16
kp-cap001-s27,kp-cap001,27,13181952,0.48,0.17
kp-cap001-s27,kp-cap001,27,13212672,0.44,0.17
kp-cap001-s27,kp-cap001,27,13243392,0.56,0.16
kp-cap001-s27,kp-cap001,27,13274112,0.68,0.16
kp-cap001-s27,kp-cap001,27,13304832,0.5,0.17
kp-cap001-s27,kp-cap001,27,13335552,0.52,0.17
kp-cap001-s27,kp-cap001,27,13366272,0.56,0.17
kp-cap001-s27,kp-cap001,27,13396992,0.5,0.17
kp-cap001-s27,kp-cap001,27,13427712,0.59,0.17
kp-cap001-s27,kp-cap001,27,13458432,0.53,0.17
kp-cap001-s27,kp-cap001,27,13489152,0.52,0.17
kp-cap001-s27,kp-cap001,27,13519872,0.5,0.17
kp-cap001-s27,kp-cap001,27,13550592,0.49,0.18
kp-cap001-s27,kp-cap001,27,13581312,0.54,0.18
kp-cap001-s27,kp-cap001,27,13612032,0.41,0.17
kp-cap001-s27,kp-cap001,27,13642752,0.51,0.19
kp-cap001-s27,kp-cap001,27,13673472,0.58,0.18
kp-cap001-s27,kp-cap001,27,13704192,0.53,0.18
kp-cap001-s27,kp-cap001,27,13734912,0.52,0.18
kp-cap001-s27,kp-cap001,27,13765632,0.46,0.18
kp-cap001-s27,kp-cap001,27,13796352,0.47,0.18
kp-cap001-s27,kp-cap001,27,13827072,0.49,0.18
kp-cap001-s27,kp-cap001,27,13857792,0.46,0.18
kp-cap001-s27,kp-cap001,27,13888512,0.54,0.18
kp-cap001-s27,kp-cap001,27,13919232,0.52,0.19
kp-cap001-s27,kp-cap001,27,13949952,0.44,0.19
kp-cap001-s27,kp-cap001,27,13980672,0.46,0.18
kp-cap001-s27,kp-cap001,27,14011392,0.48,0.19
kp-cap001-s27,kp-cap001,27,14042112,0.44,0.19
kp-cap001-s27,kp-cap001,27,14072832,0.5,0.19
kp-cap001-s27,kp-cap001,27,14103552,0.56,0.19
kp-cap001-s27,kp-cap001,27,14134272,0.35,0.19
kp-cap001-s27,kp-cap001,27,14164992,0.5,0.19
kp-cap001-s27,kp-cap001,27,14195712,0.48,0.19
kp-cap001-s27,kp-cap001,27,14226432,0.53,0.19
kp-cap001-s27,kp-cap001,27,14257152,0.55,0.19
kp-cap001-s27,kp-cap001,27,14287872,0.48,0.19
kp-cap001-s27,kp-cap001,27,14318592,0.44,0.2
kp-cap001-s27,kp-cap001,27,14349312,0.5,0.2
kp-cap001-s27,kp-cap001,27,14380032,0.5,0.19
kp-cap001-s27,kp-cap001,27,14410752,0.47,0.19
kp-cap001-s27,kp-cap001,27,14441472,0.5,0.2
kp-cap001-s27,kp-cap001,27,14472192,0.51,0.2
kp-cap001-s27,kp-cap001,27,14502912,0.53,0.2
kp-cap001-s27,kp-cap001,27,14533632,0.56,0.2
kp-cap001-s27,kp-cap001,27,14564352,0.58,0.2
kp-cap001-s27,kp-cap001,27,14595072,0.46,0.2
kp-cap001-s27,kp-cap001,27,14625792,0.51,0.2
kp-cap001-s27,kp-cap001,27,14656512,0.44,0.2
kp-cap001-s27,kp-cap001,27,14687232,0.52,0.2
kp-cap001-s27,kp-cap001,27,14717952,0.53,0.2
kp-cap001-s27,kp-cap001,27,14748672,0.54,0.2
kp-cap001-s27,kp-cap001,27,14779392,0.46,0.2
kp-cap001-s27,kp-cap001,27,14810112,0.47,0.2
kp-cap001-s27,kp-cap001,27,14840832,0.54,0.2
kp-cap001-s27,kp-cap001,27,14871552,0.58,0.2
kp-cap001-s27,kp-cap001,27,14902272,0.54,0.2
kp-cap001-s27,kp-cap001,27,14932992,0.45,0.2
kp-cap001-s27,kp-cap001,27,14963712,0.46,0.19
kp-cap001-s27,kp-cap001,27,14994432,0.43,0.2
kp-cap001-s27,kp-cap001,27,14997504,0.52,0.2
kp-cap001-s28,kp-cap001,28,4457472,0.67,-1.0
kp-cap001-s28,kp-cap001,28,4488192,0.6,-0.92
kp-cap001-s28,kp-cap001,28,4518912,0.55,-0.86
kp-cap001-s28,kp-cap001,28,4549632,0.62,-0.83
kp-cap001-s28,kp-cap001,28,4580352,0.43,-0.78
kp-cap001-s28,kp-cap001,28,4611072,0.58,-0.77
kp-cap001-s28,kp-cap001,28,4641792,0.46,-0.77
kp-cap001-s28,kp-cap001,28,4672512,0.49,-0.77
kp-cap001-s28,kp-cap001,28,4703232,0.61,-0.72
kp-cap001-s28,kp-cap001,28,4733952,0.57,-0.69
kp-cap001-s28,kp-cap001,28,4764672,0.55,-0.69
kp-cap001-s28,kp-cap001,28,4795392,0.55,-0.66
kp-cap001-s28,kp-cap001,28,4826112,0.54,-0.65
kp-cap001-s28,kp-cap001,28,4856832,0.61,-0.63
kp-cap001-s28,kp-cap001,28,4887552,0.58,-0.63
kp-cap001-s28,kp-cap001,28,4918272,0.64,-0.57
kp-cap001-s28,kp-cap001,28,4948992,0.5,-0.55
kp-cap001-s28,kp-cap001,28,4979712,0.51,-0.55
kp-cap001-s28,kp-cap001,28,5010432,0.53,-0.55
kp-cap001-s28,kp-cap001,28,5041152,0.55,-0.54
kp-cap001-s28,kp-cap001,28,5071872,0.49,-0.52
kp-cap001-s28,kp-cap001,28,5102592,0.53,-0.49
kp-cap001-s28,kp-cap001,28,5133312,0.55,-0.48
kp-cap001-s28,kp-cap001,28,5164032,0.5,-0.47
kp-cap001-s28,kp-cap001,28,5194752,0.57,-0.46
kp-cap001-s28,kp-cap001,28,5225472,0.58,-0.43
kp-cap001-s28,kp-cap001,28,5256192,0.56,-0.41
kp-cap001-s28,kp-cap001,28,5286912,0.57,-0.41
kp-cap001-s28,kp-cap001,28,5317632,0.39,-0.38
kp-cap001-s28,kp-cap001,28,5348352,0.62,-0.37
kp-cap001-s28,kp-cap001,28,5379072,0.65,-0.36
kp-cap001-s28,kp-cap001,28,5409792,0.56,-0.32
kp-cap001-s28,kp-cap001,28,5440512,0.61,-0.28
kp-cap001-s28,kp-cap001,28,5471232,0.59,-0.24
kp-cap001-s28,kp-cap001,28,5501952,0.55,-0.22
kp-cap001-s28,kp-cap001,28,5532672,0.51,-0.19
kp-cap001-s28,kp-cap001,28,5563392,0.55,-0.19
kp-cap001-s28,kp-cap001,28,5594112,0.5,-0.18
kp-cap001-s28,kp-cap001,28,5624832,0.58,-0.17
kp-cap001-s28,kp-cap001,28,5655552,0.55,-0.15
kp-cap001-s28,kp-cap001,28,5686272,0.66,-0.12
kp-cap001-s28,kp-cap001,28,5716992,0.56,-0.08
kp-cap001-s28,kp-cap001,28,5747712,0.58,-0.05
kp-cap001-s28,kp-cap001,28,5778432,0.55,-0.02
kp-cap001-s28,kp-cap001,28,5809152,0.53,0.0
kp-cap001-s28,kp-cap001,28,5839872,0.43,0.02
kp-cap001-s28,kp-cap001,28,5870592,0.48,0.02
kp-cap001-s28,kp-cap001,28,5901312,0.45,0.02
kp-cap001-s28,kp-cap001,28,5932032,0.6,0.02
kp-cap001-s28,kp-cap001,28,5962752,0.57,0.03
kp-cap001-s28,kp-cap001,28,5993472,0.53,0.02
kp-cap001-s28,kp-cap001,28,6024192,0.57,0.02
kp-cap001-s28,kp-cap001,28,6054912,0.46,0.03
kp-cap001-s28,kp-cap001,28,6085632,0.48,0.04
kp-cap001-s28,kp-cap001,28,6116352,0.48,0.04
kp-cap001-s28,kp-cap001,28,6147072,0.41,0.04
kp-cap001-s28,kp-cap001,28,6177792,0.55,0.03
kp-cap001-s28,kp-cap001,28,6208512,0.38,0.04
kp-cap001-s28,kp-cap001,28,6239232,0.49,0.03
kp-cap001-s28,kp-cap001,28,6269952,0.44,0.03
kp-cap001-s28,kp-cap001,28,6300672,0.49,0.03
kp-cap001-s28,kp-cap001,28,6331392,0.47,0.03
kp-cap001-s28,kp-cap001,28,6362112,0.47,0.03
kp-cap001-s28,kp-cap001,28,6392832,0.58,0.03
kp-cap001-s28,kp-cap001,28,6423552,0.5,0.04
kp-cap001-s28,kp-cap001,28,6454272,0.52,0.04
kp-cap001-s28,kp-cap001,28,6484992,0.49,0.04
kp-cap001-s28,kp-cap001,28,6515712,0.48,0.04
kp-cap001-s28,kp-cap001,28,6546432,0.51,0.04
kp-cap001-s28,kp-cap001,28,6577152,0.52,0.04
kp-cap001-s28,kp-cap001,28,6607872,0.53,0.04
kp-cap001-s28,kp-cap001,28,6638592,0.5,0.05
kp-cap001-s28,kp-cap001,28,6669312,0.6,0.05
kp-cap001-s28,kp-cap001,28,6700032,0.47,0.05
kp-cap001-s28,kp-cap001,28,6730752,0.5,0.05
kp-cap001-s28,kp-cap001,28,6761472,0.41,0.05
kp-cap001-s28,kp-cap001,28,6792192,0.49,0.04
kp-cap001-s28,kp-cap001,28,6822912,0.52,0.04
kp-cap001-s28,kp-cap001,28,6853632,0.49,0.04
kp-cap001-s28,kp-cap001,28,6884352,0.59,0.04
kp-cap001-s28,kp-cap001,28,6915072,0.55,0.04
kp-cap001-s28,kp-cap001,28,6945792,0.51,0.04
kp-cap001-s28,kp-cap001,28,6976512,0.53,0.03
kp-cap001-s28,kp-cap001,28,7007232,0.59,0.04
kp-cap001-s28,kp-cap001,28,7037952,0.51,0.05
kp-cap001-s28,kp-cap001,28,7068672,0.5,0.05
kp-cap001-s28,kp-cap001,28,7099392,0.47,0.05
kp-cap001-s28,kp-cap001,28,7130112,0.53,0.06
kp-cap001-s28,kp-cap001,28,7160832,0.49,0.05
kp-cap001-s28,kp-cap001,28,7191552,0.56,0.05
kp-cap001-s28,kp-cap001,28,7222272,0.52,0.06
kp-cap001-s28,kp-cap001,28,7252992,0.52,0.06
kp-cap001-s28,kp-cap001,28,7283712,0.4,0.06
kp-cap001-s28,kp-cap001,28,7314432,0.45,0.06
kp-cap001-s28,kp-cap001,28,7345152,0.42,0.06
kp-cap001-s28,kp-cap001,28,7375872,0.54,0.06
kp-cap001-s28,kp-cap001,28,7406592,0.54,0.05
kp-cap001-s28,kp-cap001,28,7437312,0.59,0.05
kp-cap001-s28,kp-cap001,28,7468032,0.45,0.05
kp-cap001-s28,kp-cap001,28,7498752,0.55,0.05
kp-cap001-s28,kp-cap001,28,7529472,0.51,0.06
kp-cap001-s28,kp-cap001,28,7560192,0.5,0.06
kp-cap001-s28,kp-cap001,28,7590912,0.46,0.06
kp-cap001-s28,kp-cap001,28,7621632,0.43,0.06
kp-cap001-s28,kp-cap001,28,7652352,0.49,0.07
kp-cap001-s28,kp-cap001,28,7683072,0.4,0.07
kp-cap001-s28,kp-cap001,28,7713792,0.42,0.07
kp-cap001-s28,kp-cap001,28,7744512,0.51,0.06
kp-cap001-s28,kp-cap001,28,7775232,0.46,0.07
kp-cap001-s28,kp-cap001,28,7805952,0.42,0.07
kp-cap001-s28,kp-cap001,28,7836672,0.41,0.07
kp-cap001-s28,kp-cap001,28,7867392,0.51,0.07
kp-cap001-s28,kp-cap001,28,7898112,0.64,0.07
kp-cap001-s28,kp-cap001,28,7928832,0.44,0.08
kp-cap001-s28,kp-cap001,28,7959552,0.48,0.08
kp-cap001-s28,kp-cap001,28,7990272,0.59,0.08
kp-cap001-s28,kp-cap001,28,8020992,0.49,0.08
kp-cap001-s28,kp-cap001,28,8051712,0.52,0.08
kp-cap001-s28,kp-cap001,28,8082432,0.44,0.08
kp-cap001-s28,kp-cap001,28,8113152,0.47,0.07
kp-cap001-s28,kp-cap001,28,8143872,0.51,0.06
kp-cap001-s28,kp-cap001,28,8174592,0.48,0.06
kp-cap001-s28,kp-cap001,28,8205312,0.49,0.06
kp-cap001-s28,kp-cap001,28,8236032,0.61,0.06
kp-cap001-s28,kp-cap001,28,8266752,0.48,0.07
kp-cap001-s28,kp-cap001,28,8297472,0.46,0.07
kp-cap001-s28,kp-cap001,28,8328192,0.52,0.07
kp-cap001-s28,kp-cap001,28,8358912,0.39,0.07
kp-cap001-s28,kp-cap001,28,8389632,0.54,0.06
kp-cap001-s28,kp-cap001,28,8420352,0.56,0.06
kp-cap001-s28,kp-cap001,28,8451072,0.52,0.06
kp-cap001-s28,kp-cap001,28,8481792,0.55,0.06
kp-cap001-s28,kp-cap001,28,8512512,0.52,0.07
kp-cap001-s28,kp-cap001,28,8543232,0.48,0.07
kp-cap001-s28,kp-cap001,28,8573952,0.55,0.07
kp-cap001-s28,kp-cap001,28,8604672,0.54,0.09
kp-cap001-s28,kp-cap001,28,8635392,0.46,0.08
kp-cap001-s28,kp-cap001,28,8666112,0.45,0.08
kp-cap001-s28,kp-cap001,28,8696832,0.54,0.08
kp-cap001-s28,kp-cap001,28,8727552,0.45,0.08
kp-cap001-s28,kp-cap001,28,8758272,0.44,0.08
kp-cap001-s28,kp-cap001,28,8788992,0.47,0.09
kp-cap001-s28,kp-cap001,28,8819712,0.44,0.08
kp-cap001-s28,kp-cap001,28,8850432,0.53,0.08
kp-cap001-s28,kp-cap001,28,8881152,0.64,0.08
kp-cap001-s28,kp-cap001,28,8911872,0.55,0.09
kp-cap001-s28,kp-cap001,28,8942592,0.48,0.09
kp-cap001-s28,kp-cap001,28,8973312,0.53,0.09
kp-cap001-s28,kp-cap001,28,9004032,0.5,0.09
kp-cap001-s28,kp-cap001,28,9034752,0.46,0.09
kp-cap001-s28,kp-cap001,28,9065472,0.44,0.09
kp-cap001-s28,kp-cap001,28,9096192,0.43,0.09
kp-cap001-s28,kp-cap001,28,9126912,0.45,0.1
kp-cap001-s28,kp-cap001,28,9157632,0.52,0.1
kp-cap001-s28,kp-cap001,28,9188352,0.43,0.1
kp-cap001-s28,kp-cap001,28,9219072,0.46,0.1
kp-cap001-s28,kp-cap001,28,9249792,0.47,0.1
kp-cap001-s28,kp-cap001,28,9280512,0.45,0.1
kp-cap001-s28,kp-cap001,28,9311232,0.5,0.09
kp-cap001-s28,kp-cap001,28,9341952,0.47,0.09
kp-cap001-s28,kp-cap001,28,9372672,0.5,0.09
kp-cap001-s28,kp-cap001,28,9403392,0.44,0.1
kp-cap001-s28,kp-cap001,28,9434112,0.56,0.1
kp-cap001-s28,kp-cap001,28,9464832,0.5,0.09
kp-cap001-s28,kp-cap001,28,9495552,0.53,0.09
kp-cap001-s28,kp-cap001,28,9526272,0.51,0.09
kp-cap001-s28,kp-cap001,28,9556992,0.43,0.09
kp-cap001-s28,kp-cap001,28,9587712,0.44,0.09
kp-cap001-s28,kp-cap001,28,9618432,0.53,0.09
kp-cap001-s28,kp-cap001,28,9649152,0.49,0.09
kp-cap001-s28,kp-cap001,28,9679872,0.4,0.09
kp-cap001-s28,kp-cap001,28,9710592,0.49,0.09
kp-cap001-s28,kp-cap001,28,9741312,0.5,0.09
kp-cap001-s28,kp-cap001,28,9772032,0.51,0.09
kp-cap001-s28,kp-cap001,28,9802752,0.51,0.1
kp-cap001-s28,kp-cap001,28,9833472,0.44,0.1
kp-cap001-s28,kp-cap001,28,9864192,0.41,0.1
kp-cap001-s28,kp-cap001,28,9894912,0.43,0.11
kp-cap001-s28,kp-cap001,28,9925632,0.55,0.11
kp-cap001-s28,kp-cap001,28,9956352,0.53,0.11
kp-cap001-s28,kp-cap001,28,9987072,0.44,0.12
kp-cap001-s28,kp-cap001,28,10017792,0.47,0.12
kp-cap001-s28,kp-cap001,28,10048512,0.51,0.12
kp-cap001-s28,kp-cap001,28,10079232,0.49,0.12
kp-cap001-s28,kp-cap001,28,10109952,0.51,0.11
kp-cap001-s28,kp-cap001,28,10140672,0.56,0.11
kp-cap001-s28,kp-cap001,28,10171392,0.56,0.11
kp-cap001-s28,kp-cap001,28,10202112,0.45,0.11
kp-cap001-s28,kp-cap001,28,10232832,0.51,0.12
kp-cap001-s28,kp-cap001,28,10263552,0.42,0.12
kp-cap001-s28,kp-cap001,28,10294272,0.39,0.11
kp-cap001-s28,kp-cap001,28,10324992,0.46,0.11
kp-cap001-s28,kp-cap001,28,10355712,0.6,0.11
kp-cap001-s28,kp-cap001,28,10386432,0.53,0.11
kp-cap001-s28,kp-cap001,28,10417152,0.5,0.12
kp-cap001-s28,kp-cap001,28,10447872,0.43,0.12
kp-cap001-s28,kp-cap001,28,10478592,0.48,0.12
kp-cap001-s28,kp-cap001,28,10509312,0.49,0.12
kp-cap001-s28,kp-cap001,28,10540032,0.52,0.12
kp-cap001-s28,kp-cap001,28,10570752,0.56,0.12
kp-cap001-s28,kp-cap001,28,10601472,0.6,0.12
kp-cap001-s28,kp-cap001,28,10632192,0.6,0.11
kp-cap001-s28,kp-cap001,28,10662912,0.45,0.11
kp-cap001-s28,kp-cap001,28,10693632,0.58,0.11
kp-cap001-s28,kp-cap001,28,10724352,0.41,0.12
kp-cap001-s28,kp-cap001,28,10755072,0.54,0.12
kp-cap001-s28,kp-cap001,28,10785792,0.48,0.12
kp-cap001-s28,kp-cap001,28,10816512,0.48,0.12
kp-cap001-s28,kp-cap001,28,10847232,0.5,0.11
kp-cap001-s28,kp-cap001,28,10877952,0.5,0.13
kp-cap001-s28,kp-cap001,28,10908672,0.52,0.12
kp-cap001-s28,kp-cap001,28,10939392,0.47,0.12
kp-cap001-s28,kp-cap001,28,10970112,0.43,0.13
kp-cap001-s28,kp-cap001,28,11000832,0.56,0.13
kp-cap001-s28,kp-cap001,28,11031552,0.5,0.13
kp-cap001-s28,kp-cap001,28,11062272,0.38,0.13
kp-cap001-s28,kp-cap001,28,11092992,0.45,0.13
kp-cap001-s28,kp-cap001,28,11123712,0.49,0.13
kp-cap001-s28,kp-cap001,28,11154432,0.49,0.13
kp-cap001-s28,kp-cap001,28,11185152,0.49,0.13
kp-cap001-s28,kp-cap001,28,11215872,0.48,0.11
kp-cap001-s28,kp-cap001,28,11246592,0.5,0.12
kp-cap001-s28,kp-cap001,28,11277312,0.51,0.13
kp-cap001-s28,kp-cap001,28,11308032,0.5,0.13
kp-cap001-s28,kp-cap001,28,11338752,0.49,0.14
kp-cap001-s28,kp-cap001,28,11369472,0.6,0.14
kp-cap001-s28,kp-cap001,28,11400192,0.5,0.14
kp-cap001-s28,kp-cap001,28,11430912,0.55,0.14
kp-cap001-s28,kp-cap001,28,11461632,0.54,0.14
kp-cap001-s28,kp-cap001,28,11492352,0.51,0.14
kp-cap001-s28,kp-cap001,28,11523072,0.49,0.14
kp-cap001-s28,kp-cap001,28,11553792,0.44,0.14
kp-cap001-s28,kp-cap001,28,11584512,0.55,0.14
kp-cap001-s28,kp-cap001,28,11615232,0.49,0.14
kp-cap001-s28,kp-cap001,28,11645952,0.44,0.14
kp-cap001-s28,kp-cap001,28,11676672,0.46,0.13
kp-cap001-s28,kp-cap001,28,11707392,0.53,0.13
kp-cap001-s28,kp-cap001,28,11738112,0.5,0.13
kp-cap001-s28,kp-cap001,28,11768832,0.45,0.13
kp-cap001-s28,kp-cap001,28,11799552,0.53,0.13
kp-cap001-s28,kp-cap001,28,11830272,0.47,0.13
kp-cap001-s28,kp-cap001,28,11860992,0.45,0.14
kp-cap001-s28,kp-cap001,28,11891712,0.52,0.14
kp-cap001-s28,kp-cap001,28,11922432,0.45,0.14
kp-cap001-s28,kp-cap001,28,11953152,0.48,0.13
kp-cap001-s28,kp-cap001,28,11983872,0.54,0.13
kp-cap001-s28,kp-cap001,28,12014592,0.52,0.13
kp-cap001-s28,kp-cap001,28,12045312,0.47,0.13
kp-cap001-s28,kp-cap001,28,12076032,0.51,0.13
kp-cap001-s28,kp-cap001,28,12106752,0.5,0.13
kp-cap001-s28,kp-cap001,28,12137472,0.55,0.13
kp-cap001-s28,kp-cap001,28,12168192,0.57,0.13
kp-cap001-s28,kp-cap001,28,12198912,0.54,0.13
kp-cap001-s28,kp-cap001,28,12229632,0.44,0.13
kp-cap001-s28,kp-cap001,28,12260352,0.49,0.14
kp-cap001-s28,kp-cap001,28,12291072,0.47,0.14
kp-cap001-s28,kp-cap001,28,12321792,0.51,0.14
kp-cap001-s28,kp-cap001,28,12352512,0.52,0.13
kp-cap001-s28,kp-cap001,28,12383232,0.52,0.13
kp-cap001-s28,kp-cap001,28,12413952,0.5,0.13
kp-cap001-s28,kp-cap001,28,12444672,0.55,0.14
kp-cap001-s28,kp-cap001,28,12475392,0.48,0.14
kp-cap001-s28,kp-cap001,28,12506112,0.5,0.15
kp-cap001-s28,kp-cap001,28,12536832,0.53,0.15
kp-cap001-s28,kp-cap001,28,12567552,0.48,0.15
kp-cap001-s28,kp-cap001,28,12598272,0.48,0.15
kp-cap001-s28,kp-cap001,28,12628992,0.47,0.16
kp-cap001-s28,kp-cap001,28,12659712,0.47,0.16
kp-cap001-s28,kp-cap001,28,12690432,0.52,0.16
kp-cap001-s28,kp-cap001,28,12721152,0.49,0.17
kp-cap001-s28,kp-cap001,28,12751872,0.49,0.17
kp-cap001-s28,kp-cap001,28,12782592,0.49,0.17
kp-cap001-s28,kp-cap001,28,12813312,0.46,0.17
kp-cap001-s28,kp-cap001,28,12844032,0.47,0.16
kp-cap001-s28,kp-cap001,28,12874752,0.43,0.16
kp-cap001-s28,kp-cap001,28,12905472,0.49,0.16
kp-cap001-s28,kp-cap001,28,12936192,0.5,0.17
kp-cap001-s28,kp-cap001,28,12966912,0.52,0.16
kp-cap001-s28,kp-cap001,28,12997632,0.4,0.17
kp-cap001-s28,kp-cap001,28,13028352,0.48,0.17
kp-cap001-s28,kp-cap001,28,13059072,0.57,0.16
kp-cap001-s28,kp-cap001,28,13089792,0.55,0.16
kp-cap001-s28,kp-cap001,28,13120512,0.44,0.16
kp-cap001-s28,kp-cap001,28,13151232,0.55,0.16
kp-cap001-s28,kp-cap001,28,13181952,0.56,0.16
kp-cap001-s28,kp-cap001,28,13212672,0.42,0.16
kp-cap001-s28,kp-cap001,28,13243392,0.48,0.16
kp-cap001-s28,kp-cap001,28,13274112,0.59,0.16
kp-cap001-s28,kp-cap001,28,13304832,0.49,0.15
kp-cap001-s28,kp-cap001,28,13335552,0.58,0.15
kp-cap001-s28,kp-cap001,28,13366272,0.57,0.15
kp-cap001-s28,kp-cap001,28,13396992,0.5,0.15
kp-cap001-s28,kp-cap001,28,13427712,0.48,0.15
kp-cap001-s28,kp-cap001,28,13458432,0.51,0.15
kp-cap001-s28,kp-cap001,28,13489152,0.51,0.15
kp-cap001-s28,kp-cap001,28,13519872,0.57,0.15
kp-cap001-s28,kp-cap001,28,13550592,0.56,0.16
kp-cap001-s28,kp-cap001,28,13581312,0.53,0.16
kp-cap001-s28,kp-cap001,28,13612032,0.5,0.16
kp-cap001-s28,kp-cap001,28,13642752,0.56,0.18
kp-cap001-s28,kp-cap001,28,13673472,0.49,0.17
kp-cap001-s28,kp-cap001,28,13704192,0.58,0.17
kp-cap001-s28,kp-cap001,28,13734912,0.56,0.17
kp-cap001-s28,kp-cap001,28,13765632,0.51,0.17
kp-cap001-s28,kp-cap001,28,13796352,0.52,0.18
kp-cap001-s28,kp-cap001,28,13827072,0.49,0.18
kp-cap001-s28,kp-cap001,28,13857792,0.49,0.17
kp-cap001-s28,kp-cap001,28,13888512,0.42,0.17
kp-cap001-s28,kp-cap001,28,13919232,0.4,0.18
kp-cap001-s28,kp-cap001,28,13949952,0.52,0.18
kp-cap001-s28,kp-cap001,28,13980672,0.46,0.17
kp-cap001-s28,kp-cap001,28,14011392,0.54,0.17
kp-cap001-s28,kp-cap001,28,14042112,0.53,0.18
kp-cap001-s28,kp-cap001,28,14072832,0.48,0.18
kp-cap001-s28,kp-cap001,28,14103552,0.52,0.18
kp-cap001-s28,kp-cap001,28,14134272,0.45,0.18
kp-cap001-s28,kp-cap001,28,14164992,0.55,0.19
kp-cap001-s28,kp-cap001,28,14195712,0.47,0.2
kp-cap001-s28,kp-cap001,28,14226432,0.57,0.19
kp-cap001-s28,kp-cap001,28,14257152,0.45,0.2
kp-cap001-s28,kp-cap001,28,14287872,0.55,0.2
kp-cap001-s28,kp-cap001,28,14318592,0.52,0.21
kp-cap001-s28,kp-cap001,28,14349312,0.46,0.21
kp-cap001-s28,kp-cap001,28,14380032,0.45,0.21
kp-cap001-s28,kp-cap001,28,14410752,0.48,0.21
kp-cap001-s28,kp-cap001,28,14441472,0.5,0.2
kp-cap001-s28,kp-cap001,28,14472192,0.46,0.2
kp-cap001-s28,kp-cap001,28,14502912,0.49,0.2
kp-cap001-s28,kp-cap001,28,14533632,0.44,0.2
kp-cap001-s28,kp-cap001,28,14564352,0.52,0.2
kp-cap001-s28,kp-cap001,28,14595072,0.41,0.2
kp-cap001-s28,kp-cap001,28,14625792,0.47,0.2
kp-cap001-s28,kp-cap001,28,14656512,0.51,0.2
kp-cap001-s28,kp-cap001,28,14687232,0.52,0.2
kp-cap001-s28,kp-cap001,28,14717952,0.42,0.2
kp-cap001-s28,kp-cap001,28,14748672,0.49,0.2
kp-cap001-s28,kp-cap001,28,14779392,0.47,0.2
kp-cap001-s28,kp-cap001,28,14810112,0.51,0.19
kp-cap001-s28,kp-cap001,28,14840832,0.43,0.2
kp-cap001-s28,kp-cap001,28,14871552,0.54,0.2
kp-cap001-s28,kp-cap001,28,14902272,0.53,0.2
kp-cap001-s28,kp-cap001,28,14932992,0.53,0.2
kp-cap001-s28,kp-cap001,28,14963712,0.52,0.2
kp-cap001-s28,kp-cap001,28,14994432,0.52,0.2
kp-cap001-s28,kp-cap001,28,14997504,0.52,0.2
kp-cap001-s29,kp-cap001,29,4918272,0.68,-1.0
kp-cap001-s29,kp-cap001,29,4948992,0.71,-0.92
kp-cap001-s29,kp-cap001,29,4979712,0.61,-0.83
kp-cap001-s29,kp-cap001,29,5010432,0.57,-0.78
kp-cap001-s29,kp-cap001,29,5041152,0.59,-0.73
kp-cap001-s29,kp-cap001,29,5071872,0.64,-0.68
kp-cap001-s29,kp-cap001,29,5102592,0.56,-0.66
kp-cap001-s29,kp-cap001,29,5133312,0.6,-0.64
kp-cap001-s29,kp-cap001,29,5164032,0.55,-0.6
kp-cap001-s29,kp-cap001,29,5194752,0.53,-0.57
kp-cap001-s29,kp-cap001,29,5225472,0.56,-0.54
kp-cap001-s29,kp-cap001,29,5256192,0.52,-0.53
kp-cap001-s29,kp-cap001,29,5286912,0.55,-0.51
kp-cap001-s29,kp-cap001,29,5317632,0.57,-0.49
kp-cap001-s29,kp-cap001,29,5348352,0.56,-0.46
kp-cap001-s29,kp-cap001,29,5379072,0.61,-0.45
kp-cap001-s29,kp-cap001,29,5409792,0.52,-0.42
kp-cap001-s29,kp-cap001,29,5440512,0.51,-0.39
kp-cap001-s29,kp-cap001,29,5471232,0.55,-0.36
kp-cap001-s29,kp-cap001,29,5501952,0.53,-0.35
kp-cap001-s29,kp-cap001,29,5532672,0.47,-0.31
kp-cap001-s29,kp-cap001,29,5563392,0.49,-0.3
kp-cap001-s29,kp-cap001,29,5594112,0.51,-0.27
kp-cap001-s29,kp-cap001,29,5624832,0.47,-0.24
kp-cap001-s29,kp-cap001,29,5655552,0.57,-0.18
kp-cap001-s29,kp-cap001,29,5686272,0.57,-0.16
kp-cap001-s29,kp-cap001,29,5716992,0.55,-0.13
kp-cap001-s29,kp-cap001,29,5747712,0.53,-0.13
kp-cap001-s29,kp-cap001,29,5778432,0.5,-0.11
kp-cap001-s29,kp-cap001,29,5809152,0.57,-0.11
kp-cap001-s29,kp-cap001,29,5839872,0.59,-0.09
kp-cap001-s29,kp-cap001,29,5870592,0.48,-0.07
kp-cap001-s29,kp-cap001,29,5901312,0.54,-0.07
kp-cap001-s29,kp-cap001,29,5932032,0.57,-0.06
kp-cap001-s29,kp-cap001,29,5962752,0.57,-0.03
kp-cap001-s29,kp-cap001,29,5993472,0.41,-0.01
kp-cap001-s29,kp-cap001,29,6024192,0.52,0.01
kp-cap001-s29,kp-cap001,29,6054912,0.58,0.01
kp-cap001-s29,kp-cap001,29,6085632,0.54,0.02
kp-cap001-s29,kp-cap001,29,6116352,0.47,0.02
kp-cap001-s29,kp-cap001,29,6147072,0.5,0.02
kp-cap001-s29,kp-cap001,29,6177792,0.55,0.02
kp-cap001-s29,kp-cap001,29,6208512,0.44,0.03
kp-cap001-s29,kp-cap001,29,6239232,0.47,0.04
kp-cap001-s29,kp-cap001,29,6269952,0.51,0.03
kp-cap001-s29,kp-cap001,29,6300672,0.58,0.03
kp-cap001-s29,kp-cap001,29,6331392,0.54,0.03
kp-cap001-s29,kp-cap001,29,6362112,0.58,0.03
kp-cap001-s29,kp-cap001,29,6392832,0.5,0.03
kp-cap001-s29,kp-cap001,29,6423552,0.5,0.03
kp-cap001-s29,kp-cap001,29,6454272,0.49,0.03
kp-cap001-s29,kp-cap001,29,6484992,0.47,0.03
kp-cap001-s29,kp-cap001,29,6515712,0.49,0.03
kp-cap001-s29,kp-cap001,29,6546432,0.58,0.03
kp-cap001-s29,kp-cap001,29,6577152,0.43,0.03
kp-cap001-s29,kp-cap001,29,6607872,0.48,0.03
kp-cap001-s29,kp-cap001,29,6638592,0.52,0.03
kp-cap001-s29,kp-cap001,29,6669312,0.58,0.03
kp-cap001-s29,kp-cap001,29,6700032,0.54,0.03
kp-cap001-s29,kp-cap001,29,6730752,0.49,0.04
kp-cap001-s29,kp-cap001,29,6761472,0.44,0.04
kp-cap001-s29,kp-cap001,29,6792192,0.39,0.04
kp-cap001-s29,kp-cap001,29,6822912,0.52,0.03
kp-cap001-s29,kp-cap001,29,6853632,0.48,0.04
kp-cap001-s29,kp-cap001,29,6884352,0.54,0.04
kp-cap001-s29,kp-cap001,29,6915072,0.43,0.04
kp-cap001-s29,kp-cap001,29,6945792,0.58,0.04
kp-cap001-s29,kp-cap001,29,6976512,0.44,0.04
kp-cap001-s29,kp-cap001,29,7007232,0.49,0.04
kp-cap001-s29,kp-cap001,29,7037952,0.58,0.04
kp-cap001-s29,kp-cap001,29,7068672,0.53,0.04
kp-cap001-s29,kp-cap001,29,7099392,0.58,0.04
kp-cap001-s29,kp-cap001,29,7130112,0.45,0.05
kp-cap001-s29,kp-cap001,29,7160832,0.51,0.05
kp-cap001-s29,kp-cap001,29,7191552,0.53,0.05
kp-cap001-s29,kp-cap001,29,7222272,0.57,0.05
kp-cap001-s29,kp-cap001,29,7252992,0.49,0.05
kp-cap001-s29,kp-cap001,29,7283712,0.52,0.05
kp-cap001-s29,kp-cap001,29,7314432,0.51,0.05
kp-cap001-s29,kp-cap001,29,7345152,0.45,0.06
kp-cap001-s29,kp-cap001,29,7375872,0.47,0.05
kp-cap001-s29,kp-cap001,29,7406592,0.45,0.05
kp-cap001-s29,kp-cap001,29,7437312,0.51,0.05
kp-cap001-s29,kp-cap001,29,7468032,0.59,0.06
kp-cap001-s29,kp-cap001,29,7498752,0.45,0.06
kp-cap001-s29,kp-cap001,29,7529472,0.4,0.06
kp-cap001-s29,kp-cap001,29,7560192,0.45,0.05
kp-cap001-s29,kp-cap001,29,7590912,0.51,0.05
kp-cap001-s29,kp-cap001,29,7621632,0.56,0.05
kp-cap001-s29,kp-cap001,29,7652352,0.53,0.05
kp-cap001-s29,kp-cap001,29,7683072,0.6,0.05
kp-cap001-s29,kp-cap001,29,7713792,0.59,0.06
kp-cap001-s29,kp-cap001,29,7744512,0.48,0.06
kp-cap001-s29,kp-cap001,29,7775232,0.47,0.06
kp-cap001-s29,kp-cap001,29,7805952,0.5,0.06
kp-cap001-s29,kp-cap001,29,7836672,0.52,0.06
kp-cap001-s29,kp-cap001,29,7867392,0.53,0.05
kp-cap001-s29,kp-cap001,29,7898112,0.58,0.05
kp-cap001-s29,kp-cap001,29,7928832,0.58,0.05
kp-cap001-s29,kp-cap001,29,7959552,0.52,0.05
kp-cap001-s29,kp-cap001,29,7990272,0.45,0.06
kp-cap001-s29,kp-cap001,29,8020992,0.43,0.06
kp-cap001-s29,kp-cap001,29,8051712,0.59,0.05
kp-cap001-s29,kp-cap001,29,8082432,0.55,0.05
kp-cap001-s29,kp-cap001,29,8113152,0.45,0.06
kp-cap001-s29,kp-cap001,29,8143872,0.37,0.06
kp-cap001-s29,kp-cap001,29,8174592,0.49,0.06
kp-cap001-s29,kp-cap001,29,8205312,0.49,0.07
kp-cap001-s29,kp-cap001,29,8236032,0.56,0.06
kp-cap001-s29,kp-cap001,29,8266752,0.51,0.06
kp-cap001-s29,kp-cap001,29,8297472,0.41,0.06
kp-cap001-s29,kp-cap001,29,8328192,0.57,0.05
kp-cap001-s29,kp-cap001,29,8358912,0.49,0.05
kp-cap001-s29,kp-cap001,29,8389632,0.51,0.05
kp-cap001-s29,kp-cap001,29,8420352,0.5,0.05
kp-cap001-s29,kp-cap001,29,8451072,0.54,0.05
kp-cap001-s29,kp-cap001,29,8481792,0.5,0.06
kp-cap001-s29,kp-cap001,29,8512512,0.47,0.07
kp-cap001-s29,kp-cap001,29,8543232,0.53,0.07
kp-cap001-s29,kp-cap001,29,8573952,0.5,0.07
kp-cap001-s29,kp-cap001,29,8604672,0.52,0.07
kp-cap001-s29,kp-cap001,29,8635392,0.51,0.07
kp-cap001-s29,kp-cap001,29,8666112,0.51,0.08
kp-cap001-s29,kp-cap001,29,8696832,0.45,0.08
kp-cap001-s29,kp-cap001,29,8727552,0.45,0.07
kp-cap001-s29,kp-cap001,29,8758272,0.55,0.06
kp-cap001-s29,kp-cap001,29,8788992,0.54,0.06
kp-cap001-s29,kp-cap001,29,8819712,0.52,0.06
kp-cap001-s29,kp-cap001,29,8850432,0.56,0.06
kp-cap001-s29,kp-cap001,29,8881152,0.59,0.06
kp-cap001-s29,kp-cap001,29,8911872,0.52,0.07
kp-cap001-s29,kp-cap001,29,8942592,0.57,0.07
kp-cap001-s29,kp-cap001,29,8973312,0.55,0.07
kp-cap001-s29,kp-cap001,29,9004032,0.35,0.07
kp-cap001-s29,kp-cap001,29,9034752,0.59,0.06
kp-cap001-s29,kp-cap001,29,9065472,0.52,0.06
kp-cap001-s29,kp-cap001,29,9096192,0.55,0.06
kp-cap001-s29,kp-cap001,29,9126912,0.42,0.06
kp-cap001-s29,kp-cap001,29,9157632,0.49,0.06
kp-cap001-s29,kp-cap001,29,9188352,0.43,0.07
kp-cap001-s29,kp-cap001,29,9219072,0.43,0.07
kp-cap001-s29,kp-cap001,29,9249792,0.47,0.07
kp-cap001-s29,kp-cap001,29,9280512,0.5,0.07
kp-cap001-s29,kp-cap001,29,9311232,0.51,0.07
kp-cap001-s29,kp-cap001,29,9341952,0.55,0.06
kp-cap001-s29,kp-cap001,29,9372672,0.48,0.07
kp-cap001-s29,kp-cap001,29,9403392,0.59,0.07
kp-cap001-s29,kp-cap001,29,9434112,0.48,0.07
kp-cap001-s29,kp-cap001,29,9464832,0.51,0.08
kp-cap001-s29,kp-cap001,29,9495552,0.51,0.08
kp-cap001-s29,kp-cap001,29,9526272,0.49,0.09
kp-cap001-s29,kp-cap001,29,9556992,0.51,0.08
kp-cap001-s29,kp-cap001,29,9587712,0.54,0.08
kp-cap001-s29,kp-cap001,29,9618432,0.55,0.07
kp-cap001-s29,kp-cap001,29,9649152,0.57,0.08
kp-cap001-s29,kp-cap001,29,9679872,0.5,0.08
kp-cap001-s29,kp-cap001,29,9710592,0.53,0.07
kp-cap001-s29,kp-cap001,29,9741312,0.47,0.07
kp-cap001-s29,kp-cap001,29,9772032,0.54,0.08
kp-cap001-s29,kp-cap001,29,9802752,0.54,0.08
kp-cap001-s29,kp-cap001,29,9833472,0.49,0.08
kp-cap001-s29,kp-cap001,29,9864192,0.55,0.08
kp-cap001-s29,kp-cap001,29,9894912,0.53,0.08
kp-cap001-s29,kp-cap001,29,9925632,0.44,0.08
kp-cap001-s29,kp-cap001,29,9956352,0.51,0.08
kp-cap001-s29,kp-cap001,29,9987072,0.46,0.09
kp-cap001-s29,kp-cap001,29,10017792,0.5,0.08
kp-cap001-s29,kp-cap001,29,10048512,0.55,0.08
kp-cap001-s29,kp-cap001,29,10079232,0.46,0.08
kp-cap001-s29,kp-cap001,29,10109952,0.47,0.08
kp-cap001-s29,kp-cap001,29,10140672,0.45,0.09
kp-cap001-s29,kp-cap001,29,10171392,0.51,0.09
kp-cap001-s29,kp-cap001,29,10202112,0.64,0.09
kp-cap001-s29,kp-cap001,29,10232832,0.43,0.1
kp-cap001-s29,kp-cap001,29,10263552,0.44,0.08
kp-cap001-s29,kp-cap001,29,10294272,0.51,0.08
kp-cap001-s29,kp-cap001,29,10324992,0.45,0.08
kp-cap001-s29,kp-cap001,29,10355712,0.51,0.08
kp-cap001-s29,kp-cap001,29,10386432,0.48,0.09
kp-cap001-s29,kp-cap001,29,10417152,0.47,0.09
kp-cap001-s29,kp-cap001,29,10447872,0.47,0.09
kp-cap001-s29,kp-cap001,29,10478592,0.54,0.09
kp-cap001-s29,kp-cap001,29,10509312,0.51,0.09
kp-cap001-s29,kp-cap001,29,10540032,0.43,0.09
kp-cap001-s29,kp-cap001,29,10570752,0.45,0.09
kp-cap001-s29,kp-cap001,29,10601472,0.47,0.09
kp-cap001-s29,kp-cap001,29,10632192,0.44,0.09
kp-cap001-s29,kp-cap001,29,10662912,0.41,0.1
kp-cap001-s29,kp-cap001,29,10693632,0.53,0.1
kp-cap001-s29,kp-cap001,29,10724352,0.44,0.1
kp-cap001-s29,kp-cap001,29,10755072,0.4,0.09
kp-cap001-s29,kp-cap001,29,10785792,0.48,0.1
kp-cap001-s29,kp-cap001,29,10816512,0.44,0.1
kp-cap001-s29,kp-cap001,29,10847232,0.51,0.09
kp-cap001-s29,kp-cap001,29,10877952,0.52,0.1
kp-cap001-s29,kp-cap001,29,10908672,0.41,0.1
kp-cap001-s29,kp-cap001,29,10939392,0.54,0.1
kp-cap001-s29,kp-cap001,29,10970112,0.48,0.1
kp-cap001-s29,kp-cap001,29,11000832,0.53,0.1
kp-cap001-s29,kp-cap001,29,11031552,0.58,0.11
kp-cap001-s29,kp-cap001,29,11062272,0.5,0.1
kp-cap001-s29,kp-cap001,29,11092992,0.34,0.11
kp-cap001-s29,kp-cap001,29,11123712,0.53,0.09
kp-cap001-s29,kp-cap001,29,11154432,0.54,0.09
kp-cap001-s29,kp-cap001,29,11185152,0.49,0.09
kp-cap001-s29,kp-cap001,29,11215872,0.49,0.09
kp-cap001-s29,kp-cap001,29,11246592,0.59,0.09
kp-cap001-s29,kp-cap001,29,11277312,0.49,0.1
kp-cap001-s29,kp-cap001,29,11308032,0.52,0.09
kp-cap001-s29,kp-cap001,29,11338752,0.55,0.11
kp-cap001-s29,kp-cap001,29,11369472,0.47,0.09
kp-cap001-s29,kp-cap001,29,11400192,0.5,0.09
kp-cap001-s29,kp-cap001,29,11430912,0.62,0.09
kp-cap001-s29,kp-cap001,29,11461632,0.5,0.1
kp-cap001-s29,kp-cap001,29,11492352,0.57,0.1
kp-cap001-s29,kp-cap001,29,11523072,0.52,0.1
kp-cap001-s29,kp-cap001,29,11553792,0.42,0.1
kp-cap001-s29,kp-cap001,29,11584512,0.5,0.09
kp-cap001-s29,kp-cap001,29,11615232,0.46,0.1
kp-cap001-s29,kp-cap001,29,11645952,0.46,0.1
kp-cap001-s29,kp-cap001,29,11676672,0.55,0.1
kp-cap001-s29,kp-cap001,29,11707392,0.48,0.11
kp-cap001-s29,kp-cap001,29,11738112,0.49,0.11
kp-cap001-s29,kp-cap001,29,11768832,0.46,0.12
kp-cap001-s29,kp-cap001,29,11799552,0.52,0.12
kp-cap001-s29,kp-cap001,29,11830272,0.53,0.12
kp-cap001-s29,kp-cap001,29,11860992,0.52,0.12
kp-cap001-s29,kp-cap001,29,11891712,0.52,0.12
kp-cap001-s29,kp-cap001,29,11922432,0.52,0.11
kp-cap001-s29,kp-cap001,29,11953152,0.58,0.11
kp-cap001-s29,kp-cap001,29,11983872,0.56,0.11
kp-cap001-s29,kp-cap001,29,12014592,0.51,0.12
kp-cap001-s29,kp-cap001,29,12045312,0.53,0.12
kp-cap001-s29,kp-cap001,29,12076032,0.49,0.12
kp-cap001-s29,kp-cap001,29,12106752,0.54,0.12
kp-cap001-s29,kp-cap001,29,12137472,0.41,0.12
kp-cap001-s29,kp-cap001,29,12168192,0.5,0.12
kp-cap001-s29,kp-cap001,29,12198912,0.49,0.11
kp-cap001-s29,kp-cap001,29,12229632,0.54,0.11
kp-cap001-s29,kp-cap001,29,12260352,0.49,0.11
kp-cap001-s29,kp-cap001,29,12291072,0.51,0.11
kp-cap001-s29,kp-cap001,29,12321792,0.54,0.1
kp-cap001-s29,kp-cap001,29,12352512,0.48,0.1
kp-cap001-s29,kp-cap001,29,12383232,0.61,0.1
kp-cap001-s29,kp-cap001,29,12413952,0.43,0.11
kp-cap001-s29,kp-cap001,29,12444672,0.48,0.11
kp-cap001-s29,kp-cap001,29,12475392,0.47,0.11
kp-cap001-s29,kp-cap001,29,12506112,0.47,0.11
kp-cap001-s29,kp-cap001,29,12536832,0.48,0.13
kp-cap001-s29,kp-cap001,29,12567552,0.45,0.13
kp-cap001-s29,kp-cap001,29,12598272,0.49,0.11
kp-cap001-s29,kp-cap001,29,12628992,0.55,0.11
kp-cap001-s29,kp-cap001,29,12659712,0.46,0.11
kp-cap001-s29,kp-cap001,29,12690432,0.5,0.11
kp-cap001-s29,kp-cap001,29,12721152,0.49,0.11
kp-cap001-s29,kp-cap001,29,12751872,0.43,0.11
kp-cap001-s29,kp-cap001,29,12782592,0.5,0.12
kp-cap001-s29,kp-cap001,29,12813312,0.45,0.12
kp-cap001-s29,kp-cap001,29,12844032,0.54,0.12
kp-cap001-s29,kp-cap001,29,12874752,0.54,0.12
kp-cap001-s29,kp-cap001,29,12905472,0.53,0.12
kp-cap001-s29,kp-cap001,29,12936192,0.53,0.12
kp-cap001-s29,kp-cap001,29,12966912,0.54,0.12
kp-cap001-s29,kp-cap001,29,12997632,0.58,0.11
kp-cap001-s29,kp-cap001,29,13028352,0.45,0.11
kp-cap001-s29,kp-cap001,29,13059072,0.48,0.11
kp-cap001-s29,kp-cap001,29,13089792,0.47,0.11
kp-cap001-s29,kp-cap001,29,13120512,0.59,0.11
kp-cap001-s29,kp-cap001,29,13151232,0.46,0.12
kp-cap001-s29,kp-cap001,29,13181952,0.55,0.12
kp-cap001-s29,kp-cap001,29,13212672,0.49,0.12
kp-cap001-s29,kp-cap001,29,13243392,0.57,0.12
kp-cap001-s29,kp-cap001,29,13274112,0.48,0.11
kp-cap001-s29,kp-cap001,29,13304832,0.52,0.11
kp-cap001-s29,kp-cap001,29,13335552,0.47,0.11
kp-cap001-s29,kp-cap001,29,13366272,0.5,0.12
kp-cap001-s29,kp-cap001,29,13396992,0.56,0.13
kp-cap001-s29,kp-cap001,29,13427712,0.54,0.13
kp-cap001-s29,kp-cap001,29,13458432,0.54,0.13
kp-cap001-s29,kp-cap001,29,13489152,0.52,0.13
kp-cap001-s29,kp-cap001,29,13519872,0.46,0.14
kp-cap001-s29,kp-cap001,29,13550592,0.45,0.13
kp-cap001-s29,kp-cap001,29,13581312,0.49,0.13
kp-cap001-s29,kp-cap001,29,13612032,0.49,0.13
kp-cap001-s29,kp-cap001,29,13642752,0.64,0.12
kp-cap001-s29,kp-cap001,29,13673472,0.54,0.13
kp-cap001-s29,kp-cap001,29,13704192,0.51,0.13
kp-cap001-s29,kp-cap001,29,13734912,0.53,0.13
kp-cap001-s29,kp-cap001,29,13765632,0.51,0.13
kp-cap001-s29,kp-cap001,29,13796352,0.46,0.14
kp-cap001-s29,kp-cap001,29,13827072,0.45,0.14
kp-cap001-s29,kp-cap001,29,13857792,0.5,0.14
kp-cap001-s29,kp-cap001,29,13888512,0.46,0.14
kp-cap001-s29,kp-cap001,29,13919232,0.52,0.14
kp-cap001-s29,kp-cap001,29,13949952,0.54,0.15
kp-cap001-s29,kp-cap001,29,13980672,0.52,0.14
kp-cap001-s29,kp-cap001,29,14011392,0.49,0.14
kp-cap001-s29,kp-cap001,29,14042112,0.59,0.14
kp-cap001-s29,kp-cap001,29,14072832,0.45,0.14
kp-cap001-s29,kp-cap001,29,14103552,0.52,0.14
kp-cap001-s29,kp-cap001,29,14134272,0.57,0.14
kp-cap001-s29,kp-cap001,29,14164992,0.66,0.14
kp-cap001-s29,kp-cap001,29,14195712,0.5,0.13
kp-cap001-s29,kp-cap001,29,14226432,0.56,0.14
kp-cap001-s29,kp-cap001,29,14257152,0.53,0.14
kp-cap001-s29,kp-cap001,29,14287872,0.52,0.15
kp-cap001-s29,kp-cap001,29,14318592,0.51,0.15
kp-cap001-s29,kp-cap001,29,14349312,0.51,0.15
kp-cap001-s29,kp-cap001,29,14380032,0.41,0.15
kp-cap001-s29,kp-cap001,29,14410752,0.53,0.15
kp-cap001-s29,kp-cap001,29,14441472,0.47,0.15
kp-cap001-s29,kp-cap001,29,14472192,0.57,0.13
kp-cap001-s29,kp-cap001,29,14502912,0.53,0.13
kp-cap001-s29,kp-cap001,29,14533632,0.57,0.13
kp-cap001-s29,kp-cap001,29,14564352,0.54,0.14
kp-cap001-s29,kp-cap001,29,14595072,0.47,0.14
kp-cap001-s29,kp-cap001,29,14625792,0.47,0.14
kp-cap001-s29,kp-cap001,29,14656512,0.55,0.14
kp-cap001-s29,kp-cap001,29,14687232,0.56,0.15
kp-cap001-s29,kp-cap001,29,14717952,0.49,0.15
kp-cap001-s29,kp-cap001,29,14748672,0.49,0.14
kp-cap001-s29,kp-cap001,29,14779392,0.44,0.15
kp-cap001-s29,kp-cap001,29,14810112,0.54,0.15
kp-cap001-s29,kp-cap001,29,14840832,0.43,0.15
kp-cap001-s29,kp-cap001,29,14871552,0.47,0.15
kp-cap001-s29,kp-cap001,29,14902272,0.56,0.15
kp-cap001-s29,kp-cap001,29,14932992,0.53,0.16
kp-cap001-s29,kp-cap001,29,14963712,0.41,0.16
kp-cap001-s29,kp-cap001,29,14994432,0.45,0.16
kp-cap001-s29,kp-cap001,29,14997504,0.46,0.16
kp-ratchet-s27,kp-ratchet,27,4457472,0.7,-1.0
kp-ratchet-s27,kp-ratchet,27,4488192,0.58,-0.874
kp-ratchet-s27,kp-ratchet,27,4518912,0.56,-0.804
kp-ratchet-s27,kp-ratchet,27,4549632,0.58,-0.753
kp-ratchet-s27,kp-ratchet,27,4580352,0.49,-0.713
kp-ratchet-s27,kp-ratchet,27,4611072,0.54,-0.668
kp-ratchet-s27,kp-ratchet,27,4641792,0.57,-0.656
kp-ratchet-s27,kp-ratchet,27,4672512,0.51,-0.644
kp-ratchet-s27,kp-ratchet,27,4703232,0.63,-0.644
kp-ratchet-s27,kp-ratchet,27,4733952,0.6,-0.603
kp-ratchet-s27,kp-ratchet,27,4764672,0.51,-0.591
kp-ratchet-s27,kp-ratchet,27,4795392,0.56,-0.578
kp-ratchet-s27,kp-ratchet,27,4826112,0.57,-0.55
kp-ratchet-s27,kp-ratchet,27,4856832,0.53,-0.5
kp-ratchet-s27,kp-ratchet,27,4887552,0.53,-0.5
kp-ratchet-s27,kp-ratchet,27,4918272,0.61,-0.488
kp-ratchet-s27,kp-ratchet,27,4948992,0.56,-0.438
kp-ratchet-s27,kp-ratchet,27,4979712,0.52,-0.408
kp-ratchet-s27,kp-ratchet,27,5010432,0.5,-0.392
kp-ratchet-s27,kp-ratchet,27,5041152,0.53,-0.351
kp-ratchet-s27,kp-ratchet,27,5071872,0.61,-0.327
kp-ratchet-s27,kp-ratchet,27,5102592,0.51,-0.316
kp-ratchet-s27,kp-ratchet,27,5133312,0.45,-0.281
kp-ratchet-s27,kp-ratchet,27,5164032,0.64,-0.266
kp-ratchet-s27,kp-ratchet,27,5194752,0.57,-0.252
kp-ratchet-s27,kp-ratchet,27,5225472,0.57,-0.209
kp-ratchet-s27,kp-ratchet,27,5256192,0.55,-0.197
kp-ratchet-s27,kp-ratchet,27,5286912,0.64,-0.172
kp-ratchet-s27,kp-ratchet,27,5317632,0.44,-0.158
kp-ratchet-s27,kp-ratchet,27,5348352,0.52,-0.158
kp-ratchet-s27,kp-ratchet,27,5379072,0.52,-0.144
kp-ratchet-s27,kp-ratchet,27,5409792,0.55,-0.12
kp-ratchet-s27,kp-ratchet,27,5440512,0.59,-0.06
kp-ratchet-s27,kp-ratchet,27,5471232,0.48,-0.021
kp-ratchet-s27,kp-ratchet,27,5501952,0.61,0.011
kp-ratchet-s27,kp-ratchet,27,5532672,0.49,0.022
kp-ratchet-s27,kp-ratchet,27,5563392,0.46,0.022
kp-ratchet-s27,kp-ratchet,27,5594112,0.48,0.022
kp-ratchet-s27,kp-ratchet,27,5624832,0.53,0.033
kp-ratchet-s27,kp-ratchet,27,5655552,0.54,0.033
kp-ratchet-s27,kp-ratchet,27,5686272,0.57,0.044
kp-ratchet-s27,kp-ratchet,27,5716992,0.45,0.044
kp-ratchet-s27,kp-ratchet,27,5747712,0.51,0.044
kp-ratchet-s27,kp-ratchet,27,5778432,0.47,0.044
kp-ratchet-s27,kp-ratchet,27,5809152,0.41,0.044
kp-ratchet-s27,kp-ratchet,27,5839872,0.45,0.044
kp-ratchet-s27,kp-ratchet,27,5870592,0.5,0.044
kp-ratchet-s27,kp-ratchet,27,5901312,0.51,0.044
kp-ratchet-s27,kp-ratchet,27,5932032,0.54,0.044
kp-ratchet-s27,kp-ratchet,27,5962752,0.48,0.044
kp-ratchet-s27,kp-ratchet,27,5993472,0.46,0.044
kp-ratchet-s27,kp-ratchet,27,6024192,0.43,0.058
kp-ratchet-s27,kp-ratchet,27,6054912,0.48,0.058
kp-ratchet-s27,kp-ratchet,27,6085632,0.44,0.058
kp-ratchet-s27,kp-ratchet,27,6116352,0.4,0.058
kp-ratchet-s27,kp-ratchet,27,6147072,0.41,0.058
kp-ratchet-s27,kp-ratchet,27,6177792,0.48,0.058
kp-ratchet-s27,kp-ratchet,27,6208512,0.36,0.058
kp-ratchet-s27,kp-ratchet,27,6239232,0.43,0.058
kp-ratchet-s27,kp-ratchet,27,6269952,0.47,0.058
kp-ratchet-s27,kp-ratchet,27,6300672,0.52,0.058
kp-ratchet-s27,kp-ratchet,27,6331392,0.54,0.058
kp-ratchet-s27,kp-ratchet,27,6362112,0.45,0.058
kp-ratchet-s27,kp-ratchet,27,6392832,0.5,0.058
kp-ratchet-s27,kp-ratchet,27,6423552,0.52,0.058
kp-ratchet-s27,kp-ratchet,27,6454272,0.5,0.058
kp-ratchet-s27,kp-ratchet,27,6484992,0.56,0.058
kp-ratchet-s27,kp-ratchet,27,6515712,0.41,0.058
kp-ratchet-s27,kp-ratchet,27,6546432,0.5,0.058
kp-ratchet-s27,kp-ratchet,27,6577152,0.42,0.058
kp-ratchet-s27,kp-ratchet,27,6607872,0.5,0.058
kp-ratchet-s27,kp-ratchet,27,6638592,0.55,0.058
kp-ratchet-s27,kp-ratchet,27,6669312,0.48,0.058
kp-ratchet-s27,kp-ratchet,27,6700032,0.47,0.058
kp-ratchet-s27,kp-ratchet,27,6730752,0.49,0.058
kp-ratchet-s27,kp-ratchet,27,6761472,0.46,0.058
kp-ratchet-s27,kp-ratchet,27,6792192,0.45,0.058
kp-ratchet-s27,kp-ratchet,27,6822912,0.51,0.058
kp-ratchet-s27,kp-ratchet,27,6853632,0.52,0.058
kp-ratchet-s27,kp-ratchet,27,6884352,0.53,0.058
kp-ratchet-s27,kp-ratchet,27,6915072,0.46,0.058
kp-ratchet-s27,kp-ratchet,27,6945792,0.48,0.058
kp-ratchet-s27,kp-ratchet,27,6976512,0.46,0.058
kp-ratchet-s27,kp-ratchet,27,7007232,0.44,0.058
kp-ratchet-s27,kp-ratchet,27,7037952,0.48,0.058
kp-ratchet-s27,kp-ratchet,27,7068672,0.56,0.058
kp-ratchet-s27,kp-ratchet,27,7099392,0.49,0.058
kp-ratchet-s27,kp-ratchet,27,7130112,0.51,0.058
kp-ratchet-s27,kp-ratchet,27,7160832,0.51,0.07
kp-ratchet-s27,kp-ratchet,27,7191552,0.48,0.07
kp-ratchet-s27,kp-ratchet,27,7222272,0.52,0.07
kp-ratchet-s27,kp-ratchet,27,7252992,0.46,0.07
kp-ratchet-s27,kp-ratchet,27,7283712,0.49,0.07
kp-ratchet-s27,kp-ratchet,27,7314432,0.54,0.07
kp-ratchet-s27,kp-ratchet,27,7345152,0.54,0.07
kp-ratchet-s27,kp-ratchet,27,7375872,0.43,0.07
kp-ratchet-s27,kp-ratchet,27,7406592,0.49,0.07
kp-ratchet-s27,kp-ratchet,27,7437312,0.46,0.07
kp-ratchet-s27,kp-ratchet,27,7468032,0.49,0.07
kp-ratchet-s27,kp-ratchet,27,7498752,0.53,0.07
kp-ratchet-s27,kp-ratchet,27,7529472,0.51,0.07
kp-ratchet-s27,kp-ratchet,27,7560192,0.52,0.07
kp-ratchet-s27,kp-ratchet,27,7590912,0.51,0.07
kp-ratchet-s27,kp-ratchet,27,7621632,0.4,0.07
kp-ratchet-s27,kp-ratchet,27,7652352,0.5,0.07
kp-ratchet-s27,kp-ratchet,27,7683072,0.46,0.07
kp-ratchet-s27,kp-ratchet,27,7713792,0.51,0.082
kp-ratchet-s27,kp-ratchet,27,7744512,0.42,0.082
kp-ratchet-s27,kp-ratchet,27,7775232,0.45,0.082
kp-ratchet-s27,kp-ratchet,27,7805952,0.39,0.082
kp-ratchet-s27,kp-ratchet,27,7836672,0.53,0.082
kp-ratchet-s27,kp-ratchet,27,7867392,0.56,0.082
kp-ratchet-s27,kp-ratchet,27,7898112,0.52,0.082
kp-ratchet-s27,kp-ratchet,27,7928832,0.51,0.082
kp-ratchet-s27,kp-ratchet,27,7959552,0.52,0.082
kp-ratchet-s27,kp-ratchet,27,7990272,0.55,0.082
kp-ratchet-s27,kp-ratchet,27,8020992,0.45,0.082
kp-ratchet-s27,kp-ratchet,27,8051712,0.54,0.082
kp-ratchet-s27,kp-ratchet,27,8082432,0.54,0.082
kp-ratchet-s27,kp-ratchet,27,8113152,0.44,0.082
kp-ratchet-s27,kp-ratchet,27,8143872,0.49,0.082
kp-ratchet-s27,kp-ratchet,27,8174592,0.49,0.082
kp-ratchet-s27,kp-ratchet,27,8205312,0.49,0.082
kp-ratchet-s27,kp-ratchet,27,8236032,0.5,0.082
kp-ratchet-s27,kp-ratchet,27,8266752,0.46,0.082
kp-ratchet-s27,kp-ratchet,27,8297472,0.51,0.082
kp-ratchet-s27,kp-ratchet,27,8328192,0.48,0.082
kp-ratchet-s27,kp-ratchet,27,8358912,0.55,0.082
kp-ratchet-s27,kp-ratchet,27,8389632,0.45,0.095
kp-ratchet-s27,kp-ratchet,27,8420352,0.4,0.095
kp-ratchet-s27,kp-ratchet,27,8451072,0.48,0.095
kp-ratchet-s27,kp-ratchet,27,8481792,0.47,0.095
kp-ratchet-s27,kp-ratchet,27,8512512,0.48,0.095
kp-ratchet-s27,kp-ratchet,27,8543232,0.44,0.095
kp-ratchet-s27,kp-ratchet,27,8573952,0.51,0.111
kp-ratchet-s27,kp-ratchet,27,8604672,0.5,0.111
kp-ratchet-s27,kp-ratchet,27,8635392,0.5,0.111
kp-ratchet-s27,kp-ratchet,27,8666112,0.45,0.111
kp-ratchet-s27,kp-ratchet,27,8696832,0.46,0.111
kp-ratchet-s27,kp-ratchet,27,8727552,0.48,0.111
kp-ratchet-s27,kp-ratchet,27,8758272,0.46,0.111
kp-ratchet-s27,kp-ratchet,27,8788992,0.41,0.111
kp-ratchet-s27,kp-ratchet,27,8819712,0.46,0.111
kp-ratchet-s27,kp-ratchet,27,8850432,0.41,0.111
kp-ratchet-s27,kp-ratchet,27,8881152,0.37,0.111
kp-ratchet-s27,kp-ratchet,27,8911872,0.5,0.111
kp-ratchet-s27,kp-ratchet,27,8942592,0.37,0.111
kp-ratchet-s27,kp-ratchet,27,8973312,0.4,0.111
kp-ratchet-s27,kp-ratchet,27,9004032,0.4,0.111
kp-ratchet-s27,kp-ratchet,27,9034752,0.46,0.111
kp-ratchet-s27,kp-ratchet,27,9065472,0.5,0.111
kp-ratchet-s27,kp-ratchet,27,9096192,0.44,0.111
kp-ratchet-s27,kp-ratchet,27,9126912,0.48,0.111
kp-ratchet-s27,kp-ratchet,27,9157632,0.47,0.111
kp-ratchet-s27,kp-ratchet,27,9188352,0.46,0.111
kp-ratchet-s27,kp-ratchet,27,9219072,0.53,0.111
kp-ratchet-s27,kp-ratchet,27,9249792,0.43,0.111
kp-ratchet-s27,kp-ratchet,27,9280512,0.48,0.111
kp-ratchet-s27,kp-ratchet,27,9311232,0.54,0.111
kp-ratchet-s27,kp-ratchet,27,9341952,0.52,0.111
kp-ratchet-s27,kp-ratchet,27,9372672,0.53,0.111
kp-ratchet-s27,kp-ratchet,27,9403392,0.4,0.111
kp-ratchet-s27,kp-ratchet,27,9434112,0.5,0.123
kp-ratchet-s27,kp-ratchet,27,9464832,0.52,0.123
kp-ratchet-s27,kp-ratchet,27,9495552,0.46,0.123
kp-ratchet-s27,kp-ratchet,27,9526272,0.53,0.123
kp-ratchet-s27,kp-ratchet,27,9556992,0.47,0.123
kp-ratchet-s27,kp-ratchet,27,9587712,0.55,0.123
kp-ratchet-s27,kp-ratchet,27,9618432,0.5,0.123
kp-ratchet-s27,kp-ratchet,27,9649152,0.51,0.123
kp-ratchet-s27,kp-ratchet,27,9679872,0.43,0.123
kp-ratchet-s27,kp-ratchet,27,9710592,0.45,0.123
kp-ratchet-s27,kp-ratchet,27,9741312,0.42,0.123
kp-ratchet-s27,kp-ratchet,27,9772032,0.53,0.123
kp-ratchet-s27,kp-ratchet,27,9802752,0.52,0.123
kp-ratchet-s27,kp-ratchet,27,9833472,0.55,0.123
kp-ratchet-s27,kp-ratchet,27,9864192,0.42,0.123
kp-ratchet-s27,kp-ratchet,27,9894912,0.44,0.123
kp-ratchet-s27,kp-ratchet,27,9925632,0.44,0.123
kp-ratchet-s27,kp-ratchet,27,9956352,0.56,0.123
kp-ratchet-s27,kp-ratchet,27,9987072,0.49,0.123
kp-ratchet-s27,kp-ratchet,27,10017792,0.56,0.123
kp-ratchet-s27,kp-ratchet,27,10048512,0.5,0.123
kp-ratchet-s27,kp-ratchet,27,10079232,0.42,0.123
kp-ratchet-s27,kp-ratchet,27,10109952,0.46,0.137
kp-ratchet-s27,kp-ratchet,27,10140672,0.37,0.137
kp-ratchet-s27,kp-ratchet,27,10171392,0.52,0.137
kp-ratchet-s27,kp-ratchet,27,10202112,0.44,0.148
kp-ratchet-s27,kp-ratchet,27,10232832,0.44,0.148
kp-ratchet-s27,kp-ratchet,27,10263552,0.46,0.148
kp-ratchet-s27,kp-ratchet,27,10294272,0.42,0.148
kp-ratchet-s27,kp-ratchet,27,10324992,0.44,0.148
kp-ratchet-s27,kp-ratchet,27,10355712,0.48,0.148
kp-ratchet-s27,kp-ratchet,27,10386432,0.47,0.148
kp-ratchet-s27,kp-ratchet,27,10417152,0.47,0.148
kp-ratchet-s27,kp-ratchet,27,10447872,0.51,0.148
kp-ratchet-s27,kp-ratchet,27,10478592,0.53,0.148
kp-ratchet-s27,kp-ratchet,27,10509312,0.42,0.159
kp-ratchet-s27,kp-ratchet,27,10540032,0.45,0.159
kp-ratchet-s27,kp-ratchet,27,10570752,0.47,0.159
kp-ratchet-s27,kp-ratchet,27,10601472,0.44,0.159
kp-ratchet-s27,kp-ratchet,27,10632192,0.42,0.159
kp-ratchet-s27,kp-ratchet,27,10662912,0.4,0.159
kp-ratchet-s27,kp-ratchet,27,10693632,0.44,0.159
kp-ratchet-s27,kp-ratchet,27,10724352,0.5,0.159
kp-ratchet-s27,kp-ratchet,27,10755072,0.4,0.159
kp-ratchet-s27,kp-ratchet,27,10785792,0.39,0.159
kp-ratchet-s27,kp-ratchet,27,10816512,0.43,0.159
kp-ratchet-s27,kp-ratchet,27,10847232,0.43,0.159
kp-ratchet-s27,kp-ratchet,27,10877952,0.48,0.159
kp-ratchet-s27,kp-ratchet,27,10908672,0.42,0.159
kp-ratchet-s27,kp-ratchet,27,10939392,0.57,0.159
kp-ratchet-s27,kp-ratchet,27,10970112,0.42,0.159
kp-ratchet-s27,kp-ratchet,27,11000832,0.43,0.159
kp-ratchet-s27,kp-ratchet,27,11031552,0.4,0.159
kp-ratchet-s27,kp-ratchet,27,11062272,0.45,0.159
kp-ratchet-s27,kp-ratchet,27,11092992,0.45,0.159
kp-ratchet-s27,kp-ratchet,27,11123712,0.42,0.159
kp-ratchet-s27,kp-ratchet,27,11154432,0.47,0.159
kp-ratchet-s27,kp-ratchet,27,11185152,0.43,0.159
kp-ratchet-s27,kp-ratchet,27,11215872,0.44,0.159
kp-ratchet-s27,kp-ratchet,27,11246592,0.46,0.159
kp-ratchet-s27,kp-ratchet,27,11277312,0.39,0.159
kp-ratchet-s27,kp-ratchet,27,11308032,0.54,0.159
kp-ratchet-s27,kp-ratchet,27,11338752,0.52,0.159
kp-ratchet-s27,kp-ratchet,27,11369472,0.45,0.159
kp-ratchet-s27,kp-ratchet,27,11400192,0.52,0.159
kp-ratchet-s27,kp-ratchet,27,11430912,0.53,0.159
kp-ratchet-s27,kp-ratchet,27,11461632,0.43,0.159
kp-ratchet-s27,kp-ratchet,27,11492352,0.45,0.159
kp-ratchet-s27,kp-ratchet,27,11523072,0.43,0.159
kp-ratchet-s27,kp-ratchet,27,11553792,0.53,0.159
kp-ratchet-s27,kp-ratchet,27,11584512,0.46,0.159
kp-ratchet-s27,kp-ratchet,27,11615232,0.55,0.159
kp-ratchet-s27,kp-ratchet,27,11645952,0.42,0.159
kp-ratchet-s27,kp-ratchet,27,11676672,0.57,0.159
kp-ratchet-s27,kp-ratchet,27,11707392,0.54,0.159
kp-ratchet-s27,kp-ratchet,27,11738112,0.44,0.159
kp-ratchet-s27,kp-ratchet,27,11768832,0.52,0.159
kp-ratchet-s27,kp-ratchet,27,11799552,0.54,0.159
kp-ratchet-s27,kp-ratchet,27,11830272,0.49,0.159
kp-ratchet-s27,kp-ratchet,27,11860992,0.51,0.159
kp-ratchet-s27,kp-ratchet,27,11891712,0.34,0.159
kp-ratchet-s27,kp-ratchet,27,11922432,0.58,0.159
kp-ratchet-s27,kp-ratchet,27,11953152,0.52,0.159
kp-ratchet-s27,kp-ratchet,27,11983872,0.46,0.159
kp-ratchet-s27,kp-ratchet,27,12014592,0.46,0.159
kp-ratchet-s27,kp-ratchet,27,12045312,0.48,0.159
kp-ratchet-s27,kp-ratchet,27,12076032,0.51,0.159
kp-ratchet-s27,kp-ratchet,27,12106752,0.48,0.159
kp-ratchet-s27,kp-ratchet,27,12137472,0.59,0.159
kp-ratchet-s27,kp-ratchet,27,12168192,0.43,0.159
kp-ratchet-s27,kp-ratchet,27,12198912,0.5,0.159
kp-ratchet-s27,kp-ratchet,27,12229632,0.48,0.159
kp-ratchet-s27,kp-ratchet,27,12260352,0.55,0.159
kp-ratchet-s27,kp-ratchet,27,12291072,0.49,0.159
kp-ratchet-s27,kp-ratchet,27,12321792,0.51,0.159
kp-ratchet-s27,kp-ratchet,27,12352512,0.54,0.159
kp-ratchet-s27,kp-ratchet,27,12383232,0.49,0.171
kp-ratchet-s27,kp-ratchet,27,12413952,0.46,0.171
kp-ratchet-s27,kp-ratchet,27,12444672,0.46,0.171
kp-ratchet-s27,kp-ratchet,27,12475392,0.42,0.171
kp-ratchet-s27,kp-ratchet,27,12506112,0.51,0.171
kp-ratchet-s27,kp-ratchet,27,12536832,0.46,0.171
kp-ratchet-s27,kp-ratchet,27,12567552,0.5,0.171
kp-ratchet-s27,kp-ratchet,27,12598272,0.46,0.185
kp-ratchet-s27,kp-ratchet,27,12628992,0.54,0.185
kp-ratchet-s27,kp-ratchet,27,12659712,0.38,0.185
kp-ratchet-s27,kp-ratchet,27,12690432,0.45,0.185
kp-ratchet-s27,kp-ratchet,27,12721152,0.48,0.185
kp-ratchet-s27,kp-ratchet,27,12751872,0.49,0.185
kp-ratchet-s27,kp-ratchet,27,12782592,0.44,0.185
kp-ratchet-s27,kp-ratchet,27,12813312,0.57,0.185
kp-ratchet-s27,kp-ratchet,27,12844032,0.44,0.185
kp-ratchet-s27,kp-ratchet,27,12874752,0.47,0.185
kp-ratchet-s27,kp-ratchet,27,12905472,0.57,0.185
kp-ratchet-s27,kp-ratchet,27,12936192,0.5,0.185
kp-ratchet-s27,kp-ratchet,27,12966912,0.47,0.185
kp-ratchet-s27,kp-ratchet,27,12997632,0.42,0.185
kp-ratchet-s27,kp-ratchet,27,13028352,0.39,0.185
kp-ratchet-s27,kp-ratchet,27,13059072,0.48,0.185
kp-ratchet-s27,kp-ratchet,27,13089792,0.36,0.185
kp-ratchet-s27,kp-ratchet,27,13120512,0.52,0.185
kp-ratchet-s27,kp-ratchet,27,13151232,0.56,0.185
kp-ratchet-s27,kp-ratchet,27,13181952,0.42,0.185
kp-ratchet-s27,kp-ratchet,27,13212672,0.43,0.185
kp-ratchet-s27,kp-ratchet,27,13243392,0.38,0.185
kp-ratchet-s27,kp-ratchet,27,13274112,0.46,0.185
kp-ratchet-s27,kp-ratchet,27,13304832,0.42,0.185
kp-ratchet-s27,kp-ratchet,27,13335552,0.53,0.185
kp-ratchet-s27,kp-ratchet,27,13366272,0.44,0.185
kp-ratchet-s27,kp-ratchet,27,13396992,0.38,0.185
kp-ratchet-s27,kp-ratchet,27,13427712,0.46,0.196
kp-ratchet-s27,kp-ratchet,27,13458432,0.53,0.196
kp-ratchet-s27,kp-ratchet,27,13489152,0.42,0.196
kp-ratchet-s27,kp-ratchet,27,13519872,0.5,0.196
kp-ratchet-s27,kp-ratchet,27,13550592,0.45,0.196
kp-ratchet-s27,kp-ratchet,27,13581312,0.56,0.196
kp-ratchet-s27,kp-ratchet,27,13612032,0.48,0.21
kp-ratchet-s27,kp-ratchet,27,13642752,0.46,0.21
kp-ratchet-s27,kp-ratchet,27,13673472,0.41,0.21
kp-ratchet-s27,kp-ratchet,27,13704192,0.32,0.21
kp-ratchet-s27,kp-ratchet,27,13734912,0.44,0.21
kp-ratchet-s27,kp-ratchet,27,13765632,0.34,0.21
kp-ratchet-s27,kp-ratchet,27,13796352,0.53,0.21
kp-ratchet-s27,kp-ratchet,27,13827072,0.46,0.21
kp-ratchet-s27,kp-ratchet,27,13857792,0.39,0.21
kp-ratchet-s27,kp-ratchet,27,13888512,0.48,0.21
kp-ratchet-s27,kp-ratchet,27,13919232,0.51,0.21
kp-ratchet-s27,kp-ratchet,27,13949952,0.53,0.21
kp-ratchet-s27,kp-ratchet,27,13980672,0.39,0.21
kp-ratchet-s27,kp-ratchet,27,14011392,0.49,0.21
kp-ratchet-s27,kp-ratchet,27,14042112,0.45,0.21
kp-ratchet-s27,kp-ratchet,27,14072832,0.58,0.21
kp-ratchet-s27,kp-ratchet,27,14103552,0.42,0.21
kp-ratchet-s27,kp-ratchet,27,14134272,0.54,0.21
kp-ratchet-s27,kp-ratchet,27,14164992,0.45,0.21
kp-ratchet-s27,kp-ratchet,27,14195712,0.52,0.21
kp-ratchet-s27,kp-ratchet,27,14226432,0.41,0.21
kp-ratchet-s27,kp-ratchet,27,14257152,0.47,0.21
kp-ratchet-s27,kp-ratchet,27,14287872,0.48,0.21
kp-ratchet-s27,kp-ratchet,27,14318592,0.48,0.21
kp-ratchet-s27,kp-ratchet,27,14349312,0.53,0.21
kp-ratchet-s27,kp-ratchet,27,14380032,0.54,0.21
kp-ratchet-s27,kp-ratchet,27,14410752,0.46,0.21
kp-ratchet-s27,kp-ratchet,27,14441472,0.54,0.21
kp-ratchet-s27,kp-ratchet,27,14472192,0.55,0.21
kp-ratchet-s27,kp-ratchet,27,14502912,0.43,0.21
kp-ratchet-s27,kp-ratchet,27,14533632,0.51,0.21
kp-ratchet-s27,kp-ratchet,27,14564352,0.53,0.21
kp-ratchet-s27,kp-ratchet,27,14595072,0.5,0.21
kp-ratchet-s27,kp-ratchet,27,14625792,0.52,0.21
kp-ratchet-s27,kp-ratchet,27,14656512,0.52,0.21
kp-ratchet-s27,kp-ratchet,27,14687232,0.54,0.21
kp-ratchet-s27,kp-ratchet,27,14717952,0.47,0.21
kp-ratchet-s27,kp-ratchet,27,14748672,0.57,0.21
kp-ratchet-s27,kp-ratchet,27,14779392,0.53,0.21
kp-ratchet-s27,kp-ratchet,27,14810112,0.51,0.21
kp-ratchet-s27,kp-ratchet,27,14840832,0.42,0.21
kp-ratchet-s27,kp-ratchet,27,14871552,0.48,0.21
kp-ratchet-s27,kp-ratchet,27,14902272,0.54,0.21
kp-ratchet-s27,kp-ratchet,27,14932992,0.47,0.21
kp-ratchet-s27,kp-ratchet,27,14963712,0.49,0.21
kp-ratchet-s27,kp-ratchet,27,14994432,0.43,0.21
kp-ratchet-s27,kp-ratchet,27,14997504,0.49,0.21
kp-ratchet-s28,kp-ratchet,28,4457472,0.67,-1.0
kp-ratchet-s28,kp-ratchet,28,4488192,0.65,-0.881
kp-ratchet-s28,kp-ratchet,28,4518912,0.61,-0.825
kp-ratchet-s28,kp-ratchet,28,4549632,0.64,-0.763
kp-ratchet-s28,kp-ratchet,28,4580352,0.51,-0.71
kp-ratchet-s28,kp-ratchet,28,4611072,0.49,-0.69
kp-ratchet-s28,kp-ratchet,28,4641792,0.52,-0.663
kp-ratchet-s28,kp-ratchet,28,4672512,0.52,-0.652
kp-ratchet-s28,kp-ratchet,28,4703232,0.54,-0.641
kp-ratchet-s28,kp-ratchet,28,4733952,0.57,-0.618
kp-ratchet-s28,kp-ratchet,28,4764672,0.54,-0.587
kp-ratchet-s28,kp-ratchet,28,4795392,0.47,-0.517
kp-ratchet-s28,kp-ratchet,28,4826112,0.63,-0.488
kp-ratchet-s28,kp-ratchet,28,4856832,0.54,-0.464
kp-ratchet-s28,kp-ratchet,28,4887552,0.47,-0.464
kp-ratchet-s28,kp-ratchet,28,4918272,0.47,-0.464
kp-ratchet-s28,kp-ratchet,28,4948992,0.53,-0.412
kp-ratchet-s28,kp-ratchet,28,4979712,0.61,-0.398
kp-ratchet-s28,kp-ratchet,28,5010432,0.58,-0.387
kp-ratchet-s28,kp-ratchet,28,5041152,0.57,-0.358
kp-ratchet-s28,kp-ratchet,28,5071872,0.55,-0.333
kp-ratchet-s28,kp-ratchet,28,5102592,0.54,-0.321
kp-ratchet-s28,kp-ratchet,28,5133312,0.53,-0.309
kp-ratchet-s28,kp-ratchet,28,5164032,0.57,-0.309
kp-ratchet-s28,kp-ratchet,28,5194752,0.61,-0.309
kp-ratchet-s28,kp-ratchet,28,5225472,0.55,-0.284
kp-ratchet-s28,kp-ratchet,28,5256192,0.57,-0.273
kp-ratchet-s28,kp-ratchet,28,5286912,0.53,-0.258
kp-ratchet-s28,kp-ratchet,28,5317632,0.56,-0.258
kp-ratchet-s28,kp-ratchet,28,5348352,0.53,-0.234
kp-ratchet-s28,kp-ratchet,28,5379072,0.53,-0.175
kp-ratchet-s28,kp-ratchet,28,5409792,0.5,-0.175
kp-ratchet-s28,kp-ratchet,28,5440512,0.57,-0.161
kp-ratchet-s28,kp-ratchet,28,5471232,0.49,-0.137
kp-ratchet-s28,kp-ratchet,28,5501952,0.57,-0.137
kp-ratchet-s28,kp-ratchet,28,5532672,0.55,-0.123
kp-ratchet-s28,kp-ratchet,28,5563392,0.58,-0.095
kp-ratchet-s28,kp-ratchet,28,5594112,0.53,-0.095
kp-ratchet-s28,kp-ratchet,28,5624832,0.54,-0.054
kp-ratchet-s28,kp-ratchet,28,5655552,0.57,-0.016
kp-ratchet-s28,kp-ratchet,28,5686272,0.47,0.012
kp-ratchet-s28,kp-ratchet,28,5716992,0.48,0.025
kp-ratchet-s28,kp-ratchet,28,5747712,0.58,0.025
kp-ratchet-s28,kp-ratchet,28,5778432,0.51,0.025
kp-ratchet-s28,kp-ratchet,28,5809152,0.54,0.025
kp-ratchet-s28,kp-ratchet,28,5839872,0.63,0.025
kp-ratchet-s28,kp-ratchet,28,5870592,0.5,0.038
kp-ratchet-s28,kp-ratchet,28,5901312,0.48,0.038
kp-ratchet-s28,kp-ratchet,28,5932032,0.48,0.038
kp-ratchet-s28,kp-ratchet,28,5962752,0.46,0.038
kp-ratchet-s28,kp-ratchet,28,5993472,0.52,0.038
kp-ratchet-s28,kp-ratchet,28,6024192,0.44,0.038
kp-ratchet-s28,kp-ratchet,28,6054912,0.4,0.038
kp-ratchet-s28,kp-ratchet,28,6085632,0.51,0.038
kp-ratchet-s28,kp-ratchet,28,6116352,0.54,0.038
kp-ratchet-s28,kp-ratchet,28,6147072,0.43,0.038
kp-ratchet-s28,kp-ratchet,28,6177792,0.45,0.038
kp-ratchet-s28,kp-ratchet,28,6208512,0.51,0.038
kp-ratchet-s28,kp-ratchet,28,6239232,0.42,0.049
kp-ratchet-s28,kp-ratchet,28,6269952,0.52,0.049
kp-ratchet-s28,kp-ratchet,28,6300672,0.45,0.049
kp-ratchet-s28,kp-ratchet,28,6331392,0.39,0.049
kp-ratchet-s28,kp-ratchet,28,6362112,0.45,0.049
kp-ratchet-s28,kp-ratchet,28,6392832,0.47,0.049
kp-ratchet-s28,kp-ratchet,28,6423552,0.46,0.049
kp-ratchet-s28,kp-ratchet,28,6454272,0.38,0.049
kp-ratchet-s28,kp-ratchet,28,6484992,0.58,0.049
kp-ratchet-s28,kp-ratchet,28,6515712,0.39,0.049
kp-ratchet-s28,kp-ratchet,28,6546432,0.49,0.049
kp-ratchet-s28,kp-ratchet,28,6577152,0.53,0.049
kp-ratchet-s28,kp-ratchet,28,6607872,0.44,0.049
kp-ratchet-s28,kp-ratchet,28,6638592,0.49,0.049
kp-ratchet-s28,kp-ratchet,28,6669312,0.59,0.049
kp-ratchet-s28,kp-ratchet,28,6700032,0.54,0.049
kp-ratchet-s28,kp-ratchet,28,6730752,0.5,0.049
kp-ratchet-s28,kp-ratchet,28,6761472,0.46,0.049
kp-ratchet-s28,kp-ratchet,28,6792192,0.45,0.049
kp-ratchet-s28,kp-ratchet,28,6822912,0.51,0.049
kp-ratchet-s28,kp-ratchet,28,6853632,0.47,0.063
kp-ratchet-s28,kp-ratchet,28,6884352,0.46,0.063
kp-ratchet-s28,kp-ratchet,28,6915072,0.52,0.063
kp-ratchet-s28,kp-ratchet,28,6945792,0.47,0.063
kp-ratchet-s28,kp-ratchet,28,6976512,0.52,0.063
kp-ratchet-s28,kp-ratchet,28,7007232,0.49,0.063
kp-ratchet-s28,kp-ratchet,28,7037952,0.47,0.063
kp-ratchet-s28,kp-ratchet,28,7068672,0.51,0.063
kp-ratchet-s28,kp-ratchet,28,7099392,0.46,0.063
kp-ratchet-s28,kp-ratchet,28,7130112,0.44,0.063
kp-ratchet-s28,kp-ratchet,28,7160832,0.45,0.063
kp-ratchet-s28,kp-ratchet,28,7191552,0.43,0.063
kp-ratchet-s28,kp-ratchet,28,7222272,0.34,0.063
kp-ratchet-s28,kp-ratchet,28,7252992,0.51,0.063
kp-ratchet-s28,kp-ratchet,28,7283712,0.43,0.063
kp-ratchet-s28,kp-ratchet,28,7314432,0.44,0.063
kp-ratchet-s28,kp-ratchet,28,7345152,0.48,0.076
kp-ratchet-s28,kp-ratchet,28,7375872,0.45,0.076
kp-ratchet-s28,kp-ratchet,28,7406592,0.53,0.076
kp-ratchet-s28,kp-ratchet,28,7437312,0.52,0.076
kp-ratchet-s28,kp-ratchet,28,7468032,0.43,0.076
kp-ratchet-s28,kp-ratchet,28,7498752,0.41,0.076
kp-ratchet-s28,kp-ratchet,28,7529472,0.43,0.076
kp-ratchet-s28,kp-ratchet,28,7560192,0.5,0.076
kp-ratchet-s28,kp-ratchet,28,7590912,0.52,0.076
kp-ratchet-s28,kp-ratchet,28,7621632,0.39,0.076
kp-ratchet-s28,kp-ratchet,28,7652352,0.45,0.076
kp-ratchet-s28,kp-ratchet,28,7683072,0.43,0.076
kp-ratchet-s28,kp-ratchet,28,7713792,0.47,0.076
kp-ratchet-s28,kp-ratchet,28,7744512,0.34,0.076
kp-ratchet-s28,kp-ratchet,28,7775232,0.45,0.076
kp-ratchet-s28,kp-ratchet,28,7805952,0.49,0.076
kp-ratchet-s28,kp-ratchet,28,7836672,0.47,0.076
kp-ratchet-s28,kp-ratchet,28,7867392,0.46,0.076
kp-ratchet-s28,kp-ratchet,28,7898112,0.4,0.076
kp-ratchet-s28,kp-ratchet,28,7928832,0.49,0.076
kp-ratchet-s28,kp-ratchet,28,7959552,0.47,0.076
kp-ratchet-s28,kp-ratchet,28,7990272,0.41,0.076
kp-ratchet-s28,kp-ratchet,28,8020992,0.53,0.076
kp-ratchet-s28,kp-ratchet,28,8051712,0.45,0.076
kp-ratchet-s28,kp-ratchet,28,8082432,0.53,0.076
kp-ratchet-s28,kp-ratchet,28,8113152,0.56,0.076
kp-ratchet-s28,kp-ratchet,28,8143872,0.47,0.076
kp-ratchet-s28,kp-ratchet,28,8174592,0.4,0.076
kp-ratchet-s28,kp-ratchet,28,8205312,0.45,0.087
kp-ratchet-s28,kp-ratchet,28,8236032,0.4,0.087
kp-ratchet-s28,kp-ratchet,28,8266752,0.38,0.087
kp-ratchet-s28,kp-ratchet,28,8297472,0.51,0.087
kp-ratchet-s28,kp-ratchet,28,8328192,0.43,0.087
kp-ratchet-s28,kp-ratchet,28,8358912,0.47,0.087
kp-ratchet-s28,kp-ratchet,28,8389632,0.37,0.087
kp-ratchet-s28,kp-ratchet,28,8420352,0.41,0.087
kp-ratchet-s28,kp-ratchet,28,8451072,0.48,0.087
kp-ratchet-s28,kp-ratchet,28,8481792,0.43,0.087
kp-ratchet-s28,kp-ratchet,28,8512512,0.52,0.087
kp-ratchet-s28,kp-ratchet,28,8543232,0.49,0.087
kp-ratchet-s28,kp-ratchet,28,8573952,0.56,0.087
kp-ratchet-s28,kp-ratchet,28,8604672,0.51,0.087
kp-ratchet-s28,kp-ratchet,28,8635392,0.44,0.087
kp-ratchet-s28,kp-ratchet,28,8666112,0.44,0.087
kp-ratchet-s28,kp-ratchet,28,8696832,0.43,0.087
kp-ratchet-s28,kp-ratchet,28,8727552,0.45,0.087
kp-ratchet-s28,kp-ratchet,28,8758272,0.5,0.087
kp-ratchet-s28,kp-ratchet,28,8788992,0.44,0.087
kp-ratchet-s28,kp-ratchet,28,8819712,0.43,0.087
kp-ratchet-s28,kp-ratchet,28,8850432,0.49,0.087
kp-ratchet-s28,kp-ratchet,28,8881152,0.49,0.087
kp-ratchet-s28,kp-ratchet,28,8911872,0.47,0.087
kp-ratchet-s28,kp-ratchet,28,8942592,0.59,0.087
kp-ratchet-s28,kp-ratchet,28,8973312,0.48,0.087
kp-ratchet-s28,kp-ratchet,28,9004032,0.49,0.087
kp-ratchet-s28,kp-ratchet,28,9034752,0.47,0.087
kp-ratchet-s28,kp-ratchet,28,9065472,0.42,0.087
kp-ratchet-s28,kp-ratchet,28,9096192,0.44,0.087
kp-ratchet-s28,kp-ratchet,28,9126912,0.56,0.087
kp-ratchet-s28,kp-ratchet,28,9157632,0.45,0.087
kp-ratchet-s28,kp-ratchet,28,9188352,0.55,0.087
kp-ratchet-s28,kp-ratchet,28,9219072,0.42,0.087
kp-ratchet-s28,kp-ratchet,28,9249792,0.44,0.087
kp-ratchet-s28,kp-ratchet,28,9280512,0.51,0.087
kp-ratchet-s28,kp-ratchet,28,9311232,0.48,0.099
kp-ratchet-s28,kp-ratchet,28,9341952,0.53,0.099
kp-ratchet-s28,kp-ratchet,28,9372672,0.44,0.099
kp-ratchet-s28,kp-ratchet,28,9403392,0.48,0.099
kp-ratchet-s28,kp-ratchet,28,9434112,0.48,0.099
kp-ratchet-s28,kp-ratchet,28,9464832,0.43,0.099
kp-ratchet-s28,kp-ratchet,28,9495552,0.49,0.099
kp-ratchet-s28,kp-ratchet,28,9526272,0.53,0.099
kp-ratchet-s28,kp-ratchet,28,9556992,0.48,0.099
kp-ratchet-s28,kp-ratchet,28,9587712,0.53,0.099
kp-ratchet-s28,kp-ratchet,28,9618432,0.51,0.099
kp-ratchet-s28,kp-ratchet,28,9649152,0.51,0.099
kp-ratchet-s28,kp-ratchet,28,9679872,0.5,0.099
kp-ratchet-s28,kp-ratchet,28,9710592,0.47,0.099
kp-ratchet-s28,kp-ratchet,28,9741312,0.49,0.099
kp-ratchet-s28,kp-ratchet,28,9772032,0.52,0.099
kp-ratchet-s28,kp-ratchet,28,9802752,0.57,0.099
kp-ratchet-s28,kp-ratchet,28,9833472,0.46,0.099
kp-ratchet-s28,kp-ratchet,28,9864192,0.49,0.099
kp-ratchet-s28,kp-ratchet,28,9894912,0.44,0.099
kp-ratchet-s28,kp-ratchet,28,9925632,0.49,0.114
kp-ratchet-s28,kp-ratchet,28,9956352,0.36,0.114
kp-ratchet-s28,kp-ratchet,28,9987072,0.47,0.114
kp-ratchet-s28,kp-ratchet,28,10017792,0.39,0.114
kp-ratchet-s28,kp-ratchet,28,10048512,0.46,0.114
kp-ratchet-s28,kp-ratchet,28,10079232,0.47,0.114
kp-ratchet-s28,kp-ratchet,28,10109952,0.38,0.114
kp-ratchet-s28,kp-ratchet,28,10140672,0.47,0.114
kp-ratchet-s28,kp-ratchet,28,10171392,0.52,0.114
kp-ratchet-s28,kp-ratchet,28,10202112,0.43,0.114
kp-ratchet-s28,kp-ratchet,28,10232832,0.49,0.114
kp-ratchet-s28,kp-ratchet,28,10263552,0.5,0.114
kp-ratchet-s28,kp-ratchet,28,10294272,0.48,0.114
kp-ratchet-s28,kp-ratchet,28,10324992,0.48,0.114
kp-ratchet-s28,kp-ratchet,28,10355712,0.47,0.114
kp-ratchet-s28,kp-ratchet,28,10386432,0.41,0.114
kp-ratchet-s28,kp-ratchet,28,10417152,0.46,0.114
kp-ratchet-s28,kp-ratchet,28,10447872,0.5,0.114
kp-ratchet-s28,kp-ratchet,28,10478592,0.53,0.114
kp-ratchet-s28,kp-ratchet,28,10509312,0.48,0.114
kp-ratchet-s28,kp-ratchet,28,10540032,0.49,0.114
kp-ratchet-s28,kp-ratchet,28,10570752,0.57,0.114
kp-ratchet-s28,kp-ratchet,28,10601472,0.5,0.114
kp-ratchet-s28,kp-ratchet,28,10632192,0.5,0.114
kp-ratchet-s28,kp-ratchet,28,10662912,0.55,0.114
kp-ratchet-s28,kp-ratchet,28,10693632,0.61,0.114
kp-ratchet-s28,kp-ratchet,28,10724352,0.43,0.137
kp-ratchet-s28,kp-ratchet,28,10755072,0.4,0.137
kp-ratchet-s28,kp-ratchet,28,10785792,0.44,0.137
kp-ratchet-s28,kp-ratchet,28,10816512,0.47,0.137
kp-ratchet-s28,kp-ratchet,28,10847232,0.4,0.137
kp-ratchet-s28,kp-ratchet,28,10877952,0.43,0.137
kp-ratchet-s28,kp-ratchet,28,10908672,0.44,0.137
kp-ratchet-s28,kp-ratchet,28,10939392,0.45,0.137
kp-ratchet-s28,kp-ratchet,28,10970112,0.48,0.137
kp-ratchet-s28,kp-ratchet,28,11000832,0.44,0.137
kp-ratchet-s28,kp-ratchet,28,11031552,0.42,0.137
kp-ratchet-s28,kp-ratchet,28,11062272,0.5,0.137
kp-ratchet-s28,kp-ratchet,28,11092992,0.45,0.137
kp-ratchet-s28,kp-ratchet,28,11123712,0.41,0.137
kp-ratchet-s28,kp-ratchet,28,11154432,0.44,0.137
kp-ratchet-s28,kp-ratchet,28,11185152,0.52,0.137
kp-ratchet-s28,kp-ratchet,28,11215872,0.42,0.137
kp-ratchet-s28,kp-ratchet,28,11246592,0.47,0.137
kp-ratchet-s28,kp-ratchet,28,11277312,0.47,0.137
kp-ratchet-s28,kp-ratchet,28,11308032,0.49,0.137
kp-ratchet-s28,kp-ratchet,28,11338752,0.44,0.137
kp-ratchet-s28,kp-ratchet,28,11369472,0.35,0.137
kp-ratchet-s28,kp-ratchet,28,11400192,0.5,0.137
kp-ratchet-s28,kp-ratchet,28,11430912,0.49,0.137
kp-ratchet-s28,kp-ratchet,28,11461632,0.46,0.137
kp-ratchet-s28,kp-ratchet,28,11492352,0.42,0.137
kp-ratchet-s28,kp-ratchet,28,11523072,0.51,0.137
kp-ratchet-s28,kp-ratchet,28,11553792,0.48,0.149
kp-ratchet-s28,kp-ratchet,28,11584512,0.41,0.149
kp-ratchet-s28,kp-ratchet,28,11615232,0.5,0.149
kp-ratchet-s28,kp-ratchet,28,11645952,0.41,0.149
kp-ratchet-s28,kp-ratchet,28,11676672,0.53,0.149
kp-ratchet-s28,kp-ratchet,28,11707392,0.44,0.149
kp-ratchet-s28,kp-ratchet,28,11738112,0.41,0.149
kp-ratchet-s28,kp-ratchet,28,11768832,0.47,0.149
kp-ratchet-s28,kp-ratchet,28,11799552,0.44,0.149
kp-ratchet-s28,kp-ratchet,28,11830272,0.5,0.149
kp-ratchet-s28,kp-ratchet,28,11860992,0.55,0.149
kp-ratchet-s28,kp-ratchet,28,11891712,0.51,0.149
kp-ratchet-s28,kp-ratchet,28,11922432,0.5,0.149
kp-ratchet-s28,kp-ratchet,28,11953152,0.59,0.149
kp-ratchet-s28,kp-ratchet,28,11983872,0.54,0.149
kp-ratchet-s28,kp-ratchet,28,12014592,0.52,0.149
kp-ratchet-s28,kp-ratchet,28,12045312,0.4,0.149
kp-ratchet-s28,kp-ratchet,28,12076032,0.43,0.149
kp-ratchet-s28,kp-ratchet,28,12106752,0.52,0.149
kp-ratchet-s28,kp-ratchet,28,12137472,0.57,0.149
kp-ratchet-s28,kp-ratchet,28,12168192,0.5,0.149
kp-ratchet-s28,kp-ratchet,28,12198912,0.38,0.149
kp-ratchet-s28,kp-ratchet,28,12229632,0.56,0.149
kp-ratchet-s28,kp-ratchet,28,12260352,0.49,0.149
kp-ratchet-s28,kp-ratchet,28,12291072,0.5,0.149
kp-ratchet-s28,kp-ratchet,28,12321792,0.57,0.149
kp-ratchet-s28,kp-ratchet,28,12352512,0.45,0.149
kp-ratchet-s28,kp-ratchet,28,12383232,0.48,0.149
kp-ratchet-s28,kp-ratchet,28,12413952,0.36,0.149
kp-ratchet-s28,kp-ratchet,28,12444672,0.48,0.161
kp-ratchet-s28,kp-ratchet,28,12475392,0.44,0.161
kp-ratchet-s28,kp-ratchet,28,12506112,0.45,0.161
kp-ratchet-s28,kp-ratchet,28,12536832,0.49,0.161
kp-ratchet-s28,kp-ratchet,28,12567552,0.51,0.161
kp-ratchet-s28,kp-ratchet,28,12598272,0.53,0.161
kp-ratchet-s28,kp-ratchet,28,12628992,0.48,0.161
kp-ratchet-s28,kp-ratchet,28,12659712,0.5,0.161
kp-ratchet-s28,kp-ratchet,28,12690432,0.54,0.161
kp-ratchet-s28,kp-ratchet,28,12721152,0.47,0.161
kp-ratchet-s28,kp-ratchet,28,12751872,0.39,0.161
kp-ratchet-s28,kp-ratchet,28,12782592,0.47,0.161
kp-ratchet-s28,kp-ratchet,28,12813312,0.44,0.161
kp-ratchet-s28,kp-ratchet,28,12844032,0.4,0.161
kp-ratchet-s28,kp-ratchet,28,12874752,0.49,0.161
kp-ratchet-s28,kp-ratchet,28,12905472,0.55,0.161
kp-ratchet-s28,kp-ratchet,28,12936192,0.55,0.161
kp-ratchet-s28,kp-ratchet,28,12966912,0.45,0.161
kp-ratchet-s28,kp-ratchet,28,12997632,0.47,0.161
kp-ratchet-s28,kp-ratchet,28,13028352,0.5,0.161
kp-ratchet-s28,kp-ratchet,28,13059072,0.49,0.161
kp-ratchet-s28,kp-ratchet,28,13089792,0.54,0.161
kp-ratchet-s28,kp-ratchet,28,13120512,0.56,0.161
kp-ratchet-s28,kp-ratchet,28,13151232,0.49,0.161
kp-ratchet-s28,kp-ratchet,28,13181952,0.55,0.161
kp-ratchet-s28,kp-ratchet,28,13212672,0.47,0.161
kp-ratchet-s28,kp-ratchet,28,13243392,0.5,0.161
kp-ratchet-s28,kp-ratchet,28,13274112,0.51,0.161
kp-ratchet-s28,kp-ratchet,28,13304832,0.43,0.174
kp-ratchet-s28,kp-ratchet,28,13335552,0.44,0.174
kp-ratchet-s28,kp-ratchet,28,13366272,0.47,0.174
kp-ratchet-s28,kp-ratchet,28,13396992,0.27,0.174
kp-ratchet-s28,kp-ratchet,28,13427712,0.4,0.174
kp-ratchet-s28,kp-ratchet,28,13458432,0.54,0.174
kp-ratchet-s28,kp-ratchet,28,13489152,0.45,0.174
kp-ratchet-s28,kp-ratchet,28,13519872,0.55,0.174
kp-ratchet-s28,kp-ratchet,28,13550592,0.48,0.185
kp-ratchet-s28,kp-ratchet,28,13581312,0.48,0.185
kp-ratchet-s28,kp-ratchet,28,13612032,0.55,0.185
kp-ratchet-s28,kp-ratchet,28,13642752,0.51,0.185
kp-ratchet-s28,kp-ratchet,28,13673472,0.46,0.185
kp-ratchet-s28,kp-ratchet,28,13704192,0.51,0.185
kp-ratchet-s28,kp-ratchet,28,13734912,0.47,0.185
kp-ratchet-s28,kp-ratchet,28,13765632,0.52,0.185
kp-ratchet-s28,kp-ratchet,28,13796352,0.49,0.185
kp-ratchet-s28,kp-ratchet,28,13827072,0.43,0.185
kp-ratchet-s28,kp-ratchet,28,13857792,0.53,0.185
kp-ratchet-s28,kp-ratchet,28,13888512,0.47,0.185
kp-ratchet-s28,kp-ratchet,28,13919232,0.54,0.185
kp-ratchet-s28,kp-ratchet,28,13949952,0.38,0.185
kp-ratchet-s28,kp-ratchet,28,13980672,0.38,0.185
kp-ratchet-s28,kp-ratchet,28,14011392,0.53,0.185
kp-ratchet-s28,kp-ratchet,28,14042112,0.49,0.185
kp-ratchet-s28,kp-ratchet,28,14072832,0.39,0.185
kp-ratchet-s28,kp-ratchet,28,14103552,0.48,0.185
kp-ratchet-s28,kp-ratchet,28,14134272,0.44,0.185
kp-ratchet-s28,kp-ratchet,28,14164992,0.5,0.185
kp-ratchet-s28,kp-ratchet,28,14195712,0.42,0.185
kp-ratchet-s28,kp-ratchet,28,14226432,0.59,0.185
kp-ratchet-s28,kp-ratchet,28,14257152,0.49,0.185
kp-ratchet-s28,kp-ratchet,28,14287872,0.54,0.197
kp-ratchet-s28,kp-ratchet,28,14318592,0.43,0.197
kp-ratchet-s28,kp-ratchet,28,14349312,0.34,0.197
kp-ratchet-s28,kp-ratchet,28,14380032,0.5,0.197
kp-ratchet-s28,kp-ratchet,28,14410752,0.41,0.197
kp-ratchet-s28,kp-ratchet,28,14441472,0.52,0.197
kp-ratchet-s28,kp-ratchet,28,14472192,0.49,0.197
kp-ratchet-s28,kp-ratchet,28,14502912,0.55,0.197
kp-ratchet-s28,kp-ratchet,28,14533632,0.48,0.197
kp-ratchet-s28,kp-ratchet,28,14564352,0.43,0.197
kp-ratchet-s28,kp-ratchet,28,14595072,0.46,0.197
kp-ratchet-s28,kp-ratchet,28,14625792,0.47,0.197
kp-ratchet-s28,kp-ratchet,28,14656512,0.43,0.197
kp-ratchet-s28,kp-ratchet,28,14687232,0.44,0.197
kp-ratchet-s28,kp-ratchet,28,14717952,0.59,0.197
kp-ratchet-s28,kp-ratchet,28,14748672,0.47,0.197
kp-ratchet-s28,kp-ratchet,28,14779392,0.45,0.197
kp-ratchet-s28,kp-ratchet,28,14810112,0.44,0.197
kp-ratchet-s28,kp-ratchet,28,14840832,0.41,0.197
kp-ratchet-s28,kp-ratchet,28,14871552,0.47,0.197
kp-ratchet-s28,kp-ratchet,28,14902272,0.42,0.209
kp-ratchet-s28,kp-ratchet,28,14932992,0.47,0.209
kp-ratchet-s28,kp-ratchet,28,14963712,0.48,0.209
kp-ratchet-s28,kp-ratchet,28,14994432,0.5,0.209
kp-ratchet-s28,kp-ratchet,28,14997504,0.43,0.209
kp-ratchet-s29,kp-ratchet,29,4918272,0.68,-1.0
kp-ratchet-s29,kp-ratchet,29,4948992,0.61,-0.855
kp-ratchet-s29,kp-ratchet,29,4979712,0.64,-0.753
kp-ratchet-s29,kp-ratchet,29,5010432,0.52,-0.683
kp-ratchet-s29,kp-ratchet,29,5041152,0.57,-0.628
kp-ratchet-s29,kp-ratchet,29,5071872,0.54,-0.594
kp-ratchet-s29,kp-ratchet,29,5102592,0.61,-0.562
kp-ratchet-s29,kp-ratchet,29,5133312,0.66,-0.536
kp-ratchet-s29,kp-ratchet,29,5164032,0.47,-0.482
kp-ratchet-s29,kp-ratchet,29,5194752,0.55,-0.463
kp-ratchet-s29,kp-ratchet,29,5225472,0.51,-0.414
kp-ratchet-s29,kp-ratchet,29,5256192,0.57,-0.414
kp-ratchet-s29,kp-ratchet,29,5286912,0.55,-0.386
kp-ratchet-s29,kp-ratchet,29,5317632,0.54,-0.362
kp-ratchet-s29,kp-ratchet,29,5348352,0.58,-0.333
kp-ratchet-s29,kp-ratchet,29,5379072,0.54,-0.316
kp-ratchet-s29,kp-ratchet,29,5409792,0.53,-0.304
kp-ratchet-s29,kp-ratchet,29,5440512,0.51,-0.291
kp-ratchet-s29,kp-ratchet,29,5471232,0.57,-0.291
kp-ratchet-s29,kp-ratchet,29,5501952,0.54,-0.263
kp-ratchet-s29,kp-ratchet,29,5532672,0.58,-0.238
kp-ratchet-s29,kp-ratchet,29,5563392,0.67,-0.224
kp-ratchet-s29,kp-ratchet,29,5594112,0.55,-0.182
kp-ratchet-s29,kp-ratchet,29,5624832,0.54,-0.182
kp-ratchet-s29,kp-ratchet,29,5655552,0.6,-0.157
kp-ratchet-s29,kp-ratchet,29,5686272,0.52,-0.106
kp-ratchet-s29,kp-ratchet,29,5716992,0.49,-0.083
kp-ratchet-s29,kp-ratchet,29,5747712,0.6,-0.032
kp-ratchet-s29,kp-ratchet,29,5778432,0.57,0.007
kp-ratchet-s29,kp-ratchet,29,5809152,0.49,0.007
kp-ratchet-s29,kp-ratchet,29,5839872,0.48,0.019
kp-ratchet-s29,kp-ratchet,29,5870592,0.53,0.019
kp-ratchet-s29,kp-ratchet,29,5901312,0.42,0.019
kp-ratchet-s29,kp-ratchet,29,5932032,0.46,0.031
kp-ratchet-s29,kp-ratchet,29,5962752,0.47,0.031
kp-ratchet-s29,kp-ratchet,29,5993472,0.48,0.031
kp-ratchet-s29,kp-ratchet,29,6024192,0.51,0.031
kp-ratchet-s29,kp-ratchet,29,6054912,0.28,0.031
kp-ratchet-s29,kp-ratchet,29,6085632,0.42,0.031
kp-ratchet-s29,kp-ratchet,29,6116352,0.49,0.031
kp-ratchet-s29,kp-ratchet,29,6147072,0.4,0.043
kp-ratchet-s29,kp-ratchet,29,6177792,0.52,0.043
kp-ratchet-s29,kp-ratchet,29,6208512,0.47,0.043
kp-ratchet-s29,kp-ratchet,29,6239232,0.49,0.043
kp-ratchet-s29,kp-ratchet,29,6269952,0.44,0.043
kp-ratchet-s29,kp-ratchet,29,6300672,0.52,0.043
kp-ratchet-s29,kp-ratchet,29,6331392,0.56,0.043
kp-ratchet-s29,kp-ratchet,29,6362112,0.5,0.043
kp-ratchet-s29,kp-ratchet,29,6392832,0.41,0.043
kp-ratchet-s29,kp-ratchet,29,6423552,0.5,0.043
kp-ratchet-s29,kp-ratchet,29,6454272,0.46,0.043
kp-ratchet-s29,kp-ratchet,29,6484992,0.42,0.043
kp-ratchet-s29,kp-ratchet,29,6515712,0.51,0.043
kp-ratchet-s29,kp-ratchet,29,6546432,0.49,0.043
kp-ratchet-s29,kp-ratchet,29,6577152,0.49,0.043
kp-ratchet-s29,kp-ratchet,29,6607872,0.41,0.043
kp-ratchet-s29,kp-ratchet,29,6638592,0.54,0.043
kp-ratchet-s29,kp-ratchet,29,6669312,0.5,0.043
kp-ratchet-s29,kp-ratchet,29,6700032,0.5,0.043
kp-ratchet-s29,kp-ratchet,29,6730752,0.52,0.043
kp-ratchet-s29,kp-ratchet,29,6761472,0.49,0.043
kp-ratchet-s29,kp-ratchet,29,6792192,0.5,0.043
kp-ratchet-s29,kp-ratchet,29,6822912,0.52,0.043
kp-ratchet-s29,kp-ratchet,29,6853632,0.51,0.057
kp-ratchet-s29,kp-ratchet,29,6884352,0.56,0.057
kp-ratchet-s29,kp-ratchet,29,6915072,0.5,0.057
kp-ratchet-s29,kp-ratchet,29,6945792,0.51,0.057
kp-ratchet-s29,kp-ratchet,29,6976512,0.49,0.057
kp-ratchet-s29,kp-ratchet,29,7007232,0.47,0.057
kp-ratchet-s29,kp-ratchet,29,7037952,0.4,0.057
kp-ratchet-s29,kp-ratchet,29,7068672,0.5,0.057
kp-ratchet-s29,kp-ratchet,29,7099392,0.47,0.057
kp-ratchet-s29,kp-ratchet,29,7130112,0.48,0.057
kp-ratchet-s29,kp-ratchet,29,7160832,0.5,0.057
kp-ratchet-s29,kp-ratchet,29,7191552,0.5,0.057
kp-ratchet-s29,kp-ratchet,29,7222272,0.62,0.057
kp-ratchet-s29,kp-ratchet,29,7252992,0.47,0.069
kp-ratchet-s29,kp-ratchet,29,7283712,0.53,0.069
kp-ratchet-s29,kp-ratchet,29,7314432,0.47,0.069
kp-ratchet-s29,kp-ratchet,29,7345152,0.51,0.069
kp-ratchet-s29,kp-ratchet,29,7375872,0.44,0.069
kp-ratchet-s29,kp-ratchet,29,7406592,0.44,0.069
kp-ratchet-s29,kp-ratchet,29,7437312,0.39,0.069
kp-ratchet-s29,kp-ratchet,29,7468032,0.46,0.069
kp-ratchet-s29,kp-ratchet,29,7498752,0.46,0.069
kp-ratchet-s29,kp-ratchet,29,7529472,0.5,0.069
kp-ratchet-s29,kp-ratchet,29,7560192,0.53,0.069
kp-ratchet-s29,kp-ratchet,29,7590912,0.47,0.069
kp-ratchet-s29,kp-ratchet,29,7621632,0.51,0.069
kp-ratchet-s29,kp-ratchet,29,7652352,0.49,0.069
kp-ratchet-s29,kp-ratchet,29,7683072,0.45,0.069
kp-ratchet-s29,kp-ratchet,29,7713792,0.49,0.069
kp-ratchet-s29,kp-ratchet,29,7744512,0.51,0.069
kp-ratchet-s29,kp-ratchet,29,7775232,0.5,0.069
kp-ratchet-s29,kp-ratchet,29,7805952,0.5,0.069
kp-ratchet-s29,kp-ratchet,29,7836672,0.48,0.069
kp-ratchet-s29,kp-ratchet,29,7867392,0.51,0.069
kp-ratchet-s29,kp-ratchet,29,7898112,0.44,0.069
kp-ratchet-s29,kp-ratchet,29,7928832,0.47,0.069
kp-ratchet-s29,kp-ratchet,29,7959552,0.4,0.069
kp-ratchet-s29,kp-ratchet,29,7990272,0.47,0.081
kp-ratchet-s29,kp-ratchet,29,8020992,0.37,0.081
kp-ratchet-s29,kp-ratchet,29,8051712,0.39,0.081
kp-ratchet-s29,kp-ratchet,29,8082432,0.39,0.081
kp-ratchet-s29,kp-ratchet,29,8113152,0.44,0.092
kp-ratchet-s29,kp-ratchet,29,8143872,0.48,0.092
kp-ratchet-s29,kp-ratchet,29,8174592,0.51,0.092
kp-ratchet-s29,kp-ratchet,29,8205312,0.38,0.092
kp-ratchet-s29,kp-ratchet,29,8236032,0.41,0.092
kp-ratchet-s29,kp-ratchet,29,8266752,0.45,0.092
kp-ratchet-s29,kp-ratchet,29,8297472,0.46,0.092
kp-ratchet-s29,kp-ratchet,29,8328192,0.4,0.092
kp-ratchet-s29,kp-ratchet,29,8358912,0.47,0.092
kp-ratchet-s29,kp-ratchet,29,8389632,0.4,0.092
kp-ratchet-s29,kp-ratchet,29,8420352,0.48,0.092
kp-ratchet-s29,kp-ratchet,29,8451072,0.45,0.092
kp-ratchet-s29,kp-ratchet,29,8481792,0.44,0.092
kp-ratchet-s29,kp-ratchet,29,8512512,0.4,0.092
kp-ratchet-s29,kp-ratchet,29,8543232,0.46,0.092
kp-ratchet-s29,kp-ratchet,29,8573952,0.48,0.092
kp-ratchet-s29,kp-ratchet,29,8604672,0.4,0.103
kp-ratchet-s29,kp-ratchet,29,8635392,0.51,0.103
kp-ratchet-s29,kp-ratchet,29,8666112,0.37,0.103
kp-ratchet-s29,kp-ratchet,29,8696832,0.45,0.103
kp-ratchet-s29,kp-ratchet,29,8727552,0.46,0.103
kp-ratchet-s29,kp-ratchet,29,8758272,0.43,0.103
kp-ratchet-s29,kp-ratchet,29,8788992,0.41,0.103
kp-ratchet-s29,kp-ratchet,29,8819712,0.43,0.103
kp-ratchet-s29,kp-ratchet,29,8850432,0.47,0.103
kp-ratchet-s29,kp-ratchet,29,8881152,0.39,0.103
kp-ratchet-s29,kp-ratchet,29,8911872,0.4,0.103
kp-ratchet-s29,kp-ratchet,29,8942592,0.37,0.103
kp-ratchet-s29,kp-ratchet,29,8973312,0.46,0.103
kp-ratchet-s29,kp-ratchet,29,9004032,0.41,0.103
kp-ratchet-s29,kp-ratchet,29,9034752,0.45,0.103
kp-ratchet-s29,kp-ratchet,29,9065472,0.41,0.103
kp-ratchet-s29,kp-ratchet,29,9096192,0.39,0.103
kp-ratchet-s29,kp-ratchet,29,9126912,0.33,0.103
kp-ratchet-s29,kp-ratchet,29,9157632,0.5,0.103
kp-ratchet-s29,kp-ratchet,29,9188352,0.42,0.103
kp-ratchet-s29,kp-ratchet,29,9219072,0.52,0.103
kp-ratchet-s29,kp-ratchet,29,9249792,0.45,0.103
kp-ratchet-s29,kp-ratchet,29,9280512,0.47,0.103
kp-ratchet-s29,kp-ratchet,29,9311232,0.37,0.103
kp-ratchet-s29,kp-ratchet,29,9341952,0.48,0.103
kp-ratchet-s29,kp-ratchet,29,9372672,0.42,0.103
kp-ratchet-s29,kp-ratchet,29,9403392,0.46,0.103
kp-ratchet-s29,kp-ratchet,29,9434112,0.42,0.103
kp-ratchet-s29,kp-ratchet,29,9464832,0.38,0.103
kp-ratchet-s29,kp-ratchet,29,9495552,0.42,0.103
kp-ratchet-s29,kp-ratchet,29,9526272,0.47,0.103
kp-ratchet-s29,kp-ratchet,29,9556992,0.46,0.103
kp-ratchet-s29,kp-ratchet,29,9587712,0.49,0.103
kp-ratchet-s29,kp-ratchet,29,9618432,0.47,0.103
kp-ratchet-s29,kp-ratchet,29,9649152,0.42,0.103
kp-ratchet-s29,kp-ratchet,29,9679872,0.46,0.103
kp-ratchet-s29,kp-ratchet,29,9710592,0.44,0.103
kp-ratchet-s29,kp-ratchet,29,9741312,0.55,0.103
kp-ratchet-s29,kp-ratchet,29,9772032,0.46,0.103
kp-ratchet-s29,kp-ratchet,29,9802752,0.44,0.103
kp-ratchet-s29,kp-ratchet,29,9833472,0.49,0.103
kp-ratchet-s29,kp-ratchet,29,9864192,0.42,0.103
kp-ratchet-s29,kp-ratchet,29,9894912,0.41,0.103
kp-ratchet-s29,kp-ratchet,29,9925632,0.42,0.103
kp-ratchet-s29,kp-ratchet,29,9956352,0.4,0.103
kp-ratchet-s29,kp-ratchet,29,9987072,0.42,0.103
kp-ratchet-s29,kp-ratchet,29,10017792,0.51,0.103
kp-ratchet-s29,kp-ratchet,29,10048512,0.48,0.103
kp-ratchet-s29,kp-ratchet,29,10079232,0.55,0.103
kp-ratchet-s29,kp-ratchet,29,10109952,0.53,0.103
kp-ratchet-s29,kp-ratchet,29,10140672,0.57,0.103
kp-ratchet-s29,kp-ratchet,29,10171392,0.39,0.103
kp-ratchet-s29,kp-ratchet,29,10202112,0.43,0.103
kp-ratchet-s29,kp-ratchet,29,10232832,0.55,0.103
kp-ratchet-s29,kp-ratchet,29,10263552,0.54,0.103
kp-ratchet-s29,kp-ratchet,29,10294272,0.42,0.103
kp-ratchet-s29,kp-ratchet,29,10324992,0.5,0.103
kp-ratchet-s29,kp-ratchet,29,10355712,0.44,0.103
kp-ratchet-s29,kp-ratchet,29,10386432,0.49,0.103
kp-ratchet-s29,kp-ratchet,29,10417152,0.51,0.103
kp-ratchet-s29,kp-ratchet,29,10447872,0.48,0.103
kp-ratchet-s29,kp-ratchet,29,10478592,0.47,0.103
kp-ratchet-s29,kp-ratchet,29,10509312,0.52,0.103
kp-ratchet-s29,kp-ratchet,29,10540032,0.54,0.103
kp-ratchet-s29,kp-ratchet,29,10570752,0.48,0.103
kp-ratchet-s29,kp-ratchet,29,10601472,0.48,0.103
kp-ratchet-s29,kp-ratchet,29,10632192,0.44,0.103
kp-ratchet-s29,kp-ratchet,29,10662912,0.49,0.103
kp-ratchet-s29,kp-ratchet,29,10693632,0.45,0.116
kp-ratchet-s29,kp-ratchet,29,10724352,0.55,0.116
kp-ratchet-s29,kp-ratchet,29,10755072,0.59,0.116
kp-ratchet-s29,kp-ratchet,29,10785792,0.48,0.116
kp-ratchet-s29,kp-ratchet,29,10816512,0.44,0.127
kp-ratchet-s29,kp-ratchet,29,10847232,0.37,0.127
kp-ratchet-s29,kp-ratchet,29,10877952,0.48,0.127
kp-ratchet-s29,kp-ratchet,29,10908672,0.49,0.127
kp-ratchet-s29,kp-ratchet,29,10939392,0.43,0.127
kp-ratchet-s29,kp-ratchet,29,10970112,0.44,0.127
kp-ratchet-s29,kp-ratchet,29,11000832,0.41,0.127
kp-ratchet-s29,kp-ratchet,29,11031552,0.46,0.127
kp-ratchet-s29,kp-ratchet,29,11062272,0.53,0.127
kp-ratchet-s29,kp-ratchet,29,11092992,0.49,0.127
kp-ratchet-s29,kp-ratchet,29,11123712,0.48,0.127
kp-ratchet-s29,kp-ratchet,29,11154432,0.57,0.127
kp-ratchet-s29,kp-ratchet,29,11185152,0.44,0.127
kp-ratchet-s29,kp-ratchet,29,11215872,0.48,0.127
kp-ratchet-s29,kp-ratchet,29,11246592,0.48,0.127
kp-ratchet-s29,kp-ratchet,29,11277312,0.43,0.127
kp-ratchet-s29,kp-ratchet,29,11308032,0.49,0.127
kp-ratchet-s29,kp-ratchet,29,11338752,0.44,0.127
kp-ratchet-s29,kp-ratchet,29,11369472,0.51,0.127
kp-ratchet-s29,kp-ratchet,29,11400192,0.48,0.127
kp-ratchet-s29,kp-ratchet,29,11430912,0.51,0.127
kp-ratchet-s29,kp-ratchet,29,11461632,0.4,0.127
kp-ratchet-s29,kp-ratchet,29,11492352,0.49,0.127
kp-ratchet-s29,kp-ratchet,29,11523072,0.39,0.127
kp-ratchet-s29,kp-ratchet,29,11553792,0.55,0.127
kp-ratchet-s29,kp-ratchet,29,11584512,0.5,0.127
kp-ratchet-s29,kp-ratchet,29,11615232,0.43,0.127
kp-ratchet-s29,kp-ratchet,29,11645952,0.44,0.127
kp-ratchet-s29,kp-ratchet,29,11676672,0.49,0.127
kp-ratchet-s29,kp-ratchet,29,11707392,0.45,0.127
kp-ratchet-s29,kp-ratchet,29,11738112,0.44,0.127
kp-ratchet-s29,kp-ratchet,29,11768832,0.44,0.127
kp-ratchet-s29,kp-ratchet,29,11799552,0.5,0.127
kp-ratchet-s29,kp-ratchet,29,11830272,0.53,0.139
kp-ratchet-s29,kp-ratchet,29,11860992,0.47,0.139
kp-ratchet-s29,kp-ratchet,29,11891712,0.49,0.139
kp-ratchet-s29,kp-ratchet,29,11922432,0.42,0.139
kp-ratchet-s29,kp-ratchet,29,11953152,0.52,0.139
kp-ratchet-s29,kp-ratchet,29,11983872,0.44,0.139
kp-ratchet-s29,kp-ratchet,29,12014592,0.56,0.139
kp-ratchet-s29,kp-ratchet,29,12045312,0.49,0.139
kp-ratchet-s29,kp-ratchet,29,12076032,0.48,0.139
kp-ratchet-s29,kp-ratchet,29,12106752,0.44,0.139
kp-ratchet-s29,kp-ratchet,29,12137472,0.38,0.139
kp-ratchet-s29,kp-ratchet,29,12168192,0.39,0.139
kp-ratchet-s29,kp-ratchet,29,12198912,0.41,0.139
kp-ratchet-s29,kp-ratchet,29,12229632,0.4,0.139
kp-ratchet-s29,kp-ratchet,29,12260352,0.48,0.139
kp-ratchet-s29,kp-ratchet,29,12291072,0.51,0.139
kp-ratchet-s29,kp-ratchet,29,12321792,0.46,0.139
kp-ratchet-s29,kp-ratchet,29,12352512,0.51,0.139
kp-ratchet-s29,kp-ratchet,29,12383232,0.48,0.139
kp-ratchet-s29,kp-ratchet,29,12413952,0.41,0.139
kp-ratchet-s29,kp-ratchet,29,12444672,0.56,0.139
kp-ratchet-s29,kp-ratchet,29,12475392,0.36,0.139
kp-ratchet-s29,kp-ratchet,29,12506112,0.52,0.139
kp-ratchet-s29,kp-ratchet,29,12536832,0.5,0.139
kp-ratchet-s29,kp-ratchet,29,12567552,0.48,0.139
kp-ratchet-s29,kp-ratchet,29,12598272,0.46,0.151
kp-ratchet-s29,kp-ratchet,29,12628992,0.51,0.151
kp-ratchet-s29,kp-ratchet,29,12659712,0.5,0.151
kp-ratchet-s29,kp-ratchet,29,12690432,0.43,0.151
kp-ratchet-s29,kp-ratchet,29,12721152,0.49,0.151
kp-ratchet-s29,kp-ratchet,29,12751872,0.47,0.151
kp-ratchet-s29,kp-ratchet,29,12782592,0.51,0.151
kp-ratchet-s29,kp-ratchet,29,12813312,0.52,0.151
kp-ratchet-s29,kp-ratchet,29,12844032,0.5,0.151
kp-ratchet-s29,kp-ratchet,29,12874752,0.51,0.151
kp-ratchet-s29,kp-ratchet,29,12905472,0.45,0.151
kp-ratchet-s29,kp-ratchet,29,12936192,0.54,0.151
kp-ratchet-s29,kp-ratchet,29,12966912,0.6,0.151
kp-ratchet-s29,kp-ratchet,29,12997632,0.43,0.151
kp-ratchet-s29,kp-ratchet,29,13028352,0.54,0.151
kp-ratchet-s29,kp-ratchet,29,13059072,0.46,0.151
kp-ratchet-s29,kp-ratchet,29,13089792,0.48,0.151
kp-ratchet-s29,kp-ratchet,29,13120512,0.49,0.151
kp-ratchet-s29,kp-ratchet,29,13151232,0.4,0.151
kp-ratchet-s29,kp-ratchet,29,13181952,0.49,0.151
kp-ratchet-s29,kp-ratchet,29,13212672,0.48,0.151
kp-ratchet-s29,kp-ratchet,29,13243392,0.42,0.151
kp-ratchet-s29,kp-ratchet,29,13274112,0.43,0.151
kp-ratchet-s29,kp-ratchet,29,13304832,0.55,0.162
kp-ratchet-s29,kp-ratchet,29,13335552,0.56,0.162
kp-ratchet-s29,kp-ratchet,29,13366272,0.47,0.162
kp-ratchet-s29,kp-ratchet,29,13396992,0.51,0.162
kp-ratchet-s29,kp-ratchet,29,13427712,0.44,0.162
kp-ratchet-s29,kp-ratchet,29,13458432,0.39,0.162
kp-ratchet-s29,kp-ratchet,29,13489152,0.47,0.162
kp-ratchet-s29,kp-ratchet,29,13519872,0.4,0.162
kp-ratchet-s29,kp-ratchet,29,13550592,0.42,0.162
kp-ratchet-s29,kp-ratchet,29,13581312,0.4,0.162
kp-ratchet-s29,kp-ratchet,29,13612032,0.49,0.162
kp-ratchet-s29,kp-ratchet,29,13642752,0.38,0.162
kp-ratchet-s29,kp-ratchet,29,13673472,0.44,0.162
kp-ratchet-s29,kp-ratchet,29,13704192,0.44,0.162
kp-ratchet-s29,kp-ratchet,29,13734912,0.48,0.162
kp-ratchet-s29,kp-ratchet,29,13765632,0.49,0.162
kp-ratchet-s29,kp-ratchet,29,13796352,0.48,0.162
kp-ratchet-s29,kp-ratchet,29,13827072,0.44,0.162
kp-ratchet-s29,kp-ratchet,29,13857792,0.48,0.162
kp-ratchet-s29,kp-ratchet,29,13888512,0.46,0.162
kp-ratchet-s29,kp-ratchet,29,13919232,0.56,0.162
kp-ratchet-s29,kp-ratchet,29,13949952,0.36,0.175
kp-ratchet-s29,kp-ratchet,29,13980672,0.46,0.175
kp-ratchet-s29,kp-ratchet,29,14011392,0.44,0.175
kp-ratchet-s29,kp-ratchet,29,14042112,0.45,0.175
kp-ratchet-s29,kp-ratchet,29,14072832,0.43,0.175
kp-ratchet-s29,kp-ratchet,29,14103552,0.45,0.175
kp-ratchet-s29,kp-ratchet,29,14134272,0.47,0.175
kp-ratchet-s29,kp-ratchet,29,14164992,0.52,0.175
kp-ratchet-s29,kp-ratchet,29,14195712,0.55,0.175
kp-ratchet-s29,kp-ratchet,29,14226432,0.41,0.175
kp-ratchet-s29,kp-ratchet,29,14257152,0.48,0.175
kp-ratchet-s29,kp-ratchet,29,14287872,0.51,0.175
kp-ratchet-s29,kp-ratchet,29,14318592,0.43,0.175
kp-ratchet-s29,kp-ratchet,29,14349312,0.55,0.175
kp-ratchet-s29,kp-ratchet,29,14380032,0.47,0.175
kp-ratchet-s29,kp-ratchet,29,14410752,0.51,0.175
kp-ratchet-s29,kp-ratchet,29,14441472,0.39,0.175
kp-ratchet-s29,kp-ratchet,29,14472192,0.43,0.175
kp-ratchet-s29,kp-ratchet,29,14502912,0.46,0.175
kp-ratchet-s29,kp-ratchet,29,14533632,0.5,0.175
kp-ratchet-s29,kp-ratchet,29,14564352,0.48,0.175
kp-ratchet-s29,kp-ratchet,29,14595072,0.47,0.175
kp-ratchet-s29,kp-ratchet,29,14625792,0.53,0.175
kp-ratchet-s29,kp-ratchet,29,14656512,0.46,0.175
kp-ratchet-s29,kp-ratchet,29,14687232,0.51,0.175
kp-ratchet-s29,kp-ratchet,29,14717952,0.45,0.175
kp-ratchet-s29,kp-ratchet,29,14748672,0.5,0.175
kp-ratchet-s29,kp-ratchet,29,14779392,0.49,0.175
kp-ratchet-s29,kp-ratchet,29,14810112,0.51,0.175
kp-ratchet-s29,kp-ratchet,29,14840832,0.47,0.175
kp-ratchet-s29,kp-ratchet,29,14871552,0.43,0.175
kp-ratchet-s29,kp-ratchet,29,14902272,0.5,0.175
kp-ratchet-s29,kp-ratchet,29,14932992,0.36,0.175
kp-ratchet-s29,kp-ratchet,29,14963712,0.47,0.175
kp-ratchet-s29,kp-ratchet,29,14994432,0.53,0.175
kp-ratchet-s29,kp-ratchet,29,14997504,0.52,0.175
fs-on-s29,fs-on,29,3072,0.01,-1.0
fs-on-s29,fs-on,29,33792,0.02,-1.0
fs-on-s29,fs-on,29,64512,0.01,-1.0
fs-on-s29,fs-on,29,95232,0.01,-1.0
fs-on-s29,fs-on,29,125952,0.01,-1.0
fs-on-s29,fs-on,29,156672,0.02,-1.0
fs-on-s29,fs-on,29,187392,0.01,-1.0
fs-on-s29,fs-on,29,218112,0.02,-1.0
fs-on-s29,fs-on,29,248832,0.08,-1.0
fs-on-s29,fs-on,29,279552,0.04,-1.0
fs-on-s29,fs-on,29,310272,0.04,-1.0
fs-on-s29,fs-on,29,340992,0.02,-1.0
fs-on-s29,fs-on,29,371712,0.04,-1.0
fs-on-s29,fs-on,29,402432,0.03,-1.0
fs-on-s29,fs-on,29,433152,0.11,-1.0
fs-on-s29,fs-on,29,463872,0.06,-1.0
fs-on-s29,fs-on,29,494592,0.04,-1.0
fs-on-s29,fs-on,29,525312,0.06,-1.0
fs-on-s29,fs-on,29,556032,0.06,-1.0
fs-on-s29,fs-on,29,586752,0.09,-1.0
fs-on-s29,fs-on,29,617472,0.08,-1.0
fs-on-s29,fs-on,29,648192,0.09,-1.0
fs-on-s29,fs-on,29,678912,0.07,-1.0
fs-on-s29,fs-on,29,709632,0.09,-1.0
fs-on-s29,fs-on,29,740352,0.07,-1.0
fs-on-s29,fs-on,29,771072,0.13,-1.0
fs-on-s29,fs-on,29,801792,0.12,-1.0
fs-on-s29,fs-on,29,832512,0.07,-1.0
fs-on-s29,fs-on,29,863232,0.1,-1.0
fs-on-s29,fs-on,29,893952,0.09,-1.0
fs-on-s29,fs-on,29,924672,0.09,-1.0
fs-on-s29,fs-on,29,955392,0.1,-1.0
fs-on-s29,fs-on,29,986112,0.13,-1.0
fs-on-s29,fs-on,29,1016832,0.13,-1.0
fs-on-s29,fs-on,29,1047552,0.17,-1.0
fs-on-s29,fs-on,29,1078272,0.1,-1.0
fs-on-s29,fs-on,29,1108992,0.15,-1.0
fs-on-s29,fs-on,29,1139712,0.1,-1.0
fs-on-s29,fs-on,29,1170432,0.14,-1.0
fs-on-s29,fs-on,29,1201152,0.12,-1.0
fs-on-s29,fs-on,29,1231872,0.13,-1.0
fs-on-s29,fs-on,29,1262592,0.1,-1.0
fs-on-s29,fs-on,29,1293312,0.16,-1.0
fs-on-s29,fs-on,29,1324032,0.16,-1.0
fs-on-s29,fs-on,29,1354752,0.13,-1.0
fs-on-s29,fs-on,29,1385472,0.12,-1.0
fs-on-s29,fs-on,29,1416192,0.11,-1.0
fs-on-s29,fs-on,29,1446912,0.11,-1.0
fs-on-s29,fs-on,29,1477632,0.13,-1.0
fs-on-s29,fs-on,29,1508352,0.09,-1.0
fs-on-s29,fs-on,29,1539072,0.13,-1.0
fs-on-s29,fs-on,29,1569792,0.13,-1.0
fs-on-s29,fs-on,29,1600512,0.08,-1.0
fs-on-s29,fs-on,29,1631232,0.18,-1.0
fs-on-s29,fs-on,29,1661952,0.14,-1.0
fs-on-s29,fs-on,29,1692672,0.18,-1.0
fs-on-s29,fs-on,29,1723392,0.16,-1.0
fs-on-s29,fs-on,29,1754112,0.08,-1.0
fs-on-s29,fs-on,29,1784832,0.11,-1.0
fs-on-s29,fs-on,29,1815552,0.16,-1.0
fs-on-s29,fs-on,29,1846272,0.14,-1.0
fs-on-s29,fs-on,29,1876992,0.17,-1.0
fs-on-s29,fs-on,29,1907712,0.12,-1.0
fs-on-s29,fs-on,29,1938432,0.23,-1.0
fs-on-s29,fs-on,29,1969152,0.23,-1.0
fs-on-s29,fs-on,29,1999872,0.12,-1.0
fs-on-s29,fs-on,29,2030592,0.15,-1.0
fs-on-s29,fs-on,29,2061312,0.14,-1.0
fs-on-s29,fs-on,29,2092032,0.14,-1.0
fs-on-s29,fs-on,29,2122752,0.23,-1.0
fs-on-s29,fs-on,29,2153472,0.2,-1.0
fs-on-s29,fs-on,29,2184192,0.17,-1.0
fs-on-s29,fs-on,29,2214912,0.25,-1.0
fs-on-s29,fs-on,29,2245632,0.24,-1.0
fs-on-s29,fs-on,29,2276352,0.18,-1.0
fs-on-s29,fs-on,29,2307072,0.24,-1.0
fs-on-s29,fs-on,29,2337792,0.21,-1.0
fs-on-s29,fs-on,29,2368512,0.24,-1.0
fs-on-s29,fs-on,29,2399232,0.27,-1.0
fs-on-s29,fs-on,29,2429952,0.23,-1.0
fs-on-s29,fs-on,29,2460672,0.16,-1.0
fs-on-s29,fs-on,29,2491392,0.21,-1.0
fs-on-s29,fs-on,29,2522112,0.2,-1.0
fs-on-s29,fs-on,29,2552832,0.31,-1.0
fs-on-s29,fs-on,29,2583552,0.25,-1.0
fs-on-s29,fs-on,29,2614272,0.19,-1.0
fs-on-s29,fs-on,29,2644992,0.33,-1.0
fs-on-s29,fs-on,29,2675712,0.35,-1.0
fs-on-s29,fs-on,29,2706432,0.24,-1.0
fs-on-s29,fs-on,29,2737152,0.23,-1.0
fs-on-s29,fs-on,29,2767872,0.26,-1.0
fs-on-s29,fs-on,29,2798592,0.36,-1.0
fs-on-s29,fs-on,29,2829312,0.26,-1.0
fs-on-s29,fs-on,29,2860032,0.2,-1.0
fs-on-s29,fs-on,29,2890752,0.32,-1.0
fs-on-s29,fs-on,29,2921472,0.38,-1.0
fs-on-s29,fs-on,29,2952192,0.39,-1.0
fs-on-s29,fs-on,29,2982912,0.27,-1.0
fs-on-s29,fs-on,29,3013632,0.31,-1.0
fs-on-s29,fs-on,29,3044352,0.31,-1.0
fs-on-s29,fs-on,29,3075072,0.4,-1.0
fs-on-s29,fs-on,29,3105792,0.33,-1.0
fs-on-s29,fs-on,29,3136512,0.28,-1.0
fs-on-s29,fs-on,29,3167232,0.4,-1.0
fs-on-s29,fs-on,29,3197952,0.36,-1.0
fs-on-s29,fs-on,29,3228672,0.32,-1.0
fs-on-s29,fs-on,29,3259392,0.32,-1.0
fs-on-s29,fs-on,29,3290112,0.26,-1.0
fs-on-s29,fs-on,29,3320832,0.27,-1.0
fs-on-s29,fs-on,29,3351552,0.35,-1.0
fs-on-s29,fs-on,29,3382272,0.4,-1.0
fs-on-s29,fs-on,29,3412992,0.38,-1.0
fs-on-s29,fs-on,29,3443712,0.41,-1.0
fs-on-s29,fs-on,29,3474432,0.31,-1.0
fs-on-s29,fs-on,29,3505152,0.44,-1.0
fs-on-s29,fs-on,29,3535872,0.39,-1.0
fs-on-s29,fs-on,29,3566592,0.41,-1.0
fs-on-s29,fs-on,29,3597312,0.4,-1.0
fs-on-s29,fs-on,29,3628032,0.44,-1.0
fs-on-s29,fs-on,29,3658752,0.42,-1.0
fs-on-s29,fs-on,29,3689472,0.53,-1.0
fs-on-s29,fs-on,29,3720192,0.36,-1.0
fs-on-s29,fs-on,29,3750912,0.47,-1.0
fs-on-s29,fs-on,29,3781632,0.39,-1.0
fs-on-s29,fs-on,29,3812352,0.45,-1.0
fs-on-s29,fs-on,29,3843072,0.48,-1.0
fs-on-s29,fs-on,29,3873792,0.49,-1.0
fs-on-s29,fs-on,29,3904512,0.5,-1.0
fs-on-s29,fs-on,29,3935232,0.47,-0.997
fs-on-s29,fs-on,29,3965952,0.5,-0.997
fs-on-s29,fs-on,29,3996672,0.53,-0.997
fs-on-s29,fs-on,29,4027392,0.47,-0.997
fs-on-s29,fs-on,29,4058112,0.59,-1.0
fs-on-s29,fs-on,29,4088832,0.48,-1.0
fs-on-s29,fs-on,29,4119552,0.52,-1.0
fs-on-s29,fs-on,29,4150272,0.52,-1.0
fs-on-s29,fs-on,29,4180992,0.5,-1.0
fs-on-s29,fs-on,29,4211712,0.52,-1.0
fs-on-s29,fs-on,29,4242432,0.49,-1.0
fs-on-s29,fs-on,29,4273152,0.42,-0.987
fs-on-s29,fs-on,29,4303872,0.55,-0.956
fs-on-s29,fs-on,29,4334592,0.45,-0.944
fs-on-s29,fs-on,29,4365312,0.54,-0.932
fs-on-s29,fs-on,29,4396032,0.51,-0.932
fs-on-s29,fs-on,29,4426752,0.53,-0.921
fs-on-s29,fs-on,29,4457472,0.48,-0.921
fs-on-s29,fs-on,29,4488192,0.57,-0.91
fs-on-s29,fs-on,29,4518912,0.51,-0.897
fs-on-s29,fs-on,29,4549632,0.54,-0.897
fs-on-s29,fs-on,29,4580352,0.59,-0.886
fs-on-s29,fs-on,29,4611072,0.63,-0.872
fs-on-s29,fs-on,29,4641792,0.51,-0.81
fs-on-s29,fs-on,29,4672512,0.56,-0.786
fs-on-s29,fs-on,29,4703232,0.47,-0.773
fs-on-s29,fs-on,29,4733952,0.5,-0.773
fs-on-s29,fs-on,29,4764672,0.61,-0.757
fs-on-s29,fs-on,29,4795392,0.58,-0.746
fs-on-s29,fs-on,29,4826112,0.5,-0.73
fs-on-s29,fs-on,29,4856832,0.55,-0.73
fs-on-s29,fs-on,29,4887552,0.59,-0.716
fs-on-s29,fs-on,29,4918272,0.55,-0.716
fs-on-s29,fs-on,29,4948992,0.53,-0.689
fs-on-s29,fs-on,29,4979712,0.61,-0.662
fs-on-s29,fs-on,29,5010432,0.55,-0.62
fs-on-s29,fs-on,29,5041152,0.51,-0.591
fs-on-s29,fs-on,29,5071872,0.59,-0.578
fs-on-s29,fs-on,29,5102592,0.62,-0.543
fs-on-s29,fs-on,29,5133312,0.53,-0.52
fs-on-s29,fs-on,29,5164032,0.58,-0.507
fs-on-s29,fs-on,29,5194752,0.46,-0.507
fs-on-s29,fs-on,29,5225472,0.53,-0.456
fs-on-s29,fs-on,29,5256192,0.54,-0.428
fs-on-s29,fs-on,29,5286912,0.66,-0.404
fs-on-s29,fs-on,29,5317632,0.59,-0.333
fs-on-s29,fs-on,29,5348352,0.56,-0.287
fs-on-s29,fs-on,29,5379072,0.59,-0.287
fs-on-s29,fs-on,29,5409792,0.55,-0.262
fs-on-s29,fs-on,29,5440512,0.56,-0.247
fs-on-s29,fs-on,29,5471232,0.55,-0.22
fs-on-s29,fs-on,29,5501952,0.67,-0.182
fs-on-s29,fs-on,29,5532672,0.66,-0.141
fs-on-s29,fs-on,29,5563392,0.61,-0.085
fs-on-s29,fs-on,29,5594112,0.61,-0.074
fs-on-s29,fs-on,29,5624832,0.6,-0.01
fs-on-s29,fs-on,29,5655552,0.48,0.02
fs-on-s29,fs-on,29,5686272,0.55,0.02
fs-on-s29,fs-on,29,5716992,0.42,0.02
fs-on-s29,fs-on,29,5747712,0.55,0.018
fs-on-s29,fs-on,29,5778432,0.57,0.018
fs-on-s29,fs-on,29,5809152,0.56,0.018
fs-on-s29,fs-on,29,5839872,0.57,0.018
fs-on-s29,fs-on,29,5870592,0.5,0.03
fs-on-s29,fs-on,29,5901312,0.6,0.03
fs-on-s29,fs-on,29,5932032,0.52,0.03
fs-on-s29,fs-on,29,5962752,0.4,0.03
fs-on-s29,fs-on,29,5993472,0.36,0.03
fs-on-s29,fs-on,29,6024192,0.57,0.031
fs-on-s29,fs-on,29,6054912,0.48,0.031
fs-on-s29,fs-on,29,6085632,0.52,0.031
fs-on-s29,fs-on,29,6116352,0.5,0.029
fs-on-s29,fs-on,29,6147072,0.5,0.029
fs-on-s29,fs-on,29,6177792,0.6,0.029
fs-on-s29,fs-on,29,6208512,0.56,0.029
fs-on-s29,fs-on,29,6239232,0.56,0.029
fs-on-s29,fs-on,29,6269952,0.53,0.029
fs-on-s29,fs-on,29,6300672,0.44,0.029
fs-on-s29,fs-on,29,6331392,0.55,0.029
fs-on-s29,fs-on,29,6362112,0.44,0.04
fs-on-s29,fs-on,29,6392832,0.36,0.052
fs-on-s29,fs-on,29,6423552,0.62,0.038
fs-on-s29,fs-on,29,6454272,0.48,0.05
fs-on-s29,fs-on,29,6484992,0.43,0.05
fs-on-s29,fs-on,29,6515712,0.54,0.05
fs-on-s29,fs-on,29,6546432,0.53,0.051
fs-on-s29,fs-on,29,6577152,0.5,0.051
fs-on-s29,fs-on,29,6607872,0.54,0.04
fs-on-s29,fs-on,29,6638592,0.56,0.04
fs-on-s29,fs-on,29,6669312,0.62,0.04
fs-on-s29,fs-on,29,6700032,0.55,0.052
fs-on-s29,fs-on,29,6730752,0.58,0.04
fs-on-s29,fs-on,29,6761472,0.56,0.04
fs-on-s29,fs-on,29,6792192,0.41,0.053
fs-on-s29,fs-on,29,6822912,0.45,0.053
fs-on-s29,fs-on,29,6853632,0.58,0.053
fs-on-s29,fs-on,29,6884352,0.46,0.053
fs-on-s29,fs-on,29,6915072,0.45,0.054
fs-on-s29,fs-on,29,6945792,0.48,0.054
fs-on-s29,fs-on,29,6976512,0.6,0.054
fs-on-s29,fs-on,29,7007232,0.56,0.054
fs-on-s29,fs-on,29,7037952,0.41,0.05
fs-on-s29,fs-on,29,7068672,0.58,0.05
fs-on-s29,fs-on,29,7099392,0.57,0.05
fs-on-s29,fs-on,29,7130112,0.52,0.038
fs-on-s29,fs-on,29,7160832,0.54,0.05
fs-on-s29,fs-on,29,7191552,0.56,0.05
fs-on-s29,fs-on,29,7222272,0.46,0.05
fs-on-s29,fs-on,29,7252992,0.47,0.05
fs-on-s29,fs-on,29,7283712,0.55,0.05
fs-on-s29,fs-on,29,7314432,0.5,0.053
fs-on-s29,fs-on,29,7345152,0.42,0.066
fs-on-s29,fs-on,29,7375872,0.5,0.066
fs-on-s29,fs-on,29,7406592,0.56,0.055
fs-on-s29,fs-on,29,7437312,0.46,0.066
fs-on-s29,fs-on,29,7468032,0.54,0.066
fs-on-s29,fs-on,29,7498752,0.46,0.066
fs-on-s29,fs-on,29,7529472,0.48,0.066
fs-on-s29,fs-on,29,7560192,0.49,0.066
fs-on-s29,fs-on,29,7590912,0.51,0.066
fs-on-s29,fs-on,29,7621632,0.5,0.066
fs-on-s29,fs-on,29,7652352,0.53,0.066
fs-on-s29,fs-on,29,7683072,0.46,0.066
fs-on-s29,fs-on,29,7713792,0.53,0.066
fs-on-s29,fs-on,29,7744512,0.53,0.066
fs-on-s29,fs-on,29,7775232,0.52,0.066
fs-on-s29,fs-on,29,7805952,0.57,0.055
fs-on-s29,fs-on,29,7836672,0.52,0.055
fs-on-s29,fs-on,29,7867392,0.49,0.055
fs-on-s29,fs-on,29,7898112,0.53,0.055
fs-on-s29,fs-on,29,7928832,0.52,0.055
fs-on-s29,fs-on,29,7959552,0.54,0.055
fs-on-s29,fs-on,29,7990272,0.48,0.055
fs-on-s29,fs-on,29,8020992,0.47,0.055
fs-on-s29,fs-on,29,8051712,0.47,0.08
fs-on-s29,fs-on,29,8082432,0.49,0.08
fs-on-s29,fs-on,29,8113152,0.65,0.063
fs-on-s29,fs-on,29,8143872,0.55,0.078
fs-on-s29,fs-on,29,8174592,0.5,0.078
fs-on-s29,fs-on,29,8205312,0.54,0.074
fs-on-s29,fs-on,29,8236032,0.46,0.073
fs-on-s29,fs-on,29,8266752,0.51,0.084
fs-on-s29,fs-on,29,8297472,0.56,0.084
fs-on-s29,fs-on,29,8328192,0.41,0.084
fs-on-s29,fs-on,29,8358912,0.47,0.084
fs-on-s29,fs-on,29,8389632,0.48,0.084
fs-on-s29,fs-on,29,8420352,0.48,0.084
fs-on-s29,fs-on,29,8451072,0.54,0.084
fs-on-s29,fs-on,29,8481792,0.52,0.084
fs-on-s29,fs-on,29,8512512,0.47,0.084
fs-on-s29,fs-on,29,8543232,0.44,0.084
fs-on-s29,fs-on,29,8573952,0.49,0.072
fs-on-s29,fs-on,29,8604672,0.48,0.084
fs-on-s29,fs-on,29,8635392,0.52,0.084
fs-on-s29,fs-on,29,8666112,0.43,0.084
fs-on-s29,fs-on,29,8696832,0.51,0.084
fs-on-s29,fs-on,29,8727552,0.62,0.071
fs-on-s29,fs-on,29,8758272,0.55,0.099
fs-on-s29,fs-on,29,8788992,0.43,0.099
fs-on-s29,fs-on,29,8819712,0.5,0.099
fs-on-s29,fs-on,29,8850432,0.45,0.099
fs-on-s29,fs-on,29,8881152,0.39,0.099
fs-on-s29,fs-on,29,8911872,0.49,0.088
fs-on-s29,fs-on,29,8942592,0.53,0.088
fs-on-s29,fs-on,29,8973312,0.57,0.088
fs-on-s29,fs-on,29,9004032,0.54,0.075
fs-on-s29,fs-on,29,9034752,0.47,0.075
fs-on-s29,fs-on,29,9065472,0.49,0.075
fs-on-s29,fs-on,29,9096192,0.51,0.075
fs-on-s29,fs-on,29,9126912,0.52,0.089
fs-on-s29,fs-on,29,9157632,0.42,0.089
fs-on-s29,fs-on,29,9188352,0.6,0.089
fs-on-s29,fs-on,29,9219072,0.52,0.089
fs-on-s29,fs-on,29,9249792,0.56,0.089
fs-on-s29,fs-on,29,9280512,0.47,0.089
fs-on-s29,fs-on,29,9311232,0.54,0.089
fs-on-s29,fs-on,29,9341952,0.54,0.089
fs-on-s29,fs-on,29,9372672,0.56,0.089
fs-on-s29,fs-on,29,9403392,0.42,0.1
fs-on-s29,fs-on,29,9434112,0.41,0.1
fs-on-s29,fs-on,29,9464832,0.52,0.088
fs-on-s29,fs-on,29,9495552,0.53,0.088
fs-on-s29,fs-on,29,9526272,0.52,0.088
fs-on-s29,fs-on,29,9556992,0.42,0.104
fs-on-s29,fs-on,29,9587712,0.46,0.104
fs-on-s29,fs-on,29,9618432,0.5,0.104
fs-on-s29,fs-on,29,9649152,0.34,0.104
fs-on-s29,fs-on,29,9679872,0.52,0.099
fs-on-s29,fs-on,29,9710592,0.57,0.099
fs-on-s29,fs-on,29,9741312,0.56,0.099
fs-on-s29,fs-on,29,9772032,0.49,0.113
fs-on-s29,fs-on,29,9802752,0.43,0.099
fs-on-s29,fs-on,29,9833472,0.58,0.099
fs-on-s29,fs-on,29,9864192,0.43,0.099
fs-on-s29,fs-on,29,9894912,0.58,0.099
fs-on-s29,fs-on,29,9925632,0.54,0.084
fs-on-s29,fs-on,29,9956352,0.63,0.084
fs-on-s29,fs-on,29,9987072,0.55,0.108
fs-on-s29,fs-on,29,10017792,0.47,0.108
fs-on-s29,fs-on,29,10048512,0.49,0.108
fs-on-s29,fs-on,29,10079232,0.56,0.108
fs-on-s29,fs-on,29,10109952,0.47,0.108
fs-on-s29,fs-on,29,10140672,0.49,0.108
fs-on-s29,fs-on,29,10171392,0.55,0.091
fs-on-s29,fs-on,29,10202112,0.51,0.107
fs-on-s29,fs-on,29,10232832,0.44,0.107
fs-on-s29,fs-on,29,10263552,0.53,0.119
fs-on-s29,fs-on,29,10294272,0.53,0.119
fs-on-s29,fs-on,29,10324992,0.45,0.119
fs-on-s29,fs-on,29,10355712,0.49,0.108
fs-on-s29,fs-on,29,10386432,0.45,0.108
fs-on-s29,fs-on,29,10417152,0.51,0.119
fs-on-s29,fs-on,29,10447872,0.47,0.119
fs-on-s29,fs-on,29,10478592,0.54,0.119
fs-on-s29,fs-on,29,10509312,0.5,0.117
fs-on-s29,fs-on,29,10540032,0.5,0.104
fs-on-s29,fs-on,29,10570752,0.5,0.104
fs-on-s29,fs-on,29,10601472,0.41,0.104
fs-on-s29,fs-on,29,10632192,0.57,0.104
fs-on-s29,fs-on,29,10662912,0.52,0.117
fs-on-s29,fs-on,29,10693632,0.49,0.117
fs-on-s29,fs-on,29,10724352,0.44,0.117
fs-on-s29,fs-on,29,10755072,0.51,0.117
fs-on-s29,fs-on,29,10785792,0.44,0.129
fs-on-s29,fs-on,29,10816512,0.52,0.129
fs-on-s29,fs-on,29,10847232,0.5,0.129
fs-on-s29,fs-on,29,10877952,0.6,0.129
fs-on-s29,fs-on,29,10908672,0.46,0.129
fs-on-s29,fs-on,29,10939392,0.61,0.129
fs-on-s29,fs-on,29,10970112,0.48,0.129
fs-on-s29,fs-on,29,11000832,0.45,0.129
fs-on-s29,fs-on,29,11031552,0.47,0.131
fs-on-s29,fs-on,29,11062272,0.42,0.135
fs-on-s29,fs-on,29,11092992,0.57,0.12
fs-on-s29,fs-on,29,11123712,0.51,0.12
fs-on-s29,fs-on,29,11154432,0.43,0.12
fs-on-s29,fs-on,29,11185152,0.47,0.12
fs-on-s29,fs-on,29,11215872,0.45,0.12
fs-on-s29,fs-on,29,11246592,0.44,0.12
fs-on-s29,fs-on,29,11277312,0.56,0.12
fs-on-s29,fs-on,29,11308032,0.53,0.12
fs-on-s29,fs-on,29,11338752,0.48,0.12
fs-on-s29,fs-on,29,11369472,0.51,0.12
fs-on-s29,fs-on,29,11400192,0.48,0.125
fs-on-s29,fs-on,29,11430912,0.51,0.125
fs-on-s29,fs-on,29,11461632,0.49,0.125
fs-on-s29,fs-on,29,11492352,0.54,0.125
fs-on-s29,fs-on,29,11523072,0.48,0.125
fs-on-s29,fs-on,29,11553792,0.47,0.11
fs-on-s29,fs-on,29,11584512,0.53,0.121
fs-on-s29,fs-on,29,11615232,0.53,0.121
fs-on-s29,fs-on,29,11645952,0.5,0.121
fs-on-s29,fs-on,29,11676672,0.51,0.136
fs-on-s29,fs-on,29,11707392,0.5,0.136
fs-on-s29,fs-on,29,11738112,0.45,0.136
fs-on-s29,fs-on,29,11768832,0.53,0.136
fs-on-s29,fs-on,29,11799552,0.54,0.136
fs-on-s29,fs-on,29,11830272,0.51,0.123
fs-on-s29,fs-on,29,11860992,0.59,0.112
fs-on-s29,fs-on,29,11891712,0.49,0.127
fs-on-s29,fs-on,29,11922432,0.53,0.127
fs-on-s29,fs-on,29,11953152,0.55,0.127
fs-on-s29,fs-on,29,11983872,0.52,0.138
fs-on-s29,fs-on,29,12014592,0.53,0.138
fs-on-s29,fs-on,29,12045312,0.5,0.126
fs-on-s29,fs-on,29,12076032,0.56,0.126
fs-on-s29,fs-on,29,12106752,0.63,0.126
fs-on-s29,fs-on,29,12137472,0.54,0.125
fs-on-s29,fs-on,29,12168192,0.48,0.137
fs-on-s29,fs-on,29,12198912,0.47,0.137
fs-on-s29,fs-on,29,12229632,0.43,0.137
fs-on-s29,fs-on,29,12260352,0.6,0.154
fs-on-s29,fs-on,29,12291072,0.48,0.154
fs-on-s29,fs-on,29,12321792,0.46,0.167
fs-on-s29,fs-on,29,12352512,0.42,0.167
fs-on-s29,fs-on,29,12383232,0.45,0.167
fs-on-s29,fs-on,29,12413952,0.46,0.155
fs-on-s29,fs-on,29,12444672,0.48,0.155
fs-on-s29,fs-on,29,12475392,0.47,0.155
fs-on-s29,fs-on,29,12506112,0.52,0.139
fs-on-s29,fs-on,29,12536832,0.5,0.139
fs-on-s29,fs-on,29,12567552,0.58,0.139
fs-on-s29,fs-on,29,12598272,0.54,0.139
fs-on-s29,fs-on,29,12628992,0.5,0.139
fs-on-s29,fs-on,29,12659712,0.51,0.139
fs-on-s29,fs-on,29,12690432,0.42,0.15
fs-on-s29,fs-on,29,12721152,0.5,0.15
fs-on-s29,fs-on,29,12751872,0.58,0.15
fs-on-s29,fs-on,29,12782592,0.53,0.15
fs-on-s29,fs-on,29,12813312,0.47,0.15
fs-on-s29,fs-on,29,12844032,0.54,0.15
fs-on-s29,fs-on,29,12874752,0.49,0.139
fs-on-s29,fs-on,29,12905472,0.46,0.15
fs-on-s29,fs-on,29,12936192,0.47,0.137
fs-on-s29,fs-on,29,12966912,0.52,0.137
fs-on-s29,fs-on,29,12997632,0.52,0.137
fs-on-s29,fs-on,29,13028352,0.51,0.137
fs-on-s29,fs-on,29,13059072,0.45,0.137
fs-on-s29,fs-on,29,13089792,0.51,0.137
fs-on-s29,fs-on,29,13120512,0.57,0.137
fs-on-s29,fs-on,29,13151232,0.49,0.151
fs-on-s29,fs-on,29,13181952,0.51,0.151
fs-on-s29,fs-on,29,13212672,0.51,0.151
fs-on-s29,fs-on,29,13243392,0.48,0.151
fs-on-s29,fs-on,29,13274112,0.48,0.14
fs-on-s29,fs-on,29,13304832,0.58,0.14
fs-on-s29,fs-on,29,13335552,0.59,0.14
fs-on-s29,fs-on,29,13366272,0.58,0.151
fs-on-s29,fs-on,29,13396992,0.42,0.151
fs-on-s29,fs-on,29,13427712,0.47,0.151
fs-on-s29,fs-on,29,13458432,0.46,0.151
fs-on-s29,fs-on,29,13489152,0.55,0.165
fs-on-s29,fs-on,29,13519872,0.46,0.165
fs-on-s29,fs-on,29,13550592,0.63,0.151
fs-on-s29,fs-on,29,13581312,0.44,0.164
fs-on-s29,fs-on,29,13612032,0.55,0.164
fs-on-s29,fs-on,29,13642752,0.53,0.164
fs-on-s29,fs-on,29,13673472,0.51,0.175
fs-on-s29,fs-on,29,13704192,0.48,0.175
fs-on-s29,fs-on,29,13734912,0.4,0.175
fs-on-s29,fs-on,29,13765632,0.48,0.175
fs-on-s29,fs-on,29,13796352,0.49,0.161
fs-on-s29,fs-on,29,13827072,0.51,0.172
fs-on-s29,fs-on,29,13857792,0.49,0.172
fs-on-s29,fs-on,29,13888512,0.46,0.161
fs-on-s29,fs-on,29,13919232,0.44,0.173
fs-on-s29,fs-on,29,13949952,0.55,0.162
fs-on-s29,fs-on,29,13980672,0.4,0.162
fs-on-s29,fs-on,29,14011392,0.45,0.173
fs-on-s29,fs-on,29,14042112,0.47,0.162
fs-on-s29,fs-on,29,14072832,0.51,0.162
fs-on-s29,fs-on,29,14103552,0.55,0.162
fs-on-s29,fs-on,29,14134272,0.49,0.175
fs-on-s29,fs-on,29,14164992,0.48,0.2
fs-on-s29,fs-on,29,14195712,0.54,0.176
fs-on-s29,fs-on,29,14226432,0.48,0.176
fs-on-s29,fs-on,29,14257152,0.52,0.187
fs-on-s29,fs-on,29,14287872,0.51,0.187
fs-on-s29,fs-on,29,14318592,0.5,0.176
fs-on-s29,fs-on,29,14349312,0.43,0.192
fs-on-s29,fs-on,29,14380032,0.63,0.179
fs-on-s29,fs-on,29,14410752,0.58,0.192
fs-on-s29,fs-on,29,14441472,0.51,0.18
fs-on-s29,fs-on,29,14472192,0.46,0.18
fs-on-s29,fs-on,29,14502912,0.53,0.18
fs-on-s29,fs-on,29,14533632,0.47,0.18
fs-on-s29,fs-on,29,14564352,0.48,0.18
fs-on-s29,fs-on,29,14595072,0.54,0.195
fs-on-s29,fs-on,29,14625792,0.53,0.184
fs-on-s29,fs-on,29,14656512,0.61,0.169
fs-on-s29,fs-on,29,14687232,0.43,0.18
fs-on-s29,fs-on,29,14717952,0.57,0.18
fs-on-s29,fs-on,29,14748672,0.49,0.193
fs-on-s29,fs-on,29,14779392,0.41,0.207
fs-on-s29,fs-on,29,14810112,0.52,0.207
fs-on-s29,fs-on,29,14840832,0.38,0.207
fs-on-s29,fs-on,29,14871552,0.48,0.195
fs-on-s29,fs-on,29,14902272,0.5,0.195
fs-on-s29,fs-on,29,14932992,0.46,0.195
fs-on-s29,fs-on,29,14963712,0.45,0.195
fs-on-s29,fs-on,29,14994432,0.5,0.184
fs-on-s29,fs-on,29,14997504,0.47,0.184
fs-off-s27,fs-off,27,3072,0.0,-1.0
fs-off-s27,fs-off,27,33792,0.0,-1.0
fs-off-s27,fs-off,27,64512,0.0,-1.0
fs-off-s27,fs-off,27,95232,0.02,-1.0
fs-off-s27,fs-off,27,125952,0.02,-1.0
fs-off-s27,fs-off,27,156672,0.02,-1.0
fs-off-s27,fs-off,27,187392,0.01,-1.0
fs-off-s27,fs-off,27,218112,0.0,-1.0
fs-off-s27,fs-off,27,248832,0.03,-1.0
fs-off-s27,fs-off,27,279552,0.0,-1.0
fs-off-s27,fs-off,27,310272,0.02,-1.0
fs-off-s27,fs-off,27,340992,0.02,-1.0
fs-off-s27,fs-off,27,371712,0.02,-1.0
fs-off-s27,fs-off,27,402432,0.06,-1.0
fs-off-s27,fs-off,27,433152,0.01,-1.0
fs-off-s27,fs-off,27,463872,0.02,-1.0
fs-off-s27,fs-off,27,494592,0.01,-1.0
fs-off-s27,fs-off,27,525312,0.01,-1.0
fs-off-s27,fs-off,27,556032,0.02,-1.0
fs-off-s27,fs-off,27,586752,0.03,-1.0
fs-off-s27,fs-off,27,617472,0.02,-1.0
fs-off-s27,fs-off,27,648192,0.03,-1.0
fs-off-s27,fs-off,27,678912,0.01,-1.0
fs-off-s27,fs-off,27,709632,0.01,-1.0
fs-off-s27,fs-off,27,740352,0.02,-1.0
fs-off-s27,fs-off,27,771072,0.03,-1.0
fs-off-s27,fs-off,27,801792,0.05,-1.0
fs-off-s27,fs-off,27,832512,0.06,-1.0
fs-off-s27,fs-off,27,863232,0.06,-1.0
fs-off-s27,fs-off,27,893952,0.02,-1.0
fs-off-s27,fs-off,27,924672,0.04,-1.0
fs-off-s27,fs-off,27,955392,0.02,-1.0
fs-off-s27,fs-off,27,986112,0.02,-1.0
fs-off-s27,fs-off,27,1016832,0.04,-1.0
fs-off-s27,fs-off,27,1047552,0.04,-1.0
fs-off-s27,fs-off,27,1078272,0.04,-1.0
fs-off-s27,fs-off,27,1108992,0.01,-1.0
fs-off-s27,fs-off,27,1139712,0.03,-1.0
fs-off-s27,fs-off,27,1170432,0.05,-1.0
fs-off-s27,fs-off,27,1201152,0.01,-1.0
fs-off-s27,fs-off,27,1231872,0.01,-1.0
fs-off-s27,fs-off,27,1262592,0.04,-1.0
fs-off-s27,fs-off,27,1293312,0.02,-1.0
fs-off-s27,fs-off,27,1324032,0.04,-1.0
fs-off-s27,fs-off,27,1354752,0.02,-1.0
fs-off-s27,fs-off,27,1385472,0.03,-1.0
fs-off-s27,fs-off,27,1416192,0.05,-1.0
fs-off-s27,fs-off,27,1446912,0.09,-1.0
fs-off-s27,fs-off,27,1477632,0.06,-1.0
fs-off-s27,fs-off,27,1508352,0.07,-1.0
fs-off-s27,fs-off,27,1539072,0.08,-1.0
fs-off-s27,fs-off,27,1569792,0.06,-1.0
fs-off-s27,fs-off,27,1600512,0.05,-1.0
fs-off-s27,fs-off,27,1631232,0.07,-1.0
fs-off-s27,fs-off,27,1661952,0.05,-1.0
fs-off-s27,fs-off,27,1692672,0.06,-1.0
fs-off-s27,fs-off,27,1723392,0.04,-1.0
fs-off-s27,fs-off,27,1754112,0.09,-1.0
fs-off-s27,fs-off,27,1784832,0.05,-1.0
fs-off-s27,fs-off,27,1815552,0.07,-1.0
fs-off-s27,fs-off,27,1846272,0.1,-1.0
fs-off-s27,fs-off,27,1876992,0.05,-1.0
fs-off-s27,fs-off,27,1907712,0.09,-1.0
fs-off-s27,fs-off,27,1938432,0.05,-1.0
fs-off-s27,fs-off,27,1969152,0.09,-1.0
fs-off-s27,fs-off,27,1999872,0.11,-1.0
fs-off-s27,fs-off,27,2030592,0.09,-1.0
fs-off-s27,fs-off,27,2061312,0.08,-1.0
fs-off-s27,fs-off,27,2092032,0.05,-1.0
fs-off-s27,fs-off,27,2122752,0.07,-1.0
fs-off-s27,fs-off,27,2153472,0.09,-1.0
fs-off-s27,fs-off,27,2184192,0.06,-1.0
fs-off-s27,fs-off,27,2214912,0.06,-1.0
fs-off-s27,fs-off,27,2245632,0.15,-1.0
fs-off-s27,fs-off,27,2276352,0.11,-1.0
fs-off-s27,fs-off,27,2307072,0.06,-1.0
fs-off-s27,fs-off,27,2337792,0.07,-1.0
fs-off-s27,fs-off,27,2368512,0.12,-1.0
fs-off-s27,fs-off,27,2399232,0.09,-1.0
fs-off-s27,fs-off,27,2429952,0.06,-1.0
fs-off-s27,fs-off,27,2460672,0.07,-1.0
fs-off-s27,fs-off,27,2491392,0.09,-1.0
fs-off-s27,fs-off,27,2522112,0.15,-1.0
fs-off-s27,fs-off,27,2552832,0.09,-1.0
fs-off-s27,fs-off,27,2583552,0.13,-1.0
fs-off-s27,fs-off,27,2614272,0.16,-1.0
fs-off-s27,fs-off,27,2644992,0.11,-1.0
fs-off-s27,fs-off,27,2675712,0.13,-1.0
fs-off-s27,fs-off,27,2706432,0.15,-1.0
fs-off-s27,fs-off,27,2737152,0.13,-1.0
fs-off-s27,fs-off,27,2767872,0.14,-1.0
fs-off-s27,fs-off,27,2798592,0.11,-1.0
fs-off-s27,fs-off,27,2829312,0.11,-1.0
fs-off-s27,fs-off,27,2860032,0.08,-1.0
fs-off-s27,fs-off,27,2890752,0.11,-1.0
fs-off-s27,fs-off,27,2921472,0.13,-1.0
fs-off-s27,fs-off,27,2952192,0.13,-1.0
fs-off-s27,fs-off,27,2982912,0.17,-1.0
fs-off-s27,fs-off,27,3013632,0.21,-1.0
fs-off-s27,fs-off,27,3044352,0.11,-1.0
fs-off-s27,fs-off,27,3075072,0.09,-1.0
fs-off-s27,fs-off,27,3105792,0.14,-1.0
fs-off-s27,fs-off,27,3136512,0.14,-1.0
fs-off-s27,fs-off,27,3167232,0.16,-1.0
fs-off-s27,fs-off,27,3197952,0.16,-1.0
fs-off-s27,fs-off,27,3228672,0.15,-1.0
fs-off-s27,fs-off,27,3259392,0.19,-1.0
fs-off-s27,fs-off,27,3290112,0.15,-1.0
fs-off-s27,fs-off,27,3320832,0.09,-1.0
fs-off-s27,fs-off,27,3351552,0.17,-1.0
fs-off-s27,fs-off,27,3382272,0.17,-1.0
fs-off-s27,fs-off,27,3412992,0.16,-1.0
fs-off-s27,fs-off,27,3443712,0.22,-1.0
fs-off-s27,fs-off,27,3474432,0.16,-1.0
fs-off-s27,fs-off,27,3505152,0.24,-1.0
fs-off-s27,fs-off,27,3535872,0.19,-1.0
fs-off-s27,fs-off,27,3566592,0.25,-1.0
fs-off-s27,fs-off,27,3597312,0.22,-1.0
fs-off-s27,fs-off,27,3628032,0.17,-1.0
fs-off-s27,fs-off,27,3658752,0.23,-1.0
fs-off-s27,fs-off,27,3689472,0.13,-1.0
fs-off-s27,fs-off,27,3720192,0.21,-1.0
fs-off-s27,fs-off,27,3750912,0.22,-1.0
fs-off-s27,fs-off,27,3781632,0.21,-1.0
fs-off-s27,fs-off,27,3812352,0.2,-1.0
fs-off-s27,fs-off,27,3843072,0.19,-1.0
fs-off-s27,fs-off,27,3873792,0.24,-1.0
fs-off-s27,fs-off,27,3904512,0.21,-1.0
fs-off-s27,fs-off,27,3935232,0.25,-1.0
fs-off-s27,fs-off,27,3965952,0.16,-1.0
fs-off-s27,fs-off,27,3996672,0.19,-1.0
fs-off-s27,fs-off,27,4027392,0.34,-1.0
fs-off-s27,fs-off,27,4058112,0.25,-1.0
fs-off-s27,fs-off,27,4088832,0.25,-1.0
fs-off-s27,fs-off,27,4119552,0.31,-1.0
fs-off-s27,fs-off,27,4150272,0.34,-1.0
fs-off-s27,fs-off,27,4180992,0.26,-1.0
fs-off-s27,fs-off,27,4211712,0.24,-1.0
fs-off-s27,fs-off,27,4242432,0.29,-1.0
fs-off-s27,fs-off,27,4273152,0.32,-1.0
fs-off-s27,fs-off,27,4303872,0.32,-1.0
fs-off-s27,fs-off,27,4334592,0.28,-1.0
fs-off-s27,fs-off,27,4365312,0.2,-1.0
fs-off-s27,fs-off,27,4396032,0.35,-1.0
fs-off-s27,fs-off,27,4426752,0.18,-1.0
fs-off-s27,fs-off,27,4457472,0.33,-1.0
fs-off-s27,fs-off,27,4488192,0.34,-1.0
fs-off-s27,fs-off,27,4518912,0.32,-1.0
fs-off-s27,fs-off,27,4549632,0.32,-1.0
fs-off-s27,fs-off,27,4580352,0.31,-1.0
fs-off-s27,fs-off,27,4611072,0.26,-1.0
fs-off-s27,fs-off,27,4641792,0.27,-1.0
fs-off-s27,fs-off,27,4672512,0.33,-1.0
fs-off-s27,fs-off,27,4703232,0.3,-1.0
fs-off-s27,fs-off,27,4733952,0.34,-1.0
fs-off-s27,fs-off,27,4764672,0.34,-1.0
fs-off-s27,fs-off,27,4795392,0.4,-1.0
fs-off-s27,fs-off,27,4826112,0.35,-1.0
fs-off-s27,fs-off,27,4856832,0.3,-1.0
fs-off-s27,fs-off,27,4887552,0.27,-1.0
fs-off-s27,fs-off,27,4918272,0.33,-1.0
fs-off-s27,fs-off,27,4948992,0.35,-1.0
fs-off-s27,fs-off,27,4979712,0.32,-1.0
fs-off-s27,fs-off,27,5010432,0.26,-1.0
fs-off-s27,fs-off,27,5041152,0.25,-1.0
fs-off-s27,fs-off,27,5071872,0.37,-1.0
fs-off-s27,fs-off,27,5102592,0.31,-1.0
fs-off-s27,fs-off,27,5133312,0.42,-1.0
fs-off-s27,fs-off,27,5164032,0.29,-1.0
fs-off-s27,fs-off,27,5194752,0.32,-1.0
fs-off-s27,fs-off,27,5225472,0.39,-1.0
fs-off-s27,fs-off,27,5256192,0.28,-1.0
fs-off-s27,fs-off,27,5286912,0.43,-1.0
fs-off-s27,fs-off,27,5317632,0.4,-1.0
fs-off-s27,fs-off,27,5348352,0.39,-1.0
fs-off-s27,fs-off,27,5379072,0.34,-1.0
fs-off-s27,fs-off,27,5409792,0.33,-1.0
fs-off-s27,fs-off,27,5440512,0.31,-1.0
fs-off-s27,fs-off,27,5471232,0.45,-1.0
fs-off-s27,fs-off,27,5501952,0.42,-1.0
fs-off-s27,fs-off,27,5532672,0.34,-1.0
fs-off-s27,fs-off,27,5563392,0.4,-1.0
fs-off-s27,fs-off,27,5594112,0.32,-1.0
fs-off-s27,fs-off,27,5624832,0.49,-1.0
fs-off-s27,fs-off,27,5655552,0.42,-1.0
fs-off-s27,fs-off,27,5686272,0.45,-1.0
fs-off-s27,fs-off,27,5716992,0.47,-1.0
fs-off-s27,fs-off,27,5747712,0.49,-1.0
fs-off-s27,fs-off,27,5778432,0.42,-1.0
fs-off-s27,fs-off,27,5809152,0.46,-1.0
fs-off-s27,fs-off,27,5839872,0.34,-1.0
fs-off-s27,fs-off,27,5870592,0.41,-1.0
fs-off-s27,fs-off,27,5901312,0.4,-1.0
fs-off-s27,fs-off,27,5932032,0.31,-1.0
fs-off-s27,fs-off,27,5962752,0.43,-1.0
fs-off-s27,fs-off,27,5993472,0.48,-1.0
fs-off-s27,fs-off,27,6024192,0.44,-1.0
fs-off-s27,fs-off,27,6054912,0.52,-1.0
fs-off-s27,fs-off,27,6085632,0.44,-1.0
fs-off-s27,fs-off,27,6116352,0.43,-1.0
fs-off-s27,fs-off,27,6147072,0.45,-1.0
fs-off-s27,fs-off,27,6177792,0.43,-1.0
fs-off-s27,fs-off,27,6208512,0.49,-1.0
fs-off-s27,fs-off,27,6239232,0.48,-1.0
fs-off-s27,fs-off,27,6269952,0.46,-1.0
fs-off-s27,fs-off,27,6300672,0.47,-1.0
fs-off-s27,fs-off,27,6331392,0.56,-1.0
fs-off-s27,fs-off,27,6362112,0.42,-1.0
fs-off-s27,fs-off,27,6392832,0.47,-1.0
fs-off-s27,fs-off,27,6423552,0.59,-1.0
fs-off-s27,fs-off,27,6454272,0.53,-1.0
fs-off-s27,fs-off,27,6484992,0.51,-1.0
fs-off-s27,fs-off,27,6515712,0.52,-1.0
fs-off-s27,fs-off,27,6546432,0.49,-1.0
fs-off-s27,fs-off,27,6577152,0.48,-1.0
fs-off-s27,fs-off,27,6607872,0.45,-1.0
fs-off-s27,fs-off,27,6638592,0.57,-1.0
fs-off-s27,fs-off,27,6669312,0.42,-1.0
fs-off-s27,fs-off,27,6700032,0.46,-1.0
fs-off-s27,fs-off,27,6730752,0.47,-1.0
fs-off-s27,fs-off,27,6761472,0.45,-1.0
fs-off-s27,fs-off,27,6792192,0.47,-1.0
fs-off-s27,fs-off,27,6822912,0.49,-1.0
fs-off-s27,fs-off,27,6853632,0.45,-1.0
fs-off-s27,fs-off,27,6884352,0.54,-1.0
fs-off-s27,fs-off,27,6915072,0.46,-1.0
fs-off-s27,fs-off,27,6945792,0.51,-1.0
fs-off-s27,fs-off,27,6976512,0.55,-1.0
fs-off-s27,fs-off,27,7007232,0.51,-1.0
fs-off-s27,fs-off,27,7037952,0.57,-1.0
fs-off-s27,fs-off,27,7068672,0.49,-1.0
fs-off-s27,fs-off,27,7099392,0.53,-1.0
fs-off-s27,fs-off,27,7130112,0.45,-1.0
fs-off-s27,fs-off,27,7160832,0.53,-1.0
fs-off-s27,fs-off,27,7191552,0.5,-1.0
fs-off-s27,fs-off,27,7222272,0.54,-1.0
fs-off-s27,fs-off,27,7252992,0.5,-1.0
fs-off-s27,fs-off,27,7283712,0.53,-1.0
fs-off-s27,fs-off,27,7314432,0.53,-1.0
fs-off-s27,fs-off,27,7345152,0.55,-1.0
fs-off-s27,fs-off,27,7375872,0.51,-1.0
fs-off-s27,fs-off,27,7406592,0.51,-1.0
fs-off-s27,fs-off,27,7437312,0.54,-1.0
fs-off-s27,fs-off,27,7468032,0.52,-1.0
fs-off-s27,fs-off,27,7498752,0.49,-1.0
fs-off-s27,fs-off,27,7529472,0.51,-1.0
fs-off-s27,fs-off,27,7560192,0.55,-1.0
fs-off-s27,fs-off,27,7590912,0.61,-1.0
fs-off-s27,fs-off,27,7621632,0.45,-1.0
fs-off-s27,fs-off,27,7652352,0.51,-1.0
fs-off-s27,fs-off,27,7683072,0.57,-1.0
fs-off-s27,fs-off,27,7713792,0.58,-1.0
fs-off-s27,fs-off,27,7744512,0.52,-1.0
fs-off-s27,fs-off,27,7775232,0.52,-1.0
fs-off-s27,fs-off,27,7805952,0.61,-1.0
fs-off-s27,fs-off,27,7836672,0.59,-1.0
fs-off-s27,fs-off,27,7867392,0.62,-1.0
fs-off-s27,fs-off,27,7898112,0.5,-1.0
fs-off-s27,fs-off,27,7928832,0.57,-1.0
fs-off-s27,fs-off,27,7959552,0.52,-1.0
fs-off-s27,fs-off,27,7990272,0.57,-1.0
fs-off-s27,fs-off,27,8020992,0.54,-1.0
fs-off-s27,fs-off,27,8051712,0.53,-1.0
fs-off-s27,fs-off,27,8082432,0.54,-1.0
fs-off-s27,fs-off,27,8113152,0.46,-1.0
fs-off-s27,fs-off,27,8143872,0.56,-1.0
fs-off-s27,fs-off,27,8174592,0.64,-1.0
fs-off-s27,fs-off,27,8205312,0.57,-1.0
fs-off-s27,fs-off,27,8236032,0.6,-1.0
fs-off-s27,fs-off,27,8266752,0.54,-1.0
fs-off-s27,fs-off,27,8297472,0.5,-1.0
fs-off-s27,fs-off,27,8328192,0.59,-1.0
fs-off-s27,fs-off,27,8358912,0.54,-1.0
fs-off-s27,fs-off,27,8389632,0.63,-1.0
fs-off-s27,fs-off,27,8420352,0.52,-1.0
fs-off-s27,fs-off,27,8451072,0.59,-1.0
fs-off-s27,fs-off,27,8481792,0.6,-1.0
fs-off-s27,fs-off,27,8512512,0.64,-1.0
fs-off-s27,fs-off,27,8543232,0.64,-1.0
fs-off-s27,fs-off,27,8573952,0.61,-1.0
fs-off-s27,fs-off,27,8604672,0.58,-1.0
fs-off-s27,fs-off,27,8635392,0.55,-1.0
fs-off-s27,fs-off,27,8666112,0.52,-1.0
fs-off-s27,fs-off,27,8696832,0.66,-1.0
fs-off-s27,fs-off,27,8727552,0.63,-1.0
fs-off-s27,fs-off,27,8758272,0.61,-1.0
fs-off-s27,fs-off,27,8788992,0.59,-1.0
fs-off-s27,fs-off,27,8819712,0.64,-1.0
fs-off-s27,fs-off,27,8850432,0.61,-1.0
fs-off-s27,fs-off,27,8881152,0.61,-1.0
fs-off-s27,fs-off,27,8911872,0.67,-1.0
fs-off-s27,fs-off,27,8942592,0.53,-1.0
fs-off-s27,fs-off,27,8973312,0.62,-1.0
fs-off-s27,fs-off,27,9004032,0.59,-1.0
fs-off-s27,fs-off,27,9034752,0.59,-1.0
fs-off-s27,fs-off,27,9065472,0.67,-1.0
fs-off-s27,fs-off,27,9096192,0.56,-1.0
fs-off-s27,fs-off,27,9126912,0.6,-1.0
fs-off-s27,fs-off,27,9157632,0.62,-1.0
fs-off-s27,fs-off,27,9188352,0.65,-1.0
fs-off-s27,fs-off,27,9219072,0.64,-1.0
fs-off-s27,fs-off,27,9249792,0.66,-1.0
fs-off-s27,fs-off,27,9280512,0.58,-1.0
fs-off-s27,fs-off,27,9311232,0.66,-1.0
fs-off-s27,fs-off,27,9341952,0.59,-1.0
fs-off-s27,fs-off,27,9372672,0.62,-1.0
fs-off-s27,fs-off,27,9403392,0.65,-1.0
fs-off-s27,fs-off,27,9434112,0.62,-1.0
fs-off-s27,fs-off,27,9464832,0.66,-1.0
fs-off-s27,fs-off,27,9495552,0.57,-1.0
fs-off-s27,fs-off,27,9526272,0.67,-1.0
fs-off-s27,fs-off,27,9556992,0.66,-1.0
fs-off-s27,fs-off,27,9587712,0.61,-1.0
fs-off-s27,fs-off,27,9618432,0.68,-1.0
fs-off-s27,fs-off,27,9649152,0.6,-1.0
fs-off-s27,fs-off,27,9679872,0.68,-1.0
fs-off-s27,fs-off,27,9710592,0.71,-1.0
fs-off-s27,fs-off,27,9741312,0.75,-1.0
fs-off-s27,fs-off,27,9772032,0.76,-1.0
fs-off-s27,fs-off,27,9802752,0.62,-1.0
fs-off-s27,fs-off,27,9833472,0.64,-1.0
fs-off-s27,fs-off,27,9864192,0.6,-1.0
fs-off-s27,fs-off,27,9894912,0.67,-1.0
fs-off-s27,fs-off,27,9925632,0.64,-1.0
fs-off-s27,fs-off,27,9956352,0.66,-1.0
fs-off-s27,fs-off,27,9987072,0.63,-1.0
fs-off-s27,fs-off,27,10017792,0.67,-1.0
fs-off-s27,fs-off,27,10048512,0.64,-1.0
fs-off-s27,fs-off,27,10079232,0.65,-1.0
fs-off-s27,fs-off,27,10109952,0.73,-1.0
fs-off-s27,fs-off,27,10140672,0.64,-1.0
fs-off-s27,fs-off,27,10171392,0.63,-1.0
fs-off-s27,fs-off,27,10202112,0.64,-1.0
fs-off-s27,fs-off,27,10232832,0.6,-1.0
fs-off-s27,fs-off,27,10263552,0.74,-1.0
fs-off-s27,fs-off,27,10294272,0.67,-1.0
fs-off-s27,fs-off,27,10324992,0.66,-1.0
fs-off-s27,fs-off,27,10355712,0.74,-1.0
fs-off-s27,fs-off,27,10386432,0.7,-1.0
fs-off-s27,fs-off,27,10417152,0.76,-1.0
fs-off-s27,fs-off,27,10447872,0.69,-1.0
fs-off-s27,fs-off,27,10478592,0.64,-1.0
fs-off-s27,fs-off,27,10509312,0.73,-1.0
fs-off-s27,fs-off,27,10540032,0.7,-1.0
fs-off-s27,fs-off,27,10570752,0.65,-1.0
fs-off-s27,fs-off,27,10601472,0.72,-1.0
fs-off-s27,fs-off,27,10632192,0.69,-1.0
fs-off-s27,fs-off,27,10662912,0.67,-1.0
fs-off-s27,fs-off,27,10693632,0.63,-1.0
fs-off-s27,fs-off,27,10724352,0.68,-1.0
fs-off-s27,fs-off,27,10755072,0.66,-1.0
fs-off-s27,fs-off,27,10785792,0.71,-1.0
fs-off-s27,fs-off,27,10816512,0.79,-1.0
fs-off-s27,fs-off,27,10847232,0.68,-1.0
fs-off-s27,fs-off,27,10877952,0.75,-1.0
fs-off-s27,fs-off,27,10908672,0.73,-1.0
fs-off-s27,fs-off,27,10939392,0.76,-1.0
fs-off-s27,fs-off,27,10970112,0.72,-1.0
fs-off-s27,fs-off,27,11000832,0.69,-1.0
fs-off-s27,fs-off,27,11031552,0.7,-1.0
fs-off-s27,fs-off,27,11062272,0.76,-1.0
fs-off-s27,fs-off,27,11092992,0.75,-1.0
fs-off-s27,fs-off,27,11123712,0.72,-1.0
fs-off-s27,fs-off,27,11154432,0.79,-1.0
fs-off-s27,fs-off,27,11185152,0.7,-1.0
fs-off-s27,fs-off,27,11215872,0.69,-1.0
fs-off-s27,fs-off,27,11246592,0.71,-1.0
fs-off-s27,fs-off,27,11277312,0.74,-1.0
fs-off-s27,fs-off,27,11308032,0.8,-1.0
fs-off-s27,fs-off,27,11338752,0.7,-1.0
fs-off-s27,fs-off,27,11369472,0.73,-1.0
fs-off-s27,fs-off,27,11400192,0.73,-1.0
fs-off-s27,fs-off,27,11430912,0.69,-1.0
fs-off-s27,fs-off,27,11461632,0.68,-1.0
fs-off-s27,fs-off,27,11492352,0.69,-1.0
fs-off-s27,fs-off,27,11523072,0.71,-1.0
fs-off-s27,fs-off,27,11553792,0.68,-1.0
fs-off-s27,fs-off,27,11584512,0.71,-1.0
fs-off-s27,fs-off,27,11615232,0.79,-1.0
fs-off-s27,fs-off,27,11645952,0.72,-1.0
fs-off-s27,fs-off,27,11676672,0.77,-1.0
fs-off-s27,fs-off,27,11707392,0.81,-1.0
fs-off-s27,fs-off,27,11738112,0.77,-1.0
fs-off-s27,fs-off,27,11768832,0.7,-1.0
fs-off-s27,fs-off,27,11799552,0.7,-1.0
fs-off-s27,fs-off,27,11830272,0.71,-1.0
fs-off-s27,fs-off,27,11860992,0.83,-1.0
fs-off-s27,fs-off,27,11891712,0.7,-1.0
fs-off-s27,fs-off,27,11922432,0.79,-1.0
fs-off-s27,fs-off,27,11953152,0.78,-1.0
fs-off-s27,fs-off,27,11983872,0.78,-1.0
fs-off-s27,fs-off,27,12014592,0.76,-1.0
fs-off-s27,fs-off,27,12045312,0.77,-1.0
fs-off-s27,fs-off,27,12076032,0.7,-1.0
fs-off-s27,fs-off,27,12106752,0.72,-1.0
fs-off-s27,fs-off,27,12137472,0.78,-1.0
fs-off-s27,fs-off,27,12168192,0.69,-1.0
fs-off-s27,fs-off,27,12198912,0.73,-1.0
fs-off-s27,fs-off,27,12229632,0.77,-1.0
fs-off-s27,fs-off,27,12260352,0.8,-1.0
fs-off-s27,fs-off,27,12291072,0.73,-1.0
fs-off-s27,fs-off,27,12321792,0.79,-1.0
fs-off-s27,fs-off,27,12352512,0.8,-1.0
fs-off-s27,fs-off,27,12383232,0.76,-1.0
fs-off-s27,fs-off,27,12413952,0.78,-1.0
fs-off-s27,fs-off,27,12444672,0.73,-1.0
fs-off-s27,fs-off,27,12475392,0.79,-1.0
fs-off-s27,fs-off,27,12506112,0.75,-1.0
fs-off-s27,fs-off,27,12536832,0.74,-1.0
fs-off-s27,fs-off,27,12567552,0.77,-1.0
fs-off-s27,fs-off,27,12598272,0.76,-1.0
fs-off-s27,fs-off,27,12628992,0.72,-1.0
fs-off-s27,fs-off,27,12659712,0.76,-1.0
fs-off-s27,fs-off,27,12690432,0.78,-1.0
fs-off-s27,fs-off,27,12721152,0.79,-1.0
fs-off-s27,fs-off,27,12751872,0.68,-1.0
fs-off-s27,fs-off,27,12782592,0.86,-1.0
fs-off-s27,fs-off,27,12813312,0.68,-1.0
fs-off-s27,fs-off,27,12844032,0.81,-1.0
fs-off-s27,fs-off,27,12874752,0.79,-1.0
fs-off-s27,fs-off,27,12905472,0.8,-1.0
fs-off-s27,fs-off,27,12936192,0.85,-1.0
fs-off-s27,fs-off,27,12966912,0.79,-1.0
fs-off-s27,fs-off,27,12997632,0.77,-1.0
fs-off-s27,fs-off,27,13028352,0.72,-1.0
fs-off-s27,fs-off,27,13059072,0.79,-1.0
fs-off-s27,fs-off,27,13089792,0.75,-1.0
fs-off-s27,fs-off,27,13120512,0.77,-1.0
fs-off-s27,fs-off,27,13151232,0.76,-1.0
fs-off-s27,fs-off,27,13181952,0.71,-1.0
fs-off-s27,fs-off,27,13212672,0.83,-1.0
fs-off-s27,fs-off,27,13243392,0.8,-1.0
fs-off-s27,fs-off,27,13274112,0.8,-1.0
fs-off-s27,fs-off,27,13304832,0.76,-1.0
fs-off-s27,fs-off,27,13335552,0.7,-1.0
fs-off-s27,fs-off,27,13366272,0.76,-1.0
fs-off-s27,fs-off,27,13396992,0.82,-1.0
fs-off-s27,fs-off,27,13427712,0.82,-1.0
fs-off-s27,fs-off,27,13458432,0.76,-1.0
fs-off-s27,fs-off,27,13489152,0.8,-1.0
fs-off-s27,fs-off,27,13519872,0.86,-1.0
fs-off-s27,fs-off,27,13550592,0.79,-1.0
fs-off-s27,fs-off,27,13581312,0.81,-1.0
fs-off-s27,fs-off,27,13612032,0.8,-1.0
fs-off-s27,fs-off,27,13642752,0.77,-1.0
fs-off-s27,fs-off,27,13673472,0.88,-1.0
fs-off-s27,fs-off,27,13704192,0.78,-1.0
fs-off-s27,fs-off,27,13734912,0.76,-1.0
fs-off-s27,fs-off,27,13765632,0.82,-1.0
fs-off-s27,fs-off,27,13796352,0.86,-1.0
fs-off-s27,fs-off,27,13827072,0.78,-1.0
fs-off-s27,fs-off,27,13857792,0.85,-1.0
fs-off-s27,fs-off,27,13888512,0.83,-1.0
fs-off-s27,fs-off,27,13919232,0.79,-1.0
fs-off-s27,fs-off,27,13949952,0.83,-1.0
fs-off-s27,fs-off,27,13980672,0.81,-1.0
fs-off-s27,fs-off,27,14011392,0.78,-1.0
fs-off-s27,fs-off,27,14042112,0.71,-1.0
fs-off-s27,fs-off,27,14072832,0.85,-1.0
fs-off-s27,fs-off,27,14103552,0.81,-1.0
fs-off-s27,fs-off,27,14134272,0.81,-1.0
fs-off-s27,fs-off,27,14164992,0.82,-1.0
fs-off-s27,fs-off,27,14195712,0.8,-1.0
fs-off-s27,fs-off,27,14226432,0.8,-1.0
fs-off-s27,fs-off,27,14257152,0.8,-1.0
fs-off-s27,fs-off,27,14287872,0.8,-1.0
fs-off-s27,fs-off,27,14318592,0.84,-1.0
fs-off-s27,fs-off,27,14349312,0.81,-1.0
fs-off-s27,fs-off,27,14380032,0.82,-1.0
fs-off-s27,fs-off,27,14410752,0.78,-1.0
fs-off-s27,fs-off,27,14441472,0.84,-1.0
fs-off-s27,fs-off,27,14472192,0.86,-1.0
fs-off-s27,fs-off,27,14502912,0.84,-1.0
fs-off-s27,fs-off,27,14533632,0.89,-1.0
fs-off-s27,fs-off,27,14564352,0.85,-1.0
fs-off-s27,fs-off,27,14595072,0.9,-1.0
fs-off-s27,fs-off,27,14625792,0.84,-1.0
fs-off-s27,fs-off,27,14656512,0.77,-1.0
fs-off-s27,fs-off,27,14687232,0.91,-1.0
fs-off-s27,fs-off,27,14717952,0.78,-1.0
fs-off-s27,fs-off,27,14748672,0.83,-1.0
fs-off-s27,fs-off,27,14779392,0.83,-1.0
fs-off-s27,fs-off,27,14810112,0.83,-1.0
fs-off-s27,fs-off,27,14840832,0.8,-1.0
fs-off-s27,fs-off,27,14871552,0.77,-1.0
fs-off-s27,fs-off,27,14902272,0.81,-1.0
fs-off-s27,fs-off,27,14932992,0.8,-1.0
fs-off-s27,fs-off,27,14963712,0.81,-1.0
fs-off-s27,fs-off,27,14994432,0.87,-1.0
fs-off-s27,fs-off,27,14997504,0.92,-1.0
fs-off-s28,fs-off,28,3072,0.01,-1.0
fs-off-s28,fs-off,28,33792,0.0,-1.0
fs-off-s28,fs-off,28,64512,0.01,-1.0
fs-off-s28,fs-off,28,95232,0.01,-1.0
fs-off-s28,fs-off,28,125952,0.01,-1.0
fs-off-s28,fs-off,28,156672,0.02,-1.0
fs-off-s28,fs-off,28,187392,0.03,-1.0
fs-off-s28,fs-off,28,218112,0.0,-1.0
fs-off-s28,fs-off,28,248832,0.02,-1.0
fs-off-s28,fs-off,28,279552,0.02,-1.0
fs-off-s28,fs-off,28,310272,0.04,-1.0
fs-off-s28,fs-off,28,340992,0.03,-1.0
fs-off-s28,fs-off,28,371712,0.05,-1.0
fs-off-s28,fs-off,28,402432,0.04,-1.0
fs-off-s28,fs-off,28,433152,0.04,-1.0
fs-off-s28,fs-off,28,463872,0.05,-1.0
fs-off-s28,fs-off,28,494592,0.05,-1.0
fs-off-s28,fs-off,28,525312,0.03,-1.0
fs-off-s28,fs-off,28,556032,0.03,-1.0
fs-off-s28,fs-off,28,586752,0.04,-1.0
fs-off-s28,fs-off,28,617472,0.08,-1.0
fs-off-s28,fs-off,28,648192,0.0,-1.0
fs-off-s28,fs-off,28,678912,0.03,-1.0
fs-off-s28,fs-off,28,709632,0.05,-1.0
fs-off-s28,fs-off,28,740352,0.02,-1.0
fs-off-s28,fs-off,28,771072,0.04,-1.0
fs-off-s28,fs-off,28,801792,0.05,-1.0
fs-off-s28,fs-off,28,832512,0.04,-1.0
fs-off-s28,fs-off,28,863232,0.04,-1.0
fs-off-s28,fs-off,28,893952,0.05,-1.0
fs-off-s28,fs-off,28,924672,0.01,-1.0
fs-off-s28,fs-off,28,955392,0.07,-1.0
fs-off-s28,fs-off,28,986112,0.03,-1.0
fs-off-s28,fs-off,28,1016832,0.13,-1.0
fs-off-s28,fs-off,28,1047552,0.02,-1.0
fs-off-s28,fs-off,28,1078272,0.04,-1.0
fs-off-s28,fs-off,28,1108992,0.05,-1.0
fs-off-s28,fs-off,28,1139712,0.03,-1.0
fs-off-s28,fs-off,28,1170432,0.04,-1.0
fs-off-s28,fs-off,28,1201152,0.07,-1.0
fs-off-s28,fs-off,28,1231872,0.08,-1.0
fs-off-s28,fs-off,28,1262592,0.04,-1.0
fs-off-s28,fs-off,28,1293312,0.07,-1.0
fs-off-s28,fs-off,28,1324032,0.05,-1.0
fs-off-s28,fs-off,28,1354752,0.03,-1.0
fs-off-s28,fs-off,28,1385472,0.03,-1.0
fs-off-s28,fs-off,28,1416192,0.12,-1.0
fs-off-s28,fs-off,28,1446912,0.05,-1.0
fs-off-s28,fs-off,28,1477632,0.06,-1.0
fs-off-s28,fs-off,28,1508352,0.04,-1.0
fs-off-s28,fs-off,28,1539072,0.06,-1.0
fs-off-s28,fs-off,28,1569792,0.02,-1.0
fs-off-s28,fs-off,28,1600512,0.06,-1.0
fs-off-s28,fs-off,28,1631232,0.05,-1.0
fs-off-s28,fs-off,28,1661952,0.07,-1.0
fs-off-s28,fs-off,28,1692672,0.1,-1.0
fs-off-s28,fs-off,28,1723392,0.02,-1.0
fs-off-s28,fs-off,28,1754112,0.13,-1.0
fs-off-s28,fs-off,28,1784832,0.09,-1.0
fs-off-s28,fs-off,28,1815552,0.07,-1.0
fs-off-s28,fs-off,28,1846272,0.04,-1.0
fs-off-s28,fs-off,28,1876992,0.06,-1.0
fs-off-s28,fs-off,28,1907712,0.09,-1.0
fs-off-s28,fs-off,28,1938432,0.08,-1.0
fs-off-s28,fs-off,28,1969152,0.06,-1.0
fs-off-s28,fs-off,28,1999872,0.07,-1.0
fs-off-s28,fs-off,28,2030592,0.07,-1.0
fs-off-s28,fs-off,28,2061312,0.08,-1.0
fs-off-s28,fs-off,28,2092032,0.11,-1.0
fs-off-s28,fs-off,28,2122752,0.11,-1.0
fs-off-s28,fs-off,28,2153472,0.07,-1.0
fs-off-s28,fs-off,28,2184192,0.09,-1.0
fs-off-s28,fs-off,28,2214912,0.08,-1.0
fs-off-s28,fs-off,28,2245632,0.1,-1.0
fs-off-s28,fs-off,28,2276352,0.07,-1.0
fs-off-s28,fs-off,28,2307072,0.04,-1.0
fs-off-s28,fs-off,28,2337792,0.1,-1.0
fs-off-s28,fs-off,28,2368512,0.07,-1.0
fs-off-s28,fs-off,28,2399232,0.09,-1.0
fs-off-s28,fs-off,28,2429952,0.11,-1.0
fs-off-s28,fs-off,28,2460672,0.13,-1.0
fs-off-s28,fs-off,28,2491392,0.1,-1.0
fs-off-s28,fs-off,28,2522112,0.17,-1.0
fs-off-s28,fs-off,28,2552832,0.09,-1.0
fs-off-s28,fs-off,28,2583552,0.15,-1.0
fs-off-s28,fs-off,28,2614272,0.15,-1.0
fs-off-s28,fs-off,28,2644992,0.16,-1.0
fs-off-s28,fs-off,28,2675712,0.07,-1.0
fs-off-s28,fs-off,28,2706432,0.14,-1.0
fs-off-s28,fs-off,28,2737152,0.13,-1.0
fs-off-s28,fs-off,28,2767872,0.1,-1.0
fs-off-s28,fs-off,28,2798592,0.07,-1.0
fs-off-s28,fs-off,28,2829312,0.06,-1.0
fs-off-s28,fs-off,28,2860032,0.13,-1.0
fs-off-s28,fs-off,28,2890752,0.15,-1.0
fs-off-s28,fs-off,28,2921472,0.08,-1.0
fs-off-s28,fs-off,28,2952192,0.11,-1.0
fs-off-s28,fs-off,28,2982912,0.17,-1.0
fs-off-s28,fs-off,28,3013632,0.16,-1.0
fs-off-s28,fs-off,28,3044352,0.13,-1.0
fs-off-s28,fs-off,28,3075072,0.21,-1.0
fs-off-s28,fs-off,28,3105792,0.15,-1.0
fs-off-s28,fs-off,28,3136512,0.23,-1.0
fs-off-s28,fs-off,28,3167232,0.13,-1.0
fs-off-s28,fs-off,28,3197952,0.19,-1.0
fs-off-s28,fs-off,28,3228672,0.19,-1.0
fs-off-s28,fs-off,28,3259392,0.17,-1.0
fs-off-s28,fs-off,28,3290112,0.17,-1.0
fs-off-s28,fs-off,28,3320832,0.19,-1.0
fs-off-s28,fs-off,28,3351552,0.12,-1.0
fs-off-s28,fs-off,28,3382272,0.23,-1.0
fs-off-s28,fs-off,28,3412992,0.15,-1.0
fs-off-s28,fs-off,28,3443712,0.19,-1.0
fs-off-s28,fs-off,28,3474432,0.23,-1.0
fs-off-s28,fs-off,28,3505152,0.16,-1.0
fs-off-s28,fs-off,28,3535872,0.22,-1.0
fs-off-s28,fs-off,28,3566592,0.29,-1.0
fs-off-s28,fs-off,28,3597312,0.18,-1.0
fs-off-s28,fs-off,28,3628032,0.22,-1.0
fs-off-s28,fs-off,28,3658752,0.18,-1.0
fs-off-s28,fs-off,28,3689472,0.2,-1.0
fs-off-s28,fs-off,28,3720192,0.21,-1.0
fs-off-s28,fs-off,28,3750912,0.22,-1.0
fs-off-s28,fs-off,28,3781632,0.23,-1.0
fs-off-s28,fs-off,28,3812352,0.22,-1.0
fs-off-s28,fs-off,28,3843072,0.22,-1.0
fs-off-s28,fs-off,28,3873792,0.34,-1.0
fs-off-s28,fs-off,28,3904512,0.23,-1.0
fs-off-s28,fs-off,28,3935232,0.28,-1.0
fs-off-s28,fs-off,28,3965952,0.23,-1.0
fs-off-s28,fs-off,28,3996672,0.21,-1.0
fs-off-s28,fs-off,28,4027392,0.23,-1.0
fs-off-s28,fs-off,28,4058112,0.26,-1.0
fs-off-s28,fs-off,28,4088832,0.33,-1.0
fs-off-s28,fs-off,28,4119552,0.26,-1.0
fs-off-s28,fs-off,28,4150272,0.17,-1.0
fs-off-s28,fs-off,28,4180992,0.2,-1.0
fs-off-s28,fs-off,28,4211712,0.31,-1.0
fs-off-s28,fs-off,28,4242432,0.31,-1.0
fs-off-s28,fs-off,28,4273152,0.27,-1.0
fs-off-s28,fs-off,28,4303872,0.18,-1.0
fs-off-s28,fs-off,28,4334592,0.29,-1.0
fs-off-s28,fs-off,28,4365312,0.29,-1.0
fs-off-s28,fs-off,28,4396032,0.3,-1.0
fs-off-s28,fs-off,28,4426752,0.21,-1.0
fs-off-s28,fs-off,28,4457472,0.26,-1.0
fs-off-s28,fs-off,28,4488192,0.29,-1.0
fs-off-s28,fs-off,28,4518912,0.29,-1.0
fs-off-s28,fs-off,28,4549632,0.28,-1.0
fs-off-s28,fs-off,28,4580352,0.35,-1.0
fs-off-s28,fs-off,28,4611072,0.22,-1.0
fs-off-s28,fs-off,28,4641792,0.28,-1.0
fs-off-s28,fs-off,28,4672512,0.3,-1.0
fs-off-s28,fs-off,28,4703232,0.35,-1.0
fs-off-s28,fs-off,28,4733952,0.29,-1.0
fs-off-s28,fs-off,28,4764672,0.31,-1.0
fs-off-s28,fs-off,28,4795392,0.25,-1.0
fs-off-s28,fs-off,28,4826112,0.27,-1.0
fs-off-s28,fs-off,28,4856832,0.27,-1.0
fs-off-s28,fs-off,28,4887552,0.32,-1.0
fs-off-s28,fs-off,28,4918272,0.36,-1.0
fs-off-s28,fs-off,28,4948992,0.28,-1.0
fs-off-s28,fs-off,28,4979712,0.32,-1.0
fs-off-s28,fs-off,28,5010432,0.32,-1.0
fs-off-s28,fs-off,28,5041152,0.33,-1.0
fs-off-s28,fs-off,28,5071872,0.29,-1.0
fs-off-s28,fs-off,28,5102592,0.43,-1.0
fs-off-s28,fs-off,28,5133312,0.37,-1.0
fs-off-s28,fs-off,28,5164032,0.31,-1.0
fs-off-s28,fs-off,28,5194752,0.19,-1.0
fs-off-s28,fs-off,28,5225472,0.36,-1.0
fs-off-s28,fs-off,28,5256192,0.36,-1.0
fs-off-s28,fs-off,28,5286912,0.34,-1.0
fs-off-s28,fs-off,28,5317632,0.32,-1.0
fs-off-s28,fs-off,28,5348352,0.36,-1.0
fs-off-s28,fs-off,28,5379072,0.37,-1.0
fs-off-s28,fs-off,28,5409792,0.36,-1.0
fs-off-s28,fs-off,28,5440512,0.42,-1.0
fs-off-s28,fs-off,28,5471232,0.36,-1.0
fs-off-s28,fs-off,28,5501952,0.43,-1.0
fs-off-s28,fs-off,28,5532672,0.27,-1.0
fs-off-s28,fs-off,28,5563392,0.41,-1.0
fs-off-s28,fs-off,28,5594112,0.51,-1.0
fs-off-s28,fs-off,28,5624832,0.43,-1.0
fs-off-s28,fs-off,28,5655552,0.45,-1.0
fs-off-s28,fs-off,28,5686272,0.46,-1.0
fs-off-s28,fs-off,28,5716992,0.39,-1.0
fs-off-s28,fs-off,28,5747712,0.37,-1.0
fs-off-s28,fs-off,28,5778432,0.37,-1.0
fs-off-s28,fs-off,28,5809152,0.41,-1.0
fs-off-s28,fs-off,28,5839872,0.55,-1.0
fs-off-s28,fs-off,28,5870592,0.37,-1.0
fs-off-s28,fs-off,28,5901312,0.37,-1.0
fs-off-s28,fs-off,28,5932032,0.39,-1.0
fs-off-s28,fs-off,28,5962752,0.49,-1.0
fs-off-s28,fs-off,28,5993472,0.44,-1.0
fs-off-s28,fs-off,28,6024192,0.59,-1.0
fs-off-s28,fs-off,28,6054912,0.38,-1.0
fs-off-s28,fs-off,28,6085632,0.53,-1.0
fs-off-s28,fs-off,28,6116352,0.43,-1.0
fs-off-s28,fs-off,28,6147072,0.37,-1.0
fs-off-s28,fs-off,28,6177792,0.38,-1.0
fs-off-s28,fs-off,28,6208512,0.52,-1.0
fs-off-s28,fs-off,28,6239232,0.41,-1.0
fs-off-s28,fs-off,28,6269952,0.43,-1.0
fs-off-s28,fs-off,28,6300672,0.44,-1.0
fs-off-s28,fs-off,28,6331392,0.43,-1.0
fs-off-s28,fs-off,28,6362112,0.47,-1.0
fs-off-s28,fs-off,28,6392832,0.53,-1.0
fs-off-s28,fs-off,28,6423552,0.45,-1.0
fs-off-s28,fs-off,28,6454272,0.42,-1.0
fs-off-s28,fs-off,28,6484992,0.39,-1.0
fs-off-s28,fs-off,28,6515712,0.54,-1.0
fs-off-s28,fs-off,28,6546432,0.52,-1.0
fs-off-s28,fs-off,28,6577152,0.6,-1.0
fs-off-s28,fs-off,28,6607872,0.46,-1.0
fs-off-s28,fs-off,28,6638592,0.39,-1.0
fs-off-s28,fs-off,28,6669312,0.55,-1.0
fs-off-s28,fs-off,28,6700032,0.59,-1.0
fs-off-s28,fs-off,28,6730752,0.47,-1.0
fs-off-s28,fs-off,28,6761472,0.54,-1.0
fs-off-s28,fs-off,28,6792192,0.55,-1.0
fs-off-s28,fs-off,28,6822912,0.49,-1.0
fs-off-s28,fs-off,28,6853632,0.56,-1.0
fs-off-s28,fs-off,28,6884352,0.47,-1.0
fs-off-s28,fs-off,28,6915072,0.52,-1.0
fs-off-s28,fs-off,28,6945792,0.48,-1.0
fs-off-s28,fs-off,28,6976512,0.54,-1.0
fs-off-s28,fs-off,28,7007232,0.46,-1.0
fs-off-s28,fs-off,28,7037952,0.58,-1.0
fs-off-s28,fs-off,28,7068672,0.51,-1.0
fs-off-s28,fs-off,28,7099392,0.53,-1.0
fs-off-s28,fs-off,28,7130112,0.51,-1.0
fs-off-s28,fs-off,28,7160832,0.47,-1.0
fs-off-s28,fs-off,28,7191552,0.45,-1.0
fs-off-s28,fs-off,28,7222272,0.48,-1.0
fs-off-s28,fs-off,28,7252992,0.46,-1.0
fs-off-s28,fs-off,28,7283712,0.59,-1.0
fs-off-s28,fs-off,28,7314432,0.57,-1.0
fs-off-s28,fs-off,28,7345152,0.52,-1.0
fs-off-s28,fs-off,28,7375872,0.52,-1.0
fs-off-s28,fs-off,28,7406592,0.49,-1.0
fs-off-s28,fs-off,28,7437312,0.55,-1.0
fs-off-s28,fs-off,28,7468032,0.52,-1.0
fs-off-s28,fs-off,28,7498752,0.56,-1.0
fs-off-s28,fs-off,28,7529472,0.68,-1.0
fs-off-s28,fs-off,28,7560192,0.53,-1.0
fs-off-s28,fs-off,28,7590912,0.58,-1.0
fs-off-s28,fs-off,28,7621632,0.51,-1.0
fs-off-s28,fs-off,28,7652352,0.52,-1.0
fs-off-s28,fs-off,28,7683072,0.68,-1.0
fs-off-s28,fs-off,28,7713792,0.6,-1.0
fs-off-s28,fs-off,28,7744512,0.48,-1.0
fs-off-s28,fs-off,28,7775232,0.53,-1.0
fs-off-s28,fs-off,28,7805952,0.49,-1.0
fs-off-s28,fs-off,28,7836672,0.59,-1.0
fs-off-s28,fs-off,28,7867392,0.45,-1.0
fs-off-s28,fs-off,28,7898112,0.64,-1.0
fs-off-s28,fs-off,28,7928832,0.49,-1.0
fs-off-s28,fs-off,28,7959552,0.53,-1.0
fs-off-s28,fs-off,28,7990272,0.51,-1.0
fs-off-s28,fs-off,28,8020992,0.62,-1.0
fs-off-s28,fs-off,28,8051712,0.64,-1.0
fs-off-s28,fs-off,28,8082432,0.59,-1.0
fs-off-s28,fs-off,28,8113152,0.49,-1.0
fs-off-s28,fs-off,28,8143872,0.55,-1.0
fs-off-s28,fs-off,28,8174592,0.52,-1.0
fs-off-s28,fs-off,28,8205312,0.55,-1.0
fs-off-s28,fs-off,28,8236032,0.57,-1.0
fs-off-s28,fs-off,28,8266752,0.58,-1.0
fs-off-s28,fs-off,28,8297472,0.6,-1.0
fs-off-s28,fs-off,28,8328192,0.53,-1.0
fs-off-s28,fs-off,28,8358912,0.58,-1.0
fs-off-s28,fs-off,28,8389632,0.56,-1.0
fs-off-s28,fs-off,28,8420352,0.55,-1.0
fs-off-s28,fs-off,28,8451072,0.71,-1.0
fs-off-s28,fs-off,28,8481792,0.54,-1.0
fs-off-s28,fs-off,28,8512512,0.6,-1.0
fs-off-s28,fs-off,28,8543232,0.62,-1.0
fs-off-s28,fs-off,28,8573952,0.68,-1.0
fs-off-s28,fs-off,28,8604672,0.62,-1.0
fs-off-s28,fs-off,28,8635392,0.64,-1.0
fs-off-s28,fs-off,28,8666112,0.6,-1.0
fs-off-s28,fs-off,28,8696832,0.69,-1.0
fs-off-s28,fs-off,28,8727552,0.63,-1.0
fs-off-s28,fs-off,28,8758272,0.63,-1.0
fs-off-s28,fs-off,28,8788992,0.53,-1.0
fs-off-s28,fs-off,28,8819712,0.57,-1.0
fs-off-s28,fs-off,28,8850432,0.65,-1.0
fs-off-s28,fs-off,28,8881152,0.62,-1.0
fs-off-s28,fs-off,28,8911872,0.6,-1.0
fs-off-s28,fs-off,28,8942592,0.59,-1.0
fs-off-s28,fs-off,28,8973312,0.59,-1.0
fs-off-s28,fs-off,28,9004032,0.55,-1.0
fs-off-s28,fs-off,28,9034752,0.59,-1.0
fs-off-s28,fs-off,28,9065472,0.49,-1.0
fs-off-s28,fs-off,28,9096192,0.63,-1.0
fs-off-s28,fs-off,28,9126912,0.63,-1.0
fs-off-s28,fs-off,28,9157632,0.55,-1.0
fs-off-s28,fs-off,28,9188352,0.72,-1.0
fs-off-s28,fs-off,28,9219072,0.6,-1.0
fs-off-s28,fs-off,28,9249792,0.58,-1.0
fs-off-s28,fs-off,28,9280512,0.65,-1.0
fs-off-s28,fs-off,28,9311232,0.67,-1.0
fs-off-s28,fs-off,28,9341952,0.66,-1.0
fs-off-s28,fs-off,28,9372672,0.69,-1.0
fs-off-s28,fs-off,28,9403392,0.56,-1.0
fs-off-s28,fs-off,28,9434112,0.67,-1.0
fs-off-s28,fs-off,28,9464832,0.71,-1.0
fs-off-s28,fs-off,28,9495552,0.64,-1.0
fs-off-s28,fs-off,28,9526272,0.68,-1.0
fs-off-s28,fs-off,28,9556992,0.68,-1.0
fs-off-s28,fs-off,28,9587712,0.72,-1.0
fs-off-s28,fs-off,28,9618432,0.67,-1.0
fs-off-s28,fs-off,28,9649152,0.57,-1.0
fs-off-s28,fs-off,28,9679872,0.65,-1.0
fs-off-s28,fs-off,28,9710592,0.65,-1.0
fs-off-s28,fs-off,28,9741312,0.6,-1.0
fs-off-s28,fs-off,28,9772032,0.64,-1.0
fs-off-s28,fs-off,28,9802752,0.66,-1.0
fs-off-s28,fs-off,28,9833472,0.6,-1.0
fs-off-s28,fs-off,28,9864192,0.74,-1.0
fs-off-s28,fs-off,28,9894912,0.65,-1.0
fs-off-s28,fs-off,28,9925632,0.69,-1.0
fs-off-s28,fs-off,28,9956352,0.69,-1.0
fs-off-s28,fs-off,28,9987072,0.68,-1.0
fs-off-s28,fs-off,28,10017792,0.67,-1.0
fs-off-s28,fs-off,28,10048512,0.62,-1.0
fs-off-s28,fs-off,28,10079232,0.65,-1.0
fs-off-s28,fs-off,28,10109952,0.71,-1.0
fs-off-s28,fs-off,28,10140672,0.57,-1.0
fs-off-s28,fs-off,28,10171392,0.69,-1.0
fs-off-s28,fs-off,28,10202112,0.67,-1.0
fs-off-s28,fs-off,28,10232832,0.62,-1.0
fs-off-s28,fs-off,28,10263552,0.71,-1.0
fs-off-s28,fs-off,28,10294272,0.71,-1.0
fs-off-s28,fs-off,28,10324992,0.63,-1.0
fs-off-s28,fs-off,28,10355712,0.64,-1.0
fs-off-s28,fs-off,28,10386432,0.72,-1.0
fs-off-s28,fs-off,28,10417152,0.65,-1.0
fs-off-s28,fs-off,28,10447872,0.76,-1.0
fs-off-s28,fs-off,28,10478592,0.65,-1.0
fs-off-s28,fs-off,28,10509312,0.66,-1.0
fs-off-s28,fs-off,28,10540032,0.74,-1.0
fs-off-s28,fs-off,28,10570752,0.66,-1.0
fs-off-s28,fs-off,28,10601472,0.66,-1.0
fs-off-s28,fs-off,28,10632192,0.75,-1.0
fs-off-s28,fs-off,28,10662912,0.73,-1.0
fs-off-s28,fs-off,28,10693632,0.66,-1.0
fs-off-s28,fs-off,28,10724352,0.7,-1.0
fs-off-s28,fs-off,28,10755072,0.72,-1.0
fs-off-s28,fs-off,28,10785792,0.68,-1.0
fs-off-s28,fs-off,28,10816512,0.58,-1.0
fs-off-s28,fs-off,28,10847232,0.64,-1.0
fs-off-s28,fs-off,28,10877952,0.64,-1.0
fs-off-s28,fs-off,28,10908672,0.65,-1.0
fs-off-s28,fs-off,28,10939392,0.74,-1.0
fs-off-s28,fs-off,28,10970112,0.64,-1.0
fs-off-s28,fs-off,28,11000832,0.76,-1.0
fs-off-s28,fs-off,28,11031552,0.66,-1.0
fs-off-s28,fs-off,28,11062272,0.72,-1.0
fs-off-s28,fs-off,28,11092992,0.71,-1.0
fs-off-s28,fs-off,28,11123712,0.71,-1.0
fs-off-s28,fs-off,28,11154432,0.67,-1.0
fs-off-s28,fs-off,28,11185152,0.7,-1.0
fs-off-s28,fs-off,28,11215872,0.7,-1.0
fs-off-s28,fs-off,28,11246592,0.73,-1.0
fs-off-s28,fs-off,28,11277312,0.74,-1.0
fs-off-s28,fs-off,28,11308032,0.76,-1.0
fs-off-s28,fs-off,28,11338752,0.66,-1.0
fs-off-s28,fs-off,28,11369472,0.73,-1.0
fs-off-s28,fs-off,28,11400192,0.83,-1.0
fs-off-s28,fs-off,28,11430912,0.67,-1.0
fs-off-s28,fs-off,28,11461632,0.73,-1.0
fs-off-s28,fs-off,28,11492352,0.74,-1.0
fs-off-s28,fs-off,28,11523072,0.75,-1.0
fs-off-s28,fs-off,28,11553792,0.66,-1.0
fs-off-s28,fs-off,28,11584512,0.72,-1.0
fs-off-s28,fs-off,28,11615232,0.76,-1.0
fs-off-s28,fs-off,28,11645952,0.76,-1.0
fs-off-s28,fs-off,28,11676672,0.73,-1.0
fs-off-s28,fs-off,28,11707392,0.75,-1.0
fs-off-s28,fs-off,28,11738112,0.79,-1.0
fs-off-s28,fs-off,28,11768832,0.7,-1.0
fs-off-s28,fs-off,28,11799552,0.79,-1.0
fs-off-s28,fs-off,28,11830272,0.72,-1.0
fs-off-s28,fs-off,28,11860992,0.67,-1.0
fs-off-s28,fs-off,28,11891712,0.72,-1.0
fs-off-s28,fs-off,28,11922432,0.8,-1.0
fs-off-s28,fs-off,28,11953152,0.8,-1.0
fs-off-s28,fs-off,28,11983872,0.68,-1.0
fs-off-s28,fs-off,28,12014592,0.79,-1.0
fs-off-s28,fs-off,28,12045312,0.71,-1.0
fs-off-s28,fs-off,28,12076032,0.8,-1.0
fs-off-s28,fs-off,28,12106752,0.75,-1.0
fs-off-s28,fs-off,28,12137472,0.66,-1.0
fs-off-s28,fs-off,28,12168192,0.76,-1.0
fs-off-s28,fs-off,28,12198912,0.74,-1.0
fs-off-s28,fs-off,28,12229632,0.74,-1.0
fs-off-s28,fs-off,28,12260352,0.7,-1.0
fs-off-s28,fs-off,28,12291072,0.81,-1.0
fs-off-s28,fs-off,28,12321792,0.81,-1.0
fs-off-s28,fs-off,28,12352512,0.78,-1.0
fs-off-s28,fs-off,28,12383232,0.78,-1.0
fs-off-s28,fs-off,28,12413952,0.7,-1.0
fs-off-s28,fs-off,28,12444672,0.72,-1.0
fs-off-s28,fs-off,28,12475392,0.73,-1.0
fs-off-s28,fs-off,28,12506112,0.75,-1.0
fs-off-s28,fs-off,28,12536832,0.78,-1.0
fs-off-s28,fs-off,28,12567552,0.73,-1.0
fs-off-s28,fs-off,28,12598272,0.77,-1.0
fs-off-s28,fs-off,28,12628992,0.75,-1.0
fs-off-s28,fs-off,28,12659712,0.72,-1.0
fs-off-s28,fs-off,28,12690432,0.81,-1.0
fs-off-s28,fs-off,28,12721152,0.77,-1.0
fs-off-s28,fs-off,28,12751872,0.81,-1.0
fs-off-s28,fs-off,28,12782592,0.75,-1.0
fs-off-s28,fs-off,28,12813312,0.73,-1.0
fs-off-s28,fs-off,28,12844032,0.77,-1.0
fs-off-s28,fs-off,28,12874752,0.77,-1.0
fs-off-s28,fs-off,28,12905472,0.75,-1.0
fs-off-s28,fs-off,28,12936192,0.82,-1.0
fs-off-s28,fs-off,28,12966912,0.77,-1.0
fs-off-s28,fs-off,28,12997632,0.74,-1.0
fs-off-s28,fs-off,28,13028352,0.78,-1.0
fs-off-s28,fs-off,28,13059072,0.73,-1.0
fs-off-s28,fs-off,28,13089792,0.76,-1.0
fs-off-s28,fs-off,28,13120512,0.78,-1.0
fs-off-s28,fs-off,28,13151232,0.78,-1.0
fs-off-s28,fs-off,28,13181952,0.76,-1.0
fs-off-s28,fs-off,28,13212672,0.8,-1.0
fs-off-s28,fs-off,28,13243392,0.71,-1.0
fs-off-s28,fs-off,28,13274112,0.75,-1.0
fs-off-s28,fs-off,28,13304832,0.85,-1.0
fs-off-s28,fs-off,28,13335552,0.86,-1.0
fs-off-s28,fs-off,28,13366272,0.74,-1.0
fs-off-s28,fs-off,28,13396992,0.84,-1.0
fs-off-s28,fs-off,28,13427712,0.83,-1.0
fs-off-s28,fs-off,28,13458432,0.79,-1.0
fs-off-s28,fs-off,28,13489152,0.77,-1.0
fs-off-s28,fs-off,28,13519872,0.8,-1.0
fs-off-s28,fs-off,28,13550592,0.81,-1.0
fs-off-s28,fs-off,28,13581312,0.8,-1.0
fs-off-s28,fs-off,28,13612032,0.84,-1.0
fs-off-s28,fs-off,28,13642752,0.87,-1.0
fs-off-s28,fs-off,28,13673472,0.81,-1.0
fs-off-s28,fs-off,28,13704192,0.78,-1.0
fs-off-s28,fs-off,28,13734912,0.72,-1.0
fs-off-s28,fs-off,28,13765632,0.81,-1.0
fs-off-s28,fs-off,28,13796352,0.82,-1.0
fs-off-s28,fs-off,28,13827072,0.76,-1.0
fs-off-s28,fs-off,28,13857792,0.77,-1.0
fs-off-s28,fs-off,28,13888512,0.81,-1.0
fs-off-s28,fs-off,28,13919232,0.83,-1.0
fs-off-s28,fs-off,28,13949952,0.87,-1.0
fs-off-s28,fs-off,28,13980672,0.79,-1.0
fs-off-s28,fs-off,28,14011392,0.81,-1.0
fs-off-s28,fs-off,28,14042112,0.8,-1.0
fs-off-s28,fs-off,28,14072832,0.88,-1.0
fs-off-s28,fs-off,28,14103552,0.84,-1.0
fs-off-s28,fs-off,28,14134272,0.82,-1.0
fs-off-s28,fs-off,28,14164992,0.81,-1.0
fs-off-s28,fs-off,28,14195712,0.8,-1.0
fs-off-s28,fs-off,28,14226432,0.8,-1.0
fs-off-s28,fs-off,28,14257152,0.83,-1.0
fs-off-s28,fs-off,28,14287872,0.83,-1.0
fs-off-s28,fs-off,28,14318592,0.8,-1.0
fs-off-s28,fs-off,28,14349312,0.83,-1.0
fs-off-s28,fs-off,28,14380032,0.79,-1.0
fs-off-s28,fs-off,28,14410752,0.83,-1.0
fs-off-s28,fs-off,28,14441472,0.82,-1.0
fs-off-s28,fs-off,28,14472192,0.78,-1.0
fs-off-s28,fs-off,28,14502912,0.78,-1.0
fs-off-s28,fs-off,28,14533632,0.85,-1.0
fs-off-s28,fs-off,28,14564352,0.8,-1.0
fs-off-s28,fs-off,28,14595072,0.8,-1.0
fs-off-s28,fs-off,28,14625792,0.85,-1.0
fs-off-s28,fs-off,28,14656512,0.83,-1.0
fs-off-s28,fs-off,28,14687232,0.84,-1.0
fs-off-s28,fs-off,28,14717952,0.83,-1.0
fs-off-s28,fs-off,28,14748672,0.82,-1.0
fs-off-s28,fs-off,28,14779392,0.84,-1.0
fs-off-s28,fs-off,28,14810112,0.85,-1.0
fs-off-s28,fs-off,28,14840832,0.88,-1.0
fs-off-s28,fs-off,28,14871552,0.79,-1.0
fs-off-s28,fs-off,28,14902272,0.86,-1.0
fs-off-s28,fs-off,28,14932992,0.88,-1.0
fs-off-s28,fs-off,28,14963712,0.86,-1.0
fs-off-s28,fs-off,28,14994432,0.82,-1.0
fs-off-s28,fs-off,28,14997504,0.83,-1.0
fs-off-s29,fs-off,29,3072,0.0,-1.0
fs-off-s29,fs-off,29,33792,0.0,-1.0
fs-off-s29,fs-off,29,64512,0.01,-1.0
fs-off-s29,fs-off,29,95232,0.03,-1.0
fs-off-s29,fs-off,29,125952,0.01,-1.0
fs-off-s29,fs-off,29,156672,0.0,-1.0
fs-off-s29,fs-off,29,187392,0.0,-1.0
fs-off-s29,fs-off,29,218112,0.0,-1.0
fs-off-s29,fs-off,29,248832,0.03,-1.0
fs-off-s29,fs-off,29,279552,0.03,-1.0
fs-off-s29,fs-off,29,310272,0.04,-1.0
fs-off-s29,fs-off,29,340992,0.01,-1.0
fs-off-s29,fs-off,29,371712,0.04,-1.0
fs-off-s29,fs-off,29,402432,0.05,-1.0
fs-off-s29,fs-off,29,433152,0.02,-1.0
fs-off-s29,fs-off,29,463872,0.03,-1.0
fs-off-s29,fs-off,29,494592,0.01,-1.0
fs-off-s29,fs-off,29,525312,0.02,-1.0
fs-off-s29,fs-off,29,556032,0.01,-1.0
fs-off-s29,fs-off,29,586752,0.02,-1.0
fs-off-s29,fs-off,29,617472,0.03,-1.0
fs-off-s29,fs-off,29,648192,0.0,-1.0
fs-off-s29,fs-off,29,678912,0.05,-1.0
fs-off-s29,fs-off,29,709632,0.06,-1.0
fs-off-s29,fs-off,29,740352,0.04,-1.0
fs-off-s29,fs-off,29,771072,0.05,-1.0
fs-off-s29,fs-off,29,801792,0.03,-1.0
fs-off-s29,fs-off,29,832512,0.05,-1.0
fs-off-s29,fs-off,29,863232,0.05,-1.0
fs-off-s29,fs-off,29,893952,0.01,-1.0
fs-off-s29,fs-off,29,924672,0.03,-1.0
fs-off-s29,fs-off,29,955392,0.05,-1.0
fs-off-s29,fs-off,29,986112,0.03,-1.0
fs-off-s29,fs-off,29,1016832,0.06,-1.0
fs-off-s29,fs-off,29,1047552,0.06,-1.0
fs-off-s29,fs-off,29,1078272,0.08,-1.0
fs-off-s29,fs-off,29,1108992,0.05,-1.0
fs-off-s29,fs-off,29,1139712,0.03,-1.0
fs-off-s29,fs-off,29,1170432,0.02,-1.0
fs-off-s29,fs-off,29,1201152,0.04,-1.0
fs-off-s29,fs-off,29,1231872,0.03,-1.0
fs-off-s29,fs-off,29,1262592,0.05,-1.0
fs-off-s29,fs-off,29,1293312,0.0,-1.0
fs-off-s29,fs-off,29,1324032,0.07,-1.0
fs-off-s29,fs-off,29,1354752,0.03,-1.0
fs-off-s29,fs-off,29,1385472,0.06,-1.0
fs-off-s29,fs-off,29,1416192,0.05,-1.0
fs-off-s29,fs-off,29,1446912,0.07,-1.0
fs-off-s29,fs-off,29,1477632,0.06,-1.0
fs-off-s29,fs-off,29,1508352,0.04,-1.0
fs-off-s29,fs-off,29,1539072,0.04,-1.0
fs-off-s29,fs-off,29,1569792,0.07,-1.0
fs-off-s29,fs-off,29,1600512,0.04,-1.0
fs-off-s29,fs-off,29,1631232,0.04,-1.0
fs-off-s29,fs-off,29,1661952,0.07,-1.0
fs-off-s29,fs-off,29,1692672,0.08,-1.0
fs-off-s29,fs-off,29,1723392,0.06,-1.0
fs-off-s29,fs-off,29,1754112,0.09,-1.0
fs-off-s29,fs-off,29,1784832,0.04,-1.0
fs-off-s29,fs-off,29,1815552,0.08,-1.0
fs-off-s29,fs-off,29,1846272,0.07,-1.0
fs-off-s29,fs-off,29,1876992,0.11,-1.0
fs-off-s29,fs-off,29,1907712,0.06,-1.0
fs-off-s29,fs-off,29,1938432,0.06,-1.0
fs-off-s29,fs-off,29,1969152,0.05,-1.0
fs-off-s29,fs-off,29,1999872,0.11,-1.0
fs-off-s29,fs-off,29,2030592,0.08,-1.0
fs-off-s29,fs-off,29,2061312,0.12,-1.0
fs-off-s29,fs-off,29,2092032,0.07,-1.0
fs-off-s29,fs-off,29,2122752,0.11,-1.0
fs-off-s29,fs-off,29,2153472,0.07,-1.0
fs-off-s29,fs-off,29,2184192,0.08,-1.0
fs-off-s29,fs-off,29,2214912,0.08,-1.0
fs-off-s29,fs-off,29,2245632,0.11,-1.0
fs-off-s29,fs-off,29,2276352,0.13,-1.0
fs-off-s29,fs-off,29,2307072,0.09,-1.0
fs-off-s29,fs-off,29,2337792,0.08,-1.0
fs-off-s29,fs-off,29,2368512,0.1,-1.0
fs-off-s29,fs-off,29,2399232,0.09,-1.0
fs-off-s29,fs-off,29,2429952,0.1,-1.0
fs-off-s29,fs-off,29,2460672,0.12,-1.0
fs-off-s29,fs-off,29,2491392,0.15,-1.0
fs-off-s29,fs-off,29,2522112,0.09,-1.0
fs-off-s29,fs-off,29,2552832,0.1,-1.0
fs-off-s29,fs-off,29,2583552,0.08,-1.0
fs-off-s29,fs-off,29,2614272,0.16,-1.0
fs-off-s29,fs-off,29,2644992,0.15,-1.0
fs-off-s29,fs-off,29,2675712,0.13,-1.0
fs-off-s29,fs-off,29,2706432,0.14,-1.0
fs-off-s29,fs-off,29,2737152,0.15,-1.0
fs-off-s29,fs-off,29,2767872,0.12,-1.0
fs-off-s29,fs-off,29,2798592,0.12,-1.0
fs-off-s29,fs-off,29,2829312,0.12,-1.0
fs-off-s29,fs-off,29,2860032,0.13,-1.0
fs-off-s29,fs-off,29,2890752,0.14,-1.0
fs-off-s29,fs-off,29,2921472,0.13,-1.0
fs-off-s29,fs-off,29,2952192,0.15,-1.0
fs-off-s29,fs-off,29,2982912,0.16,-1.0
fs-off-s29,fs-off,29,3013632,0.15,-1.0
fs-off-s29,fs-off,29,3044352,0.15,-1.0
fs-off-s29,fs-off,29,3075072,0.14,-1.0
fs-off-s29,fs-off,29,3105792,0.15,-1.0
fs-off-s29,fs-off,29,3136512,0.17,-1.0
fs-off-s29,fs-off,29,3167232,0.11,-1.0
fs-off-s29,fs-off,29,3197952,0.15,-1.0
fs-off-s29,fs-off,29,3228672,0.21,-1.0
fs-off-s29,fs-off,29,3259392,0.1,-1.0
fs-off-s29,fs-off,29,3290112,0.11,-1.0
fs-off-s29,fs-off,29,3320832,0.12,-1.0
fs-off-s29,fs-off,29,3351552,0.18,-1.0
fs-off-s29,fs-off,29,3382272,0.2,-1.0
fs-off-s29,fs-off,29,3412992,0.17,-1.0
fs-off-s29,fs-off,29,3443712,0.22,-1.0
fs-off-s29,fs-off,29,3474432,0.21,-1.0
fs-off-s29,fs-off,29,3505152,0.23,-1.0
fs-off-s29,fs-off,29,3535872,0.14,-1.0
fs-off-s29,fs-off,29,3566592,0.23,-1.0
fs-off-s29,fs-off,29,3597312,0.23,-1.0
fs-off-s29,fs-off,29,3628032,0.16,-1.0
fs-off-s29,fs-off,29,3658752,0.18,-1.0
fs-off-s29,fs-off,29,3689472,0.22,-1.0
fs-off-s29,fs-off,29,3720192,0.2,-1.0
fs-off-s29,fs-off,29,3750912,0.2,-1.0
fs-off-s29,fs-off,29,3781632,0.17,-1.0
fs-off-s29,fs-off,29,3812352,0.11,-1.0
fs-off-s29,fs-off,29,3843072,0.22,-1.0
fs-off-s29,fs-off,29,3873792,0.24,-1.0
fs-off-s29,fs-off,29,3904512,0.26,-1.0
fs-off-s29,fs-off,29,3935232,0.29,-1.0
fs-off-s29,fs-off,29,3965952,0.31,-1.0
fs-off-s29,fs-off,29,3996672,0.18,-1.0
fs-off-s29,fs-off,29,4027392,0.23,-1.0
fs-off-s29,fs-off,29,4058112,0.25,-1.0
fs-off-s29,fs-off,29,4088832,0.15,-1.0
fs-off-s29,fs-off,29,4119552,0.33,-1.0
fs-off-s29,fs-off,29,4150272,0.29,-1.0
fs-off-s29,fs-off,29,4180992,0.27,-1.0
fs-off-s29,fs-off,29,4211712,0.3,-1.0
fs-off-s29,fs-off,29,4242432,0.24,-1.0
fs-off-s29,fs-off,29,4273152,0.28,-1.0
fs-off-s29,fs-off,29,4303872,0.24,-1.0
fs-off-s29,fs-off,29,4334592,0.29,-1.0
fs-off-s29,fs-off,29,4365312,0.19,-1.0
fs-off-s29,fs-off,29,4396032,0.33,-1.0
fs-off-s29,fs-off,29,4426752,0.3,-1.0
fs-off-s29,fs-off,29,4457472,0.35,-1.0
fs-off-s29,fs-off,29,4488192,0.28,-1.0
fs-off-s29,fs-off,29,4518912,0.29,-1.0
fs-off-s29,fs-off,29,4549632,0.33,-1.0
fs-off-s29,fs-off,29,4580352,0.33,-1.0
fs-off-s29,fs-off,29,4611072,0.3,-1.0
fs-off-s29,fs-off,29,4641792,0.21,-1.0
fs-off-s29,fs-off,29,4672512,0.35,-1.0
fs-off-s29,fs-off,29,4703232,0.31,-1.0
fs-off-s29,fs-off,29,4733952,0.36,-1.0
fs-off-s29,fs-off,29,4764672,0.33,-1.0
fs-off-s29,fs-off,29,4795392,0.37,-1.0
fs-off-s29,fs-off,29,4826112,0.27,-1.0
fs-off-s29,fs-off,29,4856832,0.35,-1.0
fs-off-s29,fs-off,29,4887552,0.28,-1.0
fs-off-s29,fs-off,29,4918272,0.28,-1.0
fs-off-s29,fs-off,29,4948992,0.27,-1.0
fs-off-s29,fs-off,29,4979712,0.35,-1.0
fs-off-s29,fs-off,29,5010432,0.28,-1.0
fs-off-s29,fs-off,29,5041152,0.3,-1.0
fs-off-s29,fs-off,29,5071872,0.34,-1.0
fs-off-s29,fs-off,29,5102592,0.28,-1.0
fs-off-s29,fs-off,29,5133312,0.37,-1.0
fs-off-s29,fs-off,29,5164032,0.41,-1.0
fs-off-s29,fs-off,29,5194752,0.38,-1.0
fs-off-s29,fs-off,29,5225472,0.28,-1.0
fs-off-s29,fs-off,29,5256192,0.4,-1.0
fs-off-s29,fs-off,29,5286912,0.34,-1.0
fs-off-s29,fs-off,29,5317632,0.28,-1.0
fs-off-s29,fs-off,29,5348352,0.29,-1.0
fs-off-s29,fs-off,29,5379072,0.33,-1.0
fs-off-s29,fs-off,29,5409792,0.42,-1.0
fs-off-s29,fs-off,29,5440512,0.35,-1.0
fs-off-s29,fs-off,29,5471232,0.39,-1.0
fs-off-s29,fs-off,29,5501952,0.43,-1.0
fs-off-s29,fs-off,29,5532672,0.35,-1.0
fs-off-s29,fs-off,29,5563392,0.48,-1.0
fs-off-s29,fs-off,29,5594112,0.45,-1.0
fs-off-s29,fs-off,29,5624832,0.43,-1.0
fs-off-s29,fs-off,29,5655552,0.4,-1.0
fs-off-s29,fs-off,29,5686272,0.39,-1.0
fs-off-s29,fs-off,29,5716992,0.41,-1.0
fs-off-s29,fs-off,29,5747712,0.44,-1.0
fs-off-s29,fs-off,29,5778432,0.49,-1.0
fs-off-s29,fs-off,29,5809152,0.4,-1.0
fs-off-s29,fs-off,29,5839872,0.32,-1.0
fs-off-s29,fs-off,29,5870592,0.42,-1.0
fs-off-s29,fs-off,29,5901312,0.37,-1.0
fs-off-s29,fs-off,29,5932032,0.49,-1.0
fs-off-s29,fs-off,29,5962752,0.37,-1.0
fs-off-s29,fs-off,29,5993472,0.44,-1.0
fs-off-s29,fs-off,29,6024192,0.43,-1.0
fs-off-s29,fs-off,29,6054912,0.43,-1.0
fs-off-s29,fs-off,29,6085632,0.47,-1.0
fs-off-s29,fs-off,29,6116352,0.45,-1.0
fs-off-s29,fs-off,29,6147072,0.41,-1.0
fs-off-s29,fs-off,29,6177792,0.49,-1.0
fs-off-s29,fs-off,29,6208512,0.46,-1.0
fs-off-s29,fs-off,29,6239232,0.5,-1.0
fs-off-s29,fs-off,29,6269952,0.32,-1.0
fs-off-s29,fs-off,29,6300672,0.48,-1.0
fs-off-s29,fs-off,29,6331392,0.51,-1.0
fs-off-s29,fs-off,29,6362112,0.38,-1.0
fs-off-s29,fs-off,29,6392832,0.37,-1.0
fs-off-s29,fs-off,29,6423552,0.48,-1.0
fs-off-s29,fs-off,29,6454272,0.48,-1.0
fs-off-s29,fs-off,29,6484992,0.5,-1.0
fs-off-s29,fs-off,29,6515712,0.42,-1.0
fs-off-s29,fs-off,29,6546432,0.49,-1.0
fs-off-s29,fs-off,29,6577152,0.43,-1.0
fs-off-s29,fs-off,29,6607872,0.44,-1.0
fs-off-s29,fs-off,29,6638592,0.5,-1.0
fs-off-s29,fs-off,29,6669312,0.48,-1.0
fs-off-s29,fs-off,29,6700032,0.45,-1.0
fs-off-s29,fs-off,29,6730752,0.51,-1.0
fs-off-s29,fs-off,29,6761472,0.42,-1.0
fs-off-s29,fs-off,29,6792192,0.45,-1.0
fs-off-s29,fs-off,29,6822912,0.5,-1.0
fs-off-s29,fs-off,29,6853632,0.56,-1.0
fs-off-s29,fs-off,29,6884352,0.48,-1.0
fs-off-s29,fs-off,29,6915072,0.48,-1.0
fs-off-s29,fs-off,29,6945792,0.48,-1.0
fs-off-s29,fs-off,29,6976512,0.54,-1.0
fs-off-s29,fs-off,29,7007232,0.38,-1.0
fs-off-s29,fs-off,29,7037952,0.45,-1.0
fs-off-s29,fs-off,29,7068672,0.52,-1.0
fs-off-s29,fs-off,29,7099392,0.44,-1.0
fs-off-s29,fs-off,29,7130112,0.43,-1.0
fs-off-s29,fs-off,29,7160832,0.57,-1.0
fs-off-s29,fs-off,29,7191552,0.47,-1.0
fs-off-s29,fs-off,29,7222272,0.5,-1.0
fs-off-s29,fs-off,29,7252992,0.46,-1.0
fs-off-s29,fs-off,29,7283712,0.46,-1.0
fs-off-s29,fs-off,29,7314432,0.5,-1.0
fs-off-s29,fs-off,29,7345152,0.45,-1.0
fs-off-s29,fs-off,29,7375872,0.52,-1.0
fs-off-s29,fs-off,29,7406592,0.46,-1.0
fs-off-s29,fs-off,29,7437312,0.49,-1.0
fs-off-s29,fs-off,29,7468032,0.43,-1.0
fs-off-s29,fs-off,29,7498752,0.44,-1.0
fs-off-s29,fs-off,29,7529472,0.48,-1.0
fs-off-s29,fs-off,29,7560192,0.56,-1.0
fs-off-s29,fs-off,29,7590912,0.61,-1.0
fs-off-s29,fs-off,29,7621632,0.47,-1.0
fs-off-s29,fs-off,29,7652352,0.58,-1.0
fs-off-s29,fs-off,29,7683072,0.55,-1.0
fs-off-s29,fs-off,29,7713792,0.52,-1.0
fs-off-s29,fs-off,29,7744512,0.61,-1.0
fs-off-s29,fs-off,29,7775232,0.57,-1.0
fs-off-s29,fs-off,29,7805952,0.54,-1.0
fs-off-s29,fs-off,29,7836672,0.5,-1.0
fs-off-s29,fs-off,29,7867392,0.58,-1.0
fs-off-s29,fs-off,29,7898112,0.6,-1.0
fs-off-s29,fs-off,29,7928832,0.48,-1.0
fs-off-s29,fs-off,29,7959552,0.59,-1.0
fs-off-s29,fs-off,29,7990272,0.49,-1.0
fs-off-s29,fs-off,29,8020992,0.62,-1.0
fs-off-s29,fs-off,29,8051712,0.52,-1.0
fs-off-s29,fs-off,29,8082432,0.59,-1.0
fs-off-s29,fs-off,29,8113152,0.6,-1.0
fs-off-s29,fs-off,29,8143872,0.5,-1.0
fs-off-s29,fs-off,29,8174592,0.66,-1.0
fs-off-s29,fs-off,29,8205312,0.49,-1.0
fs-off-s29,fs-off,29,8236032,0.55,-1.0
fs-off-s29,fs-off,29,8266752,0.56,-1.0
fs-off-s29,fs-off,29,8297472,0.59,-1.0
fs-off-s29,fs-off,29,8328192,0.69,-1.0
fs-off-s29,fs-off,29,8358912,0.55,-1.0
fs-off-s29,fs-off,29,8389632,0.58,-1.0
fs-off-s29,fs-off,29,8420352,0.61,-1.0
fs-off-s29,fs-off,29,8451072,0.55,-1.0
fs-off-s29,fs-off,29,8481792,0.51,-1.0
fs-off-s29,fs-off,29,8512512,0.72,-1.0
fs-off-s29,fs-off,29,8543232,0.63,-1.0
fs-off-s29,fs-off,29,8573952,0.56,-1.0
fs-off-s29,fs-off,29,8604672,0.57,-1.0
fs-off-s29,fs-off,29,8635392,0.58,-1.0
fs-off-s29,fs-off,29,8666112,0.57,-1.0
fs-off-s29,fs-off,29,8696832,0.59,-1.0
fs-off-s29,fs-off,29,8727552,0.63,-1.0
fs-off-s29,fs-off,29,8758272,0.59,-1.0
fs-off-s29,fs-off,29,8788992,0.63,-1.0
fs-off-s29,fs-off,29,8819712,0.55,-1.0
fs-off-s29,fs-off,29,8850432,0.52,-1.0
fs-off-s29,fs-off,29,8881152,0.55,-1.0
fs-off-s29,fs-off,29,8911872,0.54,-1.0
fs-off-s29,fs-off,29,8942592,0.55,-1.0
fs-off-s29,fs-off,29,8973312,0.59,-1.0
fs-off-s29,fs-off,29,9004032,0.63,-1.0
fs-off-s29,fs-off,29,9034752,0.56,-1.0
fs-off-s29,fs-off,29,9065472,0.64,-1.0
fs-off-s29,fs-off,29,9096192,0.62,-1.0
fs-off-s29,fs-off,29,9126912,0.72,-1.0
fs-off-s29,fs-off,29,9157632,0.6,-1.0
fs-off-s29,fs-off,29,9188352,0.69,-1.0
fs-off-s29,fs-off,29,9219072,0.6,-1.0
fs-off-s29,fs-off,29,9249792,0.61,-1.0
fs-off-s29,fs-off,29,9280512,0.57,-1.0
fs-off-s29,fs-off,29,9311232,0.6,-1.0
fs-off-s29,fs-off,29,9341952,0.55,-1.0
fs-off-s29,fs-off,29,9372672,0.67,-1.0
fs-off-s29,fs-off,29,9403392,0.53,-1.0
fs-off-s29,fs-off,29,9434112,0.64,-1.0
fs-off-s29,fs-off,29,9464832,0.64,-1.0
fs-off-s29,fs-off,29,9495552,0.65,-1.0
fs-off-s29,fs-off,29,9526272,0.58,-1.0
fs-off-s29,fs-off,29,9556992,0.55,-1.0
fs-off-s29,fs-off,29,9587712,0.66,-1.0
fs-off-s29,fs-off,29,9618432,0.62,-1.0
fs-off-s29,fs-off,29,9649152,0.69,-1.0
fs-off-s29,fs-off,29,9679872,0.61,-1.0
fs-off-s29,fs-off,29,9710592,0.67,-1.0
fs-off-s29,fs-off,29,9741312,0.55,-1.0
fs-off-s29,fs-off,29,9772032,0.6,-1.0
fs-off-s29,fs-off,29,9802752,0.69,-1.0
fs-off-s29,fs-off,29,9833472,0.68,-1.0
fs-off-s29,fs-off,29,9864192,0.66,-1.0
fs-off-s29,fs-off,29,9894912,0.68,-1.0
fs-off-s29,fs-off,29,9925632,0.67,-1.0
fs-off-s29,fs-off,29,9956352,0.59,-1.0
fs-off-s29,fs-off,29,9987072,0.69,-1.0
fs-off-s29,fs-off,29,10017792,0.61,-1.0
fs-off-s29,fs-off,29,10048512,0.67,-1.0
fs-off-s29,fs-off,29,10079232,0.64,-1.0
fs-off-s29,fs-off,29,10109952,0.64,-1.0
fs-off-s29,fs-off,29,10140672,0.68,-1.0
fs-off-s29,fs-off,29,10171392,0.66,-1.0
fs-off-s29,fs-off,29,10202112,0.62,-1.0
fs-off-s29,fs-off,29,10232832,0.59,-1.0
fs-off-s29,fs-off,29,10263552,0.66,-1.0
fs-off-s29,fs-off,29,10294272,0.69,-1.0
fs-off-s29,fs-off,29,10324992,0.67,-1.0
fs-off-s29,fs-off,29,10355712,0.6,-1.0
fs-off-s29,fs-off,29,10386432,0.64,-1.0
fs-off-s29,fs-off,29,10417152,0.71,-1.0
fs-off-s29,fs-off,29,10447872,0.61,-1.0
fs-off-s29,fs-off,29,10478592,0.64,-1.0
fs-off-s29,fs-off,29,10509312,0.72,-1.0
fs-off-s29,fs-off,29,10540032,0.63,-1.0
fs-off-s29,fs-off,29,10570752,0.6,-1.0
fs-off-s29,fs-off,29,10601472,0.55,-1.0
fs-off-s29,fs-off,29,10632192,0.67,-1.0
fs-off-s29,fs-off,29,10662912,0.65,-1.0
fs-off-s29,fs-off,29,10693632,0.65,-1.0
fs-off-s29,fs-off,29,10724352,0.63,-1.0
fs-off-s29,fs-off,29,10755072,0.68,-1.0
fs-off-s29,fs-off,29,10785792,0.63,-1.0
fs-off-s29,fs-off,29,10816512,0.74,-1.0
fs-off-s29,fs-off,29,10847232,0.68,-1.0
fs-off-s29,fs-off,29,10877952,0.69,-1.0
fs-off-s29,fs-off,29,10908672,0.75,-1.0
fs-off-s29,fs-off,29,10939392,0.73,-1.0
fs-off-s29,fs-off,29,10970112,0.71,-1.0
fs-off-s29,fs-off,29,11000832,0.62,-1.0
fs-off-s29,fs-off,29,11031552,0.72,-1.0
fs-off-s29,fs-off,29,11062272,0.71,-1.0
fs-off-s29,fs-off,29,11092992,0.58,-1.0
fs-off-s29,fs-off,29,11123712,0.75,-1.0
fs-off-s29,fs-off,29,11154432,0.69,-1.0
fs-off-s29,fs-off,29,11185152,0.66,-1.0
fs-off-s29,fs-off,29,11215872,0.68,-1.0
fs-off-s29,fs-off,29,11246592,0.7,-1.0
fs-off-s29,fs-off,29,11277312,0.6,-1.0
fs-off-s29,fs-off,29,11308032,0.7,-1.0
fs-off-s29,fs-off,29,11338752,0.65,-1.0
fs-off-s29,fs-off,29,11369472,0.75,-1.0
fs-off-s29,fs-off,29,11400192,0.7,-1.0
fs-off-s29,fs-off,29,11430912,0.72,-1.0
fs-off-s29,fs-off,29,11461632,0.78,-1.0
fs-off-s29,fs-off,29,11492352,0.74,-1.0
fs-off-s29,fs-off,29,11523072,0.66,-1.0
fs-off-s29,fs-off,29,11553792,0.69,-1.0
fs-off-s29,fs-off,29,11584512,0.67,-1.0
fs-off-s29,fs-off,29,11615232,0.7,-1.0
fs-off-s29,fs-off,29,11645952,0.73,-1.0
fs-off-s29,fs-off,29,11676672,0.72,-1.0
fs-off-s29,fs-off,29,11707392,0.68,-1.0
fs-off-s29,fs-off,29,11738112,0.66,-1.0
fs-off-s29,fs-off,29,11768832,0.59,-1.0
fs-off-s29,fs-off,29,11799552,0.68,-1.0
fs-off-s29,fs-off,29,11830272,0.7,-1.0
fs-off-s29,fs-off,29,11860992,0.69,-1.0
fs-off-s29,fs-off,29,11891712,0.77,-1.0
fs-off-s29,fs-off,29,11922432,0.76,-1.0
fs-off-s29,fs-off,29,11953152,0.68,-1.0
fs-off-s29,fs-off,29,11983872,0.68,-1.0
fs-off-s29,fs-off,29,12014592,0.77,-1.0
fs-off-s29,fs-off,29,12045312,0.72,-1.0
fs-off-s29,fs-off,29,12076032,0.73,-1.0
fs-off-s29,fs-off,29,12106752,0.63,-1.0
fs-off-s29,fs-off,29,12137472,0.65,-1.0
fs-off-s29,fs-off,29,12168192,0.69,-1.0
fs-off-s29,fs-off,29,12198912,0.79,-1.0
fs-off-s29,fs-off,29,12229632,0.71,-1.0
fs-off-s29,fs-off,29,12260352,0.78,-1.0
fs-off-s29,fs-off,29,12291072,0.78,-1.0
fs-off-s29,fs-off,29,12321792,0.67,-1.0
fs-off-s29,fs-off,29,12352512,0.79,-1.0
fs-off-s29,fs-off,29,12383232,0.81,-1.0
fs-off-s29,fs-off,29,12413952,0.76,-1.0
fs-off-s29,fs-off,29,12444672,0.72,-1.0
fs-off-s29,fs-off,29,12475392,0.76,-1.0
fs-off-s29,fs-off,29,12506112,0.85,-1.0
fs-off-s29,fs-off,29,12536832,0.79,-1.0
fs-off-s29,fs-off,29,12567552,0.69,-1.0
fs-off-s29,fs-off,29,12598272,0.76,-1.0
fs-off-s29,fs-off,29,12628992,0.75,-1.0
fs-off-s29,fs-off,29,12659712,0.8,-1.0
fs-off-s29,fs-off,29,12690432,0.69,-1.0
fs-off-s29,fs-off,29,12721152,0.82,-1.0
fs-off-s29,fs-off,29,12751872,0.72,-1.0
fs-off-s29,fs-off,29,12782592,0.73,-1.0
fs-off-s29,fs-off,29,12813312,0.79,-1.0
fs-off-s29,fs-off,29,12844032,0.7,-1.0
fs-off-s29,fs-off,29,12874752,0.8,-1.0
fs-off-s29,fs-off,29,12905472,0.76,-1.0
fs-off-s29,fs-off,29,12936192,0.81,-1.0
fs-off-s29,fs-off,29,12966912,0.75,-1.0
fs-off-s29,fs-off,29,12997632,0.8,-1.0
fs-off-s29,fs-off,29,13028352,0.78,-1.0
fs-off-s29,fs-off,29,13059072,0.74,-1.0
fs-off-s29,fs-off,29,13089792,0.81,-1.0
fs-off-s29,fs-off,29,13120512,0.74,-1.0
fs-off-s29,fs-off,29,13151232,0.82,-1.0
fs-off-s29,fs-off,29,13181952,0.8,-1.0
fs-off-s29,fs-off,29,13212672,0.81,-1.0
fs-off-s29,fs-off,29,13243392,0.78,-1.0
fs-off-s29,fs-off,29,13274112,0.75,-1.0
fs-off-s29,fs-off,29,13304832,0.83,-1.0
fs-off-s29,fs-off,29,13335552,0.83,-1.0
fs-off-s29,fs-off,29,13366272,0.8,-1.0
fs-off-s29,fs-off,29,13396992,0.7,-1.0
fs-off-s29,fs-off,29,13427712,0.81,-1.0
fs-off-s29,fs-off,29,13458432,0.81,-1.0
fs-off-s29,fs-off,29,13489152,0.79,-1.0
fs-off-s29,fs-off,29,13519872,0.79,-1.0
fs-off-s29,fs-off,29,13550592,0.82,-1.0
fs-off-s29,fs-off,29,13581312,0.75,-1.0
fs-off-s29,fs-off,29,13612032,0.72,-1.0
fs-off-s29,fs-off,29,13642752,0.8,-1.0
fs-off-s29,fs-off,29,13673472,0.76,-1.0
fs-off-s29,fs-off,29,13704192,0.77,-1.0
fs-off-s29,fs-off,29,13734912,0.82,-1.0
fs-off-s29,fs-off,29,13765632,0.8,-1.0
fs-off-s29,fs-off,29,13796352,0.8,-1.0
fs-off-s29,fs-off,29,13827072,0.74,-1.0
fs-off-s29,fs-off,29,13857792,0.78,-1.0
fs-off-s29,fs-off,29,13888512,0.76,-1.0
fs-off-s29,fs-off,29,13919232,0.85,-1.0
fs-off-s29,fs-off,29,13949952,0.81,-1.0
fs-off-s29,fs-off,29,13980672,0.79,-1.0
fs-off-s29,fs-off,29,14011392,0.84,-1.0
fs-off-s29,fs-off,29,14042112,0.85,-1.0
fs-off-s29,fs-off,29,14072832,0.82,-1.0
fs-off-s29,fs-off,29,14103552,0.8,-1.0
fs-off-s29,fs-off,29,14134272,0.75,-1.0
fs-off-s29,fs-off,29,14164992,0.89,-1.0
fs-off-s29,fs-off,29,14195712,0.77,-1.0
fs-off-s29,fs-off,29,14226432,0.83,-1.0
fs-off-s29,fs-off,29,14257152,0.77,-1.0
fs-off-s29,fs-off,29,14287872,0.83,-1.0
fs-off-s29,fs-off,29,14318592,0.8,-1.0
fs-off-s29,fs-off,29,14349312,0.77,-1.0
fs-off-s29,fs-off,29,14380032,0.8,-1.0
fs-off-s29,fs-off,29,14410752,0.77,-1.0
fs-off-s29,fs-off,29,14441472,0.82,-1.0
fs-off-s29,fs-off,29,14472192,0.83,-1.0
fs-off-s29,fs-off,29,14502912,0.88,-1.0
fs-off-s29,fs-off,29,14533632,0.84,-1.0
fs-off-s29,fs-off,29,14564352,0.85,-1.0
fs-off-s29,fs-off,29,14595072,0.85,-1.0
fs-off-s29,fs-off,29,14625792,0.84,-1.0
fs-off-s29,fs-off,29,14656512,0.86,-1.0
fs-off-s29,fs-off,29,14687232,0.83,-1.0
fs-off-s29,fs-off,29,14717952,0.82,-1.0
fs-off-s29,fs-off,29,14748672,0.83,-1.0
fs-off-s29,fs-off,29,14779392,0.71,-1.0
fs-off-s29,fs-off,29,14810112,0.73,-1.0
fs-off-s29,fs-off,29,14840832,0.85,-1.0
fs-off-s29,fs-off,29,14871552,0.86,-1.0
fs-off-s29,fs-off,29,14902272,0.74,-1.0
fs-off-s29,fs-off,29,14932992,0.81,-1.0
fs-off-s29,fs-off,29,14963712,0.78,-1.0
fs-off-s29,fs-off,29,14994432,0.82,-1.0
fs-off-s29,fs-off,29,14997504,0.83,-1.0
kp-002-s27,kp-002,27,4457472,0.7,-1.0
kp-002-s27,kp-002,27,4488192,0.67,-0.975
kp-002-s27,kp-002,27,4518912,0.62,-0.957
kp-002-s27,kp-002,27,4549632,0.61,-0.934
kp-002-s27,kp-002,27,4580352,0.54,-0.915
kp-002-s27,kp-002,27,4611072,0.55,-0.905
kp-002-s27,kp-002,27,4641792,0.61,-0.886
kp-002-s27,kp-002,27,4672512,0.63,-0.879
kp-002-s27,kp-002,27,4703232,0.55,-0.866
kp-002-s27,kp-002,27,4733952,0.6,-0.845
kp-002-s27,kp-002,27,4764672,0.65,-0.834
kp-002-s27,kp-002,27,4795392,0.65,-0.815
kp-002-s27,kp-002,27,4826112,0.58,-0.802
kp-002-s27,kp-002,27,4856832,0.64,-0.778
kp-002-s27,kp-002,27,4887552,0.67,-0.759
kp-002-s27,kp-002,27,4918272,0.54,-0.742
kp-002-s27,kp-002,27,4948992,0.54,-0.728
kp-002-s27,kp-002,27,4979712,0.59,-0.713
kp-002-s27,kp-002,27,5010432,0.57,-0.71
kp-002-s27,kp-002,27,5041152,0.57,-0.697
kp-002-s27,kp-002,27,5071872,0.71,-0.683
kp-002-s27,kp-002,27,5102592,0.61,-0.672
kp-002-s27,kp-002,27,5133312,0.52,-0.655
kp-002-s27,kp-002,27,5164032,0.61,-0.639
kp-002-s27,kp-002,27,5194752,0.55,-0.629
kp-002-s27,kp-002,27,5225472,0.59,-0.621
kp-002-s27,kp-002,27,5256192,0.64,-0.604
kp-002-s27,kp-002,27,5286912,0.56,-0.594
kp-002-s27,kp-002,27,5317632,0.64,-0.585
kp-002-s27,kp-002,27,5348352,0.56,-0.572
kp-002-s27,kp-002,27,5379072,0.58,-0.559
kp-002-s27,kp-002,27,5409792,0.57,-0.55
kp-002-s27,kp-002,27,5440512,0.54,-0.526
kp-002-s27,kp-002,27,5471232,0.67,-0.52
kp-002-s27,kp-002,27,5501952,0.58,-0.507
kp-002-s27,kp-002,27,5532672,0.63,-0.486
kp-002-s27,kp-002,27,5563392,0.68,-0.467
kp-002-s27,kp-002,27,5594112,0.68,-0.441
kp-002-s27,kp-002,27,5624832,0.53,-0.423
kp-002-s27,kp-002,27,5655552,0.62,-0.403
kp-002-s27,kp-002,27,5686272,0.64,-0.384
kp-002-s27,kp-002,27,5716992,0.58,-0.376
kp-002-s27,kp-002,27,5747712,0.5,-0.354
kp-002-s27,kp-002,27,5778432,0.65,-0.34
kp-002-s27,kp-002,27,5809152,0.66,-0.314
kp-002-s27,kp-002,27,5839872,0.66,-0.296
kp-002-s27,kp-002,27,5870592,0.62,-0.282
kp-002-s27,kp-002,27,5901312,0.61,-0.257
kp-002-s27,kp-002,27,5932032,0.64,-0.235
kp-002-s27,kp-002,27,5962752,0.67,-0.217
kp-002-s27,kp-002,27,5993472,0.6,-0.208
kp-002-s27,kp-002,27,6024192,0.6,-0.195
kp-002-s27,kp-002,27,6054912,0.6,-0.179
kp-002-s27,kp-002,27,6085632,0.65,-0.162
kp-002-s27,kp-002,27,6116352,0.56,-0.136
kp-002-s27,kp-002,27,6147072,0.5,-0.126
kp-002-s27,kp-002,27,6177792,0.64,-0.116
kp-002-s27,kp-002,27,6208512,0.62,-0.102
kp-002-s27,kp-002,27,6239232,0.67,-0.076
kp-002-s27,kp-002,27,6269952,0.63,-0.048
kp-002-s27,kp-002,27,6300672,0.71,-0.036
kp-002-s27,kp-002,27,6331392,0.67,-0.012
kp-002-s27,kp-002,27,6362112,0.64,0.013
kp-002-s27,kp-002,27,6392832,0.53,0.023
kp-002-s27,kp-002,27,6423552,0.57,0.026
kp-002-s27,kp-002,27,6454272,0.54,0.033
kp-002-s27,kp-002,27,6484992,0.47,0.036
kp-002-s27,kp-002,27,6515712,0.56,0.033
kp-002-s27,kp-002,27,6546432,0.58,0.038
kp-002-s27,kp-002,27,6577152,0.58,0.043
kp-002-s27,kp-002,27,6607872,0.49,0.04
kp-002-s27,kp-002,27,6638592,0.43,0.043
kp-002-s27,kp-002,27,6669312,0.57,0.046
kp-002-s27,kp-002,27,6700032,0.51,0.046
kp-002-s27,kp-002,27,6730752,0.55,0.046
kp-002-s27,kp-002,27,6761472,0.46,0.046
kp-002-s27,kp-002,27,6792192,0.54,0.048
kp-002-s27,kp-002,27,6822912,0.5,0.048
kp-002-s27,kp-002,27,6853632,0.54,0.05
kp-002-s27,kp-002,27,6884352,0.51,0.05
kp-002-s27,kp-002,27,6915072,0.49,0.05
kp-002-s27,kp-002,27,6945792,0.52,0.053
kp-002-s27,kp-002,27,6976512,0.47,0.053
kp-002-s27,kp-002,27,7007232,0.45,0.053
kp-002-s27,kp-002,27,7037952,0.58,0.053
kp-002-s27,kp-002,27,7068672,0.47,0.053
kp-002-s27,kp-002,27,7099392,0.51,0.051
kp-002-s27,kp-002,27,7130112,0.49,0.051
kp-002-s27,kp-002,27,7160832,0.57,0.051
kp-002-s27,kp-002,27,7191552,0.43,0.051
kp-002-s27,kp-002,27,7222272,0.52,0.048
kp-002-s27,kp-002,27,7252992,0.5,0.048
kp-002-s27,kp-002,27,7283712,0.51,0.048
kp-002-s27,kp-002,27,7314432,0.48,0.051
kp-002-s27,kp-002,27,7345152,0.55,0.051
kp-002-s27,kp-002,27,7375872,0.5,0.051
kp-002-s27,kp-002,27,7406592,0.61,0.051
kp-002-s27,kp-002,27,7437312,0.58,0.053
kp-002-s27,kp-002,27,7468032,0.49,0.053
kp-002-s27,kp-002,27,7498752,0.46,0.053
kp-002-s27,kp-002,27,7529472,0.49,0.056
kp-002-s27,kp-002,27,7560192,0.57,0.056
kp-002-s27,kp-002,27,7590912,0.45,0.056
kp-002-s27,kp-002,27,7621632,0.62,0.056
kp-002-s27,kp-002,27,7652352,0.43,0.059
kp-002-s27,kp-002,27,7683072,0.44,0.059
kp-002-s27,kp-002,27,7713792,0.43,0.059
kp-002-s27,kp-002,27,7744512,0.6,0.059
kp-002-s27,kp-002,27,7775232,0.59,0.059
kp-002-s27,kp-002,27,7805952,0.61,0.059
kp-002-s27,kp-002,27,7836672,0.5,0.063
kp-002-s27,kp-002,27,7867392,0.44,0.061
kp-002-s27,kp-002,27,7898112,0.53,0.061
kp-002-s27,kp-002,27,7928832,0.46,0.063
kp-002-s27,kp-002,27,7959552,0.48,0.068
kp-002-s27,kp-002,27,7990272,0.45,0.071
kp-002-s27,kp-002,27,8020992,0.5,0.069
kp-002-s27,kp-002,27,8051712,0.49,0.071
kp-002-s27,kp-002,27,8082432,0.41,0.071
kp-002-s27,kp-002,27,8113152,0.51,0.071
kp-002-s27,kp-002,27,8143872,0.47,0.071
kp-002-s27,kp-002,27,8174592,0.45,0.073
kp-002-s27,kp-002,27,8205312,0.44,0.073
kp-002-s27,kp-002,27,8236032,0.54,0.071
kp-002-s27,kp-002,27,8266752,0.49,0.071
kp-002-s27,kp-002,27,8297472,0.5,0.071
kp-002-s27,kp-002,27,8328192,0.49,0.075
kp-002-s27,kp-002,27,8358912,0.51,0.073
kp-002-s27,kp-002,27,8389632,0.52,0.073
kp-002-s27,kp-002,27,8420352,0.53,0.075
kp-002-s27,kp-002,27,8451072,0.56,0.073
kp-002-s27,kp-002,27,8481792,0.44,0.073
kp-002-s27,kp-002,27,8512512,0.48,0.073
kp-002-s27,kp-002,27,8543232,0.5,0.073
kp-002-s27,kp-002,27,8573952,0.58,0.073
kp-002-s27,kp-002,27,8604672,0.49,0.073
kp-002-s27,kp-002,27,8635392,0.55,0.073
kp-002-s27,kp-002,27,8666112,0.54,0.073
kp-002-s27,kp-002,27,8696832,0.6,0.073
kp-002-s27,kp-002,27,8727552,0.51,0.073
kp-002-s27,kp-002,27,8758272,0.56,0.073
kp-002-s27,kp-002,27,8788992,0.52,0.073
kp-002-s27,kp-002,27,8819712,0.57,0.073
kp-002-s27,kp-002,27,8850432,0.46,0.08
kp-002-s27,kp-002,27,8881152,0.49,0.08
kp-002-s27,kp-002,27,8911872,0.51,0.08
kp-002-s27,kp-002,27,8942592,0.64,0.08
kp-002-s27,kp-002,27,8973312,0.58,0.083
kp-002-s27,kp-002,27,9004032,0.53,0.083
kp-002-s27,kp-002,27,9034752,0.59,0.088
kp-002-s27,kp-002,27,9065472,0.5,0.088
kp-002-s27,kp-002,27,9096192,0.51,0.088
kp-002-s27,kp-002,27,9126912,0.57,0.088
kp-002-s27,kp-002,27,9157632,0.57,0.088
kp-002-s27,kp-002,27,9188352,0.44,0.086
kp-002-s27,kp-002,27,9219072,0.45,0.086
kp-002-s27,kp-002,27,9249792,0.54,0.086
kp-002-s27,kp-002,27,9280512,0.55,0.086
kp-002-s27,kp-002,27,9311232,0.51,0.086
kp-002-s27,kp-002,27,9341952,0.46,0.086
kp-002-s27,kp-002,27,9372672,0.54,0.089
kp-002-s27,kp-002,27,9403392,0.62,0.089
kp-002-s27,kp-002,27,9434112,0.51,0.094
kp-002-s27,kp-002,27,9464832,0.54,0.094
kp-002-s27,kp-002,27,9495552,0.56,0.097
kp-002-s27,kp-002,27,9526272,0.44,0.1
kp-002-s27,kp-002,27,9556992,0.44,0.1
kp-002-s27,kp-002,27,9587712,0.57,0.1
kp-002-s27,kp-002,27,9618432,0.46,0.1
kp-002-s27,kp-002,27,9649152,0.57,0.1
kp-002-s27,kp-002,27,9679872,0.58,0.1
kp-002-s27,kp-002,27,9710592,0.47,0.1
kp-002-s27,kp-002,27,9741312,0.48,0.1
kp-002-s27,kp-002,27,9772032,0.46,0.1
kp-002-s27,kp-002,27,9802752,0.53,0.102
kp-002-s27,kp-002,27,9833472,0.51,0.105
kp-002-s27,kp-002,27,9864192,0.44,0.105
kp-002-s27,kp-002,27,9894912,0.53,0.107
kp-002-s27,kp-002,27,9925632,0.43,0.109
kp-002-s27,kp-002,27,9956352,0.62,0.109
kp-002-s27,kp-002,27,9987072,0.52,0.112
kp-002-s27,kp-002,27,10017792,0.58,0.114
kp-002-s27,kp-002,27,10048512,0.58,0.114
kp-002-s27,kp-002,27,10079232,0.61,0.114
kp-002-s27,kp-002,27,10109952,0.48,0.117
kp-002-s27,kp-002,27,10140672,0.51,0.114
kp-002-s27,kp-002,27,10171392,0.44,0.117
kp-002-s27,kp-002,27,10202112,0.53,0.117
kp-002-s27,kp-002,27,10232832,0.63,0.119
kp-002-s27,kp-002,27,10263552,0.45,0.122
kp-002-s27,kp-002,27,10294272,0.6,0.122
kp-002-s27,kp-002,27,10324992,0.51,0.119
kp-002-s27,kp-002,27,10355712,0.46,0.116
kp-002-s27,kp-002,27,10386432,0.48,0.116
kp-002-s27,kp-002,27,10417152,0.5,0.114
kp-002-s27,kp-002,27,10447872,0.58,0.116
kp-002-s27,kp-002,27,10478592,0.5,0.116
kp-002-s27,kp-002,27,10509312,0.49,0.116
kp-002-s27,kp-002,27,10540032,0.54,0.116
kp-002-s27,kp-002,27,10570752,0.58,0.116
kp-002-s27,kp-002,27,10601472,0.52,0.116
kp-002-s27,kp-002,27,10632192,0.43,0.116
kp-002-s27,kp-002,27,10662912,0.53,0.116
kp-002-s27,kp-002,27,10693632,0.55,0.116
kp-002-s27,kp-002,27,10724352,0.51,0.116
kp-002-s27,kp-002,27,10755072,0.51,0.116
kp-002-s27,kp-002,27,10785792,0.57,0.119
kp-002-s27,kp-002,27,10816512,0.48,0.116
kp-002-s27,kp-002,27,10847232,0.52,0.114
kp-002-s27,kp-002,27,10877952,0.52,0.119
kp-002-s27,kp-002,27,10908672,0.62,0.121
kp-002-s27,kp-002,27,10939392,0.51,0.123
kp-002-s27,kp-002,27,10970112,0.45,0.123
kp-002-s27,kp-002,27,11000832,0.5,0.121
kp-002-s27,kp-002,27,11031552,0.48,0.121
kp-002-s27,kp-002,27,11062272,0.51,0.121
kp-002-s27,kp-002,27,11092992,0.56,0.125
kp-002-s27,kp-002,27,11123712,0.56,0.123
kp-002-s27,kp-002,27,11154432,0.5,0.123
kp-002-s27,kp-002,27,11185152,0.47,0.123
kp-002-s27,kp-002,27,11215872,0.53,0.125
kp-002-s27,kp-002,27,11246592,0.52,0.13
kp-002-s27,kp-002,27,11277312,0.53,0.13
kp-002-s27,kp-002,27,11308032,0.57,0.13
kp-002-s27,kp-002,27,11338752,0.48,0.132
kp-002-s27,kp-002,27,11369472,0.47,0.135
kp-002-s27,kp-002,27,11400192,0.6,0.135
kp-002-s27,kp-002,27,11430912,0.56,0.135
kp-002-s27,kp-002,27,11461632,0.58,0.135
kp-002-s27,kp-002,27,11492352,0.5,0.131
kp-002-s27,kp-002,27,11523072,0.57,0.134
kp-002-s27,kp-002,27,11553792,0.49,0.136
kp-002-s27,kp-002,27,11584512,0.56,0.134
kp-002-s27,kp-002,27,11615232,0.4,0.136
kp-002-s27,kp-002,27,11645952,0.5,0.136
kp-002-s27,kp-002,27,11676672,0.63,0.139
kp-002-s27,kp-002,27,11707392,0.5,0.142
kp-002-s27,kp-002,27,11738112,0.51,0.142
kp-002-s27,kp-002,27,11768832,0.61,0.142
kp-002-s27,kp-002,27,11799552,0.48,0.147
kp-002-s27,kp-002,27,11830272,0.46,0.15
kp-002-s27,kp-002,27,11860992,0.56,0.15
kp-002-s27,kp-002,27,11891712,0.45,0.15
kp-002-s27,kp-002,27,11922432,0.49,0.15
kp-002-s27,kp-002,27,11953152,0.54,0.148
kp-002-s27,kp-002,27,11983872,0.48,0.148
kp-002-s27,kp-002,27,12014592,0.52,0.148
kp-002-s27,kp-002,27,12045312,0.55,0.148
kp-002-s27,kp-002,27,12076032,0.49,0.148
kp-002-s27,kp-002,27,12106752,0.54,0.148
kp-002-s27,kp-002,27,12137472,0.45,0.148
kp-002-s27,kp-002,27,12168192,0.43,0.148
kp-002-s27,kp-002,27,12198912,0.58,0.148
kp-002-s27,kp-002,27,12229632,0.52,0.148
kp-002-s27,kp-002,27,12260352,0.5,0.152
kp-002-s27,kp-002,27,12291072,0.5,0.152
kp-002-s27,kp-002,27,12321792,0.44,0.152
kp-002-s27,kp-002,27,12352512,0.51,0.149
kp-002-s27,kp-002,27,12383232,0.56,0.149
kp-002-s27,kp-002,27,12413952,0.49,0.149
kp-002-s27,kp-002,27,12444672,0.41,0.149
kp-002-s27,kp-002,27,12475392,0.52,0.149
kp-002-s27,kp-002,27,12506112,0.59,0.152
kp-002-s27,kp-002,27,12536832,0.59,0.152
kp-002-s27,kp-002,27,12567552,0.54,0.152
kp-002-s27,kp-002,27,12598272,0.53,0.158
kp-002-s27,kp-002,27,12628992,0.46,0.158
kp-002-s27,kp-002,27,12659712,0.51,0.158
kp-002-s27,kp-002,27,12690432,0.56,0.158
kp-002-s27,kp-002,27,12721152,0.42,0.158
kp-002-s27,kp-002,27,12751872,0.57,0.158
kp-002-s27,kp-002,27,12782592,0.38,0.158
kp-002-s27,kp-002,27,12813312,0.4,0.155
kp-002-s27,kp-002,27,12844032,0.4,0.155
kp-002-s27,kp-002,27,12874752,0.59,0.155
kp-002-s27,kp-002,27,12905472,0.53,0.155
kp-002-s27,kp-002,27,12936192,0.55,0.153
kp-002-s27,kp-002,27,12966912,0.48,0.153
kp-002-s27,kp-002,27,12997632,0.45,0.153
kp-002-s27,kp-002,27,13028352,0.53,0.153
kp-002-s27,kp-002,27,13059072,0.57,0.153
kp-002-s27,kp-002,27,13089792,0.46,0.153
kp-002-s27,kp-002,27,13120512,0.52,0.16
kp-002-s27,kp-002,27,13151232,0.55,0.16
kp-002-s27,kp-002,27,13181952,0.51,0.162
kp-002-s27,kp-002,27,13212672,0.49,0.164
kp-002-s27,kp-002,27,13243392,0.63,0.167
kp-002-s27,kp-002,27,13274112,0.52,0.169
kp-002-s27,kp-002,27,13304832,0.55,0.169
kp-002-s27,kp-002,27,13335552,0.64,0.169
kp-002-s27,kp-002,27,13366272,0.49,0.172
kp-002-s27,kp-002,27,13396992,0.49,0.172
kp-002-s27,kp-002,27,13427712,0.44,0.172
kp-002-s27,kp-002,27,13458432,0.51,0.172
kp-002-s27,kp-002,27,13489152,0.54,0.172
kp-002-s27,kp-002,27,13519872,0.53,0.172
kp-002-s27,kp-002,27,13550592,0.52,0.17
kp-002-s27,kp-002,27,13581312,0.51,0.17
kp-002-s27,kp-002,27,13612032,0.5,0.173
kp-002-s27,kp-002,27,13642752,0.53,0.173
kp-002-s27,kp-002,27,13673472,0.47,0.175
kp-002-s27,kp-002,27,13704192,0.48,0.175
kp-002-s27,kp-002,27,13734912,0.56,0.18
kp-002-s27,kp-002,27,13765632,0.49,0.18
kp-002-s27,kp-002,27,13796352,0.51,0.18
kp-002-s27,kp-002,27,13827072,0.46,0.18
kp-002-s27,kp-002,27,13857792,0.52,0.18
kp-002-s27,kp-002,27,13888512,0.52,0.18
kp-002-s27,kp-002,27,13919232,0.58,0.18
kp-002-s27,kp-002,27,13949952,0.45,0.18
kp-002-s27,kp-002,27,13980672,0.55,0.18
kp-002-s27,kp-002,27,14011392,0.55,0.178
kp-002-s27,kp-002,27,14042112,0.49,0.181
kp-002-s27,kp-002,27,14072832,0.56,0.181
kp-002-s27,kp-002,27,14103552,0.53,0.183
kp-002-s27,kp-002,27,14134272,0.47,0.183
kp-002-s27,kp-002,27,14164992,0.58,0.183
kp-002-s27,kp-002,27,14195712,0.53,0.183
kp-002-s27,kp-002,27,14226432,0.57,0.181
kp-002-s27,kp-002,27,14257152,0.53,0.181
kp-002-s27,kp-002,27,14287872,0.55,0.181
kp-002-s27,kp-002,27,14318592,0.44,0.181
kp-002-s27,kp-002,27,14349312,0.46,0.183
kp-002-s27,kp-002,27,14380032,0.54,0.183
kp-002-s27,kp-002,27,14410752,0.49,0.183
kp-002-s27,kp-002,27,14441472,0.55,0.183
kp-002-s27,kp-002,27,14472192,0.48,0.183
kp-002-s27,kp-002,27,14502912,0.55,0.183
kp-002-s27,kp-002,27,14533632,0.51,0.188
kp-002-s27,kp-002,27,14564352,0.49,0.188
kp-002-s27,kp-002,27,14595072,0.49,0.19
kp-002-s27,kp-002,27,14625792,0.53,0.192
kp-002-s27,kp-002,27,14656512,0.57,0.19
kp-002-s27,kp-002,27,14687232,0.58,0.192
kp-002-s27,kp-002,27,14717952,0.53,0.192
kp-002-s27,kp-002,27,14748672,0.6,0.192
kp-002-s27,kp-002,27,14779392,0.51,0.195
kp-002-s27,kp-002,27,14810112,0.51,0.2
kp-002-s27,kp-002,27,14840832,0.51,0.2
kp-002-s27,kp-002,27,14871552,0.51,0.203
kp-002-s27,kp-002,27,14902272,0.46,0.203
kp-002-s27,kp-002,27,14932992,0.51,0.203
kp-002-s27,kp-002,27,14963712,0.58,0.208
kp-002-s27,kp-002,27,14994432,0.43,0.208
kp-002-s27,kp-002,27,14997504,0.59,0.208
kp-002-s28,kp-002,28,4457472,0.67,-1.0
kp-002-s28,kp-002,28,4488192,0.72,-0.974
kp-002-s28,kp-002,28,4518912,0.54,-0.955
kp-002-s28,kp-002,28,4549632,0.65,-0.938
kp-002-s28,kp-002,28,4580352,0.54,-0.922
kp-002-s28,kp-002,28,4611072,0.64,-0.915
kp-002-s28,kp-002,28,4641792,0.58,-0.907
kp-002-s28,kp-002,28,4672512,0.61,-0.9
kp-002-s28,kp-002,28,4703232,0.57,-0.891
kp-002-s28,kp-002,28,4733952,0.61,-0.879
kp-002-s28,kp-002,28,4764672,0.53,-0.87
kp-002-s28,kp-002,28,4795392,0.64,-0.862
kp-002-s28,kp-002,28,4826112,0.52,-0.848
kp-002-s28,kp-002,28,4856832,0.6,-0.839
kp-002-s28,kp-002,28,4887552,0.66,-0.831
kp-002-s28,kp-002,28,4918272,0.65,-0.814
kp-002-s28,kp-002,28,4948992,0.49,-0.791
kp-002-s28,kp-002,28,4979712,0.56,-0.77
kp-002-s28,kp-002,28,5010432,0.58,-0.758
kp-002-s28,kp-002,28,5041152,0.64,-0.745
kp-002-s28,kp-002,28,5071872,0.64,-0.735
kp-002-s28,kp-002,28,5102592,0.56,-0.714
kp-002-s28,kp-002,28,5133312,0.52,-0.708
kp-002-s28,kp-002,28,5164032,0.62,-0.701
kp-002-s28,kp-002,28,5194752,0.52,-0.69
kp-002-s28,kp-002,28,5225472,0.54,-0.682
kp-002-s28,kp-002,28,5256192,0.58,-0.676
kp-002-s28,kp-002,28,5286912,0.63,-0.667
kp-002-s28,kp-002,28,5317632,0.61,-0.659
kp-002-s28,kp-002,28,5348352,0.62,-0.644
kp-002-s28,kp-002,28,5379072,0.64,-0.628
kp-002-s28,kp-002,28,5409792,0.59,-0.612
kp-002-s28,kp-002,28,5440512,0.6,-0.593
kp-002-s28,kp-002,28,5471232,0.53,-0.578
kp-002-s28,kp-002,28,5501952,0.6,-0.568
kp-002-s28,kp-002,28,5532672,0.65,-0.548
kp-002-s28,kp-002,28,5563392,0.63,-0.535
kp-002-s28,kp-002,28,5594112,0.62,-0.52
kp-002-s28,kp-002,28,5624832,0.57,-0.5
kp-002-s28,kp-002,28,5655552,0.62,-0.486
kp-002-s28,kp-002,28,5686272,0.56,-0.47
kp-002-s28,kp-002,28,5716992,0.72,-0.45
kp-002-s28,kp-002,28,5747712,0.82,-0.431
kp-002-s28,kp-002,28,5778432,0.56,-0.398
kp-002-s28,kp-002,28,5809152,0.68,-0.385
kp-002-s28,kp-002,28,5839872,0.6,-0.369
kp-002-s28,kp-002,28,5870592,0.55,-0.351
kp-002-s28,kp-002,28,5901312,0.64,-0.335
kp-002-s28,kp-002,28,5932032,0.57,-0.322
kp-002-s28,kp-002,28,5962752,0.56,-0.308
kp-002-s28,kp-002,28,5993472,0.67,-0.29
kp-002-s28,kp-002,28,6024192,0.6,-0.274
kp-002-s28,kp-002,28,6054912,0.61,-0.256
kp-002-s28,kp-002,28,6085632,0.63,-0.245
kp-002-s28,kp-002,28,6116352,0.65,-0.231
kp-002-s28,kp-002,28,6147072,0.56,-0.217
kp-002-s28,kp-002,28,6177792,0.68,-0.204
kp-002-s28,kp-002,28,6208512,0.61,-0.191
kp-002-s28,kp-002,28,6239232,0.59,-0.165
kp-002-s28,kp-002,28,6269952,0.65,-0.141
kp-002-s28,kp-002,28,6300672,0.65,-0.118
kp-002-s28,kp-002,28,6331392,0.59,-0.102
kp-002-s28,kp-002,28,6362112,0.74,-0.081
kp-002-s28,kp-002,28,6392832,0.58,-0.054
kp-002-s28,kp-002,28,6423552,0.61,-0.026
kp-002-s28,kp-002,28,6454272,0.68,-0.01
kp-002-s28,kp-002,28,6484992,0.58,0.002
kp-002-s28,kp-002,28,6515712,0.69,0.011
kp-002-s28,kp-002,28,6546432,0.59,0.015
kp-002-s28,kp-002,28,6577152,0.62,0.017
kp-002-s28,kp-002,28,6607872,0.59,0.022
kp-002-s28,kp-002,28,6638592,0.48,0.025
kp-002-s28,kp-002,28,6669312,0.57,0.027
kp-002-s28,kp-002,28,6700032,0.59,0.03
kp-002-s28,kp-002,28,6730752,0.57,0.03
kp-002-s28,kp-002,28,6761472,0.46,0.034
kp-002-s28,kp-002,28,6792192,0.56,0.034
kp-002-s28,kp-002,28,6822912,0.59,0.037
kp-002-s28,kp-002,28,6853632,0.52,0.037
kp-002-s28,kp-002,28,6884352,0.44,0.037
kp-002-s28,kp-002,28,6915072,0.55,0.037
kp-002-s28,kp-002,28,6945792,0.52,0.037
kp-002-s28,kp-002,28,6976512,0.48,0.037
kp-002-s28,kp-002,28,7007232,0.53,0.037
kp-002-s28,kp-002,28,7037952,0.42,0.04
kp-002-s28,kp-002,28,7068672,0.57,0.042
kp-002-s28,kp-002,28,7099392,0.5,0.04
kp-002-s28,kp-002,28,7130112,0.53,0.045
kp-002-s28,kp-002,28,7160832,0.54,0.049
kp-002-s28,kp-002,28,7191552,0.46,0.049
kp-002-s28,kp-002,28,7222272,0.49,0.049
kp-002-s28,kp-002,28,7252992,0.54,0.049
kp-002-s28,kp-002,28,7283712,0.46,0.049
kp-002-s28,kp-002,28,7314432,0.44,0.049
kp-002-s28,kp-002,28,7345152,0.46,0.049
kp-002-s28,kp-002,28,7375872,0.46,0.049
kp-002-s28,kp-002,28,7406592,0.45,0.052
kp-002-s28,kp-002,28,7437312,0.52,0.052
kp-002-s28,kp-002,28,7468032,0.56,0.052
kp-002-s28,kp-002,28,7498752,0.43,0.049
kp-002-s28,kp-002,28,7529472,0.53,0.052
kp-002-s28,kp-002,28,7560192,0.5,0.054
kp-002-s28,kp-002,28,7590912,0.5,0.054
kp-002-s28,kp-002,28,7621632,0.5,0.054
kp-002-s28,kp-002,28,7652352,0.54,0.054
kp-002-s28,kp-002,28,7683072,0.53,0.054
kp-002-s28,kp-002,28,7713792,0.54,0.054
kp-002-s28,kp-002,28,7744512,0.5,0.054
kp-002-s28,kp-002,28,7775232,0.56,0.054
kp-002-s28,kp-002,28,7805952,0.55,0.056
kp-002-s28,kp-002,28,7836672,0.51,0.054
kp-002-s28,kp-002,28,7867392,0.53,0.056
kp-002-s28,kp-002,28,7898112,0.51,0.056
kp-002-s28,kp-002,28,7928832,0.56,0.056
kp-002-s28,kp-002,28,7959552,0.58,0.056
kp-002-s28,kp-002,28,7990272,0.54,0.059
kp-002-s28,kp-002,28,8020992,0.5,0.062
kp-002-s28,kp-002,28,8051712,0.56,0.062
kp-002-s28,kp-002,28,8082432,0.5,0.062
kp-002-s28,kp-002,28,8113152,0.53,0.062
kp-002-s28,kp-002,28,8143872,0.45,0.062
kp-002-s28,kp-002,28,8174592,0.62,0.064
kp-002-s28,kp-002,28,8205312,0.63,0.066
kp-002-s28,kp-002,28,8236032,0.52,0.073
kp-002-s28,kp-002,28,8266752,0.58,0.071
kp-002-s28,kp-002,28,8297472,0.47,0.071
kp-002-s28,kp-002,28,8328192,0.52,0.071
kp-002-s28,kp-002,28,8358912,0.58,0.071
kp-002-s28,kp-002,28,8389632,0.49,0.071
kp-002-s28,kp-002,28,8420352,0.51,0.071
kp-002-s28,kp-002,28,8451072,0.59,0.071
kp-002-s28,kp-002,28,8481792,0.61,0.071
kp-002-s28,kp-002,28,8512512,0.5,0.071
kp-002-s28,kp-002,28,8543232,0.55,0.073
kp-002-s28,kp-002,28,8573952,0.47,0.078
kp-002-s28,kp-002,28,8604672,0.51,0.078
kp-002-s28,kp-002,28,8635392,0.6,0.075
kp-002-s28,kp-002,28,8666112,0.45,0.075
kp-002-s28,kp-002,28,8696832,0.55,0.075
kp-002-s28,kp-002,28,8727552,0.58,0.075
kp-002-s28,kp-002,28,8758272,0.47,0.075
kp-002-s28,kp-002,28,8788992,0.54,0.075
kp-002-s28,kp-002,28,8819712,0.5,0.075
kp-002-s28,kp-002,28,8850432,0.49,0.078
kp-002-s28,kp-002,28,8881152,0.49,0.078
kp-002-s28,kp-002,28,8911872,0.53,0.078
kp-002-s28,kp-002,28,8942592,0.54,0.08
kp-002-s28,kp-002,28,8973312,0.5,0.08
kp-002-s28,kp-002,28,9004032,0.56,0.078
kp-002-s28,kp-002,28,9034752,0.47,0.08
kp-002-s28,kp-002,28,9065472,0.53,0.08
kp-002-s28,kp-002,28,9096192,0.53,0.08
kp-002-s28,kp-002,28,9126912,0.54,0.08
kp-002-s28,kp-002,28,9157632,0.54,0.08
kp-002-s28,kp-002,28,9188352,0.47,0.08
kp-002-s28,kp-002,28,9219072,0.61,0.082
kp-002-s28,kp-002,28,9249792,0.5,0.085
kp-002-s28,kp-002,28,9280512,0.57,0.085
kp-002-s28,kp-002,28,9311232,0.54,0.087
kp-002-s28,kp-002,28,9341952,0.52,0.087
kp-002-s28,kp-002,28,9372672,0.53,0.09
kp-002-s28,kp-002,28,9403392,0.53,0.09
kp-002-s28,kp-002,28,9434112,0.43,0.09
kp-002-s28,kp-002,28,9464832,0.54,0.09
kp-002-s28,kp-002,28,9495552,0.52,0.09
kp-002-s28,kp-002,28,9526272,0.53,0.09
kp-002-s28,kp-002,28,9556992,0.51,0.09
kp-002-s28,kp-002,28,9587712,0.48,0.09
kp-002-s28,kp-002,28,9618432,0.48,0.09
kp-002-s28,kp-002,28,9649152,0.59,0.092
kp-002-s28,kp-002,28,9679872,0.57,0.092
kp-002-s28,kp-002,28,9710592,0.51,0.092
kp-002-s28,kp-002,28,9741312,0.5,0.096
kp-002-s28,kp-002,28,9772032,0.54,0.096
kp-002-s28,kp-002,28,9802752,0.48,0.096
kp-002-s28,kp-002,28,9833472,0.6,0.102
kp-002-s28,kp-002,28,9864192,0.35,0.102
kp-002-s28,kp-002,28,9894912,0.45,0.099
kp-002-s28,kp-002,28,9925632,0.49,0.099
kp-002-s28,kp-002,28,9956352,0.53,0.099
kp-002-s28,kp-002,28,9987072,0.57,0.099
kp-002-s28,kp-002,28,10017792,0.59,0.099
kp-002-s28,kp-002,28,10048512,0.51,0.101
kp-002-s28,kp-002,28,10079232,0.52,0.101
kp-002-s28,kp-002,28,10109952,0.46,0.101
kp-002-s28,kp-002,28,10140672,0.41,0.101
kp-002-s28,kp-002,28,10171392,0.56,0.101
kp-002-s28,kp-002,28,10202112,0.51,0.101
kp-002-s28,kp-002,28,10232832,0.49,0.101
kp-002-s28,kp-002,28,10263552,0.45,0.099
kp-002-s28,kp-002,28,10294272,0.54,0.102
kp-002-s28,kp-002,28,10324992,0.5,0.102
kp-002-s28,kp-002,28,10355712,0.46,0.102
kp-002-s28,kp-002,28,10386432,0.5,0.102
kp-002-s28,kp-002,28,10417152,0.56,0.102
kp-002-s28,kp-002,28,10447872,0.51,0.1
kp-002-s28,kp-002,28,10478592,0.5,0.1
kp-002-s28,kp-002,28,10509312,0.44,0.102
kp-002-s28,kp-002,28,10540032,0.57,0.105
kp-002-s28,kp-002,28,10570752,0.59,0.105
kp-002-s28,kp-002,28,10601472,0.54,0.105
kp-002-s28,kp-002,28,10632192,0.43,0.105
kp-002-s28,kp-002,28,10662912,0.53,0.105
kp-002-s28,kp-002,28,10693632,0.51,0.105
kp-002-s28,kp-002,28,10724352,0.5,0.103
kp-002-s28,kp-002,28,10755072,0.57,0.103
kp-002-s28,kp-002,28,10785792,0.47,0.103
kp-002-s28,kp-002,28,10816512,0.51,0.103
kp-002-s28,kp-002,28,10847232,0.52,0.103
kp-002-s28,kp-002,28,10877952,0.55,0.105
kp-002-s28,kp-002,28,10908672,0.56,0.107
kp-002-s28,kp-002,28,10939392,0.52,0.109
kp-002-s28,kp-002,28,10970112,0.47,0.109
kp-002-s28,kp-002,28,11000832,0.6,0.109
kp-002-s28,kp-002,28,11031552,0.48,0.107
kp-002-s28,kp-002,28,11062272,0.54,0.107
kp-002-s28,kp-002,28,11092992,0.52,0.109
kp-002-s28,kp-002,28,11123712,0.49,0.112
kp-002-s28,kp-002,28,11154432,0.55,0.112
kp-002-s28,kp-002,28,11185152,0.68,0.112
kp-002-s28,kp-002,28,11215872,0.52,0.116
kp-002-s28,kp-002,28,11246592,0.64,0.116
kp-002-s28,kp-002,28,11277312,0.49,0.119
kp-002-s28,kp-002,28,11308032,0.5,0.121
kp-002-s28,kp-002,28,11338752,0.54,0.121
kp-002-s28,kp-002,28,11369472,0.52,0.121
kp-002-s28,kp-002,28,11400192,0.55,0.124
kp-002-s28,kp-002,28,11430912,0.46,0.124
kp-002-s28,kp-002,28,11461632,0.58,0.124
kp-002-s28,kp-002,28,11492352,0.54,0.124
kp-002-s28,kp-002,28,11523072,0.57,0.124
kp-002-s28,kp-002,28,11553792,0.49,0.127
kp-002-s28,kp-002,28,11584512,0.59,0.127
kp-002-s28,kp-002,28,11615232,0.52,0.127
kp-002-s28,kp-002,28,11645952,0.53,0.13
kp-002-s28,kp-002,28,11676672,0.54,0.137
kp-002-s28,kp-002,28,11707392,0.53,0.137
kp-002-s28,kp-002,28,11738112,0.57,0.137
kp-002-s28,kp-002,28,11768832,0.45,0.134
kp-002-s28,kp-002,28,11799552,0.43,0.134
kp-002-s28,kp-002,28,11830272,0.53,0.134
kp-002-s28,kp-002,28,11860992,0.45,0.134
kp-002-s28,kp-002,28,11891712,0.64,0.132
kp-002-s28,kp-002,28,11922432,0.47,0.135
kp-002-s28,kp-002,28,11953152,0.46,0.135
kp-002-s28,kp-002,28,11983872,0.55,0.135
kp-002-s28,kp-002,28,12014592,0.54,0.135
kp-002-s28,kp-002,28,12045312,0.49,0.135
kp-002-s28,kp-002,28,12076032,0.47,0.135
kp-002-s28,kp-002,28,12106752,0.6,0.135
kp-002-s28,kp-002,28,12137472,0.51,0.138
kp-002-s28,kp-002,28,12168192,0.46,0.138
kp-002-s28,kp-002,28,12198912,0.46,0.138
kp-002-s28,kp-002,28,12229632,0.51,0.135
kp-002-s28,kp-002,28,12260352,0.63,0.135
kp-002-s28,kp-002,28,12291072,0.55,0.138
kp-002-s28,kp-002,28,12321792,0.51,0.138
kp-002-s28,kp-002,28,12352512,0.48,0.14
kp-002-s28,kp-002,28,12383232,0.58,0.14
kp-002-s28,kp-002,28,12413952,0.51,0.14
kp-002-s28,kp-002,28,12444672,0.56,0.142
kp-002-s28,kp-002,28,12475392,0.48,0.142
kp-002-s28,kp-002,28,12506112,0.57,0.142
kp-002-s28,kp-002,28,12536832,0.46,0.142
kp-002-s28,kp-002,28,12567552,0.51,0.142
kp-002-s28,kp-002,28,12598272,0.54,0.142
kp-002-s28,kp-002,28,12628992,0.55,0.142
kp-002-s28,kp-002,28,12659712,0.47,0.142
kp-002-s28,kp-002,28,12690432,0.54,0.142
kp-002-s28,kp-002,28,12721152,0.42,0.142
kp-002-s28,kp-002,28,12751872,0.53,0.142
kp-002-s28,kp-002,28,12782592,0.51,0.144
kp-002-s28,kp-002,28,12813312,0.5,0.142
kp-002-s28,kp-002,28,12844032,0.54,0.142
kp-002-s28,kp-002,28,12874752,0.51,0.142
kp-002-s28,kp-002,28,12905472,0.56,0.145
kp-002-s28,kp-002,28,12936192,0.52,0.147
kp-002-s28,kp-002,28,12966912,0.54,0.147
kp-002-s28,kp-002,28,12997632,0.48,0.147
kp-002-s28,kp-002,28,13028352,0.47,0.149
kp-002-s28,kp-002,28,13059072,0.57,0.149
kp-002-s28,kp-002,28,13089792,0.55,0.147
kp-002-s28,kp-002,28,13120512,0.6,0.147
kp-002-s28,kp-002,28,13151232,0.64,0.149
kp-002-s28,kp-002,28,13181952,0.51,0.149
kp-002-s28,kp-002,28,13212672,0.46,0.149
kp-002-s28,kp-002,28,13243392,0.5,0.149
kp-002-s28,kp-002,28,13274112,0.57,0.151
kp-002-s28,kp-002,28,13304832,0.45,0.151
kp-002-s28,kp-002,28,13335552,0.57,0.151
kp-002-s28,kp-002,28,13366272,0.56,0.151
kp-002-s28,kp-002,28,13396992,0.55,0.151
kp-002-s28,kp-002,28,13427712,0.54,0.153
kp-002-s28,kp-002,28,13458432,0.58,0.153
kp-002-s28,kp-002,28,13489152,0.57,0.153
kp-002-s28,kp-002,28,13519872,0.48,0.153
kp-002-s28,kp-002,28,13550592,0.58,0.153
kp-002-s28,kp-002,28,13581312,0.54,0.153
kp-002-s28,kp-002,28,13612032,0.55,0.153
kp-002-s28,kp-002,28,13642752,0.58,0.153
kp-002-s28,kp-002,28,13673472,0.41,0.153
kp-002-s28,kp-002,28,13704192,0.48,0.151
kp-002-s28,kp-002,28,13734912,0.56,0.151
kp-002-s28,kp-002,28,13765632,0.47,0.151
kp-002-s28,kp-002,28,13796352,0.49,0.151
kp-002-s28,kp-002,28,13827072,0.47,0.151
kp-002-s28,kp-002,28,13857792,0.49,0.154
kp-002-s28,kp-002,28,13888512,0.53,0.157
kp-002-s28,kp-002,28,13919232,0.47,0.157
kp-002-s28,kp-002,28,13949952,0.46,0.16
kp-002-s28,kp-002,28,13980672,0.53,0.16
kp-002-s28,kp-002,28,14011392,0.52,0.163
kp-002-s28,kp-002,28,14042112,0.5,0.163
kp-002-s28,kp-002,28,14072832,0.5,0.165
kp-002-s28,kp-002,28,14103552,0.5,0.168
kp-002-s28,kp-002,28,14134272,0.5,0.17
kp-002-s28,kp-002,28,14164992,0.55,0.173
kp-002-s28,kp-002,28,14195712,0.37,0.173
kp-002-s28,kp-002,28,14226432,0.53,0.17
kp-002-s28,kp-002,28,14257152,0.55,0.17
kp-002-s28,kp-002,28,14287872,0.59,0.17
kp-002-s28,kp-002,28,14318592,0.49,0.175
kp-002-s28,kp-002,28,14349312,0.55,0.175
kp-002-s28,kp-002,28,14380032,0.55,0.175
kp-002-s28,kp-002,28,14410752,0.61,0.179
kp-002-s28,kp-002,28,14441472,0.51,0.182
kp-002-s28,kp-002,28,14472192,0.54,0.182
kp-002-s28,kp-002,28,14502912,0.49,0.185
kp-002-s28,kp-002,28,14533632,0.57,0.185
kp-002-s28,kp-002,28,14564352,0.49,0.185
kp-002-s28,kp-002,28,14595072,0.59,0.185
kp-002-s28,kp-002,28,14625792,0.45,0.187
kp-002-s28,kp-002,28,14656512,0.48,0.187
kp-002-s28,kp-002,28,14687232,0.45,0.187
kp-002-s28,kp-002,28,14717952,0.57,0.19
kp-002-s28,kp-002,28,14748672,0.49,0.19
kp-002-s28,kp-002,28,14779392,0.53,0.19
kp-002-s28,kp-002,28,14810112,0.48,0.187
kp-002-s28,kp-002,28,14840832,0.53,0.189
kp-002-s28,kp-002,28,14871552,0.47,0.189
kp-002-s28,kp-002,28,14902272,0.58,0.189
kp-002-s28,kp-002,28,14932992,0.5,0.189
kp-002-s28,kp-002,28,14963712,0.43,0.194
kp-002-s28,kp-002,28,14994432,0.53,0.194
kp-002-s28,kp-002,28,14997504,0.56,0.194
kp-002-s29,kp-002,29,4918272,0.68,-1.0
kp-002-s29,kp-002,29,4948992,0.61,-0.965
kp-002-s29,kp-002,29,4979712,0.64,-0.93
kp-002-s29,kp-002,29,5010432,0.62,-0.916
kp-002-s29,kp-002,29,5041152,0.68,-0.892
kp-002-s29,kp-002,29,5071872,0.55,-0.881
kp-002-s29,kp-002,29,5102592,0.59,-0.869
kp-002-s29,kp-002,29,5133312,0.63,-0.856
kp-002-s29,kp-002,29,5164032,0.66,-0.833
kp-002-s29,kp-002,29,5194752,0.57,-0.819
kp-002-s29,kp-002,29,5225472,0.58,-0.791
kp-002-s29,kp-002,29,5256192,0.55,-0.774
kp-002-s29,kp-002,29,5286912,0.59,-0.763
kp-002-s29,kp-002,29,5317632,0.63,-0.753
kp-002-s29,kp-002,29,5348352,0.63,-0.737
kp-002-s29,kp-002,29,5379072,0.72,-0.716
kp-002-s29,kp-002,29,5409792,0.65,-0.687
kp-002-s29,kp-002,29,5440512,0.64,-0.67
kp-002-s29,kp-002,29,5471232,0.55,-0.662
kp-002-s29,kp-002,29,5501952,0.63,-0.639
kp-002-s29,kp-002,29,5532672,0.56,-0.619
kp-002-s29,kp-002,29,5563392,0.67,-0.602
kp-002-s29,kp-002,29,5594112,0.52,-0.581
kp-002-s29,kp-002,29,5624832,0.6,-0.555
kp-002-s29,kp-002,29,5655552,0.52,-0.539
kp-002-s29,kp-002,29,5686272,0.59,-0.525
kp-002-s29,kp-002,29,5716992,0.62,-0.51
kp-002-s29,kp-002,29,5747712,0.65,-0.499
kp-002-s29,kp-002,29,5778432,0.58,-0.48
kp-002-s29,kp-002,29,5809152,0.69,-0.469
kp-002-s29,kp-002,29,5839872,0.62,-0.446
kp-002-s29,kp-002,29,5870592,0.66,-0.427
kp-002-s29,kp-002,29,5901312,0.62,-0.416
kp-002-s29,kp-002,29,5932032,0.7,-0.392
kp-002-s29,kp-002,29,5962752,0.67,-0.37
kp-002-s29,kp-002,29,5993472,0.62,-0.364
kp-002-s29,kp-002,29,6024192,0.68,-0.357
kp-002-s29,kp-002,29,6054912,0.57,-0.341
kp-002-s29,kp-002,29,6085632,0.61,-0.332
kp-002-s29,kp-002,29,6116352,0.58,-0.318
kp-002-s29,kp-002,29,6147072,0.64,-0.306
kp-002-s29,kp-002,29,6177792,0.57,-0.286
kp-002-s29,kp-002,29,6208512,0.64,-0.275
kp-002-s29,kp-002,29,6239232,0.66,-0.26
kp-002-s29,kp-002,29,6269952,0.57,-0.248
kp-002-s29,kp-002,29,6300672,0.54,-0.233
kp-002-s29,kp-002,29,6331392,0.65,-0.208
kp-002-s29,kp-002,29,6362112,0.59,-0.192
kp-002-s29,kp-002,29,6392832,0.58,-0.173
kp-002-s29,kp-002,29,6423552,0.61,-0.159
kp-002-s29,kp-002,29,6454272,0.6,-0.145
kp-002-s29,kp-002,29,6484992,0.54,-0.133
kp-002-s29,kp-002,29,6515712,0.63,-0.104
kp-002-s29,kp-002,29,6546432,0.61,-0.073
kp-002-s29,kp-002,29,6577152,0.69,-0.049
kp-002-s29,kp-002,29,6607872,0.63,-0.026
kp-002-s29,kp-002,29,6638592,0.59,-0.009
kp-002-s29,kp-002,29,6669312,0.61,0.005
kp-002-s29,kp-002,29,6700032,0.59,0.013
kp-002-s29,kp-002,29,6730752,0.58,0.017
kp-002-s29,kp-002,29,6761472,0.56,0.021
kp-002-s29,kp-002,29,6792192,0.6,0.026
kp-002-s29,kp-002,29,6822912,0.45,0.032
kp-002-s29,kp-002,29,6853632,0.56,0.035
kp-002-s29,kp-002,29,6884352,0.51,0.035
kp-002-s29,kp-002,29,6915072,0.6,0.035
kp-002-s29,kp-002,29,6945792,0.5,0.035
kp-002-s29,kp-002,29,6976512,0.6,0.035
kp-002-s29,kp-002,29,7007232,0.49,0.038
kp-002-s29,kp-002,29,7037952,0.62,0.04
kp-002-s29,kp-002,29,7068672,0.41,0.043
kp-002-s29,kp-002,29,7099392,0.44,0.043
kp-002-s29,kp-002,29,7130112,0.53,0.043
kp-002-s29,kp-002,29,7160832,0.55,0.045
kp-002-s29,kp-002,29,7191552,0.46,0.048
kp-002-s29,kp-002,29,7222272,0.57,0.048
kp-002-s29,kp-002,29,7252992,0.46,0.048
kp-002-s29,kp-002,29,7283712,0.5,0.048
kp-002-s29,kp-002,29,7314432,0.51,0.048
kp-002-s29,kp-002,29,7345152,0.55,0.046
kp-002-s29,kp-002,29,7375872,0.43,0.046
kp-002-s29,kp-002,29,7406592,0.64,0.046
kp-002-s29,kp-002,29,7437312,0.59,0.053
kp-002-s29,kp-002,29,7468032,0.56,0.053
kp-002-s29,kp-002,29,7498752,0.56,0.053
kp-002-s29,kp-002,29,7529472,0.5,0.058
kp-002-s29,kp-002,29,7560192,0.48,0.058
kp-002-s29,kp-002,29,7590912,0.51,0.06
kp-002-s29,kp-002,29,7621632,0.4,0.06
kp-002-s29,kp-002,29,7652352,0.49,0.06
kp-002-s29,kp-002,29,7683072,0.5,0.057
kp-002-s29,kp-002,29,7713792,0.49,0.057
kp-002-s29,kp-002,29,7744512,0.44,0.057
kp-002-s29,kp-002,29,7775232,0.53,0.059
kp-002-s29,kp-002,29,7805952,0.56,0.059
kp-002-s29,kp-002,29,7836672,0.54,0.062
kp-002-s29,kp-002,29,7867392,0.51,0.062
kp-002-s29,kp-002,29,7898112,0.51,0.062
kp-002-s29,kp-002,29,7928832,0.53,0.062
kp-002-s29,kp-002,29,7959552,0.49,0.062
kp-002-s29,kp-002,29,7990272,0.53,0.062
kp-002-s29,kp-002,29,8020992,0.44,0.064
kp-002-s29,kp-002,29,8051712,0.42,0.064
kp-002-s29,kp-002,29,8082432,0.5,0.062
kp-002-s29,kp-002,29,8113152,0.5,0.062
kp-002-s29,kp-002,29,8143872,0.51,0.062
kp-002-s29,kp-002,29,8174592,0.45,0.062
kp-002-s29,kp-002,29,8205312,0.48,0.062
kp-002-s29,kp-002,29,8236032,0.52,0.062
kp-002-s29,kp-002,29,8266752,0.48,0.062
kp-002-s29,kp-002,29,8297472,0.48,0.062
kp-002-s29,kp-002,29,8328192,0.56,0.062
kp-002-s29,kp-002,29,8358912,0.51,0.064
kp-002-s29,kp-002,29,8389632,0.56,0.066
kp-002-s29,kp-002,29,8420352,0.56,0.068
kp-002-s29,kp-002,29,8451072,0.56,0.068
kp-002-s29,kp-002,29,8481792,0.45,0.068
kp-002-s29,kp-002,29,8512512,0.46,0.069
kp-002-s29,kp-002,29,8543232,0.46,0.074
kp-002-s29,kp-002,29,8573952,0.51,0.076
kp-002-s29,kp-002,29,8604672,0.53,0.074
kp-002-s29,kp-002,29,8635392,0.54,0.074
kp-002-s29,kp-002,29,8666112,0.52,0.074
kp-002-s29,kp-002,29,8696832,0.42,0.074
kp-002-s29,kp-002,29,8727552,0.42,0.074
kp-002-s29,kp-002,29,8758272,0.55,0.074
kp-002-s29,kp-002,29,8788992,0.49,0.076
kp-002-s29,kp-002,29,8819712,0.64,0.074
kp-002-s29,kp-002,29,8850432,0.55,0.077
kp-002-s29,kp-002,29,8881152,0.48,0.077
kp-002-s29,kp-002,29,8911872,0.45,0.077
kp-002-s29,kp-002,29,8942592,0.55,0.077
kp-002-s29,kp-002,29,8973312,0.56,0.079
kp-002-s29,kp-002,29,9004032,0.51,0.079
kp-002-s29,kp-002,29,9034752,0.54,0.079
kp-002-s29,kp-002,29,9065472,0.46,0.079
kp-002-s29,kp-002,29,9096192,0.46,0.079
kp-002-s29,kp-002,29,9126912,0.46,0.079
kp-002-s29,kp-002,29,9157632,0.54,0.079
kp-002-s29,kp-002,29,9188352,0.51,0.079
kp-002-s29,kp-002,29,9219072,0.46,0.081
kp-002-s29,kp-002,29,9249792,0.46,0.081
kp-002-s29,kp-002,29,9280512,0.49,0.081
kp-002-s29,kp-002,29,9311232,0.55,0.081
kp-002-s29,kp-002,29,9341952,0.51,0.081
kp-002-s29,kp-002,29,9372672,0.54,0.081
kp-002-s29,kp-002,29,9403392,0.53,0.081
kp-002-s29,kp-002,29,9434112,0.48,0.081
kp-002-s29,kp-002,29,9464832,0.5,0.081
kp-002-s29,kp-002,29,9495552,0.5,0.086
kp-002-s29,kp-002,29,9526272,0.47,0.083
kp-002-s29,kp-002,29,9556992,0.59,0.083
kp-002-s29,kp-002,29,9587712,0.45,0.086
kp-002-s29,kp-002,29,9618432,0.5,0.09
kp-002-s29,kp-002,29,9649152,0.6,0.09
kp-002-s29,kp-002,29,9679872,0.56,0.09
kp-002-s29,kp-002,29,9710592,0.63,0.09
kp-002-s29,kp-002,29,9741312,0.55,0.093
kp-002-s29,kp-002,29,9772032,0.5,0.093
kp-002-s29,kp-002,29,9802752,0.5,0.093
kp-002-s29,kp-002,29,9833472,0.54,0.093
kp-002-s29,kp-002,29,9864192,0.48,0.093
kp-002-s29,kp-002,29,9894912,0.48,0.093
kp-002-s29,kp-002,29,9925632,0.46,0.093
kp-002-s29,kp-002,29,9956352,0.59,0.093
kp-002-s29,kp-002,29,9987072,0.52,0.093
kp-002-s29,kp-002,29,10017792,0.47,0.093
kp-002-s29,kp-002,29,10048512,0.52,0.093
kp-002-s29,kp-002,29,10079232,0.54,0.096
kp-002-s29,kp-002,29,10109952,0.54,0.096
kp-002-s29,kp-002,29,10140672,0.41,0.096
kp-002-s29,kp-002,29,10171392,0.49,0.096
kp-002-s29,kp-002,29,10202112,0.57,0.096
kp-002-s29,kp-002,29,10232832,0.49,0.096
kp-002-s29,kp-002,29,10263552,0.5,0.094
kp-002-s29,kp-002,29,10294272,0.52,0.094
kp-002-s29,kp-002,29,10324992,0.55,0.091
kp-002-s29,kp-002,29,10355712,0.52,0.094
kp-002-s29,kp-002,29,10386432,0.48,0.094
kp-002-s29,kp-002,29,10417152,0.63,0.094
kp-002-s29,kp-002,29,10447872,0.57,0.099
kp-002-s29,kp-002,29,10478592,0.57,0.099
kp-002-s29,kp-002,29,10509312,0.51,0.099
kp-002-s29,kp-002,29,10540032,0.5,0.099
kp-002-s29,kp-002,29,10570752,0.53,0.096
kp-002-s29,kp-002,29,10601472,0.55,0.099
kp-002-s29,kp-002,29,10632192,0.49,0.101
kp-002-s29,kp-002,29,10662912,0.57,0.101
kp-002-s29,kp-002,29,10693632,0.53,0.101
kp-002-s29,kp-002,29,10724352,0.48,0.103
kp-002-s29,kp-002,29,10755072,0.46,0.103
kp-002-s29,kp-002,29,10785792,0.56,0.106
kp-002-s29,kp-002,29,10816512,0.58,0.106
kp-002-s29,kp-002,29,10847232,0.52,0.106
kp-002-s29,kp-002,29,10877952,0.58,0.108
kp-002-s29,kp-002,29,10908672,0.47,0.106
kp-002-s29,kp-002,29,10939392,0.55,0.106
kp-002-s29,kp-002,29,10970112,0.5,0.106
kp-002-s29,kp-002,29,11000832,0.52,0.106
kp-002-s29,kp-002,29,11031552,0.48,0.106
kp-002-s29,kp-002,29,11062272,0.56,0.106
kp-002-s29,kp-002,29,11092992,0.54,0.106
kp-002-s29,kp-002,29,11123712,0.48,0.108
kp-002-s29,kp-002,29,11154432,0.52,0.108
kp-002-s29,kp-002,29,11185152,0.51,0.114
kp-002-s29,kp-002,29,11215872,0.45,0.114
kp-002-s29,kp-002,29,11246592,0.56,0.114
kp-002-s29,kp-002,29,11277312,0.55,0.114
kp-002-s29,kp-002,29,11308032,0.5,0.114
kp-002-s29,kp-002,29,11338752,0.54,0.116
kp-002-s29,kp-002,29,11369472,0.53,0.116
kp-002-s29,kp-002,29,11400192,0.48,0.116
kp-002-s29,kp-002,29,11430912,0.52,0.116
kp-002-s29,kp-002,29,11461632,0.57,0.116
kp-002-s29,kp-002,29,11492352,0.48,0.116
kp-002-s29,kp-002,29,11523072,0.49,0.116
kp-002-s29,kp-002,29,11553792,0.59,0.116
kp-002-s29,kp-002,29,11584512,0.53,0.119
kp-002-s29,kp-002,29,11615232,0.45,0.119
kp-002-s29,kp-002,29,11645952,0.53,0.119
kp-002-s29,kp-002,29,11676672,0.5,0.119
kp-002-s29,kp-002,29,11707392,0.52,0.119
kp-002-s29,kp-002,29,11738112,0.66,0.119
kp-002-s29,kp-002,29,11768832,0.58,0.122
kp-002-s29,kp-002,29,11799552,0.6,0.125
kp-002-s29,kp-002,29,11830272,0.54,0.125
kp-002-s29,kp-002,29,11860992,0.54,0.125
kp-002-s29,kp-002,29,11891712,0.43,0.13
kp-002-s29,kp-002,29,11922432,0.59,0.13
kp-002-s29,kp-002,29,11953152,0.46,0.13
kp-002-s29,kp-002,29,11983872,0.51,0.132
kp-002-s29,kp-002,29,12014592,0.44,0.132
kp-002-s29,kp-002,29,12045312,0.52,0.132
kp-002-s29,kp-002,29,12076032,0.55,0.132
kp-002-s29,kp-002,29,12106752,0.44,0.132
kp-002-s29,kp-002,29,12137472,0.47,0.132
kp-002-s29,kp-002,29,12168192,0.47,0.132
kp-002-s29,kp-002,29,12198912,0.54,0.132
kp-002-s29,kp-002,29,12229632,0.5,0.132
kp-002-s29,kp-002,29,12260352,0.42,0.135
kp-002-s29,kp-002,29,12291072,0.43,0.135
kp-002-s29,kp-002,29,12321792,0.43,0.139
kp-002-s29,kp-002,29,12352512,0.54,0.139
kp-002-s29,kp-002,29,12383232,0.51,0.145
kp-002-s29,kp-002,29,12413952,0.51,0.145
kp-002-s29,kp-002,29,12444672,0.47,0.145
kp-002-s29,kp-002,29,12475392,0.49,0.142
kp-002-s29,kp-002,29,12506112,0.39,0.142
kp-002-s29,kp-002,29,12536832,0.51,0.138
kp-002-s29,kp-002,29,12567552,0.49,0.135
kp-002-s29,kp-002,29,12598272,0.47,0.135
kp-002-s29,kp-002,29,12628992,0.54,0.137
kp-002-s29,kp-002,29,12659712,0.49,0.137
kp-002-s29,kp-002,29,12690432,0.55,0.14
kp-002-s29,kp-002,29,12721152,0.38,0.14
kp-002-s29,kp-002,29,12751872,0.46,0.139
kp-002-s29,kp-002,29,12782592,0.44,0.142
kp-002-s29,kp-002,29,12813312,0.49,0.142
kp-002-s29,kp-002,29,12844032,0.53,0.142
kp-002-s29,kp-002,29,12874752,0.54,0.142
kp-002-s29,kp-002,29,12905472,0.57,0.142
kp-002-s29,kp-002,29,12936192,0.5,0.145
kp-002-s29,kp-002,29,12966912,0.41,0.145
kp-002-s29,kp-002,29,12997632,0.43,0.145
kp-002-s29,kp-002,29,13028352,0.46,0.145
kp-002-s29,kp-002,29,13059072,0.48,0.143
kp-002-s29,kp-002,29,13089792,0.51,0.143
kp-002-s29,kp-002,29,13120512,0.55,0.143
kp-002-s29,kp-002,29,13151232,0.54,0.143
kp-002-s29,kp-002,29,13181952,0.5,0.143
kp-002-s29,kp-002,29,13212672,0.53,0.143
kp-002-s29,kp-002,29,13243392,0.47,0.145
kp-002-s29,kp-002,29,13274112,0.49,0.145
kp-002-s29,kp-002,29,13304832,0.54,0.145
kp-002-s29,kp-002,29,13335552,0.52,0.145
kp-002-s29,kp-002,29,13366272,0.55,0.145
kp-002-s29,kp-002,29,13396992,0.53,0.145
kp-002-s29,kp-002,29,13427712,0.48,0.145
kp-002-s29,kp-002,29,13458432,0.47,0.145
kp-002-s29,kp-002,29,13489152,0.56,0.145
kp-002-s29,kp-002,29,13519872,0.5,0.148
kp-002-s29,kp-002,29,13550592,0.58,0.153
kp-002-s29,kp-002,29,13581312,0.54,0.153
kp-002-s29,kp-002,29,13612032,0.54,0.153
kp-002-s29,kp-002,29,13642752,0.62,0.153
kp-002-s29,kp-002,29,13673472,0.47,0.155
kp-002-s29,kp-002,29,13704192,0.53,0.155
kp-002-s29,kp-002,29,13734912,0.48,0.157
kp-002-s29,kp-002,29,13765632,0.53,0.157
kp-002-s29,kp-002,29,13796352,0.39,0.157
kp-002-s29,kp-002,29,13827072,0.6,0.155
kp-002-s29,kp-002,29,13857792,0.51,0.155
kp-002-s29,kp-002,29,13888512,0.49,0.157
kp-002-s29,kp-002,29,13919232,0.57,0.157
kp-002-s29,kp-002,29,13949952,0.52,0.157
kp-002-s29,kp-002,29,13980672,0.47,0.162
kp-002-s29,kp-002,29,14011392,0.49,0.162
kp-002-s29,kp-002,29,14042112,0.5,0.162
kp-002-s29,kp-002,29,14072832,0.57,0.162
kp-002-s29,kp-002,29,14103552,0.55,0.162
kp-002-s29,kp-002,29,14134272,0.47,0.162
kp-002-s29,kp-002,29,14164992,0.48,0.162
kp-002-s29,kp-002,29,14195712,0.54,0.162
kp-002-s29,kp-002,29,14226432,0.49,0.162
kp-002-s29,kp-002,29,14257152,0.52,0.162
kp-002-s29,kp-002,29,14287872,0.55,0.159
kp-002-s29,kp-002,29,14318592,0.43,0.162
kp-002-s29,kp-002,29,14349312,0.54,0.164
kp-002-s29,kp-002,29,14380032,0.54,0.164
kp-002-s29,kp-002,29,14410752,0.55,0.164
kp-002-s29,kp-002,29,14441472,0.51,0.164
kp-002-s29,kp-002,29,14472192,0.58,0.164
kp-002-s29,kp-002,29,14502912,0.45,0.164
kp-002-s29,kp-002,29,14533632,0.5,0.171
kp-002-s29,kp-002,29,14564352,0.56,0.171
kp-002-s29,kp-002,29,14595072,0.59,0.174
kp-002-s29,kp-002,29,14625792,0.52,0.176
kp-002-s29,kp-002,29,14656512,0.48,0.179
kp-002-s29,kp-002,29,14687232,0.38,0.179
kp-002-s29,kp-002,29,14717952,0.56,0.176
kp-002-s29,kp-002,29,14748672,0.47,0.176
kp-002-s29,kp-002,29,14779392,0.61,0.176
kp-002-s29,kp-002,29,14810112,0.42,0.176
kp-002-s29,kp-002,29,14840832,0.63,0.176
kp-002-s29,kp-002,29,14871552,0.61,0.176
kp-002-s29,kp-002,29,14902272,0.51,0.178
kp-002-s29,kp-002,29,14932992,0.56,0.178
kp-002-s29,kp-002,29,14963712,0.5,0.178
kp-002-s29,kp-002,29,14994432,0.52,0.178
kp-002-s29,kp-002,29,14997504,0.5,0.178
kp-030-s27,kp-030,27,4457472,0.7,-1.0
kp-030-s27,kp-030,27,4488192,0.57,-0.739
kp-030-s27,kp-030,27,4518912,0.54,-0.64
kp-030-s27,kp-030,27,4549632,0.54,-0.595
kp-030-s27,kp-030,27,4580352,0.61,-0.595
kp-030-s27,kp-030,27,4611072,0.54,-0.562
kp-030-s27,kp-030,27,4641792,0.52,-0.562
kp-030-s27,kp-030,27,4672512,0.52,-0.562
kp-030-s27,kp-030,27,4703232,0.51,-0.475
kp-030-s27,kp-030,27,4733952,0.55,-0.439
kp-030-s27,kp-030,27,4764672,0.56,-0.406
kp-030-s27,kp-030,27,4795392,0.58,-0.406
kp-030-s27,kp-030,27,4826112,0.49,-0.325
kp-030-s27,kp-030,27,4856832,0.53,-0.292
kp-030-s27,kp-030,27,4887552,0.55,-0.292
kp-030-s27,kp-030,27,4918272,0.44,-0.259
kp-030-s27,kp-030,27,4948992,0.56,-0.259
kp-030-s27,kp-030,27,4979712,0.54,-0.253
kp-030-s27,kp-030,27,5010432,0.55,-0.253
kp-030-s27,kp-030,27,5041152,0.46,-0.253
kp-030-s27,kp-030,27,5071872,0.49,-0.22
kp-030-s27,kp-030,27,5102592,0.61,-0.22
kp-030-s27,kp-030,27,5133312,0.46,-0.187
kp-030-s27,kp-030,27,5164032,0.51,-0.154
kp-030-s27,kp-030,27,5194752,0.54,-0.118
kp-030-s27,kp-030,27,5225472,0.61,-0.082
kp-030-s27,kp-030,27,5256192,0.6,-0.049
kp-030-s27,kp-030,27,5286912,0.53,-0.049
kp-030-s27,kp-030,27,5317632,0.49,-0.049
kp-030-s27,kp-030,27,5348352,0.49,-0.049
kp-030-s27,kp-030,27,5379072,0.55,-0.001
kp-030-s27,kp-030,27,5409792,0.4,0.035
kp-030-s27,kp-030,27,5440512,0.57,0.002
kp-030-s27,kp-030,27,5471232,0.47,0.002
kp-030-s27,kp-030,27,5501952,0.32,0.035
kp-030-s27,kp-030,27,5532672,0.53,-0.019
kp-030-s27,kp-030,27,5563392,0.49,0.017
kp-030-s27,kp-030,27,5594112,0.48,-0.007
kp-030-s27,kp-030,27,5624832,0.57,0.005
kp-030-s27,kp-030,27,5655552,0.44,0.041
kp-030-s27,kp-030,27,5686272,0.39,0.041
kp-030-s27,kp-030,27,5716992,0.43,0.053
kp-030-s27,kp-030,27,5747712,0.64,0.011
kp-030-s27,kp-030,27,5778432,0.5,0.053
kp-030-s27,kp-030,27,5809152,0.42,0.05
kp-030-s27,kp-030,27,5839872,0.58,0.017
kp-030-s27,kp-030,27,5870592,0.47,0.041
kp-030-s27,kp-030,27,5901312,0.51,0.041
kp-030-s27,kp-030,27,5932032,0.53,0.041
kp-030-s27,kp-030,27,5962752,0.47,0.041
kp-030-s27,kp-030,27,5993472,0.57,0.008
kp-030-s27,kp-030,27,6024192,0.43,0.062
kp-030-s27,kp-030,27,6054912,0.51,0.02
kp-030-s27,kp-030,27,6085632,0.65,0.02
kp-030-s27,kp-030,27,6116352,0.4,0.065
kp-030-s27,kp-030,27,6147072,0.61,0.029
kp-030-s27,kp-030,27,6177792,0.48,0.053
kp-030-s27,kp-030,27,6208512,0.43,0.053
kp-030-s27,kp-030,27,6239232,0.46,0.053
kp-030-s27,kp-030,27,6269952,0.4,0.053
kp-030-s27,kp-030,27,6300672,0.51,0.053
kp-030-s27,kp-030,27,6331392,0.48,0.059
kp-030-s27,kp-030,27,6362112,0.47,0.059
kp-030-s27,kp-030,27,6392832,0.57,0.023
kp-030-s27,kp-030,27,6423552,0.54,0.023
kp-030-s27,kp-030,27,6454272,0.42,0.068
kp-030-s27,kp-030,27,6484992,0.48,0.029
kp-030-s27,kp-030,27,6515712,0.6,0.029
kp-030-s27,kp-030,27,6546432,0.6,0.026
kp-030-s27,kp-030,27,6577152,0.37,0.059
kp-030-s27,kp-030,27,6607872,0.43,0.062
kp-030-s27,kp-030,27,6638592,0.45,0.062
kp-030-s27,kp-030,27,6669312,0.41,0.065
kp-030-s27,kp-030,27,6700032,0.57,0.014
kp-030-s27,kp-030,27,6730752,0.45,0.065
kp-030-s27,kp-030,27,6761472,0.45,0.059
kp-030-s27,kp-030,27,6792192,0.44,0.071
kp-030-s27,kp-030,27,6822912,0.49,0.071
kp-030-s27,kp-030,27,6853632,0.42,0.071
kp-030-s27,kp-030,27,6884352,0.49,0.038
kp-030-s27,kp-030,27,6915072,0.59,0.05
kp-030-s27,kp-030,27,6945792,0.51,0.056
kp-030-s27,kp-030,27,6976512,0.48,0.056
kp-030-s27,kp-030,27,7007232,0.49,0.056
kp-030-s27,kp-030,27,7037952,0.55,0.014
kp-030-s27,kp-030,27,7068672,0.5,0.056
kp-030-s27,kp-030,27,7099392,0.49,0.056
kp-030-s27,kp-030,27,7130112,0.43,0.056
kp-030-s27,kp-030,27,7160832,0.51,0.056
kp-030-s27,kp-030,27,7191552,0.59,0.023
kp-030-s27,kp-030,27,7222272,0.51,0.062
kp-030-s27,kp-030,27,7252992,0.52,0.062
kp-030-s27,kp-030,27,7283712,0.63,0.029
kp-030-s27,kp-030,27,7314432,0.46,0.068
kp-030-s27,kp-030,27,7345152,0.48,0.05
kp-030-s27,kp-030,27,7375872,0.5,0.05
kp-030-s27,kp-030,27,7406592,0.54,0.047
kp-030-s27,kp-030,27,7437312,0.38,0.08
kp-030-s27,kp-030,27,7468032,0.53,0.077
kp-030-s27,kp-030,27,7498752,0.59,0.032
kp-030-s27,kp-030,27,7529472,0.57,0.032
kp-030-s27,kp-030,27,7560192,0.44,0.071
kp-030-s27,kp-030,27,7590912,0.49,0.071
kp-030-s27,kp-030,27,7621632,0.48,0.077
kp-030-s27,kp-030,27,7652352,0.41,0.077
kp-030-s27,kp-030,27,7683072,0.54,0.041
kp-030-s27,kp-030,27,7713792,0.53,0.074
kp-030-s27,kp-030,27,7744512,0.44,0.074
kp-030-s27,kp-030,27,7775232,0.52,0.065
kp-030-s27,kp-030,27,7805952,0.47,0.065
kp-030-s27,kp-030,27,7836672,0.44,0.065
kp-030-s27,kp-030,27,7867392,0.58,0.053
kp-030-s27,kp-030,27,7898112,0.47,0.053
kp-030-s27,kp-030,27,7928832,0.5,0.059
kp-030-s27,kp-030,27,7959552,0.5,0.059
kp-030-s27,kp-030,27,7990272,0.41,0.095
kp-030-s27,kp-030,27,8020992,0.46,0.095
kp-030-s27,kp-030,27,8051712,0.56,0.053
kp-030-s27,kp-030,27,8082432,0.51,0.05
kp-030-s27,kp-030,27,8113152,0.54,0.053
kp-030-s27,kp-030,27,8143872,0.45,0.101
kp-030-s27,kp-030,27,8174592,0.61,0.05
kp-030-s27,kp-030,27,8205312,0.54,0.032
kp-030-s27,kp-030,27,8236032,0.57,0.053
kp-030-s27,kp-030,27,8266752,0.44,0.092
kp-030-s27,kp-030,27,8297472,0.5,0.056
kp-030-s27,kp-030,27,8328192,0.43,0.092
kp-030-s27,kp-030,27,8358912,0.5,0.092
kp-030-s27,kp-030,27,8389632,0.46,0.092
kp-030-s27,kp-030,27,8420352,0.51,0.092
kp-030-s27,kp-030,27,8451072,0.55,0.092
kp-030-s27,kp-030,27,8481792,0.52,0.092
kp-030-s27,kp-030,27,8512512,0.45,0.092
kp-030-s27,kp-030,27,8543232,0.55,0.059
kp-030-s27,kp-030,27,8573952,0.47,0.077
kp-030-s27,kp-030,27,8604672,0.57,0.077
kp-030-s27,kp-030,27,8635392,0.5,0.077
kp-030-s27,kp-030,27,8666112,0.41,0.11
kp-030-s27,kp-030,27,8696832,0.47,0.11
kp-030-s27,kp-030,27,8727552,0.53,0.11
kp-030-s27,kp-030,27,8758272,0.56,0.074
kp-030-s27,kp-030,27,8788992,0.4,0.107
kp-030-s27,kp-030,27,8819712,0.47,0.107
kp-030-s27,kp-030,27,8850432,0.49,0.107
kp-030-s27,kp-030,27,8881152,0.5,0.107
kp-030-s27,kp-030,27,8911872,0.51,0.065
kp-030-s27,kp-030,27,8942592,0.42,0.107
kp-030-s27,kp-030,27,8973312,0.45,0.107
kp-030-s27,kp-030,27,9004032,0.45,0.107
kp-030-s27,kp-030,27,9034752,0.45,0.092
kp-030-s27,kp-030,27,9065472,0.56,0.092
kp-030-s27,kp-030,27,9096192,0.54,0.056
kp-030-s27,kp-030,27,9126912,0.48,0.098
kp-030-s27,kp-030,27,9157632,0.55,0.098
kp-030-s27,kp-030,27,9188352,0.44,0.098
kp-030-s27,kp-030,27,9219072,0.59,0.098
kp-030-s27,kp-030,27,9249792,0.56,0.098
kp-030-s27,kp-030,27,9280512,0.44,0.098
kp-030-s27,kp-030,27,9311232,0.47,0.092
kp-030-s27,kp-030,27,9341952,0.53,0.092
kp-030-s27,kp-030,27,9372672,0.59,0.092
kp-030-s27,kp-030,27,9403392,0.5,0.092
kp-030-s27,kp-030,27,9434112,0.45,0.098
kp-030-s27,kp-030,27,9464832,0.44,0.098
kp-030-s27,kp-030,27,9495552,0.46,0.062
kp-030-s27,kp-030,27,9526272,0.5,0.095
kp-030-s27,kp-030,27,9556992,0.62,0.095
kp-030-s27,kp-030,27,9587712,0.47,0.119
kp-030-s27,kp-030,27,9618432,0.53,0.083
kp-030-s27,kp-030,27,9649152,0.44,0.116
kp-030-s27,kp-030,27,9679872,0.54,0.083
kp-030-s27,kp-030,27,9710592,0.48,0.128
kp-030-s27,kp-030,27,9741312,0.48,0.131
kp-030-s27,kp-030,27,9772032,0.63,0.095
kp-030-s27,kp-030,27,9802752,0.5,0.116
kp-030-s27,kp-030,27,9833472,0.5,0.083
kp-030-s27,kp-030,27,9864192,0.43,0.122
kp-030-s27,kp-030,27,9894912,0.46,0.116
kp-030-s27,kp-030,27,9925632,0.57,0.116
kp-030-s27,kp-030,27,9956352,0.58,0.08
kp-030-s27,kp-030,27,9987072,0.47,0.08
kp-030-s27,kp-030,27,10017792,0.41,0.125
kp-030-s27,kp-030,27,10048512,0.5,0.125
kp-030-s27,kp-030,27,10079232,0.45,0.122
kp-030-s27,kp-030,27,10109952,0.54,0.086
kp-030-s27,kp-030,27,10140672,0.58,0.086
kp-030-s27,kp-030,27,10171392,0.56,0.086
kp-030-s27,kp-030,27,10202112,0.42,0.128
kp-030-s27,kp-030,27,10232832,0.5,0.092
kp-030-s27,kp-030,27,10263552,0.56,0.089
kp-030-s27,kp-030,27,10294272,0.57,0.089
kp-030-s27,kp-030,27,10324992,0.52,0.089
kp-030-s27,kp-030,27,10355712,0.48,0.101
kp-030-s27,kp-030,27,10386432,0.5,0.101
kp-030-s27,kp-030,27,10417152,0.63,0.101
kp-030-s27,kp-030,27,10447872,0.47,0.107
kp-030-s27,kp-030,27,10478592,0.49,0.107
kp-030-s27,kp-030,27,10509312,0.53,0.107
kp-030-s27,kp-030,27,10540032,0.53,0.107
kp-030-s27,kp-030,27,10570752,0.56,0.107
kp-030-s27,kp-030,27,10601472,0.59,0.107
kp-030-s27,kp-030,27,10632192,0.52,0.107
kp-030-s27,kp-030,27,10662912,0.5,0.107
kp-030-s27,kp-030,27,10693632,0.51,0.107
kp-030-s27,kp-030,27,10724352,0.59,0.104
kp-030-s27,kp-030,27,10755072,0.53,0.104
kp-030-s27,kp-030,27,10785792,0.52,0.11
kp-030-s27,kp-030,27,10816512,0.46,0.11
kp-030-s27,kp-030,27,10847232,0.58,0.11
kp-030-s27,kp-030,27,10877952,0.46,0.146
kp-030-s27,kp-030,27,10908672,0.4,0.146
kp-030-s27,kp-030,27,10939392,0.5,0.146
kp-030-s27,kp-030,27,10970112,0.48,0.146
kp-030-s27,kp-030,27,11000832,0.43,0.146
kp-030-s27,kp-030,27,11031552,0.55,0.11
kp-030-s27,kp-030,27,11062272,0.54,0.11
kp-030-s27,kp-030,27,11092992,0.53,0.11
kp-030-s27,kp-030,27,11123712,0.43,0.11
kp-030-s27,kp-030,27,11154432,0.55,0.092
kp-030-s27,kp-030,27,11185152,0.55,0.092
kp-030-s27,kp-030,27,11215872,0.52,0.128
kp-030-s27,kp-030,27,11246592,0.49,0.128
kp-030-s27,kp-030,27,11277312,0.49,0.128
kp-030-s27,kp-030,27,11308032,0.59,0.128
kp-030-s27,kp-030,27,11338752,0.45,0.161
kp-030-s27,kp-030,27,11369472,0.5,0.119
kp-030-s27,kp-030,27,11400192,0.62,0.119
kp-030-s27,kp-030,27,11430912,0.52,0.116
kp-030-s27,kp-030,27,11461632,0.47,0.152
kp-030-s27,kp-030,27,11492352,0.4,0.152
kp-030-s27,kp-030,27,11523072,0.51,0.152
kp-030-s27,kp-030,27,11553792,0.44,0.152
kp-030-s27,kp-030,27,11584512,0.52,0.113
kp-030-s27,kp-030,27,11615232,0.47,0.161
kp-030-s27,kp-030,27,11645952,0.52,0.125
kp-030-s27,kp-030,27,11676672,0.55,0.14
kp-030-s27,kp-030,27,11707392,0.53,0.14
kp-030-s27,kp-030,27,11738112,0.43,0.14
kp-030-s27,kp-030,27,11768832,0.45,0.14
kp-030-s27,kp-030,27,11799552,0.56,0.14
kp-030-s27,kp-030,27,11830272,0.54,0.14
kp-030-s27,kp-030,27,11860992,0.43,0.14
kp-030-s27,kp-030,27,11891712,0.53,0.107
kp-030-s27,kp-030,27,11922432,0.59,0.101
kp-030-s27,kp-030,27,11953152,0.47,0.134
kp-030-s27,kp-030,27,11983872,0.64,0.134
kp-030-s27,kp-030,27,12014592,0.52,0.137
kp-030-s27,kp-030,27,12045312,0.36,0.173
kp-030-s27,kp-030,27,12076032,0.52,0.131
kp-030-s27,kp-030,27,12106752,0.5,0.173
kp-030-s27,kp-030,27,12137472,0.54,0.137
kp-030-s27,kp-030,27,12168192,0.63,0.101
kp-030-s27,kp-030,27,12198912,0.46,0.14
kp-030-s27,kp-030,27,12229632,0.37,0.176
kp-030-s27,kp-030,27,12260352,0.54,0.167
kp-030-s27,kp-030,27,12291072,0.44,0.167
kp-030-s27,kp-030,27,12321792,0.48,0.167
kp-030-s27,kp-030,27,12352512,0.42,0.167
kp-030-s27,kp-030,27,12383232,0.4,0.167
kp-030-s27,kp-030,27,12413952,0.56,0.167
kp-030-s27,kp-030,27,12444672,0.57,0.128
kp-030-s27,kp-030,27,12475392,0.57,0.125
kp-030-s27,kp-030,27,12506112,0.6,0.125
kp-030-s27,kp-030,27,12536832,0.66,0.161
kp-030-s27,kp-030,27,12567552,0.46,0.137
kp-030-s27,kp-030,27,12598272,0.59,0.137
kp-030-s27,kp-030,27,12628992,0.51,0.137
kp-030-s27,kp-030,27,12659712,0.51,0.137
kp-030-s27,kp-030,27,12690432,0.56,0.137
kp-030-s27,kp-030,27,12721152,0.53,0.158
kp-030-s27,kp-030,27,12751872,0.46,0.155
kp-030-s27,kp-030,27,12782592,0.57,0.155
kp-030-s27,kp-030,27,12813312,0.58,0.122
kp-030-s27,kp-030,27,12844032,0.55,0.122
kp-030-s27,kp-030,27,12874752,0.46,0.203
kp-030-s27,kp-030,27,12905472,0.56,0.131
kp-030-s27,kp-030,27,12936192,0.43,0.209
kp-030-s27,kp-030,27,12966912,0.48,0.152
kp-030-s27,kp-030,27,12997632,0.56,0.152
kp-030-s27,kp-030,27,13028352,0.46,0.152
kp-030-s27,kp-030,27,13059072,0.54,0.185
kp-030-s27,kp-030,27,13089792,0.42,0.185
kp-030-s27,kp-030,27,13120512,0.52,0.14
kp-030-s27,kp-030,27,13151232,0.61,0.14
kp-030-s27,kp-030,27,13181952,0.43,0.173
kp-030-s27,kp-030,27,13212672,0.44,0.176
kp-030-s27,kp-030,27,13243392,0.54,0.176
kp-030-s27,kp-030,27,13274112,0.46,0.176
kp-030-s27,kp-030,27,13304832,0.53,0.176
kp-030-s27,kp-030,27,13335552,0.46,0.176
kp-030-s27,kp-030,27,13366272,0.58,0.176
kp-030-s27,kp-030,27,13396992,0.39,0.176
kp-030-s27,kp-030,27,13427712,0.48,0.143
kp-030-s27,kp-030,27,13458432,0.49,0.179
kp-030-s27,kp-030,27,13489152,0.44,0.179
kp-030-s27,kp-030,27,13519872,0.35,0.179
kp-030-s27,kp-030,27,13550592,0.49,0.134
kp-030-s27,kp-030,27,13581312,0.51,0.17
kp-030-s27,kp-030,27,13612032,0.59,0.17
kp-030-s27,kp-030,27,13642752,0.53,0.17
kp-030-s27,kp-030,27,13673472,0.53,0.137
kp-030-s27,kp-030,27,13704192,0.57,0.173
kp-030-s27,kp-030,27,13734912,0.46,0.173
kp-030-s27,kp-030,27,13765632,0.54,0.212
kp-030-s27,kp-030,27,13796352,0.51,0.176
kp-030-s27,kp-030,27,13827072,0.5,0.209
kp-030-s27,kp-030,27,13857792,0.42,0.176
kp-030-s27,kp-030,27,13888512,0.56,0.176
kp-030-s27,kp-030,27,13919232,0.59,0.176
kp-030-s27,kp-030,27,13949952,0.51,0.176
kp-030-s27,kp-030,27,13980672,0.55,0.179
kp-030-s27,kp-030,27,14011392,0.52,0.179
kp-030-s27,kp-030,27,14042112,0.49,0.215
kp-030-s27,kp-030,27,14072832,0.5,0.179
kp-030-s27,kp-030,27,14103552,0.52,0.185
kp-030-s27,kp-030,27,14134272,0.55,0.185
kp-030-s27,kp-030,27,14164992,0.45,0.185
kp-030-s27,kp-030,27,14195712,0.45,0.185
kp-030-s27,kp-030,27,14226432,0.49,0.185
kp-030-s27,kp-030,27,14257152,0.47,0.185
kp-030-s27,kp-030,27,14287872,0.49,0.185
kp-030-s27,kp-030,27,14318592,0.57,0.185
kp-030-s27,kp-030,27,14349312,0.53,0.185
kp-030-s27,kp-030,27,14380032,0.49,0.185
kp-030-s27,kp-030,27,14410752,0.46,0.185
kp-030-s27,kp-030,27,14441472,0.56,0.152
kp-030-s27,kp-030,27,14472192,0.43,0.2
kp-030-s27,kp-030,27,14502912,0.48,0.2
kp-030-s27,kp-030,27,14533632,0.48,0.2
kp-030-s27,kp-030,27,14564352,0.55,0.2
kp-030-s27,kp-030,27,14595072,0.44,0.2
kp-030-s27,kp-030,27,14625792,0.47,0.2
kp-030-s27,kp-030,27,14656512,0.52,0.2
kp-030-s27,kp-030,27,14687232,0.6,0.2
kp-030-s27,kp-030,27,14717952,0.42,0.2
kp-030-s27,kp-030,27,14748672,0.55,0.2
kp-030-s27,kp-030,27,14779392,0.53,0.2
kp-030-s27,kp-030,27,14810112,0.51,0.2
kp-030-s27,kp-030,27,14840832,0.53,0.2
kp-030-s27,kp-030,27,14871552,0.5,0.2
kp-030-s27,kp-030,27,14902272,0.45,0.2
kp-030-s27,kp-030,27,14932992,0.43,0.2
kp-030-s27,kp-030,27,14963712,0.59,0.2
kp-030-s27,kp-030,27,14994432,0.53,0.2
kp-030-s27,kp-030,27,14997504,0.46,0.2
