run,arm,seed,step,train_win_rate,difficulty
fix095-s27,fix095,27,4457472,0.7,-0.95
fix095-s27,fix095,27,4488192,0.67,-0.95
fix095-s27,fix095,27,4518912,0.57,-0.95
fix095-s27,fix095,27,4549632,0.56,-0.95
fix095-s27,fix095,27,4580352,0.59,-0.95
fix095-s27,fix095,27,4611072,0.64,-0.95
fix095-s27,fix095,27,4641792,0.69,-0.95
fix095-s27,fix095,27,4672512,0.59,-0.95
fix095-s27,fix095,27,4703232,0.53,-0.95
fix095-s27,fix095,27,4733952,0.53,-0.95
fix095-s27,fix095,27,4764672,0.51,-0.95
fix095-s27,fix095,27,4795392,0.58,-0.95
fix095-s27,fix095,27,4826112,0.61,-0.95
fix095-s27,fix095,27,4856832,0.66,-0.95
fix095-s27,fix095,27,4887552,0.7,-0.95
fix095-s27,fix095,27,4918272,0.64,-0.95
fix095-s27,fix095,27,4948992,0.7,-0.95
fix095-s27,fix095,27,4979712,0.7,-0.95
fix095-s27,fix095,27,5010432,0.7,-0.95
fix095-s27,fix095,27,5041152,0.6,-0.95
fix095-s27,fix095,27,5071872,0.71,-0.95
fix095-s27,fix095,27,5102592,0.62,-0.95
fix095-s27,fix095,27,5133312,0.6,-0.95
fix095-s27,fix095,27,5164032,0.65,-0.95
fix095-s27,fix095,27,5194752,0.67,-0.95
fix095-s27,fix095,27,5225472,0.68,-0.95
fix095-s27,fix095,27,5256192,0.7,-0.95
fix095-s27,fix095,27,5286912,0.72,-0.95
fix095-s27,fix095,27,5317632,0.65,-0.95
fix095-s27,fix095,27,5348352,0.73,-0.95
fix095-s27,fix095,27,5379072,0.67,-0.95
fix095-s27,fix095,27,5409792,0.69,-0.95
fix095-s27,fix095,27,5440512,0.66,-0.95
fix095-s27,fix095,27,5471232,0.71,-0.95
fix095-s27,fix095,27,5501952,0.66,-0.95
fix095-s27,fix095,27,5532672,0.74,-0.95
fix095-s27,fix095,27,5563392,0.75,-0.95
fix095-s27,fix095,27,5594112,0.67,-0.95
fix095-s27,fix095,27,5624832,0.74,-0.95
fix095-s27,fix095,27,5655552,0.67,-0.95
fix095-s27,fix095,27,5686272,0.67,-0.95
fix095-s27,fix095,27,5716992,0.77,-0.95
fix095-s27,fix095,27,5747712,0.79,-0.95
fix095-s27,fix095,27,5778432,0.71,-0.95
fix095-s27,fix095,27,5809152,0.74,-0.95
fix095-s27,fix095,27,5839872,0.79,-0.95
fix095-s27,fix095,27,5870592,0.77,-0.95
fix095-s27,fix095,27,5901312,0.73,-0.95
fix095-s27,fix095,27,5932032,0.74,-0.95
fix095-s27,fix095,27,5962752,0.74,-0.95
fix095-s27,fix095,27,5993472,0.74,-0.95
fix095-s27,fix095,27,6024192,0.7,-0.95
fix095-s27,fix095,27,6054912,0.79,-0.95
fix095-s27,fix095,27,6085632,0.69,-0.95
fix095-s27,fix095,27,6116352,0.72,-0.95
fix095-s27,fix095,27,6147072,0.78,-0.95
fix095-s27,fix095,27,6177792,0.79,-0.95
fix095-s27,fix095,27,6208512,0.72,-0.95
fix095-s27,fix095,27,6239232,0.76,-0.95
fix095-s27,fix095,27,6269952,0.8,-0.95
fix095-s27,fix095,27,6300672,0.8,-0.95
fix095-s27,fix095,27,6331392,0.77,-0.95
fix095-s27,fix095,27,6362112,0.76,-0.95
fix095-s27,fix095,27,6392832,0.78,-0.95
fix095-s27,fix095,27,6423552,0.7,-0.95
fix095-s27,fix095,27,6454272,0.79,-0.95
fix095-s27,fix095,27,6484992,0.76,-0.95
fix095-s27,fix095,27,6515712,0.74,-0.95
fix095-s27,fix095,27,6546432,0.82,-0.95
fix095-s27,fix095,27,6577152,0.76,-0.95
fix095-s27,fix095,27,6607872,0.74,-0.95
fix095-s27,fix095,27,6638592,0.75,-0.95
fix095-s27,fix095,27,6669312,0.81,-0.95
fix095-s27,fix095,27,6700032,0.79,-0.95
fix095-s27,fix095,27,6730752,0.8,-0.95
fix095-s27,fix095,27,6761472,0.75,-0.95
fix095-s27,fix095,27,6792192,0.88,-0.95
fix095-s27,fix095,27,6822912,0.83,-0.95
fix095-s27,fix095,27,6853632,0.77,-0.95
fix095-s27,fix095,27,6884352,0.82,-0.95
fix095-s27,fix095,27,6915072,0.79,-0.95
fix095-s27,fix095,27,6945792,0.76,-0.95
fix095-s27,fix095,27,6976512,0.81,-0.95
fix095-s27,fix095,27,7007232,0.82,-0.95
fix095-s27,fix095,27,7037952,0.81,-0.95
fix095-s27,fix095,27,7068672,0.83,-0.95
fix095-s27,fix095,27,7099392,0.84,-0.95
fix095-s27,fix095,27,7130112,0.83,-0.95
fix095-s27,fix095,27,7160832,0.8,-0.95
fix095-s27,fix095,27,7191552,0.8,-0.95
fix095-s27,fix095,27,7222272,0.73,-0.95
fix095-s27,fix095,27,7252992,0.76,-0.95
fix095-s27,fix095,27,7283712,0.88,-0.95
fix095-s27,fix095,27,7314432,0.79,-0.95
fix095-s27,fix095,27,7345152,0.75,-0.95
fix095-s27,fix095,27,7375872,0.78,-0.95
fix095-s27,fix095,27,7406592,0.86,-0.95
fix095-s27,fix095,27,7437312,0.83,-0.95
fix095-s27,fix095,27,7468032,0.82,-0.95
fix095-s27,fix095,27,7498752,0.82,-0.95
fix095-s27,fix095,27,7529472,0.85,-0.95
fix095-s27,fix095,27,7560192,0.8,-0.95
fix095-s27,fix095,27,7590912,0.85,-0.95
fix095-s27,fix095,27,7621632,0.8,-0.95
fix095-s27,fix095,27,7652352,0.84,-0.95
fix095-s27,fix095,27,7683072,0.81,-0.95
fix095-s27,fix095,27,7713792,0.91,-0.95
fix095-s27,fix095,27,7744512,0.89,-0.95
fix095-s27,fix095,27,7775232,0.8,-0.95
fix095-s27,fix095,27,7805952,0.83,-0.95
fix095-s27,fix095,27,7836672,0.88,-0.95
fix095-s27,fix095,27,7867392,0.86,-0.95
fix095-s27,fix095,27,7898112,0.84,-0.95
fix095-s27,fix095,27,7928832,0.8,-0.95
fix095-s27,fix095,27,7959552,0.84,-0.95
fix095-s27,fix095,27,7990272,0.8,-0.95
fix095-s27,fix095,27,8020992,0.9,-0.95
fix095-s27,fix095,27,8051712,0.85,-0.95
fix095-s27,fix095,27,8082432,0.89,-0.95
fix095-s27,fix095,27,8113152,0.86,-0.95
fix095-s27,fix095,27,8143872,0.85,-0.95
fix095-s27,fix095,27,8174592,0.83,-0.95
fix095-s27,fix095,27,8205312,0.84,-0.95
fix095-s27,fix095,27,8236032,0.87,-0.95
fix095-s27,fix095,27,8266752,0.84,-0.95
fix095-s27,fix095,27,8297472,0.84,-0.95
fix095-s27,fix095,27,8328192,0.8,-0.95
fix095-s27,fix095,27,8358912,0.87,-0.95
fix095-s27,fix095,27,8389632,0.89,-0.95
fix095-s27,fix095,27,8420352,0.9,-0.95
fix095-s27,fix095,27,8451072,0.95,-0.95
fix095-s27,fix095,27,8481792,0.84,-0.95
fix095-s27,fix095,27,8512512,0.86,-0.95
fix095-s27,fix095,27,8543232,0.83,-0.95
fix095-s27,fix095,27,8573952,0.84,-0.95
fix095-s27,fix095,27,8604672,0.86,-0.95
fix095-s27,fix095,27,8635392,0.81,-0.95
fix095-s27,fix095,27,8666112,0.86,-0.95
fix095-s27,fix095,27,8696832,0.89,-0.95
fix095-s27,fix095,27,8727552,0.95,-0.95
fix095-s27,fix095,27,8758272,0.89,-0.95
fix095-s27,fix095,27,8788992,0.84,-0.95
fix095-s27,fix095,27,8819712,0.87,-0.95
fix095-s27,fix095,27,8850432,0.91,-0.95
fix095-s27,fix095,27,8881152,0.84,-0.95
fix095-s27,fix095,27,8911872,0.92,-0.95
fix095-s27,fix095,27,8942592,0.9,-0.95
fix095-s27,fix095,27,8973312,0.82,-0.95
fix095-s27,fix095,27,9004032,0.9,-0.95
fix095-s27,fix095,27,9034752,0.87,-0.95
fix095-s27,fix095,27,9065472,0.9,-0.95
fix095-s27,fix095,27,9096192,0.81,-0.95
fix095-s27,fix095,27,9126912,0.84,-0.95
fix095-s27,fix095,27,9157632,0.98,-0.95
fix095-s27,fix095,27,9188352,0.9,-0.95
fix095-s27,fix095,27,9219072,0.85,-0.95
fix095-s27,fix095,27,9249792,0.86,-0.95
fix095-s27,fix095,27,9280512,0.81,-0.95
fix095-s27,fix095,27,9311232,0.89,-0.95
fix095-s27,fix095,27,9341952,0.88,-0.95
fix095-s27,fix095,27,9372672,0.91,-0.95
fix095-s27,fix095,27,9403392,0.88,-0.95
fix095-s27,fix095,27,9434112,0.86,-0.95
fix095-s27,fix095,27,9464832,0.87,-0.95
fix095-s27,fix095,27,9495552,0.87,-0.95
fix095-s27,fix095,27,9526272,0.82,-0.95
fix095-s27,fix095,27,9556992,0.86,-0.95
fix095-s27,fix095,27,9587712,0.9,-0.95
fix095-s27,fix095,27,9618432,0.88,-0.95
fix095-s27,fix095,27,9649152,0.84,-0.95
fix095-s27,fix095,27,9679872,0.89,-0.95
fix095-s27,fix095,27,9710592,0.85,-0.95
fix095-s27,fix095,27,9741312,0.92,-0.95
fix095-s27,fix095,27,9772032,0.86,-0.95
fix095-s27,fix095,27,9802752,0.88,-0.95
fix095-s27,fix095,27,9833472,0.9,-0.95
fix095-s27,fix095,27,9864192,0.92,-0.95
fix095-s27,fix095,27,9894912,0.81,-0.95
fix095-s27,fix095,27,9925632,0.91,-0.95
fix095-s27,fix095,27,9956352,0.87,-0.95
fix095-s27,fix095,27,9987072,0.84,-0.95
fix095-s27,fix095,27,10017792,0.82,-0.95
fix095-s27,fix095,27,10048512,0.89,-0.95
fix095-s27,fix095,27,10079232,0.87,-0.95
fix095-s27,fix095,27,10109952,0.86,-0.95
fix095-s27,fix095,27,10140672,0.88,-0.95
fix095-s27,fix095,27,10171392,0.84,-0.95
fix095-s27,fix095,27,10202112,0.84,-0.95
fix095-s27,fix095,27,10232832,0.87,-0.95
fix095-s27,fix095,27,10263552,0.88,-0.95
fix095-s27,fix095,27,10294272,0.89,-0.95
fix095-s27,fix095,27,10324992,0.88,-0.95
fix095-s27,fix095,27,10355712,0.9,-0.95
fix095-s27,fix095,27,10386432,0.89,-0.95
fix095-s27,fix095,27,10417152,0.9,-0.95
fix095-s27,fix095,27,10447872,0.95,-0.95
fix095-s27,fix095,27,10478592,0.86,-0.95
fix095-s27,fix095,27,10509312,0.92,-0.95
fix095-s27,fix095,27,10540032,0.92,-0.95
fix095-s27,fix095,27,10570752,0.91,-0.95
fix095-s27,fix095,27,10601472,0.86,-0.95
fix095-s27,fix095,27,10632192,0.94,-0.95
fix095-s27,fix095,27,10662912,0.88,-0.95
fix095-s27,fix095,27,10693632,0.82,-0.95
fix095-s27,fix095,27,10724352,0.92,-0.95
fix095-s27,fix095,27,10755072,0.89,-0.95
fix095-s27,fix095,27,10785792,0.83,-0.95
fix095-s27,fix095,27,10816512,0.88,-0.95
fix095-s27,fix095,27,10847232,0.9,-0.95
fix095-s27,fix095,27,10877952,0.9,-0.95
fix095-s27,fix095,27,10908672,0.9,-0.95
fix095-s27,fix095,27,10939392,0.9,-0.95
fix095-s27,fix095,27,10970112,0.92,-0.95
fix095-s27,fix095,27,11000832,0.9,-0.95
fix095-s27,fix095,27,11031552,0.92,-0.95
fix095-s27,fix095,27,11062272,0.94,-0.95
fix095-s27,fix095,27,11092992,0.87,-0.95
fix095-s27,fix095,27,11123712,0.93,-0.95
fix095-s27,fix095,27,11154432,0.87,-0.95
fix095-s27,fix095,27,11185152,0.85,-0.95
fix095-s27,fix095,27,11215872,0.87,-0.95
fix095-s27,fix095,27,11246592,0.89,-0.95
fix095-s27,fix095,27,11277312,0.87,-0.95
fix095-s27,fix095,27,11308032,0.9,-0.95
fix095-s27,fix095,27,11338752,0.86,-0.95
fix095-s27,fix095,27,11369472,0.94,-0.95
fix095-s27,fix095,27,11400192,0.91,-0.95
fix095-s27,fix095,27,11430912,0.92,-0.95
fix095-s27,fix095,27,11461632,0.86,-0.95
fix095-s27,fix095,27,11492352,0.88,-0.95
fix095-s27,fix095,27,11523072,0.88,-0.95
fix095-s27,fix095,27,11553792,0.89,-0.95
fix095-s27,fix095,27,11584512,0.91,-0.95
fix095-s27,fix095,27,11615232,0.86,-0.95
fix095-s27,fix095,27,11645952,0.86,-0.95
fix095-s27,fix095,27,11676672,0.9,-0.95
fix095-s27,fix095,27,11707392,0.88,-0.95
fix095-s27,fix095,27,11738112,0.93,-0.95
fix095-s27,fix095,27,11768832,0.9,-0.95
fix095-s27,fix095,27,11799552,0.84,-0.95
fix095-s27,fix095,27,11830272,0.86,-0.95
fix095-s27,fix095,27,11860992,0.84,-0.95
fix095-s27,fix095,27,11891712,0.9,-0.95
fix095-s27,fix095,27,11922432,0.87,-0.95
fix095-s27,fix095,27,11953152,0.91,-0.95
fix095-s27,fix095,27,11983872,0.9,-0.95
fix095-s27,fix095,27,12014592,0.92,-0.95
fix095-s27,fix095,27,12045312,0.88,-0.95
fix095-s27,fix095,27,12076032,0.9,-0.95
fix095-s27,fix095,27,12106752,0.9,-0.95
fix095-s27,fix095,27,12137472,0.91,-0.95
fix095-s27,fix095,27,12168192,0.9,-0.95
fix095-s27,fix095,27,12198912,0.92,-0.95
fix095-s27,fix095,27,12229632,0.92,-0.95
fix095-s27,fix095,27,12260352,0.89,-0.95
fix095-s27,fix095,27,12291072,0.89,-0.95
fix095-s27,fix095,27,12321792,0.91,-0.95
fix095-s27,fix095,27,12352512,0.86,-0.95
fix095-s27,fix095,27,12383232,0.96,-0.95
fix095-s27,fix095,27,12413952,0.87,-0.95
fix095-s27,fix095,27,12444672,0.91,-0.95
fix095-s27,fix095,27,12475392,0.89,-0.95
fix095-s27,fix095,27,12506112,0.95,-0.95
fix095-s27,fix095,27,12536832,0.94,-0.95
fix095-s27,fix095,27,12567552,0.87,-0.95
fix095-s27,fix095,27,12598272,0.9,-0.95
fix095-s27,fix095,27,12628992,0.9,-0.95
fix095-s27,fix095,27,12659712,0.92,-0.95
fix095-s27,fix095,27,12690432,0.89,-0.95
fix095-s27,fix095,27,12721152,0.91,-0.95
fix095-s27,fix095,27,12751872,0.91,-0.95
fix095-s27,fix095,27,12782592,0.9,-0.95
fix095-s27,fix095,27,12813312,0.88,-0.95
fix095-s27,fix095,27,12844032,0.87,-0.95
fix095-s27,fix095,27,12874752,0.9,-0.95
fix095-s27,fix095,27,12905472,0.88,-0.95
fix095-s27,fix095,27,12936192,0.93,-0.95
fix095-s27,fix095,27,12966912,0.95,-0.95
fix095-s27,fix095,27,12997632,0.94,-0.95
fix095-s27,fix095,27,13028352,0.91,-0.95
fix095-s27,fix095,27,13059072,0.91,-0.95
fix095-s27,fix095,27,13089792,0.91,-0.95
fix095-s27,fix095,27,13120512,0.91,-0.95
fix095-s27,fix095,27,13151232,0.91,-0.95
fix095-s27,fix095,27,13181952,0.93,-0.95
fix095-s27,fix095,27,13212672,0.87,-0.95
fix095-s27,fix095,27,13243392,0.9,-0.95
fix095-s27,fix095,27,13274112,0.92,-0.95
fix095-s27,fix095,27,13304832,0.95,-0.95
fix095-s27,fix095,27,13335552,0.92,-0.95
fix095-s27,fix095,27,13366272,0.94,-0.95
fix095-s27,fix095,27,13396992,0.92,-0.95
fix095-s27,fix095,27,13427712,0.94,-0.95
fix095-s27,fix095,27,13458432,0.93,-0.95
fix095-s27,fix095,27,13489152,0.93,-0.95
fix095-s27,fix095,27,13519872,0.92,-0.95
fix095-s27,fix095,27,13550592,0.93,-0.95
fix095-s27,fix095,27,13581312,0.96,-0.95
fix095-s27,fix095,27,13612032,0.9,-0.95
fix095-s27,fix095,27,13642752,0.91,-0.95
fix095-s27,fix095,27,13673472,0.94,-0.95
fix095-s27,fix095,27,13704192,0.97,-0.95
fix095-s27,fix095,27,13734912,0.91,-0.95
fix095-s27,fix095,27,13765632,0.91,-0.95
fix095-s27,fix095,27,13796352,0.9,-0.95
fix095-s27,fix095,27,13827072,0.96,-0.95
fix095-s27,fix095,27,13857792,0.96,-0.95
fix095-s27,fix095,27,13888512,0.97,-0.95
fix095-s27,fix095,27,13919232,0.92,-0.95
fix095-s27,fix095,27,13949952,0.9,-0.95
fix095-s27,fix095,27,13980672,0.95,-0.95
fix095-s27,fix095,27,14011392,0.95,-0.95
fix095-s27,fix095,27,14042112,0.93,-0.95
fix095-s27,fix095,27,14072832,0.97,-0.95
fix095-s27,fix095,27,14103552,0.92,-0.95
fix095-s27,fix095,27,14134272,0.98,-0.95
fix095-s27,fix095,27,14164992,0.9,-0.95
fix095-s27,fix095,27,14195712,0.93,-0.95
fix095-s27,fix095,27,14226432,0.93,-0.95
fix095-s27,fix095,27,14257152,0.94,-0.95
fix095-s27,fix095,27,14287872,0.96,-0.95
fix095-s27,fix095,27,14318592,0.92,-0.95
fix095-s27,fix095,27,14349312,0.92,-0.95
fix095-s27,fix095,27,14380032,0.93,-0.95
fix095-s27,fix095,27,14410752,0.95,-0.95
fix095-s27,fix095,27,14441472,0.93,-0.95
fix095-s27,fix095,27,14472192,0.9,-0.95
fix095-s27,fix095,27,14502912,0.92,-0.95
fix095-s27,fix095,27,14533632,0.93,-0.95
fix095-s27,fix095,27,14564352,0.95,-0.95
fix095-s27,fix095,27,14595072,0.92,-0.95
fix095-s27,fix095,27,14625792,0.96,-0.95
fix095-s27,fix095,27,14656512,0.93,-0.95
fix095-s27,fix095,27,14687232,0.96,-0.95
fix095-s27,fix095,27,14717952,0.95,-0.95
fix095-s27,fix095,27,14748672,0.97,-0.95
fix095-s27,fix095,27,14779392,0.96,-0.95
fix095-s27,fix095,27,14810112,0.97,-0.95
fix095-s27,fix095,27,14840832,0.94,-0.95
fix095-s27,fix095,27,14871552,0.97,-0.95
fix095-s27,fix095,27,14902272,0.96,-0.95
fix095-s27,fix095,27,14932992,0.97,-0.95
fix095-s27,fix095,27,14963712,0.98,-0.95
fix095-s27,fix095,27,14994432,0.95,-0.95
fix095-s27,fix095,27,14997504,0.93,-0.95
fix095-s28,fix095,28,4457472,0.71,-0.95
fix095-s28,fix095,28,4488192,0.6,-0.95
fix095-s28,fix095,28,4518912,0.48,-0.95
fix095-s28,fix095,28,4549632,0.64,-0.95
fix095-s28,fix095,28,4580352,0.63,-0.95
fix095-s28,fix095,28,4611072,0.58,-0.95
fix095-s28,fix095,28,4641792,0.62,-0.95
fix095-s28,fix095,28,4672512,0.59,-0.95
fix095-s28,fix095,28,4703232,0.59,-0.95
fix095-s28,fix095,28,4733952,0.72,-0.95
fix095-s28,fix095,28,4764672,0.71,-0.95
fix095-s28,fix095,28,4795392,0.6,-0.95
fix095-s28,fix095,28,4826112,0.61,-0.95
fix095-s28,fix095,28,4856832,0.67,-0.95
fix095-s28,fix095,28,4887552,0.58,-0.95
fix095-s28,fix095,28,4918272,0.64,-0.95
fix095-s28,fix095,28,4948992,0.67,-0.95
fix095-s28,fix095,28,4979712,0.67,-0.95
fix095-s28,fix095,28,5010432,0.68,-0.95
fix095-s28,fix095,28,5041152,0.65,-0.95
fix095-s28,fix095,28,5071872,0.75,-0.95
fix095-s28,fix095,28,5102592,0.67,-0.95
fix095-s28,fix095,28,5133312,0.63,-0.95
fix095-s28,fix095,28,5164032,0.67,-0.95
fix095-s28,fix095,28,5194752,0.69,-0.95
fix095-s28,fix095,28,5225472,0.78,-0.95
fix095-s28,fix095,28,5256192,0.75,-0.95
fix095-s28,fix095,28,5286912,0.66,-0.95
fix095-s28,fix095,28,5317632,0.55,-0.95
fix095-s28,fix095,28,5348352,0.8,-0.95
fix095-s28,fix095,28,5379072,0.63,-0.95
fix095-s28,fix095,28,5409792,0.73,-0.95
fix095-s28,fix095,28,5440512,0.72,-0.95
fix095-s28,fix095,28,5471232,0.65,-0.95
fix095-s28,fix095,28,5501952,0.6,-0.95
fix095-s28,fix095,28,5532672,0.73,-0.95
fix095-s28,fix095,28,5563392,0.68,-0.95
fix095-s28,fix095,28,5594112,0.7,-0.95
fix095-s28,fix095,28,5624832,0.72,-0.95
fix095-s28,fix095,28,5655552,0.69,-0.95
fix095-s28,fix095,28,5686272,0.73,-0.95
fix095-s28,fix095,28,5716992,0.72,-0.95
fix095-s28,fix095,28,5747712,0.57,-0.95
fix095-s28,fix095,28,5778432,0.78,-0.95
fix095-s28,fix095,28,5809152,0.71,-0.95
fix095-s28,fix095,28,5839872,0.69,-0.95
fix095-s28,fix095,28,5870592,0.77,-0.95
fix095-s28,fix095,28,5901312,0.8,-0.95
fix095-s28,fix095,28,5932032,0.79,-0.95
fix095-s28,fix095,28,5962752,0.66,-0.95
fix095-s28,fix095,28,5993472,0.81,-0.95
fix095-s28,fix095,28,6024192,0.75,-0.95
fix095-s28,fix095,28,6054912,0.68,-0.95
fix095-s28,fix095,28,6085632,0.77,-0.95
fix095-s28,fix095,28,6116352,0.73,-0.95
fix095-s28,fix095,28,6147072,0.74,-0.95
fix095-s28,fix095,28,6177792,0.75,-0.95
fix095-s28,fix095,28,6208512,0.72,-0.95
fix095-s28,fix095,28,6239232,0.88,-0.95
fix095-s28,fix095,28,6269952,0.72,-0.95
fix095-s28,fix095,28,6300672,0.83,-0.95
fix095-s28,fix095,28,6331392,0.72,-0.95
fix095-s28,fix095,28,6362112,0.74,-0.95
fix095-s28,fix095,28,6392832,0.85,-0.95
fix095-s28,fix095,28,6423552,0.7,-0.95
fix095-s28,fix095,28,6454272,0.74,-0.95
fix095-s28,fix095,28,6484992,0.69,-0.95
fix095-s28,fix095,28,6515712,0.79,-0.95
fix095-s28,fix095,28,6546432,0.79,-0.95
fix095-s28,fix095,28,6577152,0.77,-0.95
fix095-s28,fix095,28,6607872,0.69,-0.95
fix095-s28,fix095,28,6638592,0.74,-0.95
fix095-s28,fix095,28,6669312,0.81,-0.95
fix095-s28,fix095,28,6700032,0.78,-0.95
fix095-s28,fix095,28,6730752,0.8,-0.95
fix095-s28,fix095,28,6761472,0.76,-0.95
fix095-s28,fix095,28,6792192,0.81,-0.95
fix095-s28,fix095,28,6822912,0.8,-0.95
fix095-s28,fix095,28,6853632,0.84,-0.95
fix095-s28,fix095,28,6884352,0.71,-0.95
fix095-s28,fix095,28,6915072,0.78,-0.95
fix095-s28,fix095,28,6945792,0.82,-0.95
fix095-s28,fix095,28,6976512,0.74,-0.95
fix095-s28,fix095,28,7007232,0.85,-0.95
fix095-s28,fix095,28,7037952,0.77,-0.95
fix095-s28,fix095,28,7068672,0.77,-0.95
fix095-s28,fix095,28,7099392,0.77,-0.95
fix095-s28,fix095,28,7130112,0.89,-0.95
fix095-s28,fix095,28,7160832,0.71,-0.95
fix095-s28,fix095,28,7191552,0.76,-0.95
fix095-s28,fix095,28,7222272,0.74,-0.95
fix095-s28,fix095,28,7252992,0.81,-0.95
fix095-s28,fix095,28,7283712,0.82,-0.95
fix095-s28,fix095,28,7314432,0.89,-0.95
fix095-s28,fix095,28,7345152,0.79,-0.95
fix095-s28,fix095,28,7375872,0.76,-0.95
fix095-s28,fix095,28,7406592,0.74,-0.95
fix095-s28,fix095,28,7437312,0.78,-0.95
fix095-s28,fix095,28,7468032,0.86,-0.95
fix095-s28,fix095,28,7498752,0.83,-0.95
fix095-s28,fix095,28,7529472,0.84,-0.95
fix095-s28,fix095,28,7560192,0.84,-0.95
fix095-s28,fix095,28,7590912,0.72,-0.95
fix095-s28,fix095,28,7621632,0.85,-0.95
fix095-s28,fix095,28,7652352,0.82,-0.95
fix095-s28,fix095,28,7683072,0.87,-0.95
fix095-s28,fix095,28,7713792,0.8,-0.95
fix095-s28,fix095,28,7744512,0.88,-0.95
fix095-s28,fix095,28,7775232,0.9,-0.95
fix095-s28,fix095,28,7805952,0.76,-0.95
fix095-s28,fix095,28,7836672,0.88,-0.95
fix095-s28,fix095,28,7867392,0.81,-0.95
fix095-s28,fix095,28,7898112,0.82,-0.95
fix095-s28,fix095,28,7928832,0.89,-0.95
fix095-s28,fix095,28,7959552,0.89,-0.95
fix095-s28,fix095,28,7990272,0.84,-0.95
fix095-s28,fix095,28,8020992,0.88,-0.95
fix095-s28,fix095,28,8051712,0.85,-0.95
fix095-s28,fix095,28,8082432,0.84,-0.95
fix095-s28,fix095,28,8113152,0.83,-0.95
fix095-s28,fix095,28,8143872,0.85,-0.95
fix095-s28,fix095,28,8174592,0.85,-0.95
fix095-s28,fix095,28,8205312,0.91,-0.95
fix095-s28,fix095,28,8236032,0.86,-0.95
fix095-s28,fix095,28,8266752,0.76,-0.95
fix095-s28,fix095,28,8297472,0.84,-0.95
fix095-s28,fix095,28,8328192,0.87,-0.95
fix095-s28,fix095,28,8358912,0.82,-0.95
fix095-s28,fix095,28,8389632,0.81,-0.95
fix095-s28,fix095,28,8420352,0.88,-0.95
fix095-s28,fix095,28,8451072,0.84,-0.95
fix095-s28,fix095,28,8481792,0.87,-0.95
fix095-s28,fix095,28,8512512,0.9,-0.95
fix095-s28,fix095,28,8543232,0.89,-0.95
fix095-s28,fix095,28,8573952,0.84,-0.95
fix095-s28,fix095,28,8604672,0.88,-0.95
fix095-s28,fix095,28,8635392,0.87,-0.95
fix095-s28,fix095,28,8666112,0.87,-0.95
fix095-s28,fix095,28,8696832,0.82,-0.95
fix095-s28,fix095,28,8727552,0.8,-0.95
fix095-s28,fix095,28,8758272,0.88,-0.95
fix095-s28,fix095,28,8788992,0.87,-0.95
fix095-s28,fix095,28,8819712,0.89,-0.95
fix095-s28,fix095,28,8850432,0.87,-0.95
fix095-s28,fix095,28,8881152,0.89,-0.95
fix095-s28,fix095,28,8911872,0.83,-0.95
fix095-s28,fix095,28,8942592,0.88,-0.95
fix095-s28,fix095,28,8973312,0.87,-0.95
fix095-s28,fix095,28,9004032,0.86,-0.95
fix095-s28,fix095,28,9034752,0.86,-0.95
fix095-s28,fix095,28,9065472,0.9,-0.95
fix095-s28,fix095,28,9096192,0.88,-0.95
fix095-s28,fix095,28,9126912,0.86,-0.95
fix095-s28,fix095,28,9157632,0.95,-0.95
fix095-s28,fix095,28,9188352,0.9,-0.95
fix095-s28,fix095,28,9219072,0.87,-0.95
fix095-s28,fix095,28,9249792,0.8,-0.95
fix095-s28,fix095,28,9280512,0.93,-0.95
fix095-s28,fix095,28,9311232,0.86,-0.95
fix095-s28,fix095,28,9341952,0.87,-0.95
fix095-s28,fix095,28,9372672,0.9,-0.95
fix095-s28,fix095,28,9403392,0.86,-0.95
fix095-s28,fix095,28,9434112,0.81,-0.95
fix095-s28,fix095,28,9464832,0.79,-0.95
fix095-s28,fix095,28,9495552,0.87,-0.95
fix095-s28,fix095,28,9526272,0.85,-0.95
fix095-s28,fix095,28,9556992,0.86,-0.95
fix095-s28,fix095,28,9587712,0.89,-0.95
fix095-s28,fix095,28,9618432,0.89,-0.95
fix095-s28,fix095,28,9649152,0.9,-0.95
fix095-s28,fix095,28,9679872,0.83,-0.95
fix095-s28,fix095,28,9710592,0.86,-0.95
fix095-s28,fix095,28,9741312,0.89,-0.95
fix095-s28,fix095,28,9772032,0.87,-0.95
fix095-s28,fix095,28,9802752,0.92,-0.95
fix095-s28,fix095,28,9833472,0.9,-0.95
fix095-s28,fix095,28,9864192,0.87,-0.95
fix095-s28,fix095,28,9894912,0.83,-0.95
fix095-s28,fix095,28,9925632,0.92,-0.95
fix095-s28,fix095,28,9956352,0.85,-0.95
fix095-s28,fix095,28,9987072,0.87,-0.95
fix095-s28,fix095,28,10017792,0.89,-0.95
fix095-s28,fix095,28,10048512,0.92,-0.95
fix095-s28,fix095,28,10079232,0.85,-0.95
fix095-s28,fix095,28,10109952,0.89,-0.95
fix095-s28,fix095,28,10140672,0.92,-0.95
fix095-s28,fix095,28,10171392,0.87,-0.95
fix095-s28,fix095,28,10202112,0.93,-0.95
fix095-s28,fix095,28,10232832,0.89,-0.95
fix095-s28,fix095,28,10263552,0.86,-0.95
fix095-s28,fix095,28,10294272,0.92,-0.95
fix095-s28,fix095,28,10324992,0.91,-0.95
fix095-s28,fix095,28,10355712,0.88,-0.95
fix095-s28,fix095,28,10386432,0.85,-0.95
fix095-s28,fix095,28,10417152,0.9,-0.95
fix095-s28,fix095,28,10447872,0.94,-0.95
fix095-s28,fix095,28,10478592,0.88,-0.95
fix095-s28,fix095,28,10509312,0.92,-0.95
fix095-s28,fix095,28,10540032,0.87,-0.95
fix095-s28,fix095,28,10570752,0.94,-0.95
fix095-s28,fix095,28,10601472,0.89,-0.95
fix095-s28,fix095,28,10632192,0.93,-0.95
fix095-s28,fix095,28,10662912,0.93,-0.95
fix095-s28,fix095,28,10693632,0.93,-0.95
fix095-s28,fix095,28,10724352,0.9,-0.95
fix095-s28,fix095,28,10755072,0.95,-0.95
fix095-s28,fix095,28,10785792,0.85,-0.95
fix095-s28,fix095,28,10816512,0.95,-0.95
fix095-s28,fix095,28,10847232,0.88,-0.95
fix095-s28,fix095,28,10877952,0.86,-0.95
fix095-s28,fix095,28,10908672,0.88,-0.95
fix095-s28,fix095,28,10939392,0.87,-0.95
fix095-s28,fix095,28,10970112,0.91,-0.95
fix095-s28,fix095,28,11000832,0.84,-0.95
fix095-s28,fix095,28,11031552,0.87,-0.95
fix095-s28,fix095,28,11062272,0.91,-0.95
fix095-s28,fix095,28,11092992,0.88,-0.95
fix095-s28,fix095,28,11123712,0.87,-0.95
fix095-s28,fix095,28,11154432,0.91,-0.95
fix095-s28,fix095,28,11185152,0.9,-0.95
fix095-s28,fix095,28,11215872,0.82,-0.95
fix095-s28,fix095,28,11246592,0.96,-0.95
fix095-s28,fix095,28,11277312,0.95,-0.95
fix095-s28,fix095,28,11308032,0.88,-0.95
fix095-s28,fix095,28,11338752,0.87,-0.95
fix095-s28,fix095,28,11369472,0.96,-0.95
fix095-s28,fix095,28,11400192,0.88,-0.95
fix095-s28,fix095,28,11430912,0.91,-0.95
fix095-s28,fix095,28,11461632,0.92,-0.95
fix095-s28,fix095,28,11492352,0.91,-0.95
fix095-s28,fix095,28,11523072,0.92,-0.95
fix095-s28,fix095,28,11553792,0.85,-0.95
fix095-s28,fix095,28,11584512,0.91,-0.95
fix095-s28,fix095,28,11615232,0.88,-0.95
fix095-s28,fix095,28,11645952,0.94,-0.95
fix095-s28,fix095,28,11676672,0.91,-0.95
fix095-s28,fix095,28,11707392,0.87,-0.95
fix095-s28,fix095,28,11738112,0.92,-0.95
fix095-s28,fix095,28,11768832,0.92,-0.95
fix095-s28,fix095,28,11799552,0.87,-0.95
fix095-s28,fix095,28,11830272,0.94,-0.95
fix095-s28,fix095,28,11860992,0.95,-0.95
fix095-s28,fix095,28,11891712,0.88,-0.95
fix095-s28,fix095,28,11922432,0.91,-0.95
fix095-s28,fix095,28,11953152,0.88,-0.95
fix095-s28,fix095,28,11983872,0.9,-0.95
fix095-s28,fix095,28,12014592,0.82,-0.95
fix095-s28,fix095,28,12045312,0.95,-0.95
fix095-s28,fix095,28,12076032,0.88,-0.95
fix095-s28,fix095,28,12106752,0.95,-0.95
fix095-s28,fix095,28,12137472,0.93,-0.95
fix095-s28,fix095,28,12168192,0.9,-0.95
fix095-s28,fix095,28,12198912,0.92,-0.95
fix095-s28,fix095,28,12229632,0.87,-0.95
fix095-s28,fix095,28,12260352,0.9,-0.95
fix095-s28,fix095,28,12291072,0.92,-0.95
fix095-s28,fix095,28,12321792,0.96,-0.95
fix095-s28,fix095,28,12352512,0.99,-0.95
fix095-s28,fix095,28,12383232,0.94,-0.95
fix095-s28,fix095,28,12413952,0.91,-0.95
fix095-s28,fix095,28,12444672,0.93,-0.95
fix095-s28,fix095,28,12475392,0.91,-0.95
fix095-s28,fix095,28,12506112,0.92,-0.95
fix095-s28,fix095,28,12536832,0.91,-0.95
fix095-s28,fix095,28,12567552,0.91,-0.95
fix095-s28,fix095,28,12598272,0.91,-0.95
fix095-s28,fix095,28,12628992,0.9,-0.95
fix095-s28,fix095,28,12659712,0.93,-0.95
fix095-s28,fix095,28,12690432,0.92,-0.95
fix095-s28,fix095,28,12721152,0.9,-0.95
fix095-s28,fix095,28,12751872,0.92,-0.95
fix095-s28,fix095,28,12782592,0.94,-0.95
fix095-s28,fix095,28,12813312,0.9,-0.95
fix095-s28,fix095,28,12844032,0.91,-0.95
fix095-s28,fix095,28,12874752,0.94,-0.95
fix095-s28,fix095,28,12905472,0.88,-0.95
fix095-s28,fix095,28,12936192,0.92,-0.95
fix095-s28,fix095,28,12966912,0.91,-0.95
fix095-s28,fix095,28,12997632,0.86,-0.95
fix095-s28,fix095,28,13028352,0.95,-0.95
fix095-s28,fix095,28,13059072,0.92,-0.95
fix095-s28,fix095,28,13089792,0.96,-0.95
fix095-s28,fix095,28,13120512,0.9,-0.95
fix095-s28,fix095,28,13151232,0.92,-0.95
fix095-s28,fix095,28,13181952,0.93,-0.95
fix095-s28,fix095,28,13212672,0.96,-0.95
fix095-s28,fix095,28,13243392,0.96,-0.95
fix095-s28,fix095,28,13274112,0.96,-0.95
fix095-s28,fix095,28,13304832,0.92,-0.95
fix095-s28,fix095,28,13335552,0.94,-0.95
fix095-s28,fix095,28,13366272,0.89,-0.95
fix095-s28,fix095,28,13396992,0.93,-0.95
fix095-s28,fix095,28,13427712,0.96,-0.95
fix095-s28,fix095,28,13458432,0.97,-0.95
fix095-s28,fix095,28,13489152,0.94,-0.95
fix095-s28,fix095,28,13519872,0.92,-0.95
fix095-s28,fix095,28,13550592,0.95,-0.95
fix095-s28,fix095,28,13581312,0.94,-0.95
fix095-s28,fix095,28,13612032,0.92,-0.95
fix095-s28,fix095,28,13642752,0.94,-0.95
fix095-s28,fix095,28,13673472,0.96,-0.95
fix095-s28,fix095,28,13704192,0.94,-0.95
fix095-s28,fix095,28,13734912,0.85,-0.95
fix095-s28,fix095,28,13765632,0.92,-0.95
fix095-s28,fix095,28,13796352,0.92,-0.95
fix095-s28,fix095,28,13827072,0.96,-0.95
fix095-s28,fix095,28,13857792,0.95,-0.95
fix095-s28,fix095,28,13888512,0.98,-0.95
fix095-s28,fix095,28,13919232,0.94,-0.95
fix095-s28,fix095,28,13949952,0.97,-0.95
fix095-s28,fix095,28,13980672,0.97,-0.95
fix095-s28,fix095,28,14011392,0.95,-0.95
fix095-s28,fix095,28,14042112,0.91,-0.95
fix095-s28,fix095,28,14072832,0.94,-0.95
fix095-s28,fix095,28,14103552,0.95,-0.95
fix095-s28,fix095,28,14134272,0.95,-0.95
fix095-s28,fix095,28,14164992,0.94,-0.95
fix095-s28,fix095,28,14195712,0.92,-0.95
fix095-s28,fix095,28,14226432,0.94,-0.95
fix095-s28,fix095,28,14257152,0.97,-0.95
fix095-s28,fix095,28,14287872,0.98,-0.95
fix095-s28,fix095,28,14318592,0.97,-0.95
fix095-s28,fix095,28,14349312,0.98,-0.95
fix095-s28,fix095,28,14380032,0.99,-0.95
fix095-s28,fix095,28,14410752,0.99,-0.95
fix095-s28,fix095,28,14441472,0.95,-0.95
fix095-s28,fix095,28,14472192,0.91,-0.95
fix095-s28,fix095,28,14502912,0.94,-0.95
fix095-s28,fix095,28,14533632,0.99,-0.95
fix095-s28,fix095,28,14564352,0.97,-0.95
fix095-s28,fix095,28,14595072,0.95,-0.95
fix095-s28,fix095,28,14625792,0.97,-0.95
fix095-s28,fix095,28,14656512,0.98,-0.95
fix095-s28,fix095,28,14687232,0.94,-0.95
fix095-s28,fix095,28,14717952,0.97,-0.95
fix095-s28,fix095,28,14748672,0.97,-0.95
fix095-s28,fix095,28,14779392,0.97,-0.95
fix095-s28,fix095,28,14810112,0.96,-0.95
fix095-s28,fix095,28,14840832,0.99,-0.95
fix095-s28,fix095,28,14871552,0.96,-0.95
fix095-s28,fix095,28,14902272,0.98,-0.95
fix095-s28,fix095,28,14932992,0.96,-0.95
fix095-s28,fix095,28,14963712,0.98,-0.95
fix095-s28,fix095,28,14994432,0.98,-0.95
fix095-s28,fix095,28,14997504,0.96,-0.95
c000-b1020-s28,c000-b1020,28,4457472,0.67,-1.0
c000-b1020-s28,c000-b1020,28,4488192,0.61,-0.572
c000-b1020-s28,c000-b1020,28,4518912,0.49,-0.209
c000-b1020-s28,c000-b1020,28,4549632,0.46,0.0
c000-b1020-s28,c000-b1020,28,4580352,0.36,0.0
c000-b1020-s28,c000-b1020,28,4611072,0.51,0.0
c000-b1020-s28,c000-b1020,28,4641792,0.42,0.0
c000-b1020-s28,c000-b1020,28,4672512,0.52,0.0
c000-b1020-s28,c000-b1020,28,4703232,0.5,0.0
c000-b1020-s28,c000-b1020,28,4733952,0.48,0.0
c000-b1020-s28,c000-b1020,28,4764672,0.44,0.0
c000-b1020-s28,c000-b1020,28,4795392,0.51,0.0
c000-b1020-s28,c000-b1020,28,4826112,0.49,0.0
c000-b1020-s28,c000-b1020,28,4856832,0.56,0.0
c000-b1020-s28,c000-b1020,28,4887552,0.45,0.0
c000-b1020-s28,c000-b1020,28,4918272,0.49,0.0
c000-b1020-s28,c000-b1020,28,4948992,0.46,0.0
c000-b1020-s28,c000-b1020,28,4979712,0.47,0.0
c000-b1020-s28,c000-b1020,28,5010432,0.55,0.0
c000-b1020-s28,c000-b1020,28,5041152,0.54,0.0
c000-b1020-s28,c000-b1020,28,5071872,0.5,0.0
c000-b1020-s28,c000-b1020,28,5102592,0.57,0.0
c000-b1020-s28,c000-b1020,28,5133312,0.5,0.0
c000-b1020-s28,c000-b1020,28,5164032,0.48,0.0
c000-b1020-s28,c000-b1020,28,5194752,0.55,0.0
c000-b1020-s28,c000-b1020,28,5225472,0.65,0.0
c000-b1020-s28,c000-b1020,28,5256192,0.58,0.0
c000-b1020-s28,c000-b1020,28,5286912,0.56,0.0
c000-b1020-s28,c000-b1020,28,5317632,0.65,0.0
c000-b1020-s28,c000-b1020,28,5348352,0.54,0.0
c000-b1020-s28,c000-b1020,28,5379072,0.49,0.0
c000-b1020-s28,c000-b1020,28,5409792,0.5,0.0
c000-b1020-s28,c000-b1020,28,5440512,0.56,0.0
c000-b1020-s28,c000-b1020,28,5471232,0.59,0.0
c000-b1020-s28,c000-b1020,28,5501952,0.54,0.0
c000-b1020-s28,c000-b1020,28,5532672,0.55,0.0
c000-b1020-s28,c000-b1020,28,5563392,0.65,0.0
c000-b1020-s28,c000-b1020,28,5594112,0.54,0.0
c000-b1020-s28,c000-b1020,28,5624832,0.68,0.0
c000-b1020-s28,c000-b1020,28,5655552,0.58,0.0
c000-b1020-s28,c000-b1020,28,5686272,0.57,0.0
c000-b1020-s28,c000-b1020,28,5716992,0.64,0.0
c000-b1020-s28,c000-b1020,28,5747712,0.63,0.0
c000-b1020-s28,c000-b1020,28,5778432,0.63,0.0
c000-b1020-s28,c000-b1020,28,5809152,0.53,0.0
c000-b1020-s28,c000-b1020,28,5839872,0.55,0.0
c000-b1020-s28,c000-b1020,28,5870592,0.64,0.0
c000-b1020-s28,c000-b1020,28,5901312,0.78,0.0
c000-b1020-s28,c000-b1020,28,5932032,0.63,0.0
c000-b1020-s28,c000-b1020,28,5962752,0.45,0.0
c000-b1020-s28,c000-b1020,28,5993472,0.59,0.0
c000-b1020-s28,c000-b1020,28,6024192,0.55,0.0
c000-b1020-s28,c000-b1020,28,6054912,0.59,0.0
c000-b1020-s28,c000-b1020,28,6085632,0.62,0.0
c000-b1020-s28,c000-b1020,28,6116352,0.57,0.0
c000-b1020-s28,c000-b1020,28,6147072,0.55,0.0
c000-b1020-s28,c000-b1020,28,6177792,0.62,0.0
c000-b1020-s28,c000-b1020,28,6208512,0.64,0.0
c000-b1020-s28,c000-b1020,28,6239232,0.65,0.0
c000-b1020-s28,c000-b1020,28,6269952,0.68,0.0
c000-b1020-s28,c000-b1020,28,6300672,0.64,0.0
c000-b1020-s28,c000-b1020,28,6331392,0.62,0.0
c000-b1020-s28,c000-b1020,28,6362112,0.63,0.0
c000-b1020-s28,c000-b1020,28,6392832,0.69,0.0
c000-b1020-s28,c000-b1020,28,6423552,0.62,0.0
c000-b1020-s28,c000-b1020,28,6454272,0.62,0.0
c000-b1020-s28,c000-b1020,28,6484992,0.6,0.0
c000-b1020-s28,c000-b1020,28,6515712,0.65,0.0
c000-b1020-s28,c000-b1020,28,6546432,0.7,0.0
c000-b1020-s28,c000-b1020,28,6577152,0.56,0.0
c000-b1020-s28,c000-b1020,28,6607872,0.67,0.0
c000-b1020-s28,c000-b1020,28,6638592,0.66,0.0
c000-b1020-s28,c000-b1020,28,6669312,0.65,0.0
c000-b1020-s28,c000-b1020,28,6700032,0.67,0.0
c000-b1020-s28,c000-b1020,28,6730752,0.57,0.0
c000-b1020-s28,c000-b1020,28,6761472,0.71,0.0
c000-b1020-s28,c000-b1020,28,6792192,0.66,0.0
c000-b1020-s28,c000-b1020,28,6822912,0.68,0.0
c000-b1020-s28,c000-b1020,28,6853632,0.67,0.0
c000-b1020-s28,c000-b1020,28,6884352,0.68,0.0
c000-b1020-s28,c000-b1020,28,6915072,0.72,0.0
c000-b1020-s28,c000-b1020,28,6945792,0.72,0.0
c000-b1020-s28,c000-b1020,28,6976512,0.65,0.0
c000-b1020-s28,c000-b1020,28,7007232,0.69,0.0
c000-b1020-s28,c000-b1020,28,7037952,0.66,0.0
c000-b1020-s28,c000-b1020,28,7068672,0.61,0.0
c000-b1020-s28,c000-b1020,28,7099392,0.7,0.0
c000-b1020-s28,c000-b1020,28,7130112,0.72,0.0
c000-b1020-s28,c000-b1020,28,7160832,0.66,0.0
c000-b1020-s28,c000-b1020,28,7191552,0.8,0.0
c000-b1020-s28,c000-b1020,28,7222272,0.73,0.0
c000-b1020-s28,c000-b1020,28,7252992,0.61,0.0
c000-b1020-s28,c000-b1020,28,7283712,0.76,0.0
c000-b1020-s28,c000-b1020,28,7314432,0.67,0.0
c000-b1020-s28,c000-b1020,28,7345152,0.68,0.0
c000-b1020-s28,c000-b1020,28,7375872,0.7,0.0
c000-b1020-s28,c000-b1020,28,7406592,0.73,0.0
c000-b1020-s28,c000-b1020,28,7437312,0.7,0.0
c000-b1020-s28,c000-b1020,28,7468032,0.68,0.0
c000-b1020-s28,c000-b1020,28,7498752,0.67,0.0
c000-b1020-s28,c000-b1020,28,7529472,0.73,0.0
c000-b1020-s28,c000-b1020,28,7560192,0.77,0.0
c000-b1020-s28,c000-b1020,28,7590912,0.63,0.0
c000-b1020-s28,c000-b1020,28,7621632,0.73,0.0
c000-b1020-s28,c000-b1020,28,7652352,0.69,0.0
c000-b1020-s28,c000-b1020,28,7683072,0.6,0.0
c000-b1020-s28,c000-b1020,28,7713792,0.73,0.0
c000-b1020-s28,c000-b1020,28,7744512,0.65,0.0
c000-b1020-s28,c000-b1020,28,7775232,0.74,0.0
c000-b1020-s28,c000-b1020,28,7805952,0.69,0.0
c000-b1020-s28,c000-b1020,28,7836672,0.73,0.0
c000-b1020-s28,c000-b1020,28,7867392,0.67,0.0
c000-b1020-s28,c000-b1020,28,7898112,0.79,0.0
c000-b1020-s28,c000-b1020,28,7928832,0.68,0.0
c000-b1020-s28,c000-b1020,28,7959552,0.78,0.0
c000-b1020-s28,c000-b1020,28,7990272,0.73,0.0
c000-b1020-s28,c000-b1020,28,8020992,0.72,0.0
c000-b1020-s28,c000-b1020,28,8051712,0.76,0.0
c000-b1020-s28,c000-b1020,28,8082432,0.77,0.0
c000-b1020-s28,c000-b1020,28,8113152,0.66,0.0
c000-b1020-s28,c000-b1020,28,8143872,0.69,0.0
c000-b1020-s28,c000-b1020,28,8174592,0.67,0.0
c000-b1020-s28,c000-b1020,28,8205312,0.74,0.0
c000-b1020-s28,c000-b1020,28,8236032,0.63,0.0
c000-b1020-s28,c000-b1020,28,8266752,0.71,0.0
c000-b1020-s28,c000-b1020,28,8297472,0.71,0.0
c000-b1020-s28,c000-b1020,28,8328192,0.71,0.0
c000-b1020-s28,c000-b1020,28,8358912,0.75,0.0
c000-b1020-s28,c000-b1020,28,8389632,0.74,0.0
c000-b1020-s28,c000-b1020,28,8420352,0.71,0.0
c000-b1020-s28,c000-b1020,28,8451072,0.73,0.0
c000-b1020-s28,c000-b1020,28,8481792,0.74,0.0
c000-b1020-s28,c000-b1020,28,8512512,0.7,0.0
c000-b1020-s28,c000-b1020,28,8543232,0.71,0.0
c000-b1020-s28,c000-b1020,28,8573952,0.7,0.0
c000-b1020-s28,c000-b1020,28,8604672,0.75,0.0
c000-b1020-s28,c000-b1020,28,8635392,0.77,0.0
c000-b1020-s28,c000-b1020,28,8666112,0.75,0.0
c000-b1020-s28,c000-b1020,28,8696832,0.7,0.0
c000-b1020-s28,c000-b1020,28,8727552,0.75,0.0
c000-b1020-s28,c000-b1020,28,8758272,0.65,0.0
c000-b1020-s28,c000-b1020,28,8788992,0.78,0.0
c000-b1020-s28,c000-b1020,28,8819712,0.73,0.0
c000-b1020-s28,c000-b1020,28,8850432,0.65,0.0
c000-b1020-s28,c000-b1020,28,8881152,0.81,0.0
c000-b1020-s28,c000-b1020,28,8911872,0.76,0.0
c000-b1020-s28,c000-b1020,28,8942592,0.74,0.0
c000-b1020-s28,c000-b1020,28,8973312,0.83,0.0
c000-b1020-s28,c000-b1020,28,9004032,0.75,0.0
c000-b1020-s28,c000-b1020,28,9034752,0.74,0.0
c000-b1020-s28,c000-b1020,28,9065472,0.74,0.0
c000-b1020-s28,c000-b1020,28,9096192,0.7,0.0
c000-b1020-s28,c000-b1020,28,9126912,0.83,0.0
c000-b1020-s28,c000-b1020,28,9157632,0.8,0.0
c000-b1020-s28,c000-b1020,28,9188352,0.74,0.0
c000-b1020-s28,c000-b1020,28,9219072,0.82,0.0
c000-b1020-s28,c000-b1020,28,9249792,0.78,0.0
c000-b1020-s28,c000-b1020,28,9280512,0.74,0.0
c000-b1020-s28,c000-b1020,28,9311232,0.71,0.0
c000-b1020-s28,c000-b1020,28,9341952,0.7,0.0
c000-b1020-s28,c000-b1020,28,9372672,0.81,0.0
c000-b1020-s28,c000-b1020,28,9403392,0.73,0.0
c000-b1020-s28,c000-b1020,28,9434112,0.73,0.0
c000-b1020-s28,c000-b1020,28,9464832,0.85,0.0
c000-b1020-s28,c000-b1020,28,9495552,0.74,0.0
c000-b1020-s28,c000-b1020,28,9526272,0.79,0.0
c000-b1020-s28,c000-b1020,28,9556992,0.71,0.0
c000-b1020-s28,c000-b1020,28,9587712,0.8,0.0
c000-b1020-s28,c000-b1020,28,9618432,0.85,0.0
c000-b1020-s28,c000-b1020,28,9649152,0.76,0.0
c000-b1020-s28,c000-b1020,28,9679872,0.76,0.0
c000-b1020-s28,c000-b1020,28,9710592,0.71,0.0
c000-b1020-s28,c000-b1020,28,9741312,0.76,0.0
c000-b1020-s28,c000-b1020,28,9772032,0.77,0.0
c000-b1020-s28,c000-b1020,28,9802752,0.75,0.0
c000-b1020-s28,c000-b1020,28,9833472,0.81,0.0
c000-b1020-s28,c000-b1020,28,9864192,0.75,0.0
c000-b1020-s28,c000-b1020,28,9894912,0.79,0.0
c000-b1020-s28,c000-b1020,28,9925632,0.78,0.0
c000-b1020-s28,c000-b1020,28,9956352,0.85,0.0
c000-b1020-s28,c000-b1020,28,9987072,0.77,0.0
c000-b1020-s28,c000-b1020,28,10017792,0.79,0.0
c000-b1020-s28,c000-b1020,28,10048512,0.8,0.0
c000-b1020-s28,c000-b1020,28,10079232,0.78,0.0
c000-b1020-s28,c000-b1020,28,10109952,0.76,0.0
c000-b1020-s28,c000-b1020,28,10140672,0.82,0.0
c000-b1020-s28,c000-b1020,28,10171392,0.88,0.0
c000-b1020-s28,c000-b1020,28,10202112,0.74,0.0
c000-b1020-s28,c000-b1020,28,10232832,0.77,0.0
c000-b1020-s28,c000-b1020,28,10263552,0.74,0.0
c000-b1020-s28,c000-b1020,28,10294272,0.77,0.0
c000-b1020-s28,c000-b1020,28,10324992,0.84,0.0
c000-b1020-s28,c000-b1020,28,10355712,0.79,0.0
c000-b1020-s28,c000-b1020,28,10386432,0.71,0.0
c000-b1020-s28,c000-b1020,28,10417152,0.82,0.0
c000-b1020-s28,c000-b1020,28,10447872,0.83,0.0
c000-b1020-s28,c000-b1020,28,10478592,0.78,0.0
c000-b1020-s28,c000-b1020,28,10509312,0.8,0.0
c000-b1020-s28,c000-b1020,28,10540032,0.85,0.0
c000-b1020-s28,c000-b1020,28,10570752,0.72,0.0
c000-b1020-s28,c000-b1020,28,10601472,0.83,0.0
c000-b1020-s28,c000-b1020,28,10632192,0.78,0.0
c000-b1020-s28,c000-b1020,28,10662912,0.73,0.0
c000-b1020-s28,c000-b1020,28,10693632,0.79,0.0
c000-b1020-s28,c000-b1020,28,10724352,0.78,0.0
c000-b1020-s28,c000-b1020,28,10755072,0.82,0.0
c000-b1020-s28,c000-b1020,28,10785792,0.81,0.0
c000-b1020-s28,c000-b1020,28,10816512,0.83,0.0
c000-b1020-s28,c000-b1020,28,10847232,0.75,0.0
c000-b1020-s28,c000-b1020,28,10877952,0.78,0.0
c000-b1020-s28,c000-b1020,28,10908672,0.75,0.0
c000-b1020-s28,c000-b1020,28,10939392,0.81,0.0
c000-b1020-s28,c000-b1020,28,10970112,0.77,0.0
c000-b1020-s28,c000-b1020,28,11000832,0.77,0.0
c000-b1020-s28,c000-b1020,28,11031552,0.73,0.0
c000-b1020-s28,c000-b1020,28,11062272,0.83,0.0
c000-b1020-s28,c000-b1020,28,11092992,0.83,0.0
c000-b1020-s28,c000-b1020,28,11123712,0.83,0.0
c000-b1020-s28,c000-b1020,28,11154432,0.84,0.0
c000-b1020-s28,c000-b1020,28,11185152,0.84,0.0
c000-b1020-s28,c000-b1020,28,11215872,0.86,0.0
c000-b1020-s28,c000-b1020,28,11246592,0.78,0.0
c000-b1020-s28,c000-b1020,28,11277312,0.81,0.0
c000-b1020-s28,c000-b1020,28,11308032,0.8,0.0
c000-b1020-s28,c000-b1020,28,11338752,0.82,0.0
c000-b1020-s28,c000-b1020,28,11369472,0.8,0.0
c000-b1020-s28,c000-b1020,28,11400192,0.77,0.0
c000-b1020-s28,c000-b1020,28,11430912,0.79,0.0
c000-b1020-s28,c000-b1020,28,11461632,0.85,0.0
c000-b1020-s28,c000-b1020,28,11492352,0.8,0.0
c000-b1020-s28,c000-b1020,28,11523072,0.89,0.0
c000-b1020-s28,c000-b1020,28,11553792,0.84,0.0
c000-b1020-s28,c000-b1020,28,11584512,0.88,0.0
c000-b1020-s28,c000-b1020,28,11615232,0.77,0.0
c000-b1020-s28,c000-b1020,28,11645952,0.83,0.0
c000-b1020-s28,c000-b1020,28,11676672,0.78,0.0
c000-b1020-s28,c000-b1020,28,11707392,0.82,0.0
c000-b1020-s28,c000-b1020,28,11738112,0.89,0.0
c000-b1020-s28,c000-b1020,28,11768832,0.81,0.0
c000-b1020-s28,c000-b1020,28,11799552,0.76,0.0
c000-b1020-s28,c000-b1020,28,11830272,0.82,0.0
c000-b1020-s28,c000-b1020,28,11860992,0.77,0.0
c000-b1020-s28,c000-b1020,28,11891712,0.77,0.0
c000-b1020-s28,c000-b1020,28,11922432,0.91,0.0
c000-b1020-s28,c000-b1020,28,11953152,0.81,0.0
c000-b1020-s28,c000-b1020,28,11983872,0.85,0.0
c000-b1020-s28,c000-b1020,28,12014592,0.8,0.0
c000-b1020-s28,c000-b1020,28,12045312,0.84,0.0
c000-b1020-s28,c000-b1020,28,12076032,0.85,0.0
c000-b1020-s28,c000-b1020,28,12106752,0.78,0.0
c000-b1020-s28,c000-b1020,28,12137472,0.81,0.0
c000-b1020-s28,c000-b1020,28,12168192,0.82,0.0
c000-b1020-s28,c000-b1020,28,12198912,0.84,0.0
c000-b1020-s28,c000-b1020,28,12229632,0.87,0.0
c000-b1020-s28,c000-b1020,28,12260352,0.77,0.0
c000-b1020-s28,c000-b1020,28,12291072,0.82,0.0
c000-b1020-s28,c000-b1020,28,12321792,0.88,0.0
c000-b1020-s28,c000-b1020,28,12352512,0.86,0.0
c000-b1020-s28,c000-b1020,28,12383232,0.78,0.0
c000-b1020-s28,c000-b1020,28,12413952,0.81,0.0
c000-b1020-s28,c000-b1020,28,12444672,0.83,0.0
c000-b1020-s28,c000-b1020,28,12475392,0.85,0.0
c000-b1020-s28,c000-b1020,28,12506112,0.76,0.0
c000-b1020-s28,c000-b1020,28,12536832,0.81,0.0
c000-b1020-s28,c000-b1020,28,12567552,0.79,0.0
c000-b1020-s28,c000-b1020,28,12598272,0.81,0.0
c000-b1020-s28,c000-b1020,28,12628992,0.78,0.0
c000-b1020-s28,c000-b1020,28,12659712,0.77,0.0
c000-b1020-s28,c000-b1020,28,12690432,0.81,0.0
c000-b1020-s28,c000-b1020,28,12721152,0.87,0.0
c000-b1020-s28,c000-b1020,28,12751872,0.92,0.0
c000-b1020-s28,c000-b1020,28,12782592,0.8,0.0
c000-b1020-s28,c000-b1020,28,12813312,0.85,0.0
c000-b1020-s28,c000-b1020,28,12844032,0.8,0.0
c000-b1020-s28,c000-b1020,28,12874752,0.87,0.0
c000-b1020-s28,c000-b1020,28,12905472,0.8,0.0
c000-b1020-s28,c000-b1020,28,12936192,0.88,0.0
c000-b1020-s28,c000-b1020,28,12966912,0.83,0.0
c000-b1020-s28,c000-b1020,28,12997632,0.79,0.0
c000-b1020-s28,c000-b1020,28,13028352,0.83,0.0
c000-b1020-s28,c000-b1020,28,13059072,0.86,0.0
c000-b1020-s28,c000-b1020,28,13089792,0.87,0.0
c000-b1020-s28,c000-b1020,28,13120512,0.86,0.0
c000-b1020-s28,c000-b1020,28,13151232,0.86,0.0
c000-b1020-s28,c000-b1020,28,13181952,0.88,0.0
c000-b1020-s28,c000-b1020,28,13212672,0.89,0.0
c000-b1020-s28,c000-b1020,28,13243392,0.88,0.0
c000-b1020-s28,c000-b1020,28,13274112,0.82,0.0
c000-b1020-s28,c000-b1020,28,13304832,0.91,0.0
c000-b1020-s28,c000-b1020,28,13335552,0.86,0.0
c000-b1020-s28,c000-b1020,28,13366272,0.85,0.0
c000-b1020-s28,c000-b1020,28,13396992,0.88,0.0
c000-b1020-s28,c000-b1020,28,13427712,0.91,0.0
c000-b1020-s28,c000-b1020,28,13458432,0.89,0.0
c000-b1020-s28,c000-b1020,28,13489152,0.87,0.0
c000-b1020-s28,c000-b1020,28,13519872,0.86,0.0
c000-b1020-s28,c000-b1020,28,13550592,0.85,0.0
c000-b1020-s28,c000-b1020,28,13581312,0.89,0.0
c000-b1020-s28,c000-b1020,28,13612032,0.77,0.0
c000-b1020-s28,c000-b1020,28,13642752,0.84,0.0
c000-b1020-s28,c000-b1020,28,13673472,0.83,0.0
c000-b1020-s28,c000-b1020,28,13704192,0.89,0.0
c000-b1020-s28,c000-b1020,28,13734912,0.86,0.0
c000-b1020-s28,c000-b1020,28,13765632,0.9,0.0
c000-b1020-s28,c000-b1020,28,13796352,0.84,0.0
c000-b1020-s28,c000-b1020,28,13827072,0.86,0.0
c000-b1020-s28,c000-b1020,28,13857792,0.91,0.0
c000-b1020-s28,c000-b1020,28,13888512,0.89,0.0
c000-b1020-s28,c000-b1020,28,13919232,0.84,0.0
c000-b1020-s28,c000-b1020,28,13949952,0.83,0.0
c000-b1020-s28,c000-b1020,28,13980672,0.87,0.0
c000-b1020-s28,c000-b1020,28,14011392,0.82,0.0
c000-b1020-s28,c000-b1020,28,14042112,0.86,0.0
c000-b1020-s28,c000-b1020,28,14072832,0.87,0.0
c000-b1020-s28,c000-b1020,28,14103552,0.88,0.0
c000-b1020-s28,c000-b1020,28,14134272,0.87,0.0
c000-b1020-s28,c000-b1020,28,14164992,0.89,0.0
c000-b1020-s28,c000-b1020,28,14195712,0.88,0.0
c000-b1020-s28,c000-b1020,28,14226432,0.86,0.0
c000-b1020-s28,c000-b1020,28,14257152,0.86,0.0
c000-b1020-s28,c000-b1020,28,14287872,0.92,0.0
c000-b1020-s28,c000-b1020,28,14318592,0.88,0.0
c000-b1020-s28,c000-b1020,28,14349312,0.92,0.0
c000-b1020-s28,c000-b1020,28,14380032,0.86,0.0
c000-b1020-s28,c000-b1020,28,14410752,0.86,0.0
c000-b1020-s28,c000-b1020,28,14441472,0.91,0.0
c000-b1020-s28,c000-b1020,28,14472192,0.96,0.0
c000-b1020-s28,c000-b1020,28,14502912,0.92,0.0
c000-b1020-s28,c000-b1020,28,14533632,0.89,0.0
c000-b1020-s28,c000-b1020,28,14564352,0.9,0.0
c000-b1020-s28,c000-b1020,28,14595072,0.95,0.0
c000-b1020-s28,c000-b1020,28,14625792,0.95,0.0
c000-b1020-s28,c000-b1020,28,14656512,0.91,0.0
c000-b1020-s28,c000-b1020,28,14687232,0.88,0.0
c000-b1020-s28,c000-b1020,28,14717952,0.88,0.0
c000-b1020-s28,c000-b1020,28,14748672,0.9,0.0
c000-b1020-s28,c000-b1020,28,14779392,0.87,0.0
c000-b1020-s28,c000-b1020,28,14810112,0.94,0.0
c000-b1020-s28,c000-b1020,28,14840832,0.9,0.0
c000-b1020-s28,c000-b1020,28,14871552,0.94,0.0
c000-b1020-s28,c000-b1020,28,14902272,0.92,0.0
c000-b1020-s28,c000-b1020,28,14932992,0.87,0.0
c000-b1020-s28,c000-b1020,28,14963712,0.92,0.0
c000-b1020-s28,c000-b1020,28,14994432,0.89,0.0
c000-b1020-s28,c000-b1020,28,14997504,0.9,0.0
c000-b1020-s29,c000-b1020,29,4918272,0.68,-1.0
c000-b1020-s29,c000-b1020,29,4948992,0.56,-0.531
c000-b1020-s29,c000-b1020,29,4979712,0.5,-0.142
c000-b1020-s29,c000-b1020,29,5010432,0.3,0.0
c000-b1020-s29,c000-b1020,29,5041152,0.49,0.0
c000-b1020-s29,c000-b1020,29,5071872,0.42,0.0
c000-b1020-s29,c000-b1020,29,5102592,0.46,0.0
c000-b1020-s29,c000-b1020,29,5133312,0.52,0.0
c000-b1020-s29,c000-b1020,29,5164032,0.56,0.0
c000-b1020-s29,c000-b1020,29,5194752,0.48,0.0
c000-b1020-s29,c000-b1020,29,5225472,0.57,0.0
c000-b1020-s29,c000-b1020,29,5256192,0.54,0.0
c000-b1020-s29,c000-b1020,29,5286912,0.51,0.0
c000-b1020-s29,c000-b1020,29,5317632,0.5,0.0
c000-b1020-s29,c000-b1020,29,5348352,0.58,0.0
c000-b1020-s29,c000-b1020,29,5379072,0.53,0.0
c000-b1020-s29,c000-b1020,29,5409792,0.5,0.0
c000-b1020-s29,c000-b1020,29,5440512,0.53,0.0
c000-b1020-s29,c000-b1020,29,5471232,0.55,0.0
c000-b1020-s29,c000-b1020,29,5501952,0.54,0.0
c000-b1020-s29,c000-b1020,29,5532672,0.54,0.0
c000-b1020-s29,c000-b1020,29,5563392,0.59,0.0
c000-b1020-s29,c000-b1020,29,5594112,0.6,0.0
c000-b1020-s29,c000-b1020,29,5624832,0.51,0.0
c000-b1020-s29,c000-b1020,29,5655552,0.52,0.0
c000-b1020-s29,c000-b1020,29,5686272,0.58,0.0
c000-b1020-s29,c000-b1020,29,5716992,0.55,0.0
c000-b1020-s29,c000-b1020,29,5747712,0.55,0.0
c000-b1020-s29,c000-b1020,29,5778432,0.65,0.0
c000-b1020-s29,c000-b1020,29,5809152,0.57,0.0
c000-b1020-s29,c000-b1020,29,5839872,0.59,0.0
c000-b1020-s29,c000-b1020,29,5870592,0.55,0.0
c000-b1020-s29,c000-b1020,29,5901312,0.52,0.0
c000-b1020-s29,c000-b1020,29,5932032,0.53,0.0
c000-b1020-s29,c000-b1020,29,5962752,0.61,0.0
c000-b1020-s29,c000-b1020,29,5993472,0.58,0.0
c000-b1020-s29,c000-b1020,29,6024192,0.6,0.0
c000-b1020-s29,c000-b1020,29,6054912,0.61,0.0
c000-b1020-s29,c000-b1020,29,6085632,0.63,0.0
c000-b1020-s29,c000-b1020,29,6116352,0.59,0.0
c000-b1020-s29,c000-b1020,29,6147072,0.56,0.0
c000-b1020-s29,c000-b1020,29,6177792,0.66,0.0
c000-b1020-s29,c000-b1020,29,6208512,0.6,0.0
c000-b1020-s29,c000-b1020,29,6239232,0.59,0.0
c000-b1020-s29,c000-b1020,29,6269952,0.57,0.0
c000-b1020-s29,c000-b1020,29,6300672,0.54,0.0
c000-b1020-s29,c000-b1020,29,6331392,0.6,0.0
c000-b1020-s29,c000-b1020,29,6362112,0.56,0.0
c000-b1020-s29,c000-b1020,29,6392832,0.64,0.0
c000-b1020-s29,c000-b1020,29,6423552,0.67,0.0
c000-b1020-s29,c000-b1020,29,6454272,0.59,0.0
c000-b1020-s29,c000-b1020,29,6484992,0.63,0.0
c000-b1020-s29,c000-b1020,29,6515712,0.64,0.0
c000-b1020-s29,c000-b1020,29,6546432,0.65,0.0
c000-b1020-s29,c000-b1020,29,6577152,0.52,0.0
c000-b1020-s29,c000-b1020,29,6607872,0.64,0.0
c000-b1020-s29,c000-b1020,29,6638592,0.66,0.0
c000-b1020-s29,c000-b1020,29,6669312,0.65,0.0
c000-b1020-s29,c000-b1020,29,6700032,0.62,0.0
c000-b1020-s29,c000-b1020,29,6730752,0.63,0.0
c000-b1020-s29,c000-b1020,29,6761472,0.65,0.0
c000-b1020-s29,c000-b1020,29,6792192,0.59,0.0
c000-b1020-s29,c000-b1020,29,6822912,0.56,0.0
c000-b1020-s29,c000-b1020,29,6853632,0.69,0.0
c000-b1020-s29,c000-b1020,29,6884352,0.57,0.0
c000-b1020-s29,c000-b1020,29,6915072,0.54,0.0
c000-b1020-s29,c000-b1020,29,6945792,0.62,0.0
c000-b1020-s29,c000-b1020,29,6976512,0.55,0.0
c000-b1020-s29,c000-b1020,29,7007232,0.69,0.0
c000-b1020-s29,c000-b1020,29,7037952,0.61,0.0
c000-b1020-s29,c000-b1020,29,7068672,0.67,0.0
c000-b1020-s29,c000-b1020,29,7099392,0.56,0.0
c000-b1020-s29,c000-b1020,29,7130112,0.64,0.0
c000-b1020-s29,c000-b1020,29,7160832,0.69,0.0
c000-b1020-s29,c000-b1020,29,7191552,0.65,0.0
c000-b1020-s29,c000-b1020,29,7222272,0.65,0.0
c000-b1020-s29,c000-b1020,29,7252992,0.64,0.0
c000-b1020-s29,c000-b1020,29,7283712,0.7,0.0
c000-b1020-s29,c000-b1020,29,7314432,0.66,0.0
c000-b1020-s29,c000-b1020,29,7345152,0.6,0.0
c000-b1020-s29,c000-b1020,29,7375872,0.73,0.0
c000-b1020-s29,c000-b1020,29,7406592,0.72,0.0
c000-b1020-s29,c000-b1020,29,7437312,0.65,0.0
c000-b1020-s29,c000-b1020,29,7468032,0.75,0.0
c000-b1020-s29,c000-b1020,29,7498752,0.69,0.0
c000-b1020-s29,c000-b1020,29,7529472,0.74,0.0
c000-b1020-s29,c000-b1020,29,7560192,0.71,0.0
c000-b1020-s29,c000-b1020,29,7590912,0.69,0.0
c000-b1020-s29,c000-b1020,29,7621632,0.75,0.0
c000-b1020-s29,c000-b1020,29,7652352,0.71,0.0
c000-b1020-s29,c000-b1020,29,7683072,0.66,0.0
c000-b1020-s29,c000-b1020,29,7713792,0.61,0.0
c000-b1020-s29,c000-b1020,29,7744512,0.72,0.0
c000-b1020-s29,c000-b1020,29,7775232,0.69,0.0
c000-b1020-s29,c000-b1020,29,7805952,0.74,0.0
c000-b1020-s29,c000-b1020,29,7836672,0.75,0.0
c000-b1020-s29,c000-b1020,29,7867392,0.76,0.0
c000-b1020-s29,c000-b1020,29,7898112,0.69,0.0
c000-b1020-s29,c000-b1020,29,7928832,0.72,0.0
c000-b1020-s29,c000-b1020,29,7959552,0.69,0.0
c000-b1020-s29,c000-b1020,29,7990272,0.75,0.0
c000-b1020-s29,c000-b1020,29,8020992,0.62,0.0
c000-b1020-s29,c000-b1020,29,8051712,0.73,0.0
c000-b1020-s29,c000-b1020,29,8082432,0.69,0.0
c000-b1020-s29,c000-b1020,29,8113152,0.63,0.0
c000-b1020-s29,c000-b1020,29,8143872,0.65,0.0
c000-b1020-s29,c000-b1020,29,8174592,0.65,0.0
c000-b1020-s29,c000-b1020,29,8205312,0.73,0.0
c000-b1020-s29,c000-b1020,29,8236032,0.75,0.0
c000-b1020-s29,c000-b1020,29,8266752,0.76,0.0
c000-b1020-s29,c000-b1020,29,8297472,0.7,0.0
c000-b1020-s29,c000-b1020,29,8328192,0.75,0.0
c000-b1020-s29,c000-b1020,29,8358912,0.73,0.0
c000-b1020-s29,c000-b1020,29,8389632,0.67,0.0
c000-b1020-s29,c000-b1020,29,8420352,0.64,0.0
c000-b1020-s29,c000-b1020,29,8451072,0.68,0.0
c000-b1020-s29,c000-b1020,29,8481792,0.68,0.0
c000-b1020-s29,c000-b1020,29,8512512,0.68,0.0
c000-b1020-s29,c000-b1020,29,8543232,0.78,0.0
c000-b1020-s29,c000-b1020,29,8573952,0.64,0.0
c000-b1020-s29,c000-b1020,29,8604672,0.74,0.0
c000-b1020-s29,c000-b1020,29,8635392,0.76,0.0
c000-b1020-s29,c000-b1020,29,8666112,0.78,0.0
c000-b1020-s29,c000-b1020,29,8696832,0.64,0.0
c000-b1020-s29,c000-b1020,29,8727552,0.73,0.0
c000-b1020-s29,c000-b1020,29,8758272,0.72,0.0
c000-b1020-s29,c000-b1020,29,8788992,0.72,0.0
c000-b1020-s29,c000-b1020,29,8819712,0.73,0.0
c000-b1020-s29,c000-b1020,29,8850432,0.63,0.0
c000-b1020-s29,c000-b1020,29,8881152,0.68,0.0
c000-b1020-s29,c000-b1020,29,8911872,0.72,0.0
c000-b1020-s29,c000-b1020,29,8942592,0.65,0.0
c000-b1020-s29,c000-b1020,29,8973312,0.7,0.0
c000-b1020-s29,c000-b1020,29,9004032,0.72,0.0
c000-b1020-s29,c000-b1020,29,9034752,0.74,0.0
c000-b1020-s29,c000-b1020,29,9065472,0.66,0.0
c000-b1020-s29,c000-b1020,29,9096192,0.76,0.0
c000-b1020-s29,c000-b1020,29,9126912,0.66,0.0
c000-b1020-s29,c000-b1020,29,9157632,0.69,0.0
c000-b1020-s29,c000-b1020,29,9188352,0.79,0.0
c000-b1020-s29,c000-b1020,29,9219072,0.63,0.0
c000-b1020-s29,c000-b1020,29,9249792,0.77,0.0
c000-b1020-s29,c000-b1020,29,9280512,0.7,0.0
c000-b1020-s29,c000-b1020,29,9311232,0.7,0.0
c000-b1020-s29,c000-b1020,29,9341952,0.66,0.0
c000-b1020-s29,c000-b1020,29,9372672,0.71,0.0
c000-b1020-s29,c000-b1020,29,9403392,0.79,0.0
c000-b1020-s29,c000-b1020,29,9434112,0.78,0.0
c000-b1020-s29,c000-b1020,29,9464832,0.7,0.0
c000-b1020-s29,c000-b1020,29,9495552,0.7,0.0
c000-b1020-s29,c000-b1020,29,9526272,0.66,0.0
c000-b1020-s29,c000-b1020,29,9556992,0.79,0.0
c000-b1020-s29,c000-b1020,29,9587712,0.72,0.0
c000-b1020-s29,c000-b1020,29,9618432,0.79,0.0
c000-b1020-s29,c000-b1020,29,9649152,0.8,0.0
c000-b1020-s29,c000-b1020,29,9679872,0.71,0.0
c000-b1020-s29,c000-b1020,29,9710592,0.73,0.0
c000-b1020-s29,c000-b1020,29,9741312,0.7,0.0
c000-b1020-s29,c000-b1020,29,9772032,0.73,0.0
c000-b1020-s29,c000-b1020,29,9802752,0.7,0.0
c000-b1020-s29,c000-b1020,29,9833472,0.67,0.0
c000-b1020-s29,c000-b1020,29,9864192,0.76,0.0
c000-b1020-s29,c000-b1020,29,9894912,0.68,0.0
c000-b1020-s29,c000-b1020,29,9925632,0.8,0.0
c000-b1020-s29,c000-b1020,29,9956352,0.7,0.0
c000-b1020-s29,c000-b1020,29,9987072,0.71,0.0
c000-b1020-s29,c000-b1020,29,10017792,0.72,0.0
c000-b1020-s29,c000-b1020,29,10048512,0.68,0.0
c000-b1020-s29,c000-b1020,29,10079232,0.8,0.0
c000-b1020-s29,c000-b1020,29,10109952,0.74,0.0
c000-b1020-s29,c000-b1020,29,10140672,0.77,0.0
c000-b1020-s29,c000-b1020,29,10171392,0.75,0.0
c000-b1020-s29,c000-b1020,29,10202112,0.78,0.0
c000-b1020-s29,c000-b1020,29,10232832,0.77,0.0
c000-b1020-s29,c000-b1020,29,10263552,0.74,0.0
c000-b1020-s29,c000-b1020,29,10294272,0.79,0.0
c000-b1020-s29,c000-b1020,29,10324992,0.73,0.0
c000-b1020-s29,c000-b1020,29,10355712,0.77,0.0
c000-b1020-s29,c000-b1020,29,10386432,0.74,0.0
c000-b1020-s29,c000-b1020,29,10417152,0.76,0.0
c000-b1020-s29,c000-b1020,29,10447872,0.78,0.0
c000-b1020-s29,c000-b1020,29,10478592,0.74,0.0
c000-b1020-s29,c000-b1020,29,10509312,0.77,0.0
c000-b1020-s29,c000-b1020,29,10540032,0.79,0.0
c000-b1020-s29,c000-b1020,29,10570752,0.68,0.0
c000-b1020-s29,c000-b1020,29,10601472,0.74,0.0
c000-b1020-s29,c000-b1020,29,10632192,0.77,0.0
c000-b1020-s29,c000-b1020,29,10662912,0.74,0.0
c000-b1020-s29,c000-b1020,29,10693632,0.79,0.0
c000-b1020-s29,c000-b1020,29,10724352,0.77,0.0
c000-b1020-s29,c000-b1020,29,10755072,0.79,0.0
c000-b1020-s29,c000-b1020,29,10785792,0.83,0.0
c000-b1020-s29,c000-b1020,29,10816512,0.82,0.0
c000-b1020-s29,c000-b1020,29,10847232,0.69,0.0
c000-b1020-s29,c000-b1020,29,10877952,0.83,0.0
c000-b1020-s29,c000-b1020,29,10908672,0.75,0.0
c000-b1020-s29,c000-b1020,29,10939392,0.8,0.0
c000-b1020-s29,c000-b1020,29,10970112,0.8,0.0
c000-b1020-s29,c000-b1020,29,11000832,0.74,0.0
c000-b1020-s29,c000-b1020,29,11031552,0.77,0.0
c000-b1020-s29,c000-b1020,29,11062272,0.77,0.0
c000-b1020-s29,c000-b1020,29,11092992,0.76,0.0
c000-b1020-s29,c000-b1020,29,11123712,0.84,0.0
c000-b1020-s29,c000-b1020,29,11154432,0.79,0.0
c000-b1020-s29,c000-b1020,29,11185152,0.82,0.0
c000-b1020-s29,c000-b1020,29,11215872,0.76,0.0
c000-b1020-s29,c000-b1020,29,11246592,0.74,0.0
c000-b1020-s29,c000-b1020,29,11277312,0.76,0.0
c000-b1020-s29,c000-b1020,29,11308032,0.82,0.0
c000-b1020-s29,c000-b1020,29,11338752,0.81,0.0
c000-b1020-s29,c000-b1020,29,11369472,0.83,0.0
c000-b1020-s29,c000-b1020,29,11400192,0.8,0.0
c000-b1020-s29,c000-b1020,29,11430912,0.8,0.0
c000-b1020-s29,c000-b1020,29,11461632,0.81,0.0
c000-b1020-s29,c000-b1020,29,11492352,0.8,0.0
c000-b1020-s29,c000-b1020,29,11523072,0.76,0.0
c000-b1020-s29,c000-b1020,29,11553792,0.76,0.0
c000-b1020-s29,c000-b1020,29,11584512,0.86,0.0
c000-b1020-s29,c000-b1020,29,11615232,0.84,0.0
c000-b1020-s29,c000-b1020,29,11645952,0.84,0.0
c000-b1020-s29,c000-b1020,29,11676672,0.76,0.0
c000-b1020-s29,c000-b1020,29,11707392,0.82,0.0
c000-b1020-s29,c000-b1020,29,11738112,0.83,0.0
c000-b1020-s29,c000-b1020,29,11768832,0.8,0.0
c000-b1020-s29,c000-b1020,29,11799552,0.9,0.0
c000-b1020-s29,c000-b1020,29,11830272,0.83,0.0
c000-b1020-s29,c000-b1020,29,11860992,0.79,0.0
c000-b1020-s29,c000-b1020,29,11891712,0.79,0.0
c000-b1020-s29,c000-b1020,29,11922432,0.75,0.0
c000-b1020-s29,c000-b1020,29,11953152,0.79,0.0
c000-b1020-s29,c000-b1020,29,11983872,0.81,0.0
c000-b1020-s29,c000-b1020,29,12014592,0.76,0.0
c000-b1020-s29,c000-b1020,29,12045312,0.83,0.0
c000-b1020-s29,c000-b1020,29,12076032,0.85,0.0
c000-b1020-s29,c000-b1020,29,12106752,0.79,0.0
c000-b1020-s29,c000-b1020,29,12137472,0.87,0.0
c000-b1020-s29,c000-b1020,29,12168192,0.8,0.0
c000-b1020-s29,c000-b1020,29,12198912,0.78,0.0
c000-b1020-s29,c000-b1020,29,12229632,0.84,0.0
c000-b1020-s29,c000-b1020,29,12260352,0.78,0.0
c000-b1020-s29,c000-b1020,29,12291072,0.83,0.0
c000-b1020-s29,c000-b1020,29,12321792,0.83,0.0
c000-b1020-s29,c000-b1020,29,12352512,0.81,0.0
c000-b1020-s29,c000-b1020,29,12383232,0.81,0.0
c000-b1020-s29,c000-b1020,29,12413952,0.76,0.0
c000-b1020-s29,c000-b1020,29,12444672,0.77,0.0
c000-b1020-s29,c000-b1020,29,12475392,0.76,0.0
c000-b1020-s29,c000-b1020,29,12506112,0.87,0.0
c000-b1020-s29,c000-b1020,29,12536832,0.85,0.0
c000-b1020-s29,c000-b1020,29,12567552,0.76,0.0
c000-b1020-s29,c000-b1020,29,12598272,0.9,0.0
c000-b1020-s29,c000-b1020,29,12628992,0.85,0.0
c000-b1020-s29,c000-b1020,29,12659712,0.86,0.0
c000-b1020-s29,c000-b1020,29,12690432,0.83,0.0
c000-b1020-s29,c000-b1020,29,12721152,0.82,0.0
c000-b1020-s29,c000-b1020,29,12751872,0.86,0.0
c000-b1020-s29,c000-b1020,29,12782592,0.78,0.0
c000-b1020-s29,c000-b1020,29,12813312,0.82,0.0
c000-b1020-s29,c000-b1020,29,12844032,0.91,0.0
c000-b1020-s29,c000-b1020,29,12874752,0.85,0.0
c000-b1020-s29,c000-b1020,29,12905472,0.83,0.0
c000-b1020-s29,c000-b1020,29,12936192,0.87,0.0
c000-b1020-s29,c000-b1020,29,12966912,0.78,0.0
c000-b1020-s29,c000-b1020,29,12997632,0.91,0.0
c000-b1020-s29,c000-b1020,29,13028352,0.77,0.0
c000-b1020-s29,c000-b1020,29,13059072,0.82,0.0
c000-b1020-s29,c000-b1020,29,13089792,0.88,0.0
c000-b1020-s29,c000-b1020,29,13120512,0.83,0.0
c000-b1020-s29,c000-b1020,29,13151232,0.85,0.0
c000-b1020-s29,c000-b1020,29,13181952,0.88,0.0
c000-b1020-s29,c000-b1020,29,13212672,0.83,0.0
c000-b1020-s29,c000-b1020,29,13243392,0.79,0.0
c000-b1020-s29,c000-b1020,29,13274112,0.88,0.0
c000-b1020-s29,c000-b1020,29,13304832,0.87,0.0
c000-b1020-s29,c000-b1020,29,13335552,0.86,0.0
c000-b1020-s29,c000-b1020,29,13366272,0.82,0.0
c000-b1020-s29,c000-b1020,29,13396992,0.87,0.0
c000-b1020-s29,c000-b1020,29,13427712,0.75,0.0
c000-b1020-s29,c000-b1020,29,13458432,0.88,0.0
c000-b1020-s29,c000-b1020,29,13489152,0.84,0.0
c000-b1020-s29,c000-b1020,29,13519872,0.87,0.0
c000-b1020-s29,c000-b1020,29,13550592,0.87,0.0
c000-b1020-s29,c000-b1020,29,13581312,0.78,0.0
c000-b1020-s29,c000-b1020,29,13612032,0.84,0.0
c000-b1020-s29,c000-b1020,29,13642752,0.8,0.0
c000-b1020-s29,c000-b1020,29,13673472,0.83,0.0
c000-b1020-s29,c000-b1020,29,13704192,0.83,0.0
c000-b1020-s29,c000-b1020,29,13734912,0.81,0.0
c000-b1020-s29,c000-b1020,29,13765632,0.88,0.0
c000-b1020-s29,c000-b1020,29,13796352,0.78,0.0
c000-b1020-s29,c000-b1020,29,13827072,0.88,0.0
c000-b1020-s29,c000-b1020,29,13857792,0.89,0.0
c000-b1020-s29,c000-b1020,29,13888512,0.88,0.0
c000-b1020-s29,c000-b1020,29,13919232,0.91,0.0
c000-b1020-s29,c000-b1020,29,13949952,0.92,0.0
c000-b1020-s29,c000-b1020,29,13980672,0.85,0.0
c000-b1020-s29,c000-b1020,29,14011392,0.92,0.0
c000-b1020-s29,c000-b1020,29,14042112,0.87,0.0
c000-b1020-s29,c000-b1020,29,14072832,0.85,0.0
c000-b1020-s29,c000-b1020,29,14103552,0.84,0.0
c000-b1020-s29,c000-b1020,29,14134272,0.85,0.0
c000-b1020-s29,c000-b1020,29,14164992,0.86,0.0
c000-b1020-s29,c000-b1020,29,14195712,0.88,0.0
c000-b1020-s29,c000-b1020,29,14226432,0.9,0.0
c000-b1020-s29,c000-b1020,29,14257152,0.88,0.0
c000-b1020-s29,c000-b1020,29,14287872,0.81,0.0
c000-b1020-s29,c000-b1020,29,14318592,0.88,0.0
c000-b1020-s29,c000-b1020,29,14349312,0.85,0.0
c000-b1020-s29,c000-b1020,29,14380032,0.88,0.0
c000-b1020-s29,c000-b1020,29,14410752,0.9,0.0
c000-b1020-s29,c000-b1020,29,14441472,0.89,0.0
c000-b1020-s29,c000-b1020,29,14472192,0.89,0.0
c000-b1020-s29,c000-b1020,29,14502912,0.9,0.0
c000-b1020-s29,c000-b1020,29,14533632,0.89,0.0
c000-b1020-s29,c000-b1020,29,14564352,0.94,0.0
c000-b1020-s29,c000-b1020,29,14595072,0.91,0.0
c000-b1020-s29,c000-b1020,29,14625792,0.88,0.0
c000-b1020-s29,c000-b1020,29,14656512,0.94,0.0
c000-b1020-s29,c000-b1020,29,14687232,0.89,0.0
c000-b1020-s29,c000-b1020,29,14717952,0.87,0.0
c000-b1020-s29,c000-b1020,29,14748672,0.84,0.0
c000-b1020-s29,c000-b1020,29,14779392,0.87,0.0
c000-b1020-s29,c000-b1020,29,14810112,0.87,0.0
c000-b1020-s29,c000-b1020,29,14840832,0.91,0.0
c000-b1020-s29,c000-b1020,29,14871552,0.93,0.0
c000-b1020-s29,c000-b1020,29,14902272,0.91,0.0
c000-b1020-s29,c000-b1020,29,14932992,0.88,0.0
c000-b1020-s29,c000-b1020,29,14963712,0.88,0.0
c000-b1020-s29,c000-b1020,29,14994432,0.92,0.0
c000-b1020-s29,c000-b1020,29,14997504,0.86,0.0
c000-b2035-s27,c000-b2035,27,4457472,0.7,-1.0
c000-b2035-s27,c000-b2035,27,4488192,0.54,-0.691
c000-b2035-s27,c000-b2035,27,4518912,0.49,-0.439
c000-b2035-s27,c000-b2035,27,4549632,0.52,-0.239
c000-b2035-s27,c000-b2035,27,4580352,0.36,-0.063
c000-b2035-s27,c000-b2035,27,4611072,0.45,0.0
c000-b2035-s27,c000-b2035,27,4641792,0.38,0.0
c000-b2035-s27,c000-b2035,27,4672512,0.42,0.0
c000-b2035-s27,c000-b2035,27,4703232,0.42,0.0
c000-b2035-s27,c000-b2035,27,4733952,0.45,0.0
c000-b2035-s27,c000-b2035,27,4764672,0.43,0.0
c000-b2035-s27,c000-b2035,27,4795392,0.54,0.0
c000-b2035-s27,c000-b2035,27,4826112,0.54,0.0
c000-b2035-s27,c000-b2035,27,4856832,0.47,0.0
c000-b2035-s27,c000-b2035,27,4887552,0.55,0.0
c000-b2035-s27,c000-b2035,27,4918272,0.48,0.0
c000-b2035-s27,c000-b2035,27,4948992,0.46,0.0
c000-b2035-s27,c000-b2035,27,4979712,0.47,0.0
c000-b2035-s27,c000-b2035,27,5010432,0.43,0.0
c000-b2035-s27,c000-b2035,27,5041152,0.59,0.0
c000-b2035-s27,c000-b2035,27,5071872,0.53,0.0
c000-b2035-s27,c000-b2035,27,5102592,0.5,0.0
c000-b2035-s27,c000-b2035,27,5133312,0.49,0.0
c000-b2035-s27,c000-b2035,27,5164032,0.5,0.0
c000-b2035-s27,c000-b2035,27,5194752,0.55,0.0
c000-b2035-s27,c000-b2035,27,5225472,0.6,0.0
c000-b2035-s27,c000-b2035,27,5256192,0.55,0.0
c000-b2035-s27,c000-b2035,27,5286912,0.5,0.0
c000-b2035-s27,c000-b2035,27,5317632,0.56,0.0
c000-b2035-s27,c000-b2035,27,5348352,0.47,0.0
c000-b2035-s27,c000-b2035,27,5379072,0.5,0.0
c000-b2035-s27,c000-b2035,27,5409792,0.49,0.0
c000-b2035-s27,c000-b2035,27,5440512,0.57,0.0
c000-b2035-s27,c000-b2035,27,5471232,0.62,0.0
c000-b2035-s27,c000-b2035,27,5501952,0.65,0.0
c000-b2035-s27,c000-b2035,27,5532672,0.51,0.0
c000-b2035-s27,c000-b2035,27,5563392,0.58,0.0
c000-b2035-s27,c000-b2035,27,5594112,0.49,0.0
c000-b2035-s27,c000-b2035,27,5624832,0.62,0.0
c000-b2035-s27,c000-b2035,27,5655552,0.55,0.0
c000-b2035-s27,c000-b2035,27,5686272,0.6,0.0
c000-b2035-s27,c000-b2035,27,5716992,0.61,0.0
c000-b2035-s27,c000-b2035,27,5747712,0.64,0.0
c000-b2035-s27,c000-b2035,27,5778432,0.66,0.0
c000-b2035-s27,c000-b2035,27,5809152,0.68,0.0
c000-b2035-s27,c000-b2035,27,5839872,0.71,0.0
c000-b2035-s27,c000-b2035,27,5870592,0.66,0.0
c000-b2035-s27,c000-b2035,27,5901312,0.52,0.0
c000-b2035-s27,c000-b2035,27,5932032,0.65,0.0
c000-b2035-s27,c000-b2035,27,5962752,0.68,0.0
c000-b2035-s27,c000-b2035,27,5993472,0.65,0.0
c000-b2035-s27,c000-b2035,27,6024192,0.62,0.0
c000-b2035-s27,c000-b2035,27,6054912,0.64,0.0
c000-b2035-s27,c000-b2035,27,6085632,0.72,0.0
c000-b2035-s27,c000-b2035,27,6116352,0.59,0.0
c000-b2035-s27,c000-b2035,27,6147072,0.66,0.0
c000-b2035-s27,c000-b2035,27,6177792,0.68,0.0
c000-b2035-s27,c000-b2035,27,6208512,0.67,0.0
c000-b2035-s27,c000-b2035,27,6239232,0.65,0.0
c000-b2035-s27,c000-b2035,27,6269952,0.69,0.0
c000-b2035-s27,c000-b2035,27,6300672,0.66,0.0
c000-b2035-s27,c000-b2035,27,6331392,0.68,0.0
c000-b2035-s27,c000-b2035,27,6362112,0.67,0.0
c000-b2035-s27,c000-b2035,27,6392832,0.64,0.0
c000-b2035-s27,c000-b2035,27,6423552,0.61,0.0
c000-b2035-s27,c000-b2035,27,6454272,0.66,0.0
c000-b2035-s27,c000-b2035,27,6484992,0.66,0.0
c000-b2035-s27,c000-b2035,27,6515712,0.72,0.0
c000-b2035-s27,c000-b2035,27,6546432,0.72,0.0
c000-b2035-s27,c000-b2035,27,6577152,0.67,0.0
c000-b2035-s27,c000-b2035,27,6607872,0.71,0.0
c000-b2035-s27,c000-b2035,27,6638592,0.68,0.0
c000-b2035-s27,c000-b2035,27,6669312,0.64,0.0
c000-b2035-s27,c000-b2035,27,6700032,0.71,0.0
c000-b2035-s27,c000-b2035,27,6730752,0.68,0.0
c000-b2035-s27,c000-b2035,27,6761472,0.75,0.0
c000-b2035-s27,c000-b2035,27,6792192,0.62,0.0
c000-b2035-s27,c000-b2035,27,6822912,0.59,0.0
c000-b2035-s27,c000-b2035,27,6853632,0.64,0.0
c000-b2035-s27,c000-b2035,27,6884352,0.72,0.0
c000-b2035-s27,c000-b2035,27,6915072,0.65,0.0
c000-b2035-s27,c000-b2035,27,6945792,0.68,0.0
c000-b2035-s27,c000-b2035,27,6976512,0.73,0.0
c000-b2035-s27,c000-b2035,27,7007232,0.63,0.0
c000-b2035-s27,c000-b2035,27,7037952,0.66,0.0
c000-b2035-s27,c000-b2035,27,7068672,0.63,0.0
c000-b2035-s27,c000-b2035,27,7099392,0.69,0.0
c000-b2035-s27,c000-b2035,27,7130112,0.67,0.0
c000-b2035-s27,c000-b2035,27,7160832,0.73,0.0
c000-b2035-s27,c000-b2035,27,7191552,0.66,0.0
c000-b2035-s27,c000-b2035,27,7222272,0.77,0.0
c000-b2035-s27,c000-b2035,27,7252992,0.66,0.0
c000-b2035-s27,c000-b2035,27,7283712,0.72,0.0
c000-b2035-s27,c000-b2035,27,7314432,0.7,0.0
c000-b2035-s27,c000-b2035,27,7345152,0.78,0.0
c000-b2035-s27,c000-b2035,27,7375872,0.66,0.0
c000-b2035-s27,c000-b2035,27,7406592,0.78,0.0
c000-b2035-s27,c000-b2035,27,7437312,0.71,0.0
c000-b2035-s27,c000-b2035,27,7468032,0.72,0.0
c000-b2035-s27,c000-b2035,27,7498752,0.71,0.0
c000-b2035-s27,c000-b2035,27,7529472,0.76,0.0
c000-b2035-s27,c000-b2035,27,7560192,0.68,0.0
c000-b2035-s27,c000-b2035,27,7590912,0.65,0.0
c000-b2035-s27,c000-b2035,27,7621632,0.7,0.0
c000-b2035-s27,c000-b2035,27,7652352,0.7,0.0
c000-b2035-s27,c000-b2035,27,7683072,0.71,0.0
c000-b2035-s27,c000-b2035,27,7713792,0.76,0.0
c000-b2035-s27,c000-b2035,27,7744512,0.7,0.0
c000-b2035-s27,c000-b2035,27,7775232,0.67,0.0
c000-b2035-s27,c000-b2035,27,7805952,0.74,0.0
c000-b2035-s27,c000-b2035,27,7836672,0.77,0.0
c000-b2035-s27,c000-b2035,27,7867392,0.75,0.0
c000-b2035-s27,c000-b2035,27,7898112,0.74,0.0
c000-b2035-s27,c000-b2035,27,7928832,0.74,0.0
c000-b2035-s27,c000-b2035,27,7959552,0.66,0.0
c000-b2035-s27,c000-b2035,27,7990272,0.72,0.0
c000-b2035-s27,c000-b2035,27,8020992,0.81,0.0
c000-b2035-s27,c000-b2035,27,8051712,0.75,0.0
c000-b2035-s27,c000-b2035,27,8082432,0.73,0.0
c000-b2035-s27,c000-b2035,27,8113152,0.74,0.0
c000-b2035-s27,c000-b2035,27,8143872,0.72,0.0
c000-b2035-s27,c000-b2035,27,8174592,0.79,0.0
c000-b2035-s27,c000-b2035,27,8205312,0.73,0.0
c000-b2035-s27,c000-b2035,27,8236032,0.75,0.0
c000-b2035-s27,c000-b2035,27,8266752,0.71,0.0
c000-b2035-s27,c000-b2035,27,8297472,0.71,0.0
c000-b2035-s27,c000-b2035,27,8328192,0.72,0.0
c000-b2035-s27,c000-b2035,27,8358912,0.7,0.0
c000-b2035-s27,c000-b2035,27,8389632,0.75,0.0
c000-b2035-s27,c000-b2035,27,8420352,0.73,0.0
c000-b2035-s27,c000-b2035,27,8451072,0.73,0.0
c000-b2035-s27,c000-b2035,27,8481792,0.75,0.0
c000-b2035-s27,c000-b2035,27,8512512,0.8,0.0
c000-b2035-s27,c000-b2035,27,8543232,0.83,0.0
c000-b2035-s27,c000-b2035,27,8573952,0.7,0.0
c000-b2035-s27,c000-b2035,27,8604672,0.72,0.0
c000-b2035-s27,c000-b2035,27,8635392,0.78,0.0
c000-b2035-s27,c000-b2035,27,8666112,0.78,0.0
c000-b2035-s27,c000-b2035,27,8696832,0.74,0.0
c000-b2035-s27,c000-b2035,27,8727552,0.79,0.0
c000-b2035-s27,c000-b2035,27,8758272,0.77,0.0
c000-b2035-s27,c000-b2035,27,8788992,0.77,0.0
c000-b2035-s27,c000-b2035,27,8819712,0.76,0.0
c000-b2035-s27,c000-b2035,27,8850432,0.78,0.0
c000-b2035-s27,c000-b2035,27,8881152,0.76,0.0
c000-b2035-s27,c000-b2035,27,8911872,0.77,0.0
c000-b2035-s27,c000-b2035,27,8942592,0.79,0.0
c000-b2035-s27,c000-b2035,27,8973312,0.81,0.0
c000-b2035-s27,c000-b2035,27,9004032,0.72,0.0
c000-b2035-s27,c000-b2035,27,9034752,0.75,0.0
c000-b2035-s27,c000-b2035,27,9065472,0.71,0.0
c000-b2035-s27,c000-b2035,27,9096192,0.82,0.0
c000-b2035-s27,c000-b2035,27,9126912,0.77,0.0
c000-b2035-s27,c000-b2035,27,9157632,0.82,0.0
c000-b2035-s27,c000-b2035,27,9188352,0.84,0.0
c000-b2035-s27,c000-b2035,27,9219072,0.76,0.0
c000-b2035-s27,c000-b2035,27,9249792,0.84,0.0
c000-b2035-s27,c000-b2035,27,9280512,0.75,0.0
c000-b2035-s27,c000-b2035,27,9311232,0.76,0.0
c000-b2035-s27,c000-b2035,27,9341952,0.78,0.0
c000-b2035-s27,c000-b2035,27,9372672,0.79,0.0
c000-b2035-s27,c000-b2035,27,9403392,0.74,0.0
c000-b2035-s27,c000-b2035,27,9434112,0.76,0.0
c000-b2035-s27,c000-b2035,27,9464832,0.77,0.0
c000-b2035-s27,c000-b2035,27,9495552,0.79,0.0
c000-b2035-s27,c000-b2035,27,9526272,0.77,0.0
c000-b2035-s27,c000-b2035,27,9556992,0.81,0.0
c000-b2035-s27,c000-b2035,27,9587712,0.83,0.0
c000-b2035-s27,c000-b2035,27,9618432,0.83,0.0
c000-b2035-s27,c000-b2035,27,9649152,0.75,0.0
c000-b2035-s27,c000-b2035,27,9679872,0.71,0.0
c000-b2035-s27,c000-b2035,27,9710592,0.84,0.0
c000-b2035-s27,c000-b2035,27,9741312,0.76,0.0
c000-b2035-s27,c000-b2035,27,9772032,0.77,0.0
c000-b2035-s27,c000-b2035,27,9802752,0.81,0.0
c000-b2035-s27,c000-b2035,27,9833472,0.77,0.0
c000-b2035-s27,c000-b2035,27,9864192,0.8,0.0
c000-b2035-s27,c000-b2035,27,9894912,0.82,0.0
c000-b2035-s27,c000-b2035,27,9925632,0.8,0.0
c000-b2035-s27,c000-b2035,27,9956352,0.78,0.0
c000-b2035-s27,c000-b2035,27,9987072,0.82,0.0
c000-b2035-s27,c000-b2035,27,10017792,0.8,0.0
c000-b2035-s27,c000-b2035,27,10048512,0.85,0.0
c000-b2035-s27,c000-b2035,27,10079232,0.87,0.0
c000-b2035-s27,c000-b2035,27,10109952,0.82,0.0
c000-b2035-s27,c000-b2035,27,10140672,0.77,0.0
c000-b2035-s27,c000-b2035,27,10171392,0.73,0.0
c000-b2035-s27,c000-b2035,27,10202112,0.81,0.0
c000-b2035-s27,c000-b2035,27,10232832,0.8,0.0
c000-b2035-s27,c000-b2035,27,10263552,0.78,0.0
c000-b2035-s27,c000-b2035,27,10294272,0.75,0.0
c000-b2035-s27,c000-b2035,27,10324992,0.78,0.0
c000-b2035-s27,c000-b2035,27,10355712,0.85,0.0
c000-b2035-s27,c000-b2035,27,10386432,0.85,0.0
c000-b2035-s27,c000-b2035,27,10417152,0.78,0.0
c000-b2035-s27,c000-b2035,27,10447872,0.83,0.0
c000-b2035-s27,c000-b2035,27,10478592,0.77,0.0
c000-b2035-s27,c000-b2035,27,10509312,0.82,0.0
c000-b2035-s27,c000-b2035,27,10540032,0.87,0.0
c000-b2035-s27,c000-b2035,27,10570752,0.8,0.0
c000-b2035-s27,c000-b2035,27,10601472,0.82,0.0
c000-b2035-s27,c000-b2035,27,10632192,0.85,0.0
c000-b2035-s27,c000-b2035,27,10662912,0.84,0.0
c000-b2035-s27,c000-b2035,27,10693632,0.78,0.0
c000-b2035-s27,c000-b2035,27,10724352,0.81,0.0
c000-b2035-s27,c000-b2035,27,10755072,0.82,0.0
c000-b2035-s27,c000-b2035,27,10785792,0.82,0.0
c000-b2035-s27,c000-b2035,27,10816512,0.86,0.0
c000-b2035-s27,c000-b2035,27,10847232,0.79,0.0
c000-b2035-s27,c000-b2035,27,10877952,0.77,0.0
c000-b2035-s27,c000-b2035,27,10908672,0.81,0.0
c000-b2035-s27,c000-b2035,27,10939392,0.85,0.0
c000-b2035-s27,c000-b2035,27,10970112,0.86,0.0
c000-b2035-s27,c000-b2035,27,11000832,0.74,0.0
c000-b2035-s27,c000-b2035,27,11031552,0.72,0.0
c000-b2035-s27,c000-b2035,27,11062272,0.82,0.0
c000-b2035-s27,c000-b2035,27,11092992,0.85,0.0
c000-b2035-s27,c000-b2035,27,11123712,0.82,0.0
c000-b2035-s27,c000-b2035,27,11154432,0.78,0.0
c000-b2035-s27,c000-b2035,27,11185152,0.83,0.0
c000-b2035-s27,c000-b2035,27,11215872,0.89,0.0
c000-b2035-s27,c000-b2035,27,11246592,0.79,0.0
c000-b2035-s27,c000-b2035,27,11277312,0.82,0.0
c000-b2035-s27,c000-b2035,27,11308032,0.83,0.0
c000-b2035-s27,c000-b2035,27,11338752,0.86,0.0
c000-b2035-s27,c000-b2035,27,11369472,0.75,0.0
c000-b2035-s27,c000-b2035,27,11400192,0.8,0.0
c000-b2035-s27,c000-b2035,27,11430912,0.75,0.0
c000-b2035-s27,c000-b2035,27,11461632,0.81,0.0
c000-b2035-s27,c000-b2035,27,11492352,0.82,0.0
c000-b2035-s27,c000-b2035,27,11523072,0.83,0.0
c000-b2035-s27,c000-b2035,27,11553792,0.84,0.0
c000-b2035-s27,c000-b2035,27,11584512,0.84,0.0
c000-b2035-s27,c000-b2035,27,11615232,0.86,0.0
c000-b2035-s27,c000-b2035,27,11645952,0.77,0.0
c000-b2035-s27,c000-b2035,27,11676672,0.89,0.0
c000-b2035-s27,c000-b2035,27,11707392,0.8,0.0
c000-b2035-s27,c000-b2035,27,11738112,0.74,0.0
c000-b2035-s27,c000-b2035,27,11768832,0.75,0.0
c000-b2035-s27,c000-b2035,27,11799552,0.79,0.0
c000-b2035-s27,c000-b2035,27,11830272,0.82,0.0
c000-b2035-s27,c000-b2035,27,11860992,0.82,0.0
c000-b2035-s27,c000-b2035,27,11891712,0.86,0.0
c000-b2035-s27,c000-b2035,27,11922432,0.87,0.0
c000-b2035-s27,c000-b2035,27,11953152,0.78,0.0
c000-b2035-s27,c000-b2035,27,11983872,0.82,0.0
c000-b2035-s27,c000-b2035,27,12014592,0.85,0.0
c000-b2035-s27,c000-b2035,27,12045312,0.82,0.0
c000-b2035-s27,c000-b2035,27,12076032,0.89,0.0
c000-b2035-s27,c000-b2035,27,12106752,0.83,0.0
c000-b2035-s27,c000-b2035,27,12137472,0.88,0.0
c000-b2035-s27,c000-b2035,27,12168192,0.81,0.0
c000-b2035-s27,c000-b2035,27,12198912,0.81,0.0
c000-b2035-s27,c000-b2035,27,12229632,0.79,0.0
c000-b2035-s27,c000-b2035,27,12260352,0.82,0.0
c000-b2035-s27,c000-b2035,27,12291072,0.89,0.0
c000-b2035-s27,c000-b2035,27,12321792,0.78,0.0
c000-b2035-s27,c000-b2035,27,12352512,0.82,0.0
c000-b2035-s27,c000-b2035,27,12383232,0.83,0.0
c000-b2035-s27,c000-b2035,27,12413952,0.84,0.0
c000-b2035-s27,c000-b2035,27,12444672,0.89,0.0
c000-b2035-s27,c000-b2035,27,12475392,0.78,0.0
c000-b2035-s27,c000-b2035,27,12506112,0.89,0.0
c000-b2035-s27,c000-b2035,27,12536832,0.83,0.0
c000-b2035-s27,c000-b2035,27,12567552,0.84,0.0
c000-b2035-s27,c000-b2035,27,12598272,0.89,0.0
c000-b2035-s27,c000-b2035,27,12628992,0.81,0.0
c000-b2035-s27,c000-b2035,27,12659712,0.9,0.0
c000-b2035-s27,c000-b2035,27,12690432,0.82,0.0
c000-b2035-s27,c000-b2035,27,12721152,0.86,0.0
c000-b2035-s27,c000-b2035,27,12751872,0.91,0.0
c000-b2035-s27,c000-b2035,27,12782592,0.88,0.0
c000-b2035-s27,c000-b2035,27,12813312,0.8,0.0
c000-b2035-s27,c000-b2035,27,12844032,0.86,0.0
c000-b2035-s27,c000-b2035,27,12874752,0.88,0.0
c000-b2035-s27,c000-b2035,27,12905472,0.87,0.0
c000-b2035-s27,c000-b2035,27,12936192,0.88,0.0
c000-b2035-s27,c000-b2035,27,12966912,0.87,0.0
c000-b2035-s27,c000-b2035,27,12997632,0.81,0.0
c000-b2035-s27,c000-b2035,27,13028352,0.8,0.0
c000-b2035-s27,c000-b2035,27,13059072,0.88,0.0
c000-b2035-s27,c000-b2035,27,13089792,0.88,0.0
c000-b2035-s27,c000-b2035,27,13120512,0.84,0.0
c000-b2035-s27,c000-b2035,27,13151232,0.85,0.0
c000-b2035-s27,c000-b2035,27,13181952,0.81,0.0
c000-b2035-s27,c000-b2035,27,13212672,0.85,0.0
c000-b2035-s27,c000-b2035,27,13243392,0.84,0.0
c000-b2035-s27,c000-b2035,27,13274112,0.89,0.0
c000-b2035-s27,c000-b2035,27,13304832,0.83,0.0
c000-b2035-s27,c000-b2035,27,13335552,0.89,0.0
c000-b2035-s27,c000-b2035,27,13366272,0.81,0.0
c000-b2035-s27,c000-b2035,27,13396992,0.89,0.0
c000-b2035-s27,c000-b2035,27,13427712,0.76,0.0
c000-b2035-s27,c000-b2035,27,13458432,0.79,0.0
c000-b2035-s27,c000-b2035,27,13489152,0.78,0.0
c000-b2035-s27,c000-b2035,27,13519872,0.86,0.0
c000-b2035-s27,c000-b2035,27,13550592,0.89,0.0
c000-b2035-s27,c000-b2035,27,13581312,0.76,0.0
c000-b2035-s27,c000-b2035,27,13612032,0.85,0.0
c000-b2035-s27,c000-b2035,27,13642752,0.83,0.0
c000-b2035-s27,c000-b2035,27,13673472,0.89,0.0
c000-b2035-s27,c000-b2035,27,13704192,0.88,0.0
c000-b2035-s27,c000-b2035,27,13734912,0.86,0.0
c000-b2035-s27,c000-b2035,27,13765632,0.89,0.0
c000-b2035-s27,c000-b2035,27,13796352,0.85,0.0
c000-b2035-s27,c000-b2035,27,13827072,0.95,0.0
c000-b2035-s27,c000-b2035,27,13857792,0.88,0.0
c000-b2035-s27,c000-b2035,27,13888512,0.86,0.0
c000-b2035-s27,c000-b2035,27,13919232,0.83,0.0
c000-b2035-s27,c000-b2035,27,13949952,0.83,0.0
c000-b2035-s27,c000-b2035,27,13980672,0.92,0.0
c000-b2035-s27,c000-b2035,27,14011392,0.92,0.0
c000-b2035-s27,c000-b2035,27,14042112,0.92,0.0
c000-b2035-s27,c000-b2035,27,14072832,0.91,0.0
c000-b2035-s27,c000-b2035,27,14103552,0.9,0.0
c000-b2035-s27,c000-b2035,27,14134272,0.86,0.0
c000-b2035-s27,c000-b2035,27,14164992,0.87,0.0
c000-b2035-s27,c000-b2035,27,14195712,0.89,0.0
c000-b2035-s27,c000-b2035,27,14226432,0.9,0.0
c000-b2035-s27,c000-b2035,27,14257152,0.88,0.0
c000-b2035-s27,c000-b2035,27,14287872,0.85,0.0
c000-b2035-s27,c000-b2035,27,14318592,0.79,0.0
c000-b2035-s27,c000-b2035,27,14349312,0.92,0.0
c000-b2035-s27,c000-b2035,27,14380032,0.85,0.0
c000-b2035-s27,c000-b2035,27,14410752,0.91,0.0
c000-b2035-s27,c000-b2035,27,14441472,0.85,0.0
c000-b2035-s27,c000-b2035,27,14472192,0.88,0.0
c000-b2035-s27,c000-b2035,27,14502912,0.94,0.0
c000-b2035-s27,c000-b2035,27,14533632,0.89,0.0
c000-b2035-s27,c000-b2035,27,14564352,0.88,0.0
c000-b2035-s27,c000-b2035,27,14595072,0.92,0.0
c000-b2035-s27,c000-b2035,27,14625792,0.92,0.0
c000-b2035-s27,c000-b2035,27,14656512,0.92,0.0
c000-b2035-s27,c000-b2035,27,14687232,0.88,0.0
c000-b2035-s27,c000-b2035,27,14717952,0.84,0.0
c000-b2035-s27,c000-b2035,27,14748672,0.9,0.0
c000-b2035-s27,c000-b2035,27,14779392,0.91,0.0
c000-b2035-s27,c000-b2035,27,14810112,0.9,0.0
c000-b2035-s27,c000-b2035,27,14840832,0.87,0.0
c000-b2035-s27,c000-b2035,27,14871552,0.89,0.0
c000-b2035-s27,c000-b2035,27,14902272,0.87,0.0
c000-b2035-s27,c000-b2035,27,14932992,0.86,0.0
c000-b2035-s27,c000-b2035,27,14963712,0.9,0.0
c000-b2035-s27,c000-b2035,27,14994432,0.89,0.0
c000-b2035-s27,c000-b2035,27,14997504,0.9,0.0
c000-b2035-s28,c000-b2035,28,4457472,0.67,-1.0
c000-b2035-s28,c000-b2035,28,4488192,0.46,-0.669
c000-b2035-s28,c000-b2035,28,4518912,0.61,-0.429
c000-b2035-s28,c000-b2035,28,4549632,0.36,-0.269
c000-b2035-s28,c000-b2035,28,4580352,0.45,-0.131
c000-b2035-s28,c000-b2035,28,4611072,0.46,0.0
c000-b2035-s28,c000-b2035,28,4641792,0.39,0.0
c000-b2035-s28,c000-b2035,28,4672512,0.38,0.0
c000-b2035-s28,c000-b2035,28,4703232,0.44,0.0
c000-b2035-s28,c000-b2035,28,4733952,0.49,0.0
c000-b2035-s28,c000-b2035,28,4764672,0.41,0.0
c000-b2035-s28,c000-b2035,28,4795392,0.54,0.0
c000-b2035-s28,c000-b2035,28,4826112,0.38,0.0
c000-b2035-s28,c000-b2035,28,4856832,0.4,0.0
c000-b2035-s28,c000-b2035,28,4887552,0.47,0.0
c000-b2035-s28,c000-b2035,28,4918272,0.53,0.0
c000-b2035-s28,c000-b2035,28,4948992,0.52,0.0
c000-b2035-s28,c000-b2035,28,4979712,0.49,0.0
c000-b2035-s28,c000-b2035,28,5010432,0.45,0.0
c000-b2035-s28,c000-b2035,28,5041152,0.42,0.0
c000-b2035-s28,c000-b2035,28,5071872,0.51,0.0
c000-b2035-s28,c000-b2035,28,5102592,0.5,0.0
c000-b2035-s28,c000-b2035,28,5133312,0.54,0.0
c000-b2035-s28,c000-b2035,28,5164032,0.47,0.0
c000-b2035-s28,c000-b2035,28,5194752,0.51,0.0
c000-b2035-s28,c000-b2035,28,5225472,0.56,0.0
c000-b2035-s28,c000-b2035,28,5256192,0.52,0.0
c000-b2035-s28,c000-b2035,28,5286912,0.56,0.0
c000-b2035-s28,c000-b2035,28,5317632,0.59,0.0
c000-b2035-s28,c000-b2035,28,5348352,0.53,0.0
c000-b2035-s28,c000-b2035,28,5379072,0.52,0.0
c000-b2035-s28,c000-b2035,28,5409792,0.59,0.0
c000-b2035-s28,c000-b2035,28,5440512,0.55,0.0
c000-b2035-s28,c000-b2035,28,5471232,0.51,0.0
c000-b2035-s28,c000-b2035,28,5501952,0.51,0.0
c000-b2035-s28,c000-b2035,28,5532672,0.65,0.0
c000-b2035-s28,c000-b2035,28,5563392,0.55,0.0
c000-b2035-s28,c000-b2035,28,5594112,0.64,0.0
c000-b2035-s28,c000-b2035,28,5624832,0.53,0.0
c000-b2035-s28,c000-b2035,28,5655552,0.62,0.0
c000-b2035-s28,c000-b2035,28,5686272,0.62,0.0
c000-b2035-s28,c000-b2035,28,5716992,0.71,0.0
c000-b2035-s28,c000-b2035,28,5747712,0.58,0.0
c000-b2035-s28,c000-b2035,28,5778432,0.55,0.0
c000-b2035-s28,c000-b2035,28,5809152,0.63,0.0
c000-b2035-s28,c000-b2035,28,5839872,0.65,0.0
c000-b2035-s28,c000-b2035,28,5870592,0.46,0.0
c000-b2035-s28,c000-b2035,28,5901312,0.66,0.0
c000-b2035-s28,c000-b2035,28,5932032,0.65,0.0
c000-b2035-s28,c000-b2035,28,5962752,0.62,0.0
c000-b2035-s28,c000-b2035,28,5993472,0.65,0.0
c000-b2035-s28,c000-b2035,28,6024192,0.63,0.0
c000-b2035-s28,c000-b2035,28,6054912,0.58,0.0
c000-b2035-s28,c000-b2035,28,6085632,0.65,0.0
c000-b2035-s28,c000-b2035,28,6116352,0.61,0.0
c000-b2035-s28,c000-b2035,28,6147072,0.67,0.0
c000-b2035-s28,c000-b2035,28,6177792,0.62,0.0
c000-b2035-s28,c000-b2035,28,6208512,0.65,0.0
c000-b2035-s28,c000-b2035,28,6239232,0.65,0.0
c000-b2035-s28,c000-b2035,28,6269952,0.59,0.0
c000-b2035-s28,c000-b2035,28,6300672,0.53,0.0
c000-b2035-s28,c000-b2035,28,6331392,0.6,0.0
c000-b2035-s28,c000-b2035,28,6362112,0.57,0.0
c000-b2035-s28,c000-b2035,28,6392832,0.71,0.0
c000-b2035-s28,c000-b2035,28,6423552,0.67,0.0
c000-b2035-s28,c000-b2035,28,6454272,0.65,0.0
c000-b2035-s28,c000-b2035,28,6484992,0.69,0.0
c000-b2035-s28,c000-b2035,28,6515712,0.65,0.0
c000-b2035-s28,c000-b2035,28,6546432,0.69,0.0
c000-b2035-s28,c000-b2035,28,6577152,0.63,0.0
c000-b2035-s28,c000-b2035,28,6607872,0.63,0.0
c000-b2035-s28,c000-b2035,28,6638592,0.64,0.0
c000-b2035-s28,c000-b2035,28,6669312,0.66,0.0
c000-b2035-s28,c000-b2035,28,6700032,0.74,0.0
c000-b2035-s28,c000-b2035,28,6730752,0.66,0.0
c000-b2035-s28,c000-b2035,28,6761472,0.63,0.0
c000-b2035-s28,c000-b2035,28,6792192,0.76,0.0
c000-b2035-s28,c000-b2035,28,6822912,0.7,0.0
c000-b2035-s28,c000-b2035,28,6853632,0.66,0.0
c000-b2035-s28,c000-b2035,28,6884352,0.65,0.0
c000-b2035-s28,c000-b2035,28,6915072,0.67,0.0
c000-b2035-s28,c000-b2035,28,6945792,0.71,0.0
c000-b2035-s28,c000-b2035,28,6976512,0.7,0.0
c000-b2035-s28,c000-b2035,28,7007232,0.65,0.0
c000-b2035-s28,c000-b2035,28,7037952,0.76,0.0
c000-b2035-s28,c000-b2035,28,7068672,0.73,0.0
c000-b2035-s28,c000-b2035,28,7099392,0.6,0.0
c000-b2035-s28,c000-b2035,28,7130112,0.68,0.0
c000-b2035-s28,c000-b2035,28,7160832,0.67,0.0
c000-b2035-s28,c000-b2035,28,7191552,0.68,0.0
c000-b2035-s28,c000-b2035,28,7222272,0.65,0.0
c000-b2035-s28,c000-b2035,28,7252992,0.72,0.0
c000-b2035-s28,c000-b2035,28,7283712,0.66,0.0
c000-b2035-s28,c000-b2035,28,7314432,0.66,0.0
c000-b2035-s28,c000-b2035,28,7345152,0.68,0.0
c000-b2035-s28,c000-b2035,28,7375872,0.7,0.0
c000-b2035-s28,c000-b2035,28,7406592,0.68,0.0
c000-b2035-s28,c000-b2035,28,7437312,0.6,0.0
c000-b2035-s28,c000-b2035,28,7468032,0.73,0.0
c000-b2035-s28,c000-b2035,28,7498752,0.58,0.0
c000-b2035-s28,c000-b2035,28,7529472,0.65,0.0
c000-b2035-s28,c000-b2035,28,7560192,0.64,0.0
c000-b2035-s28,c000-b2035,28,7590912,0.72,0.0
c000-b2035-s28,c000-b2035,28,7621632,0.73,0.0
c000-b2035-s28,c000-b2035,28,7652352,0.69,0.0
c000-b2035-s28,c000-b2035,28,7683072,0.71,0.0
c000-b2035-s28,c000-b2035,28,7713792,0.71,0.0
c000-b2035-s28,c000-b2035,28,7744512,0.7,0.0
c000-b2035-s28,c000-b2035,28,7775232,0.65,0.0
c000-b2035-s28,c000-b2035,28,7805952,0.62,0.0
c000-b2035-s28,c000-b2035,28,7836672,0.75,0.0
c000-b2035-s28,c000-b2035,28,7867392,0.66,0.0
c000-b2035-s28,c000-b2035,28,7898112,0.7,0.0
c000-b2035-s28,c000-b2035,28,7928832,0.65,0.0
c000-b2035-s28,c000-b2035,28,7959552,0.74,0.0
c000-b2035-s28,c000-b2035,28,7990272,0.62,0.0
c000-b2035-s28,c000-b2035,28,8020992,0.75,0.0
c000-b2035-s28,c000-b2035,28,8051712,0.6,0.0
c000-b2035-s28,c000-b2035,28,8082432,0.72,0.0
c000-b2035-s28,c000-b2035,28,8113152,0.73,0.0
c000-b2035-s28,c000-b2035,28,8143872,0.75,0.0
c000-b2035-s28,c000-b2035,28,8174592,0.75,0.0
c000-b2035-s28,c000-b2035,28,8205312,0.7,0.0
c000-b2035-s28,c000-b2035,28,8236032,0.71,0.0
c000-b2035-s28,c000-b2035,28,8266752,0.7,0.0
c000-b2035-s28,c000-b2035,28,8297472,0.71,0.0
c000-b2035-s28,c000-b2035,28,8328192,0.81,0.0
c000-b2035-s28,c000-b2035,28,8358912,0.74,0.0
c000-b2035-s28,c000-b2035,28,8389632,0.7,0.0
c000-b2035-s28,c000-b2035,28,8420352,0.77,0.0
c000-b2035-s28,c000-b2035,28,8451072,0.7,0.0
c000-b2035-s28,c000-b2035,28,8481792,0.67,0.0
c000-b2035-s28,c000-b2035,28,8512512,0.77,0.0
c000-b2035-s28,c000-b2035,28,8543232,0.7,0.0
c000-b2035-s28,c000-b2035,28,8573952,0.73,0.0
c000-b2035-s28,c000-b2035,28,8604672,0.62,0.0
c000-b2035-s28,c000-b2035,28,8635392,0.78,0.0
c000-b2035-s28,c000-b2035,28,8666112,0.66,0.0
c000-b2035-s28,c000-b2035,28,8696832,0.68,0.0
c000-b2035-s28,c000-b2035,28,8727552,0.7,0.0
c000-b2035-s28,c000-b2035,28,8758272,0.75,0.0
c000-b2035-s28,c000-b2035,28,8788992,0.68,0.0
c000-b2035-s28,c000-b2035,28,8819712,0.64,0.0
c000-b2035-s28,c000-b2035,28,8850432,0.77,0.0
c000-b2035-s28,c000-b2035,28,8881152,0.71,0.0
c000-b2035-s28,c000-b2035,28,8911872,0.69,0.0
c000-b2035-s28,c000-b2035,28,8942592,0.78,0.0
c000-b2035-s28,c000-b2035,28,8973312,0.66,0.0
c000-b2035-s28,c000-b2035,28,9004032,0.7,0.0
c000-b2035-s28,c000-b2035,28,9034752,0.78,0.0
c000-b2035-s28,c000-b2035,28,9065472,0.79,0.0
c000-b2035-s28,c000-b2035,28,9096192,0.65,0.0
c000-b2035-s28,c000-b2035,28,9126912,0.71,0.0
c000-b2035-s28,c000-b2035,28,9157632,0.74,0.0
c000-b2035-s28,c000-b2035,28,9188352,0.75,0.0
c000-b2035-s28,c000-b2035,28,9219072,0.76,0.0
c000-b2035-s28,c000-b2035,28,9249792,0.79,0.0
c000-b2035-s28,c000-b2035,28,9280512,0.75,0.0
c000-b2035-s28,c000-b2035,28,9311232,0.73,0.0
c000-b2035-s28,c000-b2035,28,9341952,0.67,0.0
c000-b2035-s28,c000-b2035,28,9372672,0.77,0.0
c000-b2035-s28,c000-b2035,28,9403392,0.81,0.0
c000-b2035-s28,c000-b2035,28,9434112,0.72,0.0
c000-b2035-s28,c000-b2035,28,9464832,0.8,0.0
c000-b2035-s28,c000-b2035,28,9495552,0.8,0.0
c000-b2035-s28,c000-b2035,28,9526272,0.78,0.0
c000-b2035-s28,c000-b2035,28,9556992,0.75,0.0
c000-b2035-s28,c000-b2035,28,9587712,0.71,0.0
c000-b2035-s28,c000-b2035,28,9618432,0.71,0.0
c000-b2035-s28,c000-b2035,28,9649152,0.74,0.0
c000-b2035-s28,c000-b2035,28,9679872,0.76,0.0
c000-b2035-s28,c000-b2035,28,9710592,0.8,0.0
c000-b2035-s28,c000-b2035,28,9741312,0.74,0.0
c000-b2035-s28,c000-b2035,28,9772032,0.85,0.0
c000-b2035-s28,c000-b2035,28,9802752,0.87,0.0
c000-b2035-s28,c000-b2035,28,9833472,0.74,0.0
c000-b2035-s28,c000-b2035,28,9864192,0.8,0.0
c000-b2035-s28,c000-b2035,28,9894912,0.72,0.0
c000-b2035-s28,c000-b2035,28,9925632,0.73,0.0
c000-b2035-s28,c000-b2035,28,9956352,0.75,0.0
c000-b2035-s28,c000-b2035,28,9987072,0.75,0.0
c000-b2035-s28,c000-b2035,28,10017792,0.8,0.0
c000-b2035-s28,c000-b2035,28,10048512,0.7,0.0
c000-b2035-s28,c000-b2035,28,10079232,0.71,0.0
c000-b2035-s28,c000-b2035,28,10109952,0.65,0.0
c000-b2035-s28,c000-b2035,28,10140672,0.77,0.0
c000-b2035-s28,c000-b2035,28,10171392,0.69,0.0
c000-b2035-s28,c000-b2035,28,10202112,0.75,0.0
c000-b2035-s28,c000-b2035,28,10232832,0.77,0.0
c000-b2035-s28,c000-b2035,28,10263552,0.84,0.0
c000-b2035-s28,c000-b2035,28,10294272,0.75,0.0
c000-b2035-s28,c000-b2035,28,10324992,0.7,0.0
c000-b2035-s28,c000-b2035,28,10355712,0.75,0.0
c000-b2035-s28,c000-b2035,28,10386432,0.77,0.0
c000-b2035-s28,c000-b2035,28,10417152,0.83,0.0
c000-b2035-s28,c000-b2035,28,10447872,0.83,0.0
c000-b2035-s28,c000-b2035,28,10478592,0.86,0.0
c000-b2035-s28,c000-b2035,28,10509312,0.71,0.0
c000-b2035-s28,c000-b2035,28,10540032,0.78,0.0
c000-b2035-s28,c000-b2035,28,10570752,0.79,0.0
c000-b2035-s28,c000-b2035,28,10601472,0.84,0.0
c000-b2035-s28,c000-b2035,28,10632192,0.84,0.0
c000-b2035-s28,c000-b2035,28,10662912,0.75,0.0
c000-b2035-s28,c000-b2035,28,10693632,0.76,0.0
c000-b2035-s28,c000-b2035,28,10724352,0.77,0.0
c000-b2035-s28,c000-b2035,28,10755072,0.81,0.0
c000-b2035-s28,c000-b2035,28,10785792,0.77,0.0
c000-b2035-s28,c000-b2035,28,10816512,0.8,0.0
c000-b2035-s28,c000-b2035,28,10847232,0.86,0.0
c000-b2035-s28,c000-b2035,28,10877952,0.75,0.0
c000-b2035-s28,c000-b2035,28,10908672,0.78,0.0
c000-b2035-s28,c000-b2035,28,10939392,0.78,0.0
c000-b2035-s28,c000-b2035,28,10970112,0.8,0.0
c000-b2035-s28,c000-b2035,28,11000832,0.82,0.0
c000-b2035-s28,c000-b2035,28,11031552,0.85,0.0
c000-b2035-s28,c000-b2035,28,11062272,0.79,0.0
c000-b2035-s28,c000-b2035,28,11092992,0.79,0.0
c000-b2035-s28,c000-b2035,28,11123712,0.76,0.0
c000-b2035-s28,c000-b2035,28,11154432,0.8,0.0
c000-b2035-s28,c000-b2035,28,11185152,0.77,0.0
c000-b2035-s28,c000-b2035,28,11215872,0.78,0.0
c000-b2035-s28,c000-b2035,28,11246592,0.79,0.0
c000-b2035-s28,c000-b2035,28,11277312,0.77,0.0
c000-b2035-s28,c000-b2035,28,11308032,0.77,0.0
c000-b2035-s28,c000-b2035,28,11338752,0.73,0.0
c000-b2035-s28,c000-b2035,28,11369472,0.79,0.0
c000-b2035-s28,c000-b2035,28,11400192,0.78,0.0
c000-b2035-s28,c000-b2035,28,11430912,0.79,0.0
c000-b2035-s28,c000-b2035,28,11461632,0.76,0.0
c000-b2035-s28,c000-b2035,28,11492352,0.83,0.0
c000-b2035-s28,c000-b2035,28,11523072,0.89,0.0
c000-b2035-s28,c000-b2035,28,11553792,0.84,0.0
c000-b2035-s28,c000-b2035,28,11584512,0.76,0.0
c000-b2035-s28,c000-b2035,28,11615232,0.93,0.0
c000-b2035-s28,c000-b2035,28,11645952,0.79,0.0
c000-b2035-s28,c000-b2035,28,11676672,0.71,0.0
c000-b2035-s28,c000-b2035,28,11707392,0.78,0.0
c000-b2035-s28,c000-b2035,28,11738112,0.77,0.0
c000-b2035-s28,c000-b2035,28,11768832,0.76,0.0
c000-b2035-s28,c000-b2035,28,11799552,0.84,0.0
c000-b2035-s28,c000-b2035,28,11830272,0.8,0.0
c000-b2035-s28,c000-b2035,28,11860992,0.83,0.0
c000-b2035-s28,c000-b2035,28,11891712,0.8,0.0
c000-b2035-s28,c000-b2035,28,11922432,0.82,0.0
c000-b2035-s28,c000-b2035,28,11953152,0.82,0.0
c000-b2035-s28,c000-b2035,28,11983872,0.8,0.0
c000-b2035-s28,c000-b2035,28,12014592,0.85,0.0
c000-b2035-s28,c000-b2035,28,12045312,0.8,0.0
c000-b2035-s28,c000-b2035,28,12076032,0.81,0.0
c000-b2035-s28,c000-b2035,28,12106752,0.77,0.0
c000-b2035-s28,c000-b2035,28,12137472,0.78,0.0
c000-b2035-s28,c000-b2035,28,12168192,0.77,0.0
c000-b2035-s28,c000-b2035,28,12198912,0.8,0.0
c000-b2035-s28,c000-b2035,28,12229632,0.75,0.0
c000-b2035-s28,c000-b2035,28,12260352,0.89,0.0
c000-b2035-s28,c000-b2035,28,12291072,0.79,0.0
c000-b2035-s28,c000-b2035,28,12321792,0.85,0.0
c000-b2035-s28,c000-b2035,28,12352512,0.77,0.0
c000-b2035-s28,c000-b2035,28,12383232,0.82,0.0
c000-b2035-s28,c000-b2035,28,12413952,0.73,0.0
c000-b2035-s28,c000-b2035,28,12444672,0.78,0.0
c000-b2035-s28,c000-b2035,28,12475392,0.83,0.0
c000-b2035-s28,c000-b2035,28,12506112,0.77,0.0
c000-b2035-s28,c000-b2035,28,12536832,0.87,0.0
c000-b2035-s28,c000-b2035,28,12567552,0.83,0.0
c000-b2035-s28,c000-b2035,28,12598272,0.82,0.0
c000-b2035-s28,c000-b2035,28,12628992,0.88,0.0
c000-b2035-s28,c000-b2035,28,12659712,0.77,0.0
c000-b2035-s28,c000-b2035,28,12690432,0.88,0.0
c000-b2035-s28,c000-b2035,28,12721152,0.84,0.0
c000-b2035-s28,c000-b2035,28,12751872,0.86,0.0
c000-b2035-s28,c000-b2035,28,12782592,0.86,0.0
c000-b2035-s28,c000-b2035,28,12813312,0.88,0.0
c000-b2035-s28,c000-b2035,28,12844032,0.87,0.0
c000-b2035-s28,c000-b2035,28,12874752,0.84,0.0
c000-b2035-s28,c000-b2035,28,12905472,0.81,0.0
c000-b2035-s28,c000-b2035,28,12936192,0.81,0.0
c000-b2035-s28,c000-b2035,28,12966912,0.81,0.0
c000-b2035-s28,c000-b2035,28,12997632,0.81,0.0
c000-b2035-s28,c000-b2035,28,13028352,0.84,0.0
c000-b2035-s28,c000-b2035,28,13059072,0.79,0.0
c000-b2035-s28,c000-b2035,28,13089792,0.88,0.0
c000-b2035-s28,c000-b2035,28,13120512,0.8,0.0
c000-b2035-s28,c000-b2035,28,13151232,0.92,0.0
c000-b2035-s28,c000-b2035,28,13181952,0.87,0.0
c000-b2035-s28,c000-b2035,28,13212672,0.89,0.0
c000-b2035-s28,c000-b2035,28,13243392,0.8,0.0
c000-b2035-s28,c000-b2035,28,13274112,0.83,0.0
c000-b2035-s28,c000-b2035,28,13304832,0.87,0.0
c000-b2035-s28,c000-b2035,28,13335552,0.82,0.0
c000-b2035-s28,c000-b2035,28,13366272,0.87,0.0
c000-b2035-s28,c000-b2035,28,13396992,0.89,0.0
c000-b2035-s28,c000-b2035,28,13427712,0.83,0.0
c000-b2035-s28,c000-b2035,28,13458432,0.89,0.0
c000-b2035-s28,c000-b2035,28,13489152,0.81,0.0
c000-b2035-s28,c000-b2035,28,13519872,0.86,0.0
c000-b2035-s28,c000-b2035,28,13550592,0.81,0.0
c000-b2035-s28,c000-b2035,28,13581312,0.89,0.0
c000-b2035-s28,c000-b2035,28,13612032,0.91,0.0
c000-b2035-s28,c000-b2035,28,13642752,0.87,0.0
c000-b2035-s28,c000-b2035,28,13673472,0.84,0.0
c000-b2035-s28,c000-b2035,28,13704192,0.85,0.0
c000-b2035-s28,c000-b2035,28,13734912,0.85,0.0
c000-b2035-s28,c000-b2035,28,13765632,0.92,0.0
c000-b2035-s28,c000-b2035,28,13796352,0.73,0.0
c000-b2035-s28,c000-b2035,28,13827072,0.9,0.0
c000-b2035-s28,c000-b2035,28,13857792,0.85,0.0
c000-b2035-s28,c000-b2035,28,13888512,0.87,0.0
c000-b2035-s28,c000-b2035,28,13919232,0.82,0.0
c000-b2035-s28,c000-b2035,28,13949952,0.89,0.0
c000-b2035-s28,c000-b2035,28,13980672,0.9,0.0
c000-b2035-s28,c000-b2035,28,14011392,0.89,0.0
c000-b2035-s28,c000-b2035,28,14042112,0.89,0.0
c000-b2035-s28,c000-b2035,28,14072832,0.91,0.0
c000-b2035-s28,c000-b2035,28,14103552,0.85,0.0
c000-b2035-s28,c000-b2035,28,14134272,0.9,0.0
c000-b2035-s28,c000-b2035,28,14164992,0.86,0.0
c000-b2035-s28,c000-b2035,28,14195712,0.91,0.0
c000-b2035-s28,c000-b2035,28,14226432,0.85,0.0
c000-b2035-s28,c000-b2035,28,14257152,0.89,0.0
c000-b2035-s28,c000-b2035,28,14287872,0.9,0.0
c000-b2035-s28,c000-b2035,28,14318592,0.9,0.0
c000-b2035-s28,c000-b2035,28,14349312,0.88,0.0
c000-b2035-s28,c000-b2035,28,14380032,0.86,0.0
c000-b2035-s28,c000-b2035,28,14410752,0.92,0.0
c000-b2035-s28,c000-b2035,28,14441472,0.87,0.0
c000-b2035-s28,c000-b2035,28,14472192,0.92,0.0
c000-b2035-s28,c000-b2035,28,14502912,0.89,0.0
c000-b2035-s28,c000-b2035,28,14533632,0.92,0.0
c000-b2035-s28,c000-b2035,28,14564352,0.9,0.0
c000-b2035-s28,c000-b2035,28,14595072,0.89,0.0
c000-b2035-s28,c000-b2035,28,14625792,0.9,0.0
c000-b2035-s28,c000-b2035,28,14656512,0.92,0.0
c000-b2035-s28,c000-b2035,28,14687232,0.92,0.0
c000-b2035-s28,c000-b2035,28,14717952,0.93,0.0
c000-b2035-s28,c000-b2035,28,14748672,0.94,0.0
c000-b2035-s28,c000-b2035,28,14779392,0.83,0.0
c000-b2035-s28,c000-b2035,28,14810112,0.87,0.0
c000-b2035-s28,c000-b2035,28,14840832,0.94,0.0
c000-b2035-s28,c000-b2035,28,14871552,0.95,0.0
c000-b2035-s28,c000-b2035,28,14902272,0.94,0.0
c000-b2035-s28,c000-b2035,28,14932992,0.89,0.0
c000-b2035-s28,c000-b2035,28,14963712,0.89,0.0
c000-b2035-s28,c000-b2035,28,14994432,0.92,0.0
c000-b2035-s28,c000-b2035,28,14997504,0.92,0.0
c000-b2035-s29,c000-b2035,29,4918272,0.68,-1.0
c000-b2035-s29,c000-b2035,29,4948992,0.59,-0.662
c000-b2035-s29,c000-b2035,29,4979712,0.47,-0.372
c000-b2035-s29,c000-b2035,29,5010432,0.42,-0.168
c000-b2035-s29,c000-b2035,29,5041152,0.42,0.0
c000-b2035-s29,c000-b2035,29,5071872,0.42,0.0
c000-b2035-s29,c000-b2035,29,5102592,0.5,0.0
c000-b2035-s29,c000-b2035,29,5133312,0.46,0.0
c000-b2035-s29,c000-b2035,29,5164032,0.39,0.0
c000-b2035-s29,c000-b2035,29,5194752,0.57,0.0
c000-b2035-s29,c000-b2035,29,5225472,0.5,0.0
c000-b2035-s29,c000-b2035,29,5256192,0.55,0.0
c000-b2035-s29,c000-b2035,29,5286912,0.43,0.0
c000-b2035-s29,c000-b2035,29,5317632,0.58,0.0
c000-b2035-s29,c000-b2035,29,5348352,0.5,0.0
c000-b2035-s29,c000-b2035,29,5379072,0.58,0.0
c000-b2035-s29,c000-b2035,29,5409792,0.48,0.0
c000-b2035-s29,c000-b2035,29,5440512,0.51,0.0
c000-b2035-s29,c000-b2035,29,5471232,0.42,0.0
c000-b2035-s29,c000-b2035,29,5501952,0.48,0.0
c000-b2035-s29,c000-b2035,29,5532672,0.58,0.0
c000-b2035-s29,c000-b2035,29,5563392,0.59,0.0
c000-b2035-s29,c000-b2035,29,5594112,0.5,0.0
c000-b2035-s29,c000-b2035,29,5624832,0.59,0.0
c000-b2035-s29,c000-b2035,29,5655552,0.43,0.0
c000-b2035-s29,c000-b2035,29,5686272,0.5,0.0
c000-b2035-s29,c000-b2035,29,5716992,0.63,0.0
c000-b2035-s29,c000-b2035,29,5747712,0.63,0.0
c000-b2035-s29,c000-b2035,29,5778432,0.49,0.0
c000-b2035-s29,c000-b2035,29,5809152,0.53,0.0
c000-b2035-s29,c000-b2035,29,5839872,0.62,0.0
c000-b2035-s29,c000-b2035,29,5870592,0.49,0.0
c000-b2035-s29,c000-b2035,29,5901312,0.54,0.0
c000-b2035-s29,c000-b2035,29,5932032,0.52,0.0
c000-b2035-s29,c000-b2035,29,5962752,0.51,0.0
c000-b2035-s29,c000-b2035,29,5993472,0.47,0.0
c000-b2035-s29,c000-b2035,29,6024192,0.57,0.0
c000-b2035-s29,c000-b2035,29,6054912,0.65,0.0
c000-b2035-s29,c000-b2035,29,6085632,0.61,0.0
c000-b2035-s29,c000-b2035,29,6116352,0.61,0.0
c000-b2035-s29,c000-b2035,29,6147072,0.6,0.0
c000-b2035-s29,c000-b2035,29,6177792,0.66,0.0
c000-b2035-s29,c000-b2035,29,6208512,0.63,0.0
c000-b2035-s29,c000-b2035,29,6239232,0.59,0.0
c000-b2035-s29,c000-b2035,29,6269952,0.57,0.0
c000-b2035-s29,c000-b2035,29,6300672,0.65,0.0
c000-b2035-s29,c000-b2035,29,6331392,0.62,0.0
c000-b2035-s29,c000-b2035,29,6362112,0.6,0.0
c000-b2035-s29,c000-b2035,29,6392832,0.65,0.0
c000-b2035-s29,c000-b2035,29,6423552,0.65,0.0
c000-b2035-s29,c000-b2035,29,6454272,0.59,0.0
c000-b2035-s29,c000-b2035,29,6484992,0.51,0.0
c000-b2035-s29,c000-b2035,29,6515712,0.68,0.0
c000-b2035-s29,c000-b2035,29,6546432,0.58,0.0
c000-b2035-s29,c000-b2035,29,6577152,0.62,0.0
c000-b2035-s29,c000-b2035,29,6607872,0.69,0.0
c000-b2035-s29,c000-b2035,29,6638592,0.62,0.0
c000-b2035-s29,c000-b2035,29,6669312,0.56,0.0
c000-b2035-s29,c000-b2035,29,6700032,0.67,0.0
c000-b2035-s29,c000-b2035,29,6730752,0.64,0.0
c000-b2035-s29,c000-b2035,29,6761472,0.6,0.0
c000-b2035-s29,c000-b2035,29,6792192,0.6,0.0
c000-b2035-s29,c000-b2035,29,6822912,0.65,0.0
c000-b2035-s29,c000-b2035,29,6853632,0.68,0.0
c000-b2035-s29,c000-b2035,29,6884352,0.65,0.0
c000-b2035-s29,c000-b2035,29,6915072,0.7,0.0
c000-b2035-s29,c000-b2035,29,6945792,0.65,0.0
c000-b2035-s29,c000-b2035,29,6976512,0.63,0.0
c000-b2035-s29,c000-b2035,29,7007232,0.69,0.0
c000-b2035-s29,c000-b2035,29,7037952,0.7,0.0
c000-b2035-s29,c000-b2035,29,7068672,0.69,0.0
c000-b2035-s29,c000-b2035,29,7099392,0.68,0.0
c000-b2035-s29,c000-b2035,29,7130112,0.64,0.0
c000-b2035-s29,c000-b2035,29,7160832,0.58,0.0
c000-b2035-s29,c000-b2035,29,7191552,0.69,0.0
c000-b2035-s29,c000-b2035,29,7222272,0.62,0.0
c000-b2035-s29,c000-b2035,29,7252992,0.64,0.0
c000-b2035-s29,c000-b2035,29,7283712,0.66,0.0
c000-b2035-s29,c000-b2035,29,7314432,0.69,0.0
c000-b2035-s29,c000-b2035,29,7345152,0.62,0.0
c000-b2035-s29,c000-b2035,29,7375872,0.7,0.0
c000-b2035-s29,c000-b2035,29,7406592,0.67,0.0
c000-b2035-s29,c000-b2035,29,7437312,0.57,0.0
c000-b2035-s29,c000-b2035,29,7468032,0.71,0.0
c000-b2035-s29,c000-b2035,29,7498752,0.63,0.0
c000-b2035-s29,c000-b2035,29,7529472,0.69,0.0
c000-b2035-s29,c000-b2035,29,7560192,0.67,0.0
c000-b2035-s29,c000-b2035,29,7590912,0.71,0.0
c000-b2035-s29,c000-b2035,29,7621632,0.71,0.0
c000-b2035-s29,c000-b2035,29,7652352,0.63,0.0
c000-b2035-s29,c000-b2035,29,7683072,0.68,0.0
c000-b2035-s29,c000-b2035,29,7713792,0.63,0.0
c000-b2035-s29,c000-b2035,29,7744512,0.63,0.0
c000-b2035-s29,c000-b2035,29,7775232,0.74,0.0
c000-b2035-s29,c000-b2035,29,7805952,0.67,0.0
c000-b2035-s29,c000-b2035,29,7836672,0.68,0.0
c000-b2035-s29,c000-b2035,29,7867392,0.61,0.0
c000-b2035-s29,c000-b2035,29,7898112,0.65,0.0
c000-b2035-s29,c000-b2035,29,7928832,0.64,0.0
c000-b2035-s29,c000-b2035,29,7959552,0.67,0.0
c000-b2035-s29,c000-b2035,29,7990272,0.7,0.0
c000-b2035-s29,c000-b2035,29,8020992,0.7,0.0
c000-b2035-s29,c000-b2035,29,8051712,0.68,0.0
c000-b2035-s29,c000-b2035,29,8082432,0.67,0.0
c000-b2035-s29,c000-b2035,29,8113152,0.68,0.0
c000-b2035-s29,c000-b2035,29,8143872,0.69,0.0
c000-b2035-s29,c000-b2035,29,8174592,0.65,0.0
c000-b2035-s29,c000-b2035,29,8205312,0.66,0.0
c000-b2035-s29,c000-b2035,29,8236032,0.73,0.0
c000-b2035-s29,c000-b2035,29,8266752,0.66,0.0
c000-b2035-s29,c000-b2035,29,8297472,0.68,0.0
c000-b2035-s29,c000-b2035,29,8328192,0.73,0.0
c000-b2035-s29,c000-b2035,29,8358912,0.72,0.0
c000-b2035-s29,c000-b2035,29,8389632,0.75,0.0
c000-b2035-s29,c000-b2035,29,8420352,0.75,0.0
c000-b2035-s29,c000-b2035,29,8451072,0.65,0.0
c000-b2035-s29,c000-b2035,29,8481792,0.68,0.0
c000-b2035-s29,c000-b2035,29,8512512,0.63,0.0
c000-b2035-s29,c000-b2035,29,8543232,0.57,0.0
c000-b2035-s29,c000-b2035,29,8573952,0.72,0.0
c000-b2035-s29,c000-b2035,29,8604672,0.65,0.0
c000-b2035-s29,c000-b2035,29,8635392,0.73,0.0
c000-b2035-s29,c000-b2035,29,8666112,0.75,0.0
c000-b2035-s29,c000-b2035,29,8696832,0.76,0.0
c000-b2035-s29,c000-b2035,29,8727552,0.66,0.0
c000-b2035-s29,c000-b2035,29,8758272,0.69,0.0
c000-b2035-s29,c000-b2035,29,8788992,0.72,0.0
c000-b2035-s29,c000-b2035,29,8819712,0.7,0.0
c000-b2035-s29,c000-b2035,29,8850432,0.69,0.0
c000-b2035-s29,c000-b2035,29,8881152,0.73,0.0
c000-b2035-s29,c000-b2035,29,8911872,0.72,0.0
c000-b2035-s29,c000-b2035,29,8942592,0.66,0.0
c000-b2035-s29,c000-b2035,29,8973312,0.74,0.0
c000-b2035-s29,c000-b2035,29,9004032,0.67,0.0
c000-b2035-s29,c000-b2035,29,9034752,0.76,0.0
c000-b2035-s29,c000-b2035,29,9065472,0.73,0.0
c000-b2035-s29,c000-b2035,29,9096192,0.7,0.0
c000-b2035-s29,c000-b2035,29,9126912,0.77,0.0
c000-b2035-s29,c000-b2035,29,9157632,0.73,0.0
c000-b2035-s29,c000-b2035,29,9188352,0.76,0.0
c000-b2035-s29,c000-b2035,29,9219072,0.71,0.0
c000-b2035-s29,c000-b2035,29,9249792,0.67,0.0
c000-b2035-s29,c000-b2035,29,9280512,0.67,0.0
c000-b2035-s29,c000-b2035,29,9311232,0.7,0.0
c000-b2035-s29,c000-b2035,29,9341952,0.79,0.0
c000-b2035-s29,c000-b2035,29,9372672,0.69,0.0
c000-b2035-s29,c000-b2035,29,9403392,0.77,0.0
c000-b2035-s29,c000-b2035,29,9434112,0.73,0.0
c000-b2035-s29,c000-b2035,29,9464832,0.69,0.0
c000-b2035-s29,c000-b2035,29,9495552,0.68,0.0
c000-b2035-s29,c000-b2035,29,9526272,0.72,0.0
c000-b2035-s29,c000-b2035,29,9556992,0.71,0.0
c000-b2035-s29,c000-b2035,29,9587712,0.8,0.0
c000-b2035-s29,c000-b2035,29,9618432,0.72,0.0
c000-b2035-s29,c000-b2035,29,9649152,0.71,0.0
c000-b2035-s29,c000-b2035,29,9679872,0.78,0.0
c000-b2035-s29,c000-b2035,29,9710592,0.81,0.0
c000-b2035-s29,c000-b2035,29,9741312,0.63,0.0
c000-b2035-s29,c000-b2035,29,9772032,0.66,0.0
c000-b2035-s29,c000-b2035,29,9802752,0.79,0.0
c000-b2035-s29,c000-b2035,29,9833472,0.74,0.0
c000-b2035-s29,c000-b2035,29,9864192,0.77,0.0
c000-b2035-s29,c000-b2035,29,9894912,0.75,0.0
c000-b2035-s29,c000-b2035,29,9925632,0.8,0.0
c000-b2035-s29,c000-b2035,29,9956352,0.71,0.0
c000-b2035-s29,c000-b2035,29,9987072,0.81,0.0
c000-b2035-s29,c000-b2035,29,10017792,0.8,0.0
c000-b2035-s29,c000-b2035,29,10048512,0.74,0.0
c000-b2035-s29,c000-b2035,29,10079232,0.76,0.0
c000-b2035-s29,c000-b2035,29,10109952,0.68,0.0
c000-b2035-s29,c000-b2035,29,10140672,0.75,0.0
c000-b2035-s29,c000-b2035,29,10171392,0.76,0.0
c000-b2035-s29,c000-b2035,29,10202112,0.78,0.0
c000-b2035-s29,c000-b2035,29,10232832,0.82,0.0
c000-b2035-s29,c000-b2035,29,10263552,0.73,0.0
c000-b2035-s29,c000-b2035,29,10294272,0.76,0.0
c000-b2035-s29,c000-b2035,29,10324992,0.69,0.0
c000-b2035-s29,c000-b2035,29,10355712,0.78,0.0
c000-b2035-s29,c000-b2035,29,10386432,0.79,0.0
c000-b2035-s29,c000-b2035,29,10417152,0.73,0.0
c000-b2035-s29,c000-b2035,29,10447872,0.73,0.0
c000-b2035-s29,c000-b2035,29,10478592,0.79,0.0
c000-b2035-s29,c000-b2035,29,10509312,0.78,0.0
c000-b2035-s29,c000-b2035,29,10540032,0.79,0.0
c000-b2035-s29,c000-b2035,29,10570752,0.79,0.0
c000-b2035-s29,c000-b2035,29,10601472,0.76,0.0
c000-b2035-s29,c000-b2035,29,10632192,0.72,0.0
c000-b2035-s29,c000-b2035,29,10662912,0.77,0.0
c000-b2035-s29,c000-b2035,29,10693632,0.67,0.0
c000-b2035-s29,c000-b2035,29,10724352,0.83,0.0
c000-b2035-s29,c000-b2035,29,10755072,0.82,0.0
c000-b2035-s29,c000-b2035,29,10785792,0.78,0.0
c000-b2035-s29,c000-b2035,29,10816512,0.74,0.0
c000-b2035-s29,c000-b2035,29,10847232,0.83,0.0
c000-b2035-s29,c000-b2035,29,10877952,0.8,0.0
c000-b2035-s29,c000-b2035,29,10908672,0.77,0.0
c000-b2035-s29,c000-b2035,29,10939392,0.74,0.0
c000-b2035-s29,c000-b2035,29,10970112,0.83,0.0
c000-b2035-s29,c000-b2035,29,11000832,0.85,0.0
c000-b2035-s29,c000-b2035,29,11031552,0.84,0.0
c000-b2035-s29,c000-b2035,29,11062272,0.76,0.0
c000-b2035-s29,c000-b2035,29,11092992,0.79,0.0
c000-b2035-s29,c000-b2035,29,11123712,0.78,0.0
c000-b2035-s29,c000-b2035,29,11154432,0.74,0.0
c000-b2035-s29,c000-b2035,29,11185152,0.85,0.0
c000-b2035-s29,c000-b2035,29,11215872,0.7,0.0
c000-b2035-s29,c000-b2035,29,11246592,0.78,0.0
c000-b2035-s29,c000-b2035,29,11277312,0.7,0.0
c000-b2035-s29,c000-b2035,29,11308032,0.79,0.0
c000-b2035-s29,c000-b2035,29,11338752,0.77,0.0
c000-b2035-s29,c000-b2035,29,11369472,0.81,0.0
c000-b2035-s29,c000-b2035,29,11400192,0.71,0.0
c000-b2035-s29,c000-b2035,29,11430912,0.68,0.0
c000-b2035-s29,c000-b2035,29,11461632,0.75,0.0
c000-b2035-s29,c000-b2035,29,11492352,0.75,0.0
c000-b2035-s29,c000-b2035,29,11523072,0.7,0.0
c000-b2035-s29,c000-b2035,29,11553792,0.84,0.0
c000-b2035-s29,c000-b2035,29,11584512,0.81,0.0
c000-b2035-s29,c000-b2035,29,11615232,0.87,0.0
c000-b2035-s29,c000-b2035,29,11645952,0.8,0.0
c000-b2035-s29,c000-b2035,29,11676672,0.74,0.0
c000-b2035-s29,c000-b2035,29,11707392,0.79,0.0
c000-b2035-s29,c000-b2035,29,11738112,0.77,0.0
c000-b2035-s29,c000-b2035,29,11768832,0.79,0.0
c000-b2035-s29,c000-b2035,29,11799552,0.85,0.0
c000-b2035-s29,c000-b2035,29,11830272,0.85,0.0
c000-b2035-s29,c000-b2035,29,11860992,0.82,0.0
c000-b2035-s29,c000-b2035,29,11891712,0.86,0.0
c000-b2035-s29,c000-b2035,29,11922432,0.74,0.0
c000-b2035-s29,c000-b2035,29,11953152,0.81,0.0
c000-b2035-s29,c000-b2035,29,11983872,0.83,0.0
c000-b2035-s29,c000-b2035,29,12014592,0.83,0.0
c000-b2035-s29,c000-b2035,29,12045312,0.81,0.0
c000-b2035-s29,c000-b2035,29,12076032,0.83,0.0
c000-b2035-s29,c000-b2035,29,12106752,0.77,0.0
c000-b2035-s29,c000-b2035,29,12137472,0.79,0.0
c000-b2035-s29,c000-b2035,29,12168192,0.85,0.0
c000-b2035-s29,c000-b2035,29,12198912,0.75,0.0
c000-b2035-s29,c000-b2035,29,12229632,0.86,0.0
c000-b2035-s29,c000-b2035,29,12260352,0.82,0.0
c000-b2035-s29,c000-b2035,29,12291072,0.74,0.0
c000-b2035-s29,c000-b2035,29,12321792,0.88,0.0
c000-b2035-s29,c000-b2035,29,12352512,0.78,0.0
c000-b2035-s29,c000-b2035,29,12383232,0.74,0.0
c000-b2035-s29,c000-b2035,29,12413952,0.86,0.0
c000-b2035-s29,c000-b2035,29,12444672,0.82,0.0
c000-b2035-s29,c000-b2035,29,12475392,0.75,0.0
c000-b2035-s29,c000-b2035,29,12506112,0.81,0.0
c000-b2035-s29,c000-b2035,29,12536832,0.86,0.0
c000-b2035-s29,c000-b2035,29,12567552,0.86,0.0
c000-b2035-s29,c000-b2035,29,12598272,0.82,0.0
c000-b2035-s29,c000-b2035,29,12628992,0.83,0.0
c000-b2035-s29,c000-b2035,29,12659712,0.81,0.0
c000-b2035-s29,c000-b2035,29,12690432,0.81,0.0
c000-b2035-s29,c000-b2035,29,12721152,0.77,0.0
c000-b2035-s29,c000-b2035,29,12751872,0.87,0.0
c000-b2035-s29,c000-b2035,29,12782592,0.88,0.0
c000-b2035-s29,c000-b2035,29,12813312,0.76,0.0
c000-b2035-s29,c000-b2035,29,12844032,0.8,0.0
c000-b2035-s29,c000-b2035,29,12874752,0.89,0.0
c000-b2035-s29,c000-b2035,29,12905472,0.85,0.0
c000-b2035-s29,c000-b2035,29,12936192,0.86,0.0
c000-b2035-s29,c000-b2035,29,12966912,0.78,0.0
c000-b2035-s29,c000-b2035,29,12997632,0.82,0.0
c000-b2035-s29,c000-b2035,29,13028352,0.72,0.0
c000-b2035-s29,c000-b2035,29,13059072,0.81,0.0
c000-b2035-s29,c000-b2035,29,13089792,0.8,0.0
c000-b2035-s29,c000-b2035,29,13120512,0.8,0.0
c000-b2035-s29,c000-b2035,29,13151232,0.85,0.0
c000-b2035-s29,c000-b2035,29,13181952,0.77,0.0
c000-b2035-s29,c000-b2035,29,13212672,0.85,0.0
c000-b2035-s29,c000-b2035,29,13243392,0.88,0.0
c000-b2035-s29,c000-b2035,29,13274112,0.81,0.0
c000-b2035-s29,c000-b2035,29,13304832,0.88,0.0
c000-b2035-s29,c000-b2035,29,13335552,0.83,0.0
c000-b2035-s29,c000-b2035,29,13366272,0.81,0.0
c000-b2035-s29,c000-b2035,29,13396992,0.82,0.0
c000-b2035-s29,c000-b2035,29,13427712,0.87,0.0
c000-b2035-s29,c000-b2035,29,13458432,0.88,0.0
c000-b2035-s29,c000-b2035,29,13489152,0.87,0.0
c000-b2035-s29,c000-b2035,29,13519872,0.89,0.0
c000-b2035-s29,c000-b2035,29,13550592,0.84,0.0
c000-b2035-s29,c000-b2035,29,13581312,0.9,0.0
c000-b2035-s29,c000-b2035,29,13612032,0.84,0.0
c000-b2035-s29,c000-b2035,29,13642752,0.78,0.0
c000-b2035-s29,c000-b2035,29,13673472,0.82,0.0
c000-b2035-s29,c000-b2035,29,13704192,0.89,0.0
c000-b2035-s29,c000-b2035,29,13734912,0.89,0.0
c000-b2035-s29,c000-b2035,29,13765632,0.87,0.0
c000-b2035-s29,c000-b2035,29,13796352,0.77,0.0
c000-b2035-s29,c000-b2035,29,13827072,0.78,0.0
c000-b2035-s29,c000-b2035,29,13857792,0.87,0.0
c000-b2035-s29,c000-b2035,29,13888512,0.89,0.0
c000-b2035-s29,c000-b2035,29,13919232,0.86,0.0
c000-b2035-s29,c000-b2035,29,13949952,0.88,0.0
c000-b2035-s29,c000-b2035,29,13980672,0.89,0.0
c000-b2035-s29,c000-b2035,29,14011392,0.89,0.0
c000-b2035-s29,c000-b2035,29,14042112,0.85,0.0
c000-b2035-s29,c000-b2035,29,14072832,0.91,0.0
c000-b2035-s29,c000-b2035,29,14103552,0.87,0.0
c000-b2035-s29,c000-b2035,29,14134272,0.89,0.0
c000-b2035-s29,c000-b2035,29,14164992,0.8,0.0
c000-b2035-s29,c000-b2035,29,14195712,0.87,0.0
c000-b2035-s29,c000-b2035,29,14226432,0.83,0.0
c000-b2035-s29,c000-b2035,29,14257152,0.83,0.0
c000-b2035-s29,c000-b2035,29,14287872,0.84,0.0
c000-b2035-s29,c000-b2035,29,14318592,0.88,0.0
c000-b2035-s29,c000-b2035,29,14349312,0.82,0.0
c000-b2035-s29,c000-b2035,29,14380032,0.87,0.0
c000-b2035-s29,c000-b2035,29,14410752,0.82,0.0
c000-b2035-s29,c000-b2035,29,14441472,0.83,0.0
c000-b2035-s29,c000-b2035,29,14472192,0.86,0.0
c000-b2035-s29,c000-b2035,29,14502912,0.88,0.0
c000-b2035-s29,c000-b2035,29,14533632,0.86,0.0
c000-b2035-s29,c000-b2035,29,14564352,0.81,0.0
c000-b2035-s29,c000-b2035,29,14595072,0.91,0.0
c000-b2035-s29,c000-b2035,29,14625792,0.86,0.0
c000-b2035-s29,c000-b2035,29,14656512,0.81,0.0
c000-b2035-s29,c000-b2035,29,14687232,0.91,0.0
c000-b2035-s29,c000-b2035,29,14717952,0.87,0.0
c000-b2035-s29,c000-b2035,29,14748672,0.8,0.0
c000-b2035-s29,c000-b2035,29,14779392,0.87,0.0
c000-b2035-s29,c000-b2035,29,14810112,0.86,0.0
c000-b2035-s29,c000-b2035,29,14840832,0.87,0.0
c000-b2035-s29,c000-b2035,29,14871552,0.91,0.0
c000-b2035-s29,c000-b2035,29,14902272,0.87,0.0
c000-b2035-s29,c000-b2035,29,14932992,0.87,0.0
c000-b2035-s29,c000-b2035,29,14963712,0.83,0.0
c000-b2035-s29,c000-b2035,29,14994432,0.89,0.0
c000-b2035-s29,c000-b2035,29,14997504,0.92,0.0
c000-b6080-s27,c000-b6080,27,4457472,0.7,-1.0
c000-b6080-s27,c000-b6080,27,4488192,0.65,-1.0
c000-b6080-s27,c000-b6080,27,4518912,0.62,-1.0
c000-b6080-s27,c000-b6080,27,4549632,0.68,-1.0
c000-b6080-s27,c000-b6080,27,4580352,0.6,-1.0
c000-b6080-s27,c000-b6080,27,4611072,0.63,-1.0
c000-b6080-s27,c000-b6080,27,4641792,0.64,-1.0
c000-b6080-s27,c000-b6080,27,4672512,0.65,-1.0
c000-b6080-s27,c000-b6080,27,4703232,0.62,-1.0
c000-b6080-s27,c000-b6080,27,4733952,0.78,-1.0
c000-b6080-s27,c000-b6080,27,4764672,0.7,-1.0
c000-b6080-s27,c000-b6080,27,4795392,0.62,-1.0
c000-b6080-s27,c000-b6080,27,4826112,0.71,-1.0
c000-b6080-s27,c000-b6080,27,4856832,0.65,-1.0
c000-b6080-s27,c000-b6080,27,4887552,0.63,-1.0
c000-b6080-s27,c000-b6080,27,4918272,0.72,-1.0
c000-b6080-s27,c000-b6080,27,4948992,0.67,-1.0
c000-b6080-s27,c000-b6080,27,4979712,0.7,-1.0
c000-b6080-s27,c000-b6080,27,5010432,0.57,-1.0
c000-b6080-s27,c000-b6080,27,5041152,0.58,-1.0
c000-b6080-s27,c000-b6080,27,5071872,0.7,-1.0
c000-b6080-s27,c000-b6080,27,5102592,0.66,-1.0
c000-b6080-s27,c000-b6080,27,5133312,0.71,-1.0
c000-b6080-s27,c000-b6080,27,5164032,0.72,-1.0
c000-b6080-s27,c000-b6080,27,5194752,0.65,-1.0
c000-b6080-s27,c000-b6080,27,5225472,0.71,-1.0
c000-b6080-s27,c000-b6080,27,5256192,0.76,-1.0
c000-b6080-s27,c000-b6080,27,5286912,0.66,-0.988
c000-b6080-s27,c000-b6080,27,5317632,0.68,-0.999
c000-b6080-s27,c000-b6080,27,5348352,0.67,-0.999
c000-b6080-s27,c000-b6080,27,5379072,0.63,-0.987
c000-b6080-s27,c000-b6080,27,5409792,0.67,-0.987
c000-b6080-s27,c000-b6080,27,5440512,0.66,-0.987
c000-b6080-s27,c000-b6080,27,5471232,0.74,-0.987
c000-b6080-s27,c000-b6080,27,5501952,0.77,-0.976
c000-b6080-s27,c000-b6080,27,5532672,0.67,-0.976
c000-b6080-s27,c000-b6080,27,5563392,0.78,-0.976
c000-b6080-s27,c000-b6080,27,5594112,0.77,-0.976
c000-b6080-s27,c000-b6080,27,5624832,0.71,-0.976
c000-b6080-s27,c000-b6080,27,5655552,0.75,-0.976
c000-b6080-s27,c000-b6080,27,5686272,0.66,-0.951
c000-b6080-s27,c000-b6080,27,5716992,0.77,-0.951
c000-b6080-s27,c000-b6080,27,5747712,0.72,-0.94
c000-b6080-s27,c000-b6080,27,5778432,0.77,-0.94
c000-b6080-s27,c000-b6080,27,5809152,0.69,-0.94
c000-b6080-s27,c000-b6080,27,5839872,0.72,-0.94
c000-b6080-s27,c000-b6080,27,5870592,0.68,-0.954
c000-b6080-s27,c000-b6080,27,5901312,0.77,-0.954
c000-b6080-s27,c000-b6080,27,5932032,0.7,-0.927
c000-b6080-s27,c000-b6080,27,5962752,0.7,-0.927
c000-b6080-s27,c000-b6080,27,5993472,0.77,-0.914
c000-b6080-s27,c000-b6080,27,6024192,0.77,-0.914
c000-b6080-s27,c000-b6080,27,6054912,0.72,-0.901
c000-b6080-s27,c000-b6080,27,6085632,0.74,-0.901
c000-b6080-s27,c000-b6080,27,6116352,0.69,-0.875
c000-b6080-s27,c000-b6080,27,6147072,0.69,-0.875
c000-b6080-s27,c000-b6080,27,6177792,0.76,-0.875
c000-b6080-s27,c000-b6080,27,6208512,0.79,-0.852
c000-b6080-s27,c000-b6080,27,6239232,0.75,-0.837
c000-b6080-s27,c000-b6080,27,6269952,0.71,-0.812
c000-b6080-s27,c000-b6080,27,6300672,0.76,-0.801
c000-b6080-s27,c000-b6080,27,6331392,0.65,-0.801
c000-b6080-s27,c000-b6080,27,6362112,0.75,-0.801
c000-b6080-s27,c000-b6080,27,6392832,0.71,-0.801
c000-b6080-s27,c000-b6080,27,6423552,0.77,-0.801
c000-b6080-s27,c000-b6080,27,6454272,0.73,-0.801
c000-b6080-s27,c000-b6080,27,6484992,0.7,-0.801
c000-b6080-s27,c000-b6080,27,6515712,0.8,-0.79
c000-b6080-s27,c000-b6080,27,6546432,0.84,-0.79
c000-b6080-s27,c000-b6080,27,6577152,0.77,-0.764
c000-b6080-s27,c000-b6080,27,6607872,0.78,-0.764
c000-b6080-s27,c000-b6080,27,6638592,0.78,-0.753
c000-b6080-s27,c000-b6080,27,6669312,0.69,-0.73
c000-b6080-s27,c000-b6080,27,6700032,0.77,-0.73
c000-b6080-s27,c000-b6080,27,6730752,0.83,-0.718
c000-b6080-s27,c000-b6080,27,6761472,0.7,-0.679
c000-b6080-s27,c000-b6080,27,6792192,0.72,-0.679
c000-b6080-s27,c000-b6080,27,6822912,0.76,-0.668
c000-b6080-s27,c000-b6080,27,6853632,0.76,-0.645
c000-b6080-s27,c000-b6080,27,6884352,0.71,-0.645
c000-b6080-s27,c000-b6080,27,6915072,0.77,-0.645
c000-b6080-s27,c000-b6080,27,6945792,0.79,-0.634
c000-b6080-s27,c000-b6080,27,6976512,0.74,-0.597
c000-b6080-s27,c000-b6080,27,7007232,0.68,-0.597
c000-b6080-s27,c000-b6080,27,7037952,0.79,-0.574
c000-b6080-s27,c000-b6080,27,7068672,0.73,-0.551
c000-b6080-s27,c000-b6080,27,7099392,0.85,-0.551
c000-b6080-s27,c000-b6080,27,7130112,0.74,-0.523
c000-b6080-s27,c000-b6080,27,7160832,0.74,-0.523
c000-b6080-s27,c000-b6080,27,7191552,0.75,-0.523
c000-b6080-s27,c000-b6080,27,7222272,0.74,-0.523
c000-b6080-s27,c000-b6080,27,7252992,0.71,-0.512
c000-b6080-s27,c000-b6080,27,7283712,0.72,-0.512
c000-b6080-s27,c000-b6080,27,7314432,0.74,-0.512
c000-b6080-s27,c000-b6080,27,7345152,0.74,-0.512
c000-b6080-s27,c000-b6080,27,7375872,0.7,-0.5
c000-b6080-s27,c000-b6080,27,7406592,0.79,-0.489
c000-b6080-s27,c000-b6080,27,7437312,0.76,-0.489
c000-b6080-s27,c000-b6080,27,7468032,0.65,-0.478
c000-b6080-s27,c000-b6080,27,7498752,0.71,-0.478
c000-b6080-s27,c000-b6080,27,7529472,0.77,-0.478
c000-b6080-s27,c000-b6080,27,7560192,0.71,-0.442
c000-b6080-s27,c000-b6080,27,7590912,0.83,-0.442
c000-b6080-s27,c000-b6080,27,7621632,0.72,-0.429
c000-b6080-s27,c000-b6080,27,7652352,0.75,-0.418
c000-b6080-s27,c000-b6080,27,7683072,0.78,-0.394
c000-b6080-s27,c000-b6080,27,7713792,0.71,-0.394
c000-b6080-s27,c000-b6080,27,7744512,0.78,-0.394
c000-b6080-s27,c000-b6080,27,7775232,0.73,-0.394
c000-b6080-s27,c000-b6080,27,7805952,0.76,-0.383
c000-b6080-s27,c000-b6080,27,7836672,0.72,-0.372
c000-b6080-s27,c000-b6080,27,7867392,0.74,-0.319
c000-b6080-s27,c000-b6080,27,7898112,0.74,-0.319
c000-b6080-s27,c000-b6080,27,7928832,0.74,-0.319
c000-b6080-s27,c000-b6080,27,7959552,0.7,-0.319
c000-b6080-s27,c000-b6080,27,7990272,0.73,-0.319
c000-b6080-s27,c000-b6080,27,8020992,0.74,-0.295
c000-b6080-s27,c000-b6080,27,8051712,0.75,-0.259
c000-b6080-s27,c000-b6080,27,8082432,0.76,-0.259
c000-b6080-s27,c000-b6080,27,8113152,0.68,-0.259
c000-b6080-s27,c000-b6080,27,8143872,0.78,-0.247
c000-b6080-s27,c000-b6080,27,8174592,0.73,-0.234
c000-b6080-s27,c000-b6080,27,8205312,0.74,-0.221
c000-b6080-s27,c000-b6080,27,8236032,0.7,-0.221
c000-b6080-s27,c000-b6080,27,8266752,0.8,-0.209
c000-b6080-s27,c000-b6080,27,8297472,0.67,-0.18
c000-b6080-s27,c000-b6080,27,8328192,0.71,-0.18
c000-b6080-s27,c000-b6080,27,8358912,0.76,-0.18
c000-b6080-s27,c000-b6080,27,8389632,0.75,-0.169
c000-b6080-s27,c000-b6080,27,8420352,0.72,-0.169
c000-b6080-s27,c000-b6080,27,8451072,0.72,-0.169
c000-b6080-s27,c000-b6080,27,8481792,0.71,-0.146
c000-b6080-s27,c000-b6080,27,8512512,0.8,-0.146
c000-b6080-s27,c000-b6080,27,8543232,0.74,-0.146
c000-b6080-s27,c000-b6080,27,8573952,0.71,-0.131
c000-b6080-s27,c000-b6080,27,8604672,0.79,-0.131
c000-b6080-s27,c000-b6080,27,8635392,0.73,-0.131
c000-b6080-s27,c000-b6080,27,8666112,0.8,-0.116
c000-b6080-s27,c000-b6080,27,8696832,0.71,-0.105
c000-b6080-s27,c000-b6080,27,8727552,0.83,-0.105
c000-b6080-s27,c000-b6080,27,8758272,0.72,-0.092
c000-b6080-s27,c000-b6080,27,8788992,0.8,-0.092
c000-b6080-s27,c000-b6080,27,8819712,0.75,-0.092
c000-b6080-s27,c000-b6080,27,8850432,0.8,-0.081
c000-b6080-s27,c000-b6080,27,8881152,0.7,-0.068
c000-b6080-s27,c000-b6080,27,8911872,0.71,-0.056
c000-b6080-s27,c000-b6080,27,8942592,0.85,-0.017
c000-b6080-s27,c000-b6080,27,8973312,0.69,-0.002
c000-b6080-s27,c000-b6080,27,9004032,0.72,-0.002
c000-b6080-s27,c000-b6080,27,9034752,0.71,0.0
c000-b6080-s27,c000-b6080,27,9065472,0.75,0.0
c000-b6080-s27,c000-b6080,27,9096192,0.73,0.0
c000-b6080-s27,c000-b6080,27,9126912,0.8,0.0
c000-b6080-s27,c000-b6080,27,9157632,0.8,0.0
c000-b6080-s27,c000-b6080,27,9188352,0.74,0.0
c000-b6080-s27,c000-b6080,27,9219072,0.83,0.0
c000-b6080-s27,c000-b6080,27,9249792,0.7,0.0
c000-b6080-s27,c000-b6080,27,9280512,0.81,0.0
c000-b6080-s27,c000-b6080,27,9311232,0.74,0.0
c000-b6080-s27,c000-b6080,27,9341952,0.76,0.0
c000-b6080-s27,c000-b6080,27,9372672,0.79,0.0
c000-b6080-s27,c000-b6080,27,9403392,0.79,0.0
c000-b6080-s27,c000-b6080,27,9434112,0.8,0.0
c000-b6080-s27,c000-b6080,27,9464832,0.7,0.0
c000-b6080-s27,c000-b6080,27,9495552,0.79,0.0
c000-b6080-s27,c000-b6080,27,9526272,0.77,0.0
c000-b6080-s27,c000-b6080,27,9556992,0.74,0.0
c000-b6080-s27,c000-b6080,27,9587712,0.74,0.0
c000-b6080-s27,c000-b6080,27,9618432,0.79,0.0
c000-b6080-s27,c000-b6080,27,9649152,0.74,0.0
c000-b6080-s27,c000-b6080,27,9679872,0.79,0.0
c000-b6080-s27,c000-b6080,27,9710592,0.8,0.0
c000-b6080-s27,c000-b6080,27,9741312,0.75,0.0
c000-b6080-s27,c000-b6080,27,9772032,0.76,0.0
c000-b6080-s27,c000-b6080,27,9802752,0.82,0.0
c000-b6080-s27,c000-b6080,27,9833472,0.79,0.0
c000-b6080-s27,c000-b6080,27,9864192,0.68,0.0
c000-b6080-s27,c000-b6080,27,9894912,0.8,0.0
c000-b6080-s27,c000-b6080,27,9925632,0.81,0.0
c000-b6080-s27,c000-b6080,27,9956352,0.81,0.0
c000-b6080-s27,c000-b6080,27,9987072,0.73,0.0
c000-b6080-s27,c000-b6080,27,10017792,0.77,0.0
c000-b6080-s27,c000-b6080,27,10048512,0.79,0.0
c000-b6080-s27,c000-b6080,27,10079232,0.77,0.0
c000-b6080-s27,c000-b6080,27,10109952,0.83,0.0
c000-b6080-s27,c000-b6080,27,10140672,0.82,0.0
c000-b6080-s27,c000-b6080,27,10171392,0.8,0.0
c000-b6080-s27,c000-b6080,27,10202112,0.76,0.0
c000-b6080-s27,c000-b6080,27,10232832,0.84,0.0
c000-b6080-s27,c000-b6080,27,10263552,0.82,0.0
c000-b6080-s27,c000-b6080,27,10294272,0.84,0.0
c000-b6080-s27,c000-b6080,27,10324992,0.84,0.0
c000-b6080-s27,c000-b6080,27,10355712,0.84,0.0
c000-b6080-s27,c000-b6080,27,10386432,0.77,0.0
c000-b6080-s27,c000-b6080,27,10417152,0.8,0.0
c000-b6080-s27,c000-b6080,27,10447872,0.82,0.0
c000-b6080-s27,c000-b6080,27,10478592,0.83,0.0
c000-b6080-s27,c000-b6080,27,10509312,0.78,0.0
c000-b6080-s27,c000-b6080,27,10540032,0.76,0.0
c000-b6080-s27,c000-b6080,27,10570752,0.8,0.0
c000-b6080-s27,c000-b6080,27,10601472,0.82,0.0
c000-b6080-s27,c000-b6080,27,10632192,0.75,0.0
c000-b6080-s27,c000-b6080,27,10662912,0.85,0.0
c000-b6080-s27,c000-b6080,27,10693632,0.83,0.0
c000-b6080-s27,c000-b6080,27,10724352,0.82,0.0
c000-b6080-s27,c000-b6080,27,10755072,0.79,0.0
c000-b6080-s27,c000-b6080,27,10785792,0.79,0.0
c000-b6080-s27,c000-b6080,27,10816512,0.85,0.0
c000-b6080-s27,c000-b6080,27,10847232,0.82,0.0
c000-b6080-s27,c000-b6080,27,10877952,0.82,0.0
c000-b6080-s27,c000-b6080,27,10908672,0.81,0.0
c000-b6080-s27,c000-b6080,27,10939392,0.81,0.0
c000-b6080-s27,c000-b6080,27,10970112,0.83,0.0
c000-b6080-s27,c000-b6080,27,11000832,0.83,0.0
c000-b6080-s27,c000-b6080,27,11031552,0.83,0.0
c000-b6080-s27,c000-b6080,27,11062272,0.82,0.0
c000-b6080-s27,c000-b6080,27,11092992,0.78,0.0
c000-b6080-s27,c000-b6080,27,11123712,0.8,0.0
c000-b6080-s27,c000-b6080,27,11154432,0.76,0.0
c000-b6080-s27,c000-b6080,27,11185152,0.85,0.0
c000-b6080-s27,c000-b6080,27,11215872,0.73,0.0
c000-b6080-s27,c000-b6080,27,11246592,0.79,0.0
c000-b6080-s27,c000-b6080,27,11277312,0.77,0.0
c000-b6080-s27,c000-b6080,27,11308032,0.78,0.0
c000-b6080-s27,c000-b6080,27,11338752,0.85,0.0
c000-b6080-s27,c000-b6080,27,11369472,0.77,0.0
c000-b6080-s27,c000-b6080,27,11400192,0.85,0.0
c000-b6080-s27,c000-b6080,27,11430912,0.75,0.0
c000-b6080-s27,c000-b6080,27,11461632,0.81,0.0
c000-b6080-s27,c000-b6080,27,11492352,0.77,0.0
c000-b6080-s27,c000-b6080,27,11523072,0.84,0.0
c000-b6080-s27,c000-b6080,27,11553792,0.81,0.0
c000-b6080-s27,c000-b6080,27,11584512,0.8,0.0
c000-b6080-s27,c000-b6080,27,11615232,0.76,0.0
c000-b6080-s27,c000-b6080,27,11645952,0.83,0.0
c000-b6080-s27,c000-b6080,27,11676672,0.79,0.0
c000-b6080-s27,c000-b6080,27,11707392,0.84,0.0
c000-b6080-s27,c000-b6080,27,11738112,0.86,0.0
c000-b6080-s27,c000-b6080,27,11768832,0.81,0.0
c000-b6080-s27,c000-b6080,27,11799552,0.81,0.0
c000-b6080-s27,c000-b6080,27,11830272,0.78,0.0
c000-b6080-s27,c000-b6080,27,11860992,0.8,0.0
c000-b6080-s27,c000-b6080,27,11891712,0.78,0.0
c000-b6080-s27,c000-b6080,27,11922432,0.8,0.0
c000-b6080-s27,c000-b6080,27,11953152,0.82,0.0
c000-b6080-s27,c000-b6080,27,11983872,0.85,0.0
c000-b6080-s27,c000-b6080,27,12014592,0.77,0.0
c000-b6080-s27,c000-b6080,27,12045312,0.78,0.0
c000-b6080-s27,c000-b6080,27,12076032,0.74,0.0
c000-b6080-s27,c000-b6080,27,12106752,0.79,0.0
c000-b6080-s27,c000-b6080,27,12137472,0.81,0.0
c000-b6080-s27,c000-b6080,27,12168192,0.8,0.0
c000-b6080-s27,c000-b6080,27,12198912,0.78,0.0
c000-b6080-s27,c000-b6080,27,12229632,0.86,0.0
c000-b6080-s27,c000-b6080,27,12260352,0.86,0.0
c000-b6080-s27,c000-b6080,27,12291072,0.83,0.0
c000-b6080-s27,c000-b6080,27,12321792,0.9,0.0
c000-b6080-s27,c000-b6080,27,12352512,0.83,0.0
c000-b6080-s27,c000-b6080,27,12383232,0.83,0.0
c000-b6080-s27,c000-b6080,27,12413952,0.85,0.0
c000-b6080-s27,c000-b6080,27,12444672,0.85,0.0
c000-b6080-s27,c000-b6080,27,12475392,0.8,0.0
c000-b6080-s27,c000-b6080,27,12506112,0.86,0.0
c000-b6080-s27,c000-b6080,27,12536832,0.91,0.0
c000-b6080-s27,c000-b6080,27,12567552,0.76,0.0
c000-b6080-s27,c000-b6080,27,12598272,0.81,0.0
c000-b6080-s27,c000-b6080,27,12628992,0.76,0.0
c000-b6080-s27,c000-b6080,27,12659712,0.88,0.0
c000-b6080-s27,c000-b6080,27,12690432,0.75,0.0
c000-b6080-s27,c000-b6080,27,12721152,0.86,0.0
c000-b6080-s27,c000-b6080,27,12751872,0.88,0.0
c000-b6080-s27,c000-b6080,27,12782592,0.84,0.0
c000-b6080-s27,c000-b6080,27,12813312,0.88,0.0
c000-b6080-s27,c000-b6080,27,12844032,0.92,0.0
c000-b6080-s27,c000-b6080,27,12874752,0.82,0.0
c000-b6080-s27,c000-b6080,27,12905472,0.83,0.0
c000-b6080-s27,c000-b6080,27,12936192,0.83,0.0
c000-b6080-s27,c000-b6080,27,12966912,0.87,0.0
c000-b6080-s27,c000-b6080,27,12997632,0.85,0.0
c000-b6080-s27,c000-b6080,27,13028352,0.86,0.0
c000-b6080-s27,c000-b6080,27,13059072,0.81,0.0
c000-b6080-s27,c000-b6080,27,13089792,0.82,0.0
c000-b6080-s27,c000-b6080,27,13120512,0.83,0.0
c000-b6080-s27,c000-b6080,27,13151232,0.81,0.0
c000-b6080-s27,c000-b6080,27,13181952,0.87,0.0
c000-b6080-s27,c000-b6080,27,13212672,0.89,0.0
c000-b6080-s27,c000-b6080,27,13243392,0.93,0.0
c000-b6080-s27,c000-b6080,27,13274112,0.86,0.0
c000-b6080-s27,c000-b6080,27,13304832,0.83,0.0
c000-b6080-s27,c000-b6080,27,13335552,0.84,0.0
c000-b6080-s27,c000-b6080,27,13366272,0.88,0.0
c000-b6080-s27,c000-b6080,27,13396992,0.9,0.0
c000-b6080-s27,c000-b6080,27,13427712,0.87,0.0
c000-b6080-s27,c000-b6080,27,13458432,0.89,0.0
c000-b6080-s27,c000-b6080,27,13489152,0.9,0.0
c000-b6080-s27,c000-b6080,27,13519872,0.85,0.0
c000-b6080-s27,c000-b6080,27,13550592,0.86,0.0
c000-b6080-s27,c000-b6080,27,13581312,0.87,0.0
c000-b6080-s27,c000-b6080,27,13612032,0.88,0.0
c000-b6080-s27,c000-b6080,27,13642752,0.86,0.0
c000-b6080-s27,c000-b6080,27,13673472,0.89,0.0
c000-b6080-s27,c000-b6080,27,13704192,0.85,0.0
c000-b6080-s27,c000-b6080,27,13734912,0.85,0.0
c000-b6080-s27,c000-b6080,27,13765632,0.86,0.0
c000-b6080-s27,c000-b6080,27,13796352,0.82,0.0
c000-b6080-s27,c000-b6080,27,13827072,0.86,0.0
c000-b6080-s27,c000-b6080,27,13857792,0.89,0.0
c000-b6080-s27,c000-b6080,27,13888512,0.89,0.0
c000-b6080-s27,c000-b6080,27,13919232,0.89,0.0
c000-b6080-s27,c000-b6080,27,13949952,0.89,0.0
c000-b6080-s27,c000-b6080,27,13980672,0.91,0.0
c000-b6080-s27,c000-b6080,27,14011392,0.89,0.0
c000-b6080-s27,c000-b6080,27,14042112,0.92,0.0
c000-b6080-s27,c000-b6080,27,14072832,0.91,0.0
c000-b6080-s27,c000-b6080,27,14103552,0.92,0.0
c000-b6080-s27,c000-b6080,27,14134272,0.86,0.0
c000-b6080-s27,c000-b6080,27,14164992,0.88,0.0
c000-b6080-s27,c000-b6080,27,14195712,0.88,0.0
c000-b6080-s27,c000-b6080,27,14226432,0.85,0.0
c000-b6080-s27,c000-b6080,27,14257152,0.87,0.0
c000-b6080-s27,c000-b6080,27,14287872,0.91,0.0
c000-b6080-s27,c000-b6080,27,14318592,0.88,0.0
c000-b6080-s27,c000-b6080,27,14349312,0.88,0.0
c000-b6080-s27,c000-b6080,27,14380032,0.92,0.0
c000-b6080-s27,c000-b6080,27,14410752,0.84,0.0
c000-b6080-s27,c000-b6080,27,14441472,0.93,0.0
c000-b6080-s27,c000-b6080,27,14472192,0.85,0.0
c000-b6080-s27,c000-b6080,27,14502912,0.9,0.0
c000-b6080-s27,c000-b6080,27,14533632,0.85,0.0
c000-b6080-s27,c000-b6080,27,14564352,0.92,0.0
c000-b6080-s27,c000-b6080,27,14595072,0.92,0.0
c000-b6080-s27,c000-b6080,27,14625792,0.88,0.0
c000-b6080-s27,c000-b6080,27,14656512,0.87,0.0
c000-b6080-s27,c000-b6080,27,14687232,0.85,0.0
c000-b6080-s27,c000-b6080,27,14717952,0.84,0.0
c000-b6080-s27,c000-b6080,27,14748672,0.94,0.0
c000-b6080-s27,c000-b6080,27,14779392,0.89,0.0
c000-b6080-s27,c000-b6080,27,14810112,0.91,0.0
c000-b6080-s27,c000-b6080,27,14840832,0.88,0.0
c000-b6080-s27,c000-b6080,27,14871552,0.88,0.0
c000-b6080-s27,c000-b6080,27,14902272,0.86,0.0
c000-b6080-s27,c000-b6080,27,14932992,0.85,0.0
c000-b6080-s27,c000-b6080,27,14963712,0.92,0.0
c000-b6080-s27,c000-b6080,27,14994432,0.92,0.0
c000-b6080-s27,c000-b6080,27,14997504,0.91,0.0
c000-b6080-s28,c000-b6080,28,4457472,0.67,-1.0
c000-b6080-s28,c000-b6080,28,4488192,0.67,-1.0
c000-b6080-s28,c000-b6080,28,4518912,0.62,-1.0
c000-b6080-s28,c000-b6080,28,4549632,0.58,-1.0
c000-b6080-s28,c000-b6080,28,4580352,0.62,-1.0
c000-b6080-s28,c000-b6080,28,4611072,0.57,-1.0
c000-b6080-s28,c000-b6080,28,4641792,0.61,-1.0
c000-b6080-s28,c000-b6080,28,4672512,0.63,-1.0
c000-b6080-s28,c000-b6080,28,4703232,0.64,-1.0
c000-b6080-s28,c000-b6080,28,4733952,0.6,-1.0
c000-b6080-s28,c000-b6080,28,4764672,0.61,-1.0
c000-b6080-s28,c000-b6080,28,4795392,0.6,-1.0
c000-b6080-s28,c000-b6080,28,4826112,0.56,-1.0
c000-b6080-s28,c000-b6080,28,4856832,0.68,-1.0
c000-b6080-s28,c000-b6080,28,4887552,0.65,-1.0
c000-b6080-s28,c000-b6080,28,4918272,0.7,-1.0
c000-b6080-s28,c000-b6080,28,4948992,0.58,-1.0
c000-b6080-s28,c000-b6080,28,4979712,0.74,-1.0
c000-b6080-s28,c000-b6080,28,5010432,0.71,-1.0
c000-b6080-s28,c000-b6080,28,5041152,0.7,-1.0
c000-b6080-s28,c000-b6080,28,5071872,0.74,-1.0
c000-b6080-s28,c000-b6080,28,5102592,0.7,-1.0
c000-b6080-s28,c000-b6080,28,5133312,0.64,-1.0
c000-b6080-s28,c000-b6080,28,5164032,0.67,-1.0
c000-b6080-s28,c000-b6080,28,5194752,0.64,-1.0
c000-b6080-s28,c000-b6080,28,5225472,0.75,-1.0
c000-b6080-s28,c000-b6080,28,5256192,0.76,-1.0
c000-b6080-s28,c000-b6080,28,5286912,0.66,-1.0
c000-b6080-s28,c000-b6080,28,5317632,0.69,-1.0
c000-b6080-s28,c000-b6080,28,5348352,0.71,-1.0
c000-b6080-s28,c000-b6080,28,5379072,0.68,-1.0
c000-b6080-s28,c000-b6080,28,5409792,0.76,-1.0
c000-b6080-s28,c000-b6080,28,5440512,0.64,-0.988
c000-b6080-s28,c000-b6080,28,5471232,0.8,-0.988
c000-b6080-s28,c000-b6080,28,5501952,0.71,-0.988
c000-b6080-s28,c000-b6080,28,5532672,0.66,-0.988
c000-b6080-s28,c000-b6080,28,5563392,0.69,-0.977
c000-b6080-s28,c000-b6080,28,5594112,0.7,-0.966
c000-b6080-s28,c000-b6080,28,5624832,0.66,-0.966
c000-b6080-s28,c000-b6080,28,5655552,0.64,-0.966
c000-b6080-s28,c000-b6080,28,5686272,0.67,-0.966
c000-b6080-s28,c000-b6080,28,5716992,0.7,-0.966
c000-b6080-s28,c000-b6080,28,5747712,0.73,-0.966
c000-b6080-s28,c000-b6080,28,5778432,0.75,-0.966
c000-b6080-s28,c000-b6080,28,5809152,0.74,-0.943
c000-b6080-s28,c000-b6080,28,5839872,0.78,-0.943
c000-b6080-s28,c000-b6080,28,5870592,0.66,-0.943
c000-b6080-s28,c000-b6080,28,5901312,0.73,-0.931
c000-b6080-s28,c000-b6080,28,5932032,0.65,-0.931
c000-b6080-s28,c000-b6080,28,5962752,0.64,-0.931
c000-b6080-s28,c000-b6080,28,5993472,0.73,-0.931
c000-b6080-s28,c000-b6080,28,6024192,0.84,-0.931
c000-b6080-s28,c000-b6080,28,6054912,0.84,-0.917
c000-b6080-s28,c000-b6080,28,6085632,0.78,-0.903
c000-b6080-s28,c000-b6080,28,6116352,0.75,-0.903
c000-b6080-s28,c000-b6080,28,6147072,0.71,-0.903
c000-b6080-s28,c000-b6080,28,6177792,0.75,-0.903
c000-b6080-s28,c000-b6080,28,6208512,0.82,-0.891
c000-b6080-s28,c000-b6080,28,6239232,0.72,-0.866
c000-b6080-s28,c000-b6080,28,6269952,0.69,-0.866
c000-b6080-s28,c000-b6080,28,6300672,0.7,-0.866
c000-b6080-s28,c000-b6080,28,6331392,0.76,-0.866
c000-b6080-s28,c000-b6080,28,6362112,0.77,-0.866
c000-b6080-s28,c000-b6080,28,6392832,0.68,-0.838
c000-b6080-s28,c000-b6080,28,6423552,0.74,-0.838
c000-b6080-s28,c000-b6080,28,6454272,0.72,-0.838
c000-b6080-s28,c000-b6080,28,6484992,0.67,-0.826
c000-b6080-s28,c000-b6080,28,6515712,0.72,-0.804
c000-b6080-s28,c000-b6080,28,6546432,0.64,-0.804
c000-b6080-s28,c000-b6080,28,6577152,0.67,-0.793
c000-b6080-s28,c000-b6080,28,6607872,0.73,-0.793
c000-b6080-s28,c000-b6080,28,6638592,0.79,-0.793
c000-b6080-s28,c000-b6080,28,6669312,0.78,-0.793
c000-b6080-s28,c000-b6080,28,6700032,0.74,-0.793
c000-b6080-s28,c000-b6080,28,6730752,0.73,-0.782
c000-b6080-s28,c000-b6080,28,6761472,0.68,-0.758
c000-b6080-s28,c000-b6080,28,6792192,0.75,-0.736
c000-b6080-s28,c000-b6080,28,6822912,0.81,-0.72
c000-b6080-s28,c000-b6080,28,6853632,0.75,-0.698
c000-b6080-s28,c000-b6080,28,6884352,0.7,-0.698
c000-b6080-s28,c000-b6080,28,6915072,0.7,-0.698
c000-b6080-s28,c000-b6080,28,6945792,0.66,-0.698
c000-b6080-s28,c000-b6080,28,6976512,0.7,-0.687
c000-b6080-s28,c000-b6080,28,7007232,0.77,-0.687
c000-b6080-s28,c000-b6080,28,7037952,0.82,-0.676
c000-b6080-s28,c000-b6080,28,7068672,0.74,-0.664
c000-b6080-s28,c000-b6080,28,7099392,0.72,-0.664
c000-b6080-s28,c000-b6080,28,7130112,0.65,-0.664
c000-b6080-s28,c000-b6080,28,7160832,0.66,-0.664
c000-b6080-s28,c000-b6080,28,7191552,0.7,-0.648
c000-b6080-s28,c000-b6080,28,7222272,0.77,-0.648
c000-b6080-s28,c000-b6080,28,7252992,0.74,-0.636
c000-b6080-s28,c000-b6080,28,7283712,0.76,-0.636
c000-b6080-s28,c000-b6080,28,7314432,0.82,-0.636
c000-b6080-s28,c000-b6080,28,7345152,0.71,-0.624
c000-b6080-s28,c000-b6080,28,7375872,0.71,-0.612
c000-b6080-s28,c000-b6080,28,7406592,0.73,-0.612
c000-b6080-s28,c000-b6080,28,7437312,0.75,-0.597
c000-b6080-s28,c000-b6080,28,7468032,0.62,-0.597
c000-b6080-s28,c000-b6080,28,7498752,0.8,-0.597
c000-b6080-s28,c000-b6080,28,7529472,0.75,-0.597
c000-b6080-s28,c000-b6080,28,7560192,0.8,-0.597
c000-b6080-s28,c000-b6080,28,7590912,0.76,-0.597
c000-b6080-s28,c000-b6080,28,7621632,0.69,-0.574
c000-b6080-s28,c000-b6080,28,7652352,0.73,-0.574
c000-b6080-s28,c000-b6080,28,7683072,0.82,-0.561
c000-b6080-s28,c000-b6080,28,7713792,0.73,-0.537
c000-b6080-s28,c000-b6080,28,7744512,0.73,-0.525
c000-b6080-s28,c000-b6080,28,7775232,0.73,-0.525
c000-b6080-s28,c000-b6080,28,7805952,0.77,-0.525
c000-b6080-s28,c000-b6080,28,7836672,0.82,-0.525
c000-b6080-s28,c000-b6080,28,7867392,0.7,-0.513
c000-b6080-s28,c000-b6080,28,7898112,0.73,-0.502
c000-b6080-s28,c000-b6080,28,7928832,0.72,-0.502
c000-b6080-s28,c000-b6080,28,7959552,0.69,-0.502
c000-b6080-s28,c000-b6080,28,7990272,0.75,-0.489
c000-b6080-s28,c000-b6080,28,8020992,0.75,-0.464
c000-b6080-s28,c000-b6080,28,8051712,0.72,-0.464
c000-b6080-s28,c000-b6080,28,8082432,0.75,-0.464
c000-b6080-s28,c000-b6080,28,8113152,0.85,-0.434
c000-b6080-s28,c000-b6080,28,8143872,0.67,-0.408
c000-b6080-s28,c000-b6080,28,8174592,0.73,-0.384
c000-b6080-s28,c000-b6080,28,8205312,0.74,-0.384
c000-b6080-s28,c000-b6080,28,8236032,0.68,-0.384
c000-b6080-s28,c000-b6080,28,8266752,0.81,-0.384
c000-b6080-s28,c000-b6080,28,8297472,0.82,-0.357
c000-b6080-s28,c000-b6080,28,8328192,0.74,-0.345
c000-b6080-s28,c000-b6080,28,8358912,0.71,-0.345
c000-b6080-s28,c000-b6080,28,8389632,0.78,-0.333
c000-b6080-s28,c000-b6080,28,8420352,0.8,-0.317
c000-b6080-s28,c000-b6080,28,8451072,0.81,-0.317
c000-b6080-s28,c000-b6080,28,8481792,0.75,-0.292
c000-b6080-s28,c000-b6080,28,8512512,0.65,-0.279
c000-b6080-s28,c000-b6080,28,8543232,0.69,-0.268
c000-b6080-s28,c000-b6080,28,8573952,0.71,-0.268
c000-b6080-s28,c000-b6080,28,8604672,0.76,-0.287
c000-b6080-s28,c000-b6080,28,8635392,0.77,-0.276
c000-b6080-s28,c000-b6080,28,8666112,0.72,-0.276
c000-b6080-s28,c000-b6080,28,8696832,0.68,-0.276
c000-b6080-s28,c000-b6080,28,8727552,0.74,-0.263
c000-b6080-s28,c000-b6080,28,8758272,0.75,-0.248
c000-b6080-s28,c000-b6080,28,8788992,0.82,-0.221
c000-b6080-s28,c000-b6080,28,8819712,0.76,-0.209
c000-b6080-s28,c000-b6080,28,8850432,0.76,-0.209
c000-b6080-s28,c000-b6080,28,8881152,0.76,-0.209
c000-b6080-s28,c000-b6080,28,8911872,0.69,-0.195
c000-b6080-s28,c000-b6080,28,8942592,0.74,-0.162
c000-b6080-s28,c000-b6080,28,8973312,0.75,-0.136
c000-b6080-s28,c000-b6080,28,9004032,0.75,-0.125
c000-b6080-s28,c000-b6080,28,9034752,0.72,-0.098
c000-b6080-s28,c000-b6080,28,9065472,0.77,-0.069
c000-b6080-s28,c000-b6080,28,9096192,0.81,-0.058
c000-b6080-s28,c000-b6080,28,9126912,0.73,-0.035
c000-b6080-s28,c000-b6080,28,9157632,0.68,-0.012
c000-b6080-s28,c000-b6080,28,9188352,0.8,-0.012
c000-b6080-s28,c000-b6080,28,9219072,0.76,0.0
c000-b6080-s28,c000-b6080,28,9249792,0.76,0.0
c000-b6080-s28,c000-b6080,28,9280512,0.79,0.0
c000-b6080-s28,c000-b6080,28,9311232,0.71,0.0
c000-b6080-s28,c000-b6080,28,9341952,0.79,0.0
c000-b6080-s28,c000-b6080,28,9372672,0.74,0.0
c000-b6080-s28,c000-b6080,28,9403392,0.77,0.0
c000-b6080-s28,c000-b6080,28,9434112,0.73,0.0
c000-b6080-s28,c000-b6080,28,9464832,0.72,0.0
c000-b6080-s28,c000-b6080,28,9495552,0.78,0.0
c000-b6080-s28,c000-b6080,28,9526272,0.77,0.0
c000-b6080-s28,c000-b6080,28,9556992,0.77,0.0
c000-b6080-s28,c000-b6080,28,9587712,0.82,0.0
c000-b6080-s28,c000-b6080,28,9618432,0.7,0.0
c000-b6080-s28,c000-b6080,28,9649152,0.77,0.0
c000-b6080-s28,c000-b6080,28,9679872,0.79,0.0
c000-b6080-s28,c000-b6080,28,9710592,0.8,0.0
c000-b6080-s28,c000-b6080,28,9741312,0.76,0.0
c000-b6080-s28,c000-b6080,28,9772032,0.83,0.0
c000-b6080-s28,c000-b6080,28,9802752,0.77,0.0
c000-b6080-s28,c000-b6080,28,9833472,0.78,0.0
c000-b6080-s28,c000-b6080,28,9864192,0.77,0.0
c000-b6080-s28,c000-b6080,28,9894912,0.84,0.0
c000-b6080-s28,c000-b6080,28,9925632,0.73,0.0
c000-b6080-s28,c000-b6080,28,9956352,0.75,0.0
c000-b6080-s28,c000-b6080,28,9987072,0.78,0.0
c000-b6080-s28,c000-b6080,28,10017792,0.75,0.0
c000-b6080-s28,c000-b6080,28,10048512,0.8,0.0
c000-b6080-s28,c000-b6080,28,10079232,0.69,0.0
c000-b6080-s28,c000-b6080,28,10109952,0.8,0.0
c000-b6080-s28,c000-b6080,28,10140672,0.81,0.0
c000-b6080-s28,c000-b6080,28,10171392,0.75,0.0
c000-b6080-s28,c000-b6080,28,10202112,0.83,0.0
c000-b6080-s28,c000-b6080,28,10232832,0.76,0.0
c000-b6080-s28,c000-b6080,28,10263552,0.81,0.0
c000-b6080-s28,c000-b6080,28,10294272,0.71,0.0
c000-b6080-s28,c000-b6080,28,10324992,0.81,0.0
c000-b6080-s28,c000-b6080,28,10355712,0.83,0.0
c000-b6080-s28,c000-b6080,28,10386432,0.85,0.0
c000-b6080-s28,c000-b6080,28,10417152,0.79,0.0
c000-b6080-s28,c000-b6080,28,10447872,0.72,0.0
c000-b6080-s28,c000-b6080,28,10478592,0.82,0.0
c000-b6080-s28,c000-b6080,28,10509312,0.77,0.0
c000-b6080-s28,c000-b6080,28,10540032,0.79,0.0
c000-b6080-s28,c000-b6080,28,10570752,0.82,0.0
c000-b6080-s28,c000-b6080,28,10601472,0.85,0.0
c000-b6080-s28,c000-b6080,28,10632192,0.82,0.0
c000-b6080-s28,c000-b6080,28,10662912,0.77,0.0
c000-b6080-s28,c000-b6080,28,10693632,0.76,0.0
c000-b6080-s28,c000-b6080,28,10724352,0.82,0.0
c000-b6080-s28,c000-b6080,28,10755072,0.87,0.0
c000-b6080-s28,c000-b6080,28,10785792,0.78,0.0
c000-b6080-s28,c000-b6080,28,10816512,0.73,0.0
c000-b6080-s28,c000-b6080,28,10847232,0.77,0.0
c000-b6080-s28,c000-b6080,28,10877952,0.86,0.0
c000-b6080-s28,c000-b6080,28,10908672,0.82,0.0
c000-b6080-s28,c000-b6080,28,10939392,0.78,0.0
c000-b6080-s28,c000-b6080,28,10970112,0.75,0.0
c000-b6080-s28,c000-b6080,28,11000832,0.75,0.0
c000-b6080-s28,c000-b6080,28,11031552,0.8,0.0
c000-b6080-s28,c000-b6080,28,11062272,0.85,0.0
c000-b6080-s28,c000-b6080,28,11092992,0.83,0.0
c000-b6080-s28,c000-b6080,28,11123712,0.79,0.0
c000-b6080-s28,c000-b6080,28,11154432,0.77,0.0
c000-b6080-s28,c000-b6080,28,11185152,0.79,0.0
c000-b6080-s28,c000-b6080,28,11215872,0.76,0.0
c000-b6080-s28,c000-b6080,28,11246592,0.86,0.0
c000-b6080-s28,c000-b6080,28,11277312,0.79,0.0
c000-b6080-s28,c000-b6080,28,11308032,0.82,0.0
c000-b6080-s28,c000-b6080,28,11338752,0.86,0.0
c000-b6080-s28,c000-b6080,28,11369472,0.81,0.0
c000-b6080-s28,c000-b6080,28,11400192,0.75,0.0
c000-b6080-s28,c000-b6080,28,11430912,0.74,0.0
c000-b6080-s28,c000-b6080,28,11461632,0.8,0.0
c000-b6080-s28,c000-b6080,28,11492352,0.81,0.0
c000-b6080-s28,c000-b6080,28,11523072,0.84,0.0
c000-b6080-s28,c000-b6080,28,11553792,0.77,0.0
c000-b6080-s28,c000-b6080,28,11584512,0.77,0.0
c000-b6080-s28,c000-b6080,28,11615232,0.83,0.0
c000-b6080-s28,c000-b6080,28,11645952,0.83,0.0
c000-b6080-s28,c000-b6080,28,11676672,0.75,0.0
c000-b6080-s28,c000-b6080,28,11707392,0.81,0.0
c000-b6080-s28,c000-b6080,28,11738112,0.76,0.0
c000-b6080-s28,c000-b6080,28,11768832,0.81,0.0
c000-b6080-s28,c000-b6080,28,11799552,0.79,0.0
c000-b6080-s28,c000-b6080,28,11830272,0.81,0.0
c000-b6080-s28,c000-b6080,28,11860992,0.83,0.0
c000-b6080-s28,c000-b6080,28,11891712,0.85,0.0
c000-b6080-s28,c000-b6080,28,11922432,0.8,0.0
c000-b6080-s28,c000-b6080,28,11953152,0.75,0.0
c000-b6080-s28,c000-b6080,28,11983872,0.83,0.0
c000-b6080-s28,c000-b6080,28,12014592,0.83,0.0
c000-b6080-s28,c000-b6080,28,12045312,0.85,0.0
c000-b6080-s28,c000-b6080,28,12076032,0.79,0.0
c000-b6080-s28,c000-b6080,28,12106752,0.82,0.0
c000-b6080-s28,c000-b6080,28,12137472,0.81,0.0
c000-b6080-s28,c000-b6080,28,12168192,0.85,0.0
c000-b6080-s28,c000-b6080,28,12198912,0.86,0.0
c000-b6080-s28,c000-b6080,28,12229632,0.83,0.0
c000-b6080-s28,c000-b6080,28,12260352,0.85,0.0
c000-b6080-s28,c000-b6080,28,12291072,0.82,0.0
c000-b6080-s28,c000-b6080,28,12321792,0.89,0.0
c000-b6080-s28,c000-b6080,28,12352512,0.77,0.0
c000-b6080-s28,c000-b6080,28,12383232,0.82,0.0
c000-b6080-s28,c000-b6080,28,12413952,0.86,0.0
c000-b6080-s28,c000-b6080,28,12444672,0.83,0.0
c000-b6080-s28,c000-b6080,28,12475392,0.77,0.0
c000-b6080-s28,c000-b6080,28,12506112,0.82,0.0
c000-b6080-s28,c000-b6080,28,12536832,0.81,0.0
c000-b6080-s28,c000-b6080,28,12567552,0.8,0.0
c000-b6080-s28,c000-b6080,28,12598272,0.82,0.0
c000-b6080-s28,c000-b6080,28,12628992,0.73,0.0
c000-b6080-s28,c000-b6080,28,12659712,0.8,0.0
c000-b6080-s28,c000-b6080,28,12690432,0.84,0.0
c000-b6080-s28,c000-b6080,28,12721152,0.88,0.0
c000-b6080-s28,c000-b6080,28,12751872,0.78,0.0
c000-b6080-s28,c000-b6080,28,12782592,0.79,0.0
c000-b6080-s28,c000-b6080,28,12813312,0.8,0.0
c000-b6080-s28,c000-b6080,28,12844032,0.86,0.0
c000-b6080-s28,c000-b6080,28,12874752,0.81,0.0
c000-b6080-s28,c000-b6080,28,12905472,0.83,0.0
c000-b6080-s28,c000-b6080,28,12936192,0.81,0.0
c000-b6080-s28,c000-b6080,28,12966912,0.86,0.0
c000-b6080-s28,c000-b6080,28,12997632,0.87,0.0
c000-b6080-s28,c000-b6080,28,13028352,0.85,0.0
c000-b6080-s28,c000-b6080,28,13059072,0.83,0.0
c000-b6080-s28,c000-b6080,28,13089792,0.92,0.0
c000-b6080-s28,c000-b6080,28,13120512,0.89,0.0
c000-b6080-s28,c000-b6080,28,13151232,0.89,0.0
c000-b6080-s28,c000-b6080,28,13181952,0.81,0.0
c000-b6080-s28,c000-b6080,28,13212672,0.89,0.0
c000-b6080-s28,c000-b6080,28,13243392,0.85,0.0
c000-b6080-s28,c000-b6080,28,13274112,0.88,0.0
c000-b6080-s28,c000-b6080,28,13304832,0.78,0.0
c000-b6080-s28,c000-b6080,28,13335552,0.8,0.0
c000-b6080-s28,c000-b6080,28,13366272,0.85,0.0
c000-b6080-s28,c000-b6080,28,13396992,0.8,0.0
c000-b6080-s28,c000-b6080,28,13427712,0.91,0.0
c000-b6080-s28,c000-b6080,28,13458432,0.9,0.0
c000-b6080-s28,c000-b6080,28,13489152,0.88,0.0
c000-b6080-s28,c000-b6080,28,13519872,0.84,0.0
c000-b6080-s28,c000-b6080,28,13550592,0.91,0.0
c000-b6080-s28,c000-b6080,28,13581312,0.92,0.0
c000-b6080-s28,c000-b6080,28,13612032,0.82,0.0
c000-b6080-s28,c000-b6080,28,13642752,0.92,0.0
c000-b6080-s28,c000-b6080,28,13673472,0.89,0.0
c000-b6080-s28,c000-b6080,28,13704192,0.85,0.0
c000-b6080-s28,c000-b6080,28,13734912,0.85,0.0
c000-b6080-s28,c000-b6080,28,13765632,0.8,0.0
c000-b6080-s28,c000-b6080,28,13796352,0.9,0.0
c000-b6080-s28,c000-b6080,28,13827072,0.9,0.0
c000-b6080-s28,c000-b6080,28,13857792,0.84,0.0
c000-b6080-s28,c000-b6080,28,13888512,0.84,0.0
c000-b6080-s28,c000-b6080,28,13919232,0.89,0.0
c000-b6080-s28,c000-b6080,28,13949952,0.88,0.0
c000-b6080-s28,c000-b6080,28,13980672,0.85,0.0
c000-b6080-s28,c000-b6080,28,14011392,0.83,0.0
c000-b6080-s28,c000-b6080,28,14042112,0.84,0.0
c000-b6080-s28,c000-b6080,28,14072832,0.89,0.0
c000-b6080-s28,c000-b6080,28,14103552,0.83,0.0
c000-b6080-s28,c000-b6080,28,14134272,0.88,0.0
c000-b6080-s28,c000-b6080,28,14164992,0.81,0.0
c000-b6080-s28,c000-b6080,28,14195712,0.82,0.0
c000-b6080-s28,c000-b6080,28,14226432,0.83,0.0
c000-b6080-s28,c000-b6080,28,14257152,0.85,0.0
c000-b6080-s28,c000-b6080,28,14287872,0.85,0.0
c000-b6080-s28,c000-b6080,28,14318592,0.85,0.0
c000-b6080-s28,c000-b6080,28,14349312,0.88,0.0
c000-b6080-s28,c000-b6080,28,14380032,0.89,0.0
c000-b6080-s28,c000-b6080,28,14410752,0.76,0.0
c000-b6080-s28,c000-b6080,28,14441472,0.89,0.0
c000-b6080-s28,c000-b6080,28,14472192,0.87,0.0
c000-b6080-s28,c000-b6080,28,14502912,0.86,0.0
c000-b6080-s28,c000-b6080,28,14533632,0.88,0.0
c000-b6080-s28,c000-b6080,28,14564352,0.92,0.0
c000-b6080-s28,c000-b6080,28,14595072,0.9,0.0
c000-b6080-s28,c000-b6080,28,14625792,0.93,0.0
c000-b6080-s28,c000-b6080,28,14656512,0.86,0.0
c000-b6080-s28,c000-b6080,28,14687232,0.93,0.0
c000-b6080-s28,c000-b6080,28,14717952,0.92,0.0
c000-b6080-s28,c000-b6080,28,14748672,0.95,0.0
c000-b6080-s28,c000-b6080,28,14779392,0.85,0.0
c000-b6080-s28,c000-b6080,28,14810112,0.9,0.0
c000-b6080-s28,c000-b6080,28,14840832,0.89,0.0
c000-b6080-s28,c000-b6080,28,14871552,0.88,0.0
c000-b6080-s28,c000-b6080,28,14902272,0.92,0.0
c000-b6080-s28,c000-b6080,28,14932992,0.93,0.0
c000-b6080-s28,c000-b6080,28,14963712,0.85,0.0
c000-b6080-s28,c000-b6080,28,14994432,0.96,0.0
c000-b6080-s28,c000-b6080,28,14997504,0.88,0.0
c000-b6080-s29,c000-b6080,29,4918272,0.68,-1.0
c000-b6080-s29,c000-b6080,29,4948992,0.69,-1.0
c000-b6080-s29,c000-b6080,29,4979712,0.57,-1.0
c000-b6080-s29,c000-b6080,29,5010432,0.71,-1.0
c000-b6080-s29,c000-b6080,29,5041152,0.58,-1.0
c000-b6080-s29,c000-b6080,29,5071872,0.73,-1.0
c000-b6080-s29,c000-b6080,29,5102592,0.65,-1.0
c000-b6080-s29,c000-b6080,29,5133312,0.71,-1.0
c000-b6080-s29,c000-b6080,29,5164032,0.73,-1.0
c000-b6080-s29,c000-b6080,29,5194752,0.6,-1.0
c000-b6080-s29,c000-b6080,29,5225472,0.68,-1.0
c000-b6080-s29,c000-b6080,29,5256192,0.63,-1.0
c000-b6080-s29,c000-b6080,29,5286912,0.64,-1.0
c000-b6080-s29,c000-b6080,29,5317632,0.67,-1.0
c000-b6080-s29,c000-b6080,29,5348352,0.62,-1.0
c000-b6080-s29,c000-b6080,29,5379072,0.57,-1.0
c000-b6080-s29,c000-b6080,29,5409792,0.68,-1.0
c000-b6080-s29,c000-b6080,29,5440512,0.73,-1.0
c000-b6080-s29,c000-b6080,29,5471232,0.64,-1.0
c000-b6080-s29,c000-b6080,29,5501952,0.68,-1.0
c000-b6080-s29,c000-b6080,29,5532672,0.67,-1.0
c000-b6080-s29,c000-b6080,29,5563392,0.67,-1.0
c000-b6080-s29,c000-b6080,29,5594112,0.68,-1.0
c000-b6080-s29,c000-b6080,29,5624832,0.66,-1.0
c000-b6080-s29,c000-b6080,29,5655552,0.69,-1.0
c000-b6080-s29,c000-b6080,29,5686272,0.71,-1.0
c000-b6080-s29,c000-b6080,29,5716992,0.7,-1.0
c000-b6080-s29,c000-b6080,29,5747712,0.71,-1.0
c000-b6080-s29,c000-b6080,29,5778432,0.65,-1.0
c000-b6080-s29,c000-b6080,29,5809152,0.68,-1.0
c000-b6080-s29,c000-b6080,29,5839872,0.73,-1.0
c000-b6080-s29,c000-b6080,29,5870592,0.7,-1.0
c000-b6080-s29,c000-b6080,29,5901312,0.74,-1.0
c000-b6080-s29,c000-b6080,29,5932032,0.67,-1.0
c000-b6080-s29,c000-b6080,29,5962752,0.71,-1.0
c000-b6080-s29,c000-b6080,29,5993472,0.7,-0.989
c000-b6080-s29,c000-b6080,29,6024192,0.67,-0.989
c000-b6080-s29,c000-b6080,29,6054912,0.71,-0.989
c000-b6080-s29,c000-b6080,29,6085632,0.64,-0.989
c000-b6080-s29,c000-b6080,29,6116352,0.81,-0.989
c000-b6080-s29,c000-b6080,29,6147072,0.73,-0.978
c000-b6080-s29,c000-b6080,29,6177792,0.72,-0.965
c000-b6080-s29,c000-b6080,29,6208512,0.77,-0.965
c000-b6080-s29,c000-b6080,29,6239232,0.73,-0.965
c000-b6080-s29,c000-b6080,29,6269952,0.69,-0.965
c000-b6080-s29,c000-b6080,29,6300672,0.64,-0.965
c000-b6080-s29,c000-b6080,29,6331392,0.8,-0.965
c000-b6080-s29,c000-b6080,29,6362112,0.63,-0.965
c000-b6080-s29,c000-b6080,29,6392832,0.69,-0.965
c000-b6080-s29,c000-b6080,29,6423552,0.76,-0.965
c000-b6080-s29,c000-b6080,29,6454272,0.71,-0.951
c000-b6080-s29,c000-b6080,29,6484992,0.75,-0.94
c000-b6080-s29,c000-b6080,29,6515712,0.79,-0.94
c000-b6080-s29,c000-b6080,29,6546432,0.71,-0.94
c000-b6080-s29,c000-b6080,29,6577152,0.76,-0.94
c000-b6080-s29,c000-b6080,29,6607872,0.74,-0.94
c000-b6080-s29,c000-b6080,29,6638592,0.79,-0.94
c000-b6080-s29,c000-b6080,29,6669312,0.74,-0.94
c000-b6080-s29,c000-b6080,29,6700032,0.74,-0.928
c000-b6080-s29,c000-b6080,29,6730752,0.77,-0.914
c000-b6080-s29,c000-b6080,29,6761472,0.75,-0.914
c000-b6080-s29,c000-b6080,29,6792192,0.73,-0.885
c000-b6080-s29,c000-b6080,29,6822912,0.71,-0.885
c000-b6080-s29,c000-b6080,29,6853632,0.75,-0.885
c000-b6080-s29,c000-b6080,29,6884352,0.76,-0.873
c000-b6080-s29,c000-b6080,29,6915072,0.72,-0.859
c000-b6080-s29,c000-b6080,29,6945792,0.78,-0.859
c000-b6080-s29,c000-b6080,29,6976512,0.73,-0.859
c000-b6080-s29,c000-b6080,29,7007232,0.68,-0.835
c000-b6080-s29,c000-b6080,29,7037952,0.73,-0.823
c000-b6080-s29,c000-b6080,29,7068672,0.72,-0.823
c000-b6080-s29,c000-b6080,29,7099392,0.78,-0.809
c000-b6080-s29,c000-b6080,29,7130112,0.73,-0.809
c000-b6080-s29,c000-b6080,29,7160832,0.78,-0.809
c000-b6080-s29,c000-b6080,29,7191552,0.74,-0.786
c000-b6080-s29,c000-b6080,29,7222272,0.7,-0.786
c000-b6080-s29,c000-b6080,29,7252992,0.72,-0.773
c000-b6080-s29,c000-b6080,29,7283712,0.74,-0.761
c000-b6080-s29,c000-b6080,29,7314432,0.75,-0.749
c000-b6080-s29,c000-b6080,29,7345152,0.76,-0.749
c000-b6080-s29,c000-b6080,29,7375872,0.76,-0.749
c000-b6080-s29,c000-b6080,29,7406592,0.74,-0.749
c000-b6080-s29,c000-b6080,29,7437312,0.74,-0.749
c000-b6080-s29,c000-b6080,29,7468032,0.67,-0.749
c000-b6080-s29,c000-b6080,29,7498752,0.72,-0.749
c000-b6080-s29,c000-b6080,29,7529472,0.63,-0.737
c000-b6080-s29,c000-b6080,29,7560192,0.7,-0.737
c000-b6080-s29,c000-b6080,29,7590912,0.74,-0.723
c000-b6080-s29,c000-b6080,29,7621632,0.67,-0.723
c000-b6080-s29,c000-b6080,29,7652352,0.74,-0.723
c000-b6080-s29,c000-b6080,29,7683072,0.73,-0.723
c000-b6080-s29,c000-b6080,29,7713792,0.67,-0.723
c000-b6080-s29,c000-b6080,29,7744512,0.74,-0.712
c000-b6080-s29,c000-b6080,29,7775232,0.72,-0.698
c000-b6080-s29,c000-b6080,29,7805952,0.75,-0.698
c000-b6080-s29,c000-b6080,29,7836672,0.75,-0.698
c000-b6080-s29,c000-b6080,29,7867392,0.76,-0.698
c000-b6080-s29,c000-b6080,29,7898112,0.77,-0.685
c000-b6080-s29,c000-b6080,29,7928832,0.77,-0.672
c000-b6080-s29,c000-b6080,29,7959552,0.76,-0.672
c000-b6080-s29,c000-b6080,29,7990272,0.76,-0.644
c000-b6080-s29,c000-b6080,29,8020992,0.76,-0.644
c000-b6080-s29,c000-b6080,29,8051712,0.73,-0.633
c000-b6080-s29,c000-b6080,29,8082432,0.72,-0.633
c000-b6080-s29,c000-b6080,29,8113152,0.79,-0.622
c000-b6080-s29,c000-b6080,29,8143872,0.72,-0.61
c000-b6080-s29,c000-b6080,29,8174592,0.71,-0.61
c000-b6080-s29,c000-b6080,29,8205312,0.65,-0.61
c000-b6080-s29,c000-b6080,29,8236032,0.74,-0.593
c000-b6080-s29,c000-b6080,29,8266752,0.68,-0.568
c000-b6080-s29,c000-b6080,29,8297472,0.6,-0.568
c000-b6080-s29,c000-b6080,29,8328192,0.75,-0.568
c000-b6080-s29,c000-b6080,29,8358912,0.68,-0.568
c000-b6080-s29,c000-b6080,29,8389632,0.74,-0.568
c000-b6080-s29,c000-b6080,29,8420352,0.71,-0.556
c000-b6080-s29,c000-b6080,29,8451072,0.82,-0.545
c000-b6080-s29,c000-b6080,29,8481792,0.66,-0.522
c000-b6080-s29,c000-b6080,29,8512512,0.75,-0.522
c000-b6080-s29,c000-b6080,29,8543232,0.81,-0.522
c000-b6080-s29,c000-b6080,29,8573952,0.72,-0.511
c000-b6080-s29,c000-b6080,29,8604672,0.71,-0.511
c000-b6080-s29,c000-b6080,29,8635392,0.77,-0.511
c000-b6080-s29,c000-b6080,29,8666112,0.73,-0.488
c000-b6080-s29,c000-b6080,29,8696832,0.74,-0.488
c000-b6080-s29,c000-b6080,29,8727552,0.77,-0.488
c000-b6080-s29,c000-b6080,29,8758272,0.77,-0.488
c000-b6080-s29,c000-b6080,29,8788992,0.76,-0.472
c000-b6080-s29,c000-b6080,29,8819712,0.7,-0.472
c000-b6080-s29,c000-b6080,29,8850432,0.76,-0.454
c000-b6080-s29,c000-b6080,29,8881152,0.75,-0.454
c000-b6080-s29,c000-b6080,29,8911872,0.66,-0.443
c000-b6080-s29,c000-b6080,29,8942592,0.75,-0.432
c000-b6080-s29,c000-b6080,29,8973312,0.78,-0.421
c000-b6080-s29,c000-b6080,29,9004032,0.78,-0.407
c000-b6080-s29,c000-b6080,29,9034752,0.76,-0.381
c000-b6080-s29,c000-b6080,29,9065472,0.73,-0.353
c000-b6080-s29,c000-b6080,29,9096192,0.8,-0.329
c000-b6080-s29,c000-b6080,29,9126912,0.71,-0.316
c000-b6080-s29,c000-b6080,29,9157632,0.78,-0.304
c000-b6080-s29,c000-b6080,29,9188352,0.68,-0.293
c000-b6080-s29,c000-b6080,29,9219072,0.74,-0.293
c000-b6080-s29,c000-b6080,29,9249792,0.79,-0.293
c000-b6080-s29,c000-b6080,29,9280512,0.67,-0.28
c000-b6080-s29,c000-b6080,29,9311232,0.72,-0.28
c000-b6080-s29,c000-b6080,29,9341952,0.83,-0.269
c000-b6080-s29,c000-b6080,29,9372672,0.77,-0.242
c000-b6080-s29,c000-b6080,29,9403392,0.8,-0.23
c000-b6080-s29,c000-b6080,29,9434112,0.8,-0.203
c000-b6080-s29,c000-b6080,29,9464832,0.81,-0.203
c000-b6080-s29,c000-b6080,29,9495552,0.78,-0.18
c000-b6080-s29,c000-b6080,29,9526272,0.81,-0.167
c000-b6080-s29,c000-b6080,29,9556992,0.74,-0.145
c000-b6080-s29,c000-b6080,29,9587712,0.69,-0.123
c000-b6080-s29,c000-b6080,29,9618432,0.63,-0.123
c000-b6080-s29,c000-b6080,29,9649152,0.74,-0.11
c000-b6080-s29,c000-b6080,29,9679872,0.78,-0.11
c000-b6080-s29,c000-b6080,29,9710592,0.76,-0.11
c000-b6080-s29,c000-b6080,29,9741312,0.72,-0.11
c000-b6080-s29,c000-b6080,29,9772032,0.79,-0.11
c000-b6080-s29,c000-b6080,29,9802752,0.73,-0.11
c000-b6080-s29,c000-b6080,29,9833472,0.79,-0.099
c000-b6080-s29,c000-b6080,29,9864192,0.75,-0.088
c000-b6080-s29,c000-b6080,29,9894912,0.71,-0.088
c000-b6080-s29,c000-b6080,29,9925632,0.79,-0.077
c000-b6080-s29,c000-b6080,29,9956352,0.76,-0.066
c000-b6080-s29,c000-b6080,29,9987072,0.68,-0.053
c000-b6080-s29,c000-b6080,29,10017792,0.73,-0.031
c000-b6080-s29,c000-b6080,29,10048512,0.77,-0.017
c000-b6080-s29,c000-b6080,29,10079232,0.75,-0.005
c000-b6080-s29,c000-b6080,29,10109952,0.74,0.0
c000-b6080-s29,c000-b6080,29,10140672,0.81,0.0
c000-b6080-s29,c000-b6080,29,10171392,0.75,0.0
c000-b6080-s29,c000-b6080,29,10202112,0.74,0.0
c000-b6080-s29,c000-b6080,29,10232832,0.64,0.0
c000-b6080-s29,c000-b6080,29,10263552,0.79,0.0
c000-b6080-s29,c000-b6080,29,10294272,0.78,0.0
c000-b6080-s29,c000-b6080,29,10324992,0.72,0.0
c000-b6080-s29,c000-b6080,29,10355712,0.74,0.0
c000-b6080-s29,c000-b6080,29,10386432,0.76,0.0
c000-b6080-s29,c000-b6080,29,10417152,0.75,0.0
c000-b6080-s29,c000-b6080,29,10447872,0.69,0.0
c000-b6080-s29,c000-b6080,29,10478592,0.69,0.0
c000-b6080-s29,c000-b6080,29,10509312,0.76,0.0
c000-b6080-s29,c000-b6080,29,10540032,0.81,0.0
c000-b6080-s29,c000-b6080,29,10570752,0.78,0.0
c000-b6080-s29,c000-b6080,29,10601472,0.76,0.0
c000-b6080-s29,c000-b6080,29,10632192,0.8,0.0
c000-b6080-s29,c000-b6080,29,10662912,0.78,0.0
c000-b6080-s29,c000-b6080,29,10693632,0.71,0.0
c000-b6080-s29,c000-b6080,29,10724352,0.81,0.0
c000-b6080-s29,c000-b6080,29,10755072,0.85,0.0
c000-b6080-s29,c000-b6080,29,10785792,0.77,0.0
c000-b6080-s29,c000-b6080,29,10816512,0.76,0.0
c000-b6080-s29,c000-b6080,29,10847232,0.72,0.0
c000-b6080-s29,c000-b6080,29,10877952,0.82,0.0
c000-b6080-s29,c000-b6080,29,10908672,0.69,0.0
c000-b6080-s29,c000-b6080,29,10939392,0.76,0.0
c000-b6080-s29,c000-b6080,29,10970112,0.75,0.0
c000-b6080-s29,c000-b6080,29,11000832,0.77,0.0
c000-b6080-s29,c000-b6080,29,11031552,0.76,0.0
c000-b6080-s29,c000-b6080,29,11062272,0.83,0.0
c000-b6080-s29,c000-b6080,29,11092992,0.77,0.0
c000-b6080-s29,c000-b6080,29,11123712,0.84,0.0
c000-b6080-s29,c000-b6080,29,11154432,0.77,0.0
c000-b6080-s29,c000-b6080,29,11185152,0.73,0.0
c000-b6080-s29,c000-b6080,29,11215872,0.79,0.0
c000-b6080-s29,c000-b6080,29,11246592,0.79,0.0
c000-b6080-s29,c000-b6080,29,11277312,0.73,0.0
c000-b6080-s29,c000-b6080,29,11308032,0.72,0.0
c000-b6080-s29,c000-b6080,29,11338752,0.76,0.0
c000-b6080-s29,c000-b6080,29,11369472,0.76,0.0
c000-b6080-s29,c000-b6080,29,11400192,0.77,0.0
c000-b6080-s29,c000-b6080,29,11430912,0.76,0.0
c000-b6080-s29,c000-b6080,29,11461632,0.84,0.0
c000-b6080-s29,c000-b6080,29,11492352,0.77,0.0
c000-b6080-s29,c000-b6080,29,11523072,0.83,0.0
c000-b6080-s29,c000-b6080,29,11553792,0.76,0.0
c000-b6080-s29,c000-b6080,29,11584512,0.8,0.0
c000-b6080-s29,c000-b6080,29,11615232,0.73,0.0
c000-b6080-s29,c000-b6080,29,11645952,0.86,0.0
c000-b6080-s29,c000-b6080,29,11676672,0.85,0.0
c000-b6080-s29,c000-b6080,29,11707392,0.77,0.0
c000-b6080-s29,c000-b6080,29,11738112,0.86,0.0
c000-b6080-s29,c000-b6080,29,11768832,0.77,0.0
c000-b6080-s29,c000-b6080,29,11799552,0.78,0.0
c000-b6080-s29,c000-b6080,29,11830272,0.81,0.0
c000-b6080-s29,c000-b6080,29,11860992,0.77,0.0
c000-b6080-s29,c000-b6080,29,11891712,0.82,0.0
c000-b6080-s29,c000-b6080,29,11922432,0.82,0.0
c000-b6080-s29,c000-b6080,29,11953152,0.8,0.0
c000-b6080-s29,c000-b6080,29,11983872,0.82,0.0
c000-b6080-s29,c000-b6080,29,12014592,0.8,0.0
c000-b6080-s29,c000-b6080,29,12045312,0.78,0.0
c000-b6080-s29,c000-b6080,29,12076032,0.76,0.0
c000-b6080-s29,c000-b6080,29,12106752,0.8,0.0
c000-b6080-s29,c000-b6080,29,12137472,0.89,0.0
c000-b6080-s29,c000-b6080,29,12168192,0.81,0.0
c000-b6080-s29,c000-b6080,29,12198912,0.76,0.0
c000-b6080-s29,c000-b6080,29,12229632,0.86,0.0
c000-b6080-s29,c000-b6080,29,12260352,0.81,0.0
c000-b6080-s29,c000-b6080,29,12291072,0.81,0.0
c000-b6080-s29,c000-b6080,29,12321792,0.83,0.0
c000-b6080-s29,c000-b6080,29,12352512,0.87,0.0
c000-b6080-s29,c000-b6080,29,12383232,0.79,0.0
c000-b6080-s29,c000-b6080,29,12413952,0.86,0.0
c000-b6080-s29,c000-b6080,29,12444672,0.75,0.0
c000-b6080-s29,c000-b6080,29,12475392,0.76,0.0
c000-b6080-s29,c000-b6080,29,12506112,0.86,0.0
c000-b6080-s29,c000-b6080,29,12536832,0.87,0.0
c000-b6080-s29,c000-b6080,29,12567552,0.79,0.0
c000-b6080-s29,c000-b6080,29,12598272,0.72,0.0
c000-b6080-s29,c000-b6080,29,12628992,0.78,0.0
c000-b6080-s29,c000-b6080,29,12659712,0.81,0.0
c000-b6080-s29,c000-b6080,29,12690432,0.79,0.0
c000-b6080-s29,c000-b6080,29,12721152,0.79,0.0
c000-b6080-s29,c000-b6080,29,12751872,0.8,0.0
c000-b6080-s29,c000-b6080,29,12782592,0.88,0.0
c000-b6080-s29,c000-b6080,29,12813312,0.84,0.0
c000-b6080-s29,c000-b6080,29,12844032,0.86,0.0
c000-b6080-s29,c000-b6080,29,12874752,0.88,0.0
c000-b6080-s29,c000-b6080,29,12905472,0.8,0.0
c000-b6080-s29,c000-b6080,29,12936192,0.76,0.0
c000-b6080-s29,c000-b6080,29,12966912,0.82,0.0
c000-b6080-s29,c000-b6080,29,12997632,0.86,0.0
c000-b6080-s29,c000-b6080,29,13028352,0.83,0.0
c000-b6080-s29,c000-b6080,29,13059072,0.84,0.0
c000-b6080-s29,c000-b6080,29,13089792,0.89,0.0
c000-b6080-s29,c000-b6080,29,13120512,0.86,0.0
c000-b6080-s29,c000-b6080,29,13151232,0.87,0.0
c000-b6080-s29,c000-b6080,29,13181952,0.83,0.0
c000-b6080-s29,c000-b6080,29,13212672,0.81,0.0
c000-b6080-s29,c000-b6080,29,13243392,0.9,0.0
c000-b6080-s29,c000-b6080,29,13274112,0.83,0.0
c000-b6080-s29,c000-b6080,29,13304832,0.89,0.0
c000-b6080-s29,c000-b6080,29,13335552,0.87,0.0
c000-b6080-s29,c000-b6080,29,13366272,0.78,0.0
c000-b6080-s29,c000-b6080,29,13396992,0.81,0.0
c000-b6080-s29,c000-b6080,29,13427712,0.87,0.0
c000-b6080-s29,c000-b6080,29,13458432,0.92,0.0
c000-b6080-s29,c000-b6080,29,13489152,0.78,0.0
c000-b6080-s29,c000-b6080,29,13519872,0.75,0.0
c000-b6080-s29,c000-b6080,29,13550592,0.89,0.0
c000-b6080-s29,c000-b6080,29,13581312,0.82,0.0
c000-b6080-s29,c000-b6080,29,13612032,0.87,0.0
c000-b6080-s29,c000-b6080,29,13642752,0.86,0.0
c000-b6080-s29,c000-b6080,29,13673472,0.89,0.0
c000-b6080-s29,c000-b6080,29,13704192,0.88,0.0
c000-b6080-s29,c000-b6080,29,13734912,0.84,0.0
c000-b6080-s29,c000-b6080,29,13765632,0.86,0.0
c000-b6080-s29,c000-b6080,29,13796352,0.86,0.0
c000-b6080-s29,c000-b6080,29,13827072,0.87,0.0
c000-b6080-s29,c000-b6080,29,13857792,0.88,0.0
c000-b6080-s29,c000-b6080,29,13888512,0.79,0.0
c000-b6080-s29,c000-b6080,29,13919232,0.87,0.0
c000-b6080-s29,c000-b6080,29,13949952,0.88,0.0
c000-b6080-s29,c000-b6080,29,13980672,0.82,0.0
c000-b6080-s29,c000-b6080,29,14011392,0.81,0.0
c000-b6080-s29,c000-b6080,29,14042112,0.9,0.0
c000-b6080-s29,c000-b6080,29,14072832,0.85,0.0
c000-b6080-s29,c000-b6080,29,14103552,0.96,0.0
c000-b6080-s29,c000-b6080,29,14134272,0.85,0.0
c000-b6080-s29,c000-b6080,29,14164992,0.84,0.0
c000-b6080-s29,c000-b6080,29,14195712,0.84,0.0
c000-b6080-s29,c000-b6080,29,14226432,0.86,0.0
c000-b6080-s29,c000-b6080,29,14257152,0.9,0.0
c000-b6080-s29,c000-b6080,29,14287872,0.87,0.0
c000-b6080-s29,c000-b6080,29,14318592,0.89,0.0
c000-b6080-s29,c000-b6080,29,14349312,0.86,0.0
c000-b6080-s29,c000-b6080,29,14380032,0.88,0.0
c000-b6080-s29,c000-b6080,29,14410752,0.93,0.0
c000-b6080-s29,c000-b6080,29,14441472,0.87,0.0
c000-b6080-s29,c000-b6080,29,14472192,0.88,0.0
c000-b6080-s29,c000-b6080,29,14502912,0.89,0.0
c000-b6080-s29,c000-b6080,29,14533632,0.87,0.0
c000-b6080-s29,c000-b6080,29,14564352,0.84,0.0
c000-b6080-s29,c000-b6080,29,14595072,0.86,0.0
c000-b6080-s29,c000-b6080,29,14625792,0.89,0.0
c000-b6080-s29,c000-b6080,29,14656512,0.94,0.0
c000-b6080-s29,c000-b6080,29,14687232,0.98,0.0
c000-b6080-s29,c000-b6080,29,14717952,0.94,0.0
c000-b6080-s29,c000-b6080,29,14748672,0.89,0.0
c000-b6080-s29,c000-b6080,29,14779392,0.97,0.0
c000-b6080-s29,c000-b6080,29,14810112,0.87,0.0
c000-b6080-s29,c000-b6080,29,14840832,0.92,0.0
c000-b6080-s29,c000-b6080,29,14871552,0.87,0.0
c000-b6080-s29,c000-b6080,29,14902272,0.92,0.0
c000-b6080-s29,c000-b6080,29,14932992,0.89,0.0
c000-b6080-s29,c000-b6080,29,14963712,0.97,0.0
c000-b6080-s29,c000-b6080,29,14994432,0.94,0.0
c000-b6080-s29,c000-b6080,29,14997504,0.94,0.0
fix095-s29,fix095,29,4918272,0.69,-0.95
fix095-s29,fix095,29,4948992,0.7,-0.95
fix095-s29,fix095,29,4979712,0.69,-0.95
fix095-s29,fix095,29,5010432,0.65,-0.95
fix095-s29,fix095,29,5041152,0.59,-0.95
fix095-s29,fix095,29,5071872,0.59,-0.95
fix095-s29,fix095,29,5102592,0.68,-0.95
fix095-s29,fix095,29,5133312,0.73,-0.95
fix095-s29,fix095,29,5164032,0.61,-0.95
fix095-s29,fix095,29,5194752,0.65,-0.95
fix095-s29,fix095,29,5225472,0.59,-0.95
fix095-s29,fix095,29,5256192,0.61,-0.95
fix095-s29,fix095,29,5286912,0.65,-0.95
fix095-s29,fix095,29,5317632,0.6,-0.95
fix095-s29,fix095,29,5348352,0.65,-0.95
fix095-s29,fix095,29,5379072,0.68,-0.95
fix095-s29,fix095,29,5409792,0.65,-0.95
fix095-s29,fix095,29,5440512,0.71,-0.95
fix095-s29,fix095,29,5471232,0.68,-0.95
fix095-s29,fix095,29,5501952,0.65,-0.95
fix095-s29,fix095,29,5532672,0.73,-0.95
fix095-s29,fix095,29,5563392,0.76,-0.95
fix095-s29,fix095,29,5594112,0.7,-0.95
fix095-s29,fix095,29,5624832,0.66,-0.95
fix095-s29,fix095,29,5655552,0.69,-0.95
fix095-s29,fix095,29,5686272,0.57,-0.95
fix095-s29,fix095,29,5716992,0.73,-0.95
fix095-s29,fix095,29,5747712,0.68,-0.95
fix095-s29,fix095,29,5778432,0.66,-0.95
fix095-s29,fix095,29,5809152,0.63,-0.95
fix095-s29,fix095,29,5839872,0.74,-0.95
fix095-s29,fix095,29,5870592,0.7,-0.95
fix095-s29,fix095,29,5901312,0.73,-0.95
fix095-s29,fix095,29,5932032,0.66,-0.95
fix095-s29,fix095,29,5962752,0.69,-0.95
fix095-s29,fix095,29,5993472,0.71,-0.95
fix095-s29,fix095,29,6024192,0.73,-0.95
fix095-s29,fix095,29,6054912,0.76,-0.95
fix095-s29,fix095,29,6085632,0.79,-0.95
fix095-s29,fix095,29,6116352,0.72,-0.95
fix095-s29,fix095,29,6147072,0.69,-0.95
fix095-s29,fix095,29,6177792,0.78,-0.95
fix095-s29,fix095,29,6208512,0.78,-0.95
fix095-s29,fix095,29,6239232,0.74,-0.95
fix095-s29,fix095,29,6269952,0.75,-0.95
fix095-s29,fix095,29,6300672,0.76,-0.95
fix095-s29,fix095,29,6331392,0.79,-0.95
fix095-s29,fix095,29,6362112,0.76,-0.95
fix095-s29,fix095,29,6392832,0.74,-0.95
fix095-s29,fix095,29,6423552,0.77,-0.95
fix095-s29,fix095,29,6454272,0.75,-0.95
fix095-s29,fix095,29,6484992,0.66,-0.95
fix095-s29,fix095,29,6515712,0.71,-0.95
fix095-s29,fix095,29,6546432,0.8,-0.95
fix095-s29,fix095,29,6577152,0.79,-0.95
fix095-s29,fix095,29,6607872,0.78,-0.95
fix095-s29,fix095,29,6638592,0.76,-0.95
fix095-s29,fix095,29,6669312,0.73,-0.95
fix095-s29,fix095,29,6700032,0.71,-0.95
fix095-s29,fix095,29,6730752,0.85,-0.95
fix095-s29,fix095,29,6761472,0.79,-0.95
fix095-s29,fix095,29,6792192,0.72,-0.95
fix095-s29,fix095,29,6822912,0.77,-0.95
fix095-s29,fix095,29,6853632,0.73,-0.95
fix095-s29,fix095,29,6884352,0.68,-0.95
fix095-s29,fix095,29,6915072,0.79,-0.95
fix095-s29,fix095,29,6945792,0.78,-0.95
fix095-s29,fix095,29,6976512,0.75,-0.95
fix095-s29,fix095,29,7007232,0.77,-0.95
fix095-s29,fix095,29,7037952,0.81,-0.95
fix095-s29,fix095,29,7068672,0.78,-0.95
fix095-s29,fix095,29,7099392,0.78,-0.95
fix095-s29,fix095,29,7130112,0.81,-0.95
fix095-s29,fix095,29,7160832,0.79,-0.95
fix095-s29,fix095,29,7191552,0.81,-0.95
fix095-s29,fix095,29,7222272,0.76,-0.95
fix095-s29,fix095,29,7252992,0.81,-0.95
fix095-s29,fix095,29,7283712,0.83,-0.95
fix095-s29,fix095,29,7314432,0.8,-0.95
fix095-s29,fix095,29,7345152,0.86,-0.95
fix095-s29,fix095,29,7375872,0.82,-0.95
fix095-s29,fix095,29,7406592,0.82,-0.95
fix095-s29,fix095,29,7437312,0.83,-0.95
fix095-s29,fix095,29,7468032,0.88,-0.95
fix095-s29,fix095,29,7498752,0.77,-0.95
fix095-s29,fix095,29,7529472,0.77,-0.95
fix095-s29,fix095,29,7560192,0.83,-0.95
fix095-s29,fix095,29,7590912,0.8,-0.95
fix095-s29,fix095,29,7621632,0.74,-0.95
fix095-s29,fix095,29,7652352,0.82,-0.95
fix095-s29,fix095,29,7683072,0.86,-0.95
fix095-s29,fix095,29,7713792,0.81,-0.95
fix095-s29,fix095,29,7744512,0.87,-0.95
fix095-s29,fix095,29,7775232,0.86,-0.95
fix095-s29,fix095,29,7805952,0.81,-0.95
fix095-s29,fix095,29,7836672,0.91,-0.95
fix095-s29,fix095,29,7867392,0.83,-0.95
fix095-s29,fix095,29,7898112,0.84,-0.95
fix095-s29,fix095,29,7928832,0.8,-0.95
fix095-s29,fix095,29,7959552,0.87,-0.95
fix095-s29,fix095,29,7990272,0.84,-0.95
fix095-s29,fix095,29,8020992,0.84,-0.95
fix095-s29,fix095,29,8051712,0.8,-0.95
fix095-s29,fix095,29,8082432,0.85,-0.95
fix095-s29,fix095,29,8113152,0.82,-0.95
fix095-s29,fix095,29,8143872,0.79,-0.95
fix095-s29,fix095,29,8174592,0.8,-0.95
fix095-s29,fix095,29,8205312,0.86,-0.95
fix095-s29,fix095,29,8236032,0.84,-0.95
fix095-s29,fix095,29,8266752,0.86,-0.95
fix095-s29,fix095,29,8297472,0.86,-0.95
fix095-s29,fix095,29,8328192,0.77,-0.95
fix095-s29,fix095,29,8358912,0.79,-0.95
fix095-s29,fix095,29,8389632,0.76,-0.95
fix095-s29,fix095,29,8420352,0.86,-0.95
fix095-s29,fix095,29,8451072,0.82,-0.95
fix095-s29,fix095,29,8481792,0.86,-0.95
fix095-s29,fix095,29,8512512,0.91,-0.95
fix095-s29,fix095,29,8543232,0.82,-0.95
fix095-s29,fix095,29,8573952,0.84,-0.95
fix095-s29,fix095,29,8604672,0.92,-0.95
fix095-s29,fix095,29,8635392,0.83,-0.95
fix095-s29,fix095,29,8666112,0.81,-0.95
fix095-s29,fix095,29,8696832,0.83,-0.95
fix095-s29,fix095,29,8727552,0.88,-0.95
fix095-s29,fix095,29,8758272,0.86,-0.95
fix095-s29,fix095,29,8788992,0.91,-0.95
fix095-s29,fix095,29,8819712,0.88,-0.95
fix095-s29,fix095,29,8850432,0.82,-0.95
fix095-s29,fix095,29,8881152,0.9,-0.95
fix095-s29,fix095,29,8911872,0.87,-0.95
fix095-s29,fix095,29,8942592,0.86,-0.95
fix095-s29,fix095,29,8973312,0.87,-0.95
fix095-s29,fix095,29,9004032,0.88,-0.95
fix095-s29,fix095,29,9034752,0.81,-0.95
fix095-s29,fix095,29,9065472,0.89,-0.95
fix095-s29,fix095,29,9096192,0.92,-0.95
fix095-s29,fix095,29,9126912,0.81,-0.95
fix095-s29,fix095,29,9157632,0.9,-0.95
fix095-s29,fix095,29,9188352,0.84,-0.95
fix095-s29,fix095,29,9219072,0.85,-0.95
fix095-s29,fix095,29,9249792,0.88,-0.95
fix095-s29,fix095,29,9280512,0.85,-0.95
fix095-s29,fix095,29,9311232,0.92,-0.95
fix095-s29,fix095,29,9341952,0.89,-0.95
fix095-s29,fix095,29,9372672,0.83,-0.95
fix095-s29,fix095,29,9403392,0.86,-0.95
fix095-s29,fix095,29,9434112,0.87,-0.95
fix095-s29,fix095,29,9464832,0.87,-0.95
fix095-s29,fix095,29,9495552,0.83,-0.95
fix095-s29,fix095,29,9526272,0.89,-0.95
fix095-s29,fix095,29,9556992,0.84,-0.95
fix095-s29,fix095,29,9587712,0.85,-0.95
fix095-s29,fix095,29,9618432,0.92,-0.95
fix095-s29,fix095,29,9649152,0.88,-0.95
fix095-s29,fix095,29,9679872,0.88,-0.95
fix095-s29,fix095,29,9710592,0.89,-0.95
fix095-s29,fix095,29,9741312,0.86,-0.95
fix095-s29,fix095,29,9772032,0.9,-0.95
fix095-s29,fix095,29,9802752,0.89,-0.95
fix095-s29,fix095,29,9833472,0.93,-0.95
fix095-s29,fix095,29,9864192,0.94,-0.95
fix095-s29,fix095,29,9894912,0.87,-0.95
fix095-s29,fix095,29,9925632,0.87,-0.95
fix095-s29,fix095,29,9956352,0.86,-0.95
fix095-s29,fix095,29,9987072,0.84,-0.95
fix095-s29,fix095,29,10017792,0.85,-0.95
fix095-s29,fix095,29,10048512,0.87,-0.95
fix095-s29,fix095,29,10079232,0.88,-0.95
fix095-s29,fix095,29,10109952,0.86,-0.95
fix095-s29,fix095,29,10140672,0.91,-0.95
fix095-s29,fix095,29,10171392,0.82,-0.95
fix095-s29,fix095,29,10202112,0.85,-0.95
fix095-s29,fix095,29,10232832,0.85,-0.95
fix095-s29,fix095,29,10263552,0.95,-0.95
fix095-s29,fix095,29,10294272,0.88,-0.95
fix095-s29,fix095,29,10324992,0.83,-0.95
fix095-s29,fix095,29,10355712,0.93,-0.95
fix095-s29,fix095,29,10386432,0.94,-0.95
fix095-s29,fix095,29,10417152,0.91,-0.95
fix095-s29,fix095,29,10447872,0.84,-0.95
fix095-s29,fix095,29,10478592,0.88,-0.95
fix095-s29,fix095,29,10509312,0.85,-0.95
fix095-s29,fix095,29,10540032,0.84,-0.95
fix095-s29,fix095,29,10570752,0.93,-0.95
fix095-s29,fix095,29,10601472,0.81,-0.95
fix095-s29,fix095,29,10632192,0.84,-0.95
fix095-s29,fix095,29,10662912,0.88,-0.95
fix095-s29,fix095,29,10693632,0.91,-0.95
fix095-s29,fix095,29,10724352,0.87,-0.95
fix095-s29,fix095,29,10755072,0.89,-0.95
fix095-s29,fix095,29,10785792,0.83,-0.95
fix095-s29,fix095,29,10816512,0.86,-0.95
fix095-s29,fix095,29,10847232,0.86,-0.95
fix095-s29,fix095,29,10877952,0.92,-0.95
fix095-s29,fix095,29,10908672,0.86,-0.95
fix095-s29,fix095,29,10939392,0.88,-0.95
fix095-s29,fix095,29,10970112,0.87,-0.95
fix095-s29,fix095,29,11000832,0.93,-0.95
fix095-s29,fix095,29,11031552,0.91,-0.95
fix095-s29,fix095,29,11062272,0.95,-0.95
fix095-s29,fix095,29,11092992,0.87,-0.95
fix095-s29,fix095,29,11123712,0.89,-0.95
fix095-s29,fix095,29,11154432,0.88,-0.95
fix095-s29,fix095,29,11185152,0.92,-0.95
fix095-s29,fix095,29,11215872,0.87,-0.95
fix095-s29,fix095,29,11246592,0.9,-0.95
fix095-s29,fix095,29,11277312,0.83,-0.95
fix095-s29,fix095,29,11308032,0.9,-0.95
fix095-s29,fix095,29,11338752,0.88,-0.95
fix095-s29,fix095,29,11369472,0.91,-0.95
fix095-s29,fix095,29,11400192,0.83,-0.95
fix095-s29,fix095,29,11430912,0.89,-0.95
fix095-s29,fix095,29,11461632,0.84,-0.95
fix095-s29,fix095,29,11492352,0.82,-0.95
fix095-s29,fix095,29,11523072,0.89,-0.95
fix095-s29,fix095,29,11553792,0.9,-0.95
fix095-s29,fix095,29,11584512,0.94,-0.95
fix095-s29,fix095,29,11615232,0.87,-0.95
fix095-s29,fix095,29,11645952,0.84,-0.95
fix095-s29,fix095,29,11676672,0.9,-0.95
fix095-s29,fix095,29,11707392,0.86,-0.95
fix095-s29,fix095,29,11738112,0.87,-0.95
fix095-s29,fix095,29,11768832,0.92,-0.95
fix095-s29,fix095,29,11799552,0.91,-0.95
fix095-s29,fix095,29,11830272,0.89,-0.95
fix095-s29,fix095,29,11860992,0.9,-0.95
fix095-s29,fix095,29,11891712,0.89,-0.95
fix095-s29,fix095,29,11922432,0.89,-0.95
fix095-s29,fix095,29,11953152,0.86,-0.95
fix095-s29,fix095,29,11983872,0.9,-0.95
fix095-s29,fix095,29,12014592,0.84,-0.95
fix095-s29,fix095,29,12045312,0.91,-0.95
fix095-s29,fix095,29,12076032,0.85,-0.95
fix095-s29,fix095,29,12106752,0.91,-0.95
fix095-s29,fix095,29,12137472,0.86,-0.95
fix095-s29,fix095,29,12168192,0.91,-0.95
fix095-s29,fix095,29,12198912,0.94,-0.95
fix095-s29,fix095,29,12229632,0.93,-0.95
fix095-s29,fix095,29,12260352,0.85,-0.95
fix095-s29,fix095,29,12291072,0.87,-0.95
fix095-s29,fix095,29,12321792,0.88,-0.95
fix095-s29,fix095,29,12352512,0.88,-0.95
fix095-s29,fix095,29,12383232,0.92,-0.95
fix095-s29,fix095,29,12413952,0.95,-0.95
fix095-s29,fix095,29,12444672,0.92,-0.95
fix095-s29,fix095,29,12475392,0.87,-0.95
fix095-s29,fix095,29,12506112,0.9,-0.95
fix095-s29,fix095,29,12536832,0.89,-0.95
fix095-s29,fix095,29,12567552,0.88,-0.95
fix095-s29,fix095,29,12598272,0.88,-0.95
fix095-s29,fix095,29,12628992,0.91,-0.95
fix095-s29,fix095,29,12659712,0.94,-0.95
fix095-s29,fix095,29,12690432,0.81,-0.95
fix095-s29,fix095,29,12721152,0.89,-0.95
fix095-s29,fix095,29,12751872,0.9,-0.95
fix095-s29,fix095,29,12782592,0.91,-0.95
fix095-s29,fix095,29,12813312,0.91,-0.95
fix095-s29,fix095,29,12844032,0.92,-0.95
fix095-s29,fix095,29,12874752,0.92,-0.95
fix095-s29,fix095,29,12905472,0.92,-0.95
fix095-s29,fix095,29,12936192,0.87,-0.95
fix095-s29,fix095,29,12966912,0.89,-0.95
fix095-s29,fix095,29,12997632,0.93,-0.95
fix095-s29,fix095,29,13028352,0.92,-0.95
fix095-s29,fix095,29,13059072,0.93,-0.95
fix095-s29,fix095,29,13089792,0.91,-0.95
fix095-s29,fix095,29,13120512,0.9,-0.95
fix095-s29,fix095,29,13151232,0.85,-0.95
fix095-s29,fix095,29,13181952,0.92,-0.95
fix095-s29,fix095,29,13212672,0.92,-0.95
fix095-s29,fix095,29,13243392,0.92,-0.95
fix095-s29,fix095,29,13274112,0.92,-0.95
fix095-s29,fix095,29,13304832,0.94,-0.95
fix095-s29,fix095,29,13335552,0.95,-0.95
fix095-s29,fix095,29,13366272,0.93,-0.95
fix095-s29,fix095,29,13396992,0.92,-0.95
fix095-s29,fix095,29,13427712,0.92,-0.95
fix095-s29,fix095,29,13458432,0.9,-0.95
fix095-s29,fix095,29,13489152,0.95,-0.95
fix095-s29,fix095,29,13519872,0.94,-0.95
fix095-s29,fix095,29,13550592,0.97,-0.95
fix095-s29,fix095,29,13581312,0.91,-0.95
fix095-s29,fix095,29,13612032,0.93,-0.95
fix095-s29,fix095,29,13642752,0.94,-0.95
fix095-s29,fix095,29,13673472,0.9,-0.95
fix095-s29,fix095,29,13704192,0.89,-0.95
fix095-s29,fix095,29,13734912,0.94,-0.95
fix095-s29,fix095,29,13765632,0.94,-0.95
fix095-s29,fix095,29,13796352,0.94,-0.95
fix095-s29,fix095,29,13827072,0.92,-0.95
fix095-s29,fix095,29,13857792,0.92,-0.95
fix095-s29,fix095,29,13888512,0.92,-0.95
fix095-s29,fix095,29,13919232,0.88,-0.95
fix095-s29,fix095,29,13949952,0.9,-0.95
fix095-s29,fix095,29,13980672,0.94,-0.95
fix095-s29,fix095,29,14011392,0.92,-0.95
fix095-s29,fix095,29,14042112,0.95,-0.95
fix095-s29,fix095,29,14072832,0.9,-0.95
fix095-s29,fix095,29,14103552,0.95,-0.95
fix095-s29,fix095,29,14134272,0.93,-0.95
fix095-s29,fix095,29,14164992,0.9,-0.95
fix095-s29,fix095,29,14195712,0.97,-0.95
fix095-s29,fix095,29,14226432,0.93,-0.95
fix095-s29,fix095,29,14257152,0.91,-0.95
fix095-s29,fix095,29,14287872,0.89,-0.95
fix095-s29,fix095,29,14318592,0.94,-0.95
fix095-s29,fix095,29,14349312,0.93,-0.95
fix095-s29,fix095,29,14380032,0.92,-0.95
fix095-s29,fix095,29,14410752,0.93,-0.95
fix095-s29,fix095,29,14441472,0.95,-0.95
fix095-s29,fix095,29,14472192,0.95,-0.95
fix095-s29,fix095,29,14502912,0.96,-0.95
fix095-s29,fix095,29,14533632,0.96,-0.95
fix095-s29,fix095,29,14564352,0.96,-0.95
fix095-s29,fix095,29,14595072,0.92,-0.95
fix095-s29,fix095,29,14625792,0.96,-0.95
fix095-s29,fix095,29,14656512,0.97,-0.95
fix095-s29,fix095,29,14687232,0.97,-0.95
fix095-s29,fix095,29,14717952,0.96,-0.95
fix095-s29,fix095,29,14748672,0.95,-0.95
fix095-s29,fix095,29,14779392,0.99,-0.95
fix095-s29,fix095,29,14810112,0.97,-0.95
fix095-s29,fix095,29,14840832,0.92,-0.95
fix095-s29,fix095,29,14871552,0.97,-0.95
fix095-s29,fix095,29,14902272,0.96,-0.95
fix095-s29,fix095,29,14932992,0.94,-0.95
fix095-s29,fix095,29,14963712,0.96,-0.95
fix095-s29,fix095,29,14994432,0.96,-0.95
fix095-s29,fix095,29,14997504,0.98,-0.95
fsc000-i095-s27,fsc000-i095,27,3072,0.0,-0.95
fsc000-i095-s27,fsc000-i095,27,33792,0.01,-1.0
fsc000-i095-s27,fsc000-i095,27,64512,0.01,-1.0
fsc000-i095-s27,fsc000-i095,27,95232,0.0,-1.0
fsc000-i095-s27,fsc000-i095,27,125952,0.03,-1.0
fsc000-i095-s27,fsc000-i095,27,156672,0.02,-1.0
fsc000-i095-s27,fsc000-i095,27,187392,0.03,-1.0
fsc000-i095-s27,fsc000-i095,27,218112,0.01,-1.0
fsc000-i095-s27,fsc000-i095,27,248832,0.04,-1.0
fsc000-i095-s27,fsc000-i095,27,279552,0.1,-1.0
fsc000-i095-s27,fsc000-i095,27,310272,0.01,-1.0
fsc000-i095-s27,fsc000-i095,27,340992,0.08,-1.0
fsc000-i095-s27,fsc000-i095,27,371712,0.04,-1.0
fsc000-i095-s27,fsc000-i095,27,402432,0.06,-1.0
fsc000-i095-s27,fsc000-i095,27,433152,0.05,-1.0
fsc000-i095-s27,fsc000-i095,27,463872,0.04,-1.0
fsc000-i095-s27,fsc000-i095,27,494592,0.07,-1.0
fsc000-i095-s27,fsc000-i095,27,525312,0.11,-1.0
fsc000-i095-s27,fsc000-i095,27,556032,0.06,-1.0
fsc000-i095-s27,fsc000-i095,27,586752,0.1,-1.0
fsc000-i095-s27,fsc000-i095,27,617472,0.17,-1.0
fsc000-i095-s27,fsc000-i095,27,648192,0.07,-1.0
fsc000-i095-s27,fsc000-i095,27,678912,0.08,-1.0
fsc000-i095-s27,fsc000-i095,27,709632,0.09,-1.0
fsc000-i095-s27,fsc000-i095,27,740352,0.06,-1.0
fsc000-i095-s27,fsc000-i095,27,771072,0.1,-1.0
fsc000-i095-s27,fsc000-i095,27,801792,0.06,-1.0
fsc000-i095-s27,fsc000-i095,27,832512,0.07,-1.0
fsc000-i095-s27,fsc000-i095,27,863232,0.13,-1.0
fsc000-i095-s27,fsc000-i095,27,893952,0.09,-1.0
fsc000-i095-s27,fsc000-i095,27,924672,0.11,-1.0
fsc000-i095-s27,fsc000-i095,27,955392,0.07,-1.0
fsc000-i095-s27,fsc000-i095,27,986112,0.05,-1.0
fsc000-i095-s27,fsc000-i095,27,1016832,0.13,-1.0
fsc000-i095-s27,fsc000-i095,27,1047552,0.09,-1.0
fsc000-i095-s27,fsc000-i095,27,1078272,0.1,-1.0
fsc000-i095-s27,fsc000-i095,27,1108992,0.15,-1.0
fsc000-i095-s27,fsc000-i095,27,1139712,0.11,-1.0
fsc000-i095-s27,fsc000-i095,27,1170432,0.14,-1.0
fsc000-i095-s27,fsc000-i095,27,1201152,0.1,-1.0
fsc000-i095-s27,fsc000-i095,27,1231872,0.11,-1.0
fsc000-i095-s27,fsc000-i095,27,1262592,0.12,-1.0
fsc000-i095-s27,fsc000-i095,27,1293312,0.12,-1.0
fsc000-i095-s27,fsc000-i095,27,1324032,0.07,-1.0
fsc000-i095-s27,fsc000-i095,27,1354752,0.15,-1.0
fsc000-i095-s27,fsc000-i095,27,1385472,0.08,-1.0
fsc000-i095-s27,fsc000-i095,27,1416192,0.09,-1.0
fsc000-i095-s27,fsc000-i095,27,1446912,0.14,-1.0
fsc000-i095-s27,fsc000-i095,27,1477632,0.21,-1.0
fsc000-i095-s27,fsc000-i095,27,1508352,0.15,-1.0
fsc000-i095-s27,fsc000-i095,27,1539072,0.16,-1.0
fsc000-i095-s27,fsc000-i095,27,1569792,0.11,-1.0
fsc000-i095-s27,fsc000-i095,27,1600512,0.14,-1.0
fsc000-i095-s27,fsc000-i095,27,1631232,0.18,-1.0
fsc000-i095-s27,fsc000-i095,27,1661952,0.12,-1.0
fsc000-i095-s27,fsc000-i095,27,1692672,0.19,-1.0
fsc000-i095-s27,fsc000-i095,27,1723392,0.11,-1.0
fsc000-i095-s27,fsc000-i095,27,1754112,0.17,-1.0
fsc000-i095-s27,fsc000-i095,27,1784832,0.21,-1.0
fsc000-i095-s27,fsc000-i095,27,1815552,0.14,-1.0
fsc000-i095-s27,fsc000-i095,27,1846272,0.1,-1.0
fsc000-i095-s27,fsc000-i095,27,1876992,0.16,-1.0
fsc000-i095-s27,fsc000-i095,27,1907712,0.15,-1.0
fsc000-i095-s27,fsc000-i095,27,1938432,0.18,-1.0
fsc000-i095-s27,fsc000-i095,27,1969152,0.13,-1.0
fsc000-i095-s27,fsc000-i095,27,1999872,0.15,-1.0
fsc000-i095-s27,fsc000-i095,27,2030592,0.11,-1.0
fsc000-i095-s27,fsc000-i095,27,2061312,0.15,-1.0
fsc000-i095-s27,fsc000-i095,27,2092032,0.17,-1.0
fsc000-i095-s27,fsc000-i095,27,2122752,0.22,-1.0
fsc000-i095-s27,fsc000-i095,27,2153472,0.15,-1.0
fsc000-i095-s27,fsc000-i095,27,2184192,0.19,-1.0
fsc000-i095-s27,fsc000-i095,27,2214912,0.16,-1.0
fsc000-i095-s27,fsc000-i095,27,2245632,0.26,-1.0
fsc000-i095-s27,fsc000-i095,27,2276352,0.23,-1.0
fsc000-i095-s27,fsc000-i095,27,2307072,0.24,-1.0
fsc000-i095-s27,fsc000-i095,27,2337792,0.25,-1.0
fsc000-i095-s27,fsc000-i095,27,2368512,0.19,-1.0
fsc000-i095-s27,fsc000-i095,27,2399232,0.21,-1.0
fsc000-i095-s27,fsc000-i095,27,2429952,0.22,-1.0
fsc000-i095-s27,fsc000-i095,27,2460672,0.16,-1.0
fsc000-i095-s27,fsc000-i095,27,2491392,0.24,-1.0
fsc000-i095-s27,fsc000-i095,27,2522112,0.24,-1.0
fsc000-i095-s27,fsc000-i095,27,2552832,0.2,-1.0
fsc000-i095-s27,fsc000-i095,27,2583552,0.27,-1.0
fsc000-i095-s27,fsc000-i095,27,2614272,0.28,-1.0
fsc000-i095-s27,fsc000-i095,27,2644992,0.29,-1.0
fsc000-i095-s27,fsc000-i095,27,2675712,0.28,-1.0
fsc000-i095-s27,fsc000-i095,27,2706432,0.19,-1.0
fsc000-i095-s27,fsc000-i095,27,2737152,0.24,-1.0
fsc000-i095-s27,fsc000-i095,27,2767872,0.34,-1.0
fsc000-i095-s27,fsc000-i095,27,2798592,0.18,-1.0
fsc000-i095-s27,fsc000-i095,27,2829312,0.31,-1.0
fsc000-i095-s27,fsc000-i095,27,2860032,0.2,-1.0
fsc000-i095-s27,fsc000-i095,27,2890752,0.29,-1.0
fsc000-i095-s27,fsc000-i095,27,2921472,0.33,-1.0
fsc000-i095-s27,fsc000-i095,27,2952192,0.3,-1.0
fsc000-i095-s27,fsc000-i095,27,2982912,0.27,-1.0
fsc000-i095-s27,fsc000-i095,27,3013632,0.4,-1.0
fsc000-i095-s27,fsc000-i095,27,3044352,0.3,-1.0
fsc000-i095-s27,fsc000-i095,27,3075072,0.25,-1.0
fsc000-i095-s27,fsc000-i095,27,3105792,0.3,-1.0
fsc000-i095-s27,fsc000-i095,27,3136512,0.26,-1.0
fsc000-i095-s27,fsc000-i095,27,3167232,0.34,-1.0
fsc000-i095-s27,fsc000-i095,27,3197952,0.35,-1.0
fsc000-i095-s27,fsc000-i095,27,3228672,0.42,-1.0
fsc000-i095-s27,fsc000-i095,27,3259392,0.36,-1.0
fsc000-i095-s27,fsc000-i095,27,3290112,0.36,-1.0
fsc000-i095-s27,fsc000-i095,27,3320832,0.35,-1.0
fsc000-i095-s27,fsc000-i095,27,3351552,0.28,-1.0
fsc000-i095-s27,fsc000-i095,27,3382272,0.36,-1.0
fsc000-i095-s27,fsc000-i095,27,3412992,0.32,-1.0
fsc000-i095-s27,fsc000-i095,27,3443712,0.35,-1.0
fsc000-i095-s27,fsc000-i095,27,3474432,0.34,-1.0
fsc000-i095-s27,fsc000-i095,27,3505152,0.42,-1.0
fsc000-i095-s27,fsc000-i095,27,3535872,0.39,-1.0
fsc000-i095-s27,fsc000-i095,27,3566592,0.47,-1.0
fsc000-i095-s27,fsc000-i095,27,3597312,0.43,-1.0
fsc000-i095-s27,fsc000-i095,27,3628032,0.32,-1.0
fsc000-i095-s27,fsc000-i095,27,3658752,0.38,-1.0
fsc000-i095-s27,fsc000-i095,27,3689472,0.44,-1.0
fsc000-i095-s27,fsc000-i095,27,3720192,0.36,-1.0
fsc000-i095-s27,fsc000-i095,27,3750912,0.41,-1.0
fsc000-i095-s27,fsc000-i095,27,3781632,0.52,-1.0
fsc000-i095-s27,fsc000-i095,27,3812352,0.45,-1.0
fsc000-i095-s27,fsc000-i095,27,3843072,0.54,-1.0
fsc000-i095-s27,fsc000-i095,27,3873792,0.51,-1.0
fsc000-i095-s27,fsc000-i095,27,3904512,0.42,-1.0
fsc000-i095-s27,fsc000-i095,27,3935232,0.52,-1.0
fsc000-i095-s27,fsc000-i095,27,3965952,0.42,-1.0
fsc000-i095-s27,fsc000-i095,27,3996672,0.43,-1.0
fsc000-i095-s27,fsc000-i095,27,4027392,0.56,-1.0
fsc000-i095-s27,fsc000-i095,27,4058112,0.48,-1.0
fsc000-i095-s27,fsc000-i095,27,4088832,0.42,-1.0
fsc000-i095-s27,fsc000-i095,27,4119552,0.45,-1.0
fsc000-i095-s27,fsc000-i095,27,4150272,0.47,-1.0
fsc000-i095-s27,fsc000-i095,27,4180992,0.49,-1.0
fsc000-i095-s27,fsc000-i095,27,4211712,0.53,-1.0
fsc000-i095-s27,fsc000-i095,27,4242432,0.51,-1.0
fsc000-i095-s27,fsc000-i095,27,4273152,0.51,-1.0
fsc000-i095-s27,fsc000-i095,27,4303872,0.51,-1.0
fsc000-i095-s27,fsc000-i095,27,4334592,0.57,-1.0
fsc000-i095-s27,fsc000-i095,27,4365312,0.56,-1.0
fsc000-i095-s27,fsc000-i095,27,4396032,0.58,-1.0
fsc000-i095-s27,fsc000-i095,27,4426752,0.55,-1.0
fsc000-i095-s27,fsc000-i095,27,4457472,0.57,-1.0
fsc000-i095-s27,fsc000-i095,27,4488192,0.52,-1.0
fsc000-i095-s27,fsc000-i095,27,4518912,0.62,-1.0
fsc000-i095-s27,fsc000-i095,27,4549632,0.53,-0.977
fsc000-i095-s27,fsc000-i095,27,4580352,0.57,-0.954
fsc000-i095-s27,fsc000-i095,27,4611072,0.51,-0.931
fsc000-i095-s27,fsc000-i095,27,4641792,0.64,-0.931
fsc000-i095-s27,fsc000-i095,27,4672512,0.64,-0.903
fsc000-i095-s27,fsc000-i095,27,4703232,0.47,-0.838
fsc000-i095-s27,fsc000-i095,27,4733952,0.57,-0.813
fsc000-i095-s27,fsc000-i095,27,4764672,0.5,-0.798
fsc000-i095-s27,fsc000-i095,27,4795392,0.6,-0.798
fsc000-i095-s27,fsc000-i095,27,4826112,0.5,-0.774
fsc000-i095-s27,fsc000-i095,27,4856832,0.57,-0.759
fsc000-i095-s27,fsc000-i095,27,4887552,0.56,-0.74
fsc000-i095-s27,fsc000-i095,27,4918272,0.58,-0.74
fsc000-i095-s27,fsc000-i095,27,4948992,0.49,-0.726
fsc000-i095-s27,fsc000-i095,27,4979712,0.52,-0.711
fsc000-i095-s27,fsc000-i095,27,5010432,0.54,-0.711
fsc000-i095-s27,fsc000-i095,27,5041152,0.52,-0.711
fsc000-i095-s27,fsc000-i095,27,5071872,0.53,-0.711
fsc000-i095-s27,fsc000-i095,27,5102592,0.53,-0.687
fsc000-i095-s27,fsc000-i095,27,5133312,0.49,-0.674
fsc000-i095-s27,fsc000-i095,27,5164032,0.6,-0.651
fsc000-i095-s27,fsc000-i095,27,5194752,0.56,-0.628
fsc000-i095-s27,fsc000-i095,27,5225472,0.56,-0.6
fsc000-i095-s27,fsc000-i095,27,5256192,0.6,-0.576
fsc000-i095-s27,fsc000-i095,27,5286912,0.54,-0.565
fsc000-i095-s27,fsc000-i095,27,5317632,0.57,-0.538
fsc000-i095-s27,fsc000-i095,27,5348352,0.65,-0.511
fsc000-i095-s27,fsc000-i095,27,5379072,0.53,-0.473
fsc000-i095-s27,fsc000-i095,27,5409792,0.48,-0.461
fsc000-i095-s27,fsc000-i095,27,5440512,0.6,-0.45
fsc000-i095-s27,fsc000-i095,27,5471232,0.53,-0.423
fsc000-i095-s27,fsc000-i095,27,5501952,0.52,-0.41
fsc000-i095-s27,fsc000-i095,27,5532672,0.56,-0.399
fsc000-i095-s27,fsc000-i095,27,5563392,0.54,-0.373
fsc000-i095-s27,fsc000-i095,27,5594112,0.55,-0.362
fsc000-i095-s27,fsc000-i095,27,5624832,0.55,-0.323
fsc000-i095-s27,fsc000-i095,27,5655552,0.57,-0.272
fsc000-i095-s27,fsc000-i095,27,5686272,0.48,-0.272
fsc000-i095-s27,fsc000-i095,27,5716992,0.59,-0.25
fsc000-i095-s27,fsc000-i095,27,5747712,0.55,-0.212
fsc000-i095-s27,fsc000-i095,27,5778432,0.64,-0.199
fsc000-i095-s27,fsc000-i095,27,5809152,0.46,-0.185
fsc000-i095-s27,fsc000-i095,27,5839872,0.59,-0.157
fsc000-i095-s27,fsc000-i095,27,5870592,0.57,-0.132
fsc000-i095-s27,fsc000-i095,27,5901312,0.55,-0.121
fsc000-i095-s27,fsc000-i095,27,5932032,0.52,-0.103
fsc000-i095-s27,fsc000-i095,27,5962752,0.54,-0.06
fsc000-i095-s27,fsc000-i095,27,5993472,0.52,-0.035
fsc000-i095-s27,fsc000-i095,27,6024192,0.56,-0.023
fsc000-i095-s27,fsc000-i095,27,6054912,0.57,-0.012
fsc000-i095-s27,fsc000-i095,27,6085632,0.53,-0.012
fsc000-i095-s27,fsc000-i095,27,6116352,0.49,0.0
fsc000-i095-s27,fsc000-i095,27,6147072,0.54,0.0
fsc000-i095-s27,fsc000-i095,27,6177792,0.51,0.0
fsc000-i095-s27,fsc000-i095,27,6208512,0.61,0.0
fsc000-i095-s27,fsc000-i095,27,6239232,0.62,0.0
fsc000-i095-s27,fsc000-i095,27,6269952,0.53,0.0
fsc000-i095-s27,fsc000-i095,27,6300672,0.56,0.0
fsc000-i095-s27,fsc000-i095,27,6331392,0.6,0.0
fsc000-i095-s27,fsc000-i095,27,6362112,0.56,0.0
fsc000-i095-s27,fsc000-i095,27,6392832,0.57,0.0
fsc000-i095-s27,fsc000-i095,27,6423552,0.68,0.0
fsc000-i095-s27,fsc000-i095,27,6454272,0.6,0.0
fsc000-i095-s27,fsc000-i095,27,6484992,0.63,0.0
fsc000-i095-s27,fsc000-i095,27,6515712,0.59,0.0
fsc000-i095-s27,fsc000-i095,27,6546432,0.65,0.0
fsc000-i095-s27,fsc000-i095,27,6577152,0.61,0.0
fsc000-i095-s27,fsc000-i095,27,6607872,0.58,0.0
fsc000-i095-s27,fsc000-i095,27,6638592,0.58,0.0
fsc000-i095-s27,fsc000-i095,27,6669312,0.64,0.0
fsc000-i095-s27,fsc000-i095,27,6700032,0.58,0.0
fsc000-i095-s27,fsc000-i095,27,6730752,0.6,0.0
fsc000-i095-s27,fsc000-i095,27,6761472,0.61,0.0
fsc000-i095-s27,fsc000-i095,27,6792192,0.6,0.0
fsc000-i095-s27,fsc000-i095,27,6822912,0.55,0.0
fsc000-i095-s27,fsc000-i095,27,6853632,0.61,0.0
fsc000-i095-s27,fsc000-i095,27,6884352,0.67,0.0
fsc000-i095-s27,fsc000-i095,27,6915072,0.54,0.0
fsc000-i095-s27,fsc000-i095,27,6945792,0.67,0.0
fsc000-i095-s27,fsc000-i095,27,6976512,0.59,0.0
fsc000-i095-s27,fsc000-i095,27,7007232,0.57,0.0
fsc000-i095-s27,fsc000-i095,27,7037952,0.62,0.0
fsc000-i095-s27,fsc000-i095,27,7068672,0.64,0.0
fsc000-i095-s27,fsc000-i095,27,7099392,0.67,0.0
fsc000-i095-s27,fsc000-i095,27,7130112,0.69,0.0
fsc000-i095-s27,fsc000-i095,27,7160832,0.67,0.0
fsc000-i095-s27,fsc000-i095,27,7191552,0.58,0.0
fsc000-i095-s27,fsc000-i095,27,7222272,0.62,0.0
fsc000-i095-s27,fsc000-i095,27,7252992,0.69,0.0
fsc000-i095-s27,fsc000-i095,27,7283712,0.6,0.0
fsc000-i095-s27,fsc000-i095,27,7314432,0.66,0.0
fsc000-i095-s27,fsc000-i095,27,7345152,0.65,0.0
fsc000-i095-s27,fsc000-i095,27,7375872,0.61,0.0
fsc000-i095-s27,fsc000-i095,27,7406592,0.54,0.0
fsc000-i095-s27,fsc000-i095,27,7437312,0.62,0.0
fsc000-i095-s27,fsc000-i095,27,7468032,0.57,0.0
fsc000-i095-s27,fsc000-i095,27,7498752,0.65,0.0
fsc000-i095-s27,fsc000-i095,27,7529472,0.7,0.0
fsc000-i095-s27,fsc000-i095,27,7560192,0.65,0.0
fsc000-i095-s27,fsc000-i095,27,7590912,0.74,0.0
fsc000-i095-s27,fsc000-i095,27,7621632,0.66,0.0
fsc000-i095-s27,fsc000-i095,27,7652352,0.71,0.0
fsc000-i095-s27,fsc000-i095,27,7683072,0.63,0.0
fsc000-i095-s27,fsc000-i095,27,7713792,0.67,0.0
fsc000-i095-s27,fsc000-i095,27,7744512,0.73,0.0
fsc000-i095-s27,fsc000-i095,27,7775232,0.79,0.0
fsc000-i095-s27,fsc000-i095,27,7805952,0.64,0.0
fsc000-i095-s27,fsc000-i095,27,7836672,0.7,0.0
fsc000-i095-s27,fsc000-i095,27,7867392,0.76,0.0
fsc000-i095-s27,fsc000-i095,27,7898112,0.75,0.0
fsc000-i095-s27,fsc000-i095,27,7928832,0.67,0.0
fsc000-i095-s27,fsc000-i095,27,7959552,0.67,0.0
fsc000-i095-s27,fsc000-i095,27,7990272,0.77,0.0
fsc000-i095-s27,fsc000-i095,27,8020992,0.64,0.0
fsc000-i095-s27,fsc000-i095,27,8051712,0.69,0.0
fsc000-i095-s27,fsc000-i095,27,8082432,0.66,0.0
fsc000-i095-s27,fsc000-i095,27,8113152,0.64,0.0
fsc000-i095-s27,fsc000-i095,27,8143872,0.65,0.0
fsc000-i095-s27,fsc000-i095,27,8174592,0.7,0.0
fsc000-i095-s27,fsc000-i095,27,8205312,0.69,0.0
fsc000-i095-s27,fsc000-i095,27,8236032,0.62,0.0
fsc000-i095-s27,fsc000-i095,27,8266752,0.76,0.0
fsc000-i095-s27,fsc000-i095,27,8297472,0.64,0.0
fsc000-i095-s27,fsc000-i095,27,8328192,0.62,0.0
fsc000-i095-s27,fsc000-i095,27,8358912,0.63,0.0
fsc000-i095-s27,fsc000-i095,27,8389632,0.66,0.0
fsc000-i095-s27,fsc000-i095,27,8420352,0.69,0.0
fsc000-i095-s27,fsc000-i095,27,8451072,0.68,0.0
fsc000-i095-s27,fsc000-i095,27,8481792,0.68,0.0
fsc000-i095-s27,fsc000-i095,27,8512512,0.79,0.0
fsc000-i095-s27,fsc000-i095,27,8543232,0.72,0.0
fsc000-i095-s27,fsc000-i095,27,8573952,0.78,0.0
fsc000-i095-s27,fsc000-i095,27,8604672,0.69,0.0
fsc000-i095-s27,fsc000-i095,27,8635392,0.75,0.0
fsc000-i095-s27,fsc000-i095,27,8666112,0.69,0.0
fsc000-i095-s27,fsc000-i095,27,8696832,0.68,0.0
fsc000-i095-s27,fsc000-i095,27,8727552,0.67,0.0
fsc000-i095-s27,fsc000-i095,27,8758272,0.72,0.0
fsc000-i095-s27,fsc000-i095,27,8788992,0.76,0.0
fsc000-i095-s27,fsc000-i095,27,8819712,0.69,0.0
fsc000-i095-s27,fsc000-i095,27,8850432,0.78,0.0
fsc000-i095-s27,fsc000-i095,27,8881152,0.75,0.0
fsc000-i095-s27,fsc000-i095,27,8911872,0.79,0.0
fsc000-i095-s27,fsc000-i095,27,8942592,0.65,0.0
fsc000-i095-s27,fsc000-i095,27,8973312,0.75,0.0
fsc000-i095-s27,fsc000-i095,27,9004032,0.72,0.0
fsc000-i095-s27,fsc000-i095,27,9034752,0.75,0.0
fsc000-i095-s27,fsc000-i095,27,9065472,0.74,0.0
fsc000-i095-s27,fsc000-i095,27,9096192,0.69,0.0
fsc000-i095-s27,fsc000-i095,27,9126912,0.72,0.0
fsc000-i095-s27,fsc000-i095,27,9157632,0.72,0.0
fsc000-i095-s27,fsc000-i095,27,9188352,0.76,0.0
fsc000-i095-s27,fsc000-i095,27,9219072,0.72,0.0
fsc000-i095-s27,fsc000-i095,27,9249792,0.69,0.0
fsc000-i095-s27,fsc000-i095,27,9280512,0.72,0.0
fsc000-i095-s27,fsc000-i095,27,9311232,0.71,0.0
fsc000-i095-s27,fsc000-i095,27,9341952,0.77,0.0
fsc000-i095-s27,fsc000-i095,27,9372672,0.71,0.0
fsc000-i095-s27,fsc000-i095,27,9403392,0.74,0.0
fsc000-i095-s27,fsc000-i095,27,9434112,0.74,0.0
fsc000-i095-s27,fsc000-i095,27,9464832,0.67,0.0
fsc000-i095-s27,fsc000-i095,27,9495552,0.73,0.0
fsc000-i095-s27,fsc000-i095,27,9526272,0.72,0.0
fsc000-i095-s27,fsc000-i095,27,9556992,0.74,0.0
fsc000-i095-s27,fsc000-i095,27,9587712,0.76,0.0
fsc000-i095-s27,fsc000-i095,27,9618432,0.8,0.0
fsc000-i095-s27,fsc000-i095,27,9649152,0.74,0.0
fsc000-i095-s27,fsc000-i095,27,9679872,0.74,0.0
fsc000-i095-s27,fsc000-i095,27,9710592,0.69,0.0
fsc000-i095-s27,fsc000-i095,27,9741312,0.68,0.0
fsc000-i095-s27,fsc000-i095,27,9772032,0.74,0.0
fsc000-i095-s27,fsc000-i095,27,9802752,0.74,0.0
fsc000-i095-s27,fsc000-i095,27,9833472,0.81,0.0
fsc000-i095-s27,fsc000-i095,27,9864192,0.72,0.0
fsc000-i095-s27,fsc000-i095,27,9894912,0.76,0.0
fsc000-i095-s27,fsc000-i095,27,9925632,0.75,0.0
fsc000-i095-s27,fsc000-i095,27,9956352,0.75,0.0
fsc000-i095-s27,fsc000-i095,27,9987072,0.73,0.0
fsc000-i095-s27,fsc000-i095,27,10017792,0.82,0.0
fsc000-i095-s27,fsc000-i095,27,10048512,0.76,0.0
fsc000-i095-s27,fsc000-i095,27,10079232,0.82,0.0
fsc000-i095-s27,fsc000-i095,27,10109952,0.78,0.0
fsc000-i095-s27,fsc000-i095,27,10140672,0.74,0.0
fsc000-i095-s27,fsc000-i095,27,10171392,0.72,0.0
fsc000-i095-s27,fsc000-i095,27,10202112,0.78,0.0
fsc000-i095-s27,fsc000-i095,27,10232832,0.78,0.0
fsc000-i095-s27,fsc000-i095,27,10263552,0.75,0.0
fsc000-i095-s27,fsc000-i095,27,10294272,0.72,0.0
fsc000-i095-s27,fsc000-i095,27,10324992,0.82,0.0
fsc000-i095-s27,fsc000-i095,27,10355712,0.62,0.0
fsc000-i095-s27,fsc000-i095,27,10386432,0.8,0.0
fsc000-i095-s27,fsc000-i095,27,10417152,0.75,0.0
fsc000-i095-s27,fsc000-i095,27,10447872,0.77,0.0
fsc000-i095-s27,fsc000-i095,27,10478592,0.75,0.0
fsc000-i095-s27,fsc000-i095,27,10509312,0.83,0.0
fsc000-i095-s27,fsc000-i095,27,10540032,0.76,0.0
fsc000-i095-s27,fsc000-i095,27,10570752,0.75,0.0
fsc000-i095-s27,fsc000-i095,27,10601472,0.8,0.0
fsc000-i095-s27,fsc000-i095,27,10632192,0.78,0.0
fsc000-i095-s27,fsc000-i095,27,10662912,0.72,0.0
fsc000-i095-s27,fsc000-i095,27,10693632,0.75,0.0
fsc000-i095-s27,fsc000-i095,27,10724352,0.75,0.0
fsc000-i095-s27,fsc000-i095,27,10755072,0.71,0.0
fsc000-i095-s27,fsc000-i095,27,10785792,0.8,0.0
fsc000-i095-s27,fsc000-i095,27,10816512,0.66,0.0
fsc000-i095-s27,fsc000-i095,27,10847232,0.74,0.0
fsc000-i095-s27,fsc000-i095,27,10877952,0.77,0.0
fsc000-i095-s27,fsc000-i095,27,10908672,0.75,0.0
fsc000-i095-s27,fsc000-i095,27,10939392,0.77,0.0
fsc000-i095-s27,fsc000-i095,27,10970112,0.73,0.0
fsc000-i095-s27,fsc000-i095,27,11000832,0.76,0.0
fsc000-i095-s27,fsc000-i095,27,11031552,0.75,0.0
fsc000-i095-s27,fsc000-i095,27,11062272,0.75,0.0
fsc000-i095-s27,fsc000-i095,27,11092992,0.75,0.0
fsc000-i095-s27,fsc000-i095,27,11123712,0.77,0.0
fsc000-i095-s27,fsc000-i095,27,11154432,0.69,0.0
fsc000-i095-s27,fsc000-i095,27,11185152,0.75,0.0
fsc000-i095-s27,fsc000-i095,27,11215872,0.71,0.0
fsc000-i095-s27,fsc000-i095,27,11246592,0.68,0.0
fsc000-i095-s27,fsc000-i095,27,11277312,0.72,0.0
fsc000-i095-s27,fsc000-i095,27,11308032,0.76,0.0
fsc000-i095-s27,fsc000-i095,27,11338752,0.7,0.0
fsc000-i095-s27,fsc000-i095,27,11369472,0.75,0.0
fsc000-i095-s27,fsc000-i095,27,11400192,0.82,0.0
fsc000-i095-s27,fsc000-i095,27,11430912,0.72,0.0
fsc000-i095-s27,fsc000-i095,27,11461632,0.88,0.0
fsc000-i095-s27,fsc000-i095,27,11492352,0.69,0.0
fsc000-i095-s27,fsc000-i095,27,11523072,0.74,0.0
fsc000-i095-s27,fsc000-i095,27,11553792,0.68,0.0
fsc000-i095-s27,fsc000-i095,27,11584512,0.76,0.0
fsc000-i095-s27,fsc000-i095,27,11615232,0.73,0.0
fsc000-i095-s27,fsc000-i095,27,11645952,0.78,0.0
fsc000-i095-s27,fsc000-i095,27,11676672,0.83,0.0
fsc000-i095-s27,fsc000-i095,27,11707392,0.73,0.0
fsc000-i095-s27,fsc000-i095,27,11738112,0.81,0.0
fsc000-i095-s27,fsc000-i095,27,11768832,0.81,0.0
fsc000-i095-s27,fsc000-i095,27,11799552,0.77,0.0
fsc000-i095-s27,fsc000-i095,27,11830272,0.75,0.0
fsc000-i095-s27,fsc000-i095,27,11860992,0.79,0.0
fsc000-i095-s27,fsc000-i095,27,11891712,0.82,0.0
fsc000-i095-s27,fsc000-i095,27,11922432,0.79,0.0
fsc000-i095-s27,fsc000-i095,27,11953152,0.77,0.0
fsc000-i095-s27,fsc000-i095,27,11983872,0.73,0.0
fsc000-i095-s27,fsc000-i095,27,12014592,0.78,0.0
fsc000-i095-s27,fsc000-i095,27,12045312,0.83,0.0
fsc000-i095-s27,fsc000-i095,27,12076032,0.85,0.0
fsc000-i095-s27,fsc000-i095,27,12106752,0.81,0.0
fsc000-i095-s27,fsc000-i095,27,12137472,0.76,0.0
fsc000-i095-s27,fsc000-i095,27,12168192,0.85,0.0
fsc000-i095-s27,fsc000-i095,27,12198912,0.8,0.0
fsc000-i095-s27,fsc000-i095,27,12229632,0.82,0.0
fsc000-i095-s27,fsc000-i095,27,12260352,0.78,0.0
fsc000-i095-s27,fsc000-i095,27,12291072,0.85,0.0
fsc000-i095-s27,fsc000-i095,27,12321792,0.79,0.0
fsc000-i095-s27,fsc000-i095,27,12352512,0.79,0.0
fsc000-i095-s27,fsc000-i095,27,12383232,0.81,0.0
fsc000-i095-s27,fsc000-i095,27,12413952,0.76,0.0
fsc000-i095-s27,fsc000-i095,27,12444672,0.8,0.0
fsc000-i095-s27,fsc000-i095,27,12475392,0.8,0.0
fsc000-i095-s27,fsc000-i095,27,12506112,0.83,0.0
fsc000-i095-s27,fsc000-i095,27,12536832,0.79,0.0
fsc000-i095-s27,fsc000-i095,27,12567552,0.72,0.0
fsc000-i095-s27,fsc000-i095,27,12598272,0.82,0.0
fsc000-i095-s27,fsc000-i095,27,12628992,0.76,0.0
fsc000-i095-s27,fsc000-i095,27,12659712,0.81,0.0
fsc000-i095-s27,fsc000-i095,27,12690432,0.8,0.0
fsc000-i095-s27,fsc000-i095,27,12721152,0.83,0.0
fsc000-i095-s27,fsc000-i095,27,12751872,0.85,0.0
fsc000-i095-s27,fsc000-i095,27,12782592,0.81,0.0
fsc000-i095-s27,fsc000-i095,27,12813312,0.71,0.0
fsc000-i095-s27,fsc000-i095,27,12844032,0.79,0.0
fsc000-i095-s27,fsc000-i095,27,12874752,0.78,0.0
fsc000-i095-s27,fsc000-i095,27,12905472,0.76,0.0
fsc000-i095-s27,fsc000-i095,27,12936192,0.71,0.0
fsc000-i095-s27,fsc000-i095,27,12966912,0.84,0.0
fsc000-i095-s27,fsc000-i095,27,12997632,0.72,0.0
fsc000-i095-s27,fsc000-i095,27,13028352,0.84,0.0
fsc000-i095-s27,fsc000-i095,27,13059072,0.89,0.0
fsc000-i095-s27,fsc000-i095,27,13089792,0.77,0.0
fsc000-i095-s27,fsc000-i095,27,13120512,0.86,0.0
fsc000-i095-s27,fsc000-i095,27,13151232,0.76,0.0
fsc000-i095-s27,fsc000-i095,27,13181952,0.85,0.0
fsc000-i095-s27,fsc000-i095,27,13212672,0.83,0.0
fsc000-i095-s27,fsc000-i095,27,13243392,0.79,0.0
fsc000-i095-s27,fsc000-i095,27,13274112,0.86,0.0
fsc000-i095-s27,fsc000-i095,27,13304832,0.82,0.0
fsc000-i095-s27,fsc000-i095,27,13335552,0.83,0.0
fsc000-i095-s27,fsc000-i095,27,13366272,0.8,0.0
fsc000-i095-s27,fsc000-i095,27,13396992,0.8,0.0
fsc000-i095-s27,fsc000-i095,27,13427712,0.77,0.0
fsc000-i095-s27,fsc000-i095,27,13458432,0.72,0.0
fsc000-i095-s27,fsc000-i095,27,13489152,0.73,0.0
fsc000-i095-s27,fsc000-i095,27,13519872,0.84,0.0
fsc000-i095-s27,fsc000-i095,27,13550592,0.81,0.0
fsc000-i095-s27,fsc000-i095,27,13581312,0.86,0.0
fsc000-i095-s27,fsc000-i095,27,13612032,0.89,0.0
fsc000-i095-s27,fsc000-i095,27,13642752,0.82,0.0
fsc000-i095-s27,fsc000-i095,27,13673472,0.8,0.0
fsc000-i095-s27,fsc000-i095,27,13704192,0.79,0.0
fsc000-i095-s27,fsc000-i095,27,13734912,0.85,0.0
fsc000-i095-s27,fsc000-i095,27,13765632,0.81,0.0
fsc000-i095-s27,fsc000-i095,27,13796352,0.85,0.0
fsc000-i095-s27,fsc000-i095,27,13827072,0.81,0.0
fsc000-i095-s27,fsc000-i095,27,13857792,0.83,0.0
fsc000-i095-s27,fsc000-i095,27,13888512,0.82,0.0
fsc000-i095-s27,fsc000-i095,27,13919232,0.86,0.0
fsc000-i095-s27,fsc000-i095,27,13949952,0.79,0.0
fsc000-i095-s27,fsc000-i095,27,13980672,0.84,0.0
fsc000-i095-s27,fsc000-i095,27,14011392,0.84,0.0
fsc000-i095-s27,fsc000-i095,27,14042112,0.84,0.0
fsc000-i095-s27,fsc000-i095,27,14072832,0.82,0.0
fsc000-i095-s27,fsc000-i095,27,14103552,0.8,0.0
fsc000-i095-s27,fsc000-i095,27,14134272,0.84,0.0
fsc000-i095-s27,fsc000-i095,27,14164992,0.84,0.0
fsc000-i095-s27,fsc000-i095,27,14195712,0.87,0.0
fsc000-i095-s27,fsc000-i095,27,14226432,0.78,0.0
fsc000-i095-s27,fsc000-i095,27,14257152,0.83,0.0
fsc000-i095-s27,fsc000-i095,27,14287872,0.76,0.0
fsc000-i095-s27,fsc000-i095,27,14318592,0.75,0.0
fsc000-i095-s27,fsc000-i095,27,14349312,0.86,0.0
fsc000-i095-s27,fsc000-i095,27,14380032,0.81,0.0
fsc000-i095-s27,fsc000-i095,27,14410752,0.89,0.0
fsc000-i095-s27,fsc000-i095,27,14441472,0.81,0.0
fsc000-i095-s27,fsc000-i095,27,14472192,0.89,0.0
fsc000-i095-s27,fsc000-i095,27,14502912,0.86,0.0
fsc000-i095-s27,fsc000-i095,27,14533632,0.87,0.0
fsc000-i095-s27,fsc000-i095,27,14564352,0.84,0.0
fsc000-i095-s27,fsc000-i095,27,14595072,0.88,0.0
fsc000-i095-s27,fsc000-i095,27,14625792,0.85,0.0
fsc000-i095-s27,fsc000-i095,27,14656512,0.88,0.0
fsc000-i095-s27,fsc000-i095,27,14687232,0.87,0.0
fsc000-i095-s27,fsc000-i095,27,14717952,0.87,0.0
fsc000-i095-s27,fsc000-i095,27,14748672,0.85,0.0
fsc000-i095-s27,fsc000-i095,27,14779392,0.81,0.0
fsc000-i095-s27,fsc000-i095,27,14810112,0.81,0.0
fsc000-i095-s27,fsc000-i095,27,14840832,0.9,0.0
fsc000-i095-s27,fsc000-i095,27,14871552,0.86,0.0
fsc000-i095-s27,fsc000-i095,27,14902272,0.83,0.0
fsc000-i095-s27,fsc000-i095,27,14932992,0.79,0.0
fsc000-i095-s27,fsc000-i095,27,14963712,0.9,0.0
fsc000-i095-s27,fsc000-i095,27,14994432,0.83,0.0
fsc000-i095-s27,fsc000-i095,27,14997504,0.84,0.0
fsc000-i095-s28,fsc000-i095,28,3072,0.0,-0.95
fsc000-i095-s28,fsc000-i095,28,33792,0.0,-1.0
fsc000-i095-s28,fsc000-i095,28,64512,0.04,-1.0
fsc000-i095-s28,fsc000-i095,28,95232,0.03,-1.0
fsc000-i095-s28,fsc000-i095,28,125952,0.01,-1.0
fsc000-i095-s28,fsc000-i095,28,156672,0.05,-1.0
fsc000-i095-s28,fsc000-i095,28,187392,0.03,-1.0
fsc000-i095-s28,fsc000-i095,28,218112,0.09,-1.0
fsc000-i095-s28,fsc000-i095,28,248832,0.04,-1.0
fsc000-i095-s28,fsc000-i095,28,279552,0.09,-1.0
fsc000-i095-s28,fsc000-i095,28,310272,0.03,-1.0
fsc000-i095-s28,fsc000-i095,28,340992,0.03,-1.0
fsc000-i095-s28,fsc000-i095,28,371712,0.06,-1.0
fsc000-i095-s28,fsc000-i095,28,402432,0.04,-1.0
fsc000-i095-s28,fsc000-i095,28,433152,0.09,-1.0
fsc000-i095-s28,fsc000-i095,28,463872,0.04,-1.0
fsc000-i095-s28,fsc000-i095,28,494592,0.04,-1.0
fsc000-i095-s28,fsc000-i095,28,525312,0.04,-1.0
fsc000-i095-s28,fsc000-i095,28,556032,0.06,-1.0
fsc000-i095-s28,fsc000-i095,28,586752,0.11,-1.0
fsc000-i095-s28,fsc000-i095,28,617472,0.05,-1.0
fsc000-i095-s28,fsc000-i095,28,648192,0.04,-1.0
fsc000-i095-s28,fsc000-i095,28,678912,0.08,-1.0
fsc000-i095-s28,fsc000-i095,28,709632,0.09,-1.0
fsc000-i095-s28,fsc000-i095,28,740352,0.11,-1.0
fsc000-i095-s28,fsc000-i095,28,771072,0.15,-1.0
fsc000-i095-s28,fsc000-i095,28,801792,0.13,-1.0
fsc000-i095-s28,fsc000-i095,28,832512,0.1,-1.0
fsc000-i095-s28,fsc000-i095,28,863232,0.12,-1.0
fsc000-i095-s28,fsc000-i095,28,893952,0.09,-1.0
fsc000-i095-s28,fsc000-i095,28,924672,0.11,-1.0
fsc000-i095-s28,fsc000-i095,28,955392,0.08,-1.0
fsc000-i095-s28,fsc000-i095,28,986112,0.11,-1.0
fsc000-i095-s28,fsc000-i095,28,1016832,0.08,-1.0
fsc000-i095-s28,fsc000-i095,28,1047552,0.09,-1.0
fsc000-i095-s28,fsc000-i095,28,1078272,0.1,-1.0
fsc000-i095-s28,fsc000-i095,28,1108992,0.1,-1.0
fsc000-i095-s28,fsc000-i095,28,1139712,0.06,-1.0
fsc000-i095-s28,fsc000-i095,28,1170432,0.09,-1.0
fsc000-i095-s28,fsc000-i095,28,1201152,0.1,-1.0
fsc000-i095-s28,fsc000-i095,28,1231872,0.16,-1.0
fsc000-i095-s28,fsc000-i095,28,1262592,0.1,-1.0
fsc000-i095-s28,fsc000-i095,28,1293312,0.06,-1.0
fsc000-i095-s28,fsc000-i095,28,1324032,0.14,-1.0
fsc000-i095-s28,fsc000-i095,28,1354752,0.14,-1.0
fsc000-i095-s28,fsc000-i095,28,1385472,0.15,-1.0
fsc000-i095-s28,fsc000-i095,28,1416192,0.17,-1.0
fsc000-i095-s28,fsc000-i095,28,1446912,0.11,-1.0
fsc000-i095-s28,fsc000-i095,28,1477632,0.07,-1.0
fsc000-i095-s28,fsc000-i095,28,1508352,0.14,-1.0
fsc000-i095-s28,fsc000-i095,28,1539072,0.14,-1.0
fsc000-i095-s28,fsc000-i095,28,1569792,0.17,-1.0
fsc000-i095-s28,fsc000-i095,28,1600512,0.18,-1.0
fsc000-i095-s28,fsc000-i095,28,1631232,0.14,-1.0
fsc000-i095-s28,fsc000-i095,28,1661952,0.07,-1.0
fsc000-i095-s28,fsc000-i095,28,1692672,0.19,-1.0
fsc000-i095-s28,fsc000-i095,28,1723392,0.17,-1.0
fsc000-i095-s28,fsc000-i095,28,1754112,0.15,-1.0
fsc000-i095-s28,fsc000-i095,28,1784832,0.16,-1.0
fsc000-i095-s28,fsc000-i095,28,1815552,0.13,-1.0
fsc000-i095-s28,fsc000-i095,28,1846272,0.12,-1.0
fsc000-i095-s28,fsc000-i095,28,1876992,0.19,-1.0
fsc000-i095-s28,fsc000-i095,28,1907712,0.17,-1.0
fsc000-i095-s28,fsc000-i095,28,1938432,0.22,-1.0
fsc000-i095-s28,fsc000-i095,28,1969152,0.2,-1.0
fsc000-i095-s28,fsc000-i095,28,1999872,0.16,-1.0
fsc000-i095-s28,fsc000-i095,28,2030592,0.2,-1.0
fsc000-i095-s28,fsc000-i095,28,2061312,0.2,-1.0
fsc000-i095-s28,fsc000-i095,28,2092032,0.18,-1.0
fsc000-i095-s28,fsc000-i095,28,2122752,0.15,-1.0
fsc000-i095-s28,fsc000-i095,28,2153472,0.18,-1.0
fsc000-i095-s28,fsc000-i095,28,2184192,0.22,-1.0
fsc000-i095-s28,fsc000-i095,28,2214912,0.2,-1.0
fsc000-i095-s28,fsc000-i095,28,2245632,0.22,-1.0
fsc000-i095-s28,fsc000-i095,28,2276352,0.17,-1.0
fsc000-i095-s28,fsc000-i095,28,2307072,0.2,-1.0
fsc000-i095-s28,fsc000-i095,28,2337792,0.17,-1.0
fsc000-i095-s28,fsc000-i095,28,2368512,0.18,-1.0
fsc000-i095-s28,fsc000-i095,28,2399232,0.22,-1.0
fsc000-i095-s28,fsc000-i095,28,2429952,0.12,-1.0
fsc000-i095-s28,fsc000-i095,28,2460672,0.18,-1.0
fsc000-i095-s28,fsc000-i095,28,2491392,0.23,-1.0
fsc000-i095-s28,fsc000-i095,28,2522112,0.26,-1.0
fsc000-i095-s28,fsc000-i095,28,2552832,0.21,-1.0
fsc000-i095-s28,fsc000-i095,28,2583552,0.19,-1.0
fsc000-i095-s28,fsc000-i095,28,2614272,0.29,-1.0
fsc000-i095-s28,fsc000-i095,28,2644992,0.31,-1.0
fsc000-i095-s28,fsc000-i095,28,2675712,0.32,-1.0
fsc000-i095-s28,fsc000-i095,28,2706432,0.27,-1.0
fsc000-i095-s28,fsc000-i095,28,2737152,0.23,-1.0
fsc000-i095-s28,fsc000-i095,28,2767872,0.23,-1.0
fsc000-i095-s28,fsc000-i095,28,2798592,0.21,-1.0
fsc000-i095-s28,fsc000-i095,28,2829312,0.23,-1.0
fsc000-i095-s28,fsc000-i095,28,2860032,0.35,-1.0
fsc000-i095-s28,fsc000-i095,28,2890752,0.28,-1.0
fsc000-i095-s28,fsc000-i095,28,2921472,0.23,-1.0
fsc000-i095-s28,fsc000-i095,28,2952192,0.31,-1.0
fsc000-i095-s28,fsc000-i095,28,2982912,0.23,-1.0
fsc000-i095-s28,fsc000-i095,28,3013632,0.21,-1.0
fsc000-i095-s28,fsc000-i095,28,3044352,0.31,-1.0
fsc000-i095-s28,fsc000-i095,28,3075072,0.32,-1.0
fsc000-i095-s28,fsc000-i095,28,3105792,0.26,-1.0
fsc000-i095-s28,fsc000-i095,28,3136512,0.35,-1.0
fsc000-i095-s28,fsc000-i095,28,3167232,0.37,-1.0
fsc000-i095-s28,fsc000-i095,28,3197952,0.36,-1.0
fsc000-i095-s28,fsc000-i095,28,3228672,0.29,-1.0
fsc000-i095-s28,fsc000-i095,28,3259392,0.42,-1.0
fsc000-i095-s28,fsc000-i095,28,3290112,0.32,-1.0
fsc000-i095-s28,fsc000-i095,28,3320832,0.3,-1.0
fsc000-i095-s28,fsc000-i095,28,3351552,0.28,-1.0
fsc000-i095-s28,fsc000-i095,28,3382272,0.34,-1.0
fsc000-i095-s28,fsc000-i095,28,3412992,0.3,-1.0
fsc000-i095-s28,fsc000-i095,28,3443712,0.35,-1.0
fsc000-i095-s28,fsc000-i095,28,3474432,0.3,-1.0
fsc000-i095-s28,fsc000-i095,28,3505152,0.34,-1.0
fsc000-i095-s28,fsc000-i095,28,3535872,0.35,-1.0
fsc000-i095-s28,fsc000-i095,28,3566592,0.38,-1.0
fsc000-i095-s28,fsc000-i095,28,3597312,0.39,-1.0
fsc000-i095-s28,fsc000-i095,28,3628032,0.44,-1.0
fsc000-i095-s28,fsc000-i095,28,3658752,0.47,-1.0
fsc000-i095-s28,fsc000-i095,28,3689472,0.37,-1.0
fsc000-i095-s28,fsc000-i095,28,3720192,0.54,-1.0
fsc000-i095-s28,fsc000-i095,28,3750912,0.48,-1.0
fsc000-i095-s28,fsc000-i095,28,3781632,0.36,-1.0
fsc000-i095-s28,fsc000-i095,28,3812352,0.43,-1.0
fsc000-i095-s28,fsc000-i095,28,3843072,0.47,-1.0
fsc000-i095-s28,fsc000-i095,28,3873792,0.46,-1.0
fsc000-i095-s28,fsc000-i095,28,3904512,0.46,-1.0
fsc000-i095-s28,fsc000-i095,28,3935232,0.5,-1.0
fsc000-i095-s28,fsc000-i095,28,3965952,0.36,-1.0
fsc000-i095-s28,fsc000-i095,28,3996672,0.5,-1.0
fsc000-i095-s28,fsc000-i095,28,4027392,0.42,-1.0
fsc000-i095-s28,fsc000-i095,28,4058112,0.42,-1.0
fsc000-i095-s28,fsc000-i095,28,4088832,0.47,-1.0
fsc000-i095-s28,fsc000-i095,28,4119552,0.4,-1.0
fsc000-i095-s28,fsc000-i095,28,4150272,0.47,-0.989
fsc000-i095-s28,fsc000-i095,28,4180992,0.49,-0.989
fsc000-i095-s28,fsc000-i095,28,4211712,0.44,-0.989
fsc000-i095-s28,fsc000-i095,28,4242432,0.49,-0.976
fsc000-i095-s28,fsc000-i095,28,4273152,0.54,-0.961
fsc000-i095-s28,fsc000-i095,28,4303872,0.46,-0.95
fsc000-i095-s28,fsc000-i095,28,4334592,0.5,-0.95
fsc000-i095-s28,fsc000-i095,28,4365312,0.45,-0.95
fsc000-i095-s28,fsc000-i095,28,4396032,0.49,-0.95
fsc000-i095-s28,fsc000-i095,28,4426752,0.47,-0.95
fsc000-i095-s28,fsc000-i095,28,4457472,0.58,-0.939
fsc000-i095-s28,fsc000-i095,28,4488192,0.54,-0.928
fsc000-i095-s28,fsc000-i095,28,4518912,0.47,-0.928
fsc000-i095-s28,fsc000-i095,28,4549632,0.54,-0.928
fsc000-i095-s28,fsc000-i095,28,4580352,0.52,-0.928
fsc000-i095-s28,fsc000-i095,28,4611072,0.53,-0.911
fsc000-i095-s28,fsc000-i095,28,4641792,0.59,-0.893
fsc000-i095-s28,fsc000-i095,28,4672512,0.6,-0.881
fsc000-i095-s28,fsc000-i095,28,4703232,0.51,-0.87
fsc000-i095-s28,fsc000-i095,28,4733952,0.6,-0.87
fsc000-i095-s28,fsc000-i095,28,4764672,0.62,-0.87
fsc000-i095-s28,fsc000-i095,28,4795392,0.48,-0.847
fsc000-i095-s28,fsc000-i095,28,4826112,0.42,-0.82
fsc000-i095-s28,fsc000-i095,28,4856832,0.64,-0.808
fsc000-i095-s28,fsc000-i095,28,4887552,0.6,-0.782
fsc000-i095-s28,fsc000-i095,28,4918272,0.58,-0.753
fsc000-i095-s28,fsc000-i095,28,4948992,0.53,-0.709
fsc000-i095-s28,fsc000-i095,28,4979712,0.53,-0.709
fsc000-i095-s28,fsc000-i095,28,5010432,0.45,-0.676
fsc000-i095-s28,fsc000-i095,28,5041152,0.53,-0.633
fsc000-i095-s28,fsc000-i095,28,5071872,0.5,-0.593
fsc000-i095-s28,fsc000-i095,28,5102592,0.56,-0.578
fsc000-i095-s28,fsc000-i095,28,5133312,0.51,-0.578
fsc000-i095-s28,fsc000-i095,28,5164032,0.65,-0.549
fsc000-i095-s28,fsc000-i095,28,5194752,0.51,-0.491
fsc000-i095-s28,fsc000-i095,28,5225472,0.57,-0.491
fsc000-i095-s28,fsc000-i095,28,5256192,0.57,-0.475
fsc000-i095-s28,fsc000-i095,28,5286912,0.58,-0.461
fsc000-i095-s28,fsc000-i095,28,5317632,0.57,-0.41
fsc000-i095-s28,fsc000-i095,28,5348352,0.57,-0.385
fsc000-i095-s28,fsc000-i095,28,5379072,0.6,-0.385
fsc000-i095-s28,fsc000-i095,28,5409792,0.66,-0.35
fsc000-i095-s28,fsc000-i095,28,5440512,0.43,-0.321
fsc000-i095-s28,fsc000-i095,28,5471232,0.59,-0.31
fsc000-i095-s28,fsc000-i095,28,5501952,0.56,-0.286
fsc000-i095-s28,fsc000-i095,28,5532672,0.54,-0.286
fsc000-i095-s28,fsc000-i095,28,5563392,0.54,-0.269
fsc000-i095-s28,fsc000-i095,28,5594112,0.52,-0.24
fsc000-i095-s28,fsc000-i095,28,5624832,0.58,-0.199
fsc000-i095-s28,fsc000-i095,28,5655552,0.59,-0.159
fsc000-i095-s28,fsc000-i095,28,5686272,0.63,-0.143
fsc000-i095-s28,fsc000-i095,28,5716992,0.48,-0.114
fsc000-i095-s28,fsc000-i095,28,5747712,0.56,-0.091
fsc000-i095-s28,fsc000-i095,28,5778432,0.57,-0.08
fsc000-i095-s28,fsc000-i095,28,5809152,0.52,-0.069
fsc000-i095-s28,fsc000-i095,28,5839872,0.61,-0.054
fsc000-i095-s28,fsc000-i095,28,5870592,0.47,-0.043
fsc000-i095-s28,fsc000-i095,28,5901312,0.5,-0.019
fsc000-i095-s28,fsc000-i095,28,5932032,0.58,-0.006
fsc000-i095-s28,fsc000-i095,28,5962752,0.63,0.0
fsc000-i095-s28,fsc000-i095,28,5993472,0.55,0.0
fsc000-i095-s28,fsc000-i095,28,6024192,0.57,0.0
fsc000-i095-s28,fsc000-i095,28,6054912,0.6,0.0
fsc000-i095-s28,fsc000-i095,28,6085632,0.61,0.0
fsc000-i095-s28,fsc000-i095,28,6116352,0.66,0.0
fsc000-i095-s28,fsc000-i095,28,6147072,0.61,0.0
fsc000-i095-s28,fsc000-i095,28,6177792,0.59,0.0
fsc000-i095-s28,fsc000-i095,28,6208512,0.62,0.0
fsc000-i095-s28,fsc000-i095,28,6239232,0.65,0.0
fsc000-i095-s28,fsc000-i095,28,6269952,0.56,0.0
fsc000-i095-s28,fsc000-i095,28,6300672,0.54,0.0
fsc000-i095-s28,fsc000-i095,28,6331392,0.58,0.0
fsc000-i095-s28,fsc000-i095,28,6362112,0.6,0.0
fsc000-i095-s28,fsc000-i095,28,6392832,0.54,0.0
fsc000-i095-s28,fsc000-i095,28,6423552,0.59,0.0
fsc000-i095-s28,fsc000-i095,28,6454272,0.59,0.0
fsc000-i095-s28,fsc000-i095,28,6484992,0.72,0.0
fsc000-i095-s28,fsc000-i095,28,6515712,0.55,0.0
fsc000-i095-s28,fsc000-i095,28,6546432,0.59,0.0
fsc000-i095-s28,fsc000-i095,28,6577152,0.59,0.0
fsc000-i095-s28,fsc000-i095,28,6607872,0.55,0.0
fsc000-i095-s28,fsc000-i095,28,6638592,0.69,0.0
fsc000-i095-s28,fsc000-i095,28,6669312,0.58,0.0
fsc000-i095-s28,fsc000-i095,28,6700032,0.57,0.0
fsc000-i095-s28,fsc000-i095,28,6730752,0.56,0.0
fsc000-i095-s28,fsc000-i095,28,6761472,0.65,0.0
fsc000-i095-s28,fsc000-i095,28,6792192,0.61,0.0
fsc000-i095-s28,fsc000-i095,28,6822912,0.62,0.0
fsc000-i095-s28,fsc000-i095,28,6853632,0.61,0.0
fsc000-i095-s28,fsc000-i095,28,6884352,0.62,0.0
fsc000-i095-s28,fsc000-i095,28,6915072,0.62,0.0
fsc000-i095-s28,fsc000-i095,28,6945792,0.61,0.0
fsc000-i095-s28,fsc000-i095,28,6976512,0.68,0.0
fsc000-i095-s28,fsc000-i095,28,7007232,0.59,0.0
fsc000-i095-s28,fsc000-i095,28,7037952,0.54,0.0
fsc000-i095-s28,fsc000-i095,28,7068672,0.62,0.0
fsc000-i095-s28,fsc000-i095,28,7099392,0.55,0.0
fsc000-i095-s28,fsc000-i095,28,7130112,0.69,0.0
fsc000-i095-s28,fsc000-i095,28,7160832,0.62,0.0
fsc000-i095-s28,fsc000-i095,28,7191552,0.75,0.0
fsc000-i095-s28,fsc000-i095,28,7222272,0.63,0.0
fsc000-i095-s28,fsc000-i095,28,7252992,0.7,0.0
fsc000-i095-s28,fsc000-i095,28,7283712,0.57,0.0
fsc000-i095-s28,fsc000-i095,28,7314432,0.68,0.0
fsc000-i095-s28,fsc000-i095,28,7345152,0.72,0.0
fsc000-i095-s28,fsc000-i095,28,7375872,0.68,0.0
fsc000-i095-s28,fsc000-i095,28,7406592,0.56,0.0
fsc000-i095-s28,fsc000-i095,28,7437312,0.68,0.0
fsc000-i095-s28,fsc000-i095,28,7468032,0.7,0.0
fsc000-i095-s28,fsc000-i095,28,7498752,0.67,0.0
fsc000-i095-s28,fsc000-i095,28,7529472,0.68,0.0
fsc000-i095-s28,fsc000-i095,28,7560192,0.69,0.0
fsc000-i095-s28,fsc000-i095,28,7590912,0.71,0.0
fsc000-i095-s28,fsc000-i095,28,7621632,0.67,0.0
fsc000-i095-s28,fsc000-i095,28,7652352,0.67,0.0
fsc000-i095-s28,fsc000-i095,28,7683072,0.67,0.0
fsc000-i095-s28,fsc000-i095,28,7713792,0.72,0.0
fsc000-i095-s28,fsc000-i095,28,7744512,0.71,0.0
fsc000-i095-s28,fsc000-i095,28,7775232,0.75,0.0
fsc000-i095-s28,fsc000-i095,28,7805952,0.69,0.0
fsc000-i095-s28,fsc000-i095,28,7836672,0.66,0.0
fsc000-i095-s28,fsc000-i095,28,7867392,0.65,0.0
fsc000-i095-s28,fsc000-i095,28,7898112,0.78,0.0
fsc000-i095-s28,fsc000-i095,28,7928832,0.7,0.0
fsc000-i095-s28,fsc000-i095,28,7959552,0.7,0.0
fsc000-i095-s28,fsc000-i095,28,7990272,0.67,0.0
fsc000-i095-s28,fsc000-i095,28,8020992,0.78,0.0
fsc000-i095-s28,fsc000-i095,28,8051712,0.75,0.0
fsc000-i095-s28,fsc000-i095,28,8082432,0.62,0.0
fsc000-i095-s28,fsc000-i095,28,8113152,0.76,0.0
fsc000-i095-s28,fsc000-i095,28,8143872,0.77,0.0
fsc000-i095-s28,fsc000-i095,28,8174592,0.69,0.0
fsc000-i095-s28,fsc000-i095,28,8205312,0.66,0.0
fsc000-i095-s28,fsc000-i095,28,8236032,0.64,0.0
fsc000-i095-s28,fsc000-i095,28,8266752,0.73,0.0
fsc000-i095-s28,fsc000-i095,28,8297472,0.74,0.0
fsc000-i095-s28,fsc000-i095,28,8328192,0.67,0.0
fsc000-i095-s28,fsc000-i095,28,8358912,0.68,0.0
fsc000-i095-s28,fsc000-i095,28,8389632,0.77,0.0
fsc000-i095-s28,fsc000-i095,28,8420352,0.77,0.0
fsc000-i095-s28,fsc000-i095,28,8451072,0.7,0.0
fsc000-i095-s28,fsc000-i095,28,8481792,0.71,0.0
fsc000-i095-s28,fsc000-i095,28,8512512,0.68,0.0
fsc000-i095-s28,fsc000-i095,28,8543232,0.72,0.0
fsc000-i095-s28,fsc000-i095,28,8573952,0.75,0.0
fsc000-i095-s28,fsc000-i095,28,8604672,0.72,0.0
fsc000-i095-s28,fsc000-i095,28,8635392,0.75,0.0
fsc000-i095-s28,fsc000-i095,28,8666112,0.72,0.0
fsc000-i095-s28,fsc000-i095,28,8696832,0.74,0.0
fsc000-i095-s28,fsc000-i095,28,8727552,0.65,0.0
fsc000-i095-s28,fsc000-i095,28,8758272,0.75,0.0
fsc000-i095-s28,fsc000-i095,28,8788992,0.71,0.0
fsc000-i095-s28,fsc000-i095,28,8819712,0.79,0.0
fsc000-i095-s28,fsc000-i095,28,8850432,0.78,0.0
fsc000-i095-s28,fsc000-i095,28,8881152,0.65,0.0
fsc000-i095-s28,fsc000-i095,28,8911872,0.81,0.0
fsc000-i095-s28,fsc000-i095,28,8942592,0.8,0.0
fsc000-i095-s28,fsc000-i095,28,8973312,0.74,0.0
fsc000-i095-s28,fsc000-i095,28,9004032,0.73,0.0
fsc000-i095-s28,fsc000-i095,28,9034752,0.75,0.0
fsc000-i095-s28,fsc000-i095,28,9065472,0.72,0.0
fsc000-i095-s28,fsc000-i095,28,9096192,0.73,0.0
fsc000-i095-s28,fsc000-i095,28,9126912,0.73,0.0
fsc000-i095-s28,fsc000-i095,28,9157632,0.69,0.0
fsc000-i095-s28,fsc000-i095,28,9188352,0.79,0.0
fsc000-i095-s28,fsc000-i095,28,9219072,0.73,0.0
fsc000-i095-s28,fsc000-i095,28,9249792,0.76,0.0
fsc000-i095-s28,fsc000-i095,28,9280512,0.73,0.0
fsc000-i095-s28,fsc000-i095,28,9311232,0.77,0.0
fsc000-i095-s28,fsc000-i095,28,9341952,0.8,0.0
fsc000-i095-s28,fsc000-i095,28,9372672,0.74,0.0
fsc000-i095-s28,fsc000-i095,28,9403392,0.77,0.0
fsc000-i095-s28,fsc000-i095,28,9434112,0.81,0.0
fsc000-i095-s28,fsc000-i095,28,9464832,0.73,0.0
fsc000-i095-s28,fsc000-i095,28,9495552,0.78,0.0
fsc000-i095-s28,fsc000-i095,28,9526272,0.79,0.0
fsc000-i095-s28,fsc000-i095,28,9556992,0.72,0.0
fsc000-i095-s28,fsc000-i095,28,9587712,0.78,0.0
fsc000-i095-s28,fsc000-i095,28,9618432,0.8,0.0
fsc000-i095-s28,fsc000-i095,28,9649152,0.8,0.0
fsc000-i095-s28,fsc000-i095,28,9679872,0.8,0.0
fsc000-i095-s28,fsc000-i095,28,9710592,0.77,0.0
fsc000-i095-s28,fsc000-i095,28,9741312,0.87,0.0
fsc000-i095-s28,fsc000-i095,28,9772032,0.78,0.0
fsc000-i095-s28,fsc000-i095,28,9802752,0.73,0.0
fsc000-i095-s28,fsc000-i095,28,9833472,0.83,0.0
fsc000-i095-s28,fsc000-i095,28,9864192,0.82,0.0
fsc000-i095-s28,fsc000-i095,28,9894912,0.83,0.0
fsc000-i095-s28,fsc000-i095,28,9925632,0.84,0.0
fsc000-i095-s28,fsc000-i095,28,9956352,0.79,0.0
fsc000-i095-s28,fsc000-i095,28,9987072,0.72,0.0
fsc000-i095-s28,fsc000-i095,28,10017792,0.81,0.0
fsc000-i095-s28,fsc000-i095,28,10048512,0.71,0.0
fsc000-i095-s28,fsc000-i095,28,10079232,0.71,0.0
fsc000-i095-s28,fsc000-i095,28,10109952,0.78,0.0
fsc000-i095-s28,fsc000-i095,28,10140672,0.7,0.0
fsc000-i095-s28,fsc000-i095,28,10171392,0.77,0.0
fsc000-i095-s28,fsc000-i095,28,10202112,0.75,0.0
fsc000-i095-s28,fsc000-i095,28,10232832,0.83,0.0
fsc000-i095-s28,fsc000-i095,28,10263552,0.8,0.0
fsc000-i095-s28,fsc000-i095,28,10294272,0.74,0.0
fsc000-i095-s28,fsc000-i095,28,10324992,0.76,0.0
fsc000-i095-s28,fsc000-i095,28,10355712,0.75,0.0
fsc000-i095-s28,fsc000-i095,28,10386432,0.77,0.0
fsc000-i095-s28,fsc000-i095,28,10417152,0.8,0.0
fsc000-i095-s28,fsc000-i095,28,10447872,0.88,0.0
fsc000-i095-s28,fsc000-i095,28,10478592,0.75,0.0
fsc000-i095-s28,fsc000-i095,28,10509312,0.76,0.0
fsc000-i095-s28,fsc000-i095,28,10540032,0.79,0.0
fsc000-i095-s28,fsc000-i095,28,10570752,0.78,0.0
fsc000-i095-s28,fsc000-i095,28,10601472,0.85,0.0
fsc000-i095-s28,fsc000-i095,28,10632192,0.79,0.0
fsc000-i095-s28,fsc000-i095,28,10662912,0.82,0.0
fsc000-i095-s28,fsc000-i095,28,10693632,0.81,0.0
fsc000-i095-s28,fsc000-i095,28,10724352,0.82,0.0
fsc000-i095-s28,fsc000-i095,28,10755072,0.86,0.0
fsc000-i095-s28,fsc000-i095,28,10785792,0.81,0.0
fsc000-i095-s28,fsc000-i095,28,10816512,0.88,0.0
fsc000-i095-s28,fsc000-i095,28,10847232,0.82,0.0
fsc000-i095-s28,fsc000-i095,28,10877952,0.77,0.0
fsc000-i095-s28,fsc000-i095,28,10908672,0.83,0.0
fsc000-i095-s28,fsc000-i095,28,10939392,0.84,0.0
fsc000-i095-s28,fsc000-i095,28,10970112,0.77,0.0
fsc000-i095-s28,fsc000-i095,28,11000832,0.85,0.0
fsc000-i095-s28,fsc000-i095,28,11031552,0.81,0.0
fsc000-i095-s28,fsc000-i095,28,11062272,0.79,0.0
fsc000-i095-s28,fsc000-i095,28,11092992,0.73,0.0
fsc000-i095-s28,fsc000-i095,28,11123712,0.79,0.0
fsc000-i095-s28,fsc000-i095,28,11154432,0.92,0.0
fsc000-i095-s28,fsc000-i095,28,11185152,0.83,0.0
fsc000-i095-s28,fsc000-i095,28,11215872,0.82,0.0
fsc000-i095-s28,fsc000-i095,28,11246592,0.87,0.0
fsc000-i095-s28,fsc000-i095,28,11277312,0.84,0.0
fsc000-i095-s28,fsc000-i095,28,11308032,0.84,0.0
fsc000-i095-s28,fsc000-i095,28,11338752,0.8,0.0
fsc000-i095-s28,fsc000-i095,28,11369472,0.8,0.0
fsc000-i095-s28,fsc000-i095,28,11400192,0.81,0.0
fsc000-i095-s28,fsc000-i095,28,11430912,0.84,0.0
fsc000-i095-s28,fsc000-i095,28,11461632,0.81,0.0
fsc000-i095-s28,fsc000-i095,28,11492352,0.82,0.0
fsc000-i095-s28,fsc000-i095,28,11523072,0.73,0.0
fsc000-i095-s28,fsc000-i095,28,11553792,0.82,0.0
fsc000-i095-s28,fsc000-i095,28,11584512,0.8,0.0
fsc000-i095-s28,fsc000-i095,28,11615232,0.81,0.0
fsc000-i095-s28,fsc000-i095,28,11645952,0.88,0.0
fsc000-i095-s28,fsc000-i095,28,11676672,0.76,0.0
fsc000-i095-s28,fsc000-i095,28,11707392,0.81,0.0
fsc000-i095-s28,fsc000-i095,28,11738112,0.86,0.0
fsc000-i095-s28,fsc000-i095,28,11768832,0.86,0.0
fsc000-i095-s28,fsc000-i095,28,11799552,0.86,0.0
fsc000-i095-s28,fsc000-i095,28,11830272,0.9,0.0
fsc000-i095-s28,fsc000-i095,28,11860992,0.82,0.0
fsc000-i095-s28,fsc000-i095,28,11891712,0.78,0.0
fsc000-i095-s28,fsc000-i095,28,11922432,0.84,0.0
fsc000-i095-s28,fsc000-i095,28,11953152,0.84,0.0
fsc000-i095-s28,fsc000-i095,28,11983872,0.84,0.0
fsc000-i095-s28,fsc000-i095,28,12014592,0.89,0.0
fsc000-i095-s28,fsc000-i095,28,12045312,0.85,0.0
fsc000-i095-s28,fsc000-i095,28,12076032,0.8,0.0
fsc000-i095-s28,fsc000-i095,28,12106752,0.83,0.0
fsc000-i095-s28,fsc000-i095,28,12137472,0.72,0.0
fsc000-i095-s28,fsc000-i095,28,12168192,0.87,0.0
fsc000-i095-s28,fsc000-i095,28,12198912,0.87,0.0
fsc000-i095-s28,fsc000-i095,28,12229632,0.81,0.0
fsc000-i095-s28,fsc000-i095,28,12260352,0.83,0.0
fsc000-i095-s28,fsc000-i095,28,12291072,0.84,0.0
fsc000-i095-s28,fsc000-i095,28,12321792,0.87,0.0
fsc000-i095-s28,fsc000-i095,28,12352512,0.84,0.0
fsc000-i095-s28,fsc000-i095,28,12383232,0.82,0.0
fsc000-i095-s28,fsc000-i095,28,12413952,0.88,0.0
fsc000-i095-s28,fsc000-i095,28,12444672,0.87,0.0
fsc000-i095-s28,fsc000-i095,28,12475392,0.82,0.0
fsc000-i095-s28,fsc000-i095,28,12506112,0.79,0.0
fsc000-i095-s28,fsc000-i095,28,12536832,0.76,0.0
fsc000-i095-s28,fsc000-i095,28,12567552,0.84,0.0
fsc000-i095-s28,fsc000-i095,28,12598272,0.85,0.0
fsc000-i095-s28,fsc000-i095,28,12628992,0.86,0.0
fsc000-i095-s28,fsc000-i095,28,12659712,0.87,0.0
fsc000-i095-s28,fsc000-i095,28,12690432,0.91,0.0
fsc000-i095-s28,fsc000-i095,28,12721152,0.79,0.0
fsc000-i095-s28,fsc000-i095,28,12751872,0.78,0.0
fsc000-i095-s28,fsc000-i095,28,12782592,0.78,0.0
fsc000-i095-s28,fsc000-i095,28,12813312,0.79,0.0
fsc000-i095-s28,fsc000-i095,28,12844032,0.85,0.0
fsc000-i095-s28,fsc000-i095,28,12874752,0.85,0.0
fsc000-i095-s28,fsc000-i095,28,12905472,0.84,0.0
fsc000-i095-s28,fsc000-i095,28,12936192,0.87,0.0
fsc000-i095-s28,fsc000-i095,28,12966912,0.83,0.0
fsc000-i095-s28,fsc000-i095,28,12997632,0.9,0.0
fsc000-i095-s28,fsc000-i095,28,13028352,0.91,0.0
fsc000-i095-s28,fsc000-i095,28,13059072,0.82,0.0
fsc000-i095-s28,fsc000-i095,28,13089792,0.81,0.0
fsc000-i095-s28,fsc000-i095,28,13120512,0.91,0.0
fsc000-i095-s28,fsc000-i095,28,13151232,0.92,0.0
fsc000-i095-s28,fsc000-i095,28,13181952,0.81,0.0
fsc000-i095-s28,fsc000-i095,28,13212672,0.84,0.0
fsc000-i095-s28,fsc000-i095,28,13243392,0.85,0.0
fsc000-i095-s28,fsc000-i095,28,13274112,0.9,0.0
fsc000-i095-s28,fsc000-i095,28,13304832,0.91,0.0
fsc000-i095-s28,fsc000-i095,28,13335552,0.88,0.0
fsc000-i095-s28,fsc000-i095,28,13366272,0.89,0.0
fsc000-i095-s28,fsc000-i095,28,13396992,0.85,0.0
fsc000-i095-s28,fsc000-i095,28,13427712,0.92,0.0
fsc000-i095-s28,fsc000-i095,28,13458432,0.81,0.0
fsc000-i095-s28,fsc000-i095,28,13489152,0.87,0.0
fsc000-i095-s28,fsc000-i095,28,13519872,0.9,0.0
fsc000-i095-s28,fsc000-i095,28,13550592,0.88,0.0
fsc000-i095-s28,fsc000-i095,28,13581312,0.84,0.0
fsc000-i095-s28,fsc000-i095,28,13612032,0.84,0.0
fsc000-i095-s28,fsc000-i095,28,13642752,0.75,0.0
fsc000-i095-s28,fsc000-i095,28,13673472,0.87,0.0
fsc000-i095-s28,fsc000-i095,28,13704192,0.82,0.0
fsc000-i095-s28,fsc000-i095,28,13734912,0.9,0.0
fsc000-i095-s28,fsc000-i095,28,13765632,0.87,0.0
fsc000-i095-s28,fsc000-i095,28,13796352,0.86,0.0
fsc000-i095-s28,fsc000-i095,28,13827072,0.9,0.0
fsc000-i095-s28,fsc000-i095,28,13857792,0.86,0.0
fsc000-i095-s28,fsc000-i095,28,13888512,0.85,0.0
fsc000-i095-s28,fsc000-i095,28,13919232,0.88,0.0
fsc000-i095-s28,fsc000-i095,28,13949952,0.87,0.0
fsc000-i095-s28,fsc000-i095,28,13980672,0.86,0.0
fsc000-i095-s28,fsc000-i095,28,14011392,0.88,0.0
fsc000-i095-s28,fsc000-i095,28,14042112,0.96,0.0
fsc000-i095-s28,fsc000-i095,28,14072832,0.88,0.0
fsc000-i095-s28,fsc000-i095,28,14103552,0.87,0.0
fsc000-i095-s28,fsc000-i095,28,14134272,0.92,0.0
fsc000-i095-s28,fsc000-i095,28,14164992,0.91,0.0
fsc000-i095-s28,fsc000-i095,28,14195712,0.86,0.0
fsc000-i095-s28,fsc000-i095,28,14226432,0.85,0.0
fsc000-i095-s28,fsc000-i095,28,14257152,0.91,0.0
fsc000-i095-s28,fsc000-i095,28,14287872,0.9,0.0
fsc000-i095-s28,fsc000-i095,28,14318592,0.97,0.0
fsc000-i095-s28,fsc000-i095,28,14349312,0.92,0.0
fsc000-i095-s28,fsc000-i095,28,14380032,0.91,0.0
fsc000-i095-s28,fsc000-i095,28,14410752,0.91,0.0
fsc000-i095-s28,fsc000-i095,28,14441472,0.89,0.0
fsc000-i095-s28,fsc000-i095,28,14472192,0.92,0.0
fsc000-i095-s28,fsc000-i095,28,14502912,0.88,0.0
fsc000-i095-s28,fsc000-i095,28,14533632,0.94,0.0
fsc000-i095-s28,fsc000-i095,28,14564352,0.89,0.0
fsc000-i095-s28,fsc000-i095,28,14595072,0.84,0.0
fsc000-i095-s28,fsc000-i095,28,14625792,0.89,0.0
fsc000-i095-s28,fsc000-i095,28,14656512,0.91,0.0
fsc000-i095-s28,fsc000-i095,28,14687232,0.93,0.0
fsc000-i095-s28,fsc000-i095,28,14717952,0.94,0.0
fsc000-i095-s28,fsc000-i095,28,14748672,0.86,0.0
fsc000-i095-s28,fsc000-i095,28,14779392,0.82,0.0
fsc000-i095-s28,fsc000-i095,28,14810112,0.97,0.0
fsc000-i095-s28,fsc000-i095,28,14840832,0.89,0.0
fsc000-i095-s28,fsc000-i095,28,14871552,0.86,0.0
fsc000-i095-s28,fsc000-i095,28,14902272,0.91,0.0
fsc000-i095-s28,fsc000-i095,28,14932992,0.91,0.0
fsc000-i095-s28,fsc000-i095,28,14963712,0.9,0.0
fsc000-i095-s28,fsc000-i095,28,14994432,0.88,0.0
fsc000-i095-s28,fsc000-i095,28,14997504,0.91,0.0
fsc000-i095-s29,fsc000-i095,29,3072,0.0,-0.95
fsc000-i095-s29,fsc000-i095,29,33792,0.02,-1.0
fsc000-i095-s29,fsc000-i095,29,64512,0.0,-1.0
fsc000-i095-s29,fsc000-i095,29,95232,0.02,-1.0
fsc000-i095-s29,fsc000-i095,29,125952,0.02,-1.0
fsc000-i095-s29,fsc000-i095,29,156672,0.02,-1.0
fsc000-i095-s29,fsc000-i095,29,187392,0.04,-1.0
fsc000-i095-s29,fsc000-i095,29,218112,0.07,-1.0
fsc000-i095-s29,fsc000-i095,29,248832,0.05,-1.0
fsc000-i095-s29,fsc000-i095,29,279552,0.02,-1.0
fsc000-i095-s29,fsc000-i095,29,310272,0.04,-1.0
fsc000-i095-s29,fsc000-i095,29,340992,0.04,-1.0
fsc000-i095-s29,fsc000-i095,29,371712,0.08,-1.0
fsc000-i095-s29,fsc000-i095,29,402432,0.04,-1.0
fsc000-i095-s29,fsc000-i095,29,433152,0.06,-1.0
fsc000-i095-s29,fsc000-i095,29,463872,0.07,-1.0
fsc000-i095-s29,fsc000-i095,29,494592,0.06,-1.0
fsc000-i095-s29,fsc000-i095,29,525312,0.08,-1.0
fsc000-i095-s29,fsc000-i095,29,556032,0.06,-1.0
fsc000-i095-s29,fsc000-i095,29,586752,0.06,-1.0
fsc000-i095-s29,fsc000-i095,29,617472,0.08,-1.0
fsc000-i095-s29,fsc000-i095,29,648192,0.11,-1.0
fsc000-i095-s29,fsc000-i095,29,678912,0.03,-1.0
fsc000-i095-s29,fsc000-i095,29,709632,0.05,-1.0
fsc000-i095-s29,fsc000-i095,29,740352,0.05,-1.0
fsc000-i095-s29,fsc000-i095,29,771072,0.07,-1.0
fsc000-i095-s29,fsc000-i095,29,801792,0.08,-1.0
fsc000-i095-s29,fsc000-i095,29,832512,0.09,-1.0
fsc000-i095-s29,fsc000-i095,29,863232,0.07,-1.0
fsc000-i095-s29,fsc000-i095,29,893952,0.08,-1.0
fsc000-i095-s29,fsc000-i095,29,924672,0.05,-1.0
fsc000-i095-s29,fsc000-i095,29,955392,0.11,-1.0
fsc000-i095-s29,fsc000-i095,29,986112,0.08,-1.0
fsc000-i095-s29,fsc000-i095,29,1016832,0.1,-1.0
fsc000-i095-s29,fsc000-i095,29,1047552,0.14,-1.0
fsc000-i095-s29,fsc000-i095,29,1078272,0.12,-1.0
fsc000-i095-s29,fsc000-i095,29,1108992,0.13,-1.0
fsc000-i095-s29,fsc000-i095,29,1139712,0.08,-1.0
fsc000-i095-s29,fsc000-i095,29,1170432,0.18,-1.0
fsc000-i095-s29,fsc000-i095,29,1201152,0.12,-1.0
fsc000-i095-s29,fsc000-i095,29,1231872,0.09,-1.0
fsc000-i095-s29,fsc000-i095,29,1262592,0.16,-1.0
fsc000-i095-s29,fsc000-i095,29,1293312,0.16,-1.0
fsc000-i095-s29,fsc000-i095,29,1324032,0.08,-1.0
fsc000-i095-s29,fsc000-i095,29,1354752,0.12,-1.0
fsc000-i095-s29,fsc000-i095,29,1385472,0.09,-1.0
fsc000-i095-s29,fsc000-i095,29,1416192,0.12,-1.0
fsc000-i095-s29,fsc000-i095,29,1446912,0.14,-1.0
fsc000-i095-s29,fsc000-i095,29,1477632,0.12,-1.0
fsc000-i095-s29,fsc000-i095,29,1508352,0.12,-1.0
fsc000-i095-s29,fsc000-i095,29,1539072,0.18,-1.0
fsc000-i095-s29,fsc000-i095,29,1569792,0.14,-1.0
fsc000-i095-s29,fsc000-i095,29,1600512,0.13,-1.0
fsc000-i095-s29,fsc000-i095,29,1631232,0.14,-1.0
fsc000-i095-s29,fsc000-i095,29,1661952,0.16,-1.0
fsc000-i095-s29,fsc000-i095,29,1692672,0.11,-1.0
fsc000-i095-s29,fsc000-i095,29,1723392,0.14,-1.0
fsc000-i095-s29,fsc000-i095,29,1754112,0.14,-1.0
fsc000-i095-s29,fsc000-i095,29,1784832,0.1,-1.0
fsc000-i095-s29,fsc000-i095,29,1815552,0.15,-1.0
fsc000-i095-s29,fsc000-i095,29,1846272,0.19,-1.0
fsc000-i095-s29,fsc000-i095,29,1876992,0.16,-1.0
fsc000-i095-s29,fsc000-i095,29,1907712,0.24,-1.0
fsc000-i095-s29,fsc000-i095,29,1938432,0.23,-1.0
fsc000-i095-s29,fsc000-i095,29,1969152,0.25,-1.0
fsc000-i095-s29,fsc000-i095,29,1999872,0.19,-1.0
fsc000-i095-s29,fsc000-i095,29,2030592,0.14,-1.0
fsc000-i095-s29,fsc000-i095,29,2061312,0.2,-1.0
fsc000-i095-s29,fsc000-i095,29,2092032,0.24,-1.0
fsc000-i095-s29,fsc000-i095,29,2122752,0.18,-1.0
fsc000-i095-s29,fsc000-i095,29,2153472,0.19,-1.0
fsc000-i095-s29,fsc000-i095,29,2184192,0.21,-1.0
fsc000-i095-s29,fsc000-i095,29,2214912,0.2,-1.0
fsc000-i095-s29,fsc000-i095,29,2245632,0.14,-1.0
fsc000-i095-s29,fsc000-i095,29,2276352,0.21,-1.0
fsc000-i095-s29,fsc000-i095,29,2307072,0.25,-1.0
fsc000-i095-s29,fsc000-i095,29,2337792,0.27,-1.0
fsc000-i095-s29,fsc000-i095,29,2368512,0.23,-1.0
fsc000-i095-s29,fsc000-i095,29,2399232,0.25,-1.0
fsc000-i095-s29,fsc000-i095,29,2429952,0.21,-1.0
fsc000-i095-s29,fsc000-i095,29,2460672,0.18,-1.0
fsc000-i095-s29,fsc000-i095,29,2491392,0.18,-1.0
fsc000-i095-s29,fsc000-i095,29,2522112,0.26,-1.0
fsc000-i095-s29,fsc000-i095,29,2552832,0.2,-1.0
fsc000-i095-s29,fsc000-i095,29,2583552,0.22,-1.0
fsc000-i095-s29,fsc000-i095,29,2614272,0.24,-1.0
fsc000-i095-s29,fsc000-i095,29,2644992,0.29,-1.0
fsc000-i095-s29,fsc000-i095,29,2675712,0.23,-1.0
fsc000-i095-s29,fsc000-i095,29,2706432,0.27,-1.0
fsc000-i095-s29,fsc000-i095,29,2737152,0.34,-1.0
fsc000-i095-s29,fsc000-i095,29,2767872,0.23,-1.0
fsc000-i095-s29,fsc000-i095,29,2798592,0.27,-1.0
fsc000-i095-s29,fsc000-i095,29,2829312,0.31,-1.0
fsc000-i095-s29,fsc000-i095,29,2860032,0.37,-1.0
fsc000-i095-s29,fsc000-i095,29,2890752,0.29,-1.0
fsc000-i095-s29,fsc000-i095,29,2921472,0.39,-1.0
fsc000-i095-s29,fsc000-i095,29,2952192,0.33,-1.0
fsc000-i095-s29,fsc000-i095,29,2982912,0.39,-1.0
fsc000-i095-s29,fsc000-i095,29,3013632,0.42,-1.0
fsc000-i095-s29,fsc000-i095,29,3044352,0.27,-1.0
fsc000-i095-s29,fsc000-i095,29,3075072,0.41,-1.0
fsc000-i095-s29,fsc000-i095,29,3105792,0.41,-1.0
fsc000-i095-s29,fsc000-i095,29,3136512,0.39,-1.0
fsc000-i095-s29,fsc000-i095,29,3167232,0.41,-1.0
fsc000-i095-s29,fsc000-i095,29,3197952,0.39,-1.0
fsc000-i095-s29,fsc000-i095,29,3228672,0.42,-1.0
fsc000-i095-s29,fsc000-i095,29,3259392,0.34,-1.0
fsc000-i095-s29,fsc000-i095,29,3290112,0.3,-1.0
fsc000-i095-s29,fsc000-i095,29,3320832,0.49,-1.0
fsc000-i095-s29,fsc000-i095,29,3351552,0.43,-1.0
fsc000-i095-s29,fsc000-i095,29,3382272,0.35,-1.0
fsc000-i095-s29,fsc000-i095,29,3412992,0.49,-1.0
fsc000-i095-s29,fsc000-i095,29,3443712,0.33,-1.0
fsc000-i095-s29,fsc000-i095,29,3474432,0.43,-1.0
fsc000-i095-s29,fsc000-i095,29,3505152,0.4,-1.0
fsc000-i095-s29,fsc000-i095,29,3535872,0.45,-1.0
fsc000-i095-s29,fsc000-i095,29,3566592,0.43,-1.0
fsc000-i095-s29,fsc000-i095,29,3597312,0.41,-1.0
fsc000-i095-s29,fsc000-i095,29,3628032,0.42,-1.0
fsc000-i095-s29,fsc000-i095,29,3658752,0.47,-1.0
fsc000-i095-s29,fsc000-i095,29,3689472,0.52,-1.0
fsc000-i095-s29,fsc000-i095,29,3720192,0.46,-1.0
fsc000-i095-s29,fsc000-i095,29,3750912,0.58,-0.985
fsc000-i095-s29,fsc000-i095,29,3781632,0.49,-0.985
fsc000-i095-s29,fsc000-i095,29,3812352,0.6,-0.985
fsc000-i095-s29,fsc000-i095,29,3843072,0.5,-0.974
fsc000-i095-s29,fsc000-i095,29,3873792,0.61,-0.974
fsc000-i095-s29,fsc000-i095,29,3904512,0.53,-0.963
fsc000-i095-s29,fsc000-i095,29,3935232,0.56,-0.963
fsc000-i095-s29,fsc000-i095,29,3965952,0.49,-0.963
fsc000-i095-s29,fsc000-i095,29,3996672,0.49,-0.949
fsc000-i095-s29,fsc000-i095,29,4027392,0.58,-0.949
fsc000-i095-s29,fsc000-i095,29,4058112,0.58,-0.938
fsc000-i095-s29,fsc000-i095,29,4088832,0.58,-0.914
fsc000-i095-s29,fsc000-i095,29,4119552,0.6,-0.898
fsc000-i095-s29,fsc000-i095,29,4150272,0.51,-0.883
fsc000-i095-s29,fsc000-i095,29,4180992,0.59,-0.854
fsc000-i095-s29,fsc000-i095,29,4211712,0.56,-0.829
fsc000-i095-s29,fsc000-i095,29,4242432,0.65,-0.814
fsc000-i095-s29,fsc000-i095,29,4273152,0.5,-0.787
fsc000-i095-s29,fsc000-i095,29,4303872,0.64,-0.776
fsc000-i095-s29,fsc000-i095,29,4334592,0.55,-0.762
fsc000-i095-s29,fsc000-i095,29,4365312,0.66,-0.74
fsc000-i095-s29,fsc000-i095,29,4396032,0.54,-0.724
fsc000-i095-s29,fsc000-i095,29,4426752,0.6,-0.724
fsc000-i095-s29,fsc000-i095,29,4457472,0.51,-0.708
fsc000-i095-s29,fsc000-i095,29,4488192,0.61,-0.668
fsc000-i095-s29,fsc000-i095,29,4518912,0.61,-0.622
fsc000-i095-s29,fsc000-i095,29,4549632,0.47,-0.6
fsc000-i095-s29,fsc000-i095,29,4580352,0.57,-0.578
fsc000-i095-s29,fsc000-i095,29,4611072,0.5,-0.542
fsc000-i095-s29,fsc000-i095,29,4641792,0.53,-0.529
fsc000-i095-s29,fsc000-i095,29,4672512,0.53,-0.503
fsc000-i095-s29,fsc000-i095,29,4703232,0.52,-0.487
fsc000-i095-s29,fsc000-i095,29,4733952,0.54,-0.458
fsc000-i095-s29,fsc000-i095,29,4764672,0.57,-0.433
fsc000-i095-s29,fsc000-i095,29,4795392,0.55,-0.421
fsc000-i095-s29,fsc000-i095,29,4826112,0.69,-0.394
fsc000-i095-s29,fsc000-i095,29,4856832,0.46,-0.375
fsc000-i095-s29,fsc000-i095,29,4887552,0.45,-0.362
fsc000-i095-s29,fsc000-i095,29,4918272,0.56,-0.361
fsc000-i095-s29,fsc000-i095,29,4948992,0.52,-0.348
fsc000-i095-s29,fsc000-i095,29,4979712,0.59,-0.348
fsc000-i095-s29,fsc000-i095,29,5010432,0.59,-0.324
fsc000-i095-s29,fsc000-i095,29,5041152,0.49,-0.31
fsc000-i095-s29,fsc000-i095,29,5071872,0.56,-0.282
fsc000-i095-s29,fsc000-i095,29,5102592,0.5,-0.267
fsc000-i095-s29,fsc000-i095,29,5133312,0.61,-0.267
fsc000-i095-s29,fsc000-i095,29,5164032,0.63,-0.227
fsc000-i095-s29,fsc000-i095,29,5194752,0.6,-0.2
fsc000-i095-s29,fsc000-i095,29,5225472,0.54,-0.152
fsc000-i095-s29,fsc000-i095,29,5256192,0.53,-0.136
fsc000-i095-s29,fsc000-i095,29,5286912,0.5,-0.087
fsc000-i095-s29,fsc000-i095,29,5317632,0.52,-0.052
fsc000-i095-s29,fsc000-i095,29,5348352,0.49,-0.01
fsc000-i095-s29,fsc000-i095,29,5379072,0.53,0.0
fsc000-i095-s29,fsc000-i095,29,5409792,0.58,0.0
fsc000-i095-s29,fsc000-i095,29,5440512,0.55,0.0
fsc000-i095-s29,fsc000-i095,29,5471232,0.56,0.0
fsc000-i095-s29,fsc000-i095,29,5501952,0.54,0.0
fsc000-i095-s29,fsc000-i095,29,5532672,0.54,0.0
fsc000-i095-s29,fsc000-i095,29,5563392,0.53,0.0
fsc000-i095-s29,fsc000-i095,29,5594112,0.55,0.0
fsc000-i095-s29,fsc000-i095,29,5624832,0.55,0.0
fsc000-i095-s29,fsc000-i095,29,5655552,0.6,0.0
fsc000-i095-s29,fsc000-i095,29,5686272,0.58,0.0
fsc000-i095-s29,fsc000-i095,29,5716992,0.53,0.0
fsc000-i095-s29,fsc000-i095,29,5747712,0.68,0.0
fsc000-i095-s29,fsc000-i095,29,5778432,0.61,0.0
fsc000-i095-s29,fsc000-i095,29,5809152,0.61,0.0
fsc000-i095-s29,fsc000-i095,29,5839872,0.56,0.0
fsc000-i095-s29,fsc000-i095,29,5870592,0.59,0.0
fsc000-i095-s29,fsc000-i095,29,5901312,0.56,0.0
fsc000-i095-s29,fsc000-i095,29,5932032,0.47,0.0
fsc000-i095-s29,fsc000-i095,29,5962752,0.55,0.0
fsc000-i095-s29,fsc000-i095,29,5993472,0.55,0.0
fsc000-i095-s29,fsc000-i095,29,6024192,0.73,0.0
fsc000-i095-s29,fsc000-i095,29,6054912,0.73,0.0
fsc000-i095-s29,fsc000-i095,29,6085632,0.64,0.0
fsc000-i095-s29,fsc000-i095,29,6116352,0.6,0.0
fsc000-i095-s29,fsc000-i095,29,6147072,0.62,0.0
fsc000-i095-s29,fsc000-i095,29,6177792,0.61,0.0
fsc000-i095-s29,fsc000-i095,29,6208512,0.62,0.0
fsc000-i095-s29,fsc000-i095,29,6239232,0.58,0.0
fsc000-i095-s29,fsc000-i095,29,6269952,0.52,0.0
fsc000-i095-s29,fsc000-i095,29,6300672,0.63,0.0
fsc000-i095-s29,fsc000-i095,29,6331392,0.69,0.0
fsc000-i095-s29,fsc000-i095,29,6362112,0.57,0.0
fsc000-i095-s29,fsc000-i095,29,6392832,0.67,0.0
fsc000-i095-s29,fsc000-i095,29,6423552,0.62,0.0
fsc000-i095-s29,fsc000-i095,29,6454272,0.66,0.0
fsc000-i095-s29,fsc000-i095,29,6484992,0.57,0.0
fsc000-i095-s29,fsc000-i095,29,6515712,0.7,0.0
fsc000-i095-s29,fsc000-i095,29,6546432,0.62,0.0
fsc000-i095-s29,fsc000-i095,29,6577152,0.72,0.0
fsc000-i095-s29,fsc000-i095,29,6607872,0.68,0.0
fsc000-i095-s29,fsc000-i095,29,6638592,0.64,0.0
fsc000-i095-s29,fsc000-i095,29,6669312,0.58,0.0
fsc000-i095-s29,fsc000-i095,29,6700032,0.62,0.0
fsc000-i095-s29,fsc000-i095,29,6730752,0.65,0.0
fsc000-i095-s29,fsc000-i095,29,6761472,0.67,0.0
fsc000-i095-s29,fsc000-i095,29,6792192,0.66,0.0
fsc000-i095-s29,fsc000-i095,29,6822912,0.67,0.0
fsc000-i095-s29,fsc000-i095,29,6853632,0.68,0.0
fsc000-i095-s29,fsc000-i095,29,6884352,0.61,0.0
fsc000-i095-s29,fsc000-i095,29,6915072,0.66,0.0
fsc000-i095-s29,fsc000-i095,29,6945792,0.73,0.0
fsc000-i095-s29,fsc000-i095,29,6976512,0.61,0.0
fsc000-i095-s29,fsc000-i095,29,7007232,0.68,0.0
fsc000-i095-s29,fsc000-i095,29,7037952,0.64,0.0
fsc000-i095-s29,fsc000-i095,29,7068672,0.66,0.0
fsc000-i095-s29,fsc000-i095,29,7099392,0.64,0.0
fsc000-i095-s29,fsc000-i095,29,7130112,0.63,0.0
fsc000-i095-s29,fsc000-i095,29,7160832,0.75,0.0
fsc000-i095-s29,fsc000-i095,29,7191552,0.76,0.0
fsc000-i095-s29,fsc000-i095,29,7222272,0.7,0.0
fsc000-i095-s29,fsc000-i095,29,7252992,0.75,0.0
fsc000-i095-s29,fsc000-i095,29,7283712,0.74,0.0
fsc000-i095-s29,fsc000-i095,29,7314432,0.81,0.0
fsc000-i095-s29,fsc000-i095,29,7345152,0.69,0.0
fsc000-i095-s29,fsc000-i095,29,7375872,0.75,0.0
fsc000-i095-s29,fsc000-i095,29,7406592,0.69,0.0
fsc000-i095-s29,fsc000-i095,29,7437312,0.74,0.0
fsc000-i095-s29,fsc000-i095,29,7468032,0.64,0.0
fsc000-i095-s29,fsc000-i095,29,7498752,0.78,0.0
fsc000-i095-s29,fsc000-i095,29,7529472,0.7,0.0
fsc000-i095-s29,fsc000-i095,29,7560192,0.65,0.0
fsc000-i095-s29,fsc000-i095,29,7590912,0.78,0.0
fsc000-i095-s29,fsc000-i095,29,7621632,0.69,0.0
fsc000-i095-s29,fsc000-i095,29,7652352,0.71,0.0
fsc000-i095-s29,fsc000-i095,29,7683072,0.77,0.0
fsc000-i095-s29,fsc000-i095,29,7713792,0.65,0.0
fsc000-i095-s29,fsc000-i095,29,7744512,0.72,0.0
fsc000-i095-s29,fsc000-i095,29,7775232,0.77,0.0
fsc000-i095-s29,fsc000-i095,29,7805952,0.64,0.0
fsc000-i095-s29,fsc000-i095,29,7836672,0.75,0.0
fsc000-i095-s29,fsc000-i095,29,7867392,0.64,0.0
fsc000-i095-s29,fsc000-i095,29,7898112,0.75,0.0
fsc000-i095-s29,fsc000-i095,29,7928832,0.65,0.0
fsc000-i095-s29,fsc000-i095,29,7959552,0.82,0.0
fsc000-i095-s29,fsc000-i095,29,7990272,0.66,0.0
fsc000-i095-s29,fsc000-i095,29,8020992,0.76,0.0
fsc000-i095-s29,fsc000-i095,29,8051712,0.73,0.0
fsc000-i095-s29,fsc000-i095,29,8082432,0.77,0.0
fsc000-i095-s29,fsc000-i095,29,8113152,0.7,0.0
fsc000-i095-s29,fsc000-i095,29,8143872,0.8,0.0
fsc000-i095-s29,fsc000-i095,29,8174592,0.72,0.0
fsc000-i095-s29,fsc000-i095,29,8205312,0.75,0.0
fsc000-i095-s29,fsc000-i095,29,8236032,0.75,0.0
fsc000-i095-s29,fsc000-i095,29,8266752,0.73,0.0
fsc000-i095-s29,fsc000-i095,29,8297472,0.76,0.0
fsc000-i095-s29,fsc000-i095,29,8328192,0.75,0.0
fsc000-i095-s29,fsc000-i095,29,8358912,0.7,0.0
fsc000-i095-s29,fsc000-i095,29,8389632,0.76,0.0
fsc000-i095-s29,fsc000-i095,29,8420352,0.7,0.0
fsc000-i095-s29,fsc000-i095,29,8451072,0.74,0.0
fsc000-i095-s29,fsc000-i095,29,8481792,0.76,0.0
fsc000-i095-s29,fsc000-i095,29,8512512,0.75,0.0
fsc000-i095-s29,fsc000-i095,29,8543232,0.77,0.0
fsc000-i095-s29,fsc000-i095,29,8573952,0.74,0.0
fsc000-i095-s29,fsc000-i095,29,8604672,0.78,0.0
fsc000-i095-s29,fsc000-i095,29,8635392,0.74,0.0
fsc000-i095-s29,fsc000-i095,29,8666112,0.73,0.0
fsc000-i095-s29,fsc000-i095,29,8696832,0.77,0.0
fsc000-i095-s29,fsc000-i095,29,8727552,0.79,0.0
fsc000-i095-s29,fsc000-i095,29,8758272,0.74,0.0
fsc000-i095-s29,fsc000-i095,29,8788992,0.68,0.0
fsc000-i095-s29,fsc000-i095,29,8819712,0.77,0.0
fsc000-i095-s29,fsc000-i095,29,8850432,0.71,0.0
fsc000-i095-s29,fsc000-i095,29,8881152,0.71,0.0
fsc000-i095-s29,fsc000-i095,29,8911872,0.73,0.0
fsc000-i095-s29,fsc000-i095,29,8942592,0.71,0.0
fsc000-i095-s29,fsc000-i095,29,8973312,0.72,0.0
fsc000-i095-s29,fsc000-i095,29,9004032,0.74,0.0
fsc000-i095-s29,fsc000-i095,29,9034752,0.76,0.0
fsc000-i095-s29,fsc000-i095,29,9065472,0.66,0.0
fsc000-i095-s29,fsc000-i095,29,9096192,0.77,0.0
fsc000-i095-s29,fsc000-i095,29,9126912,0.8,0.0
fsc000-i095-s29,fsc000-i095,29,9157632,0.72,0.0
fsc000-i095-s29,fsc000-i095,29,9188352,0.69,0.0
fsc000-i095-s29,fsc000-i095,29,9219072,0.78,0.0
fsc000-i095-s29,fsc000-i095,29,9249792,0.79,0.0
fsc000-i095-s29,fsc000-i095,29,9280512,0.82,0.0
fsc000-i095-s29,fsc000-i095,29,9311232,0.84,0.0
fsc000-i095-s29,fsc000-i095,29,9341952,0.83,0.0
fsc000-i095-s29,fsc000-i095,29,9372672,0.76,0.0
fsc000-i095-s29,fsc000-i095,29,9403392,0.78,0.0
fsc000-i095-s29,fsc000-i095,29,9434112,0.72,0.0
fsc000-i095-s29,fsc000-i095,29,9464832,0.71,0.0
fsc000-i095-s29,fsc000-i095,29,9495552,0.76,0.0
fsc000-i095-s29,fsc000-i095,29,9526272,0.77,0.0
fsc000-i095-s29,fsc000-i095,29,9556992,0.81,0.0
fsc000-i095-s29,fsc000-i095,29,9587712,0.71,0.0
fsc000-i095-s29,fsc000-i095,29,9618432,0.8,0.0
fsc000-i095-s29,fsc000-i095,29,9649152,0.73,0.0
fsc000-i095-s29,fsc000-i095,29,9679872,0.77,0.0
fsc000-i095-s29,fsc000-i095,29,9710592,0.72,0.0
fsc000-i095-s29,fsc000-i095,29,9741312,0.77,0.0
fsc000-i095-s29,fsc000-i095,29,9772032,0.77,0.0
fsc000-i095-s29,fsc000-i095,29,9802752,0.8,0.0
fsc000-i095-s29,fsc000-i095,29,9833472,0.74,0.0
fsc000-i095-s29,fsc000-i095,29,9864192,0.7,0.0
fsc000-i095-s29,fsc000-i095,29,9894912,0.73,0.0
fsc000-i095-s29,fsc000-i095,29,9925632,0.74,0.0
fsc000-i095-s29,fsc000-i095,29,9956352,0.8,0.0
fsc000-i095-s29,fsc000-i095,29,9987072,0.83,0.0
fsc000-i095-s29,fsc000-i095,29,10017792,0.7,0.0
fsc000-i095-s29,fsc000-i095,29,10048512,0.78,0.0
fsc000-i095-s29,fsc000-i095,29,10079232,0.77,0.0
fsc000-i095-s29,fsc000-i095,29,10109952,0.82,0.0
fsc000-i095-s29,fsc000-i095,29,10140672,0.75,0.0
fsc000-i095-s29,fsc000-i095,29,10171392,0.77,0.0
fsc000-i095-s29,fsc000-i095,29,10202112,0.82,0.0
fsc000-i095-s29,fsc000-i095,29,10232832,0.77,0.0
fsc000-i095-s29,fsc000-i095,29,10263552,0.8,0.0
fsc000-i095-s29,fsc000-i095,29,10294272,0.76,0.0
fsc000-i095-s29,fsc000-i095,29,10324992,0.78,0.0
fsc000-i095-s29,fsc000-i095,29,10355712,0.76,0.0
fsc000-i095-s29,fsc000-i095,29,10386432,0.74,0.0
fsc000-i095-s29,fsc000-i095,29,10417152,0.73,0.0
fsc000-i095-s29,fsc000-i095,29,10447872,0.76,0.0
fsc000-i095-s29,fsc000-i095,29,10478592,0.78,0.0
fsc000-i095-s29,fsc000-i095,29,10509312,0.79,0.0
fsc000-i095-s29,fsc000-i095,29,10540032,0.77,0.0
fsc000-i095-s29,fsc000-i095,29,10570752,0.81,0.0
fsc000-i095-s29,fsc000-i095,29,10601472,0.8,0.0
fsc000-i095-s29,fsc000-i095,29,10632192,0.79,0.0
fsc000-i095-s29,fsc000-i095,29,10662912,0.85,0.0
fsc000-i095-s29,fsc000-i095,29,10693632,0.81,0.0
fsc000-i095-s29,fsc000-i095,29,10724352,0.68,0.0
fsc000-i095-s29,fsc000-i095,29,10755072,0.82,0.0
fsc000-i095-s29,fsc000-i095,29,10785792,0.82,0.0
fsc000-i095-s29,fsc000-i095,29,10816512,0.76,0.0
fsc000-i095-s29,fsc000-i095,29,10847232,0.84,0.0
fsc000-i095-s29,fsc000-i095,29,10877952,0.85,0.0
fsc000-i095-s29,fsc000-i095,29,10908672,0.77,0.0
fsc000-i095-s29,fsc000-i095,29,10939392,0.73,0.0
fsc000-i095-s29,fsc000-i095,29,10970112,0.81,0.0
fsc000-i095-s29,fsc000-i095,29,11000832,0.76,0.0
fsc000-i095-s29,fsc000-i095,29,11031552,0.79,0.0
fsc000-i095-s29,fsc000-i095,29,11062272,0.73,0.0
fsc000-i095-s29,fsc000-i095,29,11092992,0.8,0.0
fsc000-i095-s29,fsc000-i095,29,11123712,0.79,0.0
fsc000-i095-s29,fsc000-i095,29,11154432,0.75,0.0
fsc000-i095-s29,fsc000-i095,29,11185152,0.8,0.0
fsc000-i095-s29,fsc000-i095,29,11215872,0.7,0.0
fsc000-i095-s29,fsc000-i095,29,11246592,0.81,0.0
fsc000-i095-s29,fsc000-i095,29,11277312,0.8,0.0
fsc000-i095-s29,fsc000-i095,29,11308032,0.82,0.0
fsc000-i095-s29,fsc000-i095,29,11338752,0.78,0.0
fsc000-i095-s29,fsc000-i095,29,11369472,0.83,0.0
fsc000-i095-s29,fsc000-i095,29,11400192,0.85,0.0
fsc000-i095-s29,fsc000-i095,29,11430912,0.83,0.0
fsc000-i095-s29,fsc000-i095,29,11461632,0.76,0.0
fsc000-i095-s29,fsc000-i095,29,11492352,0.73,0.0
fsc000-i095-s29,fsc000-i095,29,11523072,0.79,0.0
fsc000-i095-s29,fsc000-i095,29,11553792,0.82,0.0
fsc000-i095-s29,fsc000-i095,29,11584512,0.74,0.0
fsc000-i095-s29,fsc000-i095,29,11615232,0.83,0.0
fsc000-i095-s29,fsc000-i095,29,11645952,0.77,0.0
fsc000-i095-s29,fsc000-i095,29,11676672,0.74,0.0
fsc000-i095-s29,fsc000-i095,29,11707392,0.82,0.0
fsc000-i095-s29,fsc000-i095,29,11738112,0.8,0.0
fsc000-i095-s29,fsc000-i095,29,11768832,0.75,0.0
fsc000-i095-s29,fsc000-i095,29,11799552,0.77,0.0
fsc000-i095-s29,fsc000-i095,29,11830272,0.8,0.0
fsc000-i095-s29,fsc000-i095,29,11860992,0.77,0.0
fsc000-i095-s29,fsc000-i095,29,11891712,0.77,0.0
fsc000-i095-s29,fsc000-i095,29,11922432,0.8,0.0
fsc000-i095-s29,fsc000-i095,29,11953152,0.8,0.0
fsc000-i095-s29,fsc000-i095,29,11983872,0.76,0.0
fsc000-i095-s29,fsc000-i095,29,12014592,0.8,0.0
fsc000-i095-s29,fsc000-i095,29,12045312,0.84,0.0
fsc000-i095-s29,fsc000-i095,29,12076032,0.77,0.0
fsc000-i095-s29,fsc000-i095,29,12106752,0.78,0.0
fsc000-i095-s29,fsc000-i095,29,12137472,0.78,0.0
fsc000-i095-s29,fsc000-i095,29,12168192,0.79,0.0
fsc000-i095-s29,fsc000-i095,29,12198912,0.82,0.0
fsc000-i095-s29,fsc000-i095,29,12229632,0.78,0.0
fsc000-i095-s29,fsc000-i095,29,12260352,0.77,0.0
fsc000-i095-s29,fsc000-i095,29,12291072,0.78,0.0
fsc000-i095-s29,fsc000-i095,29,12321792,0.81,0.0
fsc000-i095-s29,fsc000-i095,29,12352512,0.9,0.0
fsc000-i095-s29,fsc000-i095,29,12383232,0.77,0.0
fsc000-i095-s29,fsc000-i095,29,12413952,0.82,0.0
fsc000-i095-s29,fsc000-i095,29,12444672,0.81,0.0
fsc000-i095-s29,fsc000-i095,29,12475392,0.8,0.0
fsc000-i095-s29,fsc000-i095,29,12506112,0.85,0.0
fsc000-i095-s29,fsc000-i095,29,12536832,0.76,0.0
fsc000-i095-s29,fsc000-i095,29,12567552,0.79,0.0
fsc000-i095-s29,fsc000-i095,29,12598272,0.76,0.0
fsc000-i095-s29,fsc000-i095,29,12628992,0.77,0.0
fsc000-i095-s29,fsc000-i095,29,12659712,0.77,0.0
fsc000-i095-s29,fsc000-i095,29,12690432,0.83,0.0
fsc000-i095-s29,fsc000-i095,29,12721152,0.82,0.0
fsc000-i095-s29,fsc000-i095,29,12751872,0.78,0.0
fsc000-i095-s29,fsc000-i095,29,12782592,0.79,0.0
fsc000-i095-s29,fsc000-i095,29,12813312,0.84,0.0
fsc000-i095-s29,fsc000-i095,29,12844032,0.79,0.0
fsc000-i095-s29,fsc000-i095,29,12874752,0.78,0.0
fsc000-i095-s29,fsc000-i095,29,12905472,0.82,0.0
fsc000-i095-s29,fsc000-i095,29,12936192,0.88,0.0
fsc000-i095-s29,fsc000-i095,29,12966912,0.82,0.0
fsc000-i095-s29,fsc000-i095,29,12997632,0.81,0.0
fsc000-i095-s29,fsc000-i095,29,13028352,0.87,0.0
fsc000-i095-s29,fsc000-i095,29,13059072,0.74,0.0
fsc000-i095-s29,fsc000-i095,29,13089792,0.88,0.0
fsc000-i095-s29,fsc000-i095,29,13120512,0.85,0.0
fsc000-i095-s29,fsc000-i095,29,13151232,0.84,0.0
fsc000-i095-s29,fsc000-i095,29,13181952,0.86,0.0
fsc000-i095-s29,fsc000-i095,29,13212672,0.82,0.0
fsc000-i095-s29,fsc000-i095,29,13243392,0.87,0.0
fsc000-i095-s29,fsc000-i095,29,13274112,0.8,0.0
fsc000-i095-s29,fsc000-i095,29,13304832,0.85,0.0
fsc000-i095-s29,fsc000-i095,29,13335552,0.85,0.0
fsc000-i095-s29,fsc000-i095,29,13366272,0.77,0.0
fsc000-i095-s29,fsc000-i095,29,13396992,0.78,0.0
fsc000-i095-s29,fsc000-i095,29,13427712,0.8,0.0
fsc000-i095-s29,fsc000-i095,29,13458432,0.84,0.0
fsc000-i095-s29,fsc000-i095,29,13489152,0.79,0.0
fsc000-i095-s29,fsc000-i095,29,13519872,0.9,0.0
fsc000-i095-s29,fsc000-i095,29,13550592,0.83,0.0
fsc000-i095-s29,fsc000-i095,29,13581312,0.81,0.0
fsc000-i095-s29,fsc000-i095,29,13612032,0.87,0.0
fsc000-i095-s29,fsc000-i095,29,13642752,0.89,0.0
fsc000-i095-s29,fsc000-i095,29,13673472,0.84,0.0
fsc000-i095-s29,fsc000-i095,29,13704192,0.85,0.0
fsc000-i095-s29,fsc000-i095,29,13734912,0.83,0.0
fsc000-i095-s29,fsc000-i095,29,13765632,0.89,0.0
fsc000-i095-s29,fsc000-i095,29,13796352,0.85,0.0
fsc000-i095-s29,fsc000-i095,29,13827072,0.77,0.0
fsc000-i095-s29,fsc000-i095,29,13857792,0.86,0.0
fsc000-i095-s29,fsc000-i095,29,13888512,0.86,0.0
fsc000-i095-s29,fsc000-i095,29,13919232,0.86,0.0
fsc000-i095-s29,fsc000-i095,29,13949952,0.79,0.0
fsc000-i095-s29,fsc000-i095,29,13980672,0.85,0.0
fsc000-i095-s29,fsc000-i095,29,14011392,0.84,0.0
fsc000-i095-s29,fsc000-i095,29,14042112,0.84,0.0
fsc000-i095-s29,fsc000-i095,29,14072832,0.84,0.0
fsc000-i095-s29,fsc000-i095,29,14103552,0.81,0.0
fsc000-i095-s29,fsc000-i095,29,14134272,0.84,0.0
fsc000-i095-s29,fsc000-i095,29,14164992,0.84,0.0
fsc000-i095-s29,fsc000-i095,29,14195712,0.85,0.0
fsc000-i095-s29,fsc000-i095,29,14226432,0.9,0.0
fsc000-i095-s29,fsc000-i095,29,14257152,0.86,0.0
fsc000-i095-s29,fsc000-i095,29,14287872,0.91,0.0
fsc000-i095-s29,fsc000-i095,29,14318592,0.88,0.0
fsc000-i095-s29,fsc000-i095,29,14349312,0.86,0.0
fsc000-i095-s29,fsc000-i095,29,14380032,0.9,0.0
fsc000-i095-s29,fsc000-i095,29,14410752,0.89,0.0
fsc000-i095-s29,fsc000-i095,29,14441472,0.86,0.0
fsc000-i095-s29,fsc000-i095,29,14472192,0.83,0.0
fsc000-i095-s29,fsc000-i095,29,14502912,0.82,0.0
fsc000-i095-s29,fsc000-i095,29,14533632,0.88,0.0
fsc000-i095-s29,fsc000-i095,29,14564352,0.87,0.0
fsc000-i095-s29,fsc000-i095,29,14595072,0.92,0.0
fsc000-i095-s29,fsc000-i095,29,14625792,0.91,0.0
fsc000-i095-s29,fsc000-i095,29,14656512,0.9,0.0
fsc000-i095-s29,fsc000-i095,29,14687232,0.9,0.0
fsc000-i095-s29,fsc000-i095,29,14717952,0.92,0.0
fsc000-i095-s29,fsc000-i095,29,14748672,0.9,0.0
fsc000-i095-s29,fsc000-i095,29,14779392,0.9,0.0
fsc000-i095-s29,fsc000-i095,29,14810112,0.91,0.0
fsc000-i095-s29,fsc000-i095,29,14840832,0.84,0.0
fsc000-i095-s29,fsc000-i095,29,14871552,0.89,0.0
fsc000-i095-s29,fsc000-i095,29,14902272,0.92,0.0
fsc000-i095-s29,fsc000-i095,29,14932992,0.91,0.0
fsc000-i095-s29,fsc000-i095,29,14963712,0.92,0.0
fsc000-i095-s29,fsc000-i095,29,14994432,0.88,0.0
fsc000-i095-s29,fsc000-i095,29,14997504,0.94,0.0
fsc000-i100-s27,fsc000-i100,27,3072,0.0,-1.0
fsc000-i100-s27,fsc000-i100,27,33792,0.01,-1.0
fsc000-i100-s27,fsc000-i100,27,64512,0.03,-1.0
fsc000-i100-s27,fsc000-i100,27,95232,0.01,-1.0
fsc000-i100-s27,fsc000-i100,27,125952,0.04,-1.0
fsc000-i100-s27,fsc000-i100,27,156672,0.01,-1.0
fsc000-i100-s27,fsc000-i100,27,187392,0.01,-1.0
fsc000-i100-s27,fsc000-i100,27,218112,0.03,-1.0
fsc000-i100-s27,fsc000-i100,27,248832,0.06,-1.0
fsc000-i100-s27,fsc000-i100,27,279552,0.05,-1.0
fsc000-i100-s27,fsc000-i100,27,310272,0.04,-1.0
fsc000-i100-s27,fsc000-i100,27,340992,0.02,-1.0
fsc000-i100-s27,fsc000-i100,27,371712,0.05,-1.0
fsc000-i100-s27,fsc000-i100,27,402432,0.04,-1.0
fsc000-i100-s27,fsc000-i100,27,433152,0.06,-1.0
fsc000-i100-s27,fsc000-i100,27,463872,0.06,-1.0
fsc000-i100-s27,fsc000-i100,27,494592,0.05,-1.0
fsc000-i100-s27,fsc000-i100,27,525312,0.03,-1.0
fsc000-i100-s27,fsc000-i100,27,556032,0.02,-1.0
fsc000-i100-s27,fsc000-i100,27,586752,0.07,-1.0
fsc000-i100-s27,fsc000-i100,27,617472,0.05,-1.0
fsc000-i100-s27,fsc000-i100,27,648192,0.09,-1.0
fsc000-i100-s27,fsc000-i100,27,678912,0.06,-1.0
fsc000-i100-s27,fsc000-i100,27,709632,0.05,-1.0
fsc000-i100-s27,fsc000-i100,27,740352,0.07,-1.0
fsc000-i100-s27,fsc000-i100,27,771072,0.05,-1.0
fsc000-i100-s27,fsc000-i100,27,801792,0.07,-1.0
fsc000-i100-s27,fsc000-i100,27,832512,0.08,-1.0
fsc000-i100-s27,fsc000-i100,27,863232,0.11,-1.0
fsc000-i100-s27,fsc000-i100,27,893952,0.07,-1.0
fsc000-i100-s27,fsc000-i100,27,924672,0.04,-1.0
fsc000-i100-s27,fsc000-i100,27,955392,0.06,-1.0
fsc000-i100-s27,fsc000-i100,27,986112,0.07,-1.0
fsc000-i100-s27,fsc000-i100,27,1016832,0.11,-1.0
fsc000-i100-s27,fsc000-i100,27,1047552,0.07,-1.0
fsc000-i100-s27,fsc000-i100,27,1078272,0.07,-1.0
fsc000-i100-s27,fsc000-i100,27,1108992,0.06,-1.0
fsc000-i100-s27,fsc000-i100,27,1139712,0.12,-1.0
fsc000-i100-s27,fsc000-i100,27,1170432,0.04,-1.0
fsc000-i100-s27,fsc000-i100,27,1201152,0.1,-1.0
fsc000-i100-s27,fsc000-i100,27,1231872,0.09,-1.0
fsc000-i100-s27,fsc000-i100,27,1262592,0.14,-1.0
fsc000-i100-s27,fsc000-i100,27,1293312,0.11,-1.0
fsc000-i100-s27,fsc000-i100,27,1324032,0.1,-1.0
fsc000-i100-s27,fsc000-i100,27,1354752,0.13,-1.0
fsc000-i100-s27,fsc000-i100,27,1385472,0.11,-1.0
fsc000-i100-s27,fsc000-i100,27,1416192,0.2,-1.0
fsc000-i100-s27,fsc000-i100,27,1446912,0.15,-1.0
fsc000-i100-s27,fsc000-i100,27,1477632,0.1,-1.0
fsc000-i100-s27,fsc000-i100,27,1508352,0.08,-1.0
fsc000-i100-s27,fsc000-i100,27,1539072,0.12,-1.0
fsc000-i100-s27,fsc000-i100,27,1569792,0.13,-1.0
fsc000-i100-s27,fsc000-i100,27,1600512,0.15,-1.0
fsc000-i100-s27,fsc000-i100,27,1631232,0.1,-1.0
fsc000-i100-s27,fsc000-i100,27,1661952,0.21,-1.0
fsc000-i100-s27,fsc000-i100,27,1692672,0.11,-1.0
fsc000-i100-s27,fsc000-i100,27,1723392,0.18,-1.0
fsc000-i100-s27,fsc000-i100,27,1754112,0.15,-1.0
fsc000-i100-s27,fsc000-i100,27,1784832,0.14,-1.0
fsc000-i100-s27,fsc000-i100,27,1815552,0.17,-1.0
fsc000-i100-s27,fsc000-i100,27,1846272,0.11,-1.0
fsc000-i100-s27,fsc000-i100,27,1876992,0.13,-1.0
fsc000-i100-s27,fsc000-i100,27,1907712,0.1,-1.0
fsc000-i100-s27,fsc000-i100,27,1938432,0.13,-1.0
fsc000-i100-s27,fsc000-i100,27,1969152,0.12,-1.0
fsc000-i100-s27,fsc000-i100,27,1999872,0.18,-1.0
fsc000-i100-s27,fsc000-i100,27,2030592,0.17,-1.0
fsc000-i100-s27,fsc000-i100,27,2061312,0.17,-1.0
fsc000-i100-s27,fsc000-i100,27,2092032,0.14,-1.0
fsc000-i100-s27,fsc000-i100,27,2122752,0.19,-1.0
fsc000-i100-s27,fsc000-i100,27,2153472,0.16,-1.0
fsc000-i100-s27,fsc000-i100,27,2184192,0.21,-1.0
fsc000-i100-s27,fsc000-i100,27,2214912,0.22,-1.0
fsc000-i100-s27,fsc000-i100,27,2245632,0.23,-1.0
fsc000-i100-s27,fsc000-i100,27,2276352,0.24,-1.0
fsc000-i100-s27,fsc000-i100,27,2307072,0.19,-1.0
fsc000-i100-s27,fsc000-i100,27,2337792,0.22,-1.0
fsc000-i100-s27,fsc000-i100,27,2368512,0.27,-1.0
fsc000-i100-s27,fsc000-i100,27,2399232,0.24,-1.0
fsc000-i100-s27,fsc000-i100,27,2429952,0.19,-1.0
fsc000-i100-s27,fsc000-i100,27,2460672,0.23,-1.0
fsc000-i100-s27,fsc000-i100,27,2491392,0.22,-1.0
fsc000-i100-s27,fsc000-i100,27,2522112,0.27,-1.0
fsc000-i100-s27,fsc000-i100,27,2552832,0.25,-1.0
fsc000-i100-s27,fsc000-i100,27,2583552,0.25,-1.0
fsc000-i100-s27,fsc000-i100,27,2614272,0.17,-1.0
fsc000-i100-s27,fsc000-i100,27,2644992,0.23,-1.0
fsc000-i100-s27,fsc000-i100,27,2675712,0.27,-1.0
fsc000-i100-s27,fsc000-i100,27,2706432,0.27,-1.0
fsc000-i100-s27,fsc000-i100,27,2737152,0.29,-1.0
fsc000-i100-s27,fsc000-i100,27,2767872,0.36,-1.0
fsc000-i100-s27,fsc000-i100,27,2798592,0.24,-1.0
fsc000-i100-s27,fsc000-i100,27,2829312,0.19,-1.0
fsc000-i100-s27,fsc000-i100,27,2860032,0.25,-1.0
fsc000-i100-s27,fsc000-i100,27,2890752,0.27,-1.0
fsc000-i100-s27,fsc000-i100,27,2921472,0.26,-1.0
fsc000-i100-s27,fsc000-i100,27,2952192,0.36,-1.0
fsc000-i100-s27,fsc000-i100,27,2982912,0.36,-1.0
fsc000-i100-s27,fsc000-i100,27,3013632,0.28,-1.0
fsc000-i100-s27,fsc000-i100,27,3044352,0.25,-1.0
fsc000-i100-s27,fsc000-i100,27,3075072,0.28,-1.0
fsc000-i100-s27,fsc000-i100,27,3105792,0.37,-1.0
fsc000-i100-s27,fsc000-i100,27,3136512,0.35,-1.0
fsc000-i100-s27,fsc000-i100,27,3167232,0.36,-1.0
fsc000-i100-s27,fsc000-i100,27,3197952,0.33,-1.0
fsc000-i100-s27,fsc000-i100,27,3228672,0.4,-1.0
fsc000-i100-s27,fsc000-i100,27,3259392,0.27,-1.0
fsc000-i100-s27,fsc000-i100,27,3290112,0.34,-1.0
fsc000-i100-s27,fsc000-i100,27,3320832,0.37,-1.0
fsc000-i100-s27,fsc000-i100,27,3351552,0.37,-1.0
fsc000-i100-s27,fsc000-i100,27,3382272,0.4,-1.0
fsc000-i100-s27,fsc000-i100,27,3412992,0.44,-1.0
fsc000-i100-s27,fsc000-i100,27,3443712,0.4,-1.0
fsc000-i100-s27,fsc000-i100,27,3474432,0.36,-1.0
fsc000-i100-s27,fsc000-i100,27,3505152,0.39,-1.0
fsc000-i100-s27,fsc000-i100,27,3535872,0.44,-1.0
fsc000-i100-s27,fsc000-i100,27,3566592,0.39,-1.0
fsc000-i100-s27,fsc000-i100,27,3597312,0.41,-1.0
fsc000-i100-s27,fsc000-i100,27,3628032,0.44,-1.0
fsc000-i100-s27,fsc000-i100,27,3658752,0.48,-1.0
fsc000-i100-s27,fsc000-i100,27,3689472,0.46,-1.0
fsc000-i100-s27,fsc000-i100,27,3720192,0.49,-1.0
fsc000-i100-s27,fsc000-i100,27,3750912,0.44,-1.0
fsc000-i100-s27,fsc000-i100,27,3781632,0.4,-1.0
fsc000-i100-s27,fsc000-i100,27,3812352,0.48,-1.0
fsc000-i100-s27,fsc000-i100,27,3843072,0.47,-1.0
fsc000-i100-s27,fsc000-i100,27,3873792,0.53,-1.0
fsc000-i100-s27,fsc000-i100,27,3904512,0.43,-1.0
fsc000-i100-s27,fsc000-i100,27,3935232,0.51,-1.0
fsc000-i100-s27,fsc000-i100,27,3965952,0.41,-1.0
fsc000-i100-s27,fsc000-i100,27,3996672,0.43,-1.0
fsc000-i100-s27,fsc000-i100,27,4027392,0.55,-1.0
fsc000-i100-s27,fsc000-i100,27,4058112,0.57,-0.989
fsc000-i100-s27,fsc000-i100,27,4088832,0.58,-0.989
fsc000-i100-s27,fsc000-i100,27,4119552,0.5,-0.989
fsc000-i100-s27,fsc000-i100,27,4150272,0.52,-0.989
fsc000-i100-s27,fsc000-i100,27,4180992,0.53,-1.0
fsc000-i100-s27,fsc000-i100,27,4211712,0.47,-1.0
fsc000-i100-s27,fsc000-i100,27,4242432,0.51,-0.984
fsc000-i100-s27,fsc000-i100,27,4273152,0.53,-0.984
fsc000-i100-s27,fsc000-i100,27,4303872,0.47,-0.972
fsc000-i100-s27,fsc000-i100,27,4334592,0.54,-0.972
fsc000-i100-s27,fsc000-i100,27,4365312,0.56,-0.972
fsc000-i100-s27,fsc000-i100,27,4396032,0.52,-0.936
fsc000-i100-s27,fsc000-i100,27,4426752,0.58,-0.936
fsc000-i100-s27,fsc000-i100,27,4457472,0.49,-0.923
fsc000-i100-s27,fsc000-i100,27,4488192,0.62,-0.897
fsc000-i100-s27,fsc000-i100,27,4518912,0.52,-0.869
fsc000-i100-s27,fsc000-i100,27,4549632,0.59,-0.842
fsc000-i100-s27,fsc000-i100,27,4580352,0.55,-0.831
fsc000-i100-s27,fsc000-i100,27,4611072,0.53,-0.786
fsc000-i100-s27,fsc000-i100,27,4641792,0.51,-0.761
fsc000-i100-s27,fsc000-i100,27,4672512,0.59,-0.761
fsc000-i100-s27,fsc000-i100,27,4703232,0.44,-0.749
fsc000-i100-s27,fsc000-i100,27,4733952,0.52,-0.749
fsc000-i100-s27,fsc000-i100,27,4764672,0.61,-0.736
fsc000-i100-s27,fsc000-i100,27,4795392,0.49,-0.725
fsc000-i100-s27,fsc000-i100,27,4826112,0.55,-0.712
fsc000-i100-s27,fsc000-i100,27,4856832,0.62,-0.712
fsc000-i100-s27,fsc000-i100,27,4887552,0.54,-0.689
fsc000-i100-s27,fsc000-i100,27,4918272,0.59,-0.677
fsc000-i100-s27,fsc000-i100,27,4948992,0.59,-0.677
fsc000-i100-s27,fsc000-i100,27,4979712,0.52,-0.677
fsc000-i100-s27,fsc000-i100,27,5010432,0.63,-0.661
fsc000-i100-s27,fsc000-i100,27,5041152,0.54,-0.633
fsc000-i100-s27,fsc000-i100,27,5071872,0.55,-0.633
fsc000-i100-s27,fsc000-i100,27,5102592,0.54,-0.61
fsc000-i100-s27,fsc000-i100,27,5133312,0.63,-0.596
fsc000-i100-s27,fsc000-i100,27,5164032,0.65,-0.567
fsc000-i100-s27,fsc000-i100,27,5194752,0.61,-0.513
fsc000-i100-s27,fsc000-i100,27,5225472,0.52,-0.439
fsc000-i100-s27,fsc000-i100,27,5256192,0.46,-0.425
fsc000-i100-s27,fsc000-i100,27,5286912,0.61,-0.409
fsc000-i100-s27,fsc000-i100,27,5317632,0.52,-0.381
fsc000-i100-s27,fsc000-i100,27,5348352,0.57,-0.365
fsc000-i100-s27,fsc000-i100,27,5379072,0.53,-0.365
fsc000-i100-s27,fsc000-i100,27,5409792,0.56,-0.336
fsc000-i100-s27,fsc000-i100,27,5440512,0.46,-0.336
fsc000-i100-s27,fsc000-i100,27,5471232,0.55,-0.306
fsc000-i100-s27,fsc000-i100,27,5501952,0.68,-0.278
fsc000-i100-s27,fsc000-i100,27,5532672,0.58,-0.249
fsc000-i100-s27,fsc000-i100,27,5563392,0.49,-0.226
fsc000-i100-s27,fsc000-i100,27,5594112,0.52,-0.213
fsc000-i100-s27,fsc000-i100,27,5624832,0.51,-0.202
fsc000-i100-s27,fsc000-i100,27,5655552,0.67,-0.177
fsc000-i100-s27,fsc000-i100,27,5686272,0.55,-0.135
fsc000-i100-s27,fsc000-i100,27,5716992,0.6,-0.099
fsc000-i100-s27,fsc000-i100,27,5747712,0.63,-0.06
fsc000-i100-s27,fsc000-i100,27,5778432,0.57,-0.034
fsc000-i100-s27,fsc000-i100,27,5809152,0.56,-0.034
fsc000-i100-s27,fsc000-i100,27,5839872,0.49,-0.016
fsc000-i100-s27,fsc000-i100,27,5870592,0.61,0.0
fsc000-i100-s27,fsc000-i100,27,5901312,0.58,0.0
fsc000-i100-s27,fsc000-i100,27,5932032,0.53,0.0
fsc000-i100-s27,fsc000-i100,27,5962752,0.57,0.0
fsc000-i100-s27,fsc000-i100,27,5993472,0.59,0.0
fsc000-i100-s27,fsc000-i100,27,6024192,0.67,0.0
fsc000-i100-s27,fsc000-i100,27,6054912,0.59,0.0
fsc000-i100-s27,fsc000-i100,27,6085632,0.63,0.0
fsc000-i100-s27,fsc000-i100,27,6116352,0.65,0.0
fsc000-i100-s27,fsc000-i100,27,6147072,0.56,0.0
fsc000-i100-s27,fsc000-i100,27,6177792,0.63,0.0
fsc000-i100-s27,fsc000-i100,27,6208512,0.53,0.0
fsc000-i100-s27,fsc000-i100,27,6239232,0.69,0.0
fsc000-i100-s27,fsc000-i100,27,6269952,0.58,0.0
fsc000-i100-s27,fsc000-i100,27,6300672,0.6,0.0
fsc000-i100-s27,fsc000-i100,27,6331392,0.58,0.0
fsc000-i100-s27,fsc000-i100,27,6362112,0.6,0.0
fsc000-i100-s27,fsc000-i100,27,6392832,0.54,0.0
fsc000-i100-s27,fsc000-i100,27,6423552,0.61,0.0
fsc000-i100-s27,fsc000-i100,27,6454272,0.68,0.0
fsc000-i100-s27,fsc000-i100,27,6484992,0.62,0.0
fsc000-i100-s27,fsc000-i100,27,6515712,0.61,0.0
fsc000-i100-s27,fsc000-i100,27,6546432,0.71,0.0
fsc000-i100-s27,fsc000-i100,27,6577152,0.65,0.0
fsc000-i100-s27,fsc000-i100,27,6607872,0.59,0.0
fsc000-i100-s27,fsc000-i100,27,6638592,0.65,0.0
fsc000-i100-s27,fsc000-i100,27,6669312,0.71,0.0
fsc000-i100-s27,fsc000-i100,27,6700032,0.69,0.0
fsc000-i100-s27,fsc000-i100,27,6730752,0.79,0.0
fsc000-i100-s27,fsc000-i100,27,6761472,0.53,0.0
fsc000-i100-s27,fsc000-i100,27,6792192,0.61,0.0
fsc000-i100-s27,fsc000-i100,27,6822912,0.56,0.0
fsc000-i100-s27,fsc000-i100,27,6853632,0.66,0.0
fsc000-i100-s27,fsc000-i100,27,6884352,0.72,0.0
fsc000-i100-s27,fsc000-i100,27,6915072,0.72,0.0
fsc000-i100-s27,fsc000-i100,27,6945792,0.64,0.0
fsc000-i100-s27,fsc000-i100,27,6976512,0.66,0.0
fsc000-i100-s27,fsc000-i100,27,7007232,0.61,0.0
fsc000-i100-s27,fsc000-i100,27,7037952,0.68,0.0
fsc000-i100-s27,fsc000-i100,27,7068672,0.65,0.0
fsc000-i100-s27,fsc000-i100,27,7099392,0.65,0.0
fsc000-i100-s27,fsc000-i100,27,7130112,0.63,0.0
fsc000-i100-s27,fsc000-i100,27,7160832,0.7,0.0
fsc000-i100-s27,fsc000-i100,27,7191552,0.71,0.0
fsc000-i100-s27,fsc000-i100,27,7222272,0.75,0.0
fsc000-i100-s27,fsc000-i100,27,7252992,0.7,0.0
fsc000-i100-s27,fsc000-i100,27,7283712,0.72,0.0
fsc000-i100-s27,fsc000-i100,27,7314432,0.62,0.0
fsc000-i100-s27,fsc000-i100,27,7345152,0.68,0.0
fsc000-i100-s27,fsc000-i100,27,7375872,0.7,0.0
fsc000-i100-s27,fsc000-i100,27,7406592,0.73,0.0
fsc000-i100-s27,fsc000-i100,27,7437312,0.77,0.0
fsc000-i100-s27,fsc000-i100,27,7468032,0.65,0.0
fsc000-i100-s27,fsc000-i100,27,7498752,0.71,0.0
fsc000-i100-s27,fsc000-i100,27,7529472,0.74,0.0
fsc000-i100-s27,fsc000-i100,27,7560192,0.78,0.0
fsc000-i100-s27,fsc000-i100,27,7590912,0.71,0.0
fsc000-i100-s27,fsc000-i100,27,7621632,0.74,0.0
fsc000-i100-s27,fsc000-i100,27,7652352,0.71,0.0
fsc000-i100-s27,fsc000-i100,27,7683072,0.69,0.0
fsc000-i100-s27,fsc000-i100,27,7713792,0.72,0.0
fsc000-i100-s27,fsc000-i100,27,7744512,0.73,0.0
fsc000-i100-s27,fsc000-i100,27,7775232,0.73,0.0
fsc000-i100-s27,fsc000-i100,27,7805952,0.74,0.0
fsc000-i100-s27,fsc000-i100,27,7836672,0.7,0.0
fsc000-i100-s27,fsc000-i100,27,7867392,0.59,0.0
fsc000-i100-s27,fsc000-i100,27,7898112,0.78,0.0
fsc000-i100-s27,fsc000-i100,27,7928832,0.72,0.0
fsc000-i100-s27,fsc000-i100,27,7959552,0.6,0.0
fsc000-i100-s27,fsc000-i100,27,7990272,0.83,0.0
fsc000-i100-s27,fsc000-i100,27,8020992,0.76,0.0
fsc000-i100-s27,fsc000-i100,27,8051712,0.74,0.0
fsc000-i100-s27,fsc000-i100,27,8082432,0.7,0.0
fsc000-i100-s27,fsc000-i100,27,8113152,0.7,0.0
fsc000-i100-s27,fsc000-i100,27,8143872,0.77,0.0
fsc000-i100-s27,fsc000-i100,27,8174592,0.79,0.0
fsc000-i100-s27,fsc000-i100,27,8205312,0.74,0.0
fsc000-i100-s27,fsc000-i100,27,8236032,0.73,0.0
fsc000-i100-s27,fsc000-i100,27,8266752,0.68,0.0
fsc000-i100-s27,fsc000-i100,27,8297472,0.76,0.0
fsc000-i100-s27,fsc000-i100,27,8328192,0.83,0.0
fsc000-i100-s27,fsc000-i100,27,8358912,0.73,0.0
fsc000-i100-s27,fsc000-i100,27,8389632,0.8,0.0
fsc000-i100-s27,fsc000-i100,27,8420352,0.68,0.0
fsc000-i100-s27,fsc000-i100,27,8451072,0.78,0.0
fsc000-i100-s27,fsc000-i100,27,8481792,0.81,0.0
fsc000-i100-s27,fsc000-i100,27,8512512,0.78,0.0
fsc000-i100-s27,fsc000-i100,27,8543232,0.78,0.0
fsc000-i100-s27,fsc000-i100,27,8573952,0.73,0.0
fsc000-i100-s27,fsc000-i100,27,8604672,0.74,0.0
fsc000-i100-s27,fsc000-i100,27,8635392,0.66,0.0
fsc000-i100-s27,fsc000-i100,27,8666112,0.81,0.0
fsc000-i100-s27,fsc000-i100,27,8696832,0.7,0.0
fsc000-i100-s27,fsc000-i100,27,8727552,0.7,0.0
fsc000-i100-s27,fsc000-i100,27,8758272,0.84,0.0
fsc000-i100-s27,fsc000-i100,27,8788992,0.75,0.0
fsc000-i100-s27,fsc000-i100,27,8819712,0.8,0.0
fsc000-i100-s27,fsc000-i100,27,8850432,0.77,0.0
fsc000-i100-s27,fsc000-i100,27,8881152,0.73,0.0
fsc000-i100-s27,fsc000-i100,27,8911872,0.66,0.0
fsc000-i100-s27,fsc000-i100,27,8942592,0.73,0.0
fsc000-i100-s27,fsc000-i100,27,8973312,0.8,0.0
fsc000-i100-s27,fsc000-i100,27,9004032,0.73,0.0
fsc000-i100-s27,fsc000-i100,27,9034752,0.73,0.0
fsc000-i100-s27,fsc000-i100,27,9065472,0.77,0.0
fsc000-i100-s27,fsc000-i100,27,9096192,0.68,0.0
fsc000-i100-s27,fsc000-i100,27,9126912,0.75,0.0
fsc000-i100-s27,fsc000-i100,27,9157632,0.77,0.0
fsc000-i100-s27,fsc000-i100,27,9188352,0.72,0.0
fsc000-i100-s27,fsc000-i100,27,9219072,0.77,0.0
fsc000-i100-s27,fsc000-i100,27,9249792,0.79,0.0
fsc000-i100-s27,fsc000-i100,27,9280512,0.73,0.0
fsc000-i100-s27,fsc000-i100,27,9311232,0.78,0.0
fsc000-i100-s27,fsc000-i100,27,9341952,0.83,0.0
fsc000-i100-s27,fsc000-i100,27,9372672,0.78,0.0
fsc000-i100-s27,fsc000-i100,27,9403392,0.77,0.0
fsc000-i100-s27,fsc000-i100,27,9434112,0.87,0.0
fsc000-i100-s27,fsc000-i100,27,9464832,0.76,0.0
fsc000-i100-s27,fsc000-i100,27,9495552,0.77,0.0
fsc000-i100-s27,fsc000-i100,27,9526272,0.74,0.0
fsc000-i100-s27,fsc000-i100,27,9556992,0.76,0.0
fsc000-i100-s27,fsc000-i100,27,9587712,0.8,0.0
fsc000-i100-s27,fsc000-i100,27,9618432,0.84,0.0
fsc000-i100-s27,fsc000-i100,27,9649152,0.84,0.0
fsc000-i100-s27,fsc000-i100,27,9679872,0.75,0.0
fsc000-i100-s27,fsc000-i100,27,9710592,0.67,0.0
fsc000-i100-s27,fsc000-i100,27,9741312,0.75,0.0
fsc000-i100-s27,fsc000-i100,27,9772032,0.76,0.0
fsc000-i100-s27,fsc000-i100,27,9802752,0.77,0.0
fsc000-i100-s27,fsc000-i100,27,9833472,0.78,0.0
fsc000-i100-s27,fsc000-i100,27,9864192,0.81,0.0
fsc000-i100-s27,fsc000-i100,27,9894912,0.74,0.0
fsc000-i100-s27,fsc000-i100,27,9925632,0.69,0.0
fsc000-i100-s27,fsc000-i100,27,9956352,0.72,0.0
fsc000-i100-s27,fsc000-i100,27,9987072,0.74,0.0
fsc000-i100-s27,fsc000-i100,27,10017792,0.74,0.0
fsc000-i100-s27,fsc000-i100,27,10048512,0.76,0.0
fsc000-i100-s27,fsc000-i100,27,10079232,0.79,0.0
fsc000-i100-s27,fsc000-i100,27,10109952,0.75,0.0
fsc000-i100-s27,fsc000-i100,27,10140672,0.79,0.0
fsc000-i100-s27,fsc000-i100,27,10171392,0.77,0.0
fsc000-i100-s27,fsc000-i100,27,10202112,0.79,0.0
fsc000-i100-s27,fsc000-i100,27,10232832,0.72,0.0
fsc000-i100-s27,fsc000-i100,27,10263552,0.88,0.0
fsc000-i100-s27,fsc000-i100,27,10294272,0.77,0.0
fsc000-i100-s27,fsc000-i100,27,10324992,0.79,0.0
fsc000-i100-s27,fsc000-i100,27,10355712,0.75,0.0
fsc000-i100-s27,fsc000-i100,27,10386432,0.79,0.0
fsc000-i100-s27,fsc000-i100,27,10417152,0.84,0.0
fsc000-i100-s27,fsc000-i100,27,10447872,0.84,0.0
fsc000-i100-s27,fsc000-i100,27,10478592,0.79,0.0
fsc000-i100-s27,fsc000-i100,27,10509312,0.83,0.0
fsc000-i100-s27,fsc000-i100,27,10540032,0.73,0.0
fsc000-i100-s27,fsc000-i100,27,10570752,0.76,0.0
fsc000-i100-s27,fsc000-i100,27,10601472,0.78,0.0
fsc000-i100-s27,fsc000-i100,27,10632192,0.77,0.0
fsc000-i100-s27,fsc000-i100,27,10662912,0.82,0.0
fsc000-i100-s27,fsc000-i100,27,10693632,0.75,0.0
fsc000-i100-s27,fsc000-i100,27,10724352,0.73,0.0
fsc000-i100-s27,fsc000-i100,27,10755072,0.84,0.0
fsc000-i100-s27,fsc000-i100,27,10785792,0.78,0.0
fsc000-i100-s27,fsc000-i100,27,10816512,0.73,0.0
fsc000-i100-s27,fsc000-i100,27,10847232,0.77,0.0
fsc000-i100-s27,fsc000-i100,27,10877952,0.79,0.0
fsc000-i100-s27,fsc000-i100,27,10908672,0.82,0.0
fsc000-i100-s27,fsc000-i100,27,10939392,0.69,0.0
fsc000-i100-s27,fsc000-i100,27,10970112,0.75,0.0
fsc000-i100-s27,fsc000-i100,27,11000832,0.76,0.0
fsc000-i100-s27,fsc000-i100,27,11031552,0.8,0.0
fsc000-i100-s27,fsc000-i100,27,11062272,0.74,0.0
fsc000-i100-s27,fsc000-i100,27,11092992,0.84,0.0
fsc000-i100-s27,fsc000-i100,27,11123712,0.75,0.0
fsc000-i100-s27,fsc000-i100,27,11154432,0.76,0.0
fsc000-i100-s27,fsc000-i100,27,11185152,0.79,0.0
fsc000-i100-s27,fsc000-i100,27,11215872,0.8,0.0
fsc000-i100-s27,fsc000-i100,27,11246592,0.8,0.0
fsc000-i100-s27,fsc000-i100,27,11277312,0.78,0.0
fsc000-i100-s27,fsc000-i100,27,11308032,0.86,0.0
fsc000-i100-s27,fsc000-i100,27,11338752,0.76,0.0
fsc000-i100-s27,fsc000-i100,27,11369472,0.77,0.0
fsc000-i100-s27,fsc000-i100,27,11400192,0.83,0.0
fsc000-i100-s27,fsc000-i100,27,11430912,0.8,0.0
fsc000-i100-s27,fsc000-i100,27,11461632,0.81,0.0
fsc000-i100-s27,fsc000-i100,27,11492352,0.83,0.0
fsc000-i100-s27,fsc000-i100,27,11523072,0.85,0.0
fsc000-i100-s27,fsc000-i100,27,11553792,0.84,0.0
fsc000-i100-s27,fsc000-i100,27,11584512,0.78,0.0
fsc000-i100-s27,fsc000-i100,27,11615232,0.86,0.0
fsc000-i100-s27,fsc000-i100,27,11645952,0.81,0.0
fsc000-i100-s27,fsc000-i100,27,11676672,0.78,0.0
fsc000-i100-s27,fsc000-i100,27,11707392,0.82,0.0
fsc000-i100-s27,fsc000-i100,27,11738112,0.77,0.0
fsc000-i100-s27,fsc000-i100,27,11768832,0.78,0.0
fsc000-i100-s27,fsc000-i100,27,11799552,0.78,0.0
fsc000-i100-s27,fsc000-i100,27,11830272,0.8,0.0
fsc000-i100-s27,fsc000-i100,27,11860992,0.82,0.0
fsc000-i100-s27,fsc000-i100,27,11891712,0.82,0.0
fsc000-i100-s27,fsc000-i100,27,11922432,0.84,0.0
fsc000-i100-s27,fsc000-i100,27,11953152,0.72,0.0
fsc000-i100-s27,fsc000-i100,27,11983872,0.8,0.0
fsc000-i100-s27,fsc000-i100,27,12014592,0.88,0.0
fsc000-i100-s27,fsc000-i100,27,12045312,0.76,0.0
fsc000-i100-s27,fsc000-i100,27,12076032,0.78,0.0
fsc000-i100-s27,fsc000-i100,27,12106752,0.78,0.0
fsc000-i100-s27,fsc000-i100,27,12137472,0.86,0.0
fsc000-i100-s27,fsc000-i100,27,12168192,0.76,0.0
fsc000-i100-s27,fsc000-i100,27,12198912,0.84,0.0
fsc000-i100-s27,fsc000-i100,27,12229632,0.84,0.0
fsc000-i100-s27,fsc000-i100,27,12260352,0.8,0.0
fsc000-i100-s27,fsc000-i100,27,12291072,0.83,0.0
fsc000-i100-s27,fsc000-i100,27,12321792,0.8,0.0
fsc000-i100-s27,fsc000-i100,27,12352512,0.81,0.0
fsc000-i100-s27,fsc000-i100,27,12383232,0.82,0.0
fsc000-i100-s27,fsc000-i100,27,12413952,0.79,0.0
fsc000-i100-s27,fsc000-i100,27,12444672,0.84,0.0
fsc000-i100-s27,fsc000-i100,27,12475392,0.81,0.0
fsc000-i100-s27,fsc000-i100,27,12506112,0.86,0.0
fsc000-i100-s27,fsc000-i100,27,12536832,0.83,0.0
fsc000-i100-s27,fsc000-i100,27,12567552,0.86,0.0
fsc000-i100-s27,fsc000-i100,27,12598272,0.8,0.0
fsc000-i100-s27,fsc000-i100,27,12628992,0.86,0.0
fsc000-i100-s27,fsc000-i100,27,12659712,0.84,0.0
fsc000-i100-s27,fsc000-i100,27,12690432,0.82,0.0
fsc000-i100-s27,fsc000-i100,27,12721152,0.8,0.0
fsc000-i100-s27,fsc000-i100,27,12751872,0.87,0.0
fsc000-i100-s27,fsc000-i100,27,12782592,0.86,0.0
fsc000-i100-s27,fsc000-i100,27,12813312,0.82,0.0
fsc000-i100-s27,fsc000-i100,27,12844032,0.77,0.0
fsc000-i100-s27,fsc000-i100,27,12874752,0.76,0.0
fsc000-i100-s27,fsc000-i100,27,12905472,0.81,0.0
fsc000-i100-s27,fsc000-i100,27,12936192,0.85,0.0
fsc000-i100-s27,fsc000-i100,27,12966912,0.87,0.0
fsc000-i100-s27,fsc000-i100,27,12997632,0.82,0.0
fsc000-i100-s27,fsc000-i100,27,13028352,0.84,0.0
fsc000-i100-s27,fsc000-i100,27,13059072,0.88,0.0
fsc000-i100-s27,fsc000-i100,27,13089792,0.82,0.0
fsc000-i100-s27,fsc000-i100,27,13120512,0.78,0.0
fsc000-i100-s27,fsc000-i100,27,13151232,0.85,0.0
fsc000-i100-s27,fsc000-i100,27,13181952,0.84,0.0
fsc000-i100-s27,fsc000-i100,27,13212672,0.89,0.0
fsc000-i100-s27,fsc000-i100,27,13243392,0.85,0.0
fsc000-i100-s27,fsc000-i100,27,13274112,0.88,0.0
fsc000-i100-s27,fsc000-i100,27,13304832,0.82,0.0
fsc000-i100-s27,fsc000-i100,27,13335552,0.9,0.0
fsc000-i100-s27,fsc000-i100,27,13366272,0.85,0.0
fsc000-i100-s27,fsc000-i100,27,13396992,0.85,0.0
fsc000-i100-s27,fsc000-i100,27,13427712,0.87,0.0
fsc000-i100-s27,fsc000-i100,27,13458432,0.87,0.0
fsc000-i100-s27,fsc000-i100,27,13489152,0.78,0.0
fsc000-i100-s27,fsc000-i100,27,13519872,0.88,0.0
fsc000-i100-s27,fsc000-i100,27,13550592,0.84,0.0
fsc000-i100-s27,fsc000-i100,27,13581312,0.88,0.0
fsc000-i100-s27,fsc000-i100,27,13612032,0.92,0.0
fsc000-i100-s27,fsc000-i100,27,13642752,0.79,0.0
fsc000-i100-s27,fsc000-i100,27,13673472,0.88,0.0
fsc000-i100-s27,fsc000-i100,27,13704192,0.86,0.0
fsc000-i100-s27,fsc000-i100,27,13734912,0.81,0.0
fsc000-i100-s27,fsc000-i100,27,13765632,0.88,0.0
fsc000-i100-s27,fsc000-i100,27,13796352,0.85,0.0
fsc000-i100-s27,fsc000-i100,27,13827072,0.87,0.0
fsc000-i100-s27,fsc000-i100,27,13857792,0.86,0.0
fsc000-i100-s27,fsc000-i100,27,13888512,0.82,0.0
fsc000-i100-s27,fsc000-i100,27,13919232,0.8,0.0
fsc000-i100-s27,fsc000-i100,27,13949952,0.9,0.0
fsc000-i100-s27,fsc000-i100,27,13980672,0.86,0.0
fsc000-i100-s27,fsc000-i100,27,14011392,0.91,0.0
fsc000-i100-s27,fsc000-i100,27,14042112,0.87,0.0
fsc000-i100-s27,fsc000-i100,27,14072832,0.89,0.0
fsc000-i100-s27,fsc000-i100,27,14103552,0.82,0.0
fsc000-i100-s27,fsc000-i100,27,14134272,0.89,0.0
fsc000-i100-s27,fsc000-i100,27,14164992,0.86,0.0
fsc000-i100-s27,fsc000-i100,27,14195712,0.94,0.0
fsc000-i100-s27,fsc000-i100,27,14226432,0.88,0.0
fsc000-i100-s27,fsc000-i100,27,14257152,0.89,0.0
fsc000-i100-s27,fsc000-i100,27,14287872,0.89,0.0
fsc000-i100-s27,fsc000-i100,27,14318592,0.86,0.0
fsc000-i100-s27,fsc000-i100,27,14349312,0.87,0.0
fsc000-i100-s27,fsc000-i100,27,14380032,0.9,0.0
fsc000-i100-s27,fsc000-i100,27,14410752,0.86,0.0
fsc000-i100-s27,fsc000-i100,27,14441472,0.93,0.0
fsc000-i100-s27,fsc000-i100,27,14472192,0.8,0.0
fsc000-i100-s27,fsc000-i100,27,14502912,0.91,0.0
fsc000-i100-s27,fsc000-i100,27,14533632,0.89,0.0
fsc000-i100-s27,fsc000-i100,27,14564352,0.9,0.0
fsc000-i100-s27,fsc000-i100,27,14595072,0.86,0.0
fsc000-i100-s27,fsc000-i100,27,14625792,0.89,0.0
fsc000-i100-s27,fsc000-i100,27,14656512,0.9,0.0
fsc000-i100-s27,fsc000-i100,27,14687232,0.89,0.0
fsc000-i100-s27,fsc000-i100,27,14717952,0.95,0.0
fsc000-i100-s27,fsc000-i100,27,14748672,0.89,0.0
fsc000-i100-s27,fsc000-i100,27,14779392,0.9,0.0
fsc000-i100-s27,fsc000-i100,27,14810112,0.87,0.0
fsc000-i100-s27,fsc000-i100,27,14840832,0.86,0.0
fsc000-i100-s27,fsc000-i100,27,14871552,0.93,0.0
fsc000-i100-s27,fsc000-i100,27,14902272,0.94,0.0
fsc000-i100-s27,fsc000-i100,27,14932992,0.9,0.0
fsc000-i100-s27,fsc000-i100,27,14963712,0.91,0.0
fsc000-i100-s27,fsc000-i100,27,14994432,0.92,0.0
fsc000-i100-s27,fsc000-i100,27,14997504,0.85,0.0
fsc000-i100-s28,fsc000-i100,28,3072,0.01,-1.0
fsc000-i100-s28,fsc000-i100,28,33792,0.0,-1.0
fsc000-i100-s28,fsc000-i100,28,64512,0.01,-1.0
fsc000-i100-s28,fsc000-i100,28,95232,0.04,-1.0
fsc000-i100-s28,fsc000-i100,28,125952,0.04,-1.0
fsc000-i100-s28,fsc000-i100,28,156672,0.04,-1.0
fsc000-i100-s28,fsc000-i100,28,187392,0.03,-1.0
fsc000-i100-s28,fsc000-i100,28,218112,0.02,-1.0
fsc000-i100-s28,fsc000-i100,28,248832,0.08,-1.0
fsc000-i100-s28,fsc000-i100,28,279552,0.05,-1.0
fsc000-i100-s28,fsc000-i100,28,310272,0.02,-1.0
fsc000-i100-s28,fsc000-i100,28,340992,0.06,-1.0
fsc000-i100-s28,fsc000-i100,28,371712,0.1,-1.0
fsc000-i100-s28,fsc000-i100,28,402432,0.09,-1.0
fsc000-i100-s28,fsc000-i100,28,433152,0.08,-1.0
fsc000-i100-s28,fsc000-i100,28,463872,0.04,-1.0
fsc000-i100-s28,fsc000-i100,28,494592,0.08,-1.0
fsc000-i100-s28,fsc000-i100,28,525312,0.05,-1.0
fsc000-i100-s28,fsc000-i100,28,556032,0.07,-1.0
fsc000-i100-s28,fsc000-i100,28,586752,0.05,-1.0
fsc000-i100-s28,fsc000-i100,28,617472,0.08,-1.0
fsc000-i100-s28,fsc000-i100,28,648192,0.1,-1.0
fsc000-i100-s28,fsc000-i100,28,678912,0.13,-1.0
fsc000-i100-s28,fsc000-i100,28,709632,0.07,-1.0
fsc000-i100-s28,fsc000-i100,28,740352,0.06,-1.0
fsc000-i100-s28,fsc000-i100,28,771072,0.07,-1.0
fsc000-i100-s28,fsc000-i100,28,801792,0.06,-1.0
fsc000-i100-s28,fsc000-i100,28,832512,0.06,-1.0
fsc000-i100-s28,fsc000-i100,28,863232,0.13,-1.0
fsc000-i100-s28,fsc000-i100,28,893952,0.08,-1.0
fsc000-i100-s28,fsc000-i100,28,924672,0.09,-1.0
fsc000-i100-s28,fsc000-i100,28,955392,0.18,-1.0
fsc000-i100-s28,fsc000-i100,28,986112,0.15,-1.0
fsc000-i100-s28,fsc000-i100,28,1016832,0.11,-1.0
fsc000-i100-s28,fsc000-i100,28,1047552,0.09,-1.0
fsc000-i100-s28,fsc000-i100,28,1078272,0.14,-1.0
fsc000-i100-s28,fsc000-i100,28,1108992,0.11,-1.0
fsc000-i100-s28,fsc000-i100,28,1139712,0.1,-1.0
fsc000-i100-s28,fsc000-i100,28,1170432,0.08,-1.0
fsc000-i100-s28,fsc000-i100,28,1201152,0.1,-1.0
fsc000-i100-s28,fsc000-i100,28,1231872,0.1,-1.0
fsc000-i100-s28,fsc000-i100,28,1262592,0.13,-1.0
fsc000-i100-s28,fsc000-i100,28,1293312,0.1,-1.0
fsc000-i100-s28,fsc000-i100,28,1324032,0.08,-1.0
fsc000-i100-s28,fsc000-i100,28,1354752,0.09,-1.0
fsc000-i100-s28,fsc000-i100,28,1385472,0.07,-1.0
fsc000-i100-s28,fsc000-i100,28,1416192,0.14,-1.0
fsc000-i100-s28,fsc000-i100,28,1446912,0.14,-1.0
fsc000-i100-s28,fsc000-i100,28,1477632,0.13,-1.0
fsc000-i100-s28,fsc000-i100,28,1508352,0.18,-1.0
fsc000-i100-s28,fsc000-i100,28,1539072,0.18,-1.0
fsc000-i100-s28,fsc000-i100,28,1569792,0.18,-1.0
fsc000-i100-s28,fsc000-i100,28,1600512,0.1,-1.0
fsc000-i100-s28,fsc000-i100,28,1631232,0.13,-1.0
fsc000-i100-s28,fsc000-i100,28,1661952,0.23,-1.0
fsc000-i100-s28,fsc000-i100,28,1692672,0.12,-1.0
fsc000-i100-s28,fsc000-i100,28,1723392,0.19,-1.0
fsc000-i100-s28,fsc000-i100,28,1754112,0.16,-1.0
fsc000-i100-s28,fsc000-i100,28,1784832,0.15,-1.0
fsc000-i100-s28,fsc000-i100,28,1815552,0.24,-1.0
fsc000-i100-s28,fsc000-i100,28,1846272,0.14,-1.0
fsc000-i100-s28,fsc000-i100,28,1876992,0.18,-1.0
fsc000-i100-s28,fsc000-i100,28,1907712,0.23,-1.0
fsc000-i100-s28,fsc000-i100,28,1938432,0.25,-1.0
fsc000-i100-s28,fsc000-i100,28,1969152,0.18,-1.0
fsc000-i100-s28,fsc000-i100,28,1999872,0.18,-1.0
fsc000-i100-s28,fsc000-i100,28,2030592,0.22,-1.0
fsc000-i100-s28,fsc000-i100,28,2061312,0.19,-1.0
fsc000-i100-s28,fsc000-i100,28,2092032,0.19,-1.0
fsc000-i100-s28,fsc000-i100,28,2122752,0.26,-1.0
fsc000-i100-s28,fsc000-i100,28,2153472,0.24,-1.0
fsc000-i100-s28,fsc000-i100,28,2184192,0.21,-1.0
fsc000-i100-s28,fsc000-i100,28,2214912,0.2,-1.0
fsc000-i100-s28,fsc000-i100,28,2245632,0.2,-1.0
fsc000-i100-s28,fsc000-i100,28,2276352,0.25,-1.0
fsc000-i100-s28,fsc000-i100,28,2307072,0.18,-1.0
fsc000-i100-s28,fsc000-i100,28,2337792,0.25,-1.0
fsc000-i100-s28,fsc000-i100,28,2368512,0.26,-1.0
fsc000-i100-s28,fsc000-i100,28,2399232,0.29,-1.0
fsc000-i100-s28,fsc000-i100,28,2429952,0.24,-1.0
fsc000-i100-s28,fsc000-i100,28,2460672,0.32,-1.0
fsc000-i100-s28,fsc000-i100,28,2491392,0.19,-1.0
fsc000-i100-s28,fsc000-i100,28,2522112,0.22,-1.0
fsc000-i100-s28,fsc000-i100,28,2552832,0.29,-1.0
fsc000-i100-s28,fsc000-i100,28,2583552,0.22,-1.0
fsc000-i100-s28,fsc000-i100,28,2614272,0.35,-1.0
fsc000-i100-s28,fsc000-i100,28,2644992,0.27,-1.0
fsc000-i100-s28,fsc000-i100,28,2675712,0.22,-1.0
fsc000-i100-s28,fsc000-i100,28,2706432,0.28,-1.0
fsc000-i100-s28,fsc000-i100,28,2737152,0.23,-1.0
fsc000-i100-s28,fsc000-i100,28,2767872,0.29,-1.0
fsc000-i100-s28,fsc000-i100,28,2798592,0.26,-1.0
fsc000-i100-s28,fsc000-i100,28,2829312,0.42,-1.0
fsc000-i100-s28,fsc000-i100,28,2860032,0.3,-1.0
fsc000-i100-s28,fsc000-i100,28,2890752,0.32,-1.0
fsc000-i100-s28,fsc000-i100,28,2921472,0.32,-1.0
fsc000-i100-s28,fsc000-i100,28,2952192,0.32,-1.0
fsc000-i100-s28,fsc000-i100,28,2982912,0.36,-1.0
fsc000-i100-s28,fsc000-i100,28,3013632,0.38,-1.0
fsc000-i100-s28,fsc000-i100,28,3044352,0.38,-1.0
fsc000-i100-s28,fsc000-i100,28,3075072,0.4,-1.0
fsc000-i100-s28,fsc000-i100,28,3105792,0.36,-1.0
fsc000-i100-s28,fsc000-i100,28,3136512,0.35,-1.0
fsc000-i100-s28,fsc000-i100,28,3167232,0.39,-1.0
fsc000-i100-s28,fsc000-i100,28,3197952,0.36,-1.0
fsc000-i100-s28,fsc000-i100,28,3228672,0.43,-1.0
fsc000-i100-s28,fsc000-i100,28,3259392,0.41,-1.0
fsc000-i100-s28,fsc000-i100,28,3290112,0.42,-1.0
fsc000-i100-s28,fsc000-i100,28,3320832,0.46,-1.0
fsc000-i100-s28,fsc000-i100,28,3351552,0.41,-1.0
fsc000-i100-s28,fsc000-i100,28,3382272,0.44,-1.0
fsc000-i100-s28,fsc000-i100,28,3412992,0.46,-1.0
fsc000-i100-s28,fsc000-i100,28,3443712,0.46,-1.0
fsc000-i100-s28,fsc000-i100,28,3474432,0.39,-1.0
fsc000-i100-s28,fsc000-i100,28,3505152,0.42,-1.0
fsc000-i100-s28,fsc000-i100,28,3535872,0.51,-1.0
fsc000-i100-s28,fsc000-i100,28,3566592,0.41,-1.0
fsc000-i100-s28,fsc000-i100,28,3597312,0.33,-1.0
fsc000-i100-s28,fsc000-i100,28,3628032,0.5,-1.0
fsc000-i100-s28,fsc000-i100,28,3658752,0.51,-1.0
fsc000-i100-s28,fsc000-i100,28,3689472,0.48,-1.0
fsc000-i100-s28,fsc000-i100,28,3720192,0.54,-1.0
fsc000-i100-s28,fsc000-i100,28,3750912,0.57,-1.0
fsc000-i100-s28,fsc000-i100,28,3781632,0.5,-1.0
fsc000-i100-s28,fsc000-i100,28,3812352,0.52,-1.0
fsc000-i100-s28,fsc000-i100,28,3843072,0.55,-1.0
fsc000-i100-s28,fsc000-i100,28,3873792,0.47,-0.987
fsc000-i100-s28,fsc000-i100,28,3904512,0.52,-0.987
fsc000-i100-s28,fsc000-i100,28,3935232,0.42,-0.987
fsc000-i100-s28,fsc000-i100,28,3965952,0.48,-0.987
fsc000-i100-s28,fsc000-i100,28,3996672,0.57,-0.987
fsc000-i100-s28,fsc000-i100,28,4027392,0.63,-0.987
fsc000-i100-s28,fsc000-i100,28,4058112,0.57,-0.963
fsc000-i100-s28,fsc000-i100,28,4088832,0.53,-0.963
fsc000-i100-s28,fsc000-i100,28,4119552,0.53,-0.948
fsc000-i100-s28,fsc000-i100,28,4150272,0.57,-0.948
fsc000-i100-s28,fsc000-i100,28,4180992,0.49,-0.921
fsc000-i100-s28,fsc000-i100,28,4211712,0.58,-0.91
fsc000-i100-s28,fsc000-i100,28,4242432,0.47,-0.869
fsc000-i100-s28,fsc000-i100,28,4273152,0.56,-0.857
fsc000-i100-s28,fsc000-i100,28,4303872,0.53,-0.829
fsc000-i100-s28,fsc000-i100,28,4334592,0.48,-0.805
fsc000-i100-s28,fsc000-i100,28,4365312,0.56,-0.794
fsc000-i100-s28,fsc000-i100,28,4396032,0.54,-0.771
fsc000-i100-s28,fsc000-i100,28,4426752,0.51,-0.758
fsc000-i100-s28,fsc000-i100,28,4457472,0.48,-0.712
fsc000-i100-s28,fsc000-i100,28,4488192,0.48,-0.699
fsc000-i100-s28,fsc000-i100,28,4518912,0.5,-0.699
fsc000-i100-s28,fsc000-i100,28,4549632,0.53,-0.699
fsc000-i100-s28,fsc000-i100,28,4580352,0.61,-0.686
fsc000-i100-s28,fsc000-i100,28,4611072,0.58,-0.675
fsc000-i100-s28,fsc000-i100,28,4641792,0.52,-0.663
fsc000-i100-s28,fsc000-i100,28,4672512,0.54,-0.638
fsc000-i100-s28,fsc000-i100,28,4703232,0.61,-0.638
fsc000-i100-s28,fsc000-i100,28,4733952,0.52,-0.579
fsc000-i100-s28,fsc000-i100,28,4764672,0.53,-0.579
fsc000-i100-s28,fsc000-i100,28,4795392,0.5,-0.565
fsc000-i100-s28,fsc000-i100,28,4826112,0.54,-0.541
fsc000-i100-s28,fsc000-i100,28,4856832,0.54,-0.528
fsc000-i100-s28,fsc000-i100,28,4887552,0.61,-0.515
fsc000-i100-s28,fsc000-i100,28,4918272,0.57,-0.489
fsc000-i100-s28,fsc000-i100,28,4948992,0.52,-0.478
fsc000-i100-s28,fsc000-i100,28,4979712,0.62,-0.439
fsc000-i100-s28,fsc000-i100,28,5010432,0.55,-0.427
fsc000-i100-s28,fsc000-i100,28,5041152,0.55,-0.427
fsc000-i100-s28,fsc000-i100,28,5071872,0.52,-0.383
fsc000-i100-s28,fsc000-i100,28,5102592,0.56,-0.383
fsc000-i100-s28,fsc000-i100,28,5133312,0.56,-0.383
fsc000-i100-s28,fsc000-i100,28,5164032,0.56,-0.359
fsc000-i100-s28,fsc000-i100,28,5194752,0.66,-0.329
fsc000-i100-s28,fsc000-i100,28,5225472,0.63,-0.302
fsc000-i100-s28,fsc000-i100,28,5256192,0.46,-0.277
fsc000-i100-s28,fsc000-i100,28,5286912,0.47,-0.248
fsc000-i100-s28,fsc000-i100,28,5317632,0.62,-0.223
fsc000-i100-s28,fsc000-i100,28,5348352,0.6,-0.2
fsc000-i100-s28,fsc000-i100,28,5379072,0.54,-0.2
fsc000-i100-s28,fsc000-i100,28,5409792,0.51,-0.162
fsc000-i100-s28,fsc000-i100,28,5440512,0.54,-0.147
fsc000-i100-s28,fsc000-i100,28,5471232,0.54,-0.11
fsc000-i100-s28,fsc000-i100,28,5501952,0.56,-0.071
fsc000-i100-s28,fsc000-i100,28,5532672,0.61,-0.037
fsc000-i100-s28,fsc000-i100,28,5563392,0.62,-0.012
fsc000-i100-s28,fsc000-i100,28,5594112,0.5,0.0
fsc000-i100-s28,fsc000-i100,28,5624832,0.59,0.0
fsc000-i100-s28,fsc000-i100,28,5655552,0.58,0.0
fsc000-i100-s28,fsc000-i100,28,5686272,0.54,0.0
fsc000-i100-s28,fsc000-i100,28,5716992,0.49,0.0
fsc000-i100-s28,fsc000-i100,28,5747712,0.58,0.0
fsc000-i100-s28,fsc000-i100,28,5778432,0.57,0.0
fsc000-i100-s28,fsc000-i100,28,5809152,0.55,0.0
fsc000-i100-s28,fsc000-i100,28,5839872,0.53,0.0
fsc000-i100-s28,fsc000-i100,28,5870592,0.62,0.0
fsc000-i100-s28,fsc000-i100,28,5901312,0.6,0.0
fsc000-i100-s28,fsc000-i100,28,5932032,0.67,0.0
fsc000-i100-s28,fsc000-i100,28,5962752,0.61,0.0
fsc000-i100-s28,fsc000-i100,28,5993472,0.53,0.0
fsc000-i100-s28,fsc000-i100,28,6024192,0.6,0.0
fsc000-i100-s28,fsc000-i100,28,6054912,0.64,0.0
fsc000-i100-s28,fsc000-i100,28,6085632,0.67,0.0
fsc000-i100-s28,fsc000-i100,28,6116352,0.6,0.0
fsc000-i100-s28,fsc000-i100,28,6147072,0.64,0.0
fsc000-i100-s28,fsc000-i100,28,6177792,0.57,0.0
fsc000-i100-s28,fsc000-i100,28,6208512,0.65,0.0
fsc000-i100-s28,fsc000-i100,28,6239232,0.67,0.0
fsc000-i100-s28,fsc000-i100,28,6269952,0.66,0.0
fsc000-i100-s28,fsc000-i100,28,6300672,0.63,0.0
fsc000-i100-s28,fsc000-i100,28,6331392,0.57,0.0
fsc000-i100-s28,fsc000-i100,28,6362112,0.68,0.0
fsc000-i100-s28,fsc000-i100,28,6392832,0.57,0.0
fsc000-i100-s28,fsc000-i100,28,6423552,0.57,0.0
fsc000-i100-s28,fsc000-i100,28,6454272,0.62,0.0
fsc000-i100-s28,fsc000-i100,28,6484992,0.67,0.0
fsc000-i100-s28,fsc000-i100,28,6515712,0.69,0.0
fsc000-i100-s28,fsc000-i100,28,6546432,0.59,0.0
fsc000-i100-s28,fsc000-i100,28,6577152,0.63,0.0
fsc000-i100-s28,fsc000-i100,28,6607872,0.69,0.0
fsc000-i100-s28,fsc000-i100,28,6638592,0.66,0.0
fsc000-i100-s28,fsc000-i100,28,6669312,0.67,0.0
fsc000-i100-s28,fsc000-i100,28,6700032,0.62,0.0
fsc000-i100-s28,fsc000-i100,28,6730752,0.66,0.0
fsc000-i100-s28,fsc000-i100,28,6761472,0.7,0.0
fsc000-i100-s28,fsc000-i100,28,6792192,0.67,0.0
fsc000-i100-s28,fsc000-i100,28,6822912,0.57,0.0
fsc000-i100-s28,fsc000-i100,28,6853632,0.66,0.0
fsc000-i100-s28,fsc000-i100,28,6884352,0.58,0.0
fsc000-i100-s28,fsc000-i100,28,6915072,0.74,0.0
fsc000-i100-s28,fsc000-i100,28,6945792,0.75,0.0
fsc000-i100-s28,fsc000-i100,28,6976512,0.69,0.0
fsc000-i100-s28,fsc000-i100,28,7007232,0.7,0.0
fsc000-i100-s28,fsc000-i100,28,7037952,0.65,0.0
fsc000-i100-s28,fsc000-i100,28,7068672,0.67,0.0
fsc000-i100-s28,fsc000-i100,28,7099392,0.7,0.0
fsc000-i100-s28,fsc000-i100,28,7130112,0.69,0.0
fsc000-i100-s28,fsc000-i100,28,7160832,0.71,0.0
fsc000-i100-s28,fsc000-i100,28,7191552,0.69,0.0
fsc000-i100-s28,fsc000-i100,28,7222272,0.69,0.0
fsc000-i100-s28,fsc000-i100,28,7252992,0.77,0.0
fsc000-i100-s28,fsc000-i100,28,7283712,0.62,0.0
fsc000-i100-s28,fsc000-i100,28,7314432,0.66,0.0
fsc000-i100-s28,fsc000-i100,28,7345152,0.62,0.0
fsc000-i100-s28,fsc000-i100,28,7375872,0.68,0.0
fsc000-i100-s28,fsc000-i100,28,7406592,0.71,0.0
fsc000-i100-s28,fsc000-i100,28,7437312,0.66,0.0
fsc000-i100-s28,fsc000-i100,28,7468032,0.66,0.0
fsc000-i100-s28,fsc000-i100,28,7498752,0.71,0.0
fsc000-i100-s28,fsc000-i100,28,7529472,0.74,0.0
fsc000-i100-s28,fsc000-i100,28,7560192,0.73,0.0
fsc000-i100-s28,fsc000-i100,28,7590912,0.76,0.0
fsc000-i100-s28,fsc000-i100,28,7621632,0.77,0.0
fsc000-i100-s28,fsc000-i100,28,7652352,0.69,0.0
fsc000-i100-s28,fsc000-i100,28,7683072,0.7,0.0
fsc000-i100-s28,fsc000-i100,28,7713792,0.75,0.0
fsc000-i100-s28,fsc000-i100,28,7744512,0.68,0.0
fsc000-i100-s28,fsc000-i100,28,7775232,0.7,0.0
fsc000-i100-s28,fsc000-i100,28,7805952,0.66,0.0
fsc000-i100-s28,fsc000-i100,28,7836672,0.67,0.0
fsc000-i100-s28,fsc000-i100,28,7867392,0.69,0.0
fsc000-i100-s28,fsc000-i100,28,7898112,0.85,0.0
fsc000-i100-s28,fsc000-i100,28,7928832,0.68,0.0
fsc000-i100-s28,fsc000-i100,28,7959552,0.75,0.0
fsc000-i100-s28,fsc000-i100,28,7990272,0.75,0.0
fsc000-i100-s28,fsc000-i100,28,8020992,0.7,0.0
fsc000-i100-s28,fsc000-i100,28,8051712,0.73,0.0
fsc000-i100-s28,fsc000-i100,28,8082432,0.77,0.0
fsc000-i100-s28,fsc000-i100,28,8113152,0.72,0.0
fsc000-i100-s28,fsc000-i100,28,8143872,0.75,0.0
fsc000-i100-s28,fsc000-i100,28,8174592,0.8,0.0
fsc000-i100-s28,fsc000-i100,28,8205312,0.74,0.0
fsc000-i100-s28,fsc000-i100,28,8236032,0.67,0.0
fsc000-i100-s28,fsc000-i100,28,8266752,0.71,0.0
fsc000-i100-s28,fsc000-i100,28,8297472,0.73,0.0
fsc000-i100-s28,fsc000-i100,28,8328192,0.63,0.0
fsc000-i100-s28,fsc000-i100,28,8358912,0.74,0.0
fsc000-i100-s28,fsc000-i100,28,8389632,0.73,0.0
fsc000-i100-s28,fsc000-i100,28,8420352,0.77,0.0
fsc000-i100-s28,fsc000-i100,28,8451072,0.67,0.0
fsc000-i100-s28,fsc000-i100,28,8481792,0.82,0.0
fsc000-i100-s28,fsc000-i100,28,8512512,0.65,0.0
fsc000-i100-s28,fsc000-i100,28,8543232,0.74,0.0
fsc000-i100-s28,fsc000-i100,28,8573952,0.68,0.0
fsc000-i100-s28,fsc000-i100,28,8604672,0.75,0.0
fsc000-i100-s28,fsc000-i100,28,8635392,0.76,0.0
fsc000-i100-s28,fsc000-i100,28,8666112,0.78,0.0
fsc000-i100-s28,fsc000-i100,28,8696832,0.8,0.0
fsc000-i100-s28,fsc000-i100,28,8727552,0.84,0.0
fsc000-i100-s28,fsc000-i100,28,8758272,0.7,0.0
fsc000-i100-s28,fsc000-i100,28,8788992,0.7,0.0
fsc000-i100-s28,fsc000-i100,28,8819712,0.73,0.0
fsc000-i100-s28,fsc000-i100,28,8850432,0.76,0.0
fsc000-i100-s28,fsc000-i100,28,8881152,0.74,0.0
fsc000-i100-s28,fsc000-i100,28,8911872,0.85,0.0
fsc000-i100-s28,fsc000-i100,28,8942592,0.8,0.0
fsc000-i100-s28,fsc000-i100,28,8973312,0.76,0.0
fsc000-i100-s28,fsc000-i100,28,9004032,0.8,0.0
fsc000-i100-s28,fsc000-i100,28,9034752,0.74,0.0
fsc000-i100-s28,fsc000-i100,28,9065472,0.78,0.0
fsc000-i100-s28,fsc000-i100,28,9096192,0.84,0.0
fsc000-i100-s28,fsc000-i100,28,9126912,0.81,0.0
fsc000-i100-s28,fsc000-i100,28,9157632,0.71,0.0
fsc000-i100-s28,fsc000-i100,28,9188352,0.75,0.0
fsc000-i100-s28,fsc000-i100,28,9219072,0.78,0.0
fsc000-i100-s28,fsc000-i100,28,9249792,0.75,0.0
fsc000-i100-s28,fsc000-i100,28,9280512,0.77,0.0
fsc000-i100-s28,fsc000-i100,28,9311232,0.73,0.0
fsc000-i100-s28,fsc000-i100,28,9341952,0.83,0.0
fsc000-i100-s28,fsc000-i100,28,9372672,0.81,0.0
fsc000-i100-s28,fsc000-i100,28,9403392,0.71,0.0
fsc000-i100-s28,fsc000-i100,28,9434112,0.78,0.0
fsc000-i100-s28,fsc000-i100,28,9464832,0.82,0.0
fsc000-i100-s28,fsc000-i100,28,9495552,0.73,0.0
fsc000-i100-s28,fsc000-i100,28,9526272,0.76,0.0
fsc000-i100-s28,fsc000-i100,28,9556992,0.76,0.0
fsc000-i100-s28,fsc000-i100,28,9587712,0.8,0.0
fsc000-i100-s28,fsc000-i100,28,9618432,0.87,0.0
fsc000-i100-s28,fsc000-i100,28,9649152,0.77,0.0
fsc000-i100-s28,fsc000-i100,28,9679872,0.85,0.0
fsc000-i100-s28,fsc000-i100,28,9710592,0.72,0.0
fsc000-i100-s28,fsc000-i100,28,9741312,0.74,0.0
fsc000-i100-s28,fsc000-i100,28,9772032,0.8,0.0
fsc000-i100-s28,fsc000-i100,28,9802752,0.83,0.0
fsc000-i100-s28,fsc000-i100,28,9833472,0.76,0.0
fsc000-i100-s28,fsc000-i100,28,9864192,0.84,0.0
fsc000-i100-s28,fsc000-i100,28,9894912,0.81,0.0
fsc000-i100-s28,fsc000-i100,28,9925632,0.79,0.0
fsc000-i100-s28,fsc000-i100,28,9956352,0.75,0.0
fsc000-i100-s28,fsc000-i100,28,9987072,0.8,0.0
fsc000-i100-s28,fsc000-i100,28,10017792,0.82,0.0
fsc000-i100-s28,fsc000-i100,28,10048512,0.81,0.0
fsc000-i100-s28,fsc000-i100,28,10079232,0.82,0.0
fsc000-i100-s28,fsc000-i100,28,10109952,0.76,0.0
fsc000-i100-s28,fsc000-i100,28,10140672,0.87,0.0
fsc000-i100-s28,fsc000-i100,28,10171392,0.85,0.0
fsc000-i100-s28,fsc000-i100,28,10202112,0.85,0.0
fsc000-i100-s28,fsc000-i100,28,10232832,0.85,0.0
fsc000-i100-s28,fsc000-i100,28,10263552,0.79,0.0
fsc000-i100-s28,fsc000-i100,28,10294272,0.79,0.0
fsc000-i100-s28,fsc000-i100,28,10324992,0.89,0.0
fsc000-i100-s28,fsc000-i100,28,10355712,0.73,0.0
fsc000-i100-s28,fsc000-i100,28,10386432,0.85,0.0
fsc000-i100-s28,fsc000-i100,28,10417152,0.83,0.0
fsc000-i100-s28,fsc000-i100,28,10447872,0.76,0.0
fsc000-i100-s28,fsc000-i100,28,10478592,0.82,0.0
fsc000-i100-s28,fsc000-i100,28,10509312,0.82,0.0
fsc000-i100-s28,fsc000-i100,28,10540032,0.82,0.0
fsc000-i100-s28,fsc000-i100,28,10570752,0.79,0.0
fsc000-i100-s28,fsc000-i100,28,10601472,0.86,0.0
fsc000-i100-s28,fsc000-i100,28,10632192,0.9,0.0
fsc000-i100-s28,fsc000-i100,28,10662912,0.83,0.0
fsc000-i100-s28,fsc000-i100,28,10693632,0.75,0.0
fsc000-i100-s28,fsc000-i100,28,10724352,0.81,0.0
fsc000-i100-s28,fsc000-i100,28,10755072,0.84,0.0
fsc000-i100-s28,fsc000-i100,28,10785792,0.87,0.0
fsc000-i100-s28,fsc000-i100,28,10816512,0.79,0.0
fsc000-i100-s28,fsc000-i100,28,10847232,0.89,0.0
fsc000-i100-s28,fsc000-i100,28,10877952,0.81,0.0
fsc000-i100-s28,fsc000-i100,28,10908672,0.83,0.0
fsc000-i100-s28,fsc000-i100,28,10939392,0.81,0.0
fsc000-i100-s28,fsc000-i100,28,10970112,0.8,0.0
fsc000-i100-s28,fsc000-i100,28,11000832,0.79,0.0
fsc000-i100-s28,fsc000-i100,28,11031552,0.84,0.0
fsc000-i100-s28,fsc000-i100,28,11062272,0.83,0.0
fsc000-i100-s28,fsc000-i100,28,11092992,0.86,0.0
fsc000-i100-s28,fsc000-i100,28,11123712,0.84,0.0
fsc000-i100-s28,fsc000-i100,28,11154432,0.81,0.0
fsc000-i100-s28,fsc000-i100,28,11185152,0.79,0.0
fsc000-i100-s28,fsc000-i100,28,11215872,0.87,0.0
fsc000-i100-s28,fsc000-i100,28,11246592,0.86,0.0
fsc000-i100-s28,fsc000-i100,28,11277312,0.81,0.0
fsc000-i100-s28,fsc000-i100,28,11308032,0.85,0.0
fsc000-i100-s28,fsc000-i100,28,11338752,0.83,0.0
fsc000-i100-s28,fsc000-i100,28,11369472,0.83,0.0
fsc000-i100-s28,fsc000-i100,28,11400192,0.78,0.0
fsc000-i100-s28,fsc000-i100,28,11430912,0.81,0.0
fsc000-i100-s28,fsc000-i100,28,11461632,0.78,0.0
fsc000-i100-s28,fsc000-i100,28,11492352,0.81,0.0
fsc000-i100-s28,fsc000-i100,28,11523072,0.84,0.0
fsc000-i100-s28,fsc000-i100,28,11553792,0.84,0.0
fsc000-i100-s28,fsc000-i100,28,11584512,0.84,0.0
fsc000-i100-s28,fsc000-i100,28,11615232,0.82,0.0
fsc000-i100-s28,fsc000-i100,28,11645952,0.85,0.0
fsc000-i100-s28,fsc000-i100,28,11676672,0.83,0.0
fsc000-i100-s28,fsc000-i100,28,11707392,0.79,0.0
fsc000-i100-s28,fsc000-i100,28,11738112,0.84,0.0
fsc000-i100-s28,fsc000-i100,28,11768832,0.82,0.0
fsc000-i100-s28,fsc000-i100,28,11799552,0.84,0.0
fsc000-i100-s28,fsc000-i100,28,11830272,0.86,0.0
fsc000-i100-s28,fsc000-i100,28,11860992,0.81,0.0
fsc000-i100-s28,fsc000-i100,28,11891712,0.84,0.0
fsc000-i100-s28,fsc000-i100,28,11922432,0.88,0.0
fsc000-i100-s28,fsc000-i100,28,11953152,0.81,0.0
fsc000-i100-s28,fsc000-i100,28,11983872,0.85,0.0
fsc000-i100-s28,fsc000-i100,28,12014592,0.87,0.0
fsc000-i100-s28,fsc000-i100,28,12045312,0.77,0.0
fsc000-i100-s28,fsc000-i100,28,12076032,0.84,0.0
fsc000-i100-s28,fsc000-i100,28,12106752,0.85,0.0
fsc000-i100-s28,fsc000-i100,28,12137472,0.74,0.0
fsc000-i100-s28,fsc000-i100,28,12168192,0.82,0.0
fsc000-i100-s28,fsc000-i100,28,12198912,0.85,0.0
fsc000-i100-s28,fsc000-i100,28,12229632,0.85,0.0
fsc000-i100-s28,fsc000-i100,28,12260352,0.9,0.0
fsc000-i100-s28,fsc000-i100,28,12291072,0.83,0.0
fsc000-i100-s28,fsc000-i100,28,12321792,0.8,0.0
fsc000-i100-s28,fsc000-i100,28,12352512,0.84,0.0
fsc000-i100-s28,fsc000-i100,28,12383232,0.82,0.0
fsc000-i100-s28,fsc000-i100,28,12413952,0.8,0.0
fsc000-i100-s28,fsc000-i100,28,12444672,0.83,0.0
fsc000-i100-s28,fsc000-i100,28,12475392,0.83,0.0
fsc000-i100-s28,fsc000-i100,28,12506112,0.88,0.0
fsc000-i100-s28,fsc000-i100,28,12536832,0.9,0.0
fsc000-i100-s28,fsc000-i100,28,12567552,0.83,0.0
fsc000-i100-s28,fsc000-i100,28,12598272,0.89,0.0
fsc000-i100-s28,fsc000-i100,28,12628992,0.86,0.0
fsc000-i100-s28,fsc000-i100,28,12659712,0.85,0.0
fsc000-i100-s28,fsc000-i100,28,12690432,0.89,0.0
fsc000-i100-s28,fsc000-i100,28,12721152,0.84,0.0
fsc000-i100-s28,fsc000-i100,28,12751872,0.84,0.0
fsc000-i100-s28,fsc000-i100,28,12782592,0.89,0.0
fsc000-i100-s28,fsc000-i100,28,12813312,0.85,0.0
fsc000-i100-s28,fsc000-i100,28,12844032,0.85,0.0
fsc000-i100-s28,fsc000-i100,28,12874752,0.83,0.0
fsc000-i100-s28,fsc000-i100,28,12905472,0.87,0.0
fsc000-i100-s28,fsc000-i100,28,12936192,0.85,0.0
fsc000-i100-s28,fsc000-i100,28,12966912,0.84,0.0
fsc000-i100-s28,fsc000-i100,28,12997632,0.88,0.0
fsc000-i100-s28,fsc000-i100,28,13028352,0.87,0.0
fsc000-i100-s28,fsc000-i100,28,13059072,0.8,0.0
fsc000-i100-s28,fsc000-i100,28,13089792,0.84,0.0
fsc000-i100-s28,fsc000-i100,28,13120512,0.88,0.0
fsc000-i100-s28,fsc000-i100,28,13151232,0.85,0.0
fsc000-i100-s28,fsc000-i100,28,13181952,0.87,0.0
fsc000-i100-s28,fsc000-i100,28,13212672,0.91,0.0
fsc000-i100-s28,fsc000-i100,28,13243392,0.84,0.0
fsc000-i100-s28,fsc000-i100,28,13274112,0.9,0.0
fsc000-i100-s28,fsc000-i100,28,13304832,0.87,0.0
fsc000-i100-s28,fsc000-i100,28,13335552,0.88,0.0
fsc000-i100-s28,fsc000-i100,28,13366272,0.8,0.0
fsc000-i100-s28,fsc000-i100,28,13396992,0.87,0.0
fsc000-i100-s28,fsc000-i100,28,13427712,0.87,0.0
fsc000-i100-s28,fsc000-i100,28,13458432,0.85,0.0
fsc000-i100-s28,fsc000-i100,28,13489152,0.92,0.0
fsc000-i100-s28,fsc000-i100,28,13519872,0.91,0.0
fsc000-i100-s28,fsc000-i100,28,13550592,0.86,0.0
fsc000-i100-s28,fsc000-i100,28,13581312,0.89,0.0
fsc000-i100-s28,fsc000-i100,28,13612032,0.9,0.0
fsc000-i100-s28,fsc000-i100,28,13642752,0.87,0.0
fsc000-i100-s28,fsc000-i100,28,13673472,0.86,0.0
fsc000-i100-s28,fsc000-i100,28,13704192,0.81,0.0
fsc000-i100-s28,fsc000-i100,28,13734912,0.87,0.0
fsc000-i100-s28,fsc000-i100,28,13765632,0.9,0.0
fsc000-i100-s28,fsc000-i100,28,13796352,0.88,0.0
fsc000-i100-s28,fsc000-i100,28,13827072,0.86,0.0
fsc000-i100-s28,fsc000-i100,28,13857792,0.89,0.0
fsc000-i100-s28,fsc000-i100,28,13888512,0.89,0.0
fsc000-i100-s28,fsc000-i100,28,13919232,0.89,0.0
fsc000-i100-s28,fsc000-i100,28,13949952,0.95,0.0
fsc000-i100-s28,fsc000-i100,28,13980672,0.95,0.0
fsc000-i100-s28,fsc000-i100,28,14011392,0.86,0.0
fsc000-i100-s28,fsc000-i100,28,14042112,0.86,0.0
fsc000-i100-s28,fsc000-i100,28,14072832,0.91,0.0
fsc000-i100-s28,fsc000-i100,28,14103552,0.89,0.0
fsc000-i100-s28,fsc000-i100,28,14134272,0.89,0.0
fsc000-i100-s28,fsc000-i100,28,14164992,0.91,0.0
fsc000-i100-s28,fsc000-i100,28,14195712,0.91,0.0
fsc000-i100-s28,fsc000-i100,28,14226432,0.88,0.0
fsc000-i100-s28,fsc000-i100,28,14257152,0.88,0.0
fsc000-i100-s28,fsc000-i100,28,14287872,0.92,0.0
fsc000-i100-s28,fsc000-i100,28,14318592,0.94,0.0
fsc000-i100-s28,fsc000-i100,28,14349312,0.9,0.0
fsc000-i100-s28,fsc000-i100,28,14380032,0.88,0.0
fsc000-i100-s28,fsc000-i100,28,14410752,0.9,0.0
fsc000-i100-s28,fsc000-i100,28,14441472,0.95,0.0
fsc000-i100-s28,fsc000-i100,28,14472192,0.91,0.0
fsc000-i100-s28,fsc000-i100,28,14502912,0.86,0.0
fsc000-i100-s28,fsc000-i100,28,14533632,0.88,0.0
fsc000-i100-s28,fsc000-i100,28,14564352,0.96,0.0
fsc000-i100-s28,fsc000-i100,28,14595072,0.95,0.0
fsc000-i100-s28,fsc000-i100,28,14625792,0.88,0.0
fsc000-i100-s28,fsc000-i100,28,14656512,0.89,0.0
fsc000-i100-s28,fsc000-i100,28,14687232,0.94,0.0
fsc000-i100-s28,fsc000-i100,28,14717952,0.88,0.0
fsc000-i100-s28,fsc000-i100,28,14748672,0.94,0.0
fsc000-i100-s28,fsc000-i100,28,14779392,0.91,0.0
fsc000-i100-s28,fsc000-i100,28,14810112,0.9,0.0
fsc000-i100-s28,fsc000-i100,28,14840832,0.9,0.0
fsc000-i100-s28,fsc000-i100,28,14871552,0.93,0.0
fsc000-i100-s28,fsc000-i100,28,14902272,0.88,0.0
fsc000-i100-s28,fsc000-i100,28,14932992,0.93,0.0
fsc000-i100-s28,fsc000-i100,28,14963712,0.96,0.0
fsc000-i100-s28,fsc000-i100,28,14994432,0.94,0.0
fsc000-i100-s28,fsc000-i100,28,14997504,0.94,0.0
fsc000-i100-s29,fsc000-i100,29,3072,0.01,-1.0
fsc000-i100-s29,fsc000-i100,29,33792,0.02,-1.0
fsc000-i100-s29,fsc000-i100,29,64512,0.01,-1.0
fsc000-i100-s29,fsc000-i100,29,95232,0.01,-1.0
fsc000-i100-s29,fsc000-i100,29,125952,0.01,-1.0
fsc000-i100-s29,fsc000-i100,29,156672,0.02,-1.0
fsc000-i100-s29,fsc000-i100,29,187392,0.01,-1.0
fsc000-i100-s29,fsc000-i100,29,218112,0.02,-1.0
fsc000-i100-s29,fsc000-i100,29,248832,0.08,-1.0
fsc000-i100-s29,fsc000-i100,29,279552,0.04,-1.0
fsc000-i100-s29,fsc000-i100,29,310272,0.04,-1.0
fsc000-i100-s29,fsc000-i100,29,340992,0.02,-1.0
fsc000-i100-s29,fsc000-i100,29,371712,0.04,-1.0
fsc000-i100-s29,fsc000-i100,29,402432,0.03,-1.0
fsc000-i100-s29,fsc000-i100,29,433152,0.11,-1.0
fsc000-i100-s29,fsc000-i100,29,463872,0.06,-1.0
fsc000-i100-s29,fsc000-i100,29,494592,0.04,-1.0
fsc000-i100-s29,fsc000-i100,29,525312,0.06,-1.0
fsc000-i100-s29,fsc000-i100,29,556032,0.06,-1.0
fsc000-i100-s29,fsc000-i100,29,586752,0.09,-1.0
fsc000-i100-s29,fsc000-i100,29,617472,0.08,-1.0
fsc000-i100-s29,fsc000-i100,29,648192,0.09,-1.0
fsc000-i100-s29,fsc000-i100,29,678912,0.07,-1.0
fsc000-i100-s29,fsc000-i100,29,709632,0.09,-1.0
fsc000-i100-s29,fsc000-i100,29,740352,0.07,-1.0
fsc000-i100-s29,fsc000-i100,29,771072,0.13,-1.0
fsc000-i100-s29,fsc000-i100,29,801792,0.12,-1.0
fsc000-i100-s29,fsc000-i100,29,832512,0.07,-1.0
fsc000-i100-s29,fsc000-i100,29,863232,0.1,-1.0
fsc000-i100-s29,fsc000-i100,29,893952,0.09,-1.0
fsc000-i100-s29,fsc000-i100,29,924672,0.09,-1.0
fsc000-i100-s29,fsc000-i100,29,955392,0.1,-1.0
fsc000-i100-s29,fsc000-i100,29,986112,0.13,-1.0
fsc000-i100-s29,fsc000-i100,29,1016832,0.13,-1.0
fsc000-i100-s29,fsc000-i100,29,1047552,0.17,-1.0
fsc000-i100-s29,fsc000-i100,29,1078272,0.1,-1.0
fsc000-i100-s29,fsc000-i100,29,1108992,0.15,-1.0
fsc000-i100-s29,fsc000-i100,29,1139712,0.1,-1.0
fsc000-i100-s29,fsc000-i100,29,1170432,0.14,-1.0
fsc000-i100-s29,fsc000-i100,29,1201152,0.12,-1.0
fsc000-i100-s29,fsc000-i100,29,1231872,0.13,-1.0
fsc000-i100-s29,fsc000-i100,29,1262592,0.1,-1.0
fsc000-i100-s29,fsc000-i100,29,1293312,0.16,-1.0
fsc000-i100-s29,fsc000-i100,29,1324032,0.16,-1.0
fsc000-i100-s29,fsc000-i100,29,1354752,0.13,-1.0
fsc000-i100-s29,fsc000-i100,29,1385472,0.12,-1.0
fsc000-i100-s29,fsc000-i100,29,1416192,0.11,-1.0
fsc000-i100-s29,fsc000-i100,29,1446912,0.11,-1.0
fsc000-i100-s29,fsc000-i100,29,1477632,0.13,-1.0
fsc000-i100-s29,fsc000-i100,29,1508352,0.09,-1.0
fsc000-i100-s29,fsc000-i100,29,1539072,0.13,-1.0
fsc000-i100-s29,fsc000-i100,29,1569792,0.13,-1.0
fsc000-i100-s29,fsc000-i100,29,1600512,0.08,-1.0
fsc000-i100-s29,fsc000-i100,29,1631232,0.18,-1.0
fsc000-i100-s29,fsc000-i100,29,1661952,0.14,-1.0
fsc000-i100-s29,fsc000-i100,29,1692672,0.18,-1.0
fsc000-i100-s29,fsc000-i100,29,1723392,0.16,-1.0
fsc000-i100-s29,fsc000-i100,29,1754112,0.08,-1.0
fsc000-i100-s29,fsc000-i100,29,1784832,0.11,-1.0
fsc000-i100-s29,fsc000-i100,29,1815552,0.16,-1.0
fsc000-i100-s29,fsc000-i100,29,1846272,0.14,-1.0
fsc000-i100-s29,fsc000-i100,29,1876992,0.17,-1.0
fsc000-i100-s29,fsc000-i100,29,1907712,0.12,-1.0
fsc000-i100-s29,fsc000-i100,29,1938432,0.23,-1.0
fsc000-i100-s29,fsc000-i100,29,1969152,0.23,-1.0
fsc000-i100-s29,fsc000-i100,29,1999872,0.12,-1.0
fsc000-i100-s29,fsc000-i100,29,2030592,0.15,-1.0
fsc000-i100-s29,fsc000-i100,29,2061312,0.14,-1.0
fsc000-i100-s29,fsc000-i100,29,2092032,0.14,-1.0
fsc000-i100-s29,fsc000-i100,29,2122752,0.23,-1.0
fsc000-i100-s29,fsc000-i100,29,2153472,0.2,-1.0
fsc000-i100-s29,fsc000-i100,29,2184192,0.17,-1.0
fsc000-i100-s29,fsc000-i100,29,2214912,0.25,-1.0
fsc000-i100-s29,fsc000-i100,29,2245632,0.24,-1.0
fsc000-i100-s29,fsc000-i100,29,2276352,0.18,-1.0
fsc000-i100-s29,fsc000-i100,29,2307072,0.24,-1.0
fsc000-i100-s29,fsc000-i100,29,2337792,0.21,-1.0
fsc000-i100-s29,fsc000-i100,29,2368512,0.24,-1.0
fsc000-i100-s29,fsc000-i100,29,2399232,0.27,-1.0
fsc000-i100-s29,fsc000-i100,29,2429952,0.23,-1.0
fsc000-i100-s29,fsc000-i100,29,2460672,0.16,-1.0
fsc000-i100-s29,fsc000-i100,29,2491392,0.21,-1.0
fsc000-i100-s29,fsc000-i100,29,2522112,0.2,-1.0
fsc000-i100-s29,fsc000-i100,29,2552832,0.31,-1.0
fsc000-i100-s29,fsc000-i100,29,2583552,0.25,-1.0
fsc000-i100-s29,fsc000-i100,29,2614272,0.19,-1.0
fsc000-i100-s29,fsc000-i100,29,2644992,0.33,-1.0
fsc000-i100-s29,fsc000-i100,29,2675712,0.35,-1.0
fsc000-i100-s29,fsc000-i100,29,2706432,0.24,-1.0
fsc000-i100-s29,fsc000-i100,29,2737152,0.23,-1.0
fsc000-i100-s29,fsc000-i100,29,2767872,0.26,-1.0
fsc000-i100-s29,fsc000-i100,29,2798592,0.36,-1.0
fsc000-i100-s29,fsc000-i100,29,2829312,0.26,-1.0
fsc000-i100-s29,fsc000-i100,29,2860032,0.2,-1.0
fsc000-i100-s29,fsc000-i100,29,2890752,0.32,-1.0
fsc000-i100-s29,fsc000-i100,29,2921472,0.38,-1.0
fsc000-i100-s29,fsc000-i100,29,2952192,0.39,-1.0
fsc000-i100-s29,fsc000-i100,29,2982912,0.27,-1.0
fsc000-i100-s29,fsc000-i100,29,3013632,0.31,-1.0
fsc000-i100-s29,fsc000-i100,29,3044352,0.31,-1.0
fsc000-i100-s29,fsc000-i100,29,3075072,0.4,-1.0
fsc000-i100-s29,fsc000-i100,29,3105792,0.33,-1.0
fsc000-i100-s29,fsc000-i100,29,3136512,0.28,-1.0
fsc000-i100-s29,fsc000-i100,29,3167232,0.4,-1.0
fsc000-i100-s29,fsc000-i100,29,3197952,0.36,-1.0
fsc000-i100-s29,fsc000-i100,29,3228672,0.32,-1.0
fsc000-i100-s29,fsc000-i100,29,3259392,0.32,-1.0
fsc000-i100-s29,fsc000-i100,29,3290112,0.26,-1.0
fsc000-i100-s29,fsc000-i100,29,3320832,0.27,-1.0
fsc000-i100-s29,fsc000-i100,29,3351552,0.35,-1.0
fsc000-i100-s29,fsc000-i100,29,3382272,0.4,-1.0
fsc000-i100-s29,fsc000-i100,29,3412992,0.38,-1.0
fsc000-i100-s29,fsc000-i100,29,3443712,0.41,-1.0
fsc000-i100-s29,fsc000-i100,29,3474432,0.31,-1.0
fsc000-i100-s29,fsc000-i100,29,3505152,0.44,-1.0
fsc000-i100-s29,fsc000-i100,29,3535872,0.39,-1.0
fsc000-i100-s29,fsc000-i100,29,3566592,0.41,-1.0
fsc000-i100-s29,fsc000-i100,29,3597312,0.4,-1.0
fsc000-i100-s29,fsc000-i100,29,3628032,0.44,-1.0
fsc000-i100-s29,fsc000-i100,29,3658752,0.42,-1.0
fsc000-i100-s29,fsc000-i100,29,3689472,0.53,-1.0
fsc000-i100-s29,fsc000-i100,29,3720192,0.36,-1.0
fsc000-i100-s29,fsc000-i100,29,3750912,0.47,-1.0
fsc000-i100-s29,fsc000-i100,29,3781632,0.39,-1.0
fsc000-i100-s29,fsc000-i100,29,3812352,0.45,-1.0
fsc000-i100-s29,fsc000-i100,29,3843072,0.48,-1.0
fsc000-i100-s29,fsc000-i100,29,3873792,0.49,-1.0
fsc000-i100-s29,fsc000-i100,29,3904512,0.5,-1.0
fsc000-i100-s29,fsc000-i100,29,3935232,0.47,-0.997
fsc000-i100-s29,fsc000-i100,29,3965952,0.5,-0.997
fsc000-i100-s29,fsc000-i100,29,3996672,0.53,-0.997
fsc000-i100-s29,fsc000-i100,29,4027392,0.47,-0.997
fsc000-i100-s29,fsc000-i100,29,4058112,0.59,-1.0
fsc000-i100-s29,fsc000-i100,29,4088832,0.48,-1.0
fsc000-i100-s29,fsc000-i100,29,4119552,0.52,-1.0
fsc000-i100-s29,fsc000-i100,29,4150272,0.52,-1.0
fsc000-i100-s29,fsc000-i100,29,4180992,0.5,-1.0
fsc000-i100-s29,fsc000-i100,29,4211712,0.52,-1.0
fsc000-i100-s29,fsc000-i100,29,4242432,0.49,-1.0
fsc000-i100-s29,fsc000-i100,29,4273152,0.42,-0.987
fsc000-i100-s29,fsc000-i100,29,4303872,0.55,-0.956
fsc000-i100-s29,fsc000-i100,29,4334592,0.45,-0.944
fsc000-i100-s29,fsc000-i100,29,4365312,0.54,-0.932
fsc000-i100-s29,fsc000-i100,29,4396032,0.51,-0.932
fsc000-i100-s29,fsc000-i100,29,4426752,0.53,-0.921
fsc000-i100-s29,fsc000-i100,29,4457472,0.48,-0.921
fsc000-i100-s29,fsc000-i100,29,4488192,0.57,-0.91
fsc000-i100-s29,fsc000-i100,29,4518912,0.51,-0.897
fsc000-i100-s29,fsc000-i100,29,4549632,0.54,-0.897
fsc000-i100-s29,fsc000-i100,29,4580352,0.59,-0.886
fsc000-i100-s29,fsc000-i100,29,4611072,0.63,-0.872
fsc000-i100-s29,fsc000-i100,29,4641792,0.51,-0.81
fsc000-i100-s29,fsc000-i100,29,4672512,0.56,-0.786
fsc000-i100-s29,fsc000-i100,29,4703232,0.47,-0.773
fsc000-i100-s29,fsc000-i100,29,4733952,0.5,-0.773
fsc000-i100-s29,fsc000-i100,29,4764672,0.61,-0.757
fsc000-i100-s29,fsc000-i100,29,4795392,0.58,-0.746
fsc000-i100-s29,fsc000-i100,29,4826112,0.5,-0.73
fsc000-i100-s29,fsc000-i100,29,4856832,0.55,-0.73
fsc000-i100-s29,fsc000-i100,29,4887552,0.59,-0.716
fsc000-i100-s29,fsc000-i100,29,4918272,0.55,-0.716
fsc000-i100-s29,fsc000-i100,29,4948992,0.53,-0.689
fsc000-i100-s29,fsc000-i100,29,4979712,0.61,-0.662
fsc000-i100-s29,fsc000-i100,29,5010432,0.55,-0.62
fsc000-i100-s29,fsc000-i100,29,5041152,0.51,-0.591
fsc000-i100-s29,fsc000-i100,29,5071872,0.59,-0.578
fsc000-i100-s29,fsc000-i100,29,5102592,0.62,-0.543
fsc000-i100-s29,fsc000-i100,29,5133312,0.53,-0.52
fsc000-i100-s29,fsc000-i100,29,5164032,0.58,-0.507
fsc000-i100-s29,fsc000-i100,29,5194752,0.46,-0.507
fsc000-i100-s29,fsc000-i100,29,5225472,0.53,-0.456
fsc000-i100-s29,fsc000-i100,29,5256192,0.54,-0.428
fsc000-i100-s29,fsc000-i100,29,5286912,0.66,-0.404
fsc000-i100-s29,fsc000-i100,29,5317632,0.59,-0.333
fsc000-i100-s29,fsc000-i100,29,5348352,0.56,-0.287
fsc000-i100-s29,fsc000-i100,29,5379072,0.59,-0.287
fsc000-i100-s29,fsc000-i100,29,5409792,0.55,-0.262
fsc000-i100-s29,fsc000-i100,29,5440512,0.56,-0.247
fsc000-i100-s29,fsc000-i100,29,5471232,0.55,-0.22
fsc000-i100-s29,fsc000-i100,29,5501952,0.67,-0.182
fsc000-i100-s29,fsc000-i100,29,5532672,0.66,-0.141
fsc000-i100-s29,fsc000-i100,29,5563392,0.61,-0.085
fsc000-i100-s29,fsc000-i100,29,5594112,0.61,-0.074
fsc000-i100-s29,fsc000-i100,29,5624832,0.6,-0.01
fsc000-i100-s29,fsc000-i100,29,5655552,0.51,0.0
fsc000-i100-s29,fsc000-i100,29,5686272,0.61,0.0
fsc000-i100-s29,fsc000-i100,29,5716992,0.62,0.0
fsc000-i100-s29,fsc000-i100,29,5747712,0.65,0.0
fsc000-i100-s29,fsc000-i100,29,5778432,0.65,0.0
fsc000-i100-s29,fsc000-i100,29,5809152,0.53,0.0
fsc000-i100-s29,fsc000-i100,29,5839872,0.6,0.0
fsc000-i100-s29,fsc000-i100,29,5870592,0.62,0.0
fsc000-i100-s29,fsc000-i100,29,5901312,0.55,0.0
fsc000-i100-s29,fsc000-i100,29,5932032,0.43,0.0
fsc000-i100-s29,fsc000-i100,29,5962752,0.54,0.0
fsc000-i100-s29,fsc000-i100,29,5993472,0.65,0.0
fsc000-i100-s29,fsc000-i100,29,6024192,0.61,0.0
fsc000-i100-s29,fsc000-i100,29,6054912,0.68,0.0
fsc000-i100-s29,fsc000-i100,29,6085632,0.66,0.0
fsc000-i100-s29,fsc000-i100,29,6116352,0.69,0.0
fsc000-i100-s29,fsc000-i100,29,6147072,0.6,0.0
fsc000-i100-s29,fsc000-i100,29,6177792,0.51,0.0
fsc000-i100-s29,fsc000-i100,29,6208512,0.64,0.0
fsc000-i100-s29,fsc000-i100,29,6239232,0.64,0.0
fsc000-i100-s29,fsc000-i100,29,6269952,0.63,0.0
fsc000-i100-s29,fsc000-i100,29,6300672,0.57,0.0
fsc000-i100-s29,fsc000-i100,29,6331392,0.66,0.0
fsc000-i100-s29,fsc000-i100,29,6362112,0.65,0.0
fsc000-i100-s29,fsc000-i100,29,6392832,0.61,0.0
fsc000-i100-s29,fsc000-i100,29,6423552,0.61,0.0
fsc000-i100-s29,fsc000-i100,29,6454272,0.62,0.0
fsc000-i100-s29,fsc000-i100,29,6484992,0.53,0.0
fsc000-i100-s29,fsc000-i100,29,6515712,0.65,0.0
fsc000-i100-s29,fsc000-i100,29,6546432,0.65,0.0
fsc000-i100-s29,fsc000-i100,29,6577152,0.73,0.0
fsc000-i100-s29,fsc000-i100,29,6607872,0.7,0.0
fsc000-i100-s29,fsc000-i100,29,6638592,0.61,0.0
fsc000-i100-s29,fsc000-i100,29,6669312,0.65,0.0
fsc000-i100-s29,fsc000-i100,29,6700032,0.73,0.0
fsc000-i100-s29,fsc000-i100,29,6730752,0.6,0.0
fsc000-i100-s29,fsc000-i100,29,6761472,0.7,0.0
fsc000-i100-s29,fsc000-i100,29,6792192,0.66,0.0
fsc000-i100-s29,fsc000-i100,29,6822912,0.67,0.0
fsc000-i100-s29,fsc000-i100,29,6853632,0.68,0.0
fsc000-i100-s29,fsc000-i100,29,6884352,0.65,0.0
fsc000-i100-s29,fsc000-i100,29,6915072,0.67,0.0
fsc000-i100-s29,fsc000-i100,29,6945792,0.62,0.0
fsc000-i100-s29,fsc000-i100,29,6976512,0.71,0.0
fsc000-i100-s29,fsc000-i100,29,7007232,0.62,0.0
fsc000-i100-s29,fsc000-i100,29,7037952,0.69,0.0
fsc000-i100-s29,fsc000-i100,29,7068672,0.67,0.0
fsc000-i100-s29,fsc000-i100,29,7099392,0.67,0.0
fsc000-i100-s29,fsc000-i100,29,7130112,0.64,0.0
fsc000-i100-s29,fsc000-i100,29,7160832,0.7,0.0
fsc000-i100-s29,fsc000-i100,29,7191552,0.69,0.0
fsc000-i100-s29,fsc000-i100,29,7222272,0.74,0.0
fsc000-i100-s29,fsc000-i100,29,7252992,0.71,0.0
fsc000-i100-s29,fsc000-i100,29,7283712,0.71,0.0
fsc000-i100-s29,fsc000-i100,29,7314432,0.66,0.0
fsc000-i100-s29,fsc000-i100,29,7345152,0.67,0.0
fsc000-i100-s29,fsc000-i100,29,7375872,0.69,0.0
fsc000-i100-s29,fsc000-i100,29,7406592,0.72,0.0
fsc000-i100-s29,fsc000-i100,29,7437312,0.75,0.0
fsc000-i100-s29,fsc000-i100,29,7468032,0.72,0.0
fsc000-i100-s29,fsc000-i100,29,7498752,0.77,0.0
fsc000-i100-s29,fsc000-i100,29,7529472,0.77,0.0
fsc000-i100-s29,fsc000-i100,29,7560192,0.72,0.0
fsc000-i100-s29,fsc000-i100,29,7590912,0.74,0.0
fsc000-i100-s29,fsc000-i100,29,7621632,0.74,0.0
fsc000-i100-s29,fsc000-i100,29,7652352,0.75,0.0
fsc000-i100-s29,fsc000-i100,29,7683072,0.73,0.0
fsc000-i100-s29,fsc000-i100,29,7713792,0.72,0.0
fsc000-i100-s29,fsc000-i100,29,7744512,0.7,0.0
fsc000-i100-s29,fsc000-i100,29,7775232,0.79,0.0
fsc000-i100-s29,fsc000-i100,29,7805952,0.71,0.0
fsc000-i100-s29,fsc000-i100,29,7836672,0.69,0.0
fsc000-i100-s29,fsc000-i100,29,7867392,0.73,0.0
fsc000-i100-s29,fsc000-i100,29,7898112,0.71,0.0
fsc000-i100-s29,fsc000-i100,29,7928832,0.76,0.0
fsc000-i100-s29,fsc000-i100,29,7959552,0.74,0.0
fsc000-i100-s29,fsc000-i100,29,7990272,0.83,0.0
fsc000-i100-s29,fsc000-i100,29,8020992,0.78,0.0
fsc000-i100-s29,fsc000-i100,29,8051712,0.73,0.0
fsc000-i100-s29,fsc000-i100,29,8082432,0.77,0.0
fsc000-i100-s29,fsc000-i100,29,8113152,0.71,0.0
fsc000-i100-s29,fsc000-i100,29,8143872,0.79,0.0
fsc000-i100-s29,fsc000-i100,29,8174592,0.8,0.0
fsc000-i100-s29,fsc000-i100,29,8205312,0.71,0.0
fsc000-i100-s29,fsc000-i100,29,8236032,0.78,0.0
fsc000-i100-s29,fsc000-i100,29,8266752,0.76,0.0
fsc000-i100-s29,fsc000-i100,29,8297472,0.78,0.0
fsc000-i100-s29,fsc000-i100,29,8328192,0.73,0.0
fsc000-i100-s29,fsc000-i100,29,8358912,0.82,0.0
fsc000-i100-s29,fsc000-i100,29,8389632,0.62,0.0
fsc000-i100-s29,fsc000-i100,29,8420352,0.69,0.0
fsc000-i100-s29,fsc000-i100,29,8451072,0.77,0.0
fsc000-i100-s29,fsc000-i100,29,8481792,0.74,0.0
fsc000-i100-s29,fsc000-i100,29,8512512,0.74,0.0
fsc000-i100-s29,fsc000-i100,29,8543232,0.71,0.0
fsc000-i100-s29,fsc000-i100,29,8573952,0.78,0.0
fsc000-i100-s29,fsc000-i100,29,8604672,0.72,0.0
fsc000-i100-s29,fsc000-i100,29,8635392,0.75,0.0
fsc000-i100-s29,fsc000-i100,29,8666112,0.67,0.0
fsc000-i100-s29,fsc000-i100,29,8696832,0.7,0.0
fsc000-i100-s29,fsc000-i100,29,8727552,0.71,0.0
fsc000-i100-s29,fsc000-i100,29,8758272,0.76,0.0
fsc000-i100-s29,fsc000-i100,29,8788992,0.75,0.0
fsc000-i100-s29,fsc000-i100,29,8819712,0.79,0.0
fsc000-i100-s29,fsc000-i100,29,8850432,0.72,0.0
fsc000-i100-s29,fsc000-i100,29,8881152,0.8,0.0
fsc000-i100-s29,fsc000-i100,29,8911872,0.8,0.0
fsc000-i100-s29,fsc000-i100,29,8942592,0.85,0.0
fsc000-i100-s29,fsc000-i100,29,8973312,0.8,0.0
fsc000-i100-s29,fsc000-i100,29,9004032,0.65,0.0
fsc000-i100-s29,fsc000-i100,29,9034752,0.71,0.0
fsc000-i100-s29,fsc000-i100,29,9065472,0.74,0.0
fsc000-i100-s29,fsc000-i100,29,9096192,0.79,0.0
fsc000-i100-s29,fsc000-i100,29,9126912,0.71,0.0
fsc000-i100-s29,fsc000-i100,29,9157632,0.82,0.0
fsc000-i100-s29,fsc000-i100,29,9188352,0.73,0.0
fsc000-i100-s29,fsc000-i100,29,9219072,0.77,0.0
fsc000-i100-s29,fsc000-i100,29,9249792,0.78,0.0
fsc000-i100-s29,fsc000-i100,29,9280512,0.83,0.0
fsc000-i100-s29,fsc000-i100,29,9311232,0.83,0.0
fsc000-i100-s29,fsc000-i100,29,9341952,0.77,0.0
fsc000-i100-s29,fsc000-i100,29,9372672,0.8,0.0
fsc000-i100-s29,fsc000-i100,29,9403392,0.72,0.0
fsc000-i100-s29,fsc000-i100,29,9434112,0.81,0.0
fsc000-i100-s29,fsc000-i100,29,9464832,0.88,0.0
fsc000-i100-s29,fsc000-i100,29,9495552,0.81,0.0
fsc000-i100-s29,fsc000-i100,29,9526272,0.79,0.0
fsc000-i100-s29,fsc000-i100,29,9556992,0.78,0.0
fsc000-i100-s29,fsc000-i100,29,9587712,0.79,0.0
fsc000-i100-s29,fsc000-i100,29,9618432,0.76,0.0
fsc000-i100-s29,fsc000-i100,29,9649152,0.83,0.0
fsc000-i100-s29,fsc000-i100,29,9679872,0.74,0.0
fsc000-i100-s29,fsc000-i100,29,9710592,0.66,0.0
fsc000-i100-s29,fsc000-i100,29,9741312,0.85,0.0
fsc000-i100-s29,fsc000-i100,29,9772032,0.75,0.0
fsc000-i100-s29,fsc000-i100,29,9802752,0.8,0.0
fsc000-i100-s29,fsc000-i100,29,9833472,0.82,0.0
fsc000-i100-s29,fsc000-i100,29,9864192,0.78,0.0
fsc000-i100-s29,fsc000-i100,29,9894912,0.78,0.0
fsc000-i100-s29,fsc000-i100,29,9925632,0.86,0.0
fsc000-i100-s29,fsc000-i100,29,9956352,0.78,0.0
fsc000-i100-s29,fsc000-i100,29,9987072,0.81,0.0
fsc000-i100-s29,fsc000-i100,29,10017792,0.78,0.0
fsc000-i100-s29,fsc000-i100,29,10048512,0.9,0.0
fsc000-i100-s29,fsc000-i100,29,10079232,0.76,0.0
fsc000-i100-s29,fsc000-i100,29,10109952,0.81,0.0
fsc000-i100-s29,fsc000-i100,29,10140672,0.77,0.0
fsc000-i100-s29,fsc000-i100,29,10171392,0.76,0.0
fsc000-i100-s29,fsc000-i100,29,10202112,0.81,0.0
fsc000-i100-s29,fsc000-i100,29,10232832,0.84,0.0
fsc000-i100-s29,fsc000-i100,29,10263552,0.78,0.0
fsc000-i100-s29,fsc000-i100,29,10294272,0.86,0.0
fsc000-i100-s29,fsc000-i100,29,10324992,0.74,0.0
fsc000-i100-s29,fsc000-i100,29,10355712,0.82,0.0
fsc000-i100-s29,fsc000-i100,29,10386432,0.85,0.0
fsc000-i100-s29,fsc000-i100,29,10417152,0.73,0.0
fsc000-i100-s29,fsc000-i100,29,10447872,0.82,0.0
fsc000-i100-s29,fsc000-i100,29,10478592,0.82,0.0
fsc000-i100-s29,fsc000-i100,29,10509312,0.81,0.0
fsc000-i100-s29,fsc000-i100,29,10540032,0.7,0.0
fsc000-i100-s29,fsc000-i100,29,10570752,0.81,0.0
fsc000-i100-s29,fsc000-i100,29,10601472,0.84,0.0
fsc000-i100-s29,fsc000-i100,29,10632192,0.77,0.0
fsc000-i100-s29,fsc000-i100,29,10662912,0.88,0.0
fsc000-i100-s29,fsc000-i100,29,10693632,0.85,0.0
fsc000-i100-s29,fsc000-i100,29,10724352,0.79,0.0
fsc000-i100-s29,fsc000-i100,29,10755072,0.82,0.0
fsc000-i100-s29,fsc000-i100,29,10785792,0.75,0.0
fsc000-i100-s29,fsc000-i100,29,10816512,0.76,0.0
fsc000-i100-s29,fsc000-i100,29,10847232,0.8,0.0
fsc000-i100-s29,fsc000-i100,29,10877952,0.83,0.0
fsc000-i100-s29,fsc000-i100,29,10908672,0.76,0.0
fsc000-i100-s29,fsc000-i100,29,10939392,0.84,0.0
fsc000-i100-s29,fsc000-i100,29,10970112,0.82,0.0
fsc000-i100-s29,fsc000-i100,29,11000832,0.87,0.0
fsc000-i100-s29,fsc000-i100,29,11031552,0.77,0.0
fsc000-i100-s29,fsc000-i100,29,11062272,0.81,0.0
fsc000-i100-s29,fsc000-i100,29,11092992,0.79,0.0
fsc000-i100-s29,fsc000-i100,29,11123712,0.79,0.0
fsc000-i100-s29,fsc000-i100,29,11154432,0.78,0.0
fsc000-i100-s29,fsc000-i100,29,11185152,0.81,0.0
fsc000-i100-s29,fsc000-i100,29,11215872,0.83,0.0
fsc000-i100-s29,fsc000-i100,29,11246592,0.73,0.0
fsc000-i100-s29,fsc000-i100,29,11277312,0.83,0.0
fsc000-i100-s29,fsc000-i100,29,11308032,0.81,0.0
fsc000-i100-s29,fsc000-i100,29,11338752,0.77,0.0
fsc000-i100-s29,fsc000-i100,29,11369472,0.83,0.0
fsc000-i100-s29,fsc000-i100,29,11400192,0.87,0.0
fsc000-i100-s29,fsc000-i100,29,11430912,0.75,0.0
fsc000-i100-s29,fsc000-i100,29,11461632,0.82,0.0
fsc000-i100-s29,fsc000-i100,29,11492352,0.86,0.0
fsc000-i100-s29,fsc000-i100,29,11523072,0.83,0.0
fsc000-i100-s29,fsc000-i100,29,11553792,0.83,0.0
fsc000-i100-s29,fsc000-i100,29,11584512,0.86,0.0
fsc000-i100-s29,fsc000-i100,29,11615232,0.9,0.0
fsc000-i100-s29,fsc000-i100,29,11645952,0.75,0.0
fsc000-i100-s29,fsc000-i100,29,11676672,0.81,0.0
fsc000-i100-s29,fsc000-i100,29,11707392,0.75,0.0
fsc000-i100-s29,fsc000-i100,29,11738112,0.82,0.0
fsc000-i100-s29,fsc000-i100,29,11768832,0.84,0.0
fsc000-i100-s29,fsc000-i100,29,11799552,0.81,0.0
fsc000-i100-s29,fsc000-i100,29,11830272,0.88,0.0
fsc000-i100-s29,fsc000-i100,29,11860992,0.85,0.0
fsc000-i100-s29,fsc000-i100,29,11891712,0.82,0.0
fsc000-i100-s29,fsc000-i100,29,11922432,0.88,0.0
fsc000-i100-s29,fsc000-i100,29,11953152,0.81,0.0
fsc000-i100-s29,fsc000-i100,29,11983872,0.86,0.0
fsc000-i100-s29,fsc000-i100,29,12014592,0.88,0.0
fsc000-i100-s29,fsc000-i100,29,12045312,0.89,0.0
fsc000-i100-s29,fsc000-i100,29,12076032,0.87,0.0
fsc000-i100-s29,fsc000-i100,29,12106752,0.83,0.0
fsc000-i100-s29,fsc000-i100,29,12137472,0.81,0.0
fsc000-i100-s29,fsc000-i100,29,12168192,0.85,0.0
fsc000-i100-s29,fsc000-i100,29,12198912,0.85,0.0
fsc000-i100-s29,fsc000-i100,29,12229632,0.83,0.0
fsc000-i100-s29,fsc000-i100,29,12260352,0.83,0.0
fsc000-i100-s29,fsc000-i100,29,12291072,0.87,0.0
fsc000-i100-s29,fsc000-i100,29,12321792,0.85,0.0
fsc000-i100-s29,fsc000-i100,29,12352512,0.88,0.0
fsc000-i100-s29,fsc000-i100,29,12383232,0.85,0.0
fsc000-i100-s29,fsc000-i100,29,12413952,0.87,0.0
fsc000-i100-s29,fsc000-i100,29,12444672,0.89,0.0
fsc000-i100-s29,fsc000-i100,29,12475392,0.84,0.0
fsc000-i100-s29,fsc000-i100,29,12506112,0.88,0.0
fsc000-i100-s29,fsc000-i100,29,12536832,0.83,0.0
fsc000-i100-s29,fsc000-i100,29,12567552,0.86,0.0
fsc000-i100-s29,fsc000-i100,29,12598272,0.87,0.0
fsc000-i100-s29,fsc000-i100,29,12628992,0.84,0.0
fsc000-i100-s29,fsc000-i100,29,12659712,0.89,0.0
fsc000-i100-s29,fsc000-i100,29,12690432,0.79,0.0
fsc000-i100-s29,fsc000-i100,29,12721152,0.84,0.0
fsc000-i100-s29,fsc000-i100,29,12751872,0.84,0.0
fsc000-i100-s29,fsc000-i100,29,12782592,0.87,0.0
fsc000-i100-s29,fsc000-i100,29,12813312,0.87,0.0
fsc000-i100-s29,fsc000-i100,29,12844032,0.83,0.0
fsc000-i100-s29,fsc000-i100,29,12874752,0.92,0.0
fsc000-i100-s29,fsc000-i100,29,12905472,0.87,0.0
fsc000-i100-s29,fsc000-i100,29,12936192,0.92,0.0
fsc000-i100-s29,fsc000-i100,29,12966912,0.87,0.0
fsc000-i100-s29,fsc000-i100,29,12997632,0.86,0.0
fsc000-i100-s29,fsc000-i100,29,13028352,0.82,0.0
fsc000-i100-s29,fsc000-i100,29,13059072,0.84,0.0
fsc000-i100-s29,fsc000-i100,29,13089792,0.87,0.0
fsc000-i100-s29,fsc000-i100,29,13120512,0.9,0.0
fsc000-i100-s29,fsc000-i100,29,13151232,0.89,0.0
fsc000-i100-s29,fsc000-i100,29,13181952,0.85,0.0
fsc000-i100-s29,fsc000-i100,29,13212672,0.91,0.0
fsc000-i100-s29,fsc000-i100,29,13243392,0.87,0.0
fsc000-i100-s29,fsc000-i100,29,13274112,0.86,0.0
fsc000-i100-s29,fsc000-i100,29,13304832,0.88,0.0
fsc000-i100-s29,fsc000-i100,29,13335552,0.91,0.0
fsc000-i100-s29,fsc000-i100,29,13366272,0.86,0.0
fsc000-i100-s29,fsc000-i100,29,13396992,0.87,0.0
fsc000-i100-s29,fsc000-i100,29,13427712,0.86,0.0
fsc000-i100-s29,fsc000-i100,29,13458432,0.91,0.0
fsc000-i100-s29,fsc000-i100,29,13489152,0.87,0.0
fsc000-i100-s29,fsc000-i100,29,13519872,0.83,0.0
fsc000-i100-s29,fsc000-i100,29,13550592,0.9,0.0
fsc000-i100-s29,fsc000-i100,29,13581312,0.87,0.0
fsc000-i100-s29,fsc000-i100,29,13612032,0.86,0.0
fsc000-i100-s29,fsc000-i100,29,13642752,0.84,0.0
fsc000-i100-s29,fsc000-i100,29,13673472,0.87,0.0
fsc000-i100-s29,fsc000-i100,29,13704192,0.92,0.0
fsc000-i100-s29,fsc000-i100,29,13734912,0.83,0.0
fsc000-i100-s29,fsc000-i100,29,13765632,0.9,0.0
fsc000-i100-s29,fsc000-i100,29,13796352,0.88,0.0
fsc000-i100-s29,fsc000-i100,29,13827072,0.95,0.0
fsc000-i100-s29,fsc000-i100,29,13857792,0.89,0.0
fsc000-i100-s29,fsc000-i100,29,13888512,0.85,0.0
fsc000-i100-s29,fsc000-i100,29,13919232,0.89,0.0
fsc000-i100-s29,fsc000-i100,29,13949952,0.87,0.0
fsc000-i100-s29,fsc000-i100,29,13980672,0.92,0.0
fsc000-i100-s29,fsc000-i100,29,14011392,0.88,0.0
fsc000-i100-s29,fsc000-i100,29,14042112,0.93,0.0
fsc000-i100-s29,fsc000-i100,29,14072832,0.87,0.0
fsc000-i100-s29,fsc000-i100,29,14103552,0.89,0.0
fsc000-i100-s29,fsc000-i100,29,14134272,0.83,0.0
fsc000-i100-s29,fsc000-i100,29,14164992,0.88,0.0
fsc000-i100-s29,fsc000-i100,29,14195712,0.87,0.0
fsc000-i100-s29,fsc000-i100,29,14226432,0.84,0.0
fsc000-i100-s29,fsc000-i100,29,14257152,0.94,0.0
fsc000-i100-s29,fsc000-i100,29,14287872,0.84,0.0
fsc000-i100-s29,fsc000-i100,29,14318592,0.91,0.0
fsc000-i100-s29,fsc000-i100,29,14349312,0.92,0.0
fsc000-i100-s29,fsc000-i100,29,14380032,0.85,0.0
fsc000-i100-s29,fsc000-i100,29,14410752,0.85,0.0
fsc000-i100-s29,fsc000-i100,29,14441472,0.94,0.0
fsc000-i100-s29,fsc000-i100,29,14472192,0.85,0.0
fsc000-i100-s29,fsc000-i100,29,14502912,0.94,0.0
fsc000-i100-s29,fsc000-i100,29,14533632,0.9,0.0
fsc000-i100-s29,fsc000-i100,29,14564352,0.9,0.0
fsc000-i100-s29,fsc000-i100,29,14595072,0.91,0.0
fsc000-i100-s29,fsc000-i100,29,14625792,0.93,0.0
fsc000-i100-s29,fsc000-i100,29,14656512,0.92,0.0
fsc000-i100-s29,fsc000-i100,29,14687232,0.87,0.0
fsc000-i100-s29,fsc000-i100,29,14717952,0.89,0.0
fsc000-i100-s29,fsc000-i100,29,14748672,0.86,0.0
fsc000-i100-s29,fsc000-i100,29,14779392,0.9,0.0
fsc000-i100-s29,fsc000-i100,29,14810112,0.91,0.0
fsc000-i100-s29,fsc000-i100,29,14840832,0.93,0.0
fsc000-i100-s29,fsc000-i100,29,14871552,0.91,0.0
fsc000-i100-s29,fsc000-i100,29,14902272,0.86,0.0
fsc000-i100-s29,fsc000-i100,29,14932992,0.91,0.0
fsc000-i100-s29,fsc000-i100,29,14963712,0.92,0.0
fsc000-i100-s29,fsc000-i100,29,14994432,0.89,0.0
fsc000-i100-s29,fsc000-i100,29,14997504,0.93,0.0
c000-b1020-s27,c000-b1020,27,4457472,0.7,-1.0
c000-b1020-s27,c000-b1020,27,4488192,0.59,-0.546
c000-b1020-s27,c000-b1020,27,4518912,0.44,-0.196
c000-b1020-s27,c000-b1020,27,4549632,0.44,0.0
c000-b1020-s27,c000-b1020,27,4580352,0.41,0.0
c000-b1020-s27,c000-b1020,27,4611072,0.4,0.0
c000-b1020-s27,c000-b1020,27,4641792,0.47,0.0
c000-b1020-s27,c000-b1020,27,4672512,0.43,0.0
c000-b1020-s27,c000-b1020,27,4703232,0.54,0.0
c000-b1020-s27,c000-b1020,27,4733952,0.41,0.0
c000-b1020-s27,c000-b1020,27,4764672,0.31,0.0
c000-b1020-s27,c000-b1020,27,4795392,0.48,0.0
c000-b1020-s27,c000-b1020,27,4826112,0.43,0.0
c000-b1020-s27,c000-b1020,27,4856832,0.45,0.0
c000-b1020-s27,c000-b1020,27,4887552,0.47,0.0
c000-b1020-s27,c000-b1020,27,4918272,0.46,0.0
c000-b1020-s27,c000-b1020,27,4948992,0.57,0.0
c000-b1020-s27,c000-b1020,27,4979712,0.59,0.0
c000-b1020-s27,c000-b1020,27,5010432,0.48,0.0
c000-b1020-s27,c000-b1020,27,5041152,0.46,0.0
c000-b1020-s27,c000-b1020,27,5071872,0.51,0.0
c000-b1020-s27,c000-b1020,27,5102592,0.5,0.0
c000-b1020-s27,c000-b1020,27,5133312,0.57,0.0
c000-b1020-s27,c000-b1020,27,5164032,0.52,0.0
c000-b1020-s27,c000-b1020,27,5194752,0.55,0.0
c000-b1020-s27,c000-b1020,27,5225472,0.51,0.0
c000-b1020-s27,c000-b1020,27,5256192,0.46,0.0
c000-b1020-s27,c000-b1020,27,5286912,0.46,0.0
c000-b1020-s27,c000-b1020,27,5317632,0.49,0.0
c000-b1020-s27,c000-b1020,27,5348352,0.6,0.0
c000-b1020-s27,c000-b1020,27,5379072,0.54,0.0
c000-b1020-s27,c000-b1020,27,5409792,0.47,0.0
c000-b1020-s27,c000-b1020,27,5440512,0.43,0.0
c000-b1020-s27,c000-b1020,27,5471232,0.61,0.0
c000-b1020-s27,c000-b1020,27,5501952,0.5,0.0
c000-b1020-s27,c000-b1020,27,5532672,0.61,0.0
c000-b1020-s27,c000-b1020,27,5563392,0.58,0.0
c000-b1020-s27,c000-b1020,27,5594112,0.6,0.0
c000-b1020-s27,c000-b1020,27,5624832,0.51,0.0
c000-b1020-s27,c000-b1020,27,5655552,0.57,0.0
c000-b1020-s27,c000-b1020,27,5686272,0.58,0.0
c000-b1020-s27,c000-b1020,27,5716992,0.6,0.0
c000-b1020-s27,c000-b1020,27,5747712,0.65,0.0
c000-b1020-s27,c000-b1020,27,5778432,0.65,0.0
c000-b1020-s27,c000-b1020,27,5809152,0.62,0.0
c000-b1020-s27,c000-b1020,27,5839872,0.52,0.0
c000-b1020-s27,c000-b1020,27,5870592,0.64,0.0
c000-b1020-s27,c000-b1020,27,5901312,0.56,0.0
c000-b1020-s27,c000-b1020,27,5932032,0.64,0.0
c000-b1020-s27,c000-b1020,27,5962752,0.68,0.0
c000-b1020-s27,c000-b1020,27,5993472,0.61,0.0
c000-b1020-s27,c000-b1020,27,6024192,0.66,0.0
c000-b1020-s27,c000-b1020,27,6054912,0.51,0.0
c000-b1020-s27,c000-b1020,27,6085632,0.66,0.0
c000-b1020-s27,c000-b1020,27,6116352,0.66,0.0
c000-b1020-s27,c000-b1020,27,6147072,0.67,0.0
c000-b1020-s27,c000-b1020,27,6177792,0.58,0.0
c000-b1020-s27,c000-b1020,27,6208512,0.57,0.0
c000-b1020-s27,c000-b1020,27,6239232,0.61,0.0
c000-b1020-s27,c000-b1020,27,6269952,0.6,0.0
c000-b1020-s27,c000-b1020,27,6300672,0.61,0.0
c000-b1020-s27,c000-b1020,27,6331392,0.61,0.0
c000-b1020-s27,c000-b1020,27,6362112,0.58,0.0
c000-b1020-s27,c000-b1020,27,6392832,0.69,0.0
c000-b1020-s27,c000-b1020,27,6423552,0.69,0.0
c000-b1020-s27,c000-b1020,27,6454272,0.75,0.0
c000-b1020-s27,c000-b1020,27,6484992,0.68,0.0
c000-b1020-s27,c000-b1020,27,6515712,0.68,0.0
c000-b1020-s27,c000-b1020,27,6546432,0.62,0.0
c000-b1020-s27,c000-b1020,27,6577152,0.7,0.0
c000-b1020-s27,c000-b1020,27,6607872,0.72,0.0
c000-b1020-s27,c000-b1020,27,6638592,0.66,0.0
c000-b1020-s27,c000-b1020,27,6669312,0.68,0.0
c000-b1020-s27,c000-b1020,27,6700032,0.53,0.0
c000-b1020-s27,c000-b1020,27,6730752,0.75,0.0
c000-b1020-s27,c000-b1020,27,6761472,0.67,0.0
c000-b1020-s27,c000-b1020,27,6792192,0.67,0.0
c000-b1020-s27,c000-b1020,27,6822912,0.63,0.0
c000-b1020-s27,c000-b1020,27,6853632,0.71,0.0
c000-b1020-s27,c000-b1020,27,6884352,0.7,0.0
c000-b1020-s27,c000-b1020,27,6915072,0.66,0.0
c000-b1020-s27,c000-b1020,27,6945792,0.76,0.0
c000-b1020-s27,c000-b1020,27,6976512,0.63,0.0
c000-b1020-s27,c000-b1020,27,7007232,0.66,0.0
c000-b1020-s27,c000-b1020,27,7037952,0.7,0.0
c000-b1020-s27,c000-b1020,27,7068672,0.63,0.0
c000-b1020-s27,c000-b1020,27,7099392,0.65,0.0
c000-b1020-s27,c000-b1020,27,7130112,0.67,0.0
c000-b1020-s27,c000-b1020,27,7160832,0.74,0.0
c000-b1020-s27,c000-b1020,27,7191552,0.71,0.0
c000-b1020-s27,c000-b1020,27,7222272,0.74,0.0
c000-b1020-s27,c000-b1020,27,7252992,0.73,0.0
c000-b1020-s27,c000-b1020,27,7283712,0.66,0.0
c000-b1020-s27,c000-b1020,27,7314432,0.73,0.0
c000-b1020-s27,c000-b1020,27,7345152,0.72,0.0
c000-b1020-s27,c000-b1020,27,7375872,0.72,0.0
c000-b1020-s27,c000-b1020,27,7406592,0.7,0.0
c000-b1020-s27,c000-b1020,27,7437312,0.68,0.0
c000-b1020-s27,c000-b1020,27,7468032,0.68,0.0
c000-b1020-s27,c000-b1020,27,7498752,0.75,0.0
c000-b1020-s27,c000-b1020,27,7529472,0.69,0.0
c000-b1020-s27,c000-b1020,27,7560192,0.68,0.0
c000-b1020-s27,c000-b1020,27,7590912,0.7,0.0
c000-b1020-s27,c000-b1020,27,7621632,0.65,0.0
c000-b1020-s27,c000-b1020,27,7652352,0.64,0.0
c000-b1020-s27,c000-b1020,27,7683072,0.63,0.0
c000-b1020-s27,c000-b1020,27,7713792,0.74,0.0
c000-b1020-s27,c000-b1020,27,7744512,0.74,0.0
c000-b1020-s27,c000-b1020,27,7775232,0.75,0.0
c000-b1020-s27,c000-b1020,27,7805952,0.74,0.0
c000-b1020-s27,c000-b1020,27,7836672,0.69,0.0
c000-b1020-s27,c000-b1020,27,7867392,0.74,0.0
c000-b1020-s27,c000-b1020,27,7898112,0.74,0.0
c000-b1020-s27,c000-b1020,27,7928832,0.67,0.0
c000-b1020-s27,c000-b1020,27,7959552,0.71,0.0
c000-b1020-s27,c000-b1020,27,7990272,0.72,0.0
c000-b1020-s27,c000-b1020,27,8020992,0.72,0.0
c000-b1020-s27,c000-b1020,27,8051712,0.77,0.0
c000-b1020-s27,c000-b1020,27,8082432,0.73,0.0
c000-b1020-s27,c000-b1020,27,8113152,0.75,0.0
c000-b1020-s27,c000-b1020,27,8143872,0.67,0.0
c000-b1020-s27,c000-b1020,27,8174592,0.76,0.0
c000-b1020-s27,c000-b1020,27,8205312,0.72,0.0
c000-b1020-s27,c000-b1020,27,8236032,0.69,0.0
c000-b1020-s27,c000-b1020,27,8266752,0.74,0.0
c000-b1020-s27,c000-b1020,27,8297472,0.75,0.0
c000-b1020-s27,c000-b1020,27,8328192,0.76,0.0
c000-b1020-s27,c000-b1020,27,8358912,0.72,0.0
c000-b1020-s27,c000-b1020,27,8389632,0.74,0.0
c000-b1020-s27,c000-b1020,27,8420352,0.71,0.0
c000-b1020-s27,c000-b1020,27,8451072,0.76,0.0
c000-b1020-s27,c000-b1020,27,8481792,0.78,0.0
c000-b1020-s27,c000-b1020,27,8512512,0.68,0.0
c000-b1020-s27,c000-b1020,27,8543232,0.79,0.0
c000-b1020-s27,c000-b1020,27,8573952,0.77,0.0
c000-b1020-s27,c000-b1020,27,8604672,0.72,0.0
c000-b1020-s27,c000-b1020,27,8635392,0.83,0.0
c000-b1020-s27,c000-b1020,27,8666112,0.74,0.0
c000-b1020-s27,c000-b1020,27,8696832,0.73,0.0
c000-b1020-s27,c000-b1020,27,8727552,0.82,0.0
c000-b1020-s27,c000-b1020,27,8758272,0.81,0.0
c000-b1020-s27,c000-b1020,27,8788992,0.77,0.0
c000-b1020-s27,c000-b1020,27,8819712,0.77,0.0
c000-b1020-s27,c000-b1020,27,8850432,0.67,0.0
c000-b1020-s27,c000-b1020,27,8881152,0.77,0.0
c000-b1020-s27,c000-b1020,27,8911872,0.8,0.0
c000-b1020-s27,c000-b1020,27,8942592,0.78,0.0
c000-b1020-s27,c000-b1020,27,8973312,0.78,0.0
c000-b1020-s27,c000-b1020,27,9004032,0.83,0.0
c000-b1020-s27,c000-b1020,27,9034752,0.7,0.0
c000-b1020-s27,c000-b1020,27,9065472,0.73,0.0
c000-b1020-s27,c000-b1020,27,9096192,0.73,0.0
c000-b1020-s27,c000-b1020,27,9126912,0.77,0.0
c000-b1020-s27,c000-b1020,27,9157632,0.8,0.0
c000-b1020-s27,c000-b1020,27,9188352,0.8,0.0
c000-b1020-s27,c000-b1020,27,9219072,0.8,0.0
c000-b1020-s27,c000-b1020,27,9249792,0.81,0.0
c000-b1020-s27,c000-b1020,27,9280512,0.76,0.0
c000-b1020-s27,c000-b1020,27,9311232,0.74,0.0
c000-b1020-s27,c000-b1020,27,9341952,0.79,0.0
c000-b1020-s27,c000-b1020,27,9372672,0.69,0.0
c000-b1020-s27,c000-b1020,27,9403392,0.77,0.0
c000-b1020-s27,c000-b1020,27,9434112,0.77,0.0
c000-b1020-s27,c000-b1020,27,9464832,0.75,0.0
c000-b1020-s27,c000-b1020,27,9495552,0.87,0.0
c000-b1020-s27,c000-b1020,27,9526272,0.72,0.0
c000-b1020-s27,c000-b1020,27,9556992,0.8,0.0
c000-b1020-s27,c000-b1020,27,9587712,0.79,0.0
c000-b1020-s27,c000-b1020,27,9618432,0.82,0.0
c000-b1020-s27,c000-b1020,27,9649152,0.76,0.0
c000-b1020-s27,c000-b1020,27,9679872,0.79,0.0
c000-b1020-s27,c000-b1020,27,9710592,0.78,0.0
c000-b1020-s27,c000-b1020,27,9741312,0.86,0.0
c000-b1020-s27,c000-b1020,27,9772032,0.82,0.0
c000-b1020-s27,c000-b1020,27,9802752,0.82,0.0
c000-b1020-s27,c000-b1020,27,9833472,0.82,0.0
c000-b1020-s27,c000-b1020,27,9864192,0.84,0.0
c000-b1020-s27,c000-b1020,27,9894912,0.85,0.0
c000-b1020-s27,c000-b1020,27,9925632,0.85,0.0
c000-b1020-s27,c000-b1020,27,9956352,0.71,0.0
c000-b1020-s27,c000-b1020,27,9987072,0.79,0.0
c000-b1020-s27,c000-b1020,27,10017792,0.8,0.0
c000-b1020-s27,c000-b1020,27,10048512,0.86,0.0
c000-b1020-s27,c000-b1020,27,10079232,0.78,0.0
c000-b1020-s27,c000-b1020,27,10109952,0.77,0.0
c000-b1020-s27,c000-b1020,27,10140672,0.81,0.0
c000-b1020-s27,c000-b1020,27,10171392,0.84,0.0
c000-b1020-s27,c000-b1020,27,10202112,0.83,0.0
c000-b1020-s27,c000-b1020,27,10232832,0.77,0.0
c000-b1020-s27,c000-b1020,27,10263552,0.85,0.0
c000-b1020-s27,c000-b1020,27,10294272,0.79,0.0
c000-b1020-s27,c000-b1020,27,10324992,0.82,0.0
c000-b1020-s27,c000-b1020,27,10355712,0.83,0.0
c000-b1020-s27,c000-b1020,27,10386432,0.8,0.0
c000-b1020-s27,c000-b1020,27,10417152,0.78,0.0
c000-b1020-s27,c000-b1020,27,10447872,0.8,0.0
c000-b1020-s27,c000-b1020,27,10478592,0.86,0.0
c000-b1020-s27,c000-b1020,27,10509312,0.8,0.0
c000-b1020-s27,c000-b1020,27,10540032,0.85,0.0
c000-b1020-s27,c000-b1020,27,10570752,0.83,0.0
c000-b1020-s27,c000-b1020,27,10601472,0.81,0.0
c000-b1020-s27,c000-b1020,27,10632192,0.81,0.0
c000-b1020-s27,c000-b1020,27,10662912,0.8,0.0
c000-b1020-s27,c000-b1020,27,10693632,0.85,0.0
c000-b1020-s27,c000-b1020,27,10724352,0.78,0.0
c000-b1020-s27,c000-b1020,27,10755072,0.84,0.0
c000-b1020-s27,c000-b1020,27,10785792,0.85,0.0
c000-b1020-s27,c000-b1020,27,10816512,0.81,0.0
c000-b1020-s27,c000-b1020,27,10847232,0.8,0.0
c000-b1020-s27,c000-b1020,27,10877952,0.8,0.0
c000-b1020-s27,c000-b1020,27,10908672,0.84,0.0
c000-b1020-s27,c000-b1020,27,10939392,0.81,0.0
c000-b1020-s27,c000-b1020,27,10970112,0.83,0.0
c000-b1020-s27,c000-b1020,27,11000832,0.82,0.0
c000-b1020-s27,c000-b1020,27,11031552,0.8,0.0
c000-b1020-s27,c000-b1020,27,11062272,0.74,0.0
c000-b1020-s27,c000-b1020,27,11092992,0.82,0.0
c000-b1020-s27,c000-b1020,27,11123712,0.83,0.0
c000-b1020-s27,c000-b1020,27,11154432,0.84,0.0
c000-b1020-s27,c000-b1020,27,11185152,0.85,0.0
c000-b1020-s27,c000-b1020,27,11215872,0.9,0.0
c000-b1020-s27,c000-b1020,27,11246592,0.82,0.0
c000-b1020-s27,c000-b1020,27,11277312,0.8,0.0
c000-b1020-s27,c000-b1020,27,11308032,0.86,0.0
c000-b1020-s27,c000-b1020,27,11338752,0.82,0.0
c000-b1020-s27,c000-b1020,27,11369472,0.83,0.0
c000-b1020-s27,c000-b1020,27,11400192,0.83,0.0
c000-b1020-s27,c000-b1020,27,11430912,0.82,0.0
c000-b1020-s27,c000-b1020,27,11461632,0.89,0.0
c000-b1020-s27,c000-b1020,27,11492352,0.89,0.0
c000-b1020-s27,c000-b1020,27,11523072,0.82,0.0
c000-b1020-s27,c000-b1020,27,11553792,0.84,0.0
c000-b1020-s27,c000-b1020,27,11584512,0.83,0.0
c000-b1020-s27,c000-b1020,27,11615232,0.84,0.0
c000-b1020-s27,c000-b1020,27,11645952,0.84,0.0
c000-b1020-s27,c000-b1020,27,11676672,0.82,0.0
c000-b1020-s27,c000-b1020,27,11707392,0.91,0.0
c000-b1020-s27,c000-b1020,27,11738112,0.83,0.0
c000-b1020-s27,c000-b1020,27,11768832,0.81,0.0
c000-b1020-s27,c000-b1020,27,11799552,0.85,0.0
c000-b1020-s27,c000-b1020,27,11830272,0.84,0.0
c000-b1020-s27,c000-b1020,27,11860992,0.86,0.0
c000-b1020-s27,c000-b1020,27,11891712,0.89,0.0
c000-b1020-s27,c000-b1020,27,11922432,0.86,0.0
c000-b1020-s27,c000-b1020,27,11953152,0.8,0.0
c000-b1020-s27,c000-b1020,27,11983872,0.9,0.0
c000-b1020-s27,c000-b1020,27,12014592,0.87,0.0
c000-b1020-s27,c000-b1020,27,12045312,0.84,0.0
c000-b1020-s27,c000-b1020,27,12076032,0.84,0.0
c000-b1020-s27,c000-b1020,27,12106752,0.84,0.0
c000-b1020-s27,c000-b1020,27,12137472,0.89,0.0
c000-b1020-s27,c000-b1020,27,12168192,0.78,0.0
c000-b1020-s27,c000-b1020,27,12198912,0.81,0.0
c000-b1020-s27,c000-b1020,27,12229632,0.87,0.0
c000-b1020-s27,c000-b1020,27,12260352,0.81,0.0
c000-b1020-s27,c000-b1020,27,12291072,0.85,0.0
c000-b1020-s27,c000-b1020,27,12321792,0.86,0.0
c000-b1020-s27,c000-b1020,27,12352512,0.84,0.0
c000-b1020-s27,c000-b1020,27,12383232,0.84,0.0
c000-b1020-s27,c000-b1020,27,12413952,0.79,0.0
c000-b1020-s27,c000-b1020,27,12444672,0.78,0.0
c000-b1020-s27,c000-b1020,27,12475392,0.82,0.0
c000-b1020-s27,c000-b1020,27,12506112,0.88,0.0
c000-b1020-s27,c000-b1020,27,12536832,0.8,0.0
c000-b1020-s27,c000-b1020,27,12567552,0.84,0.0
c000-b1020-s27,c000-b1020,27,12598272,0.82,0.0
c000-b1020-s27,c000-b1020,27,12628992,0.76,0.0
c000-b1020-s27,c000-b1020,27,12659712,0.85,0.0
c000-b1020-s27,c000-b1020,27,12690432,0.8,0.0
c000-b1020-s27,c000-b1020,27,12721152,0.82,0.0
c000-b1020-s27,c000-b1020,27,12751872,0.84,0.0
c000-b1020-s27,c000-b1020,27,12782592,0.82,0.0
c000-b1020-s27,c000-b1020,27,12813312,0.86,0.0
c000-b1020-s27,c000-b1020,27,12844032,0.93,0.0
c000-b1020-s27,c000-b1020,27,12874752,0.85,0.0
c000-b1020-s27,c000-b1020,27,12905472,0.87,0.0
c000-b1020-s27,c000-b1020,27,12936192,0.8,0.0
c000-b1020-s27,c000-b1020,27,12966912,0.88,0.0
c000-b1020-s27,c000-b1020,27,12997632,0.83,0.0
c000-b1020-s27,c000-b1020,27,13028352,0.82,0.0
c000-b1020-s27,c000-b1020,27,13059072,0.86,0.0
c000-b1020-s27,c000-b1020,27,13089792,0.85,0.0
c000-b1020-s27,c000-b1020,27,13120512,0.85,0.0
c000-b1020-s27,c000-b1020,27,13151232,0.83,0.0
c000-b1020-s27,c000-b1020,27,13181952,0.86,0.0
c000-b1020-s27,c000-b1020,27,13212672,0.92,0.0
c000-b1020-s27,c000-b1020,27,13243392,0.85,0.0
c000-b1020-s27,c000-b1020,27,13274112,0.83,0.0
c000-b1020-s27,c000-b1020,27,13304832,0.75,0.0
c000-b1020-s27,c000-b1020,27,13335552,0.84,0.0
c000-b1020-s27,c000-b1020,27,13366272,0.91,0.0
c000-b1020-s27,c000-b1020,27,13396992,0.92,0.0
c000-b1020-s27,c000-b1020,27,13427712,0.82,0.0
c000-b1020-s27,c000-b1020,27,13458432,0.86,0.0
c000-b1020-s27,c000-b1020,27,13489152,0.84,0.0
c000-b1020-s27,c000-b1020,27,13519872,0.89,0.0
c000-b1020-s27,c000-b1020,27,13550592,0.87,0.0
c000-b1020-s27,c000-b1020,27,13581312,0.86,0.0
c000-b1020-s27,c000-b1020,27,13612032,0.85,0.0
c000-b1020-s27,c000-b1020,27,13642752,0.83,0.0
c000-b1020-s27,c000-b1020,27,13673472,0.85,0.0
c000-b1020-s27,c000-b1020,27,13704192,0.87,0.0
c000-b1020-s27,c000-b1020,27,13734912,0.85,0.0
c000-b1020-s27,c000-b1020,27,13765632,0.91,0.0
c000-b1020-s27,c000-b1020,27,13796352,0.92,0.0
c000-b1020-s27,c000-b1020,27,13827072,0.87,0.0
c000-b1020-s27,c000-b1020,27,13857792,0.8,0.0
c000-b1020-s27,c000-b1020,27,13888512,0.91,0.0
c000-b1020-s27,c000-b1020,27,13919232,0.87,0.0
c000-b1020-s27,c000-b1020,27,13949952,0.88,0.0
c000-b1020-s27,c000-b1020,27,13980672,0.91,0.0
c000-b1020-s27,c000-b1020,27,14011392,0.83,0.0
c000-b1020-s27,c000-b1020,27,14042112,0.89,0.0
c000-b1020-s27,c000-b1020,27,14072832,0.97,0.0
c000-b1020-s27,c000-b1020,27,14103552,0.86,0.0
c000-b1020-s27,c000-b1020,27,14134272,0.9,0.0
c000-b1020-s27,c000-b1020,27,14164992,0.87,0.0
c000-b1020-s27,c000-b1020,27,14195712,0.88,0.0
c000-b1020-s27,c000-b1020,27,14226432,0.89,0.0
c000-b1020-s27,c000-b1020,27,14257152,0.84,0.0
c000-b1020-s27,c000-b1020,27,14287872,0.89,0.0
c000-b1020-s27,c000-b1020,27,14318592,0.91,0.0
c000-b1020-s27,c000-b1020,27,14349312,0.96,0.0
c000-b1020-s27,c000-b1020,27,14380032,0.85,0.0
c000-b1020-s27,c000-b1020,27,14410752,0.9,0.0
c000-b1020-s27,c000-b1020,27,14441472,0.87,0.0
c000-b1020-s27,c000-b1020,27,14472192,0.93,0.0
c000-b1020-s27,c000-b1020,27,14502912,0.88,0.0
c000-b1020-s27,c000-b1020,27,14533632,0.9,0.0
c000-b1020-s27,c000-b1020,27,14564352,0.88,0.0
c000-b1020-s27,c000-b1020,27,14595072,0.94,0.0
c000-b1020-s27,c000-b1020,27,14625792,0.91,0.0
c000-b1020-s27,c000-b1020,27,14656512,0.92,0.0
c000-b1020-s27,c000-b1020,27,14687232,0.88,0.0
c000-b1020-s27,c000-b1020,27,14717952,0.89,0.0
c000-b1020-s27,c000-b1020,27,14748672,0.88,0.0
c000-b1020-s27,c000-b1020,27,14779392,0.92,0.0
c000-b1020-s27,c000-b1020,27,14810112,0.93,0.0
c000-b1020-s27,c000-b1020,27,14840832,0.88,0.0
c000-b1020-s27,c000-b1020,27,14871552,0.85,0.0
c000-b1020-s27,c000-b1020,27,14902272,0.93,0.0
c000-b1020-s27,c000-b1020,27,14932992,0.87,0.0
c000-b1020-s27,c000-b1020,27,14963712,0.88,0.0
c000-b1020-s27,c000-b1020,27,14994432,0.9,0.0
c000-b1020-s27,c000-b1020,27,14997504,0.9,0.0
