run,arm,seed,step,train_win_rate,difficulty
dbr-fix10-s27,dbr-fix10,27,4457472,0.7,-1.0
dbr-fix10-s27,dbr-fix10,27,4488192,0.65,-1.0
dbr-fix10-s27,dbr-fix10,27,4518912,0.62,-1.0
dbr-fix10-s27,dbr-fix10,27,4549632,0.68,-1.0
dbr-fix10-s27,dbr-fix10,27,4580352,0.6,-1.0
dbr-fix10-s27,dbr-fix10,27,4611072,0.63,-1.0
dbr-fix10-s27,dbr-fix10,27,4641792,0.64,-1.0
dbr-fix10-s27,dbr-fix10,27,4672512,0.65,-1.0
dbr-fix10-s27,dbr-fix10,27,4703232,0.62,-1.0
dbr-fix10-s27,dbr-fix10,27,4733952,0.78,-1.0
dbr-fix10-s27,dbr-fix10,27,4764672,0.7,-1.0
dbr-fix10-s27,dbr-fix10,27,4795392,0.62,-1.0
dbr-fix10-s27,dbr-fix10,27,4826112,0.71,-1.0
dbr-fix10-s27,dbr-fix10,27,4856832,0.65,-1.0
dbr-fix10-s27,dbr-fix10,27,4887552,0.63,-1.0
dbr-fix10-s27,dbr-fix10,27,4918272,0.72,-1.0
dbr-fix10-s27,dbr-fix10,27,4948992,0.67,-1.0
dbr-fix10-s27,dbr-fix10,27,4979712,0.7,-1.0
dbr-fix10-s27,dbr-fix10,27,5010432,0.57,-1.0
dbr-fix10-s27,dbr-fix10,27,5041152,0.58,-1.0
dbr-fix10-s27,dbr-fix10,27,5071872,0.7,-1.0
dbr-fix10-s27,dbr-fix10,27,5102592,0.66,-1.0
dbr-fix10-s27,dbr-fix10,27,5133312,0.71,-1.0
dbr-fix10-s27,dbr-fix10,27,5164032,0.72,-1.0
dbr-fix10-s27,dbr-fix10,27,5194752,0.65,-1.0
dbr-fix10-s27,dbr-fix10,27,5225472,0.71,-1.0
dbr-fix10-s27,dbr-fix10,27,5256192,0.76,-1.0
dbr-fix10-s27,dbr-fix10,27,5286912,0.69,-1.0
dbr-fix10-s27,dbr-fix10,27,5317632,0.72,-1.0
dbr-fix10-s27,dbr-fix10,27,5348352,0.8,-1.0
dbr-fix10-s27,dbr-fix10,27,5379072,0.74,-1.0
dbr-fix10-s27,dbr-fix10,27,5409792,0.68,-1.0
dbr-fix10-s27,dbr-fix10,27,5440512,0.72,-1.0
dbr-fix10-s27,dbr-fix10,27,5471232,0.72,-1.0
dbr-fix10-s27,dbr-fix10,27,5501952,0.73,-1.0
dbr-fix10-s27,dbr-fix10,27,5532672,0.84,-1.0
dbr-fix10-s27,dbr-fix10,27,5563392,0.72,-1.0
dbr-fix10-s27,dbr-fix10,27,5594112,0.74,-1.0
dbr-fix10-s27,dbr-fix10,27,5624832,0.74,-1.0
dbr-fix10-s27,dbr-fix10,27,5655552,0.7,-1.0
dbr-fix10-s27,dbr-fix10,27,5686272,0.72,-1.0
dbr-fix10-s27,dbr-fix10,27,5716992,0.75,-1.0
dbr-fix10-s27,dbr-fix10,27,5747712,0.74,-1.0
dbr-fix10-s27,dbr-fix10,27,5778432,0.81,-1.0
dbr-fix10-s27,dbr-fix10,27,5809152,0.8,-1.0
dbr-fix10-s27,dbr-fix10,27,5839872,0.78,-1.0
dbr-fix10-s27,dbr-fix10,27,5870592,0.78,-1.0
dbr-fix10-s27,dbr-fix10,27,5901312,0.78,-1.0
dbr-fix10-s27,dbr-fix10,27,5932032,0.73,-1.0
dbr-fix10-s27,dbr-fix10,27,5962752,0.75,-1.0
dbr-fix10-s27,dbr-fix10,27,5993472,0.78,-1.0
dbr-fix10-s27,dbr-fix10,27,6024192,0.86,-1.0
dbr-fix10-s27,dbr-fix10,27,6054912,0.78,-1.0
dbr-fix10-s27,dbr-fix10,27,6085632,0.77,-1.0
dbr-fix10-s27,dbr-fix10,27,6116352,0.76,-1.0
dbr-fix10-s27,dbr-fix10,27,6147072,0.74,-1.0
dbr-fix10-s27,dbr-fix10,27,6177792,0.75,-1.0
dbr-fix10-s27,dbr-fix10,27,6208512,0.81,-1.0
dbr-fix10-s27,dbr-fix10,27,6239232,0.8,-1.0
dbr-fix10-s27,dbr-fix10,27,6269952,0.78,-1.0
dbr-fix10-s27,dbr-fix10,27,6300672,0.75,-1.0
dbr-fix10-s27,dbr-fix10,27,6331392,0.8,-1.0
dbr-fix10-s27,dbr-fix10,27,6362112,0.81,-1.0
dbr-fix10-s27,dbr-fix10,27,6392832,0.83,-1.0
dbr-fix10-s27,dbr-fix10,27,6423552,0.84,-1.0
dbr-fix10-s27,dbr-fix10,27,6454272,0.82,-1.0
dbr-fix10-s27,dbr-fix10,27,6484992,0.8,-1.0
dbr-fix10-s27,dbr-fix10,27,6515712,0.83,-1.0
dbr-fix10-s27,dbr-fix10,27,6546432,0.81,-1.0
dbr-fix10-s27,dbr-fix10,27,6577152,0.85,-1.0
dbr-fix10-s27,dbr-fix10,27,6607872,0.84,-1.0
dbr-fix10-s27,dbr-fix10,27,6638592,0.86,-1.0
dbr-fix10-s27,dbr-fix10,27,6669312,0.72,-1.0
dbr-fix10-s27,dbr-fix10,27,6700032,0.89,-1.0
dbr-fix10-s27,dbr-fix10,27,6730752,0.8,-1.0
dbr-fix10-s27,dbr-fix10,27,6761472,0.73,-1.0
dbr-fix10-s27,dbr-fix10,27,6792192,0.83,-1.0
dbr-fix10-s27,dbr-fix10,27,6822912,0.8,-1.0
dbr-fix10-s27,dbr-fix10,27,6853632,0.79,-1.0
dbr-fix10-s27,dbr-fix10,27,6884352,0.82,-1.0
dbr-fix10-s27,dbr-fix10,27,6915072,0.76,-1.0
dbr-fix10-s27,dbr-fix10,27,6945792,0.76,-1.0
dbr-fix10-s27,dbr-fix10,27,6976512,0.79,-1.0
dbr-fix10-s27,dbr-fix10,27,7007232,0.81,-1.0
dbr-fix10-s27,dbr-fix10,27,7037952,0.89,-1.0
dbr-fix10-s27,dbr-fix10,27,7068672,0.84,-1.0
dbr-fix10-s27,dbr-fix10,27,7099392,0.82,-1.0
dbr-fix10-s27,dbr-fix10,27,7130112,0.75,-1.0
dbr-fix10-s27,dbr-fix10,27,7160832,0.83,-1.0
dbr-fix10-s27,dbr-fix10,27,7191552,0.83,-1.0
dbr-fix10-s27,dbr-fix10,27,7222272,0.8,-1.0
dbr-fix10-s27,dbr-fix10,27,7252992,0.85,-1.0
dbr-fix10-s27,dbr-fix10,27,7283712,0.86,-1.0
dbr-fix10-s27,dbr-fix10,27,7314432,0.82,-1.0
dbr-fix10-s27,dbr-fix10,27,7345152,0.86,-1.0
dbr-fix10-s27,dbr-fix10,27,7375872,0.85,-1.0
dbr-fix10-s27,dbr-fix10,27,7406592,0.84,-1.0
dbr-fix10-s27,dbr-fix10,27,7437312,0.87,-1.0
dbr-fix10-s27,dbr-fix10,27,7468032,0.81,-1.0
dbr-fix10-s27,dbr-fix10,27,7498752,0.79,-1.0
dbr-fix10-s27,dbr-fix10,27,7529472,0.86,-1.0
dbr-fix10-s27,dbr-fix10,27,7560192,0.92,-1.0
dbr-fix10-s27,dbr-fix10,27,7590912,0.89,-1.0
dbr-fix10-s27,dbr-fix10,27,7621632,0.82,-1.0
dbr-fix10-s27,dbr-fix10,27,7652352,0.91,-1.0
dbr-fix10-s27,dbr-fix10,27,7683072,0.88,-1.0
dbr-fix10-s27,dbr-fix10,27,7713792,0.84,-1.0
dbr-fix10-s27,dbr-fix10,27,7744512,0.86,-1.0
dbr-fix10-s27,dbr-fix10,27,7775232,0.85,-1.0
dbr-fix10-s27,dbr-fix10,27,7805952,0.83,-1.0
dbr-fix10-s27,dbr-fix10,27,7836672,0.9,-1.0
dbr-fix10-s27,dbr-fix10,27,7867392,0.85,-1.0
dbr-fix10-s27,dbr-fix10,27,7898112,0.91,-1.0
dbr-fix10-s27,dbr-fix10,27,7928832,0.85,-1.0
dbr-fix10-s27,dbr-fix10,27,7959552,0.86,-1.0
dbr-fix10-s27,dbr-fix10,27,7990272,0.88,-1.0
dbr-fix10-s27,dbr-fix10,27,8020992,0.91,-1.0
dbr-fix10-s27,dbr-fix10,27,8051712,0.86,-1.0
dbr-fix10-s27,dbr-fix10,27,8082432,0.88,-1.0
dbr-fix10-s27,dbr-fix10,27,8113152,0.89,-1.0
dbr-fix10-s27,dbr-fix10,27,8143872,0.87,-1.0
dbr-fix10-s27,dbr-fix10,27,8174592,0.87,-1.0
dbr-fix10-s27,dbr-fix10,27,8205312,0.87,-1.0
dbr-fix10-s27,dbr-fix10,27,8236032,0.83,-1.0
dbr-fix10-s27,dbr-fix10,27,8266752,0.87,-1.0
dbr-fix10-s27,dbr-fix10,27,8297472,0.85,-1.0
dbr-fix10-s27,dbr-fix10,27,8328192,0.89,-1.0
dbr-fix10-s27,dbr-fix10,27,8358912,0.79,-1.0
dbr-fix10-s27,dbr-fix10,27,8389632,0.92,-1.0
dbr-fix10-s27,dbr-fix10,27,8420352,0.79,-1.0
dbr-fix10-s27,dbr-fix10,27,8451072,0.88,-1.0
dbr-fix10-s27,dbr-fix10,27,8481792,0.85,-1.0
dbr-fix10-s27,dbr-fix10,27,8512512,0.88,-1.0
dbr-fix10-s27,dbr-fix10,27,8543232,0.88,-1.0
dbr-fix10-s27,dbr-fix10,27,8573952,0.9,-1.0
dbr-fix10-s27,dbr-fix10,27,8604672,0.89,-1.0
dbr-fix10-s27,dbr-fix10,27,8635392,0.87,-1.0
dbr-fix10-s27,dbr-fix10,27,8666112,0.92,-1.0
dbr-fix10-s27,dbr-fix10,27,8696832,0.89,-1.0
dbr-fix10-s27,dbr-fix10,27,8727552,0.91,-1.0
dbr-fix10-s27,dbr-fix10,27,8758272,0.9,-1.0
dbr-fix10-s27,dbr-fix10,27,8788992,0.83,-1.0
dbr-fix10-s27,dbr-fix10,27,8819712,0.85,-1.0
dbr-fix10-s27,dbr-fix10,27,8850432,0.9,-1.0
dbr-fix10-s27,dbr-fix10,27,8881152,0.91,-1.0
dbr-fix10-s27,dbr-fix10,27,8911872,0.91,-1.0
dbr-fix10-s27,dbr-fix10,27,8942592,0.84,-1.0
dbr-fix10-s27,dbr-fix10,27,8973312,0.85,-1.0
dbr-fix10-s27,dbr-fix10,27,9004032,0.91,-1.0
dbr-fix10-s27,dbr-fix10,27,9034752,0.82,-1.0
dbr-fix10-s27,dbr-fix10,27,9065472,0.84,-1.0
dbr-fix10-s27,dbr-fix10,27,9096192,0.89,-1.0
dbr-fix10-s27,dbr-fix10,27,9126912,0.91,-1.0
dbr-fix10-s27,dbr-fix10,27,9157632,0.93,-1.0
dbr-fix10-s27,dbr-fix10,27,9188352,0.91,-1.0
dbr-fix10-s27,dbr-fix10,27,9219072,0.88,-1.0
dbr-fix10-s27,dbr-fix10,27,9249792,0.91,-1.0
dbr-fix10-s27,dbr-fix10,27,9280512,0.87,-1.0
dbr-fix10-s27,dbr-fix10,27,9311232,0.88,-1.0
dbr-fix10-s27,dbr-fix10,27,9341952,0.86,-1.0
dbr-fix10-s27,dbr-fix10,27,9372672,0.91,-1.0
dbr-fix10-s27,dbr-fix10,27,9403392,0.91,-1.0
dbr-fix10-s27,dbr-fix10,27,9434112,0.85,-1.0
dbr-fix10-s27,dbr-fix10,27,9464832,0.94,-1.0
dbr-fix10-s27,dbr-fix10,27,9495552,0.94,-1.0
dbr-fix10-s27,dbr-fix10,27,9526272,0.95,-1.0
dbr-fix10-s27,dbr-fix10,27,9556992,0.89,-1.0
dbr-fix10-s27,dbr-fix10,27,9587712,0.87,-1.0
dbr-fix10-s27,dbr-fix10,27,9618432,0.89,-1.0
dbr-fix10-s27,dbr-fix10,27,9649152,0.9,-1.0
dbr-fix10-s27,dbr-fix10,27,9679872,0.88,-1.0
dbr-fix10-s27,dbr-fix10,27,9710592,0.92,-1.0
dbr-fix10-s27,dbr-fix10,27,9741312,0.9,-1.0
dbr-fix10-s27,dbr-fix10,27,9772032,0.89,-1.0
dbr-fix10-s27,dbr-fix10,27,9802752,0.9,-1.0
dbr-fix10-s27,dbr-fix10,27,9833472,0.88,-1.0
dbr-fix10-s27,dbr-fix10,27,9864192,0.89,-1.0
dbr-fix10-s27,dbr-fix10,27,9894912,0.9,-1.0
dbr-fix10-s27,dbr-fix10,27,9925632,0.91,-1.0
dbr-fix10-s27,dbr-fix10,27,9956352,0.82,-1.0
dbr-fix10-s27,dbr-fix10,27,9987072,0.91,-1.0
dbr-fix10-s27,dbr-fix10,27,10017792,0.9,-1.0
dbr-fix10-s27,dbr-fix10,27,10048512,0.92,-1.0
dbr-fix10-s27,dbr-fix10,27,10079232,0.93,-1.0
dbr-fix10-s27,dbr-fix10,27,10109952,0.92,-1.0
dbr-fix10-s27,dbr-fix10,27,10140672,0.97,-1.0
dbr-fix10-s27,dbr-fix10,27,10171392,0.95,-1.0
dbr-fix10-s27,dbr-fix10,27,10202112,0.92,-1.0
dbr-fix10-s27,dbr-fix10,27,10232832,0.88,-1.0
dbr-fix10-s27,dbr-fix10,27,10263552,0.93,-1.0
dbr-fix10-s27,dbr-fix10,27,10294272,0.9,-1.0
dbr-fix10-s27,dbr-fix10,27,10324992,0.91,-1.0
dbr-fix10-s27,dbr-fix10,27,10355712,0.86,-1.0
dbr-fix10-s27,dbr-fix10,27,10386432,0.9,-1.0
dbr-fix10-s27,dbr-fix10,27,10417152,0.89,-1.0
dbr-fix10-s27,dbr-fix10,27,10447872,0.94,-1.0
dbr-fix10-s27,dbr-fix10,27,10478592,0.91,-1.0
dbr-fix10-s27,dbr-fix10,27,10509312,0.93,-1.0
dbr-fix10-s27,dbr-fix10,27,10540032,0.89,-1.0
dbr-fix10-s27,dbr-fix10,27,10570752,0.91,-1.0
dbr-fix10-s27,dbr-fix10,27,10601472,0.88,-1.0
dbr-fix10-s27,dbr-fix10,27,10632192,0.95,-1.0
dbr-fix10-s27,dbr-fix10,27,10662912,0.94,-1.0
dbr-fix10-s27,dbr-fix10,27,10693632,0.95,-1.0
dbr-fix10-s27,dbr-fix10,27,10724352,0.92,-1.0
dbr-fix10-s27,dbr-fix10,27,10755072,0.93,-1.0
dbr-fix10-s27,dbr-fix10,27,10785792,0.93,-1.0
dbr-fix10-s27,dbr-fix10,27,10816512,0.93,-1.0
dbr-fix10-s27,dbr-fix10,27,10847232,0.95,-1.0
dbr-fix10-s27,dbr-fix10,27,10877952,0.92,-1.0
dbr-fix10-s27,dbr-fix10,27,10908672,0.97,-1.0
dbr-fix10-s27,dbr-fix10,27,10939392,0.92,-1.0
dbr-fix10-s27,dbr-fix10,27,10970112,0.91,-1.0
dbr-fix10-s27,dbr-fix10,27,11000832,0.91,-1.0
dbr-fix10-s27,dbr-fix10,27,11031552,0.92,-1.0
dbr-fix10-s27,dbr-fix10,27,11062272,0.92,-1.0
dbr-fix10-s27,dbr-fix10,27,11092992,0.88,-1.0
dbr-fix10-s27,dbr-fix10,27,11123712,0.9,-1.0
dbr-fix10-s27,dbr-fix10,27,11154432,0.94,-1.0
dbr-fix10-s27,dbr-fix10,27,11185152,0.91,-1.0
dbr-fix10-s27,dbr-fix10,27,11215872,0.93,-1.0
dbr-fix10-s27,dbr-fix10,27,11246592,0.93,-1.0
dbr-fix10-s27,dbr-fix10,27,11277312,0.94,-1.0
dbr-fix10-s27,dbr-fix10,27,11308032,0.97,-1.0
dbr-fix10-s27,dbr-fix10,27,11338752,0.93,-1.0
dbr-fix10-s27,dbr-fix10,27,11369472,0.95,-1.0
dbr-fix10-s27,dbr-fix10,27,11400192,0.94,-1.0
dbr-fix10-s27,dbr-fix10,27,11430912,0.91,-1.0
dbr-fix10-s27,dbr-fix10,27,11461632,0.86,-1.0
dbr-fix10-s27,dbr-fix10,27,11492352,0.88,-1.0
dbr-fix10-s27,dbr-fix10,27,11523072,0.87,-1.0
dbr-fix10-s27,dbr-fix10,27,11553792,0.95,-1.0
dbr-fix10-s27,dbr-fix10,27,11584512,0.9,-1.0
dbr-fix10-s27,dbr-fix10,27,11615232,0.93,-1.0
dbr-fix10-s27,dbr-fix10,27,11645952,0.89,-1.0
dbr-fix10-s27,dbr-fix10,27,11676672,0.91,-1.0
dbr-fix10-s27,dbr-fix10,27,11707392,0.89,-1.0
dbr-fix10-s27,dbr-fix10,27,11738112,0.9,-1.0
dbr-fix10-s27,dbr-fix10,27,11768832,0.96,-1.0
dbr-fix10-s27,dbr-fix10,27,11799552,0.93,-1.0
dbr-fix10-s27,dbr-fix10,27,11830272,0.93,-1.0
dbr-fix10-s27,dbr-fix10,27,11860992,0.9,-1.0
dbr-fix10-s27,dbr-fix10,27,11891712,0.93,-1.0
dbr-fix10-s27,dbr-fix10,27,11922432,0.84,-1.0
dbr-fix10-s27,dbr-fix10,27,11953152,0.94,-1.0
dbr-fix10-s27,dbr-fix10,27,11983872,0.92,-1.0
dbr-fix10-s27,dbr-fix10,27,12014592,0.91,-1.0
dbr-fix10-s27,dbr-fix10,27,12045312,0.93,-1.0
dbr-fix10-s27,dbr-fix10,27,12076032,0.92,-1.0
dbr-fix10-s27,dbr-fix10,27,12106752,0.95,-1.0
dbr-fix10-s27,dbr-fix10,27,12137472,0.91,-1.0
dbr-fix10-s27,dbr-fix10,27,12168192,0.87,-1.0
dbr-fix10-s27,dbr-fix10,27,12198912,0.91,-1.0
dbr-fix10-s27,dbr-fix10,27,12229632,0.94,-1.0
dbr-fix10-s27,dbr-fix10,27,12260352,0.91,-1.0
dbr-fix10-s27,dbr-fix10,27,12291072,0.93,-1.0
dbr-fix10-s27,dbr-fix10,27,12321792,0.87,-1.0
dbr-fix10-s27,dbr-fix10,27,12352512,0.93,-1.0
dbr-fix10-s27,dbr-fix10,27,12383232,0.94,-1.0
dbr-fix10-s27,dbr-fix10,27,12413952,0.94,-1.0
dbr-fix10-s27,dbr-fix10,27,12444672,0.93,-1.0
dbr-fix10-s27,dbr-fix10,27,12475392,0.92,-1.0
dbr-fix10-s27,dbr-fix10,27,12506112,0.93,-1.0
dbr-fix10-s27,dbr-fix10,27,12536832,0.92,-1.0
dbr-fix10-s27,dbr-fix10,27,12567552,0.9,-1.0
dbr-fix10-s27,dbr-fix10,27,12598272,0.87,-1.0
dbr-fix10-s27,dbr-fix10,27,12628992,0.93,-1.0
dbr-fix10-s27,dbr-fix10,27,12659712,0.95,-1.0
dbr-fix10-s27,dbr-fix10,27,12690432,0.92,-1.0
dbr-fix10-s27,dbr-fix10,27,12721152,0.9,-1.0
dbr-fix10-s27,dbr-fix10,27,12751872,0.93,-1.0
dbr-fix10-s27,dbr-fix10,27,12782592,0.93,-1.0
dbr-fix10-s27,dbr-fix10,27,12813312,0.95,-1.0
dbr-fix10-s27,dbr-fix10,27,12844032,0.93,-1.0
dbr-fix10-s27,dbr-fix10,27,12874752,0.9,-1.0
dbr-fix10-s27,dbr-fix10,27,12905472,0.92,-1.0
dbr-fix10-s27,dbr-fix10,27,12936192,0.92,-1.0
dbr-fix10-s27,dbr-fix10,27,12966912,0.94,-1.0
dbr-fix10-s27,dbr-fix10,27,12997632,0.96,-1.0
dbr-fix10-s27,dbr-fix10,27,13028352,0.96,-1.0
dbr-fix10-s27,dbr-fix10,27,13059072,0.95,-1.0
dbr-fix10-s27,dbr-fix10,27,13089792,0.94,-1.0
dbr-fix10-s27,dbr-fix10,27,13120512,0.9,-1.0
dbr-fix10-s27,dbr-fix10,27,13151232,0.94,-1.0
dbr-fix10-s27,dbr-fix10,27,13181952,0.9,-1.0
dbr-fix10-s27,dbr-fix10,27,13212672,0.95,-1.0
dbr-fix10-s27,dbr-fix10,27,13243392,0.99,-1.0
dbr-fix10-s27,dbr-fix10,27,13274112,0.92,-1.0
dbr-fix10-s27,dbr-fix10,27,13304832,0.96,-1.0
dbr-fix10-s27,dbr-fix10,27,13335552,0.94,-1.0
dbr-fix10-s27,dbr-fix10,27,13366272,0.91,-1.0
dbr-fix10-s27,dbr-fix10,27,13396992,0.94,-1.0
dbr-fix10-s27,dbr-fix10,27,13427712,0.97,-1.0
dbr-fix10-s27,dbr-fix10,27,13458432,0.96,-1.0
dbr-fix10-s27,dbr-fix10,27,13489152,0.92,-1.0
dbr-fix10-s27,dbr-fix10,27,13519872,0.92,-1.0
dbr-fix10-s27,dbr-fix10,27,13550592,0.95,-1.0
dbr-fix10-s27,dbr-fix10,27,13581312,0.94,-1.0
dbr-fix10-s27,dbr-fix10,27,13612032,0.95,-1.0
dbr-fix10-s27,dbr-fix10,27,13642752,0.91,-1.0
dbr-fix10-s27,dbr-fix10,27,13673472,0.95,-1.0
dbr-fix10-s27,dbr-fix10,27,13704192,0.91,-1.0
dbr-fix10-s27,dbr-fix10,27,13734912,0.98,-1.0
dbr-fix10-s27,dbr-fix10,27,13765632,0.93,-1.0
dbr-fix10-s27,dbr-fix10,27,13796352,0.98,-1.0
dbr-fix10-s27,dbr-fix10,27,13827072,0.92,-1.0
dbr-fix10-s27,dbr-fix10,27,13857792,0.98,-1.0
dbr-fix10-s27,dbr-fix10,27,13888512,0.92,-1.0
dbr-fix10-s27,dbr-fix10,27,13919232,0.94,-1.0
dbr-fix10-s27,dbr-fix10,27,13949952,0.94,-1.0
dbr-fix10-s27,dbr-fix10,27,13980672,0.96,-1.0
dbr-fix10-s27,dbr-fix10,27,14011392,0.98,-1.0
dbr-fix10-s27,dbr-fix10,27,14042112,0.96,-1.0
dbr-fix10-s27,dbr-fix10,27,14072832,0.92,-1.0
dbr-fix10-s27,dbr-fix10,27,14103552,0.93,-1.0
dbr-fix10-s27,dbr-fix10,27,14134272,0.98,-1.0
dbr-fix10-s27,dbr-fix10,27,14164992,0.92,-1.0
dbr-fix10-s27,dbr-fix10,27,14195712,0.96,-1.0
dbr-fix10-s27,dbr-fix10,27,14226432,0.96,-1.0
dbr-fix10-s27,dbr-fix10,27,14257152,0.96,-1.0
dbr-fix10-s27,dbr-fix10,27,14287872,0.97,-1.0
dbr-fix10-s27,dbr-fix10,27,14318592,0.96,-1.0
dbr-fix10-s27,dbr-fix10,27,14349312,0.95,-1.0
dbr-fix10-s27,dbr-fix10,27,14380032,0.99,-1.0
dbr-fix10-s27,dbr-fix10,27,14410752,0.95,-1.0
dbr-fix10-s27,dbr-fix10,27,14441472,0.94,-1.0
dbr-fix10-s27,dbr-fix10,27,14472192,0.97,-1.0
dbr-fix10-s27,dbr-fix10,27,14502912,0.94,-1.0
dbr-fix10-s27,dbr-fix10,27,14533632,0.95,-1.0
dbr-fix10-s27,dbr-fix10,27,14564352,0.98,-1.0
dbr-fix10-s27,dbr-fix10,27,14595072,0.98,-1.0
dbr-fix10-s27,dbr-fix10,27,14625792,0.98,-1.0
dbr-fix10-s27,dbr-fix10,27,14656512,0.95,-1.0
dbr-fix10-s27,dbr-fix10,27,14687232,0.97,-1.0
dbr-fix10-s27,dbr-fix10,27,14717952,0.98,-1.0
dbr-fix10-s27,dbr-fix10,27,14748672,0.97,-1.0
dbr-fix10-s27,dbr-fix10,27,14779392,0.97,-1.0
dbr-fix10-s27,dbr-fix10,27,14810112,0.97,-1.0
dbr-fix10-s27,dbr-fix10,27,14840832,0.98,-1.0
dbr-fix10-s27,dbr-fix10,27,14871552,1.0,-1.0
dbr-fix10-s27,dbr-fix10,27,14902272,0.96,-1.0
dbr-fix10-s27,dbr-fix10,27,14932992,0.94,-1.0
dbr-fix10-s27,dbr-fix10,27,14963712,0.94,-1.0
dbr-fix10-s27,dbr-fix10,27,14994432,0.96,-1.0
dbr-fix10-s27,dbr-fix10,27,14997504,0.98,-1.0
dbr-fix10-s28,dbr-fix10,28,4457472,0.67,-1.0
dbr-fix10-s28,dbr-fix10,28,4488192,0.67,-1.0
dbr-fix10-s28,dbr-fix10,28,4518912,0.62,-1.0
dbr-fix10-s28,dbr-fix10,28,4549632,0.58,-1.0
dbr-fix10-s28,dbr-fix10,28,4580352,0.62,-1.0
dbr-fix10-s28,dbr-fix10,28,4611072,0.57,-1.0
dbr-fix10-s28,dbr-fix10,28,4641792,0.61,-1.0
dbr-fix10-s28,dbr-fix10,28,4672512,0.63,-1.0
dbr-fix10-s28,dbr-fix10,28,4703232,0.64,-1.0
dbr-fix10-s28,dbr-fix10,28,4733952,0.6,-1.0
dbr-fix10-s28,dbr-fix10,28,4764672,0.61,-1.0
dbr-fix10-s28,dbr-fix10,28,4795392,0.6,-1.0
dbr-fix10-s28,dbr-fix10,28,4826112,0.56,-1.0
dbr-fix10-s28,dbr-fix10,28,4856832,0.68,-1.0
dbr-fix10-s28,dbr-fix10,28,4887552,0.65,-1.0
dbr-fix10-s28,dbr-fix10,28,4918272,0.7,-1.0
dbr-fix10-s28,dbr-fix10,28,4948992,0.58,-1.0
dbr-fix10-s28,dbr-fix10,28,4979712,0.74,-1.0
dbr-fix10-s28,dbr-fix10,28,5010432,0.71,-1.0
dbr-fix10-s28,dbr-fix10,28,5041152,0.7,-1.0
dbr-fix10-s28,dbr-fix10,28,5071872,0.74,-1.0
dbr-fix10-s28,dbr-fix10,28,5102592,0.7,-1.0
dbr-fix10-s28,dbr-fix10,28,5133312,0.64,-1.0
dbr-fix10-s28,dbr-fix10,28,5164032,0.67,-1.0
dbr-fix10-s28,dbr-fix10,28,5194752,0.64,-1.0
dbr-fix10-s28,dbr-fix10,28,5225472,0.75,-1.0
dbr-fix10-s28,dbr-fix10,28,5256192,0.76,-1.0
dbr-fix10-s28,dbr-fix10,28,5286912,0.66,-1.0
dbr-fix10-s28,dbr-fix10,28,5317632,0.69,-1.0
dbr-fix10-s28,dbr-fix10,28,5348352,0.71,-1.0
dbr-fix10-s28,dbr-fix10,28,5379072,0.68,-1.0
dbr-fix10-s28,dbr-fix10,28,5409792,0.76,-1.0
dbr-fix10-s28,dbr-fix10,28,5440512,0.63,-1.0
dbr-fix10-s28,dbr-fix10,28,5471232,0.76,-1.0
dbr-fix10-s28,dbr-fix10,28,5501952,0.64,-1.0
dbr-fix10-s28,dbr-fix10,28,5532672,0.77,-1.0
dbr-fix10-s28,dbr-fix10,28,5563392,0.64,-1.0
dbr-fix10-s28,dbr-fix10,28,5594112,0.77,-1.0
dbr-fix10-s28,dbr-fix10,28,5624832,0.74,-1.0
dbr-fix10-s28,dbr-fix10,28,5655552,0.74,-1.0
dbr-fix10-s28,dbr-fix10,28,5686272,0.72,-1.0
dbr-fix10-s28,dbr-fix10,28,5716992,0.72,-1.0
dbr-fix10-s28,dbr-fix10,28,5747712,0.69,-1.0
dbr-fix10-s28,dbr-fix10,28,5778432,0.8,-1.0
dbr-fix10-s28,dbr-fix10,28,5809152,0.71,-1.0
dbr-fix10-s28,dbr-fix10,28,5839872,0.83,-1.0
dbr-fix10-s28,dbr-fix10,28,5870592,0.71,-1.0
dbr-fix10-s28,dbr-fix10,28,5901312,0.71,-1.0
dbr-fix10-s28,dbr-fix10,28,5932032,0.8,-1.0
dbr-fix10-s28,dbr-fix10,28,5962752,0.77,-1.0
dbr-fix10-s28,dbr-fix10,28,5993472,0.76,-1.0
dbr-fix10-s28,dbr-fix10,28,6024192,0.73,-1.0
dbr-fix10-s28,dbr-fix10,28,6054912,0.77,-1.0
dbr-fix10-s28,dbr-fix10,28,6085632,0.79,-1.0
dbr-fix10-s28,dbr-fix10,28,6116352,0.81,-1.0
dbr-fix10-s28,dbr-fix10,28,6147072,0.78,-1.0
dbr-fix10-s28,dbr-fix10,28,6177792,0.8,-1.0
dbr-fix10-s28,dbr-fix10,28,6208512,0.77,-1.0
dbr-fix10-s28,dbr-fix10,28,6239232,0.72,-1.0
dbr-fix10-s28,dbr-fix10,28,6269952,0.75,-1.0
dbr-fix10-s28,dbr-fix10,28,6300672,0.87,-1.0
dbr-fix10-s28,dbr-fix10,28,6331392,0.7,-1.0
dbr-fix10-s28,dbr-fix10,28,6362112,0.8,-1.0
dbr-fix10-s28,dbr-fix10,28,6392832,0.78,-1.0
dbr-fix10-s28,dbr-fix10,28,6423552,0.74,-1.0
dbr-fix10-s28,dbr-fix10,28,6454272,0.82,-1.0
dbr-fix10-s28,dbr-fix10,28,6484992,0.76,-1.0
dbr-fix10-s28,dbr-fix10,28,6515712,0.83,-1.0
dbr-fix10-s28,dbr-fix10,28,6546432,0.8,-1.0
dbr-fix10-s28,dbr-fix10,28,6577152,0.81,-1.0
dbr-fix10-s28,dbr-fix10,28,6607872,0.81,-1.0
dbr-fix10-s28,dbr-fix10,28,6638592,0.84,-1.0
dbr-fix10-s28,dbr-fix10,28,6669312,0.86,-1.0
dbr-fix10-s28,dbr-fix10,28,6700032,0.9,-1.0
dbr-fix10-s28,dbr-fix10,28,6730752,0.86,-1.0
dbr-fix10-s28,dbr-fix10,28,6761472,0.8,-1.0
dbr-fix10-s28,dbr-fix10,28,6792192,0.8,-1.0
dbr-fix10-s28,dbr-fix10,28,6822912,0.84,-1.0
dbr-fix10-s28,dbr-fix10,28,6853632,0.83,-1.0
dbr-fix10-s28,dbr-fix10,28,6884352,0.82,-1.0
dbr-fix10-s28,dbr-fix10,28,6915072,0.76,-1.0
dbr-fix10-s28,dbr-fix10,28,6945792,0.88,-1.0
dbr-fix10-s28,dbr-fix10,28,6976512,0.78,-1.0
dbr-fix10-s28,dbr-fix10,28,7007232,0.74,-1.0
dbr-fix10-s28,dbr-fix10,28,7037952,0.83,-1.0
dbr-fix10-s28,dbr-fix10,28,7068672,0.76,-1.0
dbr-fix10-s28,dbr-fix10,28,7099392,0.83,-1.0
dbr-fix10-s28,dbr-fix10,28,7130112,0.79,-1.0
dbr-fix10-s28,dbr-fix10,28,7160832,0.92,-1.0
dbr-fix10-s28,dbr-fix10,28,7191552,0.8,-1.0
dbr-fix10-s28,dbr-fix10,28,7222272,0.85,-1.0
dbr-fix10-s28,dbr-fix10,28,7252992,0.84,-1.0
dbr-fix10-s28,dbr-fix10,28,7283712,0.89,-1.0
dbr-fix10-s28,dbr-fix10,28,7314432,0.82,-1.0
dbr-fix10-s28,dbr-fix10,28,7345152,0.89,-1.0
dbr-fix10-s28,dbr-fix10,28,7375872,0.84,-1.0
dbr-fix10-s28,dbr-fix10,28,7406592,0.84,-1.0
dbr-fix10-s28,dbr-fix10,28,7437312,0.81,-1.0
dbr-fix10-s28,dbr-fix10,28,7468032,0.75,-1.0
dbr-fix10-s28,dbr-fix10,28,7498752,0.9,-1.0
dbr-fix10-s28,dbr-fix10,28,7529472,0.8,-1.0
dbr-fix10-s28,dbr-fix10,28,7560192,0.85,-1.0
dbr-fix10-s28,dbr-fix10,28,7590912,0.81,-1.0
dbr-fix10-s28,dbr-fix10,28,7621632,0.77,-1.0
dbr-fix10-s28,dbr-fix10,28,7652352,0.92,-1.0
dbr-fix10-s28,dbr-fix10,28,7683072,0.84,-1.0
dbr-fix10-s28,dbr-fix10,28,7713792,0.8,-1.0
dbr-fix10-s28,dbr-fix10,28,7744512,0.91,-1.0
dbr-fix10-s28,dbr-fix10,28,7775232,0.81,-1.0
dbr-fix10-s28,dbr-fix10,28,7805952,0.82,-1.0
dbr-fix10-s28,dbr-fix10,28,7836672,0.89,-1.0
dbr-fix10-s28,dbr-fix10,28,7867392,0.9,-1.0
dbr-fix10-s28,dbr-fix10,28,7898112,0.95,-1.0
dbr-fix10-s28,dbr-fix10,28,7928832,0.88,-1.0
dbr-fix10-s28,dbr-fix10,28,7959552,0.93,-1.0
dbr-fix10-s28,dbr-fix10,28,7990272,0.88,-1.0
dbr-fix10-s28,dbr-fix10,28,8020992,0.89,-1.0
dbr-fix10-s28,dbr-fix10,28,8051712,0.87,-1.0
dbr-fix10-s28,dbr-fix10,28,8082432,0.88,-1.0
dbr-fix10-s28,dbr-fix10,28,8113152,0.86,-1.0
dbr-fix10-s28,dbr-fix10,28,8143872,0.86,-1.0
dbr-fix10-s28,dbr-fix10,28,8174592,0.85,-1.0
dbr-fix10-s28,dbr-fix10,28,8205312,0.88,-1.0
dbr-fix10-s28,dbr-fix10,28,8236032,0.92,-1.0
dbr-fix10-s28,dbr-fix10,28,8266752,0.87,-1.0
dbr-fix10-s28,dbr-fix10,28,8297472,0.91,-1.0
dbr-fix10-s28,dbr-fix10,28,8328192,0.85,-1.0
dbr-fix10-s28,dbr-fix10,28,8358912,0.88,-1.0
dbr-fix10-s28,dbr-fix10,28,8389632,0.85,-1.0
dbr-fix10-s28,dbr-fix10,28,8420352,0.91,-1.0
dbr-fix10-s28,dbr-fix10,28,8451072,0.87,-1.0
dbr-fix10-s28,dbr-fix10,28,8481792,0.9,-1.0
dbr-fix10-s28,dbr-fix10,28,8512512,0.9,-1.0
dbr-fix10-s28,dbr-fix10,28,8543232,0.86,-1.0
dbr-fix10-s28,dbr-fix10,28,8573952,0.83,-1.0
dbr-fix10-s28,dbr-fix10,28,8604672,0.82,-1.0
dbr-fix10-s28,dbr-fix10,28,8635392,0.92,-1.0
dbr-fix10-s28,dbr-fix10,28,8666112,0.94,-1.0
dbr-fix10-s28,dbr-fix10,28,8696832,0.9,-1.0
dbr-fix10-s28,dbr-fix10,28,8727552,0.84,-1.0
dbr-fix10-s28,dbr-fix10,28,8758272,0.84,-1.0
dbr-fix10-s28,dbr-fix10,28,8788992,0.89,-1.0
dbr-fix10-s28,dbr-fix10,28,8819712,0.9,-1.0
dbr-fix10-s28,dbr-fix10,28,8850432,0.87,-1.0
dbr-fix10-s28,dbr-fix10,28,8881152,0.89,-1.0
dbr-fix10-s28,dbr-fix10,28,8911872,0.9,-1.0
dbr-fix10-s28,dbr-fix10,28,8942592,0.87,-1.0
dbr-fix10-s28,dbr-fix10,28,8973312,0.93,-1.0
dbr-fix10-s28,dbr-fix10,28,9004032,0.88,-1.0
dbr-fix10-s28,dbr-fix10,28,9034752,0.86,-1.0
dbr-fix10-s28,dbr-fix10,28,9065472,0.92,-1.0
dbr-fix10-s28,dbr-fix10,28,9096192,0.87,-1.0
dbr-fix10-s28,dbr-fix10,28,9126912,0.91,-1.0
dbr-fix10-s28,dbr-fix10,28,9157632,0.92,-1.0
dbr-fix10-s28,dbr-fix10,28,9188352,0.81,-1.0
dbr-fix10-s28,dbr-fix10,28,9219072,0.87,-1.0
dbr-fix10-s28,dbr-fix10,28,9249792,0.89,-1.0
dbr-fix10-s28,dbr-fix10,28,9280512,0.92,-1.0
dbr-fix10-s28,dbr-fix10,28,9311232,0.9,-1.0
dbr-fix10-s28,dbr-fix10,28,9341952,0.91,-1.0
dbr-fix10-s28,dbr-fix10,28,9372672,0.88,-1.0
dbr-fix10-s28,dbr-fix10,28,9403392,0.97,-1.0
dbr-fix10-s28,dbr-fix10,28,9434112,0.89,-1.0
dbr-fix10-s28,dbr-fix10,28,9464832,0.94,-1.0
dbr-fix10-s28,dbr-fix10,28,9495552,0.87,-1.0
dbr-fix10-s28,dbr-fix10,28,9526272,0.91,-1.0
dbr-fix10-s28,dbr-fix10,28,9556992,0.82,-1.0
dbr-fix10-s28,dbr-fix10,28,9587712,0.91,-1.0
dbr-fix10-s28,dbr-fix10,28,9618432,0.89,-1.0
dbr-fix10-s28,dbr-fix10,28,9649152,0.92,-1.0
dbr-fix10-s28,dbr-fix10,28,9679872,0.95,-1.0
dbr-fix10-s28,dbr-fix10,28,9710592,0.96,-1.0
dbr-fix10-s28,dbr-fix10,28,9741312,0.94,-1.0
dbr-fix10-s28,dbr-fix10,28,9772032,0.83,-1.0
dbr-fix10-s28,dbr-fix10,28,9802752,0.94,-1.0
dbr-fix10-s28,dbr-fix10,28,9833472,0.79,-1.0
dbr-fix10-s28,dbr-fix10,28,9864192,0.92,-1.0
dbr-fix10-s28,dbr-fix10,28,9894912,0.9,-1.0
dbr-fix10-s28,dbr-fix10,28,9925632,0.91,-1.0
dbr-fix10-s28,dbr-fix10,28,9956352,0.93,-1.0
dbr-fix10-s28,dbr-fix10,28,9987072,0.89,-1.0
dbr-fix10-s28,dbr-fix10,28,10017792,0.94,-1.0
dbr-fix10-s28,dbr-fix10,28,10048512,0.91,-1.0
dbr-fix10-s28,dbr-fix10,28,10079232,0.89,-1.0
dbr-fix10-s28,dbr-fix10,28,10109952,0.93,-1.0
dbr-fix10-s28,dbr-fix10,28,10140672,0.89,-1.0
dbr-fix10-s28,dbr-fix10,28,10171392,0.86,-1.0
dbr-fix10-s28,dbr-fix10,28,10202112,0.92,-1.0
dbr-fix10-s28,dbr-fix10,28,10232832,0.88,-1.0
dbr-fix10-s28,dbr-fix10,28,10263552,0.92,-1.0
dbr-fix10-s28,dbr-fix10,28,10294272,0.91,-1.0
dbr-fix10-s28,dbr-fix10,28,10324992,0.91,-1.0
dbr-fix10-s28,dbr-fix10,28,10355712,0.94,-1.0
dbr-fix10-s28,dbr-fix10,28,10386432,0.89,-1.0
dbr-fix10-s28,dbr-fix10,28,10417152,0.91,-1.0
dbr-fix10-s28,dbr-fix10,28,10447872,0.88,-1.0
dbr-fix10-s28,dbr-fix10,28,10478592,0.92,-1.0
dbr-fix10-s28,dbr-fix10,28,10509312,0.87,-1.0
dbr-fix10-s28,dbr-fix10,28,10540032,0.91,-1.0
dbr-fix10-s28,dbr-fix10,28,10570752,0.92,-1.0
dbr-fix10-s28,dbr-fix10,28,10601472,0.94,-1.0
dbr-fix10-s28,dbr-fix10,28,10632192,0.85,-1.0
dbr-fix10-s28,dbr-fix10,28,10662912,0.91,-1.0
dbr-fix10-s28,dbr-fix10,28,10693632,0.95,-1.0
dbr-fix10-s28,dbr-fix10,28,10724352,0.97,-1.0
dbr-fix10-s28,dbr-fix10,28,10755072,0.91,-1.0
dbr-fix10-s28,dbr-fix10,28,10785792,0.94,-1.0
dbr-fix10-s28,dbr-fix10,28,10816512,0.89,-1.0
dbr-fix10-s28,dbr-fix10,28,10847232,0.91,-1.0
dbr-fix10-s28,dbr-fix10,28,10877952,0.92,-1.0
dbr-fix10-s28,dbr-fix10,28,10908672,0.95,-1.0
dbr-fix10-s28,dbr-fix10,28,10939392,0.9,-1.0
dbr-fix10-s28,dbr-fix10,28,10970112,0.92,-1.0
dbr-fix10-s28,dbr-fix10,28,11000832,0.9,-1.0
dbr-fix10-s28,dbr-fix10,28,11031552,0.87,-1.0
dbr-fix10-s28,dbr-fix10,28,11062272,0.9,-1.0
dbr-fix10-s28,dbr-fix10,28,11092992,0.94,-1.0
dbr-fix10-s28,dbr-fix10,28,11123712,0.91,-1.0
dbr-fix10-s28,dbr-fix10,28,11154432,0.9,-1.0
dbr-fix10-s28,dbr-fix10,28,11185152,0.97,-1.0
dbr-fix10-s28,dbr-fix10,28,11215872,0.94,-1.0
dbr-fix10-s28,dbr-fix10,28,11246592,0.89,-1.0
dbr-fix10-s28,dbr-fix10,28,11277312,0.92,-1.0
dbr-fix10-s28,dbr-fix10,28,11308032,0.91,-1.0
dbr-fix10-s28,dbr-fix10,28,11338752,0.91,-1.0
dbr-fix10-s28,dbr-fix10,28,11369472,0.93,-1.0
dbr-fix10-s28,dbr-fix10,28,11400192,0.94,-1.0
dbr-fix10-s28,dbr-fix10,28,11430912,0.92,-1.0
dbr-fix10-s28,dbr-fix10,28,11461632,0.93,-1.0
dbr-fix10-s28,dbr-fix10,28,11492352,0.87,-1.0
dbr-fix10-s28,dbr-fix10,28,11523072,0.91,-1.0
dbr-fix10-s28,dbr-fix10,28,11553792,0.9,-1.0
dbr-fix10-s28,dbr-fix10,28,11584512,0.98,-1.0
dbr-fix10-s28,dbr-fix10,28,11615232,0.89,-1.0
dbr-fix10-s28,dbr-fix10,28,11645952,0.93,-1.0
dbr-fix10-s28,dbr-fix10,28,11676672,0.92,-1.0
dbr-fix10-s28,dbr-fix10,28,11707392,0.93,-1.0
dbr-fix10-s28,dbr-fix10,28,11738112,0.92,-1.0
dbr-fix10-s28,dbr-fix10,28,11768832,0.92,-1.0
dbr-fix10-s28,dbr-fix10,28,11799552,0.91,-1.0
dbr-fix10-s28,dbr-fix10,28,11830272,0.93,-1.0
dbr-fix10-s28,dbr-fix10,28,11860992,0.96,-1.0
dbr-fix10-s28,dbr-fix10,28,11891712,0.95,-1.0
dbr-fix10-s28,dbr-fix10,28,11922432,0.91,-1.0
dbr-fix10-s28,dbr-fix10,28,11953152,0.95,-1.0
dbr-fix10-s28,dbr-fix10,28,11983872,0.9,-1.0
dbr-fix10-s28,dbr-fix10,28,12014592,0.95,-1.0
dbr-fix10-s28,dbr-fix10,28,12045312,0.95,-1.0
dbr-fix10-s28,dbr-fix10,28,12076032,0.95,-1.0
dbr-fix10-s28,dbr-fix10,28,12106752,0.89,-1.0
dbr-fix10-s28,dbr-fix10,28,12137472,0.92,-1.0
dbr-fix10-s28,dbr-fix10,28,12168192,0.95,-1.0
dbr-fix10-s28,dbr-fix10,28,12198912,0.93,-1.0
dbr-fix10-s28,dbr-fix10,28,12229632,0.86,-1.0
dbr-fix10-s28,dbr-fix10,28,12260352,0.93,-1.0
dbr-fix10-s28,dbr-fix10,28,12291072,0.95,-1.0
dbr-fix10-s28,dbr-fix10,28,12321792,0.94,-1.0
dbr-fix10-s28,dbr-fix10,28,12352512,0.98,-1.0
dbr-fix10-s28,dbr-fix10,28,12383232,0.93,-1.0
dbr-fix10-s28,dbr-fix10,28,12413952,0.9,-1.0
dbr-fix10-s28,dbr-fix10,28,12444672,0.94,-1.0
dbr-fix10-s28,dbr-fix10,28,12475392,0.91,-1.0
dbr-fix10-s28,dbr-fix10,28,12506112,0.9,-1.0
dbr-fix10-s28,dbr-fix10,28,12536832,0.93,-1.0
dbr-fix10-s28,dbr-fix10,28,12567552,0.95,-1.0
dbr-fix10-s28,dbr-fix10,28,12598272,0.93,-1.0
dbr-fix10-s28,dbr-fix10,28,12628992,0.94,-1.0
dbr-fix10-s28,dbr-fix10,28,12659712,0.9,-1.0
dbr-fix10-s28,dbr-fix10,28,12690432,0.94,-1.0
dbr-fix10-s28,dbr-fix10,28,12721152,0.92,-1.0
dbr-fix10-s28,dbr-fix10,28,12751872,0.95,-1.0
dbr-fix10-s28,dbr-fix10,28,12782592,0.94,-1.0
dbr-fix10-s28,dbr-fix10,28,12813312,0.94,-1.0
dbr-fix10-s28,dbr-fix10,28,12844032,0.98,-1.0
dbr-fix10-s28,dbr-fix10,28,12874752,0.87,-1.0
dbr-fix10-s28,dbr-fix10,28,12905472,0.98,-1.0
dbr-fix10-s28,dbr-fix10,28,12936192,0.96,-1.0
dbr-fix10-s28,dbr-fix10,28,12966912,0.96,-1.0
dbr-fix10-s28,dbr-fix10,28,12997632,0.9,-1.0
dbr-fix10-s28,dbr-fix10,28,13028352,0.93,-1.0
dbr-fix10-s28,dbr-fix10,28,13059072,0.92,-1.0
dbr-fix10-s28,dbr-fix10,28,13089792,0.94,-1.0
dbr-fix10-s28,dbr-fix10,28,13120512,0.9,-1.0
dbr-fix10-s28,dbr-fix10,28,13151232,0.95,-1.0
dbr-fix10-s28,dbr-fix10,28,13181952,0.97,-1.0
dbr-fix10-s28,dbr-fix10,28,13212672,0.89,-1.0
dbr-fix10-s28,dbr-fix10,28,13243392,0.94,-1.0
dbr-fix10-s28,dbr-fix10,28,13274112,0.97,-1.0
dbr-fix10-s28,dbr-fix10,28,13304832,0.97,-1.0
dbr-fix10-s28,dbr-fix10,28,13335552,0.96,-1.0
dbr-fix10-s28,dbr-fix10,28,13366272,0.97,-1.0
dbr-fix10-s28,dbr-fix10,28,13396992,0.96,-1.0
dbr-fix10-s28,dbr-fix10,28,13427712,0.95,-1.0
dbr-fix10-s28,dbr-fix10,28,13458432,0.96,-1.0
dbr-fix10-s28,dbr-fix10,28,13489152,0.98,-1.0
dbr-fix10-s28,dbr-fix10,28,13519872,0.96,-1.0
dbr-fix10-s28,dbr-fix10,28,13550592,0.95,-1.0
dbr-fix10-s28,dbr-fix10,28,13581312,0.94,-1.0
dbr-fix10-s28,dbr-fix10,28,13612032,0.94,-1.0
dbr-fix10-s28,dbr-fix10,28,13642752,0.97,-1.0
dbr-fix10-s28,dbr-fix10,28,13673472,0.96,-1.0
dbr-fix10-s28,dbr-fix10,28,13704192,0.97,-1.0
dbr-fix10-s28,dbr-fix10,28,13734912,0.96,-1.0
dbr-fix10-s28,dbr-fix10,28,13765632,0.97,-1.0
dbr-fix10-s28,dbr-fix10,28,13796352,0.94,-1.0
dbr-fix10-s28,dbr-fix10,28,13827072,0.94,-1.0
dbr-fix10-s28,dbr-fix10,28,13857792,0.97,-1.0
dbr-fix10-s28,dbr-fix10,28,13888512,0.95,-1.0
dbr-fix10-s28,dbr-fix10,28,13919232,0.93,-1.0
dbr-fix10-s28,dbr-fix10,28,13949952,0.99,-1.0
dbr-fix10-s28,dbr-fix10,28,13980672,0.97,-1.0
dbr-fix10-s28,dbr-fix10,28,14011392,0.96,-1.0
dbr-fix10-s28,dbr-fix10,28,14042112,0.95,-1.0
dbr-fix10-s28,dbr-fix10,28,14072832,0.98,-1.0
dbr-fix10-s28,dbr-fix10,28,14103552,0.96,-1.0
dbr-fix10-s28,dbr-fix10,28,14134272,0.94,-1.0
dbr-fix10-s28,dbr-fix10,28,14164992,0.95,-1.0
dbr-fix10-s28,dbr-fix10,28,14195712,0.94,-1.0
dbr-fix10-s28,dbr-fix10,28,14226432,0.92,-1.0
dbr-fix10-s28,dbr-fix10,28,14257152,0.93,-1.0
dbr-fix10-s28,dbr-fix10,28,14287872,0.95,-1.0
dbr-fix10-s28,dbr-fix10,28,14318592,0.99,-1.0
dbr-fix10-s28,dbr-fix10,28,14349312,0.94,-1.0
dbr-fix10-s28,dbr-fix10,28,14380032,0.97,-1.0
dbr-fix10-s28,dbr-fix10,28,14410752,0.97,-1.0
dbr-fix10-s28,dbr-fix10,28,14441472,0.96,-1.0
dbr-fix10-s28,dbr-fix10,28,14472192,0.98,-1.0
dbr-fix10-s28,dbr-fix10,28,14502912,0.98,-1.0
dbr-fix10-s28,dbr-fix10,28,14533632,0.95,-1.0
dbr-fix10-s28,dbr-fix10,28,14564352,0.95,-1.0
dbr-fix10-s28,dbr-fix10,28,14595072,0.98,-1.0
dbr-fix10-s28,dbr-fix10,28,14625792,1.0,-1.0
dbr-fix10-s28,dbr-fix10,28,14656512,1.0,-1.0
dbr-fix10-s28,dbr-fix10,28,14687232,0.97,-1.0
dbr-fix10-s28,dbr-fix10,28,14717952,0.96,-1.0
dbr-fix10-s28,dbr-fix10,28,14748672,0.94,-1.0
dbr-fix10-s28,dbr-fix10,28,14779392,0.97,-1.0
dbr-fix10-s28,dbr-fix10,28,14810112,0.99,-1.0
dbr-fix10-s28,dbr-fix10,28,14840832,0.98,-1.0
dbr-fix10-s28,dbr-fix10,28,14871552,0.95,-1.0
dbr-fix10-s28,dbr-fix10,28,14902272,0.99,-1.0
dbr-fix10-s28,dbr-fix10,28,14932992,0.96,-1.0
dbr-fix10-s28,dbr-fix10,28,14963712,0.97,-1.0
dbr-fix10-s28,dbr-fix10,28,14994432,0.96,-1.0
dbr-fix10-s28,dbr-fix10,28,14997504,0.98,-1.0
dbr-b2035-s28,dbr-b2035,28,4457472,0.67,-1.0
dbr-b2035-s28,dbr-b2035,28,4488192,0.46,-0.669
dbr-b2035-s28,dbr-b2035,28,4518912,0.61,-0.429
dbr-b2035-s28,dbr-b2035,28,4549632,0.36,-0.269
dbr-b2035-s28,dbr-b2035,28,4580352,0.45,-0.131
dbr-b2035-s28,dbr-b2035,28,4611072,0.41,0.015
dbr-b2035-s28,dbr-b2035,28,4641792,0.32,0.058
dbr-b2035-s28,dbr-b2035,28,4672512,0.3,0.071
dbr-b2035-s28,dbr-b2035,28,4703232,0.23,0.062
dbr-b2035-s28,dbr-b2035,28,4733952,0.32,0.083
dbr-b2035-s28,dbr-b2035,28,4764672,0.29,0.071
dbr-b2035-s28,dbr-b2035,28,4795392,0.18,0.071
dbr-b2035-s28,dbr-b2035,28,4826112,0.31,0.074
dbr-b2035-s28,dbr-b2035,28,4856832,0.28,0.085
dbr-b2035-s28,dbr-b2035,28,4887552,0.22,0.085
dbr-b2035-s28,dbr-b2035,28,4918272,0.33,0.085
dbr-b2035-s28,dbr-b2035,28,4948992,0.23,0.093
dbr-b2035-s28,dbr-b2035,28,4979712,0.24,0.093
dbr-b2035-s28,dbr-b2035,28,5010432,0.24,0.085
dbr-b2035-s28,dbr-b2035,28,5041152,0.27,0.096
dbr-b2035-s28,dbr-b2035,28,5071872,0.23,0.086
dbr-b2035-s28,dbr-b2035,28,5102592,0.33,0.091
dbr-b2035-s28,dbr-b2035,28,5133312,0.21,0.091
dbr-b2035-s28,dbr-b2035,28,5164032,0.19,0.092
dbr-b2035-s28,dbr-b2035,28,5194752,0.34,0.07
dbr-b2035-s28,dbr-b2035,28,5225472,0.35,0.08
dbr-b2035-s28,dbr-b2035,28,5256192,0.21,0.109
dbr-b2035-s28,dbr-b2035,28,5286912,0.22,0.109
dbr-b2035-s28,dbr-b2035,28,5317632,0.31,0.1
dbr-b2035-s28,dbr-b2035,28,5348352,0.36,0.1
dbr-b2035-s28,dbr-b2035,28,5379072,0.35,0.108
dbr-b2035-s28,dbr-b2035,28,5409792,0.25,0.098
dbr-b2035-s28,dbr-b2035,28,5440512,0.32,0.088
dbr-b2035-s28,dbr-b2035,28,5471232,0.28,0.08
dbr-b2035-s28,dbr-b2035,28,5501952,0.27,0.08
dbr-b2035-s28,dbr-b2035,28,5532672,0.25,0.088
dbr-b2035-s28,dbr-b2035,28,5563392,0.21,0.088
dbr-b2035-s28,dbr-b2035,28,5594112,0.24,0.08
dbr-b2035-s28,dbr-b2035,28,5624832,0.29,0.08
dbr-b2035-s28,dbr-b2035,28,5655552,0.34,0.08
dbr-b2035-s28,dbr-b2035,28,5686272,0.31,0.088
dbr-b2035-s28,dbr-b2035,28,5716992,0.26,0.098
dbr-b2035-s28,dbr-b2035,28,5747712,0.28,0.106
dbr-b2035-s28,dbr-b2035,28,5778432,0.33,0.106
dbr-b2035-s28,dbr-b2035,28,5809152,0.29,0.124
dbr-b2035-s28,dbr-b2035,28,5839872,0.27,0.107
dbr-b2035-s28,dbr-b2035,28,5870592,0.27,0.107
dbr-b2035-s28,dbr-b2035,28,5901312,0.32,0.121
dbr-b2035-s28,dbr-b2035,28,5932032,0.24,0.112
dbr-b2035-s28,dbr-b2035,28,5962752,0.23,0.115
dbr-b2035-s28,dbr-b2035,28,5993472,0.23,0.115
dbr-b2035-s28,dbr-b2035,28,6024192,0.27,0.115
dbr-b2035-s28,dbr-b2035,28,6054912,0.28,0.106
dbr-b2035-s28,dbr-b2035,28,6085632,0.23,0.128
dbr-b2035-s28,dbr-b2035,28,6116352,0.27,0.117
dbr-b2035-s28,dbr-b2035,28,6147072,0.18,0.117
dbr-b2035-s28,dbr-b2035,28,6177792,0.22,0.106
dbr-b2035-s28,dbr-b2035,28,6208512,0.33,0.106
dbr-b2035-s28,dbr-b2035,28,6239232,0.35,0.106
dbr-b2035-s28,dbr-b2035,28,6269952,0.28,0.114
dbr-b2035-s28,dbr-b2035,28,6300672,0.23,0.123
dbr-b2035-s28,dbr-b2035,28,6331392,0.19,0.099
dbr-b2035-s28,dbr-b2035,28,6362112,0.37,0.091
dbr-b2035-s28,dbr-b2035,28,6392832,0.26,0.116
dbr-b2035-s28,dbr-b2035,28,6423552,0.3,0.116
dbr-b2035-s28,dbr-b2035,28,6454272,0.29,0.137
dbr-b2035-s28,dbr-b2035,28,6484992,0.27,0.137
dbr-b2035-s28,dbr-b2035,28,6515712,0.3,0.137
dbr-b2035-s28,dbr-b2035,28,6546432,0.27,0.123
dbr-b2035-s28,dbr-b2035,28,6577152,0.28,0.114
dbr-b2035-s28,dbr-b2035,28,6607872,0.34,0.133
dbr-b2035-s28,dbr-b2035,28,6638592,0.27,0.142
dbr-b2035-s28,dbr-b2035,28,6669312,0.26,0.144
dbr-b2035-s28,dbr-b2035,28,6700032,0.22,0.144
dbr-b2035-s28,dbr-b2035,28,6730752,0.31,0.144
dbr-b2035-s28,dbr-b2035,28,6761472,0.32,0.153
dbr-b2035-s28,dbr-b2035,28,6792192,0.32,0.133
dbr-b2035-s28,dbr-b2035,28,6822912,0.29,0.145
dbr-b2035-s28,dbr-b2035,28,6853632,0.27,0.145
dbr-b2035-s28,dbr-b2035,28,6884352,0.21,0.136
dbr-b2035-s28,dbr-b2035,28,6915072,0.21,0.136
dbr-b2035-s28,dbr-b2035,28,6945792,0.25,0.145
dbr-b2035-s28,dbr-b2035,28,6976512,0.28,0.145
dbr-b2035-s28,dbr-b2035,28,7007232,0.23,0.145
dbr-b2035-s28,dbr-b2035,28,7037952,0.24,0.146
dbr-b2035-s28,dbr-b2035,28,7068672,0.28,0.146
dbr-b2035-s28,dbr-b2035,28,7099392,0.29,0.146
dbr-b2035-s28,dbr-b2035,28,7130112,0.21,0.155
dbr-b2035-s28,dbr-b2035,28,7160832,0.29,0.155
dbr-b2035-s28,dbr-b2035,28,7191552,0.25,0.147
dbr-b2035-s28,dbr-b2035,28,7222272,0.36,0.148
dbr-b2035-s28,dbr-b2035,28,7252992,0.3,0.156
dbr-b2035-s28,dbr-b2035,28,7283712,0.26,0.165
dbr-b2035-s28,dbr-b2035,28,7314432,0.32,0.155
dbr-b2035-s28,dbr-b2035,28,7345152,0.22,0.155
dbr-b2035-s28,dbr-b2035,28,7375872,0.29,0.147
dbr-b2035-s28,dbr-b2035,28,7406592,0.24,0.156
dbr-b2035-s28,dbr-b2035,28,7437312,0.27,0.156
dbr-b2035-s28,dbr-b2035,28,7468032,0.38,0.147
dbr-b2035-s28,dbr-b2035,28,7498752,0.18,0.157
dbr-b2035-s28,dbr-b2035,28,7529472,0.28,0.148
dbr-b2035-s28,dbr-b2035,28,7560192,0.26,0.166
dbr-b2035-s28,dbr-b2035,28,7590912,0.3,0.166
dbr-b2035-s28,dbr-b2035,28,7621632,0.23,0.166
dbr-b2035-s28,dbr-b2035,28,7652352,0.33,0.166
dbr-b2035-s28,dbr-b2035,28,7683072,0.28,0.174
dbr-b2035-s28,dbr-b2035,28,7713792,0.28,0.165
dbr-b2035-s28,dbr-b2035,28,7744512,0.38,0.173
dbr-b2035-s28,dbr-b2035,28,7775232,0.27,0.184
dbr-b2035-s28,dbr-b2035,28,7805952,0.21,0.184
dbr-b2035-s28,dbr-b2035,28,7836672,0.25,0.184
dbr-b2035-s28,dbr-b2035,28,7867392,0.26,0.172
dbr-b2035-s28,dbr-b2035,28,7898112,0.17,0.164
dbr-b2035-s28,dbr-b2035,28,7928832,0.25,0.152
dbr-b2035-s28,dbr-b2035,28,7959552,0.31,0.17
dbr-b2035-s28,dbr-b2035,28,7990272,0.31,0.17
dbr-b2035-s28,dbr-b2035,28,8020992,0.32,0.17
dbr-b2035-s28,dbr-b2035,28,8051712,0.43,0.17
dbr-b2035-s28,dbr-b2035,28,8082432,0.28,0.186
dbr-b2035-s28,dbr-b2035,28,8113152,0.27,0.172
dbr-b2035-s28,dbr-b2035,28,8143872,0.33,0.172
dbr-b2035-s28,dbr-b2035,28,8174592,0.3,0.172
dbr-b2035-s28,dbr-b2035,28,8205312,0.33,0.172
dbr-b2035-s28,dbr-b2035,28,8236032,0.27,0.182
dbr-b2035-s28,dbr-b2035,28,8266752,0.24,0.194
dbr-b2035-s28,dbr-b2035,28,8297472,0.27,0.194
dbr-b2035-s28,dbr-b2035,28,8328192,0.31,0.194
dbr-b2035-s28,dbr-b2035,28,8358912,0.26,0.194
dbr-b2035-s28,dbr-b2035,28,8389632,0.28,0.194
dbr-b2035-s28,dbr-b2035,28,8420352,0.32,0.195
dbr-b2035-s28,dbr-b2035,28,8451072,0.3,0.187
dbr-b2035-s28,dbr-b2035,28,8481792,0.32,0.196
dbr-b2035-s28,dbr-b2035,28,8512512,0.25,0.196
dbr-b2035-s28,dbr-b2035,28,8543232,0.29,0.196
dbr-b2035-s28,dbr-b2035,28,8573952,0.26,0.188
dbr-b2035-s28,dbr-b2035,28,8604672,0.31,0.188
dbr-b2035-s28,dbr-b2035,28,8635392,0.26,0.196
dbr-b2035-s28,dbr-b2035,28,8666112,0.37,0.196
dbr-b2035-s28,dbr-b2035,28,8696832,0.25,0.206
dbr-b2035-s28,dbr-b2035,28,8727552,0.28,0.206
dbr-b2035-s28,dbr-b2035,28,8758272,0.28,0.206
dbr-b2035-s28,dbr-b2035,28,8788992,0.33,0.206
dbr-b2035-s28,dbr-b2035,28,8819712,0.24,0.215
dbr-b2035-s28,dbr-b2035,28,8850432,0.26,0.213
dbr-b2035-s28,dbr-b2035,28,8881152,0.38,0.213
dbr-b2035-s28,dbr-b2035,28,8911872,0.32,0.225
dbr-b2035-s28,dbr-b2035,28,8942592,0.33,0.229
dbr-b2035-s28,dbr-b2035,28,8973312,0.18,0.229
dbr-b2035-s28,dbr-b2035,28,9004032,0.24,0.236
dbr-b2035-s28,dbr-b2035,28,9034752,0.38,0.228
dbr-b2035-s28,dbr-b2035,28,9065472,0.28,0.238
dbr-b2035-s28,dbr-b2035,28,9096192,0.23,0.238
dbr-b2035-s28,dbr-b2035,28,9126912,0.26,0.229
dbr-b2035-s28,dbr-b2035,28,9157632,0.3,0.237
dbr-b2035-s28,dbr-b2035,28,9188352,0.34,0.237
dbr-b2035-s28,dbr-b2035,28,9219072,0.3,0.217
dbr-b2035-s28,dbr-b2035,28,9249792,0.38,0.217
dbr-b2035-s28,dbr-b2035,28,9280512,0.27,0.236
dbr-b2035-s28,dbr-b2035,28,9311232,0.21,0.256
dbr-b2035-s28,dbr-b2035,28,9341952,0.28,0.256
dbr-b2035-s28,dbr-b2035,28,9372672,0.25,0.245
dbr-b2035-s28,dbr-b2035,28,9403392,0.2,0.245
dbr-b2035-s28,dbr-b2035,28,9434112,0.34,0.236
dbr-b2035-s28,dbr-b2035,28,9464832,0.33,0.254
dbr-b2035-s28,dbr-b2035,28,9495552,0.3,0.254
dbr-b2035-s28,dbr-b2035,28,9526272,0.28,0.254
dbr-b2035-s28,dbr-b2035,28,9556992,0.22,0.254
dbr-b2035-s28,dbr-b2035,28,9587712,0.17,0.254
dbr-b2035-s28,dbr-b2035,28,9618432,0.33,0.234
dbr-b2035-s28,dbr-b2035,28,9649152,0.25,0.243
dbr-b2035-s28,dbr-b2035,28,9679872,0.3,0.252
dbr-b2035-s28,dbr-b2035,28,9710592,0.3,0.262
dbr-b2035-s28,dbr-b2035,28,9741312,0.29,0.262
dbr-b2035-s28,dbr-b2035,28,9772032,0.32,0.257
dbr-b2035-s28,dbr-b2035,28,9802752,0.29,0.257
dbr-b2035-s28,dbr-b2035,28,9833472,0.34,0.245
dbr-b2035-s28,dbr-b2035,28,9864192,0.33,0.254
dbr-b2035-s28,dbr-b2035,28,9894912,0.28,0.262
dbr-b2035-s28,dbr-b2035,28,9925632,0.26,0.262
dbr-b2035-s28,dbr-b2035,28,9956352,0.24,0.262
dbr-b2035-s28,dbr-b2035,28,9987072,0.3,0.262
dbr-b2035-s28,dbr-b2035,28,10017792,0.31,0.262
dbr-b2035-s28,dbr-b2035,28,10048512,0.27,0.28
dbr-b2035-s28,dbr-b2035,28,10079232,0.27,0.289
dbr-b2035-s28,dbr-b2035,28,10109952,0.21,0.289
dbr-b2035-s28,dbr-b2035,28,10140672,0.31,0.299
dbr-b2035-s28,dbr-b2035,28,10171392,0.2,0.311
dbr-b2035-s28,dbr-b2035,28,10202112,0.25,0.311
dbr-b2035-s28,dbr-b2035,28,10232832,0.27,0.302
dbr-b2035-s28,dbr-b2035,28,10263552,0.21,0.294
dbr-b2035-s28,dbr-b2035,28,10294272,0.23,0.294
dbr-b2035-s28,dbr-b2035,28,10324992,0.24,0.294
dbr-b2035-s28,dbr-b2035,28,10355712,0.2,0.285
dbr-b2035-s28,dbr-b2035,28,10386432,0.21,0.295
dbr-b2035-s28,dbr-b2035,28,10417152,0.27,0.315
dbr-b2035-s28,dbr-b2035,28,10447872,0.35,0.315
dbr-b2035-s28,dbr-b2035,28,10478592,0.31,0.315
dbr-b2035-s28,dbr-b2035,28,10509312,0.28,0.315
dbr-b2035-s28,dbr-b2035,28,10540032,0.29,0.305
dbr-b2035-s28,dbr-b2035,28,10570752,0.28,0.305
dbr-b2035-s28,dbr-b2035,28,10601472,0.28,0.315
dbr-b2035-s28,dbr-b2035,28,10632192,0.27,0.32
dbr-b2035-s28,dbr-b2035,28,10662912,0.25,0.324
dbr-b2035-s28,dbr-b2035,28,10693632,0.27,0.317
dbr-b2035-s28,dbr-b2035,28,10724352,0.27,0.317
dbr-b2035-s28,dbr-b2035,28,10755072,0.26,0.327
dbr-b2035-s28,dbr-b2035,28,10785792,0.3,0.338
dbr-b2035-s28,dbr-b2035,28,10816512,0.24,0.338
dbr-b2035-s28,dbr-b2035,28,10847232,0.26,0.338
dbr-b2035-s28,dbr-b2035,28,10877952,0.25,0.326
dbr-b2035-s28,dbr-b2035,28,10908672,0.28,0.33
dbr-b2035-s28,dbr-b2035,28,10939392,0.2,0.339
dbr-b2035-s28,dbr-b2035,28,10970112,0.26,0.347
dbr-b2035-s28,dbr-b2035,28,11000832,0.2,0.356
dbr-b2035-s28,dbr-b2035,28,11031552,0.24,0.364
dbr-b2035-s28,dbr-b2035,28,11062272,0.31,0.354
dbr-b2035-s28,dbr-b2035,28,11092992,0.26,0.354
dbr-b2035-s28,dbr-b2035,28,11123712,0.24,0.354
dbr-b2035-s28,dbr-b2035,28,11154432,0.25,0.354
dbr-b2035-s28,dbr-b2035,28,11185152,0.27,0.354
dbr-b2035-s28,dbr-b2035,28,11215872,0.35,0.354
dbr-b2035-s28,dbr-b2035,28,11246592,0.25,0.345
dbr-b2035-s28,dbr-b2035,28,11277312,0.38,0.345
dbr-b2035-s28,dbr-b2035,28,11308032,0.22,0.356
dbr-b2035-s28,dbr-b2035,28,11338752,0.28,0.356
dbr-b2035-s28,dbr-b2035,28,11369472,0.21,0.356
dbr-b2035-s28,dbr-b2035,28,11400192,0.28,0.364
dbr-b2035-s28,dbr-b2035,28,11430912,0.23,0.364
dbr-b2035-s28,dbr-b2035,28,11461632,0.27,0.364
dbr-b2035-s28,dbr-b2035,28,11492352,0.33,0.347
dbr-b2035-s28,dbr-b2035,28,11523072,0.26,0.347
dbr-b2035-s28,dbr-b2035,28,11553792,0.26,0.347
dbr-b2035-s28,dbr-b2035,28,11584512,0.29,0.347
dbr-b2035-s28,dbr-b2035,28,11615232,0.32,0.347
dbr-b2035-s28,dbr-b2035,28,11645952,0.27,0.347
dbr-b2035-s28,dbr-b2035,28,11676672,0.27,0.347
dbr-b2035-s28,dbr-b2035,28,11707392,0.27,0.347
dbr-b2035-s28,dbr-b2035,28,11738112,0.26,0.372
dbr-b2035-s28,dbr-b2035,28,11768832,0.22,0.406
dbr-b2035-s28,dbr-b2035,28,11799552,0.26,0.406
dbr-b2035-s28,dbr-b2035,28,11830272,0.3,0.397
dbr-b2035-s28,dbr-b2035,28,11860992,0.25,0.396
dbr-b2035-s28,dbr-b2035,28,11891712,0.24,0.387
dbr-b2035-s28,dbr-b2035,28,11922432,0.29,0.381
dbr-b2035-s28,dbr-b2035,28,11953152,0.34,0.372
dbr-b2035-s28,dbr-b2035,28,11983872,0.35,0.372
dbr-b2035-s28,dbr-b2035,28,12014592,0.19,0.372
dbr-b2035-s28,dbr-b2035,28,12045312,0.31,0.364
dbr-b2035-s28,dbr-b2035,28,12076032,0.27,0.373
dbr-b2035-s28,dbr-b2035,28,12106752,0.32,0.373
dbr-b2035-s28,dbr-b2035,28,12137472,0.3,0.373
dbr-b2035-s28,dbr-b2035,28,12168192,0.24,0.382
dbr-b2035-s28,dbr-b2035,28,12198912,0.29,0.382
dbr-b2035-s28,dbr-b2035,28,12229632,0.27,0.382
dbr-b2035-s28,dbr-b2035,28,12260352,0.23,0.382
dbr-b2035-s28,dbr-b2035,28,12291072,0.27,0.39
dbr-b2035-s28,dbr-b2035,28,12321792,0.29,0.387
dbr-b2035-s28,dbr-b2035,28,12352512,0.34,0.387
dbr-b2035-s28,dbr-b2035,28,12383232,0.3,0.387
dbr-b2035-s28,dbr-b2035,28,12413952,0.18,0.387
dbr-b2035-s28,dbr-b2035,28,12444672,0.31,0.378
dbr-b2035-s28,dbr-b2035,28,12475392,0.3,0.392
dbr-b2035-s28,dbr-b2035,28,12506112,0.36,0.381
dbr-b2035-s28,dbr-b2035,28,12536832,0.25,0.409
dbr-b2035-s28,dbr-b2035,28,12567552,0.29,0.422
dbr-b2035-s28,dbr-b2035,28,12598272,0.24,0.422
dbr-b2035-s28,dbr-b2035,28,12628992,0.26,0.409
dbr-b2035-s28,dbr-b2035,28,12659712,0.27,0.409
dbr-b2035-s28,dbr-b2035,28,12690432,0.36,0.409
dbr-b2035-s28,dbr-b2035,28,12721152,0.25,0.418
dbr-b2035-s28,dbr-b2035,28,12751872,0.32,0.428
dbr-b2035-s28,dbr-b2035,28,12782592,0.27,0.437
dbr-b2035-s28,dbr-b2035,28,12813312,0.29,0.437
dbr-b2035-s28,dbr-b2035,28,12844032,0.19,0.427
dbr-b2035-s28,dbr-b2035,28,12874752,0.25,0.419
dbr-b2035-s28,dbr-b2035,28,12905472,0.32,0.427
dbr-b2035-s28,dbr-b2035,28,12936192,0.33,0.44
dbr-b2035-s28,dbr-b2035,28,12966912,0.22,0.44
dbr-b2035-s28,dbr-b2035,28,12997632,0.28,0.44
dbr-b2035-s28,dbr-b2035,28,13028352,0.27,0.44
dbr-b2035-s28,dbr-b2035,28,13059072,0.31,0.44
dbr-b2035-s28,dbr-b2035,28,13089792,0.27,0.448
dbr-b2035-s28,dbr-b2035,28,13120512,0.23,0.461
dbr-b2035-s28,dbr-b2035,28,13151232,0.24,0.461
dbr-b2035-s28,dbr-b2035,28,13181952,0.21,0.461
dbr-b2035-s28,dbr-b2035,28,13212672,0.29,0.452
dbr-b2035-s28,dbr-b2035,28,13243392,0.36,0.452
dbr-b2035-s28,dbr-b2035,28,13274112,0.32,0.461
dbr-b2035-s28,dbr-b2035,28,13304832,0.32,0.461
dbr-b2035-s28,dbr-b2035,28,13335552,0.3,0.461
dbr-b2035-s28,dbr-b2035,28,13366272,0.31,0.469
dbr-b2035-s28,dbr-b2035,28,13396992,0.22,0.469
dbr-b2035-s28,dbr-b2035,28,13427712,0.31,0.467
dbr-b2035-s28,dbr-b2035,28,13458432,0.26,0.467
dbr-b2035-s28,dbr-b2035,28,13489152,0.2,0.467
dbr-b2035-s28,dbr-b2035,28,13519872,0.28,0.467
dbr-b2035-s28,dbr-b2035,28,13550592,0.27,0.458
dbr-b2035-s28,dbr-b2035,28,13581312,0.27,0.458
dbr-b2035-s28,dbr-b2035,28,13612032,0.27,0.481
dbr-b2035-s28,dbr-b2035,28,13642752,0.25,0.472
dbr-b2035-s28,dbr-b2035,28,13673472,0.2,0.472
dbr-b2035-s28,dbr-b2035,28,13704192,0.23,0.472
dbr-b2035-s28,dbr-b2035,28,13734912,0.26,0.472
dbr-b2035-s28,dbr-b2035,28,13765632,0.31,0.481
dbr-b2035-s28,dbr-b2035,28,13796352,0.34,0.469
dbr-b2035-s28,dbr-b2035,28,13827072,0.22,0.469
dbr-b2035-s28,dbr-b2035,28,13857792,0.28,0.461
dbr-b2035-s28,dbr-b2035,28,13888512,0.36,0.471
dbr-b2035-s28,dbr-b2035,28,13919232,0.19,0.48
dbr-b2035-s28,dbr-b2035,28,13949952,0.25,0.471
dbr-b2035-s28,dbr-b2035,28,13980672,0.33,0.471
dbr-b2035-s28,dbr-b2035,28,14011392,0.28,0.48
dbr-b2035-s28,dbr-b2035,28,14042112,0.31,0.471
dbr-b2035-s28,dbr-b2035,28,14072832,0.21,0.471
dbr-b2035-s28,dbr-b2035,28,14103552,0.29,0.459
dbr-b2035-s28,dbr-b2035,28,14134272,0.3,0.476
dbr-b2035-s28,dbr-b2035,28,14164992,0.27,0.487
dbr-b2035-s28,dbr-b2035,28,14195712,0.25,0.478
dbr-b2035-s28,dbr-b2035,28,14226432,0.33,0.478
dbr-b2035-s28,dbr-b2035,28,14257152,0.31,0.478
dbr-b2035-s28,dbr-b2035,28,14287872,0.26,0.469
dbr-b2035-s28,dbr-b2035,28,14318592,0.24,0.483
dbr-b2035-s28,dbr-b2035,28,14349312,0.27,0.483
dbr-b2035-s28,dbr-b2035,28,14380032,0.31,0.516
dbr-b2035-s28,dbr-b2035,28,14410752,0.27,0.516
dbr-b2035-s28,dbr-b2035,28,14441472,0.28,0.516
dbr-b2035-s28,dbr-b2035,28,14472192,0.28,0.516
dbr-b2035-s28,dbr-b2035,28,14502912,0.3,0.524
dbr-b2035-s28,dbr-b2035,28,14533632,0.25,0.524
dbr-b2035-s28,dbr-b2035,28,14564352,0.34,0.524
dbr-b2035-s28,dbr-b2035,28,14595072,0.24,0.515
dbr-b2035-s28,dbr-b2035,28,14625792,0.3,0.515
dbr-b2035-s28,dbr-b2035,28,14656512,0.25,0.515
dbr-b2035-s28,dbr-b2035,28,14687232,0.41,0.525
dbr-b2035-s28,dbr-b2035,28,14717952,0.3,0.539
dbr-b2035-s28,dbr-b2035,28,14748672,0.27,0.541
dbr-b2035-s28,dbr-b2035,28,14779392,0.21,0.541
dbr-b2035-s28,dbr-b2035,28,14810112,0.28,0.541
dbr-b2035-s28,dbr-b2035,28,14840832,0.23,0.549
dbr-b2035-s28,dbr-b2035,28,14871552,0.32,0.549
dbr-b2035-s28,dbr-b2035,28,14902272,0.29,0.549
dbr-b2035-s28,dbr-b2035,28,14932992,0.25,0.518
dbr-b2035-s28,dbr-b2035,28,14963712,0.23,0.526
dbr-b2035-s28,dbr-b2035,28,14994432,0.26,0.526
dbr-b2035-s28,dbr-b2035,28,14997504,0.37,0.526
dbr-b2035-s29,dbr-b2035,29,4918272,0.68,-1.0
dbr-b2035-s29,dbr-b2035,29,4948992,0.59,-0.662
dbr-b2035-s29,dbr-b2035,29,4979712,0.47,-0.372
dbr-b2035-s29,dbr-b2035,29,5010432,0.42,-0.168
dbr-b2035-s29,dbr-b2035,29,5041152,0.42,0.019
dbr-b2035-s29,dbr-b2035,29,5071872,0.34,0.068
dbr-b2035-s29,dbr-b2035,29,5102592,0.34,0.068
dbr-b2035-s29,dbr-b2035,29,5133312,0.31,0.068
dbr-b2035-s29,dbr-b2035,29,5164032,0.28,0.086
dbr-b2035-s29,dbr-b2035,29,5194752,0.31,0.085
dbr-b2035-s29,dbr-b2035,29,5225472,0.23,0.085
dbr-b2035-s29,dbr-b2035,29,5256192,0.35,0.097
dbr-b2035-s29,dbr-b2035,29,5286912,0.28,0.097
dbr-b2035-s29,dbr-b2035,29,5317632,0.27,0.098
dbr-b2035-s29,dbr-b2035,29,5348352,0.33,0.106
dbr-b2035-s29,dbr-b2035,29,5379072,0.21,0.106
dbr-b2035-s29,dbr-b2035,29,5409792,0.3,0.106
dbr-b2035-s29,dbr-b2035,29,5440512,0.33,0.106
dbr-b2035-s29,dbr-b2035,29,5471232,0.29,0.096
dbr-b2035-s29,dbr-b2035,29,5501952,0.32,0.096
dbr-b2035-s29,dbr-b2035,29,5532672,0.26,0.104
dbr-b2035-s29,dbr-b2035,29,5563392,0.28,0.104
dbr-b2035-s29,dbr-b2035,29,5594112,0.38,0.104
dbr-b2035-s29,dbr-b2035,29,5624832,0.26,0.124
dbr-b2035-s29,dbr-b2035,29,5655552,0.19,0.133
dbr-b2035-s29,dbr-b2035,29,5686272,0.25,0.116
dbr-b2035-s29,dbr-b2035,29,5716992,0.33,0.116
dbr-b2035-s29,dbr-b2035,29,5747712,0.3,0.116
dbr-b2035-s29,dbr-b2035,29,5778432,0.25,0.116
dbr-b2035-s29,dbr-b2035,29,5809152,0.26,0.125
dbr-b2035-s29,dbr-b2035,29,5839872,0.34,0.125
dbr-b2035-s29,dbr-b2035,29,5870592,0.27,0.124
dbr-b2035-s29,dbr-b2035,29,5901312,0.24,0.116
dbr-b2035-s29,dbr-b2035,29,5932032,0.3,0.106
dbr-b2035-s29,dbr-b2035,29,5962752,0.27,0.116
dbr-b2035-s29,dbr-b2035,29,5993472,0.25,0.116
dbr-b2035-s29,dbr-b2035,29,6024192,0.22,0.128
dbr-b2035-s29,dbr-b2035,29,6054912,0.28,0.117
dbr-b2035-s29,dbr-b2035,29,6085632,0.28,0.135
dbr-b2035-s29,dbr-b2035,29,6116352,0.28,0.145
dbr-b2035-s29,dbr-b2035,29,6147072,0.27,0.145
dbr-b2035-s29,dbr-b2035,29,6177792,0.2,0.145
dbr-b2035-s29,dbr-b2035,29,6208512,0.26,0.145
dbr-b2035-s29,dbr-b2035,29,6239232,0.27,0.145
dbr-b2035-s29,dbr-b2035,29,6269952,0.29,0.136
dbr-b2035-s29,dbr-b2035,29,6300672,0.28,0.136
dbr-b2035-s29,dbr-b2035,29,6331392,0.33,0.144
dbr-b2035-s29,dbr-b2035,29,6362112,0.34,0.144
dbr-b2035-s29,dbr-b2035,29,6392832,0.27,0.144
dbr-b2035-s29,dbr-b2035,29,6423552,0.22,0.136
dbr-b2035-s29,dbr-b2035,29,6454272,0.26,0.127
dbr-b2035-s29,dbr-b2035,29,6484992,0.32,0.136
dbr-b2035-s29,dbr-b2035,29,6515712,0.25,0.147
dbr-b2035-s29,dbr-b2035,29,6546432,0.2,0.128
dbr-b2035-s29,dbr-b2035,29,6577152,0.31,0.128
dbr-b2035-s29,dbr-b2035,29,6607872,0.27,0.137
dbr-b2035-s29,dbr-b2035,29,6638592,0.24,0.137
dbr-b2035-s29,dbr-b2035,29,6669312,0.23,0.137
dbr-b2035-s29,dbr-b2035,29,6700032,0.3,0.137
dbr-b2035-s29,dbr-b2035,29,6730752,0.24,0.145
dbr-b2035-s29,dbr-b2035,29,6761472,0.27,0.137
dbr-b2035-s29,dbr-b2035,29,6792192,0.3,0.137
dbr-b2035-s29,dbr-b2035,29,6822912,0.3,0.147
dbr-b2035-s29,dbr-b2035,29,6853632,0.26,0.147
dbr-b2035-s29,dbr-b2035,29,6884352,0.26,0.147
dbr-b2035-s29,dbr-b2035,29,6915072,0.27,0.147
dbr-b2035-s29,dbr-b2035,29,6945792,0.25,0.146
dbr-b2035-s29,dbr-b2035,29,6976512,0.27,0.156
dbr-b2035-s29,dbr-b2035,29,7007232,0.27,0.166
dbr-b2035-s29,dbr-b2035,29,7037952,0.26,0.156
dbr-b2035-s29,dbr-b2035,29,7068672,0.28,0.145
dbr-b2035-s29,dbr-b2035,29,7099392,0.28,0.145
dbr-b2035-s29,dbr-b2035,29,7130112,0.31,0.145
dbr-b2035-s29,dbr-b2035,29,7160832,0.33,0.15
dbr-b2035-s29,dbr-b2035,29,7191552,0.35,0.159
dbr-b2035-s29,dbr-b2035,29,7222272,0.3,0.159
dbr-b2035-s29,dbr-b2035,29,7252992,0.24,0.159
dbr-b2035-s29,dbr-b2035,29,7283712,0.21,0.15
dbr-b2035-s29,dbr-b2035,29,7314432,0.41,0.14
dbr-b2035-s29,dbr-b2035,29,7345152,0.27,0.163
dbr-b2035-s29,dbr-b2035,29,7375872,0.3,0.145
dbr-b2035-s29,dbr-b2035,29,7406592,0.38,0.153
dbr-b2035-s29,dbr-b2035,29,7437312,0.32,0.164
dbr-b2035-s29,dbr-b2035,29,7468032,0.2,0.164
dbr-b2035-s29,dbr-b2035,29,7498752,0.25,0.164
dbr-b2035-s29,dbr-b2035,29,7529472,0.25,0.164
dbr-b2035-s29,dbr-b2035,29,7560192,0.31,0.177
dbr-b2035-s29,dbr-b2035,29,7590912,0.16,0.177
dbr-b2035-s29,dbr-b2035,29,7621632,0.24,0.166
dbr-b2035-s29,dbr-b2035,29,7652352,0.25,0.166
dbr-b2035-s29,dbr-b2035,29,7683072,0.21,0.179
dbr-b2035-s29,dbr-b2035,29,7713792,0.25,0.17
dbr-b2035-s29,dbr-b2035,29,7744512,0.27,0.158
dbr-b2035-s29,dbr-b2035,29,7775232,0.29,0.146
dbr-b2035-s29,dbr-b2035,29,7805952,0.44,0.155
dbr-b2035-s29,dbr-b2035,29,7836672,0.27,0.172
dbr-b2035-s29,dbr-b2035,29,7867392,0.28,0.184
dbr-b2035-s29,dbr-b2035,29,7898112,0.32,0.184
dbr-b2035-s29,dbr-b2035,29,7928832,0.2,0.175
dbr-b2035-s29,dbr-b2035,29,7959552,0.28,0.184
dbr-b2035-s29,dbr-b2035,29,7990272,0.36,0.172
dbr-b2035-s29,dbr-b2035,29,8020992,0.32,0.18
dbr-b2035-s29,dbr-b2035,29,8051712,0.31,0.18
dbr-b2035-s29,dbr-b2035,29,8082432,0.24,0.18
dbr-b2035-s29,dbr-b2035,29,8113152,0.29,0.191
dbr-b2035-s29,dbr-b2035,29,8143872,0.26,0.191
dbr-b2035-s29,dbr-b2035,29,8174592,0.3,0.201
dbr-b2035-s29,dbr-b2035,29,8205312,0.23,0.201
dbr-b2035-s29,dbr-b2035,29,8236032,0.18,0.201
dbr-b2035-s29,dbr-b2035,29,8266752,0.32,0.192
dbr-b2035-s29,dbr-b2035,29,8297472,0.27,0.204
dbr-b2035-s29,dbr-b2035,29,8328192,0.25,0.199
dbr-b2035-s29,dbr-b2035,29,8358912,0.34,0.199
dbr-b2035-s29,dbr-b2035,29,8389632,0.33,0.196
dbr-b2035-s29,dbr-b2035,29,8420352,0.26,0.196
dbr-b2035-s29,dbr-b2035,29,8451072,0.24,0.196
dbr-b2035-s29,dbr-b2035,29,8481792,0.34,0.188
dbr-b2035-s29,dbr-b2035,29,8512512,0.27,0.188
dbr-b2035-s29,dbr-b2035,29,8543232,0.37,0.196
dbr-b2035-s29,dbr-b2035,29,8573952,0.25,0.195
dbr-b2035-s29,dbr-b2035,29,8604672,0.33,0.204
dbr-b2035-s29,dbr-b2035,29,8635392,0.25,0.214
dbr-b2035-s29,dbr-b2035,29,8666112,0.32,0.225
dbr-b2035-s29,dbr-b2035,29,8696832,0.23,0.225
dbr-b2035-s29,dbr-b2035,29,8727552,0.27,0.231
dbr-b2035-s29,dbr-b2035,29,8758272,0.25,0.231
dbr-b2035-s29,dbr-b2035,29,8788992,0.29,0.231
dbr-b2035-s29,dbr-b2035,29,8819712,0.25,0.231
dbr-b2035-s29,dbr-b2035,29,8850432,0.23,0.219
dbr-b2035-s29,dbr-b2035,29,8881152,0.27,0.236
dbr-b2035-s29,dbr-b2035,29,8911872,0.23,0.226
dbr-b2035-s29,dbr-b2035,29,8942592,0.37,0.215
dbr-b2035-s29,dbr-b2035,29,8973312,0.23,0.225
dbr-b2035-s29,dbr-b2035,29,9004032,0.29,0.234
dbr-b2035-s29,dbr-b2035,29,9034752,0.22,0.234
dbr-b2035-s29,dbr-b2035,29,9065472,0.36,0.247
dbr-b2035-s29,dbr-b2035,29,9096192,0.25,0.268
dbr-b2035-s29,dbr-b2035,29,9126912,0.25,0.259
dbr-b2035-s29,dbr-b2035,29,9157632,0.28,0.268
dbr-b2035-s29,dbr-b2035,29,9188352,0.23,0.259
dbr-b2035-s29,dbr-b2035,29,9219072,0.25,0.274
dbr-b2035-s29,dbr-b2035,29,9249792,0.2,0.264
dbr-b2035-s29,dbr-b2035,29,9280512,0.3,0.25
dbr-b2035-s29,dbr-b2035,29,9311232,0.24,0.25
dbr-b2035-s29,dbr-b2035,29,9341952,0.27,0.25
dbr-b2035-s29,dbr-b2035,29,9372672,0.25,0.25
dbr-b2035-s29,dbr-b2035,29,9403392,0.3,0.259
dbr-b2035-s29,dbr-b2035,29,9434112,0.23,0.251
dbr-b2035-s29,dbr-b2035,29,9464832,0.28,0.254
dbr-b2035-s29,dbr-b2035,29,9495552,0.29,0.254
dbr-b2035-s29,dbr-b2035,29,9526272,0.21,0.265
dbr-b2035-s29,dbr-b2035,29,9556992,0.29,0.24
dbr-b2035-s29,dbr-b2035,29,9587712,0.25,0.229
dbr-b2035-s29,dbr-b2035,29,9618432,0.31,0.22
dbr-b2035-s29,dbr-b2035,29,9649152,0.3,0.237
dbr-b2035-s29,dbr-b2035,29,9679872,0.32,0.245
dbr-b2035-s29,dbr-b2035,29,9710592,0.3,0.245
dbr-b2035-s29,dbr-b2035,29,9741312,0.32,0.245
dbr-b2035-s29,dbr-b2035,29,9772032,0.31,0.245
dbr-b2035-s29,dbr-b2035,29,9802752,0.25,0.245
dbr-b2035-s29,dbr-b2035,29,9833472,0.26,0.256
dbr-b2035-s29,dbr-b2035,29,9864192,0.29,0.256
dbr-b2035-s29,dbr-b2035,29,9894912,0.3,0.256
dbr-b2035-s29,dbr-b2035,29,9925632,0.29,0.256
dbr-b2035-s29,dbr-b2035,29,9956352,0.29,0.264
dbr-b2035-s29,dbr-b2035,29,9987072,0.29,0.264
dbr-b2035-s29,dbr-b2035,29,10017792,0.32,0.283
dbr-b2035-s29,dbr-b2035,29,10048512,0.27,0.282
dbr-b2035-s29,dbr-b2035,29,10079232,0.21,0.293
dbr-b2035-s29,dbr-b2035,29,10109952,0.29,0.283
dbr-b2035-s29,dbr-b2035,29,10140672,0.24,0.284
dbr-b2035-s29,dbr-b2035,29,10171392,0.31,0.305
dbr-b2035-s29,dbr-b2035,29,10202112,0.23,0.305
dbr-b2035-s29,dbr-b2035,29,10232832,0.36,0.294
dbr-b2035-s29,dbr-b2035,29,10263552,0.21,0.302
dbr-b2035-s29,dbr-b2035,29,10294272,0.2,0.291
dbr-b2035-s29,dbr-b2035,29,10324992,0.29,0.282
dbr-b2035-s29,dbr-b2035,29,10355712,0.33,0.282
dbr-b2035-s29,dbr-b2035,29,10386432,0.25,0.282
dbr-b2035-s29,dbr-b2035,29,10417152,0.21,0.282
dbr-b2035-s29,dbr-b2035,29,10447872,0.34,0.283
dbr-b2035-s29,dbr-b2035,29,10478592,0.23,0.272
dbr-b2035-s29,dbr-b2035,29,10509312,0.28,0.272
dbr-b2035-s29,dbr-b2035,29,10540032,0.25,0.282
dbr-b2035-s29,dbr-b2035,29,10570752,0.22,0.291
dbr-b2035-s29,dbr-b2035,29,10601472,0.32,0.282
dbr-b2035-s29,dbr-b2035,29,10632192,0.3,0.292
dbr-b2035-s29,dbr-b2035,29,10662912,0.29,0.281
dbr-b2035-s29,dbr-b2035,29,10693632,0.23,0.281
dbr-b2035-s29,dbr-b2035,29,10724352,0.18,0.29
dbr-b2035-s29,dbr-b2035,29,10755072,0.23,0.28
dbr-b2035-s29,dbr-b2035,29,10785792,0.25,0.28
dbr-b2035-s29,dbr-b2035,29,10816512,0.33,0.281
dbr-b2035-s29,dbr-b2035,29,10847232,0.25,0.281
dbr-b2035-s29,dbr-b2035,29,10877952,0.24,0.272
dbr-b2035-s29,dbr-b2035,29,10908672,0.31,0.294
dbr-b2035-s29,dbr-b2035,29,10939392,0.32,0.304
dbr-b2035-s29,dbr-b2035,29,10970112,0.38,0.316
dbr-b2035-s29,dbr-b2035,29,11000832,0.26,0.335
dbr-b2035-s29,dbr-b2035,29,11031552,0.2,0.325
dbr-b2035-s29,dbr-b2035,29,11062272,0.3,0.325
dbr-b2035-s29,dbr-b2035,29,11092992,0.26,0.325
dbr-b2035-s29,dbr-b2035,29,11123712,0.22,0.339
dbr-b2035-s29,dbr-b2035,29,11154432,0.28,0.32
dbr-b2035-s29,dbr-b2035,29,11185152,0.24,0.32
dbr-b2035-s29,dbr-b2035,29,11215872,0.24,0.32
dbr-b2035-s29,dbr-b2035,29,11246592,0.3,0.332
dbr-b2035-s29,dbr-b2035,29,11277312,0.23,0.323
dbr-b2035-s29,dbr-b2035,29,11308032,0.33,0.318
dbr-b2035-s29,dbr-b2035,29,11338752,0.22,0.319
dbr-b2035-s29,dbr-b2035,29,11369472,0.24,0.319
dbr-b2035-s29,dbr-b2035,29,11400192,0.28,0.327
dbr-b2035-s29,dbr-b2035,29,11430912,0.26,0.319
dbr-b2035-s29,dbr-b2035,29,11461632,0.26,0.328
dbr-b2035-s29,dbr-b2035,29,11492352,0.23,0.339
dbr-b2035-s29,dbr-b2035,29,11523072,0.29,0.339
dbr-b2035-s29,dbr-b2035,29,11553792,0.31,0.357
dbr-b2035-s29,dbr-b2035,29,11584512,0.24,0.357
dbr-b2035-s29,dbr-b2035,29,11615232,0.27,0.357
dbr-b2035-s29,dbr-b2035,29,11645952,0.32,0.345
dbr-b2035-s29,dbr-b2035,29,11676672,0.28,0.359
dbr-b2035-s29,dbr-b2035,29,11707392,0.29,0.362
dbr-b2035-s29,dbr-b2035,29,11738112,0.24,0.371
dbr-b2035-s29,dbr-b2035,29,11768832,0.22,0.363
dbr-b2035-s29,dbr-b2035,29,11799552,0.27,0.374
dbr-b2035-s29,dbr-b2035,29,11830272,0.33,0.355
dbr-b2035-s29,dbr-b2035,29,11860992,0.28,0.365
dbr-b2035-s29,dbr-b2035,29,11891712,0.27,0.356
dbr-b2035-s29,dbr-b2035,29,11922432,0.29,0.356
dbr-b2035-s29,dbr-b2035,29,11953152,0.3,0.368
dbr-b2035-s29,dbr-b2035,29,11983872,0.23,0.368
dbr-b2035-s29,dbr-b2035,29,12014592,0.3,0.368
dbr-b2035-s29,dbr-b2035,29,12045312,0.24,0.366
dbr-b2035-s29,dbr-b2035,29,12076032,0.27,0.375
dbr-b2035-s29,dbr-b2035,29,12106752,0.21,0.366
dbr-b2035-s29,dbr-b2035,29,12137472,0.28,0.366
dbr-b2035-s29,dbr-b2035,29,12168192,0.26,0.366
dbr-b2035-s29,dbr-b2035,29,12198912,0.28,0.366
dbr-b2035-s29,dbr-b2035,29,12229632,0.3,0.357
dbr-b2035-s29,dbr-b2035,29,12260352,0.32,0.357
dbr-b2035-s29,dbr-b2035,29,12291072,0.23,0.357
dbr-b2035-s29,dbr-b2035,29,12321792,0.4,0.348
dbr-b2035-s29,dbr-b2035,29,12352512,0.15,0.36
dbr-b2035-s29,dbr-b2035,29,12383232,0.26,0.348
dbr-b2035-s29,dbr-b2035,29,12413952,0.22,0.357
dbr-b2035-s29,dbr-b2035,29,12444672,0.37,0.368
dbr-b2035-s29,dbr-b2035,29,12475392,0.27,0.368
dbr-b2035-s29,dbr-b2035,29,12506112,0.31,0.368
dbr-b2035-s29,dbr-b2035,29,12536832,0.23,0.378
dbr-b2035-s29,dbr-b2035,29,12567552,0.31,0.378
dbr-b2035-s29,dbr-b2035,29,12598272,0.27,0.378
dbr-b2035-s29,dbr-b2035,29,12628992,0.2,0.388
dbr-b2035-s29,dbr-b2035,29,12659712,0.26,0.396
dbr-b2035-s29,dbr-b2035,29,12690432,0.33,0.396
dbr-b2035-s29,dbr-b2035,29,12721152,0.3,0.407
dbr-b2035-s29,dbr-b2035,29,12751872,0.25,0.422
dbr-b2035-s29,dbr-b2035,29,12782592,0.25,0.413
dbr-b2035-s29,dbr-b2035,29,12813312,0.22,0.413
dbr-b2035-s29,dbr-b2035,29,12844032,0.29,0.401
dbr-b2035-s29,dbr-b2035,29,12874752,0.26,0.401
dbr-b2035-s29,dbr-b2035,29,12905472,0.32,0.401
dbr-b2035-s29,dbr-b2035,29,12936192,0.26,0.41
dbr-b2035-s29,dbr-b2035,29,12966912,0.28,0.41
dbr-b2035-s29,dbr-b2035,29,12997632,0.23,0.418
dbr-b2035-s29,dbr-b2035,29,13028352,0.31,0.418
dbr-b2035-s29,dbr-b2035,29,13059072,0.25,0.418
dbr-b2035-s29,dbr-b2035,29,13089792,0.3,0.418
dbr-b2035-s29,dbr-b2035,29,13120512,0.27,0.419
dbr-b2035-s29,dbr-b2035,29,13151232,0.26,0.419
dbr-b2035-s29,dbr-b2035,29,13181952,0.23,0.429
dbr-b2035-s29,dbr-b2035,29,13212672,0.3,0.42
dbr-b2035-s29,dbr-b2035,29,13243392,0.3,0.42
dbr-b2035-s29,dbr-b2035,29,13274112,0.27,0.412
dbr-b2035-s29,dbr-b2035,29,13304832,0.3,0.422
dbr-b2035-s29,dbr-b2035,29,13335552,0.28,0.414
dbr-b2035-s29,dbr-b2035,29,13366272,0.32,0.397
dbr-b2035-s29,dbr-b2035,29,13396992,0.32,0.397
dbr-b2035-s29,dbr-b2035,29,13427712,0.26,0.397
dbr-b2035-s29,dbr-b2035,29,13458432,0.38,0.405
dbr-b2035-s29,dbr-b2035,29,13489152,0.28,0.416
dbr-b2035-s29,dbr-b2035,29,13519872,0.33,0.416
dbr-b2035-s29,dbr-b2035,29,13550592,0.24,0.424
dbr-b2035-s29,dbr-b2035,29,13581312,0.26,0.424
dbr-b2035-s29,dbr-b2035,29,13612032,0.3,0.424
dbr-b2035-s29,dbr-b2035,29,13642752,0.24,0.424
dbr-b2035-s29,dbr-b2035,29,13673472,0.24,0.424
dbr-b2035-s29,dbr-b2035,29,13704192,0.21,0.435
dbr-b2035-s29,dbr-b2035,29,13734912,0.27,0.445
dbr-b2035-s29,dbr-b2035,29,13765632,0.3,0.427
dbr-b2035-s29,dbr-b2035,29,13796352,0.28,0.427
dbr-b2035-s29,dbr-b2035,29,13827072,0.34,0.429
dbr-b2035-s29,dbr-b2035,29,13857792,0.25,0.429
dbr-b2035-s29,dbr-b2035,29,13888512,0.26,0.429
dbr-b2035-s29,dbr-b2035,29,13919232,0.31,0.438
dbr-b2035-s29,dbr-b2035,29,13949952,0.32,0.438
dbr-b2035-s29,dbr-b2035,29,13980672,0.24,0.438
dbr-b2035-s29,dbr-b2035,29,14011392,0.31,0.436
dbr-b2035-s29,dbr-b2035,29,14042112,0.27,0.444
dbr-b2035-s29,dbr-b2035,29,14072832,0.29,0.454
dbr-b2035-s29,dbr-b2035,29,14103552,0.32,0.454
dbr-b2035-s29,dbr-b2035,29,14134272,0.34,0.454
dbr-b2035-s29,dbr-b2035,29,14164992,0.3,0.454
dbr-b2035-s29,dbr-b2035,29,14195712,0.25,0.453
dbr-b2035-s29,dbr-b2035,29,14226432,0.27,0.453
dbr-b2035-s29,dbr-b2035,29,14257152,0.23,0.453
dbr-b2035-s29,dbr-b2035,29,14287872,0.3,0.464
dbr-b2035-s29,dbr-b2035,29,14318592,0.2,0.464
dbr-b2035-s29,dbr-b2035,29,14349312,0.27,0.464
dbr-b2035-s29,dbr-b2035,29,14380032,0.27,0.444
dbr-b2035-s29,dbr-b2035,29,14410752,0.35,0.444
dbr-b2035-s29,dbr-b2035,29,14441472,0.3,0.454
dbr-b2035-s29,dbr-b2035,29,14472192,0.31,0.464
dbr-b2035-s29,dbr-b2035,29,14502912,0.23,0.464
dbr-b2035-s29,dbr-b2035,29,14533632,0.35,0.465
dbr-b2035-s29,dbr-b2035,29,14564352,0.28,0.465
dbr-b2035-s29,dbr-b2035,29,14595072,0.34,0.465
dbr-b2035-s29,dbr-b2035,29,14625792,0.28,0.465
dbr-b2035-s29,dbr-b2035,29,14656512,0.25,0.465
dbr-b2035-s29,dbr-b2035,29,14687232,0.29,0.465
dbr-b2035-s29,dbr-b2035,29,14717952,0.22,0.474
dbr-b2035-s29,dbr-b2035,29,14748672,0.31,0.463
dbr-b2035-s29,dbr-b2035,29,14779392,0.21,0.463
dbr-b2035-s29,dbr-b2035,29,14810112,0.33,0.451
dbr-b2035-s29,dbr-b2035,29,14840832,0.26,0.465
dbr-b2035-s29,dbr-b2035,29,14871552,0.29,0.465
dbr-b2035-s29,dbr-b2035,29,14902272,0.33,0.465
dbr-b2035-s29,dbr-b2035,29,14932992,0.25,0.465
dbr-b2035-s29,dbr-b2035,29,14963712,0.24,0.476
dbr-b2035-s29,dbr-b2035,29,14994432,0.26,0.467
dbr-b2035-s29,dbr-b2035,29,14997504,0.22,0.467
dbr-off-s27,dbr-off,27,4457472,0.45,-1.0
dbr-off-s27,dbr-off,27,4488192,0.41,-1.0
dbr-off-s27,dbr-off,27,4518912,0.45,-1.0
dbr-off-s27,dbr-off,27,4549632,0.42,-1.0
dbr-off-s27,dbr-off,27,4580352,0.37,-1.0
dbr-off-s27,dbr-off,27,4611072,0.48,-1.0
dbr-off-s27,dbr-off,27,4641792,0.44,-1.0
dbr-off-s27,dbr-off,27,4672512,0.45,-1.0
dbr-off-s27,dbr-off,27,4703232,0.49,-1.0
dbr-off-s27,dbr-off,27,4733952,0.51,-1.0
dbr-off-s27,dbr-off,27,4764672,0.55,-1.0
dbr-off-s27,dbr-off,27,4795392,0.62,-1.0
dbr-off-s27,dbr-off,27,4826112,0.45,-1.0
dbr-off-s27,dbr-off,27,4856832,0.52,-1.0
dbr-off-s27,dbr-off,27,4887552,0.56,-1.0
dbr-off-s27,dbr-off,27,4918272,0.53,-1.0
dbr-off-s27,dbr-off,27,4948992,0.55,-1.0
dbr-off-s27,dbr-off,27,4979712,0.54,-1.0
dbr-off-s27,dbr-off,27,5010432,0.55,-1.0
dbr-off-s27,dbr-off,27,5041152,0.55,-1.0
dbr-off-s27,dbr-off,27,5071872,0.56,-1.0
dbr-off-s27,dbr-off,27,5102592,0.47,-1.0
dbr-off-s27,dbr-off,27,5133312,0.41,-1.0
dbr-off-s27,dbr-off,27,5164032,0.49,-1.0
dbr-off-s27,dbr-off,27,5194752,0.62,-1.0
dbr-off-s27,dbr-off,27,5225472,0.54,-1.0
dbr-off-s27,dbr-off,27,5256192,0.45,-1.0
dbr-off-s27,dbr-off,27,5286912,0.41,-1.0
dbr-off-s27,dbr-off,27,5317632,0.57,-1.0
dbr-off-s27,dbr-off,27,5348352,0.47,-1.0
dbr-off-s27,dbr-off,27,5379072,0.5,-1.0
dbr-off-s27,dbr-off,27,5409792,0.48,-1.0
dbr-off-s27,dbr-off,27,5440512,0.51,-1.0
dbr-off-s27,dbr-off,27,5471232,0.57,-1.0
dbr-off-s27,dbr-off,27,5501952,0.6,-1.0
dbr-off-s27,dbr-off,27,5532672,0.65,-1.0
dbr-off-s27,dbr-off,27,5563392,0.59,-1.0
dbr-off-s27,dbr-off,27,5594112,0.65,-1.0
dbr-off-s27,dbr-off,27,5624832,0.56,-1.0
dbr-off-s27,dbr-off,27,5655552,0.7,-1.0
dbr-off-s27,dbr-off,27,5686272,0.54,-1.0
dbr-off-s27,dbr-off,27,5716992,0.62,-1.0
dbr-off-s27,dbr-off,27,5747712,0.59,-1.0
dbr-off-s27,dbr-off,27,5778432,0.75,-1.0
dbr-off-s27,dbr-off,27,5809152,0.55,-1.0
dbr-off-s27,dbr-off,27,5839872,0.6,-1.0
dbr-off-s27,dbr-off,27,5870592,0.53,-1.0
dbr-off-s27,dbr-off,27,5901312,0.67,-1.0
dbr-off-s27,dbr-off,27,5932032,0.68,-1.0
dbr-off-s27,dbr-off,27,5962752,0.62,-1.0
dbr-off-s27,dbr-off,27,5993472,0.65,-1.0
dbr-off-s27,dbr-off,27,6024192,0.66,-1.0
dbr-off-s27,dbr-off,27,6054912,0.66,-1.0
dbr-off-s27,dbr-off,27,6085632,0.62,-1.0
dbr-off-s27,dbr-off,27,6116352,0.59,-1.0
dbr-off-s27,dbr-off,27,6147072,0.64,-1.0
dbr-off-s27,dbr-off,27,6177792,0.6,-1.0
dbr-off-s27,dbr-off,27,6208512,0.66,-1.0
dbr-off-s27,dbr-off,27,6239232,0.71,-1.0
dbr-off-s27,dbr-off,27,6269952,0.57,-1.0
dbr-off-s27,dbr-off,27,6300672,0.69,-1.0
dbr-off-s27,dbr-off,27,6331392,0.56,-1.0
dbr-off-s27,dbr-off,27,6362112,0.6,-1.0
dbr-off-s27,dbr-off,27,6392832,0.63,-1.0
dbr-off-s27,dbr-off,27,6423552,0.63,-1.0
dbr-off-s27,dbr-off,27,6454272,0.65,-1.0
dbr-off-s27,dbr-off,27,6484992,0.66,-1.0
dbr-off-s27,dbr-off,27,6515712,0.67,-1.0
dbr-off-s27,dbr-off,27,6546432,0.68,-1.0
dbr-off-s27,dbr-off,27,6577152,0.71,-1.0
dbr-off-s27,dbr-off,27,6607872,0.76,-1.0
dbr-off-s27,dbr-off,27,6638592,0.68,-1.0
dbr-off-s27,dbr-off,27,6669312,0.71,-1.0
dbr-off-s27,dbr-off,27,6700032,0.67,-1.0
dbr-off-s27,dbr-off,27,6730752,0.64,-1.0
dbr-off-s27,dbr-off,27,6761472,0.61,-1.0
dbr-off-s27,dbr-off,27,6792192,0.62,-1.0
dbr-off-s27,dbr-off,27,6822912,0.58,-1.0
dbr-off-s27,dbr-off,27,6853632,0.73,-1.0
dbr-off-s27,dbr-off,27,6884352,0.68,-1.0
dbr-off-s27,dbr-off,27,6915072,0.69,-1.0
dbr-off-s27,dbr-off,27,6945792,0.67,-1.0
dbr-off-s27,dbr-off,27,6976512,0.71,-1.0
dbr-off-s27,dbr-off,27,7007232,0.68,-1.0
dbr-off-s27,dbr-off,27,7037952,0.67,-1.0
dbr-off-s27,dbr-off,27,7068672,0.65,-1.0
dbr-off-s27,dbr-off,27,7099392,0.68,-1.0
dbr-off-s27,dbr-off,27,7130112,0.66,-1.0
dbr-off-s27,dbr-off,27,7160832,0.75,-1.0
dbr-off-s27,dbr-off,27,7191552,0.75,-1.0
dbr-off-s27,dbr-off,27,7222272,0.68,-1.0
dbr-off-s27,dbr-off,27,7252992,0.64,-1.0
dbr-off-s27,dbr-off,27,7283712,0.69,-1.0
dbr-off-s27,dbr-off,27,7314432,0.72,-1.0
dbr-off-s27,dbr-off,27,7345152,0.77,-1.0
dbr-off-s27,dbr-off,27,7375872,0.72,-1.0
dbr-off-s27,dbr-off,27,7406592,0.74,-1.0
dbr-off-s27,dbr-off,27,7437312,0.68,-1.0
dbr-off-s27,dbr-off,27,7468032,0.7,-1.0
dbr-off-s27,dbr-off,27,7498752,0.66,-1.0
dbr-off-s27,dbr-off,27,7529472,0.75,-1.0
dbr-off-s27,dbr-off,27,7560192,0.74,-1.0
dbr-off-s27,dbr-off,27,7590912,0.7,-1.0
dbr-off-s27,dbr-off,27,7621632,0.77,-1.0
dbr-off-s27,dbr-off,27,7652352,0.8,-1.0
dbr-off-s27,dbr-off,27,7683072,0.65,-1.0
dbr-off-s27,dbr-off,27,7713792,0.7,-1.0
dbr-off-s27,dbr-off,27,7744512,0.7,-1.0
dbr-off-s27,dbr-off,27,7775232,0.72,-1.0
dbr-off-s27,dbr-off,27,7805952,0.69,-1.0
dbr-off-s27,dbr-off,27,7836672,0.74,-1.0
dbr-off-s27,dbr-off,27,7867392,0.75,-1.0
dbr-off-s27,dbr-off,27,7898112,0.78,-1.0
dbr-off-s27,dbr-off,27,7928832,0.81,-1.0
dbr-off-s27,dbr-off,27,7959552,0.72,-1.0
dbr-off-s27,dbr-off,27,7990272,0.74,-1.0
dbr-off-s27,dbr-off,27,8020992,0.81,-1.0
dbr-off-s27,dbr-off,27,8051712,0.75,-1.0
dbr-off-s27,dbr-off,27,8082432,0.76,-1.0
dbr-off-s27,dbr-off,27,8113152,0.81,-1.0
dbr-off-s27,dbr-off,27,8143872,0.77,-1.0
dbr-off-s27,dbr-off,27,8174592,0.65,-1.0
dbr-off-s27,dbr-off,27,8205312,0.69,-1.0
dbr-off-s27,dbr-off,27,8236032,0.74,-1.0
dbr-off-s27,dbr-off,27,8266752,0.73,-1.0
dbr-off-s27,dbr-off,27,8297472,0.75,-1.0
dbr-off-s27,dbr-off,27,8328192,0.75,-1.0
dbr-off-s27,dbr-off,27,8358912,0.76,-1.0
dbr-off-s27,dbr-off,27,8389632,0.74,-1.0
dbr-off-s27,dbr-off,27,8420352,0.76,-1.0
dbr-off-s27,dbr-off,27,8451072,0.72,-1.0
dbr-off-s27,dbr-off,27,8481792,0.7,-1.0
dbr-off-s27,dbr-off,27,8512512,0.86,-1.0
dbr-off-s27,dbr-off,27,8543232,0.73,-1.0
dbr-off-s27,dbr-off,27,8573952,0.77,-1.0
dbr-off-s27,dbr-off,27,8604672,0.76,-1.0
dbr-off-s27,dbr-off,27,8635392,0.75,-1.0
dbr-off-s27,dbr-off,27,8666112,0.74,-1.0
dbr-off-s27,dbr-off,27,8696832,0.78,-1.0
dbr-off-s27,dbr-off,27,8727552,0.83,-1.0
dbr-off-s27,dbr-off,27,8758272,0.72,-1.0
dbr-off-s27,dbr-off,27,8788992,0.77,-1.0
dbr-off-s27,dbr-off,27,8819712,0.76,-1.0
dbr-off-s27,dbr-off,27,8850432,0.74,-1.0
dbr-off-s27,dbr-off,27,8881152,0.79,-1.0
dbr-off-s27,dbr-off,27,8911872,0.82,-1.0
dbr-off-s27,dbr-off,27,8942592,0.69,-1.0
dbr-off-s27,dbr-off,27,8973312,0.77,-1.0
dbr-off-s27,dbr-off,27,9004032,0.76,-1.0
dbr-off-s27,dbr-off,27,9034752,0.73,-1.0
dbr-off-s27,dbr-off,27,9065472,0.81,-1.0
dbr-off-s27,dbr-off,27,9096192,0.72,-1.0
dbr-off-s27,dbr-off,27,9126912,0.71,-1.0
dbr-off-s27,dbr-off,27,9157632,0.79,-1.0
dbr-off-s27,dbr-off,27,9188352,0.83,-1.0
dbr-off-s27,dbr-off,27,9219072,0.75,-1.0
dbr-off-s27,dbr-off,27,9249792,0.84,-1.0
dbr-off-s27,dbr-off,27,9280512,0.74,-1.0
dbr-off-s27,dbr-off,27,9311232,0.73,-1.0
dbr-off-s27,dbr-off,27,9341952,0.8,-1.0
dbr-off-s27,dbr-off,27,9372672,0.79,-1.0
dbr-off-s27,dbr-off,27,9403392,0.8,-1.0
dbr-off-s27,dbr-off,27,9434112,0.84,-1.0
dbr-off-s27,dbr-off,27,9464832,0.79,-1.0
dbr-off-s27,dbr-off,27,9495552,0.83,-1.0
dbr-off-s27,dbr-off,27,9526272,0.73,-1.0
dbr-off-s27,dbr-off,27,9556992,0.68,-1.0
dbr-off-s27,dbr-off,27,9587712,0.84,-1.0
dbr-off-s27,dbr-off,27,9618432,0.78,-1.0
dbr-off-s27,dbr-off,27,9649152,0.78,-1.0
dbr-off-s27,dbr-off,27,9679872,0.8,-1.0
dbr-off-s27,dbr-off,27,9710592,0.78,-1.0
dbr-off-s27,dbr-off,27,9741312,0.77,-1.0
dbr-off-s27,dbr-off,27,9772032,0.72,-1.0
dbr-off-s27,dbr-off,27,9802752,0.83,-1.0
dbr-off-s27,dbr-off,27,9833472,0.83,-1.0
dbr-off-s27,dbr-off,27,9864192,0.77,-1.0
dbr-off-s27,dbr-off,27,9894912,0.77,-1.0
dbr-off-s27,dbr-off,27,9925632,0.78,-1.0
dbr-off-s27,dbr-off,27,9956352,0.78,-1.0
dbr-off-s27,dbr-off,27,9987072,0.81,-1.0
dbr-off-s27,dbr-off,27,10017792,0.76,-1.0
dbr-off-s27,dbr-off,27,10048512,0.8,-1.0
dbr-off-s27,dbr-off,27,10079232,0.79,-1.0
dbr-off-s27,dbr-off,27,10109952,0.75,-1.0
dbr-off-s27,dbr-off,27,10140672,0.8,-1.0
dbr-off-s27,dbr-off,27,10171392,0.75,-1.0
dbr-off-s27,dbr-off,27,10202112,0.84,-1.0
dbr-off-s27,dbr-off,27,10232832,0.78,-1.0
dbr-off-s27,dbr-off,27,10263552,0.76,-1.0
dbr-off-s27,dbr-off,27,10294272,0.82,-1.0
dbr-off-s27,dbr-off,27,10324992,0.82,-1.0
dbr-off-s27,dbr-off,27,10355712,0.82,-1.0
dbr-off-s27,dbr-off,27,10386432,0.85,-1.0
dbr-off-s27,dbr-off,27,10417152,0.78,-1.0
dbr-off-s27,dbr-off,27,10447872,0.83,-1.0
dbr-off-s27,dbr-off,27,10478592,0.79,-1.0
dbr-off-s27,dbr-off,27,10509312,0.87,-1.0
dbr-off-s27,dbr-off,27,10540032,0.78,-1.0
dbr-off-s27,dbr-off,27,10570752,0.81,-1.0
dbr-off-s27,dbr-off,27,10601472,0.83,-1.0
dbr-off-s27,dbr-off,27,10632192,0.78,-1.0
dbr-off-s27,dbr-off,27,10662912,0.75,-1.0
dbr-off-s27,dbr-off,27,10693632,0.77,-1.0
dbr-off-s27,dbr-off,27,10724352,0.85,-1.0
dbr-off-s27,dbr-off,27,10755072,0.82,-1.0
dbr-off-s27,dbr-off,27,10785792,0.83,-1.0
dbr-off-s27,dbr-off,27,10816512,0.8,-1.0
dbr-off-s27,dbr-off,27,10847232,0.81,-1.0
dbr-off-s27,dbr-off,27,10877952,0.84,-1.0
dbr-off-s27,dbr-off,27,10908672,0.84,-1.0
dbr-off-s27,dbr-off,27,10939392,0.86,-1.0
dbr-off-s27,dbr-off,27,10970112,0.8,-1.0
dbr-off-s27,dbr-off,27,11000832,0.8,-1.0
dbr-off-s27,dbr-off,27,11031552,0.83,-1.0
dbr-off-s27,dbr-off,27,11062272,0.85,-1.0
dbr-off-s27,dbr-off,27,11092992,0.7,-1.0
dbr-off-s27,dbr-off,27,11123712,0.83,-1.0
dbr-off-s27,dbr-off,27,11154432,0.77,-1.0
dbr-off-s27,dbr-off,27,11185152,0.75,-1.0
dbr-off-s27,dbr-off,27,11215872,0.87,-1.0
dbr-off-s27,dbr-off,27,11246592,0.87,-1.0
dbr-off-s27,dbr-off,27,11277312,0.83,-1.0
dbr-off-s27,dbr-off,27,11308032,0.79,-1.0
dbr-off-s27,dbr-off,27,11338752,0.79,-1.0
dbr-off-s27,dbr-off,27,11369472,0.81,-1.0
dbr-off-s27,dbr-off,27,11400192,0.81,-1.0
dbr-off-s27,dbr-off,27,11430912,0.89,-1.0
dbr-off-s27,dbr-off,27,11461632,0.87,-1.0
dbr-off-s27,dbr-off,27,11492352,0.77,-1.0
dbr-off-s27,dbr-off,27,11523072,0.83,-1.0
dbr-off-s27,dbr-off,27,11553792,0.83,-1.0
dbr-off-s27,dbr-off,27,11584512,0.76,-1.0
dbr-off-s27,dbr-off,27,11615232,0.82,-1.0
dbr-off-s27,dbr-off,27,11645952,0.84,-1.0
dbr-off-s27,dbr-off,27,11676672,0.73,-1.0
dbr-off-s27,dbr-off,27,11707392,0.79,-1.0
dbr-off-s27,dbr-off,27,11738112,0.8,-1.0
dbr-off-s27,dbr-off,27,11768832,0.78,-1.0
dbr-off-s27,dbr-off,27,11799552,0.71,-1.0
dbr-off-s27,dbr-off,27,11830272,0.77,-1.0
dbr-off-s27,dbr-off,27,11860992,0.86,-1.0
dbr-off-s27,dbr-off,27,11891712,0.79,-1.0
dbr-off-s27,dbr-off,27,11922432,0.83,-1.0
dbr-off-s27,dbr-off,27,11953152,0.75,-1.0
dbr-off-s27,dbr-off,27,11983872,0.85,-1.0
dbr-off-s27,dbr-off,27,12014592,0.81,-1.0
dbr-off-s27,dbr-off,27,12045312,0.87,-1.0
dbr-off-s27,dbr-off,27,12076032,0.86,-1.0
dbr-off-s27,dbr-off,27,12106752,0.81,-1.0
dbr-off-s27,dbr-off,27,12137472,0.82,-1.0
dbr-off-s27,dbr-off,27,12168192,0.83,-1.0
dbr-off-s27,dbr-off,27,12198912,0.84,-1.0
dbr-off-s27,dbr-off,27,12229632,0.75,-1.0
dbr-off-s27,dbr-off,27,12260352,0.88,-1.0
dbr-off-s27,dbr-off,27,12291072,0.89,-1.0
dbr-off-s27,dbr-off,27,12321792,0.86,-1.0
dbr-off-s27,dbr-off,27,12352512,0.8,-1.0
dbr-off-s27,dbr-off,27,12383232,0.81,-1.0
dbr-off-s27,dbr-off,27,12413952,0.72,-1.0
dbr-off-s27,dbr-off,27,12444672,0.77,-1.0
dbr-off-s27,dbr-off,27,12475392,0.85,-1.0
dbr-off-s27,dbr-off,27,12506112,0.79,-1.0
dbr-off-s27,dbr-off,27,12536832,0.83,-1.0
dbr-off-s27,dbr-off,27,12567552,0.86,-1.0
dbr-off-s27,dbr-off,27,12598272,0.87,-1.0
dbr-off-s27,dbr-off,27,12628992,0.82,-1.0
dbr-off-s27,dbr-off,27,12659712,0.8,-1.0
dbr-off-s27,dbr-off,27,12690432,0.82,-1.0
dbr-off-s27,dbr-off,27,12721152,0.85,-1.0
dbr-off-s27,dbr-off,27,12751872,0.91,-1.0
dbr-off-s27,dbr-off,27,12782592,0.86,-1.0
dbr-off-s27,dbr-off,27,12813312,0.78,-1.0
dbr-off-s27,dbr-off,27,12844032,0.9,-1.0
dbr-off-s27,dbr-off,27,12874752,0.8,-1.0
dbr-off-s27,dbr-off,27,12905472,0.88,-1.0
dbr-off-s27,dbr-off,27,12936192,0.83,-1.0
dbr-off-s27,dbr-off,27,12966912,0.82,-1.0
dbr-off-s27,dbr-off,27,12997632,0.79,-1.0
dbr-off-s27,dbr-off,27,13028352,0.81,-1.0
dbr-off-s27,dbr-off,27,13059072,0.82,-1.0
dbr-off-s27,dbr-off,27,13089792,0.85,-1.0
dbr-off-s27,dbr-off,27,13120512,0.78,-1.0
dbr-off-s27,dbr-off,27,13151232,0.81,-1.0
dbr-off-s27,dbr-off,27,13181952,0.81,-1.0
dbr-off-s27,dbr-off,27,13212672,0.8,-1.0
dbr-off-s27,dbr-off,27,13243392,0.79,-1.0
dbr-off-s27,dbr-off,27,13274112,0.88,-1.0
dbr-off-s27,dbr-off,27,13304832,0.85,-1.0
dbr-off-s27,dbr-off,27,13335552,0.86,-1.0
dbr-off-s27,dbr-off,27,13366272,0.87,-1.0
dbr-off-s27,dbr-off,27,13396992,0.82,-1.0
dbr-off-s27,dbr-off,27,13427712,0.81,-1.0
dbr-off-s27,dbr-off,27,13458432,0.85,-1.0
dbr-off-s27,dbr-off,27,13489152,0.84,-1.0
dbr-off-s27,dbr-off,27,13519872,0.77,-1.0
dbr-off-s27,dbr-off,27,13550592,0.87,-1.0
dbr-off-s27,dbr-off,27,13581312,0.8,-1.0
dbr-off-s27,dbr-off,27,13612032,0.81,-1.0
dbr-off-s27,dbr-off,27,13642752,0.82,-1.0
dbr-off-s27,dbr-off,27,13673472,0.92,-1.0
dbr-off-s27,dbr-off,27,13704192,0.88,-1.0
dbr-off-s27,dbr-off,27,13734912,0.83,-1.0
dbr-off-s27,dbr-off,27,13765632,0.78,-1.0
dbr-off-s27,dbr-off,27,13796352,0.77,-1.0
dbr-off-s27,dbr-off,27,13827072,0.81,-1.0
dbr-off-s27,dbr-off,27,13857792,0.83,-1.0
dbr-off-s27,dbr-off,27,13888512,0.86,-1.0
dbr-off-s27,dbr-off,27,13919232,0.88,-1.0
dbr-off-s27,dbr-off,27,13949952,0.83,-1.0
dbr-off-s27,dbr-off,27,13980672,0.89,-1.0
dbr-off-s27,dbr-off,27,14011392,0.84,-1.0
dbr-off-s27,dbr-off,27,14042112,0.82,-1.0
dbr-off-s27,dbr-off,27,14072832,0.85,-1.0
dbr-off-s27,dbr-off,27,14103552,0.89,-1.0
dbr-off-s27,dbr-off,27,14134272,0.83,-1.0
dbr-off-s27,dbr-off,27,14164992,0.88,-1.0
dbr-off-s27,dbr-off,27,14195712,0.83,-1.0
dbr-off-s27,dbr-off,27,14226432,0.9,-1.0
dbr-off-s27,dbr-off,27,14257152,0.95,-1.0
dbr-off-s27,dbr-off,27,14287872,0.88,-1.0
dbr-off-s27,dbr-off,27,14318592,0.86,-1.0
dbr-off-s27,dbr-off,27,14349312,0.89,-1.0
dbr-off-s27,dbr-off,27,14380032,0.85,-1.0
dbr-off-s27,dbr-off,27,14410752,0.86,-1.0
dbr-off-s27,dbr-off,27,14441472,0.84,-1.0
dbr-off-s27,dbr-off,27,14472192,0.86,-1.0
dbr-off-s27,dbr-off,27,14502912,0.87,-1.0
dbr-off-s27,dbr-off,27,14533632,0.92,-1.0
dbr-off-s27,dbr-off,27,14564352,0.86,-1.0
dbr-off-s27,dbr-off,27,14595072,0.91,-1.0
dbr-off-s27,dbr-off,27,14625792,0.88,-1.0
dbr-off-s27,dbr-off,27,14656512,0.89,-1.0
dbr-off-s27,dbr-off,27,14687232,0.93,-1.0
dbr-off-s27,dbr-off,27,14717952,0.93,-1.0
dbr-off-s27,dbr-off,27,14748672,0.89,-1.0
dbr-off-s27,dbr-off,27,14779392,0.88,-1.0
dbr-off-s27,dbr-off,27,14810112,0.88,-1.0
dbr-off-s27,dbr-off,27,14840832,0.87,-1.0
dbr-off-s27,dbr-off,27,14871552,0.75,-1.0
dbr-off-s27,dbr-off,27,14902272,0.85,-1.0
dbr-off-s27,dbr-off,27,14932992,0.93,-1.0
dbr-off-s27,dbr-off,27,14963712,0.9,-1.0
dbr-off-s27,dbr-off,27,14994432,0.86,-1.0
dbr-off-s27,dbr-off,27,14997504,0.85,-1.0
dbr-off-s28,dbr-off,28,4457472,0.42,-1.0
dbr-off-s28,dbr-off,28,4488192,0.49,-1.0
dbr-off-s28,dbr-off,28,4518912,0.38,-1.0
dbr-off-s28,dbr-off,28,4549632,0.5,-1.0
dbr-off-s28,dbr-off,28,4580352,0.4,-1.0
dbr-off-s28,dbr-off,28,4611072,0.5,-1.0
dbr-off-s28,dbr-off,28,4641792,0.53,-1.0
dbr-off-s28,dbr-off,28,4672512,0.47,-1.0
dbr-off-s28,dbr-off,28,4703232,0.53,-1.0
dbr-off-s28,dbr-off,28,4733952,0.45,-1.0
dbr-off-s28,dbr-off,28,4764672,0.53,-1.0
dbr-off-s28,dbr-off,28,4795392,0.49,-1.0
dbr-off-s28,dbr-off,28,4826112,0.48,-1.0
dbr-off-s28,dbr-off,28,4856832,0.54,-1.0
dbr-off-s28,dbr-off,28,4887552,0.44,-1.0
dbr-off-s28,dbr-off,28,4918272,0.47,-1.0
dbr-off-s28,dbr-off,28,4948992,0.53,-1.0
dbr-off-s28,dbr-off,28,4979712,0.51,-1.0
dbr-off-s28,dbr-off,28,5010432,0.52,-1.0
dbr-off-s28,dbr-off,28,5041152,0.45,-1.0
dbr-off-s28,dbr-off,28,5071872,0.57,-1.0
dbr-off-s28,dbr-off,28,5102592,0.5,-1.0
dbr-off-s28,dbr-off,28,5133312,0.55,-1.0
dbr-off-s28,dbr-off,28,5164032,0.49,-1.0
dbr-off-s28,dbr-off,28,5194752,0.56,-1.0
dbr-off-s28,dbr-off,28,5225472,0.55,-1.0
dbr-off-s28,dbr-off,28,5256192,0.54,-1.0
dbr-off-s28,dbr-off,28,5286912,0.48,-1.0
dbr-off-s28,dbr-off,28,5317632,0.5,-1.0
dbr-off-s28,dbr-off,28,5348352,0.52,-1.0
dbr-off-s28,dbr-off,28,5379072,0.54,-1.0
dbr-off-s28,dbr-off,28,5409792,0.63,-1.0
dbr-off-s28,dbr-off,28,5440512,0.52,-1.0
dbr-off-s28,dbr-off,28,5471232,0.56,-1.0
dbr-off-s28,dbr-off,28,5501952,0.58,-1.0
dbr-off-s28,dbr-off,28,5532672,0.5,-1.0
dbr-off-s28,dbr-off,28,5563392,0.57,-1.0
dbr-off-s28,dbr-off,28,5594112,0.46,-1.0
dbr-off-s28,dbr-off,28,5624832,0.51,-1.0
dbr-off-s28,dbr-off,28,5655552,0.55,-1.0
dbr-off-s28,dbr-off,28,5686272,0.59,-1.0
dbr-off-s28,dbr-off,28,5716992,0.52,-1.0
dbr-off-s28,dbr-off,28,5747712,0.5,-1.0
dbr-off-s28,dbr-off,28,5778432,0.63,-1.0
dbr-off-s28,dbr-off,28,5809152,0.51,-1.0
dbr-off-s28,dbr-off,28,5839872,0.61,-1.0
dbr-off-s28,dbr-off,28,5870592,0.58,-1.0
dbr-off-s28,dbr-off,28,5901312,0.64,-1.0
dbr-off-s28,dbr-off,28,5932032,0.55,-1.0
dbr-off-s28,dbr-off,28,5962752,0.6,-1.0
dbr-off-s28,dbr-off,28,5993472,0.58,-1.0
dbr-off-s28,dbr-off,28,6024192,0.64,-1.0
dbr-off-s28,dbr-off,28,6054912,0.6,-1.0
dbr-off-s28,dbr-off,28,6085632,0.58,-1.0
dbr-off-s28,dbr-off,28,6116352,0.61,-1.0
dbr-off-s28,dbr-off,28,6147072,0.57,-1.0
dbr-off-s28,dbr-off,28,6177792,0.64,-1.0
dbr-off-s28,dbr-off,28,6208512,0.53,-1.0
dbr-off-s28,dbr-off,28,6239232,0.59,-1.0
dbr-off-s28,dbr-off,28,6269952,0.64,-1.0
dbr-off-s28,dbr-off,28,6300672,0.63,-1.0
dbr-off-s28,dbr-off,28,6331392,0.58,-1.0
dbr-off-s28,dbr-off,28,6362112,0.66,-1.0
dbr-off-s28,dbr-off,28,6392832,0.63,-1.0
dbr-off-s28,dbr-off,28,6423552,0.69,-1.0
dbr-off-s28,dbr-off,28,6454272,0.72,-1.0
dbr-off-s28,dbr-off,28,6484992,0.6,-1.0
dbr-off-s28,dbr-off,28,6515712,0.64,-1.0
dbr-off-s28,dbr-off,28,6546432,0.66,-1.0
dbr-off-s28,dbr-off,28,6577152,0.7,-1.0
dbr-off-s28,dbr-off,28,6607872,0.7,-1.0
dbr-off-s28,dbr-off,28,6638592,0.63,-1.0
dbr-off-s28,dbr-off,28,6669312,0.61,-1.0
dbr-off-s28,dbr-off,28,6700032,0.65,-1.0
dbr-off-s28,dbr-off,28,6730752,0.58,-1.0
dbr-off-s28,dbr-off,28,6761472,0.67,-1.0
dbr-off-s28,dbr-off,28,6792192,0.6,-1.0
dbr-off-s28,dbr-off,28,6822912,0.62,-1.0
dbr-off-s28,dbr-off,28,6853632,0.67,-1.0
dbr-off-s28,dbr-off,28,6884352,0.63,-1.0
dbr-off-s28,dbr-off,28,6915072,0.63,-1.0
dbr-off-s28,dbr-off,28,6945792,0.67,-1.0
dbr-off-s28,dbr-off,28,6976512,0.66,-1.0
dbr-off-s28,dbr-off,28,7007232,0.67,-1.0
dbr-off-s28,dbr-off,28,7037952,0.65,-1.0
dbr-off-s28,dbr-off,28,7068672,0.65,-1.0
dbr-off-s28,dbr-off,28,7099392,0.69,-1.0
dbr-off-s28,dbr-off,28,7130112,0.62,-1.0
dbr-off-s28,dbr-off,28,7160832,0.58,-1.0
dbr-off-s28,dbr-off,28,7191552,0.61,-1.0
dbr-off-s28,dbr-off,28,7222272,0.69,-1.0
dbr-off-s28,dbr-off,28,7252992,0.66,-1.0
dbr-off-s28,dbr-off,28,7283712,0.63,-1.0
dbr-off-s28,dbr-off,28,7314432,0.68,-1.0
dbr-off-s28,dbr-off,28,7345152,0.72,-1.0
dbr-off-s28,dbr-off,28,7375872,0.74,-1.0
dbr-off-s28,dbr-off,28,7406592,0.69,-1.0
dbr-off-s28,dbr-off,28,7437312,0.69,-1.0
dbr-off-s28,dbr-off,28,7468032,0.68,-1.0
dbr-off-s28,dbr-off,28,7498752,0.61,-1.0
dbr-off-s28,dbr-off,28,7529472,0.74,-1.0
dbr-off-s28,dbr-off,28,7560192,0.65,-1.0
dbr-off-s28,dbr-off,28,7590912,0.67,-1.0
dbr-off-s28,dbr-off,28,7621632,0.73,-1.0
dbr-off-s28,dbr-off,28,7652352,0.64,-1.0
dbr-off-s28,dbr-off,28,7683072,0.78,-1.0
dbr-off-s28,dbr-off,28,7713792,0.72,-1.0
dbr-off-s28,dbr-off,28,7744512,0.67,-1.0
dbr-off-s28,dbr-off,28,7775232,0.65,-1.0
dbr-off-s28,dbr-off,28,7805952,0.7,-1.0
dbr-off-s28,dbr-off,28,7836672,0.65,-1.0
dbr-off-s28,dbr-off,28,7867392,0.71,-1.0
dbr-off-s28,dbr-off,28,7898112,0.65,-1.0
dbr-off-s28,dbr-off,28,7928832,0.68,-1.0
dbr-off-s28,dbr-off,28,7959552,0.74,-1.0
dbr-off-s28,dbr-off,28,7990272,0.73,-1.0
dbr-off-s28,dbr-off,28,8020992,0.72,-1.0
dbr-off-s28,dbr-off,28,8051712,0.69,-1.0
dbr-off-s28,dbr-off,28,8082432,0.74,-1.0
dbr-off-s28,dbr-off,28,8113152,0.84,-1.0
dbr-off-s28,dbr-off,28,8143872,0.77,-1.0
dbr-off-s28,dbr-off,28,8174592,0.72,-1.0
dbr-off-s28,dbr-off,28,8205312,0.73,-1.0
dbr-off-s28,dbr-off,28,8236032,0.76,-1.0
dbr-off-s28,dbr-off,28,8266752,0.71,-1.0
dbr-off-s28,dbr-off,28,8297472,0.68,-1.0
dbr-off-s28,dbr-off,28,8328192,0.71,-1.0
dbr-off-s28,dbr-off,28,8358912,0.72,-1.0
dbr-off-s28,dbr-off,28,8389632,0.7,-1.0
dbr-off-s28,dbr-off,28,8420352,0.74,-1.0
dbr-off-s28,dbr-off,28,8451072,0.76,-1.0
dbr-off-s28,dbr-off,28,8481792,0.73,-1.0
dbr-off-s28,dbr-off,28,8512512,0.76,-1.0
dbr-off-s28,dbr-off,28,8543232,0.64,-1.0
dbr-off-s28,dbr-off,28,8573952,0.7,-1.0
dbr-off-s28,dbr-off,28,8604672,0.78,-1.0
dbr-off-s28,dbr-off,28,8635392,0.79,-1.0
dbr-off-s28,dbr-off,28,8666112,0.76,-1.0
dbr-off-s28,dbr-off,28,8696832,0.75,-1.0
dbr-off-s28,dbr-off,28,8727552,0.73,-1.0
dbr-off-s28,dbr-off,28,8758272,0.79,-1.0
dbr-off-s28,dbr-off,28,8788992,0.71,-1.0
dbr-off-s28,dbr-off,28,8819712,0.69,-1.0
dbr-off-s28,dbr-off,28,8850432,0.7,-1.0
dbr-off-s28,dbr-off,28,8881152,0.82,-1.0
dbr-off-s28,dbr-off,28,8911872,0.77,-1.0
dbr-off-s28,dbr-off,28,8942592,0.71,-1.0
dbr-off-s28,dbr-off,28,8973312,0.77,-1.0
dbr-off-s28,dbr-off,28,9004032,0.67,-1.0
dbr-off-s28,dbr-off,28,9034752,0.86,-1.0
dbr-off-s28,dbr-off,28,9065472,0.85,-1.0
dbr-off-s28,dbr-off,28,9096192,0.81,-1.0
dbr-off-s28,dbr-off,28,9126912,0.81,-1.0
dbr-off-s28,dbr-off,28,9157632,0.72,-1.0
dbr-off-s28,dbr-off,28,9188352,0.75,-1.0
dbr-off-s28,dbr-off,28,9219072,0.79,-1.0
dbr-off-s28,dbr-off,28,9249792,0.76,-1.0
dbr-off-s28,dbr-off,28,9280512,0.76,-1.0
dbr-off-s28,dbr-off,28,9311232,0.69,-1.0
dbr-off-s28,dbr-off,28,9341952,0.81,-1.0
dbr-off-s28,dbr-off,28,9372672,0.72,-1.0
dbr-off-s28,dbr-off,28,9403392,0.82,-1.0
dbr-off-s28,dbr-off,28,9434112,0.69,-1.0
dbr-off-s28,dbr-off,28,9464832,0.72,-1.0
dbr-off-s28,dbr-off,28,9495552,0.81,-1.0
dbr-off-s28,dbr-off,28,9526272,0.76,-1.0
dbr-off-s28,dbr-off,28,9556992,0.79,-1.0
dbr-off-s28,dbr-off,28,9587712,0.79,-1.0
dbr-off-s28,dbr-off,28,9618432,0.83,-1.0
dbr-off-s28,dbr-off,28,9649152,0.71,-1.0
dbr-off-s28,dbr-off,28,9679872,0.77,-1.0
dbr-off-s28,dbr-off,28,9710592,0.76,-1.0
dbr-off-s28,dbr-off,28,9741312,0.76,-1.0
dbr-off-s28,dbr-off,28,9772032,0.75,-1.0
dbr-off-s28,dbr-off,28,9802752,0.84,-1.0
dbr-off-s28,dbr-off,28,9833472,0.83,-1.0
dbr-off-s28,dbr-off,28,9864192,0.76,-1.0
dbr-off-s28,dbr-off,28,9894912,0.81,-1.0
dbr-off-s28,dbr-off,28,9925632,0.78,-1.0
dbr-off-s28,dbr-off,28,9956352,0.74,-1.0
dbr-off-s28,dbr-off,28,9987072,0.87,-1.0
dbr-off-s28,dbr-off,28,10017792,0.8,-1.0
dbr-off-s28,dbr-off,28,10048512,0.75,-1.0
dbr-off-s28,dbr-off,28,10079232,0.82,-1.0
dbr-off-s28,dbr-off,28,10109952,0.84,-1.0
dbr-off-s28,dbr-off,28,10140672,0.73,-1.0
dbr-off-s28,dbr-off,28,10171392,0.77,-1.0
dbr-off-s28,dbr-off,28,10202112,0.8,-1.0
dbr-off-s28,dbr-off,28,10232832,0.83,-1.0
dbr-off-s28,dbr-off,28,10263552,0.77,-1.0
dbr-off-s28,dbr-off,28,10294272,0.83,-1.0
dbr-off-s28,dbr-off,28,10324992,0.79,-1.0
dbr-off-s28,dbr-off,28,10355712,0.74,-1.0
dbr-off-s28,dbr-off,28,10386432,0.79,-1.0
dbr-off-s28,dbr-off,28,10417152,0.9,-1.0
dbr-off-s28,dbr-off,28,10447872,0.79,-1.0
dbr-off-s28,dbr-off,28,10478592,0.8,-1.0
dbr-off-s28,dbr-off,28,10509312,0.81,-1.0
dbr-off-s28,dbr-off,28,10540032,0.81,-1.0
dbr-off-s28,dbr-off,28,10570752,0.85,-1.0
dbr-off-s28,dbr-off,28,10601472,0.77,-1.0
dbr-off-s28,dbr-off,28,10632192,0.72,-1.0
dbr-off-s28,dbr-off,28,10662912,0.81,-1.0
dbr-off-s28,dbr-off,28,10693632,0.87,-1.0
dbr-off-s28,dbr-off,28,10724352,0.8,-1.0
dbr-off-s28,dbr-off,28,10755072,0.88,-1.0
dbr-off-s28,dbr-off,28,10785792,0.81,-1.0
dbr-off-s28,dbr-off,28,10816512,0.83,-1.0
dbr-off-s28,dbr-off,28,10847232,0.75,-1.0
dbr-off-s28,dbr-off,28,10877952,0.8,-1.0
dbr-off-s28,dbr-off,28,10908672,0.8,-1.0
dbr-off-s28,dbr-off,28,10939392,0.8,-1.0
dbr-off-s28,dbr-off,28,10970112,0.84,-1.0
dbr-off-s28,dbr-off,28,11000832,0.77,-1.0
dbr-off-s28,dbr-off,28,11031552,0.79,-1.0
dbr-off-s28,dbr-off,28,11062272,0.88,-1.0
dbr-off-s28,dbr-off,28,11092992,0.78,-1.0
dbr-off-s28,dbr-off,28,11123712,0.78,-1.0
dbr-off-s28,dbr-off,28,11154432,0.81,-1.0
dbr-off-s28,dbr-off,28,11185152,0.79,-1.0
dbr-off-s28,dbr-off,28,11215872,0.82,-1.0
dbr-off-s28,dbr-off,28,11246592,0.89,-1.0
dbr-off-s28,dbr-off,28,11277312,0.78,-1.0
dbr-off-s28,dbr-off,28,11308032,0.82,-1.0
dbr-off-s28,dbr-off,28,11338752,0.89,-1.0
dbr-off-s28,dbr-off,28,11369472,0.85,-1.0
dbr-off-s28,dbr-off,28,11400192,0.85,-1.0
dbr-off-s28,dbr-off,28,11430912,0.85,-1.0
dbr-off-s28,dbr-off,28,11461632,0.79,-1.0
dbr-off-s28,dbr-off,28,11492352,0.87,-1.0
dbr-off-s28,dbr-off,28,11523072,0.82,-1.0
dbr-off-s28,dbr-off,28,11553792,0.88,-1.0
dbr-off-s28,dbr-off,28,11584512,0.78,-1.0
dbr-off-s28,dbr-off,28,11615232,0.79,-1.0
dbr-off-s28,dbr-off,28,11645952,0.85,-1.0
dbr-off-s28,dbr-off,28,11676672,0.69,-1.0
dbr-off-s28,dbr-off,28,11707392,0.82,-1.0
dbr-off-s28,dbr-off,28,11738112,0.82,-1.0
dbr-off-s28,dbr-off,28,11768832,0.79,-1.0
dbr-off-s28,dbr-off,28,11799552,0.86,-1.0
dbr-off-s28,dbr-off,28,11830272,0.82,-1.0
dbr-off-s28,dbr-off,28,11860992,0.79,-1.0
dbr-off-s28,dbr-off,28,11891712,0.8,-1.0
dbr-off-s28,dbr-off,28,11922432,0.84,-1.0
dbr-off-s28,dbr-off,28,11953152,0.86,-1.0
dbr-off-s28,dbr-off,28,11983872,0.83,-1.0
dbr-off-s28,dbr-off,28,12014592,0.77,-1.0
dbr-off-s28,dbr-off,28,12045312,0.85,-1.0
dbr-off-s28,dbr-off,28,12076032,0.81,-1.0
dbr-off-s28,dbr-off,28,12106752,0.86,-1.0
dbr-off-s28,dbr-off,28,12137472,0.87,-1.0
dbr-off-s28,dbr-off,28,12168192,0.81,-1.0
dbr-off-s28,dbr-off,28,12198912,0.81,-1.0
dbr-off-s28,dbr-off,28,12229632,0.8,-1.0
dbr-off-s28,dbr-off,28,12260352,0.78,-1.0
dbr-off-s28,dbr-off,28,12291072,0.79,-1.0
dbr-off-s28,dbr-off,28,12321792,0.86,-1.0
dbr-off-s28,dbr-off,28,12352512,0.84,-1.0
dbr-off-s28,dbr-off,28,12383232,0.79,-1.0
dbr-off-s28,dbr-off,28,12413952,0.89,-1.0
dbr-off-s28,dbr-off,28,12444672,0.93,-1.0
dbr-off-s28,dbr-off,28,12475392,0.83,-1.0
dbr-off-s28,dbr-off,28,12506112,0.83,-1.0
dbr-off-s28,dbr-off,28,12536832,0.92,-1.0
dbr-off-s28,dbr-off,28,12567552,0.89,-1.0
dbr-off-s28,dbr-off,28,12598272,0.82,-1.0
dbr-off-s28,dbr-off,28,12628992,0.81,-1.0
dbr-off-s28,dbr-off,28,12659712,0.85,-1.0
dbr-off-s28,dbr-off,28,12690432,0.88,-1.0
dbr-off-s28,dbr-off,28,12721152,0.84,-1.0
dbr-off-s28,dbr-off,28,12751872,0.76,-1.0
dbr-off-s28,dbr-off,28,12782592,0.85,-1.0
dbr-off-s28,dbr-off,28,12813312,0.84,-1.0
dbr-off-s28,dbr-off,28,12844032,0.94,-1.0
dbr-off-s28,dbr-off,28,12874752,0.88,-1.0
dbr-off-s28,dbr-off,28,12905472,0.81,-1.0
dbr-off-s28,dbr-off,28,12936192,0.87,-1.0
dbr-off-s28,dbr-off,28,12966912,0.83,-1.0
dbr-off-s28,dbr-off,28,12997632,0.87,-1.0
dbr-off-s28,dbr-off,28,13028352,0.89,-1.0
dbr-off-s28,dbr-off,28,13059072,0.84,-1.0
dbr-off-s28,dbr-off,28,13089792,0.91,-1.0
dbr-off-s28,dbr-off,28,13120512,0.89,-1.0
dbr-off-s28,dbr-off,28,13151232,0.88,-1.0
dbr-off-s28,dbr-off,28,13181952,0.85,-1.0
dbr-off-s28,dbr-off,28,13212672,0.82,-1.0
dbr-off-s28,dbr-off,28,13243392,0.88,-1.0
dbr-off-s28,dbr-off,28,13274112,0.79,-1.0
dbr-off-s28,dbr-off,28,13304832,0.94,-1.0
dbr-off-s28,dbr-off,28,13335552,0.86,-1.0
dbr-off-s28,dbr-off,28,13366272,0.91,-1.0
dbr-off-s28,dbr-off,28,13396992,0.86,-1.0
dbr-off-s28,dbr-off,28,13427712,0.87,-1.0
dbr-off-s28,dbr-off,28,13458432,0.83,-1.0
dbr-off-s28,dbr-off,28,13489152,0.95,-1.0
dbr-off-s28,dbr-off,28,13519872,0.89,-1.0
dbr-off-s28,dbr-off,28,13550592,0.85,-1.0
dbr-off-s28,dbr-off,28,13581312,0.89,-1.0
dbr-off-s28,dbr-off,28,13612032,0.82,-1.0
dbr-off-s28,dbr-off,28,13642752,0.88,-1.0
dbr-off-s28,dbr-off,28,13673472,0.88,-1.0
dbr-off-s28,dbr-off,28,13704192,0.88,-1.0
dbr-off-s28,dbr-off,28,13734912,0.92,-1.0
dbr-off-s28,dbr-off,28,13765632,0.86,-1.0
dbr-off-s28,dbr-off,28,13796352,0.89,-1.0
dbr-off-s28,dbr-off,28,13827072,0.88,-1.0
dbr-off-s28,dbr-off,28,13857792,0.89,-1.0
dbr-off-s28,dbr-off,28,13888512,0.87,-1.0
dbr-off-s28,dbr-off,28,13919232,0.89,-1.0
dbr-off-s28,dbr-off,28,13949952,0.87,-1.0
dbr-off-s28,dbr-off,28,13980672,0.91,-1.0
dbr-off-s28,dbr-off,28,14011392,0.92,-1.0
dbr-off-s28,dbr-off,28,14042112,0.88,-1.0
dbr-off-s28,dbr-off,28,14072832,0.88,-1.0
dbr-off-s28,dbr-off,28,14103552,0.9,-1.0
dbr-off-s28,dbr-off,28,14134272,0.86,-1.0
dbr-off-s28,dbr-off,28,14164992,0.85,-1.0
dbr-off-s28,dbr-off,28,14195712,0.85,-1.0
dbr-off-s28,dbr-off,28,14226432,0.91,-1.0
dbr-off-s28,dbr-off,28,14257152,0.88,-1.0
dbr-off-s28,dbr-off,28,14287872,0.85,-1.0
dbr-off-s28,dbr-off,28,14318592,0.87,-1.0
dbr-off-s28,dbr-off,28,14349312,0.88,-1.0
dbr-off-s28,dbr-off,28,14380032,0.92,-1.0
dbr-off-s28,dbr-off,28,14410752,0.92,-1.0
dbr-off-s28,dbr-off,28,14441472,0.85,-1.0
dbr-off-s28,dbr-off,28,14472192,0.95,-1.0
dbr-off-s28,dbr-off,28,14502912,0.92,-1.0
dbr-off-s28,dbr-off,28,14533632,0.87,-1.0
dbr-off-s28,dbr-off,28,14564352,0.84,-1.0
dbr-off-s28,dbr-off,28,14595072,0.89,-1.0
dbr-off-s28,dbr-off,28,14625792,0.89,-1.0
dbr-off-s28,dbr-off,28,14656512,0.95,-1.0
dbr-off-s28,dbr-off,28,14687232,0.89,-1.0
dbr-off-s28,dbr-off,28,14717952,0.89,-1.0
dbr-off-s28,dbr-off,28,14748672,0.93,-1.0
dbr-off-s28,dbr-off,28,14779392,0.91,-1.0
dbr-off-s28,dbr-off,28,14810112,0.95,-1.0
dbr-off-s28,dbr-off,28,14840832,0.95,-1.0
dbr-off-s28,dbr-off,28,14871552,0.94,-1.0
dbr-off-s28,dbr-off,28,14902272,0.93,-1.0
dbr-off-s28,dbr-off,28,14932992,0.94,-1.0
dbr-off-s28,dbr-off,28,14963712,0.95,-1.0
dbr-off-s28,dbr-off,28,14994432,0.91,-1.0
dbr-off-s28,dbr-off,28,14997504,0.9,-1.0
dbr-off-s29,dbr-off,29,4918272,0.32,-1.0
dbr-off-s29,dbr-off,29,4948992,0.49,-1.0
dbr-off-s29,dbr-off,29,4979712,0.5,-1.0
dbr-off-s29,dbr-off,29,5010432,0.48,-1.0
dbr-off-s29,dbr-off,29,5041152,0.51,-1.0
dbr-off-s29,dbr-off,29,5071872,0.43,-1.0
dbr-off-s29,dbr-off,29,5102592,0.49,-1.0
dbr-off-s29,dbr-off,29,5133312,0.5,-1.0
dbr-off-s29,dbr-off,29,5164032,0.47,-1.0
dbr-off-s29,dbr-off,29,5194752,0.47,-1.0
dbr-off-s29,dbr-off,29,5225472,0.46,-1.0
dbr-off-s29,dbr-off,29,5256192,0.48,-1.0
dbr-off-s29,dbr-off,29,5286912,0.46,-1.0
dbr-off-s29,dbr-off,29,5317632,0.45,-1.0
dbr-off-s29,dbr-off,29,5348352,0.49,-1.0
dbr-off-s29,dbr-off,29,5379072,0.48,-1.0
dbr-off-s29,dbr-off,29,5409792,0.52,-1.0
dbr-off-s29,dbr-off,29,5440512,0.54,-1.0
dbr-off-s29,dbr-off,29,5471232,0.51,-1.0
dbr-off-s29,dbr-off,29,5501952,0.62,-1.0
dbr-off-s29,dbr-off,29,5532672,0.52,-1.0
dbr-off-s29,dbr-off,29,5563392,0.52,-1.0
dbr-off-s29,dbr-off,29,5594112,0.47,-1.0
dbr-off-s29,dbr-off,29,5624832,0.55,-1.0
dbr-off-s29,dbr-off,29,5655552,0.52,-1.0
dbr-off-s29,dbr-off,29,5686272,0.56,-1.0
dbr-off-s29,dbr-off,29,5716992,0.53,-1.0
dbr-off-s29,dbr-off,29,5747712,0.58,-1.0
dbr-off-s29,dbr-off,29,5778432,0.58,-1.0
dbr-off-s29,dbr-off,29,5809152,0.6,-1.0
dbr-off-s29,dbr-off,29,5839872,0.72,-1.0
dbr-off-s29,dbr-off,29,5870592,0.59,-1.0
dbr-off-s29,dbr-off,29,5901312,0.58,-1.0
dbr-off-s29,dbr-off,29,5932032,0.57,-1.0
dbr-off-s29,dbr-off,29,5962752,0.69,-1.0
dbr-off-s29,dbr-off,29,5993472,0.65,-1.0
dbr-off-s29,dbr-off,29,6024192,0.6,-1.0
dbr-off-s29,dbr-off,29,6054912,0.59,-1.0
dbr-off-s29,dbr-off,29,6085632,0.58,-1.0
dbr-off-s29,dbr-off,29,6116352,0.7,-1.0
dbr-off-s29,dbr-off,29,6147072,0.63,-1.0
dbr-off-s29,dbr-off,29,6177792,0.58,-1.0
dbr-off-s29,dbr-off,29,6208512,0.65,-1.0
dbr-off-s29,dbr-off,29,6239232,0.51,-1.0
dbr-off-s29,dbr-off,29,6269952,0.62,-1.0
dbr-off-s29,dbr-off,29,6300672,0.64,-1.0
dbr-off-s29,dbr-off,29,6331392,0.56,-1.0
dbr-off-s29,dbr-off,29,6362112,0.6,-1.0
dbr-off-s29,dbr-off,29,6392832,0.66,-1.0
dbr-off-s29,dbr-off,29,6423552,0.6,-1.0
dbr-off-s29,dbr-off,29,6454272,0.62,-1.0
dbr-off-s29,dbr-off,29,6484992,0.56,-1.0
dbr-off-s29,dbr-off,29,6515712,0.67,-1.0
dbr-off-s29,dbr-off,29,6546432,0.66,-1.0
dbr-off-s29,dbr-off,29,6577152,0.66,-1.0
dbr-off-s29,dbr-off,29,6607872,0.64,-1.0
dbr-off-s29,dbr-off,29,6638592,0.66,-1.0
dbr-off-s29,dbr-off,29,6669312,0.59,-1.0
dbr-off-s29,dbr-off,29,6700032,0.69,-1.0
dbr-off-s29,dbr-off,29,6730752,0.64,-1.0
dbr-off-s29,dbr-off,29,6761472,0.65,-1.0
dbr-off-s29,dbr-off,29,6792192,0.59,-1.0
dbr-off-s29,dbr-off,29,6822912,0.65,-1.0
dbr-off-s29,dbr-off,29,6853632,0.71,-1.0
dbr-off-s29,dbr-off,29,6884352,0.63,-1.0
dbr-off-s29,dbr-off,29,6915072,0.66,-1.0
dbr-off-s29,dbr-off,29,6945792,0.75,-1.0
dbr-off-s29,dbr-off,29,6976512,0.66,-1.0
dbr-off-s29,dbr-off,29,7007232,0.67,-1.0
dbr-off-s29,dbr-off,29,7037952,0.66,-1.0
dbr-off-s29,dbr-off,29,7068672,0.73,-1.0
dbr-off-s29,dbr-off,29,7099392,0.66,-1.0
dbr-off-s29,dbr-off,29,7130112,0.76,-1.0
dbr-off-s29,dbr-off,29,7160832,0.63,-1.0
dbr-off-s29,dbr-off,29,7191552,0.65,-1.0
dbr-off-s29,dbr-off,29,7222272,0.64,-1.0
dbr-off-s29,dbr-off,29,7252992,0.68,-1.0
dbr-off-s29,dbr-off,29,7283712,0.64,-1.0
dbr-off-s29,dbr-off,29,7314432,0.65,-1.0
dbr-off-s29,dbr-off,29,7345152,0.77,-1.0
dbr-off-s29,dbr-off,29,7375872,0.61,-1.0
dbr-off-s29,dbr-off,29,7406592,0.65,-1.0
dbr-off-s29,dbr-off,29,7437312,0.67,-1.0
dbr-off-s29,dbr-off,29,7468032,0.67,-1.0
dbr-off-s29,dbr-off,29,7498752,0.72,-1.0
dbr-off-s29,dbr-off,29,7529472,0.6,-1.0
dbr-off-s29,dbr-off,29,7560192,0.68,-1.0
dbr-off-s29,dbr-off,29,7590912,0.71,-1.0
dbr-off-s29,dbr-off,29,7621632,0.74,-1.0
dbr-off-s29,dbr-off,29,7652352,0.73,-1.0
dbr-off-s29,dbr-off,29,7683072,0.65,-1.0
dbr-off-s29,dbr-off,29,7713792,0.71,-1.0
dbr-off-s29,dbr-off,29,7744512,0.67,-1.0
dbr-off-s29,dbr-off,29,7775232,0.63,-1.0
dbr-off-s29,dbr-off,29,7805952,0.71,-1.0
dbr-off-s29,dbr-off,29,7836672,0.77,-1.0
dbr-off-s29,dbr-off,29,7867392,0.66,-1.0
dbr-off-s29,dbr-off,29,7898112,0.69,-1.0
dbr-off-s29,dbr-off,29,7928832,0.74,-1.0
dbr-off-s29,dbr-off,29,7959552,0.76,-1.0
dbr-off-s29,dbr-off,29,7990272,0.76,-1.0
dbr-off-s29,dbr-off,29,8020992,0.74,-1.0
dbr-off-s29,dbr-off,29,8051712,0.67,-1.0
dbr-off-s29,dbr-off,29,8082432,0.76,-1.0
dbr-off-s29,dbr-off,29,8113152,0.76,-1.0
dbr-off-s29,dbr-off,29,8143872,0.7,-1.0
dbr-off-s29,dbr-off,29,8174592,0.75,-1.0
dbr-off-s29,dbr-off,29,8205312,0.75,-1.0
dbr-off-s29,dbr-off,29,8236032,0.66,-1.0
dbr-off-s29,dbr-off,29,8266752,0.7,-1.0
dbr-off-s29,dbr-off,29,8297472,0.74,-1.0
dbr-off-s29,dbr-off,29,8328192,0.72,-1.0
dbr-off-s29,dbr-off,29,8358912,0.7,-1.0
dbr-off-s29,dbr-off,29,8389632,0.66,-1.0
dbr-off-s29,dbr-off,29,8420352,0.75,-1.0
dbr-off-s29,dbr-off,29,8451072,0.72,-1.0
dbr-off-s29,dbr-off,29,8481792,0.74,-1.0
dbr-off-s29,dbr-off,29,8512512,0.73,-1.0
dbr-off-s29,dbr-off,29,8543232,0.82,-1.0
dbr-off-s29,dbr-off,29,8573952,0.68,-1.0
dbr-off-s29,dbr-off,29,8604672,0.67,-1.0
dbr-off-s29,dbr-off,29,8635392,0.75,-1.0
dbr-off-s29,dbr-off,29,8666112,0.76,-1.0
dbr-off-s29,dbr-off,29,8696832,0.73,-1.0
dbr-off-s29,dbr-off,29,8727552,0.74,-1.0
dbr-off-s29,dbr-off,29,8758272,0.67,-1.0
dbr-off-s29,dbr-off,29,8788992,0.69,-1.0
dbr-off-s29,dbr-off,29,8819712,0.7,-1.0
dbr-off-s29,dbr-off,29,8850432,0.77,-1.0
dbr-off-s29,dbr-off,29,8881152,0.78,-1.0
dbr-off-s29,dbr-off,29,8911872,0.73,-1.0
dbr-off-s29,dbr-off,29,8942592,0.73,-1.0
dbr-off-s29,dbr-off,29,8973312,0.76,-1.0
dbr-off-s29,dbr-off,29,9004032,0.75,-1.0
dbr-off-s29,dbr-off,29,9034752,0.73,-1.0
dbr-off-s29,dbr-off,29,9065472,0.79,-1.0
dbr-off-s29,dbr-off,29,9096192,0.75,-1.0
dbr-off-s29,dbr-off,29,9126912,0.77,-1.0
dbr-off-s29,dbr-off,29,9157632,0.71,-1.0
dbr-off-s29,dbr-off,29,9188352,0.81,-1.0
dbr-off-s29,dbr-off,29,9219072,0.68,-1.0
dbr-off-s29,dbr-off,29,9249792,0.74,-1.0
dbr-off-s29,dbr-off,29,9280512,0.72,-1.0
dbr-off-s29,dbr-off,29,9311232,0.74,-1.0
dbr-off-s29,dbr-off,29,9341952,0.75,-1.0
dbr-off-s29,dbr-off,29,9372672,0.71,-1.0
dbr-off-s29,dbr-off,29,9403392,0.65,-1.0
dbr-off-s29,dbr-off,29,9434112,0.7,-1.0
dbr-off-s29,dbr-off,29,9464832,0.84,-1.0
dbr-off-s29,dbr-off,29,9495552,0.77,-1.0
dbr-off-s29,dbr-off,29,9526272,0.77,-1.0
dbr-off-s29,dbr-off,29,9556992,0.77,-1.0
dbr-off-s29,dbr-off,29,9587712,0.72,-1.0
dbr-off-s29,dbr-off,29,9618432,0.77,-1.0
dbr-off-s29,dbr-off,29,9649152,0.74,-1.0
dbr-off-s29,dbr-off,29,9679872,0.79,-1.0
dbr-off-s29,dbr-off,29,9710592,0.78,-1.0
dbr-off-s29,dbr-off,29,9741312,0.81,-1.0
dbr-off-s29,dbr-off,29,9772032,0.73,-1.0
dbr-off-s29,dbr-off,29,9802752,0.82,-1.0
dbr-off-s29,dbr-off,29,9833472,0.75,-1.0
dbr-off-s29,dbr-off,29,9864192,0.81,-1.0
dbr-off-s29,dbr-off,29,9894912,0.75,-1.0
dbr-off-s29,dbr-off,29,9925632,0.78,-1.0
dbr-off-s29,dbr-off,29,9956352,0.83,-1.0
dbr-off-s29,dbr-off,29,9987072,0.77,-1.0
dbr-off-s29,dbr-off,29,10017792,0.77,-1.0
dbr-off-s29,dbr-off,29,10048512,0.77,-1.0
dbr-off-s29,dbr-off,29,10079232,0.68,-1.0
dbr-off-s29,dbr-off,29,10109952,0.77,-1.0
dbr-off-s29,dbr-off,29,10140672,0.75,-1.0
dbr-off-s29,dbr-off,29,10171392,0.8,-1.0
dbr-off-s29,dbr-off,29,10202112,0.81,-1.0
dbr-off-s29,dbr-off,29,10232832,0.77,-1.0
dbr-off-s29,dbr-off,29,10263552,0.82,-1.0
dbr-off-s29,dbr-off,29,10294272,0.77,-1.0
dbr-off-s29,dbr-off,29,10324992,0.67,-1.0
dbr-off-s29,dbr-off,29,10355712,0.82,-1.0
dbr-off-s29,dbr-off,29,10386432,0.83,-1.0
dbr-off-s29,dbr-off,29,10417152,0.77,-1.0
dbr-off-s29,dbr-off,29,10447872,0.79,-1.0
dbr-off-s29,dbr-off,29,10478592,0.79,-1.0
dbr-off-s29,dbr-off,29,10509312,0.83,-1.0
dbr-off-s29,dbr-off,29,10540032,0.87,-1.0
dbr-off-s29,dbr-off,29,10570752,0.8,-1.0
dbr-off-s29,dbr-off,29,10601472,0.75,-1.0
dbr-off-s29,dbr-off,29,10632192,0.84,-1.0
dbr-off-s29,dbr-off,29,10662912,0.75,-1.0
dbr-off-s29,dbr-off,29,10693632,0.81,-1.0
dbr-off-s29,dbr-off,29,10724352,0.72,-1.0
dbr-off-s29,dbr-off,29,10755072,0.83,-1.0
dbr-off-s29,dbr-off,29,10785792,0.77,-1.0
dbr-off-s29,dbr-off,29,10816512,0.83,-1.0
dbr-off-s29,dbr-off,29,10847232,0.82,-1.0
dbr-off-s29,dbr-off,29,10877952,0.84,-1.0
dbr-off-s29,dbr-off,29,10908672,0.86,-1.0
dbr-off-s29,dbr-off,29,10939392,0.78,-1.0
dbr-off-s29,dbr-off,29,10970112,0.77,-1.0
dbr-off-s29,dbr-off,29,11000832,0.86,-1.0
dbr-off-s29,dbr-off,29,11031552,0.83,-1.0
dbr-off-s29,dbr-off,29,11062272,0.82,-1.0
dbr-off-s29,dbr-off,29,11092992,0.86,-1.0
dbr-off-s29,dbr-off,29,11123712,0.82,-1.0
dbr-off-s29,dbr-off,29,11154432,0.81,-1.0
dbr-off-s29,dbr-off,29,11185152,0.8,-1.0
dbr-off-s29,dbr-off,29,11215872,0.82,-1.0
dbr-off-s29,dbr-off,29,11246592,0.79,-1.0
dbr-off-s29,dbr-off,29,11277312,0.78,-1.0
dbr-off-s29,dbr-off,29,11308032,0.87,-1.0
dbr-off-s29,dbr-off,29,11338752,0.78,-1.0
dbr-off-s29,dbr-off,29,11369472,0.85,-1.0
dbr-off-s29,dbr-off,29,11400192,0.8,-1.0
dbr-off-s29,dbr-off,29,11430912,0.71,-1.0
dbr-off-s29,dbr-off,29,11461632,0.76,-1.0
dbr-off-s29,dbr-off,29,11492352,0.8,-1.0
dbr-off-s29,dbr-off,29,11523072,0.79,-1.0
dbr-off-s29,dbr-off,29,11553792,0.87,-1.0
dbr-off-s29,dbr-off,29,11584512,0.89,-1.0
dbr-off-s29,dbr-off,29,11615232,0.83,-1.0
dbr-off-s29,dbr-off,29,11645952,0.84,-1.0
dbr-off-s29,dbr-off,29,11676672,0.85,-1.0
dbr-off-s29,dbr-off,29,11707392,0.85,-1.0
dbr-off-s29,dbr-off,29,11738112,0.76,-1.0
dbr-off-s29,dbr-off,29,11768832,0.82,-1.0
dbr-off-s29,dbr-off,29,11799552,0.79,-1.0
dbr-off-s29,dbr-off,29,11830272,0.76,-1.0
dbr-off-s29,dbr-off,29,11860992,0.82,-1.0
dbr-off-s29,dbr-off,29,11891712,0.8,-1.0
dbr-off-s29,dbr-off,29,11922432,0.88,-1.0
dbr-off-s29,dbr-off,29,11953152,0.84,-1.0
dbr-off-s29,dbr-off,29,11983872,0.86,-1.0
dbr-off-s29,dbr-off,29,12014592,0.88,-1.0
dbr-off-s29,dbr-off,29,12045312,0.83,-1.0
dbr-off-s29,dbr-off,29,12076032,0.77,-1.0
dbr-off-s29,dbr-off,29,12106752,0.79,-1.0
dbr-off-s29,dbr-off,29,12137472,0.85,-1.0
dbr-off-s29,dbr-off,29,12168192,0.79,-1.0
dbr-off-s29,dbr-off,29,12198912,0.81,-1.0
dbr-off-s29,dbr-off,29,12229632,0.82,-1.0
dbr-off-s29,dbr-off,29,12260352,0.88,-1.0
dbr-off-s29,dbr-off,29,12291072,0.83,-1.0
dbr-off-s29,dbr-off,29,12321792,0.77,-1.0
dbr-off-s29,dbr-off,29,12352512,0.79,-1.0
dbr-off-s29,dbr-off,29,12383232,0.88,-1.0
dbr-off-s29,dbr-off,29,12413952,0.79,-1.0
dbr-off-s29,dbr-off,29,12444672,0.82,-1.0
dbr-off-s29,dbr-off,29,12475392,0.86,-1.0
dbr-off-s29,dbr-off,29,12506112,0.89,-1.0
dbr-off-s29,dbr-off,29,12536832,0.86,-1.0
dbr-off-s29,dbr-off,29,12567552,0.89,-1.0
dbr-off-s29,dbr-off,29,12598272,0.82,-1.0
dbr-off-s29,dbr-off,29,12628992,0.88,-1.0
dbr-off-s29,dbr-off,29,12659712,0.86,-1.0
dbr-off-s29,dbr-off,29,12690432,0.8,-1.0
dbr-off-s29,dbr-off,29,12721152,0.88,-1.0
dbr-off-s29,dbr-off,29,12751872,0.86,-1.0
dbr-off-s29,dbr-off,29,12782592,0.87,-1.0
dbr-off-s29,dbr-off,29,12813312,0.86,-1.0
dbr-off-s29,dbr-off,29,12844032,0.84,-1.0
dbr-off-s29,dbr-off,29,12874752,0.93,-1.0
dbr-off-s29,dbr-off,29,12905472,0.85,-1.0
dbr-off-s29,dbr-off,29,12936192,0.87,-1.0
dbr-off-s29,dbr-off,29,12966912,0.89,-1.0
dbr-off-s29,dbr-off,29,12997632,0.89,-1.0
dbr-off-s29,dbr-off,29,13028352,0.86,-1.0
dbr-off-s29,dbr-off,29,13059072,0.85,-1.0
dbr-off-s29,dbr-off,29,13089792,0.86,-1.0
dbr-off-s29,dbr-off,29,13120512,0.85,-1.0
dbr-off-s29,dbr-off,29,13151232,0.85,-1.0
dbr-off-s29,dbr-off,29,13181952,0.85,-1.0
dbr-off-s29,dbr-off,29,13212672,0.8,-1.0
dbr-off-s29,dbr-off,29,13243392,0.85,-1.0
dbr-off-s29,dbr-off,29,13274112,0.87,-1.0
dbr-off-s29,dbr-off,29,13304832,0.86,-1.0
dbr-off-s29,dbr-off,29,13335552,0.87,-1.0
dbr-off-s29,dbr-off,29,13366272,0.86,-1.0
dbr-off-s29,dbr-off,29,13396992,0.84,-1.0
dbr-off-s29,dbr-off,29,13427712,0.89,-1.0
dbr-off-s29,dbr-off,29,13458432,0.88,-1.0
dbr-off-s29,dbr-off,29,13489152,0.89,-1.0
dbr-off-s29,dbr-off,29,13519872,0.86,-1.0
dbr-off-s29,dbr-off,29,13550592,0.89,-1.0
dbr-off-s29,dbr-off,29,13581312,0.84,-1.0
dbr-off-s29,dbr-off,29,13612032,0.92,-1.0
dbr-off-s29,dbr-off,29,13642752,0.87,-1.0
dbr-off-s29,dbr-off,29,13673472,0.92,-1.0
dbr-off-s29,dbr-off,29,13704192,0.88,-1.0
dbr-off-s29,dbr-off,29,13734912,0.81,-1.0
dbr-off-s29,dbr-off,29,13765632,0.87,-1.0
dbr-off-s29,dbr-off,29,13796352,0.87,-1.0
dbr-off-s29,dbr-off,29,13827072,0.84,-1.0
dbr-off-s29,dbr-off,29,13857792,0.86,-1.0
dbr-off-s29,dbr-off,29,13888512,0.89,-1.0
dbr-off-s29,dbr-off,29,13919232,0.87,-1.0
dbr-off-s29,dbr-off,29,13949952,0.92,-1.0
dbr-off-s29,dbr-off,29,13980672,0.85,-1.0
dbr-off-s29,dbr-off,29,14011392,0.87,-1.0
dbr-off-s29,dbr-off,29,14042112,0.86,-1.0
dbr-off-s29,dbr-off,29,14072832,0.89,-1.0
dbr-off-s29,dbr-off,29,14103552,0.88,-1.0
dbr-off-s29,dbr-off,29,14134272,0.87,-1.0
dbr-off-s29,dbr-off,29,14164992,0.94,-1.0
dbr-off-s29,dbr-off,29,14195712,0.94,-1.0
dbr-off-s29,dbr-off,29,14226432,0.95,-1.0
dbr-off-s29,dbr-off,29,14257152,0.89,-1.0
dbr-off-s29,dbr-off,29,14287872,0.88,-1.0
dbr-off-s29,dbr-off,29,14318592,0.88,-1.0
dbr-off-s29,dbr-off,29,14349312,0.91,-1.0
dbr-off-s29,dbr-off,29,14380032,0.91,-1.0
dbr-off-s29,dbr-off,29,14410752,0.89,-1.0
dbr-off-s29,dbr-off,29,14441472,0.91,-1.0
dbr-off-s29,dbr-off,29,14472192,0.88,-1.0
dbr-off-s29,dbr-off,29,14502912,0.9,-1.0
dbr-off-s29,dbr-off,29,14533632,0.95,-1.0
dbr-off-s29,dbr-off,29,14564352,0.97,-1.0
dbr-off-s29,dbr-off,29,14595072,0.93,-1.0
dbr-off-s29,dbr-off,29,14625792,0.9,-1.0
dbr-off-s29,dbr-off,29,14656512,0.95,-1.0
dbr-off-s29,dbr-off,29,14687232,0.91,-1.0
dbr-off-s29,dbr-off,29,14717952,0.89,-1.0
dbr-off-s29,dbr-off,29,14748672,0.92,-1.0
dbr-off-s29,dbr-off,29,14779392,0.9,-1.0
dbr-off-s29,dbr-off,29,14810112,0.9,-1.0
dbr-off-s29,dbr-off,29,14840832,0.89,-1.0
dbr-off-s29,dbr-off,29,14871552,0.88,-1.0
dbr-off-s29,dbr-off,29,14902272,0.93,-1.0
dbr-off-s29,dbr-off,29,14932992,0.96,-1.0
dbr-off-s29,dbr-off,29,14963712,0.91,-1.0
dbr-off-s29,dbr-off,29,14994432,0.91,-1.0
dbr-off-s29,dbr-off,29,14997504,0.92,-1.0
dbr-fix10-s29,dbr-fix10,29,4918272,0.68,-1.0
dbr-fix10-s29,dbr-fix10,29,4948992,0.69,-1.0
dbr-fix10-s29,dbr-fix10,29,4979712,0.57,-1.0
dbr-fix10-s29,dbr-fix10,29,5010432,0.71,-1.0
dbr-fix10-s29,dbr-fix10,29,5041152,0.58,-1.0
dbr-fix10-s29,dbr-fix10,29,5071872,0.73,-1.0
dbr-fix10-s29,dbr-fix10,29,5102592,0.65,-1.0
dbr-fix10-s29,dbr-fix10,29,5133312,0.71,-1.0
dbr-fix10-s29,dbr-fix10,29,5164032,0.73,-1.0
dbr-fix10-s29,dbr-fix10,29,5194752,0.6,-1.0
dbr-fix10-s29,dbr-fix10,29,5225472,0.68,-1.0
dbr-fix10-s29,dbr-fix10,29,5256192,0.63,-1.0
dbr-fix10-s29,dbr-fix10,29,5286912,0.64,-1.0
dbr-fix10-s29,dbr-fix10,29,5317632,0.67,-1.0
dbr-fix10-s29,dbr-fix10,29,5348352,0.62,-1.0
dbr-fix10-s29,dbr-fix10,29,5379072,0.57,-1.0
dbr-fix10-s29,dbr-fix10,29,5409792,0.68,-1.0
dbr-fix10-s29,dbr-fix10,29,5440512,0.73,-1.0
dbr-fix10-s29,dbr-fix10,29,5471232,0.64,-1.0
dbr-fix10-s29,dbr-fix10,29,5501952,0.68,-1.0
dbr-fix10-s29,dbr-fix10,29,5532672,0.67,-1.0
dbr-fix10-s29,dbr-fix10,29,5563392,0.67,-1.0
dbr-fix10-s29,dbr-fix10,29,5594112,0.68,-1.0
dbr-fix10-s29,dbr-fix10,29,5624832,0.66,-1.0
dbr-fix10-s29,dbr-fix10,29,5655552,0.69,-1.0
dbr-fix10-s29,dbr-fix10,29,5686272,0.71,-1.0
dbr-fix10-s29,dbr-fix10,29,5716992,0.7,-1.0
dbr-fix10-s29,dbr-fix10,29,5747712,0.71,-1.0
dbr-fix10-s29,dbr-fix10,29,5778432,0.65,-1.0
dbr-fix10-s29,dbr-fix10,29,5809152,0.68,-1.0
dbr-fix10-s29,dbr-fix10,29,5839872,0.73,-1.0
dbr-fix10-s29,dbr-fix10,29,5870592,0.7,-1.0
dbr-fix10-s29,dbr-fix10,29,5901312,0.74,-1.0
dbr-fix10-s29,dbr-fix10,29,5932032,0.67,-1.0
dbr-fix10-s29,dbr-fix10,29,5962752,0.71,-1.0
dbr-fix10-s29,dbr-fix10,29,5993472,0.76,-1.0
dbr-fix10-s29,dbr-fix10,29,6024192,0.83,-1.0
dbr-fix10-s29,dbr-fix10,29,6054912,0.81,-1.0
dbr-fix10-s29,dbr-fix10,29,6085632,0.72,-1.0
dbr-fix10-s29,dbr-fix10,29,6116352,0.7,-1.0
dbr-fix10-s29,dbr-fix10,29,6147072,0.69,-1.0
dbr-fix10-s29,dbr-fix10,29,6177792,0.67,-1.0
dbr-fix10-s29,dbr-fix10,29,6208512,0.77,-1.0
dbr-fix10-s29,dbr-fix10,29,6239232,0.75,-1.0
dbr-fix10-s29,dbr-fix10,29,6269952,0.73,-1.0
dbr-fix10-s29,dbr-fix10,29,6300672,0.72,-1.0
dbr-fix10-s29,dbr-fix10,29,6331392,0.8,-1.0
dbr-fix10-s29,dbr-fix10,29,6362112,0.76,-1.0
dbr-fix10-s29,dbr-fix10,29,6392832,0.77,-1.0
dbr-fix10-s29,dbr-fix10,29,6423552,0.78,-1.0
dbr-fix10-s29,dbr-fix10,29,6454272,0.76,-1.0
dbr-fix10-s29,dbr-fix10,29,6484992,0.75,-1.0
dbr-fix10-s29,dbr-fix10,29,6515712,0.77,-1.0
dbr-fix10-s29,dbr-fix10,29,6546432,0.7,-1.0
dbr-fix10-s29,dbr-fix10,29,6577152,0.78,-1.0
dbr-fix10-s29,dbr-fix10,29,6607872,0.73,-1.0
dbr-fix10-s29,dbr-fix10,29,6638592,0.68,-1.0
dbr-fix10-s29,dbr-fix10,29,6669312,0.83,-1.0
dbr-fix10-s29,dbr-fix10,29,6700032,0.76,-1.0
dbr-fix10-s29,dbr-fix10,29,6730752,0.81,-1.0
dbr-fix10-s29,dbr-fix10,29,6761472,0.75,-1.0
dbr-fix10-s29,dbr-fix10,29,6792192,0.74,-1.0
dbr-fix10-s29,dbr-fix10,29,6822912,0.74,-1.0
dbr-fix10-s29,dbr-fix10,29,6853632,0.78,-1.0
dbr-fix10-s29,dbr-fix10,29,6884352,0.82,-1.0
dbr-fix10-s29,dbr-fix10,29,6915072,0.81,-1.0
dbr-fix10-s29,dbr-fix10,29,6945792,0.81,-1.0
dbr-fix10-s29,dbr-fix10,29,6976512,0.82,-1.0
dbr-fix10-s29,dbr-fix10,29,7007232,0.83,-1.0
dbr-fix10-s29,dbr-fix10,29,7037952,0.82,-1.0
dbr-fix10-s29,dbr-fix10,29,7068672,0.86,-1.0
dbr-fix10-s29,dbr-fix10,29,7099392,0.76,-1.0
dbr-fix10-s29,dbr-fix10,29,7130112,0.75,-1.0
dbr-fix10-s29,dbr-fix10,29,7160832,0.74,-1.0
dbr-fix10-s29,dbr-fix10,29,7191552,0.79,-1.0
dbr-fix10-s29,dbr-fix10,29,7222272,0.8,-1.0
dbr-fix10-s29,dbr-fix10,29,7252992,0.84,-1.0
dbr-fix10-s29,dbr-fix10,29,7283712,0.69,-1.0
dbr-fix10-s29,dbr-fix10,29,7314432,0.83,-1.0
dbr-fix10-s29,dbr-fix10,29,7345152,0.78,-1.0
dbr-fix10-s29,dbr-fix10,29,7375872,0.79,-1.0
dbr-fix10-s29,dbr-fix10,29,7406592,0.82,-1.0
dbr-fix10-s29,dbr-fix10,29,7437312,0.77,-1.0
dbr-fix10-s29,dbr-fix10,29,7468032,0.82,-1.0
dbr-fix10-s29,dbr-fix10,29,7498752,0.8,-1.0
dbr-fix10-s29,dbr-fix10,29,7529472,0.85,-1.0
dbr-fix10-s29,dbr-fix10,29,7560192,0.84,-1.0
dbr-fix10-s29,dbr-fix10,29,7590912,0.81,-1.0
dbr-fix10-s29,dbr-fix10,29,7621632,0.83,-1.0
dbr-fix10-s29,dbr-fix10,29,7652352,0.81,-1.0
dbr-fix10-s29,dbr-fix10,29,7683072,0.83,-1.0
dbr-fix10-s29,dbr-fix10,29,7713792,0.74,-1.0
dbr-fix10-s29,dbr-fix10,29,7744512,0.81,-1.0
dbr-fix10-s29,dbr-fix10,29,7775232,0.78,-1.0
dbr-fix10-s29,dbr-fix10,29,7805952,0.81,-1.0
dbr-fix10-s29,dbr-fix10,29,7836672,0.81,-1.0
dbr-fix10-s29,dbr-fix10,29,7867392,0.8,-1.0
dbr-fix10-s29,dbr-fix10,29,7898112,0.86,-1.0
dbr-fix10-s29,dbr-fix10,29,7928832,0.76,-1.0
dbr-fix10-s29,dbr-fix10,29,7959552,0.77,-1.0
dbr-fix10-s29,dbr-fix10,29,7990272,0.85,-1.0
dbr-fix10-s29,dbr-fix10,29,8020992,0.83,-1.0
dbr-fix10-s29,dbr-fix10,29,8051712,0.86,-1.0
dbr-fix10-s29,dbr-fix10,29,8082432,0.8,-1.0
dbr-fix10-s29,dbr-fix10,29,8113152,0.79,-1.0
dbr-fix10-s29,dbr-fix10,29,8143872,0.79,-1.0
dbr-fix10-s29,dbr-fix10,29,8174592,0.85,-1.0
dbr-fix10-s29,dbr-fix10,29,8205312,0.79,-1.0
dbr-fix10-s29,dbr-fix10,29,8236032,0.79,-1.0
dbr-fix10-s29,dbr-fix10,29,8266752,0.88,-1.0
dbr-fix10-s29,dbr-fix10,29,8297472,0.84,-1.0
dbr-fix10-s29,dbr-fix10,29,8328192,0.86,-1.0
dbr-fix10-s29,dbr-fix10,29,8358912,0.8,-1.0
dbr-fix10-s29,dbr-fix10,29,8389632,0.84,-1.0
dbr-fix10-s29,dbr-fix10,29,8420352,0.82,-1.0
dbr-fix10-s29,dbr-fix10,29,8451072,0.84,-1.0
dbr-fix10-s29,dbr-fix10,29,8481792,0.86,-1.0
dbr-fix10-s29,dbr-fix10,29,8512512,0.88,-1.0
dbr-fix10-s29,dbr-fix10,29,8543232,0.81,-1.0
dbr-fix10-s29,dbr-fix10,29,8573952,0.87,-1.0
dbr-fix10-s29,dbr-fix10,29,8604672,0.86,-1.0
dbr-fix10-s29,dbr-fix10,29,8635392,0.89,-1.0
dbr-fix10-s29,dbr-fix10,29,8666112,0.8,-1.0
dbr-fix10-s29,dbr-fix10,29,8696832,0.86,-1.0
dbr-fix10-s29,dbr-fix10,29,8727552,0.88,-1.0
dbr-fix10-s29,dbr-fix10,29,8758272,0.89,-1.0
dbr-fix10-s29,dbr-fix10,29,8788992,0.74,-1.0
dbr-fix10-s29,dbr-fix10,29,8819712,0.86,-1.0
dbr-fix10-s29,dbr-fix10,29,8850432,0.85,-1.0
dbr-fix10-s29,dbr-fix10,29,8881152,0.86,-1.0
dbr-fix10-s29,dbr-fix10,29,8911872,0.82,-1.0
dbr-fix10-s29,dbr-fix10,29,8942592,0.85,-1.0
dbr-fix10-s29,dbr-fix10,29,8973312,0.92,-1.0
dbr-fix10-s29,dbr-fix10,29,9004032,0.85,-1.0
dbr-fix10-s29,dbr-fix10,29,9034752,0.83,-1.0
dbr-fix10-s29,dbr-fix10,29,9065472,0.81,-1.0
dbr-fix10-s29,dbr-fix10,29,9096192,0.89,-1.0
dbr-fix10-s29,dbr-fix10,29,9126912,0.9,-1.0
dbr-fix10-s29,dbr-fix10,29,9157632,0.86,-1.0
dbr-fix10-s29,dbr-fix10,29,9188352,0.78,-1.0
dbr-fix10-s29,dbr-fix10,29,9219072,0.86,-1.0
dbr-fix10-s29,dbr-fix10,29,9249792,0.9,-1.0
dbr-fix10-s29,dbr-fix10,29,9280512,0.88,-1.0
dbr-fix10-s29,dbr-fix10,29,9311232,0.87,-1.0
dbr-fix10-s29,dbr-fix10,29,9341952,0.85,-1.0
dbr-fix10-s29,dbr-fix10,29,9372672,0.84,-1.0
dbr-fix10-s29,dbr-fix10,29,9403392,0.79,-1.0
dbr-fix10-s29,dbr-fix10,29,9434112,0.89,-1.0
dbr-fix10-s29,dbr-fix10,29,9464832,0.87,-1.0
dbr-fix10-s29,dbr-fix10,29,9495552,0.88,-1.0
dbr-fix10-s29,dbr-fix10,29,9526272,0.85,-1.0
dbr-fix10-s29,dbr-fix10,29,9556992,0.89,-1.0
dbr-fix10-s29,dbr-fix10,29,9587712,0.91,-1.0
dbr-fix10-s29,dbr-fix10,29,9618432,0.81,-1.0
dbr-fix10-s29,dbr-fix10,29,9649152,0.9,-1.0
dbr-fix10-s29,dbr-fix10,29,9679872,0.85,-1.0
dbr-fix10-s29,dbr-fix10,29,9710592,0.87,-1.0
dbr-fix10-s29,dbr-fix10,29,9741312,0.85,-1.0
dbr-fix10-s29,dbr-fix10,29,9772032,0.89,-1.0
dbr-fix10-s29,dbr-fix10,29,9802752,0.95,-1.0
dbr-fix10-s29,dbr-fix10,29,9833472,0.88,-1.0
dbr-fix10-s29,dbr-fix10,29,9864192,0.85,-1.0
dbr-fix10-s29,dbr-fix10,29,9894912,0.89,-1.0
dbr-fix10-s29,dbr-fix10,29,9925632,0.87,-1.0
dbr-fix10-s29,dbr-fix10,29,9956352,0.91,-1.0
dbr-fix10-s29,dbr-fix10,29,9987072,0.88,-1.0
dbr-fix10-s29,dbr-fix10,29,10017792,0.9,-1.0
dbr-fix10-s29,dbr-fix10,29,10048512,0.92,-1.0
dbr-fix10-s29,dbr-fix10,29,10079232,0.9,-1.0
dbr-fix10-s29,dbr-fix10,29,10109952,0.9,-1.0
dbr-fix10-s29,dbr-fix10,29,10140672,0.91,-1.0
dbr-fix10-s29,dbr-fix10,29,10171392,0.88,-1.0
dbr-fix10-s29,dbr-fix10,29,10202112,0.91,-1.0
dbr-fix10-s29,dbr-fix10,29,10232832,0.94,-1.0
dbr-fix10-s29,dbr-fix10,29,10263552,0.94,-1.0
dbr-fix10-s29,dbr-fix10,29,10294272,0.94,-1.0
dbr-fix10-s29,dbr-fix10,29,10324992,0.89,-1.0
dbr-fix10-s29,dbr-fix10,29,10355712,0.92,-1.0
dbr-fix10-s29,dbr-fix10,29,10386432,0.91,-1.0
dbr-fix10-s29,dbr-fix10,29,10417152,0.93,-1.0
dbr-fix10-s29,dbr-fix10,29,10447872,0.88,-1.0
dbr-fix10-s29,dbr-fix10,29,10478592,0.87,-1.0
dbr-fix10-s29,dbr-fix10,29,10509312,0.87,-1.0
dbr-fix10-s29,dbr-fix10,29,10540032,0.89,-1.0
dbr-fix10-s29,dbr-fix10,29,10570752,0.9,-1.0
dbr-fix10-s29,dbr-fix10,29,10601472,0.89,-1.0
dbr-fix10-s29,dbr-fix10,29,10632192,0.87,-1.0
dbr-fix10-s29,dbr-fix10,29,10662912,0.93,-1.0
dbr-fix10-s29,dbr-fix10,29,10693632,0.88,-1.0
dbr-fix10-s29,dbr-fix10,29,10724352,0.9,-1.0
dbr-fix10-s29,dbr-fix10,29,10755072,0.9,-1.0
dbr-fix10-s29,dbr-fix10,29,10785792,0.96,-1.0
dbr-fix10-s29,dbr-fix10,29,10816512,0.87,-1.0
dbr-fix10-s29,dbr-fix10,29,10847232,0.89,-1.0
dbr-fix10-s29,dbr-fix10,29,10877952,0.9,-1.0
dbr-fix10-s29,dbr-fix10,29,10908672,0.9,-1.0
dbr-fix10-s29,dbr-fix10,29,10939392,0.93,-1.0
dbr-fix10-s29,dbr-fix10,29,10970112,0.88,-1.0
dbr-fix10-s29,dbr-fix10,29,11000832,0.91,-1.0
dbr-fix10-s29,dbr-fix10,29,11031552,0.87,-1.0
dbr-fix10-s29,dbr-fix10,29,11062272,0.88,-1.0
dbr-fix10-s29,dbr-fix10,29,11092992,0.92,-1.0
dbr-fix10-s29,dbr-fix10,29,11123712,0.85,-1.0
dbr-fix10-s29,dbr-fix10,29,11154432,0.94,-1.0
dbr-fix10-s29,dbr-fix10,29,11185152,0.95,-1.0
dbr-fix10-s29,dbr-fix10,29,11215872,0.91,-1.0
dbr-fix10-s29,dbr-fix10,29,11246592,0.89,-1.0
dbr-fix10-s29,dbr-fix10,29,11277312,0.94,-1.0
dbr-fix10-s29,dbr-fix10,29,11308032,0.9,-1.0
dbr-fix10-s29,dbr-fix10,29,11338752,0.93,-1.0
dbr-fix10-s29,dbr-fix10,29,11369472,0.93,-1.0
dbr-fix10-s29,dbr-fix10,29,11400192,0.92,-1.0
dbr-fix10-s29,dbr-fix10,29,11430912,0.96,-1.0
dbr-fix10-s29,dbr-fix10,29,11461632,0.91,-1.0
dbr-fix10-s29,dbr-fix10,29,11492352,0.91,-1.0
dbr-fix10-s29,dbr-fix10,29,11523072,0.89,-1.0
dbr-fix10-s29,dbr-fix10,29,11553792,0.9,-1.0
dbr-fix10-s29,dbr-fix10,29,11584512,0.9,-1.0
dbr-fix10-s29,dbr-fix10,29,11615232,0.89,-1.0
dbr-fix10-s29,dbr-fix10,29,11645952,0.91,-1.0
dbr-fix10-s29,dbr-fix10,29,11676672,0.9,-1.0
dbr-fix10-s29,dbr-fix10,29,11707392,0.94,-1.0
dbr-fix10-s29,dbr-fix10,29,11738112,0.92,-1.0
dbr-fix10-s29,dbr-fix10,29,11768832,0.93,-1.0
dbr-fix10-s29,dbr-fix10,29,11799552,0.93,-1.0
dbr-fix10-s29,dbr-fix10,29,11830272,0.94,-1.0
dbr-fix10-s29,dbr-fix10,29,11860992,0.93,-1.0
dbr-fix10-s29,dbr-fix10,29,11891712,0.92,-1.0
dbr-fix10-s29,dbr-fix10,29,11922432,0.89,-1.0
dbr-fix10-s29,dbr-fix10,29,11953152,0.9,-1.0
dbr-fix10-s29,dbr-fix10,29,11983872,0.9,-1.0
dbr-fix10-s29,dbr-fix10,29,12014592,0.96,-1.0
dbr-fix10-s29,dbr-fix10,29,12045312,0.92,-1.0
dbr-fix10-s29,dbr-fix10,29,12076032,0.92,-1.0
dbr-fix10-s29,dbr-fix10,29,12106752,0.89,-1.0
dbr-fix10-s29,dbr-fix10,29,12137472,0.91,-1.0
dbr-fix10-s29,dbr-fix10,29,12168192,0.92,-1.0
dbr-fix10-s29,dbr-fix10,29,12198912,0.89,-1.0
dbr-fix10-s29,dbr-fix10,29,12229632,0.93,-1.0
dbr-fix10-s29,dbr-fix10,29,12260352,0.94,-1.0
dbr-fix10-s29,dbr-fix10,29,12291072,0.91,-1.0
dbr-fix10-s29,dbr-fix10,29,12321792,0.85,-1.0
dbr-fix10-s29,dbr-fix10,29,12352512,0.96,-1.0
dbr-fix10-s29,dbr-fix10,29,12383232,0.93,-1.0
dbr-fix10-s29,dbr-fix10,29,12413952,0.86,-1.0
dbr-fix10-s29,dbr-fix10,29,12444672,0.9,-1.0
dbr-fix10-s29,dbr-fix10,29,12475392,0.98,-1.0
dbr-fix10-s29,dbr-fix10,29,12506112,0.86,-1.0
dbr-fix10-s29,dbr-fix10,29,12536832,0.91,-1.0
dbr-fix10-s29,dbr-fix10,29,12567552,0.92,-1.0
dbr-fix10-s29,dbr-fix10,29,12598272,0.86,-1.0
dbr-fix10-s29,dbr-fix10,29,12628992,0.94,-1.0
dbr-fix10-s29,dbr-fix10,29,12659712,0.9,-1.0
dbr-fix10-s29,dbr-fix10,29,12690432,0.94,-1.0
dbr-fix10-s29,dbr-fix10,29,12721152,0.96,-1.0
dbr-fix10-s29,dbr-fix10,29,12751872,0.92,-1.0
dbr-fix10-s29,dbr-fix10,29,12782592,0.92,-1.0
dbr-fix10-s29,dbr-fix10,29,12813312,0.94,-1.0
dbr-fix10-s29,dbr-fix10,29,12844032,0.94,-1.0
dbr-fix10-s29,dbr-fix10,29,12874752,0.95,-1.0
dbr-fix10-s29,dbr-fix10,29,12905472,0.86,-1.0
dbr-fix10-s29,dbr-fix10,29,12936192,0.92,-1.0
dbr-fix10-s29,dbr-fix10,29,12966912,0.98,-1.0
dbr-fix10-s29,dbr-fix10,29,12997632,0.94,-1.0
dbr-fix10-s29,dbr-fix10,29,13028352,0.96,-1.0
dbr-fix10-s29,dbr-fix10,29,13059072,0.91,-1.0
dbr-fix10-s29,dbr-fix10,29,13089792,0.95,-1.0
dbr-fix10-s29,dbr-fix10,29,13120512,0.94,-1.0
dbr-fix10-s29,dbr-fix10,29,13151232,0.95,-1.0
dbr-fix10-s29,dbr-fix10,29,13181952,0.96,-1.0
dbr-fix10-s29,dbr-fix10,29,13212672,0.92,-1.0
dbr-fix10-s29,dbr-fix10,29,13243392,0.93,-1.0
dbr-fix10-s29,dbr-fix10,29,13274112,0.93,-1.0
dbr-fix10-s29,dbr-fix10,29,13304832,0.93,-1.0
dbr-fix10-s29,dbr-fix10,29,13335552,0.93,-1.0
dbr-fix10-s29,dbr-fix10,29,13366272,0.93,-1.0
dbr-fix10-s29,dbr-fix10,29,13396992,0.91,-1.0
dbr-fix10-s29,dbr-fix10,29,13427712,0.92,-1.0
dbr-fix10-s29,dbr-fix10,29,13458432,0.88,-1.0
dbr-fix10-s29,dbr-fix10,29,13489152,0.9,-1.0
dbr-fix10-s29,dbr-fix10,29,13519872,0.96,-1.0
dbr-fix10-s29,dbr-fix10,29,13550592,0.94,-1.0
dbr-fix10-s29,dbr-fix10,29,13581312,0.97,-1.0
dbr-fix10-s29,dbr-fix10,29,13612032,0.92,-1.0
dbr-fix10-s29,dbr-fix10,29,13642752,0.91,-1.0
dbr-fix10-s29,dbr-fix10,29,13673472,0.96,-1.0
dbr-fix10-s29,dbr-fix10,29,13704192,0.92,-1.0
dbr-fix10-s29,dbr-fix10,29,13734912,0.97,-1.0
dbr-fix10-s29,dbr-fix10,29,13765632,0.98,-1.0
dbr-fix10-s29,dbr-fix10,29,13796352,0.94,-1.0
dbr-fix10-s29,dbr-fix10,29,13827072,0.96,-1.0
dbr-fix10-s29,dbr-fix10,29,13857792,0.88,-1.0
dbr-fix10-s29,dbr-fix10,29,13888512,0.94,-1.0
dbr-fix10-s29,dbr-fix10,29,13919232,0.9,-1.0
dbr-fix10-s29,dbr-fix10,29,13949952,0.93,-1.0
dbr-fix10-s29,dbr-fix10,29,13980672,0.95,-1.0
dbr-fix10-s29,dbr-fix10,29,14011392,0.96,-1.0
dbr-fix10-s29,dbr-fix10,29,14042112,0.93,-1.0
dbr-fix10-s29,dbr-fix10,29,14072832,0.96,-1.0
dbr-fix10-s29,dbr-fix10,29,14103552,0.96,-1.0
dbr-fix10-s29,dbr-fix10,29,14134272,0.92,-1.0
dbr-fix10-s29,dbr-fix10,29,14164992,0.94,-1.0
dbr-fix10-s29,dbr-fix10,29,14195712,0.95,-1.0
dbr-fix10-s29,dbr-fix10,29,14226432,0.93,-1.0
dbr-fix10-s29,dbr-fix10,29,14257152,0.96,-1.0
dbr-fix10-s29,dbr-fix10,29,14287872,0.98,-1.0
dbr-fix10-s29,dbr-fix10,29,14318592,0.95,-1.0
dbr-fix10-s29,dbr-fix10,29,14349312,0.96,-1.0
dbr-fix10-s29,dbr-fix10,29,14380032,0.97,-1.0
dbr-fix10-s29,dbr-fix10,29,14410752,0.96,-1.0
dbr-fix10-s29,dbr-fix10,29,14441472,0.98,-1.0
dbr-fix10-s29,dbr-fix10,29,14472192,0.96,-1.0
dbr-fix10-s29,dbr-fix10,29,14502912,0.98,-1.0
dbr-fix10-s29,dbr-fix10,29,14533632,0.94,-1.0
dbr-fix10-s29,dbr-fix10,29,14564352,0.95,-1.0
dbr-fix10-s29,dbr-fix10,29,14595072,0.95,-1.0
dbr-fix10-s29,dbr-fix10,29,14625792,0.97,-1.0
dbr-fix10-s29,dbr-fix10,29,14656512,0.97,-1.0
dbr-fix10-s29,dbr-fix10,29,14687232,0.96,-1.0
dbr-fix10-s29,dbr-fix10,29,14717952,0.97,-1.0
dbr-fix10-s29,dbr-fix10,29,14748672,0.96,-1.0
dbr-fix10-s29,dbr-fix10,29,14779392,0.91,-1.0
dbr-fix10-s29,dbr-fix10,29,14810112,0.98,-1.0
dbr-fix10-s29,dbr-fix10,29,14840832,0.96,-1.0
dbr-fix10-s29,dbr-fix10,29,14871552,0.97,-1.0
dbr-fix10-s29,dbr-fix10,29,14902272,0.95,-1.0
dbr-fix10-s29,dbr-fix10,29,14932992,1.0,-1.0
dbr-fix10-s29,dbr-fix10,29,14963712,0.96,-1.0
dbr-fix10-s29,dbr-fix10,29,14994432,0.99,-1.0
dbr-fix10-s29,dbr-fix10,29,14997504,0.99,-1.0
dbr-fix05-s27,dbr-fix05,27,4457472,0.57,-0.5
dbr-fix05-s27,dbr-fix05,27,4488192,0.59,-0.5
dbr-fix05-s27,dbr-fix05,27,4518912,0.57,-0.5
dbr-fix05-s27,dbr-fix05,27,4549632,0.53,-0.5
dbr-fix05-s27,dbr-fix05,27,4580352,0.56,-0.5
dbr-fix05-s27,dbr-fix05,27,4611072,0.6,-0.5
dbr-fix05-s27,dbr-fix05,27,4641792,0.51,-0.5
dbr-fix05-s27,dbr-fix05,27,4672512,0.48,-0.5
dbr-fix05-s27,dbr-fix05,27,4703232,0.49,-0.5
dbr-fix05-s27,dbr-fix05,27,4733952,0.54,-0.5
dbr-fix05-s27,dbr-fix05,27,4764672,0.53,-0.5
dbr-fix05-s27,dbr-fix05,27,4795392,0.57,-0.5
dbr-fix05-s27,dbr-fix05,27,4826112,0.63,-0.5
dbr-fix05-s27,dbr-fix05,27,4856832,0.61,-0.5
dbr-fix05-s27,dbr-fix05,27,4887552,0.55,-0.5
dbr-fix05-s27,dbr-fix05,27,4918272,0.55,-0.5
dbr-fix05-s27,dbr-fix05,27,4948992,0.62,-0.5
dbr-fix05-s27,dbr-fix05,27,4979712,0.61,-0.5
dbr-fix05-s27,dbr-fix05,27,5010432,0.57,-0.5
dbr-fix05-s27,dbr-fix05,27,5041152,0.59,-0.5
dbr-fix05-s27,dbr-fix05,27,5071872,0.59,-0.5
dbr-fix05-s27,dbr-fix05,27,5102592,0.53,-0.5
dbr-fix05-s27,dbr-fix05,27,5133312,0.55,-0.5
dbr-fix05-s27,dbr-fix05,27,5164032,0.62,-0.5
dbr-fix05-s27,dbr-fix05,27,5194752,0.67,-0.5
dbr-fix05-s27,dbr-fix05,27,5225472,0.58,-0.5
dbr-fix05-s27,dbr-fix05,27,5256192,0.63,-0.5
dbr-fix05-s27,dbr-fix05,27,5286912,0.64,-0.5
dbr-fix05-s27,dbr-fix05,27,5317632,0.58,-0.5
dbr-fix05-s27,dbr-fix05,27,5348352,0.62,-0.5
dbr-fix05-s27,dbr-fix05,27,5379072,0.54,-0.5
dbr-fix05-s27,dbr-fix05,27,5409792,0.54,-0.5
dbr-fix05-s27,dbr-fix05,27,5440512,0.62,-0.5
dbr-fix05-s27,dbr-fix05,27,5471232,0.63,-0.5
dbr-fix05-s27,dbr-fix05,27,5501952,0.7,-0.5
dbr-fix05-s27,dbr-fix05,27,5532672,0.6,-0.5
dbr-fix05-s27,dbr-fix05,27,5563392,0.59,-0.5
dbr-fix05-s27,dbr-fix05,27,5594112,0.55,-0.5
dbr-fix05-s27,dbr-fix05,27,5624832,0.63,-0.5
dbr-fix05-s27,dbr-fix05,27,5655552,0.57,-0.5
dbr-fix05-s27,dbr-fix05,27,5686272,0.69,-0.5
dbr-fix05-s27,dbr-fix05,27,5716992,0.6,-0.5
dbr-fix05-s27,dbr-fix05,27,5747712,0.69,-0.5
dbr-fix05-s27,dbr-fix05,27,5778432,0.58,-0.5
dbr-fix05-s27,dbr-fix05,27,5809152,0.63,-0.5
dbr-fix05-s27,dbr-fix05,27,5839872,0.68,-0.5
dbr-fix05-s27,dbr-fix05,27,5870592,0.65,-0.5
dbr-fix05-s27,dbr-fix05,27,5901312,0.67,-0.5
dbr-fix05-s27,dbr-fix05,27,5932032,0.67,-0.5
dbr-fix05-s27,dbr-fix05,27,5962752,0.71,-0.5
dbr-fix05-s27,dbr-fix05,27,5993472,0.63,-0.5
dbr-fix05-s27,dbr-fix05,27,6024192,0.71,-0.5
dbr-fix05-s27,dbr-fix05,27,6054912,0.64,-0.5
dbr-fix05-s27,dbr-fix05,27,6085632,0.68,-0.5
dbr-fix05-s27,dbr-fix05,27,6116352,0.68,-0.5
dbr-fix05-s27,dbr-fix05,27,6147072,0.69,-0.5
dbr-fix05-s27,dbr-fix05,27,6177792,0.72,-0.5
dbr-fix05-s27,dbr-fix05,27,6208512,0.75,-0.5
dbr-fix05-s27,dbr-fix05,27,6239232,0.66,-0.5
dbr-fix05-s27,dbr-fix05,27,6269952,0.63,-0.5
dbr-fix05-s27,dbr-fix05,27,6300672,0.69,-0.5
dbr-fix05-s27,dbr-fix05,27,6331392,0.71,-0.5
dbr-fix05-s27,dbr-fix05,27,6362112,0.66,-0.5
dbr-fix05-s27,dbr-fix05,27,6392832,0.66,-0.5
dbr-fix05-s27,dbr-fix05,27,6423552,0.71,-0.5
dbr-fix05-s27,dbr-fix05,27,6454272,0.73,-0.5
dbr-fix05-s27,dbr-fix05,27,6484992,0.63,-0.5
dbr-fix05-s27,dbr-fix05,27,6515712,0.69,-0.5
dbr-fix05-s27,dbr-fix05,27,6546432,0.73,-0.5
dbr-fix05-s27,dbr-fix05,27,6577152,0.64,-0.5
dbr-fix05-s27,dbr-fix05,27,6607872,0.67,-0.5
dbr-fix05-s27,dbr-fix05,27,6638592,0.75,-0.5
dbr-fix05-s27,dbr-fix05,27,6669312,0.71,-0.5
dbr-fix05-s27,dbr-fix05,27,6700032,0.71,-0.5
dbr-fix05-s27,dbr-fix05,27,6730752,0.71,-0.5
dbr-fix05-s27,dbr-fix05,27,6761472,0.63,-0.5
dbr-fix05-s27,dbr-fix05,27,6792192,0.73,-0.5
dbr-fix05-s27,dbr-fix05,27,6822912,0.7,-0.5
dbr-fix05-s27,dbr-fix05,27,6853632,0.68,-0.5
dbr-fix05-s27,dbr-fix05,27,6884352,0.7,-0.5
dbr-fix05-s27,dbr-fix05,27,6915072,0.83,-0.5
dbr-fix05-s27,dbr-fix05,27,6945792,0.67,-0.5
dbr-fix05-s27,dbr-fix05,27,6976512,0.73,-0.5
dbr-fix05-s27,dbr-fix05,27,7007232,0.77,-0.5
dbr-fix05-s27,dbr-fix05,27,7037952,0.69,-0.5
dbr-fix05-s27,dbr-fix05,27,7068672,0.67,-0.5
dbr-fix05-s27,dbr-fix05,27,7099392,0.69,-0.5
dbr-fix05-s27,dbr-fix05,27,7130112,0.8,-0.5
dbr-fix05-s27,dbr-fix05,27,7160832,0.71,-0.5
dbr-fix05-s27,dbr-fix05,27,7191552,0.79,-0.5
dbr-fix05-s27,dbr-fix05,27,7222272,0.78,-0.5
dbr-fix05-s27,dbr-fix05,27,7252992,0.71,-0.5
dbr-fix05-s27,dbr-fix05,27,7283712,0.74,-0.5
dbr-fix05-s27,dbr-fix05,27,7314432,0.73,-0.5
dbr-fix05-s27,dbr-fix05,27,7345152,0.68,-0.5
dbr-fix05-s27,dbr-fix05,27,7375872,0.74,-0.5
dbr-fix05-s27,dbr-fix05,27,7406592,0.8,-0.5
dbr-fix05-s27,dbr-fix05,27,7437312,0.71,-0.5
dbr-fix05-s27,dbr-fix05,27,7468032,0.76,-0.5
dbr-fix05-s27,dbr-fix05,27,7498752,0.69,-0.5
dbr-fix05-s27,dbr-fix05,27,7529472,0.7,-0.5
dbr-fix05-s27,dbr-fix05,27,7560192,0.76,-0.5
dbr-fix05-s27,dbr-fix05,27,7590912,0.78,-0.5
dbr-fix05-s27,dbr-fix05,27,7621632,0.77,-0.5
dbr-fix05-s27,dbr-fix05,27,7652352,0.72,-0.5
dbr-fix05-s27,dbr-fix05,27,7683072,0.72,-0.5
dbr-fix05-s27,dbr-fix05,27,7713792,0.8,-0.5
dbr-fix05-s27,dbr-fix05,27,7744512,0.79,-0.5
dbr-fix05-s27,dbr-fix05,27,7775232,0.82,-0.5
dbr-fix05-s27,dbr-fix05,27,7805952,0.75,-0.5
dbr-fix05-s27,dbr-fix05,27,7836672,0.73,-0.5
dbr-fix05-s27,dbr-fix05,27,7867392,0.78,-0.5
dbr-fix05-s27,dbr-fix05,27,7898112,0.76,-0.5
dbr-fix05-s27,dbr-fix05,27,7928832,0.8,-0.5
dbr-fix05-s27,dbr-fix05,27,7959552,0.79,-0.5
dbr-fix05-s27,dbr-fix05,27,7990272,0.76,-0.5
dbr-fix05-s27,dbr-fix05,27,8020992,0.77,-0.5
dbr-fix05-s27,dbr-fix05,27,8051712,0.83,-0.5
dbr-fix05-s27,dbr-fix05,27,8082432,0.68,-0.5
dbr-fix05-s27,dbr-fix05,27,8113152,0.79,-0.5
dbr-fix05-s27,dbr-fix05,27,8143872,0.76,-0.5
dbr-fix05-s27,dbr-fix05,27,8174592,0.73,-0.5
dbr-fix05-s27,dbr-fix05,27,8205312,0.74,-0.5
dbr-fix05-s27,dbr-fix05,27,8236032,0.74,-0.5
dbr-fix05-s27,dbr-fix05,27,8266752,0.7,-0.5
dbr-fix05-s27,dbr-fix05,27,8297472,0.7,-0.5
dbr-fix05-s27,dbr-fix05,27,8328192,0.69,-0.5
dbr-fix05-s27,dbr-fix05,27,8358912,0.77,-0.5
dbr-fix05-s27,dbr-fix05,27,8389632,0.77,-0.5
dbr-fix05-s27,dbr-fix05,27,8420352,0.81,-0.5
dbr-fix05-s27,dbr-fix05,27,8451072,0.83,-0.5
dbr-fix05-s27,dbr-fix05,27,8481792,0.75,-0.5
dbr-fix05-s27,dbr-fix05,27,8512512,0.86,-0.5
dbr-fix05-s27,dbr-fix05,27,8543232,0.73,-0.5
dbr-fix05-s27,dbr-fix05,27,8573952,0.79,-0.5
dbr-fix05-s27,dbr-fix05,27,8604672,0.84,-0.5
dbr-fix05-s27,dbr-fix05,27,8635392,0.81,-0.5
dbr-fix05-s27,dbr-fix05,27,8666112,0.76,-0.5
dbr-fix05-s27,dbr-fix05,27,8696832,0.8,-0.5
dbr-fix05-s27,dbr-fix05,27,8727552,0.74,-0.5
dbr-fix05-s27,dbr-fix05,27,8758272,0.8,-0.5
dbr-fix05-s27,dbr-fix05,27,8788992,0.81,-0.5
dbr-fix05-s27,dbr-fix05,27,8819712,0.78,-0.5
dbr-fix05-s27,dbr-fix05,27,8850432,0.72,-0.5
dbr-fix05-s27,dbr-fix05,27,8881152,0.77,-0.5
dbr-fix05-s27,dbr-fix05,27,8911872,0.64,-0.5
dbr-fix05-s27,dbr-fix05,27,8942592,0.73,-0.5
dbr-fix05-s27,dbr-fix05,27,8973312,0.79,-0.5
dbr-fix05-s27,dbr-fix05,27,9004032,0.79,-0.5
dbr-fix05-s27,dbr-fix05,27,9034752,0.81,-0.5
dbr-fix05-s27,dbr-fix05,27,9065472,0.82,-0.5
dbr-fix05-s27,dbr-fix05,27,9096192,0.75,-0.5
dbr-fix05-s27,dbr-fix05,27,9126912,0.81,-0.5
dbr-fix05-s27,dbr-fix05,27,9157632,0.79,-0.5
dbr-fix05-s27,dbr-fix05,27,9188352,0.79,-0.5
dbr-fix05-s27,dbr-fix05,27,9219072,0.77,-0.5
dbr-fix05-s27,dbr-fix05,27,9249792,0.76,-0.5
dbr-fix05-s27,dbr-fix05,27,9280512,0.79,-0.5
dbr-fix05-s27,dbr-fix05,27,9311232,0.87,-0.5
dbr-fix05-s27,dbr-fix05,27,9341952,0.77,-0.5
dbr-fix05-s27,dbr-fix05,27,9372672,0.76,-0.5
dbr-fix05-s27,dbr-fix05,27,9403392,0.77,-0.5
dbr-fix05-s27,dbr-fix05,27,9434112,0.85,-0.5
dbr-fix05-s27,dbr-fix05,27,9464832,0.77,-0.5
dbr-fix05-s27,dbr-fix05,27,9495552,0.82,-0.5
dbr-fix05-s27,dbr-fix05,27,9526272,0.85,-0.5
dbr-fix05-s27,dbr-fix05,27,9556992,0.77,-0.5
dbr-fix05-s27,dbr-fix05,27,9587712,0.81,-0.5
dbr-fix05-s27,dbr-fix05,27,9618432,0.84,-0.5
dbr-fix05-s27,dbr-fix05,27,9649152,0.81,-0.5
dbr-fix05-s27,dbr-fix05,27,9679872,0.77,-0.5
dbr-fix05-s27,dbr-fix05,27,9710592,0.83,-0.5
dbr-fix05-s27,dbr-fix05,27,9741312,0.86,-0.5
dbr-fix05-s27,dbr-fix05,27,9772032,0.8,-0.5
dbr-fix05-s27,dbr-fix05,27,9802752,0.79,-0.5
dbr-fix05-s27,dbr-fix05,27,9833472,0.87,-0.5
dbr-fix05-s27,dbr-fix05,27,9864192,0.81,-0.5
dbr-fix05-s27,dbr-fix05,27,9894912,0.84,-0.5
dbr-fix05-s27,dbr-fix05,27,9925632,0.79,-0.5
dbr-fix05-s27,dbr-fix05,27,9956352,0.75,-0.5
dbr-fix05-s27,dbr-fix05,27,9987072,0.81,-0.5
dbr-fix05-s27,dbr-fix05,27,10017792,0.77,-0.5
dbr-fix05-s27,dbr-fix05,27,10048512,0.82,-0.5
dbr-fix05-s27,dbr-fix05,27,10079232,0.81,-0.5
dbr-fix05-s27,dbr-fix05,27,10109952,0.77,-0.5
dbr-fix05-s27,dbr-fix05,27,10140672,0.8,-0.5
dbr-fix05-s27,dbr-fix05,27,10171392,0.77,-0.5
dbr-fix05-s27,dbr-fix05,27,10202112,0.81,-0.5
dbr-fix05-s27,dbr-fix05,27,10232832,0.8,-0.5
dbr-fix05-s27,dbr-fix05,27,10263552,0.83,-0.5
dbr-fix05-s27,dbr-fix05,27,10294272,0.89,-0.5
dbr-fix05-s27,dbr-fix05,27,10324992,0.82,-0.5
dbr-fix05-s27,dbr-fix05,27,10355712,0.8,-0.5
dbr-fix05-s27,dbr-fix05,27,10386432,0.86,-0.5
dbr-fix05-s27,dbr-fix05,27,10417152,0.92,-0.5
dbr-fix05-s27,dbr-fix05,27,10447872,0.79,-0.5
dbr-fix05-s27,dbr-fix05,27,10478592,0.77,-0.5
dbr-fix05-s27,dbr-fix05,27,10509312,0.7,-0.5
dbr-fix05-s27,dbr-fix05,27,10540032,0.76,-0.5
dbr-fix05-s27,dbr-fix05,27,10570752,0.83,-0.5
dbr-fix05-s27,dbr-fix05,27,10601472,0.81,-0.5
dbr-fix05-s27,dbr-fix05,27,10632192,0.78,-0.5
dbr-fix05-s27,dbr-fix05,27,10662912,0.8,-0.5
dbr-fix05-s27,dbr-fix05,27,10693632,0.8,-0.5
dbr-fix05-s27,dbr-fix05,27,10724352,0.82,-0.5
dbr-fix05-s27,dbr-fix05,27,10755072,0.86,-0.5
dbr-fix05-s27,dbr-fix05,27,10785792,0.8,-0.5
dbr-fix05-s27,dbr-fix05,27,10816512,0.79,-0.5
dbr-fix05-s27,dbr-fix05,27,10847232,0.86,-0.5
dbr-fix05-s27,dbr-fix05,27,10877952,0.83,-0.5
dbr-fix05-s27,dbr-fix05,27,10908672,0.84,-0.5
dbr-fix05-s27,dbr-fix05,27,10939392,0.84,-0.5
dbr-fix05-s27,dbr-fix05,27,10970112,0.84,-0.5
dbr-fix05-s27,dbr-fix05,27,11000832,0.85,-0.5
dbr-fix05-s27,dbr-fix05,27,11031552,0.8,-0.5
dbr-fix05-s27,dbr-fix05,27,11062272,0.8,-0.5
dbr-fix05-s27,dbr-fix05,27,11092992,0.79,-0.5
dbr-fix05-s27,dbr-fix05,27,11123712,0.82,-0.5
dbr-fix05-s27,dbr-fix05,27,11154432,0.86,-0.5
dbr-fix05-s27,dbr-fix05,27,11185152,0.84,-0.5
dbr-fix05-s27,dbr-fix05,27,11215872,0.87,-0.5
dbr-fix05-s27,dbr-fix05,27,11246592,0.84,-0.5
dbr-fix05-s27,dbr-fix05,27,11277312,0.87,-0.5
dbr-fix05-s27,dbr-fix05,27,11308032,0.76,-0.5
dbr-fix05-s27,dbr-fix05,27,11338752,0.83,-0.5
dbr-fix05-s27,dbr-fix05,27,11369472,0.81,-0.5
dbr-fix05-s27,dbr-fix05,27,11400192,0.88,-0.5
dbr-fix05-s27,dbr-fix05,27,11430912,0.81,-0.5
dbr-fix05-s27,dbr-fix05,27,11461632,0.81,-0.5
dbr-fix05-s27,dbr-fix05,27,11492352,0.79,-0.5
dbr-fix05-s27,dbr-fix05,27,11523072,0.8,-0.5
dbr-fix05-s27,dbr-fix05,27,11553792,0.83,-0.5
dbr-fix05-s27,dbr-fix05,27,11584512,0.84,-0.5
dbr-fix05-s27,dbr-fix05,27,11615232,0.79,-0.5
dbr-fix05-s27,dbr-fix05,27,11645952,0.83,-0.5
dbr-fix05-s27,dbr-fix05,27,11676672,0.81,-0.5
dbr-fix05-s27,dbr-fix05,27,11707392,0.83,-0.5
dbr-fix05-s27,dbr-fix05,27,11738112,0.82,-0.5
dbr-fix05-s27,dbr-fix05,27,11768832,0.78,-0.5
dbr-fix05-s27,dbr-fix05,27,11799552,0.89,-0.5
dbr-fix05-s27,dbr-fix05,27,11830272,0.87,-0.5
dbr-fix05-s27,dbr-fix05,27,11860992,0.78,-0.5
dbr-fix05-s27,dbr-fix05,27,11891712,0.84,-0.5
dbr-fix05-s27,dbr-fix05,27,11922432,0.87,-0.5
dbr-fix05-s27,dbr-fix05,27,11953152,0.83,-0.5
dbr-fix05-s27,dbr-fix05,27,11983872,0.85,-0.5
dbr-fix05-s27,dbr-fix05,27,12014592,0.89,-0.5
dbr-fix05-s27,dbr-fix05,27,12045312,0.86,-0.5
dbr-fix05-s27,dbr-fix05,27,12076032,0.88,-0.5
dbr-fix05-s27,dbr-fix05,27,12106752,0.88,-0.5
dbr-fix05-s27,dbr-fix05,27,12137472,0.86,-0.5
dbr-fix05-s27,dbr-fix05,27,12168192,0.77,-0.5
dbr-fix05-s27,dbr-fix05,27,12198912,0.85,-0.5
dbr-fix05-s27,dbr-fix05,27,12229632,0.87,-0.5
dbr-fix05-s27,dbr-fix05,27,12260352,0.86,-0.5
dbr-fix05-s27,dbr-fix05,27,12291072,0.79,-0.5
dbr-fix05-s27,dbr-fix05,27,12321792,0.87,-0.5
dbr-fix05-s27,dbr-fix05,27,12352512,0.81,-0.5
dbr-fix05-s27,dbr-fix05,27,12383232,0.81,-0.5
dbr-fix05-s27,dbr-fix05,27,12413952,0.86,-0.5
dbr-fix05-s27,dbr-fix05,27,12444672,0.84,-0.5
dbr-fix05-s27,dbr-fix05,27,12475392,0.83,-0.5
dbr-fix05-s27,dbr-fix05,27,12506112,0.81,-0.5
dbr-fix05-s27,dbr-fix05,27,12536832,0.82,-0.5
dbr-fix05-s27,dbr-fix05,27,12567552,0.9,-0.5
dbr-fix05-s27,dbr-fix05,27,12598272,0.87,-0.5
dbr-fix05-s27,dbr-fix05,27,12628992,0.81,-0.5
dbr-fix05-s27,dbr-fix05,27,12659712,0.81,-0.5
dbr-fix05-s27,dbr-fix05,27,12690432,0.86,-0.5
dbr-fix05-s27,dbr-fix05,27,12721152,0.9,-0.5
dbr-fix05-s27,dbr-fix05,27,12751872,0.9,-0.5
dbr-fix05-s27,dbr-fix05,27,12782592,0.83,-0.5
dbr-fix05-s27,dbr-fix05,27,12813312,0.89,-0.5
dbr-fix05-s27,dbr-fix05,27,12844032,0.89,-0.5
dbr-fix05-s27,dbr-fix05,27,12874752,0.79,-0.5
dbr-fix05-s27,dbr-fix05,27,12905472,0.88,-0.5
dbr-fix05-s27,dbr-fix05,27,12936192,0.82,-0.5
dbr-fix05-s27,dbr-fix05,27,12966912,0.87,-0.5
dbr-fix05-s27,dbr-fix05,27,12997632,0.85,-0.5
dbr-fix05-s27,dbr-fix05,27,13028352,0.83,-0.5
dbr-fix05-s27,dbr-fix05,27,13059072,0.9,-0.5
dbr-fix05-s27,dbr-fix05,27,13089792,0.83,-0.5
dbr-fix05-s27,dbr-fix05,27,13120512,0.88,-0.5
dbr-fix05-s27,dbr-fix05,27,13151232,0.85,-0.5
dbr-fix05-s27,dbr-fix05,27,13181952,0.89,-0.5
dbr-fix05-s27,dbr-fix05,27,13212672,0.92,-0.5
dbr-fix05-s27,dbr-fix05,27,13243392,0.82,-0.5
dbr-fix05-s27,dbr-fix05,27,13274112,0.86,-0.5
dbr-fix05-s27,dbr-fix05,27,13304832,0.87,-0.5
dbr-fix05-s27,dbr-fix05,27,13335552,0.87,-0.5
dbr-fix05-s27,dbr-fix05,27,13366272,0.9,-0.5
dbr-fix05-s27,dbr-fix05,27,13396992,0.9,-0.5
dbr-fix05-s27,dbr-fix05,27,13427712,0.89,-0.5
dbr-fix05-s27,dbr-fix05,27,13458432,0.83,-0.5
dbr-fix05-s27,dbr-fix05,27,13489152,0.85,-0.5
dbr-fix05-s27,dbr-fix05,27,13519872,0.87,-0.5
dbr-fix05-s27,dbr-fix05,27,13550592,0.84,-0.5
dbr-fix05-s27,dbr-fix05,27,13581312,0.83,-0.5
dbr-fix05-s27,dbr-fix05,27,13612032,0.89,-0.5
dbr-fix05-s27,dbr-fix05,27,13642752,0.92,-0.5
dbr-fix05-s27,dbr-fix05,27,13673472,0.88,-0.5
dbr-fix05-s27,dbr-fix05,27,13704192,0.87,-0.5
dbr-fix05-s27,dbr-fix05,27,13734912,0.88,-0.5
dbr-fix05-s27,dbr-fix05,27,13765632,0.93,-0.5
dbr-fix05-s27,dbr-fix05,27,13796352,0.88,-0.5
dbr-fix05-s27,dbr-fix05,27,13827072,0.94,-0.5
dbr-fix05-s27,dbr-fix05,27,13857792,0.88,-0.5
dbr-fix05-s27,dbr-fix05,27,13888512,0.93,-0.5
dbr-fix05-s27,dbr-fix05,27,13919232,0.87,-0.5
dbr-fix05-s27,dbr-fix05,27,13949952,0.88,-0.5
dbr-fix05-s27,dbr-fix05,27,13980672,0.88,-0.5
dbr-fix05-s27,dbr-fix05,27,14011392,0.88,-0.5
dbr-fix05-s27,dbr-fix05,27,14042112,0.89,-0.5
dbr-fix05-s27,dbr-fix05,27,14072832,0.92,-0.5
dbr-fix05-s27,dbr-fix05,27,14103552,0.87,-0.5
dbr-fix05-s27,dbr-fix05,27,14134272,0.92,-0.5
dbr-fix05-s27,dbr-fix05,27,14164992,0.94,-0.5
dbr-fix05-s27,dbr-fix05,27,14195712,0.91,-0.5
dbr-fix05-s27,dbr-fix05,27,14226432,0.94,-0.5
dbr-fix05-s27,dbr-fix05,27,14257152,0.85,-0.5
dbr-fix05-s27,dbr-fix05,27,14287872,0.93,-0.5
dbr-fix05-s27,dbr-fix05,27,14318592,0.91,-0.5
dbr-fix05-s27,dbr-fix05,27,14349312,0.88,-0.5
dbr-fix05-s27,dbr-fix05,27,14380032,0.87,-0.5
dbr-fix05-s27,dbr-fix05,27,14410752,0.86,-0.5
dbr-fix05-s27,dbr-fix05,27,14441472,0.92,-0.5
dbr-fix05-s27,dbr-fix05,27,14472192,0.88,-0.5
dbr-fix05-s27,dbr-fix05,27,14502912,0.89,-0.5
dbr-fix05-s27,dbr-fix05,27,14533632,0.88,-0.5
dbr-fix05-s27,dbr-fix05,27,14564352,0.95,-0.5
dbr-fix05-s27,dbr-fix05,27,14595072,0.9,-0.5
dbr-fix05-s27,dbr-fix05,27,14625792,0.9,-0.5
dbr-fix05-s27,dbr-fix05,27,14656512,0.88,-0.5
dbr-fix05-s27,dbr-fix05,27,14687232,0.94,-0.5
dbr-fix05-s27,dbr-fix05,27,14717952,0.85,-0.5
dbr-fix05-s27,dbr-fix05,27,14748672,0.9,-0.5
dbr-fix05-s27,dbr-fix05,27,14779392,0.92,-0.5
dbr-fix05-s27,dbr-fix05,27,14810112,0.96,-0.5
dbr-fix05-s27,dbr-fix05,27,14840832,0.94,-0.5
dbr-fix05-s27,dbr-fix05,27,14871552,0.98,-0.5
dbr-fix05-s27,dbr-fix05,27,14902272,0.9,-0.5
dbr-fix05-s27,dbr-fix05,27,14932992,0.93,-0.5
dbr-fix05-s27,dbr-fix05,27,14963712,0.94,-0.5
dbr-fix05-s27,dbr-fix05,27,14994432,0.93,-0.5
dbr-fix05-s27,dbr-fix05,27,14997504,0.93,-0.5
dbr-fix05-s28,dbr-fix05,28,4457472,0.54,-0.5
dbr-fix05-s28,dbr-fix05,28,4488192,0.5,-0.5
dbr-fix05-s28,dbr-fix05,28,4518912,0.56,-0.5
dbr-fix05-s28,dbr-fix05,28,4549632,0.5,-0.5
dbr-fix05-s28,dbr-fix05,28,4580352,0.51,-0.5
dbr-fix05-s28,dbr-fix05,28,4611072,0.57,-0.5
dbr-fix05-s28,dbr-fix05,28,4641792,0.51,-0.5
dbr-fix05-s28,dbr-fix05,28,4672512,0.43,-0.5
dbr-fix05-s28,dbr-fix05,28,4703232,0.54,-0.5
dbr-fix05-s28,dbr-fix05,28,4733952,0.51,-0.5
dbr-fix05-s28,dbr-fix05,28,4764672,0.54,-0.5
dbr-fix05-s28,dbr-fix05,28,4795392,0.49,-0.5
dbr-fix05-s28,dbr-fix05,28,4826112,0.6,-0.5
dbr-fix05-s28,dbr-fix05,28,4856832,0.52,-0.5
dbr-fix05-s28,dbr-fix05,28,4887552,0.57,-0.5
dbr-fix05-s28,dbr-fix05,28,4918272,0.52,-0.5
dbr-fix05-s28,dbr-fix05,28,4948992,0.59,-0.5
dbr-fix05-s28,dbr-fix05,28,4979712,0.57,-0.5
dbr-fix05-s28,dbr-fix05,28,5010432,0.55,-0.5
dbr-fix05-s28,dbr-fix05,28,5041152,0.58,-0.5
dbr-fix05-s28,dbr-fix05,28,5071872,0.54,-0.5
dbr-fix05-s28,dbr-fix05,28,5102592,0.51,-0.5
dbr-fix05-s28,dbr-fix05,28,5133312,0.64,-0.5
dbr-fix05-s28,dbr-fix05,28,5164032,0.64,-0.5
dbr-fix05-s28,dbr-fix05,28,5194752,0.62,-0.5
dbr-fix05-s28,dbr-fix05,28,5225472,0.54,-0.5
dbr-fix05-s28,dbr-fix05,28,5256192,0.57,-0.5
dbr-fix05-s28,dbr-fix05,28,5286912,0.59,-0.5
dbr-fix05-s28,dbr-fix05,28,5317632,0.46,-0.5
dbr-fix05-s28,dbr-fix05,28,5348352,0.61,-0.5
dbr-fix05-s28,dbr-fix05,28,5379072,0.63,-0.5
dbr-fix05-s28,dbr-fix05,28,5409792,0.64,-0.5
dbr-fix05-s28,dbr-fix05,28,5440512,0.65,-0.5
dbr-fix05-s28,dbr-fix05,28,5471232,0.53,-0.5
dbr-fix05-s28,dbr-fix05,28,5501952,0.61,-0.5
dbr-fix05-s28,dbr-fix05,28,5532672,0.6,-0.5
dbr-fix05-s28,dbr-fix05,28,5563392,0.55,-0.5
dbr-fix05-s28,dbr-fix05,28,5594112,0.68,-0.5
dbr-fix05-s28,dbr-fix05,28,5624832,0.62,-0.5
dbr-fix05-s28,dbr-fix05,28,5655552,0.59,-0.5
dbr-fix05-s28,dbr-fix05,28,5686272,0.6,-0.5
dbr-fix05-s28,dbr-fix05,28,5716992,0.61,-0.5
dbr-fix05-s28,dbr-fix05,28,5747712,0.62,-0.5
dbr-fix05-s28,dbr-fix05,28,5778432,0.63,-0.5
dbr-fix05-s28,dbr-fix05,28,5809152,0.67,-0.5
dbr-fix05-s28,dbr-fix05,28,5839872,0.66,-0.5
dbr-fix05-s28,dbr-fix05,28,5870592,0.76,-0.5
dbr-fix05-s28,dbr-fix05,28,5901312,0.71,-0.5
dbr-fix05-s28,dbr-fix05,28,5932032,0.62,-0.5
dbr-fix05-s28,dbr-fix05,28,5962752,0.57,-0.5
dbr-fix05-s28,dbr-fix05,28,5993472,0.67,-0.5
dbr-fix05-s28,dbr-fix05,28,6024192,0.72,-0.5
dbr-fix05-s28,dbr-fix05,28,6054912,0.68,-0.5
dbr-fix05-s28,dbr-fix05,28,6085632,0.74,-0.5
dbr-fix05-s28,dbr-fix05,28,6116352,0.64,-0.5
dbr-fix05-s28,dbr-fix05,28,6147072,0.7,-0.5
dbr-fix05-s28,dbr-fix05,28,6177792,0.73,-0.5
dbr-fix05-s28,dbr-fix05,28,6208512,0.6,-0.5
dbr-fix05-s28,dbr-fix05,28,6239232,0.58,-0.5
dbr-fix05-s28,dbr-fix05,28,6269952,0.65,-0.5
dbr-fix05-s28,dbr-fix05,28,6300672,0.66,-0.5
dbr-fix05-s28,dbr-fix05,28,6331392,0.7,-0.5
dbr-fix05-s28,dbr-fix05,28,6362112,0.58,-0.5
dbr-fix05-s28,dbr-fix05,28,6392832,0.6,-0.5
dbr-fix05-s28,dbr-fix05,28,6423552,0.72,-0.5
dbr-fix05-s28,dbr-fix05,28,6454272,0.61,-0.5
dbr-fix05-s28,dbr-fix05,28,6484992,0.69,-0.5
dbr-fix05-s28,dbr-fix05,28,6515712,0.7,-0.5
dbr-fix05-s28,dbr-fix05,28,6546432,0.63,-0.5
dbr-fix05-s28,dbr-fix05,28,6577152,0.72,-0.5
dbr-fix05-s28,dbr-fix05,28,6607872,0.6,-0.5
dbr-fix05-s28,dbr-fix05,28,6638592,0.68,-0.5
dbr-fix05-s28,dbr-fix05,28,6669312,0.65,-0.5
dbr-fix05-s28,dbr-fix05,28,6700032,0.66,-0.5
dbr-fix05-s28,dbr-fix05,28,6730752,0.6,-0.5
dbr-fix05-s28,dbr-fix05,28,6761472,0.71,-0.5
dbr-fix05-s28,dbr-fix05,28,6792192,0.77,-0.5
dbr-fix05-s28,dbr-fix05,28,6822912,0.72,-0.5
dbr-fix05-s28,dbr-fix05,28,6853632,0.72,-0.5
dbr-fix05-s28,dbr-fix05,28,6884352,0.8,-0.5
dbr-fix05-s28,dbr-fix05,28,6915072,0.64,-0.5
dbr-fix05-s28,dbr-fix05,28,6945792,0.62,-0.5
dbr-fix05-s28,dbr-fix05,28,6976512,0.66,-0.5
dbr-fix05-s28,dbr-fix05,28,7007232,0.72,-0.5
dbr-fix05-s28,dbr-fix05,28,7037952,0.68,-0.5
dbr-fix05-s28,dbr-fix05,28,7068672,0.74,-0.5
dbr-fix05-s28,dbr-fix05,28,7099392,0.7,-0.5
dbr-fix05-s28,dbr-fix05,28,7130112,0.76,-0.5
dbr-fix05-s28,dbr-fix05,28,7160832,0.72,-0.5
dbr-fix05-s28,dbr-fix05,28,7191552,0.62,-0.5
dbr-fix05-s28,dbr-fix05,28,7222272,0.71,-0.5
dbr-fix05-s28,dbr-fix05,28,7252992,0.71,-0.5
dbr-fix05-s28,dbr-fix05,28,7283712,0.66,-0.5
dbr-fix05-s28,dbr-fix05,28,7314432,0.69,-0.5
dbr-fix05-s28,dbr-fix05,28,7345152,0.7,-0.5
dbr-fix05-s28,dbr-fix05,28,7375872,0.73,-0.5
dbr-fix05-s28,dbr-fix05,28,7406592,0.65,-0.5
dbr-fix05-s28,dbr-fix05,28,7437312,0.8,-0.5
dbr-fix05-s28,dbr-fix05,28,7468032,0.66,-0.5
dbr-fix05-s28,dbr-fix05,28,7498752,0.73,-0.5
dbr-fix05-s28,dbr-fix05,28,7529472,0.75,-0.5
dbr-fix05-s28,dbr-fix05,28,7560192,0.76,-0.5
dbr-fix05-s28,dbr-fix05,28,7590912,0.81,-0.5
dbr-fix05-s28,dbr-fix05,28,7621632,0.78,-0.5
dbr-fix05-s28,dbr-fix05,28,7652352,0.7,-0.5
dbr-fix05-s28,dbr-fix05,28,7683072,0.71,-0.5
dbr-fix05-s28,dbr-fix05,28,7713792,0.73,-0.5
dbr-fix05-s28,dbr-fix05,28,7744512,0.75,-0.5
dbr-fix05-s28,dbr-fix05,28,7775232,0.63,-0.5
dbr-fix05-s28,dbr-fix05,28,7805952,0.71,-0.5
dbr-fix05-s28,dbr-fix05,28,7836672,0.78,-0.5
dbr-fix05-s28,dbr-fix05,28,7867392,0.72,-0.5
dbr-fix05-s28,dbr-fix05,28,7898112,0.74,-0.5
dbr-fix05-s28,dbr-fix05,28,7928832,0.73,-0.5
dbr-fix05-s28,dbr-fix05,28,7959552,0.64,-0.5
dbr-fix05-s28,dbr-fix05,28,7990272,0.71,-0.5
dbr-fix05-s28,dbr-fix05,28,8020992,0.74,-0.5
dbr-fix05-s28,dbr-fix05,28,8051712,0.69,-0.5
dbr-fix05-s28,dbr-fix05,28,8082432,0.7,-0.5
dbr-fix05-s28,dbr-fix05,28,8113152,0.68,-0.5
dbr-fix05-s28,dbr-fix05,28,8143872,0.78,-0.5
dbr-fix05-s28,dbr-fix05,28,8174592,0.74,-0.5
dbr-fix05-s28,dbr-fix05,28,8205312,0.82,-0.5
dbr-fix05-s28,dbr-fix05,28,8236032,0.7,-0.5
dbr-fix05-s28,dbr-fix05,28,8266752,0.73,-0.5
dbr-fix05-s28,dbr-fix05,28,8297472,0.75,-0.5
dbr-fix05-s28,dbr-fix05,28,8328192,0.66,-0.5
dbr-fix05-s28,dbr-fix05,28,8358912,0.75,-0.5
dbr-fix05-s28,dbr-fix05,28,8389632,0.66,-0.5
dbr-fix05-s28,dbr-fix05,28,8420352,0.74,-0.5
dbr-fix05-s28,dbr-fix05,28,8451072,0.77,-0.5
dbr-fix05-s28,dbr-fix05,28,8481792,0.76,-0.5
dbr-fix05-s28,dbr-fix05,28,8512512,0.64,-0.5
dbr-fix05-s28,dbr-fix05,28,8543232,0.83,-0.5
dbr-fix05-s28,dbr-fix05,28,8573952,0.78,-0.5
dbr-fix05-s28,dbr-fix05,28,8604672,0.78,-0.5
dbr-fix05-s28,dbr-fix05,28,8635392,0.84,-0.5
dbr-fix05-s28,dbr-fix05,28,8666112,0.73,-0.5
dbr-fix05-s28,dbr-fix05,28,8696832,0.77,-0.5
dbr-fix05-s28,dbr-fix05,28,8727552,0.74,-0.5
dbr-fix05-s28,dbr-fix05,28,8758272,0.67,-0.5
dbr-fix05-s28,dbr-fix05,28,8788992,0.71,-0.5
dbr-fix05-s28,dbr-fix05,28,8819712,0.82,-0.5
dbr-fix05-s28,dbr-fix05,28,8850432,0.72,-0.5
dbr-fix05-s28,dbr-fix05,28,8881152,0.82,-0.5
dbr-fix05-s28,dbr-fix05,28,8911872,0.8,-0.5
dbr-fix05-s28,dbr-fix05,28,8942592,0.74,-0.5
dbr-fix05-s28,dbr-fix05,28,8973312,0.76,-0.5
dbr-fix05-s28,dbr-fix05,28,9004032,0.75,-0.5
dbr-fix05-s28,dbr-fix05,28,9034752,0.8,-0.5
dbr-fix05-s28,dbr-fix05,28,9065472,0.7,-0.5
dbr-fix05-s28,dbr-fix05,28,9096192,0.8,-0.5
dbr-fix05-s28,dbr-fix05,28,9126912,0.75,-0.5
dbr-fix05-s28,dbr-fix05,28,9157632,0.78,-0.5
dbr-fix05-s28,dbr-fix05,28,9188352,0.76,-0.5
dbr-fix05-s28,dbr-fix05,28,9219072,0.71,-0.5
dbr-fix05-s28,dbr-fix05,28,9249792,0.82,-0.5
dbr-fix05-s28,dbr-fix05,28,9280512,0.84,-0.5
dbr-fix05-s28,dbr-fix05,28,9311232,0.77,-0.5
dbr-fix05-s28,dbr-fix05,28,9341952,0.78,-0.5
dbr-fix05-s28,dbr-fix05,28,9372672,0.76,-0.5
dbr-fix05-s28,dbr-fix05,28,9403392,0.73,-0.5
dbr-fix05-s28,dbr-fix05,28,9434112,0.66,-0.5
dbr-fix05-s28,dbr-fix05,28,9464832,0.79,-0.5
dbr-fix05-s28,dbr-fix05,28,9495552,0.84,-0.5
dbr-fix05-s28,dbr-fix05,28,9526272,0.78,-0.5
dbr-fix05-s28,dbr-fix05,28,9556992,0.81,-0.5
dbr-fix05-s28,dbr-fix05,28,9587712,0.8,-0.5
dbr-fix05-s28,dbr-fix05,28,9618432,0.8,-0.5
dbr-fix05-s28,dbr-fix05,28,9649152,0.74,-0.5
dbr-fix05-s28,dbr-fix05,28,9679872,0.85,-0.5
dbr-fix05-s28,dbr-fix05,28,9710592,0.84,-0.5
dbr-fix05-s28,dbr-fix05,28,9741312,0.84,-0.5
dbr-fix05-s28,dbr-fix05,28,9772032,0.87,-0.5
dbr-fix05-s28,dbr-fix05,28,9802752,0.81,-0.5
dbr-fix05-s28,dbr-fix05,28,9833472,0.81,-0.5
dbr-fix05-s28,dbr-fix05,28,9864192,0.86,-0.5
dbr-fix05-s28,dbr-fix05,28,9894912,0.82,-0.5
dbr-fix05-s28,dbr-fix05,28,9925632,0.82,-0.5
dbr-fix05-s28,dbr-fix05,28,9956352,0.83,-0.5
dbr-fix05-s28,dbr-fix05,28,9987072,0.81,-0.5
dbr-fix05-s28,dbr-fix05,28,10017792,0.8,-0.5
dbr-fix05-s28,dbr-fix05,28,10048512,0.86,-0.5
dbr-fix05-s28,dbr-fix05,28,10079232,0.86,-0.5
dbr-fix05-s28,dbr-fix05,28,10109952,0.79,-0.5
dbr-fix05-s28,dbr-fix05,28,10140672,0.76,-0.5
dbr-fix05-s28,dbr-fix05,28,10171392,0.84,-0.5
dbr-fix05-s28,dbr-fix05,28,10202112,0.74,-0.5
dbr-fix05-s28,dbr-fix05,28,10232832,0.85,-0.5
dbr-fix05-s28,dbr-fix05,28,10263552,0.86,-0.5
dbr-fix05-s28,dbr-fix05,28,10294272,0.81,-0.5
dbr-fix05-s28,dbr-fix05,28,10324992,0.84,-0.5
dbr-fix05-s28,dbr-fix05,28,10355712,0.71,-0.5
dbr-fix05-s28,dbr-fix05,28,10386432,0.84,-0.5
dbr-fix05-s28,dbr-fix05,28,10417152,0.81,-0.5
dbr-fix05-s28,dbr-fix05,28,10447872,0.83,-0.5
dbr-fix05-s28,dbr-fix05,28,10478592,0.82,-0.5
dbr-fix05-s28,dbr-fix05,28,10509312,0.8,-0.5
dbr-fix05-s28,dbr-fix05,28,10540032,0.86,-0.5
dbr-fix05-s28,dbr-fix05,28,10570752,0.78,-0.5
dbr-fix05-s28,dbr-fix05,28,10601472,0.84,-0.5
dbr-fix05-s28,dbr-fix05,28,10632192,0.87,-0.5
dbr-fix05-s28,dbr-fix05,28,10662912,0.89,-0.5
dbr-fix05-s28,dbr-fix05,28,10693632,0.83,-0.5
dbr-fix05-s28,dbr-fix05,28,10724352,0.8,-0.5
dbr-fix05-s28,dbr-fix05,28,10755072,0.86,-0.5
dbr-fix05-s28,dbr-fix05,28,10785792,0.77,-0.5
dbr-fix05-s28,dbr-fix05,28,10816512,0.79,-0.5
dbr-fix05-s28,dbr-fix05,28,10847232,0.88,-0.5
dbr-fix05-s28,dbr-fix05,28,10877952,0.74,-0.5
dbr-fix05-s28,dbr-fix05,28,10908672,0.85,-0.5
dbr-fix05-s28,dbr-fix05,28,10939392,0.84,-0.5
dbr-fix05-s28,dbr-fix05,28,10970112,0.81,-0.5
dbr-fix05-s28,dbr-fix05,28,11000832,0.87,-0.5
dbr-fix05-s28,dbr-fix05,28,11031552,0.76,-0.5
dbr-fix05-s28,dbr-fix05,28,11062272,0.72,-0.5
dbr-fix05-s28,dbr-fix05,28,11092992,0.8,-0.5
dbr-fix05-s28,dbr-fix05,28,11123712,0.88,-0.5
dbr-fix05-s28,dbr-fix05,28,11154432,0.82,-0.5
dbr-fix05-s28,dbr-fix05,28,11185152,0.74,-0.5
dbr-fix05-s28,dbr-fix05,28,11215872,0.79,-0.5
dbr-fix05-s28,dbr-fix05,28,11246592,0.81,-0.5
dbr-fix05-s28,dbr-fix05,28,11277312,0.84,-0.5
dbr-fix05-s28,dbr-fix05,28,11308032,0.88,-0.5
dbr-fix05-s28,dbr-fix05,28,11338752,0.77,-0.5
dbr-fix05-s28,dbr-fix05,28,11369472,0.86,-0.5
dbr-fix05-s28,dbr-fix05,28,11400192,0.86,-0.5
dbr-fix05-s28,dbr-fix05,28,11430912,0.86,-0.5
dbr-fix05-s28,dbr-fix05,28,11461632,0.84,-0.5
dbr-fix05-s28,dbr-fix05,28,11492352,0.82,-0.5
dbr-fix05-s28,dbr-fix05,28,11523072,0.77,-0.5
dbr-fix05-s28,dbr-fix05,28,11553792,0.84,-0.5
dbr-fix05-s28,dbr-fix05,28,11584512,0.82,-0.5
dbr-fix05-s28,dbr-fix05,28,11615232,0.89,-0.5
dbr-fix05-s28,dbr-fix05,28,11645952,0.88,-0.5
dbr-fix05-s28,dbr-fix05,28,11676672,0.84,-0.5
dbr-fix05-s28,dbr-fix05,28,11707392,0.83,-0.5
dbr-fix05-s28,dbr-fix05,28,11738112,0.87,-0.5
dbr-fix05-s28,dbr-fix05,28,11768832,0.77,-0.5
dbr-fix05-s28,dbr-fix05,28,11799552,0.81,-0.5
dbr-fix05-s28,dbr-fix05,28,11830272,0.8,-0.5
dbr-fix05-s28,dbr-fix05,28,11860992,0.86,-0.5
dbr-fix05-s28,dbr-fix05,28,11891712,0.87,-0.5
dbr-fix05-s28,dbr-fix05,28,11922432,0.78,-0.5
dbr-fix05-s28,dbr-fix05,28,11953152,0.8,-0.5
dbr-fix05-s28,dbr-fix05,28,11983872,0.92,-0.5
dbr-fix05-s28,dbr-fix05,28,12014592,0.88,-0.5
dbr-fix05-s28,dbr-fix05,28,12045312,0.89,-0.5
dbr-fix05-s28,dbr-fix05,28,12076032,0.84,-0.5
dbr-fix05-s28,dbr-fix05,28,12106752,0.85,-0.5
dbr-fix05-s28,dbr-fix05,28,12137472,0.86,-0.5
dbr-fix05-s28,dbr-fix05,28,12168192,0.88,-0.5
dbr-fix05-s28,dbr-fix05,28,12198912,0.89,-0.5
dbr-fix05-s28,dbr-fix05,28,12229632,0.86,-0.5
dbr-fix05-s28,dbr-fix05,28,12260352,0.77,-0.5
dbr-fix05-s28,dbr-fix05,28,12291072,0.89,-0.5
dbr-fix05-s28,dbr-fix05,28,12321792,0.88,-0.5
dbr-fix05-s28,dbr-fix05,28,12352512,0.86,-0.5
dbr-fix05-s28,dbr-fix05,28,12383232,0.81,-0.5
dbr-fix05-s28,dbr-fix05,28,12413952,0.88,-0.5
dbr-fix05-s28,dbr-fix05,28,12444672,0.85,-0.5
dbr-fix05-s28,dbr-fix05,28,12475392,0.83,-0.5
dbr-fix05-s28,dbr-fix05,28,12506112,0.86,-0.5
dbr-fix05-s28,dbr-fix05,28,12536832,0.85,-0.5
dbr-fix05-s28,dbr-fix05,28,12567552,0.85,-0.5
dbr-fix05-s28,dbr-fix05,28,12598272,0.85,-0.5
dbr-fix05-s28,dbr-fix05,28,12628992,0.9,-0.5
dbr-fix05-s28,dbr-fix05,28,12659712,0.87,-0.5
dbr-fix05-s28,dbr-fix05,28,12690432,0.89,-0.5
dbr-fix05-s28,dbr-fix05,28,12721152,0.84,-0.5
dbr-fix05-s28,dbr-fix05,28,12751872,0.92,-0.5
dbr-fix05-s28,dbr-fix05,28,12782592,0.9,-0.5
dbr-fix05-s28,dbr-fix05,28,12813312,0.86,-0.5
dbr-fix05-s28,dbr-fix05,28,12844032,0.87,-0.5
dbr-fix05-s28,dbr-fix05,28,12874752,0.91,-0.5
dbr-fix05-s28,dbr-fix05,28,12905472,0.91,-0.5
dbr-fix05-s28,dbr-fix05,28,12936192,0.9,-0.5
dbr-fix05-s28,dbr-fix05,28,12966912,0.87,-0.5
dbr-fix05-s28,dbr-fix05,28,12997632,0.86,-0.5
dbr-fix05-s28,dbr-fix05,28,13028352,0.86,-0.5
dbr-fix05-s28,dbr-fix05,28,13059072,0.88,-0.5
dbr-fix05-s28,dbr-fix05,28,13089792,0.84,-0.5
dbr-fix05-s28,dbr-fix05,28,13120512,0.89,-0.5
dbr-fix05-s28,dbr-fix05,28,13151232,0.84,-0.5
dbr-fix05-s28,dbr-fix05,28,13181952,0.9,-0.5
dbr-fix05-s28,dbr-fix05,28,13212672,0.84,-0.5
dbr-fix05-s28,dbr-fix05,28,13243392,0.88,-0.5
dbr-fix05-s28,dbr-fix05,28,13274112,0.9,-0.5
dbr-fix05-s28,dbr-fix05,28,13304832,0.96,-0.5
dbr-fix05-s28,dbr-fix05,28,13335552,0.9,-0.5
dbr-fix05-s28,dbr-fix05,28,13366272,0.92,-0.5
dbr-fix05-s28,dbr-fix05,28,13396992,0.87,-0.5
dbr-fix05-s28,dbr-fix05,28,13427712,0.88,-0.5
dbr-fix05-s28,dbr-fix05,28,13458432,0.92,-0.5
dbr-fix05-s28,dbr-fix05,28,13489152,0.84,-0.5
dbr-fix05-s28,dbr-fix05,28,13519872,0.89,-0.5
dbr-fix05-s28,dbr-fix05,28,13550592,0.86,-0.5
dbr-fix05-s28,dbr-fix05,28,13581312,0.91,-0.5
dbr-fix05-s28,dbr-fix05,28,13612032,0.86,-0.5
dbr-fix05-s28,dbr-fix05,28,13642752,0.85,-0.5
dbr-fix05-s28,dbr-fix05,28,13673472,0.96,-0.5
dbr-fix05-s28,dbr-fix05,28,13704192,0.9,-0.5
dbr-fix05-s28,dbr-fix05,28,13734912,0.89,-0.5
dbr-fix05-s28,dbr-fix05,28,13765632,0.92,-0.5
dbr-fix05-s28,dbr-fix05,28,13796352,0.85,-0.5
dbr-fix05-s28,dbr-fix05,28,13827072,0.87,-0.5
dbr-fix05-s28,dbr-fix05,28,13857792,0.93,-0.5
dbr-fix05-s28,dbr-fix05,28,13888512,0.83,-0.5
dbr-fix05-s28,dbr-fix05,28,13919232,0.91,-0.5
dbr-fix05-s28,dbr-fix05,28,13949952,0.87,-0.5
dbr-fix05-s28,dbr-fix05,28,13980672,0.89,-0.5
dbr-fix05-s28,dbr-fix05,28,14011392,0.87,-0.5
dbr-fix05-s28,dbr-fix05,28,14042112,0.91,-0.5
dbr-fix05-s28,dbr-fix05,28,14072832,0.85,-0.5
dbr-fix05-s28,dbr-fix05,28,14103552,0.92,-0.5
dbr-fix05-s28,dbr-fix05,28,14134272,0.93,-0.5
dbr-fix05-s28,dbr-fix05,28,14164992,0.91,-0.5
dbr-fix05-s28,dbr-fix05,28,14195712,0.91,-0.5
dbr-fix05-s28,dbr-fix05,28,14226432,0.91,-0.5
dbr-fix05-s28,dbr-fix05,28,14257152,0.93,-0.5
dbr-fix05-s28,dbr-fix05,28,14287872,0.8,-0.5
dbr-fix05-s28,dbr-fix05,28,14318592,0.94,-0.5
dbr-fix05-s28,dbr-fix05,28,14349312,0.96,-0.5
dbr-fix05-s28,dbr-fix05,28,14380032,0.9,-0.5
dbr-fix05-s28,dbr-fix05,28,14410752,0.91,-0.5
dbr-fix05-s28,dbr-fix05,28,14441472,0.93,-0.5
dbr-fix05-s28,dbr-fix05,28,14472192,0.9,-0.5
dbr-fix05-s28,dbr-fix05,28,14502912,0.94,-0.5
dbr-fix05-s28,dbr-fix05,28,14533632,0.94,-0.5
dbr-fix05-s28,dbr-fix05,28,14564352,0.9,-0.5
dbr-fix05-s28,dbr-fix05,28,14595072,0.9,-0.5
dbr-fix05-s28,dbr-fix05,28,14625792,0.93,-0.5
dbr-fix05-s28,dbr-fix05,28,14656512,0.94,-0.5
dbr-fix05-s28,dbr-fix05,28,14687232,0.94,-0.5
dbr-fix05-s28,dbr-fix05,28,14717952,0.95,-0.5
dbr-fix05-s28,dbr-fix05,28,14748672,0.9,-0.5
dbr-fix05-s28,dbr-fix05,28,14779392,0.92,-0.5
dbr-fix05-s28,dbr-fix05,28,14810112,0.89,-0.5
dbr-fix05-s28,dbr-fix05,28,14840832,0.94,-0.5
dbr-fix05-s28,dbr-fix05,28,14871552,0.91,-0.5
dbr-fix05-s28,dbr-fix05,28,14902272,0.91,-0.5
dbr-fix05-s28,dbr-fix05,28,14932992,0.95,-0.5
dbr-fix05-s28,dbr-fix05,28,14963712,0.92,-0.5
dbr-fix05-s28,dbr-fix05,28,14994432,0.92,-0.5
dbr-fix05-s28,dbr-fix05,28,14997504,0.92,-0.5
dbr-fix05-s29,dbr-fix05,29,4918272,0.55,-0.5
dbr-fix05-s29,dbr-fix05,29,4948992,0.58,-0.5
dbr-fix05-s29,dbr-fix05,29,4979712,0.51,-0.5
dbr-fix05-s29,dbr-fix05,29,5010432,0.48,-0.5
dbr-fix05-s29,dbr-fix05,29,5041152,0.51,-0.5
dbr-fix05-s29,dbr-fix05,29,5071872,0.57,-0.5
dbr-fix05-s29,dbr-fix05,29,5102592,0.38,-0.5
dbr-fix05-s29,dbr-fix05,29,5133312,0.53,-0.5
dbr-fix05-s29,dbr-fix05,29,5164032,0.55,-0.5
dbr-fix05-s29,dbr-fix05,29,5194752,0.67,-0.5
dbr-fix05-s29,dbr-fix05,29,5225472,0.57,-0.5
dbr-fix05-s29,dbr-fix05,29,5256192,0.62,-0.5
dbr-fix05-s29,dbr-fix05,29,5286912,0.63,-0.5
dbr-fix05-s29,dbr-fix05,29,5317632,0.56,-0.5
dbr-fix05-s29,dbr-fix05,29,5348352,0.6,-0.5
dbr-fix05-s29,dbr-fix05,29,5379072,0.62,-0.5
dbr-fix05-s29,dbr-fix05,29,5409792,0.56,-0.5
dbr-fix05-s29,dbr-fix05,29,5440512,0.66,-0.5
dbr-fix05-s29,dbr-fix05,29,5471232,0.54,-0.5
dbr-fix05-s29,dbr-fix05,29,5501952,0.58,-0.5
dbr-fix05-s29,dbr-fix05,29,5532672,0.62,-0.5
dbr-fix05-s29,dbr-fix05,29,5563392,0.52,-0.5
dbr-fix05-s29,dbr-fix05,29,5594112,0.58,-0.5
dbr-fix05-s29,dbr-fix05,29,5624832,0.64,-0.5
dbr-fix05-s29,dbr-fix05,29,5655552,0.66,-0.5
dbr-fix05-s29,dbr-fix05,29,5686272,0.62,-0.5
dbr-fix05-s29,dbr-fix05,29,5716992,0.57,-0.5
dbr-fix05-s29,dbr-fix05,29,5747712,0.64,-0.5
dbr-fix05-s29,dbr-fix05,29,5778432,0.66,-0.5
dbr-fix05-s29,dbr-fix05,29,5809152,0.68,-0.5
dbr-fix05-s29,dbr-fix05,29,5839872,0.67,-0.5
dbr-fix05-s29,dbr-fix05,29,5870592,0.62,-0.5
dbr-fix05-s29,dbr-fix05,29,5901312,0.66,-0.5
dbr-fix05-s29,dbr-fix05,29,5932032,0.58,-0.5
dbr-fix05-s29,dbr-fix05,29,5962752,0.58,-0.5
dbr-fix05-s29,dbr-fix05,29,5993472,0.63,-0.5
dbr-fix05-s29,dbr-fix05,29,6024192,0.62,-0.5
dbr-fix05-s29,dbr-fix05,29,6054912,0.53,-0.5
dbr-fix05-s29,dbr-fix05,29,6085632,0.62,-0.5
dbr-fix05-s29,dbr-fix05,29,6116352,0.62,-0.5
dbr-fix05-s29,dbr-fix05,29,6147072,0.69,-0.5
dbr-fix05-s29,dbr-fix05,29,6177792,0.7,-0.5
dbr-fix05-s29,dbr-fix05,29,6208512,0.63,-0.5
dbr-fix05-s29,dbr-fix05,29,6239232,0.63,-0.5
dbr-fix05-s29,dbr-fix05,29,6269952,0.68,-0.5
dbr-fix05-s29,dbr-fix05,29,6300672,0.63,-0.5
dbr-fix05-s29,dbr-fix05,29,6331392,0.56,-0.5
dbr-fix05-s29,dbr-fix05,29,6362112,0.63,-0.5
dbr-fix05-s29,dbr-fix05,29,6392832,0.7,-0.5
dbr-fix05-s29,dbr-fix05,29,6423552,0.64,-0.5
dbr-fix05-s29,dbr-fix05,29,6454272,0.75,-0.5
dbr-fix05-s29,dbr-fix05,29,6484992,0.59,-0.5
dbr-fix05-s29,dbr-fix05,29,6515712,0.67,-0.5
dbr-fix05-s29,dbr-fix05,29,6546432,0.69,-0.5
dbr-fix05-s29,dbr-fix05,29,6577152,0.73,-0.5
dbr-fix05-s29,dbr-fix05,29,6607872,0.72,-0.5
dbr-fix05-s29,dbr-fix05,29,6638592,0.66,-0.5
dbr-fix05-s29,dbr-fix05,29,6669312,0.7,-0.5
dbr-fix05-s29,dbr-fix05,29,6700032,0.62,-0.5
dbr-fix05-s29,dbr-fix05,29,6730752,0.63,-0.5
dbr-fix05-s29,dbr-fix05,29,6761472,0.74,-0.5
dbr-fix05-s29,dbr-fix05,29,6792192,0.72,-0.5
dbr-fix05-s29,dbr-fix05,29,6822912,0.68,-0.5
dbr-fix05-s29,dbr-fix05,29,6853632,0.73,-0.5
dbr-fix05-s29,dbr-fix05,29,6884352,0.64,-0.5
dbr-fix05-s29,dbr-fix05,29,6915072,0.61,-0.5
dbr-fix05-s29,dbr-fix05,29,6945792,0.73,-0.5
dbr-fix05-s29,dbr-fix05,29,6976512,0.61,-0.5
dbr-fix05-s29,dbr-fix05,29,7007232,0.62,-0.5
dbr-fix05-s29,dbr-fix05,29,7037952,0.72,-0.5
dbr-fix05-s29,dbr-fix05,29,7068672,0.66,-0.5
dbr-fix05-s29,dbr-fix05,29,7099392,0.63,-0.5
dbr-fix05-s29,dbr-fix05,29,7130112,0.68,-0.5
dbr-fix05-s29,dbr-fix05,29,7160832,0.74,-0.5
dbr-fix05-s29,dbr-fix05,29,7191552,0.76,-0.5
dbr-fix05-s29,dbr-fix05,29,7222272,0.69,-0.5
dbr-fix05-s29,dbr-fix05,29,7252992,0.72,-0.5
dbr-fix05-s29,dbr-fix05,29,7283712,0.68,-0.5
dbr-fix05-s29,dbr-fix05,29,7314432,0.66,-0.5
dbr-fix05-s29,dbr-fix05,29,7345152,0.71,-0.5
dbr-fix05-s29,dbr-fix05,29,7375872,0.72,-0.5
dbr-fix05-s29,dbr-fix05,29,7406592,0.63,-0.5
dbr-fix05-s29,dbr-fix05,29,7437312,0.74,-0.5
dbr-fix05-s29,dbr-fix05,29,7468032,0.68,-0.5
dbr-fix05-s29,dbr-fix05,29,7498752,0.78,-0.5
dbr-fix05-s29,dbr-fix05,29,7529472,0.71,-0.5
dbr-fix05-s29,dbr-fix05,29,7560192,0.73,-0.5
dbr-fix05-s29,dbr-fix05,29,7590912,0.77,-0.5
dbr-fix05-s29,dbr-fix05,29,7621632,0.74,-0.5
dbr-fix05-s29,dbr-fix05,29,7652352,0.73,-0.5
dbr-fix05-s29,dbr-fix05,29,7683072,0.69,-0.5
dbr-fix05-s29,dbr-fix05,29,7713792,0.72,-0.5
dbr-fix05-s29,dbr-fix05,29,7744512,0.77,-0.5
dbr-fix05-s29,dbr-fix05,29,7775232,0.71,-0.5
dbr-fix05-s29,dbr-fix05,29,7805952,0.75,-0.5
dbr-fix05-s29,dbr-fix05,29,7836672,0.72,-0.5
dbr-fix05-s29,dbr-fix05,29,7867392,0.68,-0.5
dbr-fix05-s29,dbr-fix05,29,7898112,0.78,-0.5
dbr-fix05-s29,dbr-fix05,29,7928832,0.7,-0.5
dbr-fix05-s29,dbr-fix05,29,7959552,0.69,-0.5
dbr-fix05-s29,dbr-fix05,29,7990272,0.77,-0.5
dbr-fix05-s29,dbr-fix05,29,8020992,0.74,-0.5
dbr-fix05-s29,dbr-fix05,29,8051712,0.74,-0.5
dbr-fix05-s29,dbr-fix05,29,8082432,0.67,-0.5
dbr-fix05-s29,dbr-fix05,29,8113152,0.81,-0.5
dbr-fix05-s29,dbr-fix05,29,8143872,0.66,-0.5
dbr-fix05-s29,dbr-fix05,29,8174592,0.62,-0.5
dbr-fix05-s29,dbr-fix05,29,8205312,0.72,-0.5
dbr-fix05-s29,dbr-fix05,29,8236032,0.74,-0.5
dbr-fix05-s29,dbr-fix05,29,8266752,0.68,-0.5
dbr-fix05-s29,dbr-fix05,29,8297472,0.69,-0.5
dbr-fix05-s29,dbr-fix05,29,8328192,0.72,-0.5
dbr-fix05-s29,dbr-fix05,29,8358912,0.81,-0.5
dbr-fix05-s29,dbr-fix05,29,8389632,0.77,-0.5
dbr-fix05-s29,dbr-fix05,29,8420352,0.73,-0.5
dbr-fix05-s29,dbr-fix05,29,8451072,0.74,-0.5
dbr-fix05-s29,dbr-fix05,29,8481792,0.81,-0.5
dbr-fix05-s29,dbr-fix05,29,8512512,0.72,-0.5
dbr-fix05-s29,dbr-fix05,29,8543232,0.71,-0.5
dbr-fix05-s29,dbr-fix05,29,8573952,0.76,-0.5
dbr-fix05-s29,dbr-fix05,29,8604672,0.73,-0.5
dbr-fix05-s29,dbr-fix05,29,8635392,0.78,-0.5
dbr-fix05-s29,dbr-fix05,29,8666112,0.79,-0.5
dbr-fix05-s29,dbr-fix05,29,8696832,0.81,-0.5
dbr-fix05-s29,dbr-fix05,29,8727552,0.79,-0.5
dbr-fix05-s29,dbr-fix05,29,8758272,0.84,-0.5
dbr-fix05-s29,dbr-fix05,29,8788992,0.78,-0.5
dbr-fix05-s29,dbr-fix05,29,8819712,0.76,-0.5
dbr-fix05-s29,dbr-fix05,29,8850432,0.74,-0.5
dbr-fix05-s29,dbr-fix05,29,8881152,0.74,-0.5
dbr-fix05-s29,dbr-fix05,29,8911872,0.8,-0.5
dbr-fix05-s29,dbr-fix05,29,8942592,0.77,-0.5
dbr-fix05-s29,dbr-fix05,29,8973312,0.79,-0.5
dbr-fix05-s29,dbr-fix05,29,9004032,0.79,-0.5
dbr-fix05-s29,dbr-fix05,29,9034752,0.71,-0.5
dbr-fix05-s29,dbr-fix05,29,9065472,0.8,-0.5
dbr-fix05-s29,dbr-fix05,29,9096192,0.75,-0.5
dbr-fix05-s29,dbr-fix05,29,9126912,0.72,-0.5
dbr-fix05-s29,dbr-fix05,29,9157632,0.7,-0.5
dbr-fix05-s29,dbr-fix05,29,9188352,0.78,-0.5
dbr-fix05-s29,dbr-fix05,29,9219072,0.78,-0.5
dbr-fix05-s29,dbr-fix05,29,9249792,0.75,-0.5
dbr-fix05-s29,dbr-fix05,29,9280512,0.82,-0.5
dbr-fix05-s29,dbr-fix05,29,9311232,0.84,-0.5
dbr-fix05-s29,dbr-fix05,29,9341952,0.83,-0.5
dbr-fix05-s29,dbr-fix05,29,9372672,0.75,-0.5
dbr-fix05-s29,dbr-fix05,29,9403392,0.76,-0.5
dbr-fix05-s29,dbr-fix05,29,9434112,0.8,-0.5
dbr-fix05-s29,dbr-fix05,29,9464832,0.85,-0.5
dbr-fix05-s29,dbr-fix05,29,9495552,0.82,-0.5
dbr-fix05-s29,dbr-fix05,29,9526272,0.81,-0.5
dbr-fix05-s29,dbr-fix05,29,9556992,0.84,-0.5
dbr-fix05-s29,dbr-fix05,29,9587712,0.78,-0.5
dbr-fix05-s29,dbr-fix05,29,9618432,0.81,-0.5
dbr-fix05-s29,dbr-fix05,29,9649152,0.74,-0.5
dbr-fix05-s29,dbr-fix05,29,9679872,0.82,-0.5
dbr-fix05-s29,dbr-fix05,29,9710592,0.85,-0.5
dbr-fix05-s29,dbr-fix05,29,9741312,0.82,-0.5
dbr-fix05-s29,dbr-fix05,29,9772032,0.76,-0.5
dbr-fix05-s29,dbr-fix05,29,9802752,0.82,-0.5
dbr-fix05-s29,dbr-fix05,29,9833472,0.78,-0.5
dbr-fix05-s29,dbr-fix05,29,9864192,0.82,-0.5
dbr-fix05-s29,dbr-fix05,29,9894912,0.79,-0.5
dbr-fix05-s29,dbr-fix05,29,9925632,0.84,-0.5
dbr-fix05-s29,dbr-fix05,29,9956352,0.84,-0.5
dbr-fix05-s29,dbr-fix05,29,9987072,0.76,-0.5
dbr-fix05-s29,dbr-fix05,29,10017792,0.83,-0.5
dbr-fix05-s29,dbr-fix05,29,10048512,0.76,-0.5
dbr-fix05-s29,dbr-fix05,29,10079232,0.82,-0.5
dbr-fix05-s29,dbr-fix05,29,10109952,0.77,-0.5
dbr-fix05-s29,dbr-fix05,29,10140672,0.82,-0.5
dbr-fix05-s29,dbr-fix05,29,10171392,0.85,-0.5
dbr-fix05-s29,dbr-fix05,29,10202112,0.9,-0.5
dbr-fix05-s29,dbr-fix05,29,10232832,0.74,-0.5
dbr-fix05-s29,dbr-fix05,29,10263552,0.72,-0.5
dbr-fix05-s29,dbr-fix05,29,10294272,0.8,-0.5
dbr-fix05-s29,dbr-fix05,29,10324992,0.81,-0.5
dbr-fix05-s29,dbr-fix05,29,10355712,0.84,-0.5
dbr-fix05-s29,dbr-fix05,29,10386432,0.83,-0.5
dbr-fix05-s29,dbr-fix05,29,10417152,0.79,-0.5
dbr-fix05-s29,dbr-fix05,29,10447872,0.83,-0.5
dbr-fix05-s29,dbr-fix05,29,10478592,0.87,-0.5
dbr-fix05-s29,dbr-fix05,29,10509312,0.82,-0.5
dbr-fix05-s29,dbr-fix05,29,10540032,0.8,-0.5
dbr-fix05-s29,dbr-fix05,29,10570752,0.79,-0.5
dbr-fix05-s29,dbr-fix05,29,10601472,0.78,-0.5
dbr-fix05-s29,dbr-fix05,29,10632192,0.86,-0.5
dbr-fix05-s29,dbr-fix05,29,10662912,0.8,-0.5
dbr-fix05-s29,dbr-fix05,29,10693632,0.82,-0.5
dbr-fix05-s29,dbr-fix05,29,10724352,0.75,-0.5
dbr-fix05-s29,dbr-fix05,29,10755072,0.83,-0.5
dbr-fix05-s29,dbr-fix05,29,10785792,0.85,-0.5
dbr-fix05-s29,dbr-fix05,29,10816512,0.81,-0.5
dbr-fix05-s29,dbr-fix05,29,10847232,0.84,-0.5
dbr-fix05-s29,dbr-fix05,29,10877952,0.89,-0.5
dbr-fix05-s29,dbr-fix05,29,10908672,0.82,-0.5
dbr-fix05-s29,dbr-fix05,29,10939392,0.85,-0.5
dbr-fix05-s29,dbr-fix05,29,10970112,0.73,-0.5
dbr-fix05-s29,dbr-fix05,29,11000832,0.8,-0.5
dbr-fix05-s29,dbr-fix05,29,11031552,0.75,-0.5
dbr-fix05-s29,dbr-fix05,29,11062272,0.81,-0.5
dbr-fix05-s29,dbr-fix05,29,11092992,0.84,-0.5
dbr-fix05-s29,dbr-fix05,29,11123712,0.83,-0.5
dbr-fix05-s29,dbr-fix05,29,11154432,0.84,-0.5
dbr-fix05-s29,dbr-fix05,29,11185152,0.87,-0.5
dbr-fix05-s29,dbr-fix05,29,11215872,0.81,-0.5
dbr-fix05-s29,dbr-fix05,29,11246592,0.8,-0.5
dbr-fix05-s29,dbr-fix05,29,11277312,0.8,-0.5
dbr-fix05-s29,dbr-fix05,29,11308032,0.83,-0.5
dbr-fix05-s29,dbr-fix05,29,11338752,0.84,-0.5
dbr-fix05-s29,dbr-fix05,29,11369472,0.85,-0.5
dbr-fix05-s29,dbr-fix05,29,11400192,0.91,-0.5
dbr-fix05-s29,dbr-fix05,29,11430912,0.82,-0.5
dbr-fix05-s29,dbr-fix05,29,11461632,0.81,-0.5
dbr-fix05-s29,dbr-fix05,29,11492352,0.79,-0.5
dbr-fix05-s29,dbr-fix05,29,11523072,0.85,-0.5
dbr-fix05-s29,dbr-fix05,29,11553792,0.89,-0.5
dbr-fix05-s29,dbr-fix05,29,11584512,0.8,-0.5
dbr-fix05-s29,dbr-fix05,29,11615232,0.89,-0.5
dbr-fix05-s29,dbr-fix05,29,11645952,0.83,-0.5
dbr-fix05-s29,dbr-fix05,29,11676672,0.86,-0.5
dbr-fix05-s29,dbr-fix05,29,11707392,0.88,-0.5
dbr-fix05-s29,dbr-fix05,29,11738112,0.89,-0.5
dbr-fix05-s29,dbr-fix05,29,11768832,0.81,-0.5
dbr-fix05-s29,dbr-fix05,29,11799552,0.84,-0.5
dbr-fix05-s29,dbr-fix05,29,11830272,0.81,-0.5
dbr-fix05-s29,dbr-fix05,29,11860992,0.8,-0.5
dbr-fix05-s29,dbr-fix05,29,11891712,0.78,-0.5
dbr-fix05-s29,dbr-fix05,29,11922432,0.86,-0.5
dbr-fix05-s29,dbr-fix05,29,11953152,0.85,-0.5
dbr-fix05-s29,dbr-fix05,29,11983872,0.8,-0.5
dbr-fix05-s29,dbr-fix05,29,12014592,0.82,-0.5
dbr-fix05-s29,dbr-fix05,29,12045312,0.86,-0.5
dbr-fix05-s29,dbr-fix05,29,12076032,0.86,-0.5
dbr-fix05-s29,dbr-fix05,29,12106752,0.76,-0.5
dbr-fix05-s29,dbr-fix05,29,12137472,0.87,-0.5
dbr-fix05-s29,dbr-fix05,29,12168192,0.84,-0.5
dbr-fix05-s29,dbr-fix05,29,12198912,0.9,-0.5
dbr-fix05-s29,dbr-fix05,29,12229632,0.83,-0.5
dbr-fix05-s29,dbr-fix05,29,12260352,0.86,-0.5
dbr-fix05-s29,dbr-fix05,29,12291072,0.83,-0.5
dbr-fix05-s29,dbr-fix05,29,12321792,0.84,-0.5
dbr-fix05-s29,dbr-fix05,29,12352512,0.82,-0.5
dbr-fix05-s29,dbr-fix05,29,12383232,0.85,-0.5
dbr-fix05-s29,dbr-fix05,29,12413952,0.85,-0.5
dbr-fix05-s29,dbr-fix05,29,12444672,0.84,-0.5
dbr-fix05-s29,dbr-fix05,29,12475392,0.89,-0.5
dbr-fix05-s29,dbr-fix05,29,12506112,0.81,-0.5
dbr-fix05-s29,dbr-fix05,29,12536832,0.91,-0.5
dbr-fix05-s29,dbr-fix05,29,12567552,0.89,-0.5
dbr-fix05-s29,dbr-fix05,29,12598272,0.84,-0.5
dbr-fix05-s29,dbr-fix05,29,12628992,0.88,-0.5
dbr-fix05-s29,dbr-fix05,29,12659712,0.88,-0.5
dbr-fix05-s29,dbr-fix05,29,12690432,0.85,-0.5
dbr-fix05-s29,dbr-fix05,29,12721152,0.89,-0.5
dbr-fix05-s29,dbr-fix05,29,12751872,0.89,-0.5
dbr-fix05-s29,dbr-fix05,29,12782592,0.9,-0.5
dbr-fix05-s29,dbr-fix05,29,12813312,0.94,-0.5
dbr-fix05-s29,dbr-fix05,29,12844032,0.87,-0.5
dbr-fix05-s29,dbr-fix05,29,12874752,0.91,-0.5
dbr-fix05-s29,dbr-fix05,29,12905472,0.88,-0.5
dbr-fix05-s29,dbr-fix05,29,12936192,0.91,-0.5
dbr-fix05-s29,dbr-fix05,29,12966912,0.87,-0.5
dbr-fix05-s29,dbr-fix05,29,12997632,0.85,-0.5
dbr-fix05-s29,dbr-fix05,29,13028352,0.85,-0.5
dbr-fix05-s29,dbr-fix05,29,13059072,0.84,-0.5
dbr-fix05-s29,dbr-fix05,29,13089792,0.95,-0.5
dbr-fix05-s29,dbr-fix05,29,13120512,0.91,-0.5
dbr-fix05-s29,dbr-fix05,29,13151232,0.86,-0.5
dbr-fix05-s29,dbr-fix05,29,13181952,0.86,-0.5
dbr-fix05-s29,dbr-fix05,29,13212672,0.9,-0.5
dbr-fix05-s29,dbr-fix05,29,13243392,0.85,-0.5
dbr-fix05-s29,dbr-fix05,29,13274112,0.87,-0.5
dbr-fix05-s29,dbr-fix05,29,13304832,0.87,-0.5
dbr-fix05-s29,dbr-fix05,29,13335552,0.85,-0.5
dbr-fix05-s29,dbr-fix05,29,13366272,0.89,-0.5
dbr-fix05-s29,dbr-fix05,29,13396992,0.85,-0.5
dbr-fix05-s29,dbr-fix05,29,13427712,0.88,-0.5
dbr-fix05-s29,dbr-fix05,29,13458432,0.9,-0.5
dbr-fix05-s29,dbr-fix05,29,13489152,0.91,-0.5
dbr-fix05-s29,dbr-fix05,29,13519872,0.91,-0.5
dbr-fix05-s29,dbr-fix05,29,13550592,0.84,-0.5
dbr-fix05-s29,dbr-fix05,29,13581312,0.89,-0.5
dbr-fix05-s29,dbr-fix05,29,13612032,0.93,-0.5
dbr-fix05-s29,dbr-fix05,29,13642752,0.89,-0.5
dbr-fix05-s29,dbr-fix05,29,13673472,0.92,-0.5
dbr-fix05-s29,dbr-fix05,29,13704192,0.89,-0.5
dbr-fix05-s29,dbr-fix05,29,13734912,0.9,-0.5
dbr-fix05-s29,dbr-fix05,29,13765632,0.9,-0.5
dbr-fix05-s29,dbr-fix05,29,13796352,0.95,-0.5
dbr-fix05-s29,dbr-fix05,29,13827072,0.91,-0.5
dbr-fix05-s29,dbr-fix05,29,13857792,0.91,-0.5
dbr-fix05-s29,dbr-fix05,29,13888512,0.92,-0.5
dbr-fix05-s29,dbr-fix05,29,13919232,0.91,-0.5
dbr-fix05-s29,dbr-fix05,29,13949952,0.9,-0.5
dbr-fix05-s29,dbr-fix05,29,13980672,0.91,-0.5
dbr-fix05-s29,dbr-fix05,29,14011392,0.91,-0.5
dbr-fix05-s29,dbr-fix05,29,14042112,0.85,-0.5
dbr-fix05-s29,dbr-fix05,29,14072832,0.9,-0.5
dbr-fix05-s29,dbr-fix05,29,14103552,0.95,-0.5
dbr-fix05-s29,dbr-fix05,29,14134272,0.87,-0.5
dbr-fix05-s29,dbr-fix05,29,14164992,0.93,-0.5
dbr-fix05-s29,dbr-fix05,29,14195712,0.91,-0.5
dbr-fix05-s29,dbr-fix05,29,14226432,0.91,-0.5
dbr-fix05-s29,dbr-fix05,29,14257152,0.93,-0.5
dbr-fix05-s29,dbr-fix05,29,14287872,0.93,-0.5
dbr-fix05-s29,dbr-fix05,29,14318592,0.87,-0.5
dbr-fix05-s29,dbr-fix05,29,14349312,0.88,-0.5
dbr-fix05-s29,dbr-fix05,29,14380032,0.91,-0.5
dbr-fix05-s29,dbr-fix05,29,14410752,0.93,-0.5
dbr-fix05-s29,dbr-fix05,29,14441472,0.96,-0.5
dbr-fix05-s29,dbr-fix05,29,14472192,0.92,-0.5
dbr-fix05-s29,dbr-fix05,29,14502912,0.92,-0.5
dbr-fix05-s29,dbr-fix05,29,14533632,0.91,-0.5
dbr-fix05-s29,dbr-fix05,29,14564352,0.88,-0.5
dbr-fix05-s29,dbr-fix05,29,14595072,0.91,-0.5
dbr-fix05-s29,dbr-fix05,29,14625792,0.88,-0.5
dbr-fix05-s29,dbr-fix05,29,14656512,0.93,-0.5
dbr-fix05-s29,dbr-fix05,29,14687232,0.91,-0.5
dbr-fix05-s29,dbr-fix05,29,14717952,0.91,-0.5
dbr-fix05-s29,dbr-fix05,29,14748672,0.93,-0.5
dbr-fix05-s29,dbr-fix05,29,14779392,0.94,-0.5
dbr-fix05-s29,dbr-fix05,29,14810112,0.91,-0.5
dbr-fix05-s29,dbr-fix05,29,14840832,0.91,-0.5
dbr-fix05-s29,dbr-fix05,29,14871552,0.89,-0.5
dbr-fix05-s29,dbr-fix05,29,14902272,0.97,-0.5
dbr-fix05-s29,dbr-fix05,29,14932992,0.95,-0.5
dbr-fix05-s29,dbr-fix05,29,14963712,0.91,-0.5
dbr-fix05-s29,dbr-fix05,29,14994432,0.94,-0.5
dbr-fix05-s29,dbr-fix05,29,14997504,0.92,-0.5
dbr-b4060-s27,dbr-b4060,27,4457472,0.7,-1.0
dbr-b4060-s27,dbr-b4060,27,4488192,0.58,-0.874
dbr-b4060-s27,dbr-b4060,27,4518912,0.56,-0.804
dbr-b4060-s27,dbr-b4060,27,4549632,0.58,-0.753
dbr-b4060-s27,dbr-b4060,27,4580352,0.49,-0.713
dbr-b4060-s27,dbr-b4060,27,4611072,0.54,-0.668
dbr-b4060-s27,dbr-b4060,27,4641792,0.57,-0.656
dbr-b4060-s27,dbr-b4060,27,4672512,0.51,-0.644
dbr-b4060-s27,dbr-b4060,27,4703232,0.63,-0.644
dbr-b4060-s27,dbr-b4060,27,4733952,0.6,-0.603
dbr-b4060-s27,dbr-b4060,27,4764672,0.51,-0.591
dbr-b4060-s27,dbr-b4060,27,4795392,0.56,-0.578
dbr-b4060-s27,dbr-b4060,27,4826112,0.57,-0.55
dbr-b4060-s27,dbr-b4060,27,4856832,0.53,-0.5
dbr-b4060-s27,dbr-b4060,27,4887552,0.53,-0.5
dbr-b4060-s27,dbr-b4060,27,4918272,0.61,-0.488
dbr-b4060-s27,dbr-b4060,27,4948992,0.56,-0.438
dbr-b4060-s27,dbr-b4060,27,4979712,0.52,-0.408
dbr-b4060-s27,dbr-b4060,27,5010432,0.5,-0.392
dbr-b4060-s27,dbr-b4060,27,5041152,0.53,-0.351
dbr-b4060-s27,dbr-b4060,27,5071872,0.61,-0.327
dbr-b4060-s27,dbr-b4060,27,5102592,0.51,-0.316
dbr-b4060-s27,dbr-b4060,27,5133312,0.45,-0.281
dbr-b4060-s27,dbr-b4060,27,5164032,0.64,-0.266
dbr-b4060-s27,dbr-b4060,27,5194752,0.57,-0.252
dbr-b4060-s27,dbr-b4060,27,5225472,0.57,-0.209
dbr-b4060-s27,dbr-b4060,27,5256192,0.55,-0.197
dbr-b4060-s27,dbr-b4060,27,5286912,0.64,-0.172
dbr-b4060-s27,dbr-b4060,27,5317632,0.44,-0.158
dbr-b4060-s27,dbr-b4060,27,5348352,0.52,-0.158
dbr-b4060-s27,dbr-b4060,27,5379072,0.52,-0.144
dbr-b4060-s27,dbr-b4060,27,5409792,0.55,-0.12
dbr-b4060-s27,dbr-b4060,27,5440512,0.59,-0.06
dbr-b4060-s27,dbr-b4060,27,5471232,0.48,-0.021
dbr-b4060-s27,dbr-b4060,27,5501952,0.61,0.011
dbr-b4060-s27,dbr-b4060,27,5532672,0.49,0.022
dbr-b4060-s27,dbr-b4060,27,5563392,0.46,0.022
dbr-b4060-s27,dbr-b4060,27,5594112,0.41,0.02
dbr-b4060-s27,dbr-b4060,27,5624832,0.43,0.02
dbr-b4060-s27,dbr-b4060,27,5655552,0.55,0.02
dbr-b4060-s27,dbr-b4060,27,5686272,0.52,0.02
dbr-b4060-s27,dbr-b4060,27,5716992,0.5,0.032
dbr-b4060-s27,dbr-b4060,27,5747712,0.5,0.032
dbr-b4060-s27,dbr-b4060,27,5778432,0.45,0.032
dbr-b4060-s27,dbr-b4060,27,5809152,0.48,0.021
dbr-b4060-s27,dbr-b4060,27,5839872,0.53,0.021
dbr-b4060-s27,dbr-b4060,27,5870592,0.57,0.032
dbr-b4060-s27,dbr-b4060,27,5901312,0.46,0.032
dbr-b4060-s27,dbr-b4060,27,5932032,0.42,0.043
dbr-b4060-s27,dbr-b4060,27,5962752,0.51,0.031
dbr-b4060-s27,dbr-b4060,27,5993472,0.48,0.031
dbr-b4060-s27,dbr-b4060,27,6024192,0.49,0.043
dbr-b4060-s27,dbr-b4060,27,6054912,0.43,0.043
dbr-b4060-s27,dbr-b4060,27,6085632,0.54,0.032
dbr-b4060-s27,dbr-b4060,27,6116352,0.45,0.032
dbr-b4060-s27,dbr-b4060,27,6147072,0.44,0.032
dbr-b4060-s27,dbr-b4060,27,6177792,0.5,0.019
dbr-b4060-s27,dbr-b4060,27,6208512,0.6,0.019
dbr-b4060-s27,dbr-b4060,27,6239232,0.63,0.031
dbr-b4060-s27,dbr-b4060,27,6269952,0.51,0.044
dbr-b4060-s27,dbr-b4060,27,6300672,0.57,0.044
dbr-b4060-s27,dbr-b4060,27,6331392,0.48,0.044
dbr-b4060-s27,dbr-b4060,27,6362112,0.53,0.044
dbr-b4060-s27,dbr-b4060,27,6392832,0.44,0.059
dbr-b4060-s27,dbr-b4060,27,6423552,0.62,0.048
dbr-b4060-s27,dbr-b4060,27,6454272,0.44,0.06
dbr-b4060-s27,dbr-b4060,27,6484992,0.42,0.045
dbr-b4060-s27,dbr-b4060,27,6515712,0.51,0.045
dbr-b4060-s27,dbr-b4060,27,6546432,0.43,0.045
dbr-b4060-s27,dbr-b4060,27,6577152,0.48,0.045
dbr-b4060-s27,dbr-b4060,27,6607872,0.47,0.045
dbr-b4060-s27,dbr-b4060,27,6638592,0.6,0.045
dbr-b4060-s27,dbr-b4060,27,6669312,0.47,0.045
dbr-b4060-s27,dbr-b4060,27,6700032,0.48,0.045
dbr-b4060-s27,dbr-b4060,27,6730752,0.5,0.045
dbr-b4060-s27,dbr-b4060,27,6761472,0.54,0.045
dbr-b4060-s27,dbr-b4060,27,6792192,0.55,0.045
dbr-b4060-s27,dbr-b4060,27,6822912,0.52,0.045
dbr-b4060-s27,dbr-b4060,27,6853632,0.55,0.046
dbr-b4060-s27,dbr-b4060,27,6884352,0.57,0.035
dbr-b4060-s27,dbr-b4060,27,6915072,0.56,0.046
dbr-b4060-s27,dbr-b4060,27,6945792,0.5,0.046
dbr-b4060-s27,dbr-b4060,27,6976512,0.5,0.046
dbr-b4060-s27,dbr-b4060,27,7007232,0.45,0.057
dbr-b4060-s27,dbr-b4060,27,7037952,0.54,0.04
dbr-b4060-s27,dbr-b4060,27,7068672,0.49,0.052
dbr-b4060-s27,dbr-b4060,27,7099392,0.55,0.052
dbr-b4060-s27,dbr-b4060,27,7130112,0.5,0.052
dbr-b4060-s27,dbr-b4060,27,7160832,0.55,0.052
dbr-b4060-s27,dbr-b4060,27,7191552,0.47,0.04
dbr-b4060-s27,dbr-b4060,27,7222272,0.52,0.054
dbr-b4060-s27,dbr-b4060,27,7252992,0.53,0.054
dbr-b4060-s27,dbr-b4060,27,7283712,0.58,0.054
dbr-b4060-s27,dbr-b4060,27,7314432,0.53,0.054
dbr-b4060-s27,dbr-b4060,27,7345152,0.55,0.054
dbr-b4060-s27,dbr-b4060,27,7375872,0.59,0.054
dbr-b4060-s27,dbr-b4060,27,7406592,0.49,0.066
dbr-b4060-s27,dbr-b4060,27,7437312,0.53,0.053
dbr-b4060-s27,dbr-b4060,27,7468032,0.46,0.053
dbr-b4060-s27,dbr-b4060,27,7498752,0.48,0.064
dbr-b4060-s27,dbr-b4060,27,7529472,0.57,0.064
dbr-b4060-s27,dbr-b4060,27,7560192,0.5,0.064
dbr-b4060-s27,dbr-b4060,27,7590912,0.53,0.064
dbr-b4060-s27,dbr-b4060,27,7621632,0.47,0.076
dbr-b4060-s27,dbr-b4060,27,7652352,0.54,0.076
dbr-b4060-s27,dbr-b4060,27,7683072,0.48,0.076
dbr-b4060-s27,dbr-b4060,27,7713792,0.48,0.076
dbr-b4060-s27,dbr-b4060,27,7744512,0.5,0.076
dbr-b4060-s27,dbr-b4060,27,7775232,0.51,0.076
dbr-b4060-s27,dbr-b4060,27,7805952,0.44,0.076
dbr-b4060-s27,dbr-b4060,27,7836672,0.48,0.076
dbr-b4060-s27,dbr-b4060,27,7867392,0.49,0.076
dbr-b4060-s27,dbr-b4060,27,7898112,0.44,0.051
dbr-b4060-s27,dbr-b4060,27,7928832,0.56,0.062
dbr-b4060-s27,dbr-b4060,27,7959552,0.47,0.062
dbr-b4060-s27,dbr-b4060,27,7990272,0.61,0.062
dbr-b4060-s27,dbr-b4060,27,8020992,0.54,0.073
dbr-b4060-s27,dbr-b4060,27,8051712,0.58,0.07
dbr-b4060-s27,dbr-b4060,27,8082432,0.51,0.07
dbr-b4060-s27,dbr-b4060,27,8113152,0.47,0.07
dbr-b4060-s27,dbr-b4060,27,8143872,0.52,0.083
dbr-b4060-s27,dbr-b4060,27,8174592,0.47,0.083
dbr-b4060-s27,dbr-b4060,27,8205312,0.54,0.083
dbr-b4060-s27,dbr-b4060,27,8236032,0.6,0.072
dbr-b4060-s27,dbr-b4060,27,8266752,0.56,0.086
dbr-b4060-s27,dbr-b4060,27,8297472,0.49,0.086
dbr-b4060-s27,dbr-b4060,27,8328192,0.45,0.086
dbr-b4060-s27,dbr-b4060,27,8358912,0.51,0.086
dbr-b4060-s27,dbr-b4060,27,8389632,0.45,0.086
dbr-b4060-s27,dbr-b4060,27,8420352,0.53,0.086
dbr-b4060-s27,dbr-b4060,27,8451072,0.45,0.086
dbr-b4060-s27,dbr-b4060,27,8481792,0.46,0.086
dbr-b4060-s27,dbr-b4060,27,8512512,0.5,0.086
dbr-b4060-s27,dbr-b4060,27,8543232,0.43,0.086
dbr-b4060-s27,dbr-b4060,27,8573952,0.45,0.075
dbr-b4060-s27,dbr-b4060,27,8604672,0.5,0.089
dbr-b4060-s27,dbr-b4060,27,8635392,0.47,0.089
dbr-b4060-s27,dbr-b4060,27,8666112,0.54,0.089
dbr-b4060-s27,dbr-b4060,27,8696832,0.53,0.078
dbr-b4060-s27,dbr-b4060,27,8727552,0.5,0.078
dbr-b4060-s27,dbr-b4060,27,8758272,0.46,0.078
dbr-b4060-s27,dbr-b4060,27,8788992,0.6,0.078
dbr-b4060-s27,dbr-b4060,27,8819712,0.44,0.089
dbr-b4060-s27,dbr-b4060,27,8850432,0.51,0.089
dbr-b4060-s27,dbr-b4060,27,8881152,0.47,0.076
dbr-b4060-s27,dbr-b4060,27,8911872,0.56,0.088
dbr-b4060-s27,dbr-b4060,27,8942592,0.58,0.088
dbr-b4060-s27,dbr-b4060,27,8973312,0.54,0.088
dbr-b4060-s27,dbr-b4060,27,9004032,0.38,0.088
dbr-b4060-s27,dbr-b4060,27,9034752,0.53,0.076
dbr-b4060-s27,dbr-b4060,27,9065472,0.52,0.073
dbr-b4060-s27,dbr-b4060,27,9096192,0.54,0.073
dbr-b4060-s27,dbr-b4060,27,9126912,0.54,0.086
dbr-b4060-s27,dbr-b4060,27,9157632,0.6,0.086
dbr-b4060-s27,dbr-b4060,27,9188352,0.55,0.098
dbr-b4060-s27,dbr-b4060,27,9219072,0.53,0.098
dbr-b4060-s27,dbr-b4060,27,9249792,0.49,0.098
dbr-b4060-s27,dbr-b4060,27,9280512,0.46,0.098
dbr-b4060-s27,dbr-b4060,27,9311232,0.41,0.098
dbr-b4060-s27,dbr-b4060,27,9341952,0.44,0.112
dbr-b4060-s27,dbr-b4060,27,9372672,0.41,0.112
dbr-b4060-s27,dbr-b4060,27,9403392,0.46,0.112
dbr-b4060-s27,dbr-b4060,27,9434112,0.47,0.1
dbr-b4060-s27,dbr-b4060,27,9464832,0.47,0.1
dbr-b4060-s27,dbr-b4060,27,9495552,0.52,0.111
dbr-b4060-s27,dbr-b4060,27,9526272,0.38,0.11
dbr-b4060-s27,dbr-b4060,27,9556992,0.51,0.086
dbr-b4060-s27,dbr-b4060,27,9587712,0.55,0.11
dbr-b4060-s27,dbr-b4060,27,9618432,0.5,0.096
dbr-b4060-s27,dbr-b4060,27,9649152,0.59,0.096
dbr-b4060-s27,dbr-b4060,27,9679872,0.46,0.107
dbr-b4060-s27,dbr-b4060,27,9710592,0.47,0.106
dbr-b4060-s27,dbr-b4060,27,9741312,0.52,0.106
dbr-b4060-s27,dbr-b4060,27,9772032,0.53,0.095
dbr-b4060-s27,dbr-b4060,27,9802752,0.47,0.108
dbr-b4060-s27,dbr-b4060,27,9833472,0.52,0.108
dbr-b4060-s27,dbr-b4060,27,9864192,0.39,0.121
dbr-b4060-s27,dbr-b4060,27,9894912,0.48,0.11
dbr-b4060-s27,dbr-b4060,27,9925632,0.48,0.11
dbr-b4060-s27,dbr-b4060,27,9956352,0.49,0.11
dbr-b4060-s27,dbr-b4060,27,9987072,0.47,0.11
dbr-b4060-s27,dbr-b4060,27,10017792,0.5,0.11
dbr-b4060-s27,dbr-b4060,27,10048512,0.49,0.11
dbr-b4060-s27,dbr-b4060,27,10079232,0.57,0.11
dbr-b4060-s27,dbr-b4060,27,10109952,0.46,0.11
dbr-b4060-s27,dbr-b4060,27,10140672,0.45,0.126
dbr-b4060-s27,dbr-b4060,27,10171392,0.48,0.115
dbr-b4060-s27,dbr-b4060,27,10202112,0.56,0.115
dbr-b4060-s27,dbr-b4060,27,10232832,0.58,0.1
dbr-b4060-s27,dbr-b4060,27,10263552,0.58,0.088
dbr-b4060-s27,dbr-b4060,27,10294272,0.48,0.101
dbr-b4060-s27,dbr-b4060,27,10324992,0.52,0.114
dbr-b4060-s27,dbr-b4060,27,10355712,0.59,0.114
dbr-b4060-s27,dbr-b4060,27,10386432,0.44,0.114
dbr-b4060-s27,dbr-b4060,27,10417152,0.53,0.114
dbr-b4060-s27,dbr-b4060,27,10447872,0.56,0.114
dbr-b4060-s27,dbr-b4060,27,10478592,0.52,0.114
dbr-b4060-s27,dbr-b4060,27,10509312,0.45,0.114
dbr-b4060-s27,dbr-b4060,27,10540032,0.51,0.114
dbr-b4060-s27,dbr-b4060,27,10570752,0.48,0.114
dbr-b4060-s27,dbr-b4060,27,10601472,0.44,0.127
dbr-b4060-s27,dbr-b4060,27,10632192,0.4,0.127
dbr-b4060-s27,dbr-b4060,27,10662912,0.48,0.127
dbr-b4060-s27,dbr-b4060,27,10693632,0.48,0.127
dbr-b4060-s27,dbr-b4060,27,10724352,0.49,0.127
dbr-b4060-s27,dbr-b4060,27,10755072,0.55,0.127
dbr-b4060-s27,dbr-b4060,27,10785792,0.43,0.127
dbr-b4060-s27,dbr-b4060,27,10816512,0.42,0.115
dbr-b4060-s27,dbr-b4060,27,10847232,0.45,0.126
dbr-b4060-s27,dbr-b4060,27,10877952,0.54,0.126
dbr-b4060-s27,dbr-b4060,27,10908672,0.47,0.139
dbr-b4060-s27,dbr-b4060,27,10939392,0.41,0.139
dbr-b4060-s27,dbr-b4060,27,10970112,0.49,0.126
dbr-b4060-s27,dbr-b4060,27,11000832,0.46,0.141
dbr-b4060-s27,dbr-b4060,27,11031552,0.57,0.13
dbr-b4060-s27,dbr-b4060,27,11062272,0.51,0.13
dbr-b4060-s27,dbr-b4060,27,11092992,0.56,0.13
dbr-b4060-s27,dbr-b4060,27,11123712,0.5,0.141
dbr-b4060-s27,dbr-b4060,27,11154432,0.52,0.141
dbr-b4060-s27,dbr-b4060,27,11185152,0.45,0.141
dbr-b4060-s27,dbr-b4060,27,11215872,0.47,0.141
dbr-b4060-s27,dbr-b4060,27,11246592,0.49,0.141
dbr-b4060-s27,dbr-b4060,27,11277312,0.43,0.141
dbr-b4060-s27,dbr-b4060,27,11308032,0.37,0.153
dbr-b4060-s27,dbr-b4060,27,11338752,0.52,0.14
dbr-b4060-s27,dbr-b4060,27,11369472,0.51,0.14
dbr-b4060-s27,dbr-b4060,27,11400192,0.45,0.14
dbr-b4060-s27,dbr-b4060,27,11430912,0.48,0.14
dbr-b4060-s27,dbr-b4060,27,11461632,0.47,0.156
dbr-b4060-s27,dbr-b4060,27,11492352,0.63,0.156
dbr-b4060-s27,dbr-b4060,27,11523072,0.37,0.157
dbr-b4060-s27,dbr-b4060,27,11553792,0.45,0.144
dbr-b4060-s27,dbr-b4060,27,11584512,0.5,0.144
dbr-b4060-s27,dbr-b4060,27,11615232,0.47,0.144
dbr-b4060-s27,dbr-b4060,27,11645952,0.49,0.144
dbr-b4060-s27,dbr-b4060,27,11676672,0.48,0.132
dbr-b4060-s27,dbr-b4060,27,11707392,0.45,0.132
dbr-b4060-s27,dbr-b4060,27,11738112,0.56,0.132
dbr-b4060-s27,dbr-b4060,27,11768832,0.49,0.132
dbr-b4060-s27,dbr-b4060,27,11799552,0.49,0.132
dbr-b4060-s27,dbr-b4060,27,11830272,0.58,0.132
dbr-b4060-s27,dbr-b4060,27,11860992,0.53,0.132
dbr-b4060-s27,dbr-b4060,27,11891712,0.56,0.115
dbr-b4060-s27,dbr-b4060,27,11922432,0.63,0.115
dbr-b4060-s27,dbr-b4060,27,11953152,0.47,0.128
dbr-b4060-s27,dbr-b4060,27,11983872,0.57,0.128
dbr-b4060-s27,dbr-b4060,27,12014592,0.63,0.139
dbr-b4060-s27,dbr-b4060,27,12045312,0.52,0.141
dbr-b4060-s27,dbr-b4060,27,12076032,0.57,0.141
dbr-b4060-s27,dbr-b4060,27,12106752,0.48,0.141
dbr-b4060-s27,dbr-b4060,27,12137472,0.59,0.154
dbr-b4060-s27,dbr-b4060,27,12168192,0.59,0.141
dbr-b4060-s27,dbr-b4060,27,12198912,0.48,0.153
dbr-b4060-s27,dbr-b4060,27,12229632,0.56,0.153
dbr-b4060-s27,dbr-b4060,27,12260352,0.51,0.153
dbr-b4060-s27,dbr-b4060,27,12291072,0.55,0.153
dbr-b4060-s27,dbr-b4060,27,12321792,0.5,0.153
dbr-b4060-s27,dbr-b4060,27,12352512,0.47,0.153
dbr-b4060-s27,dbr-b4060,27,12383232,0.5,0.153
dbr-b4060-s27,dbr-b4060,27,12413952,0.49,0.169
dbr-b4060-s27,dbr-b4060,27,12444672,0.55,0.169
dbr-b4060-s27,dbr-b4060,27,12475392,0.42,0.169
dbr-b4060-s27,dbr-b4060,27,12506112,0.46,0.157
dbr-b4060-s27,dbr-b4060,27,12536832,0.54,0.157
dbr-b4060-s27,dbr-b4060,27,12567552,0.53,0.157
dbr-b4060-s27,dbr-b4060,27,12598272,0.43,0.157
dbr-b4060-s27,dbr-b4060,27,12628992,0.52,0.157
dbr-b4060-s27,dbr-b4060,27,12659712,0.54,0.157
dbr-b4060-s27,dbr-b4060,27,12690432,0.41,0.157
dbr-b4060-s27,dbr-b4060,27,12721152,0.47,0.157
dbr-b4060-s27,dbr-b4060,27,12751872,0.51,0.169
dbr-b4060-s27,dbr-b4060,27,12782592,0.47,0.169
dbr-b4060-s27,dbr-b4060,27,12813312,0.43,0.169
dbr-b4060-s27,dbr-b4060,27,12844032,0.52,0.158
dbr-b4060-s27,dbr-b4060,27,12874752,0.46,0.158
dbr-b4060-s27,dbr-b4060,27,12905472,0.49,0.158
dbr-b4060-s27,dbr-b4060,27,12936192,0.54,0.158
dbr-b4060-s27,dbr-b4060,27,12966912,0.38,0.158
dbr-b4060-s27,dbr-b4060,27,12997632,0.46,0.135
dbr-b4060-s27,dbr-b4060,27,13028352,0.51,0.135
dbr-b4060-s27,dbr-b4060,27,13059072,0.44,0.147
dbr-b4060-s27,dbr-b4060,27,13089792,0.43,0.147
dbr-b4060-s27,dbr-b4060,27,13120512,0.59,0.161
dbr-b4060-s27,dbr-b4060,27,13151232,0.47,0.149
dbr-b4060-s27,dbr-b4060,27,13181952,0.45,0.149
dbr-b4060-s27,dbr-b4060,27,13212672,0.53,0.149
dbr-b4060-s27,dbr-b4060,27,13243392,0.57,0.149
dbr-b4060-s27,dbr-b4060,27,13274112,0.49,0.149
dbr-b4060-s27,dbr-b4060,27,13304832,0.5,0.149
dbr-b4060-s27,dbr-b4060,27,13335552,0.52,0.149
dbr-b4060-s27,dbr-b4060,27,13366272,0.51,0.149
dbr-b4060-s27,dbr-b4060,27,13396992,0.53,0.161
dbr-b4060-s27,dbr-b4060,27,13427712,0.48,0.162
dbr-b4060-s27,dbr-b4060,27,13458432,0.56,0.162
dbr-b4060-s27,dbr-b4060,27,13489152,0.47,0.147
dbr-b4060-s27,dbr-b4060,27,13519872,0.56,0.147
dbr-b4060-s27,dbr-b4060,27,13550592,0.53,0.159
dbr-b4060-s27,dbr-b4060,27,13581312,0.58,0.159
dbr-b4060-s27,dbr-b4060,27,13612032,0.47,0.173
dbr-b4060-s27,dbr-b4060,27,13642752,0.44,0.173
dbr-b4060-s27,dbr-b4060,27,13673472,0.51,0.162
dbr-b4060-s27,dbr-b4060,27,13704192,0.49,0.151
dbr-b4060-s27,dbr-b4060,27,13734912,0.49,0.155
dbr-b4060-s27,dbr-b4060,27,13765632,0.53,0.155
dbr-b4060-s27,dbr-b4060,27,13796352,0.48,0.155
dbr-b4060-s27,dbr-b4060,27,13827072,0.5,0.155
dbr-b4060-s27,dbr-b4060,27,13857792,0.61,0.17
dbr-b4060-s27,dbr-b4060,27,13888512,0.46,0.181
dbr-b4060-s27,dbr-b4060,27,13919232,0.48,0.181
dbr-b4060-s27,dbr-b4060,27,13949952,0.51,0.199
dbr-b4060-s27,dbr-b4060,27,13980672,0.46,0.199
dbr-b4060-s27,dbr-b4060,27,14011392,0.41,0.199
dbr-b4060-s27,dbr-b4060,27,14042112,0.52,0.182
dbr-b4060-s27,dbr-b4060,27,14072832,0.5,0.182
dbr-b4060-s27,dbr-b4060,27,14103552,0.43,0.182
dbr-b4060-s27,dbr-b4060,27,14134272,0.53,0.182
dbr-b4060-s27,dbr-b4060,27,14164992,0.43,0.182
dbr-b4060-s27,dbr-b4060,27,14195712,0.53,0.182
dbr-b4060-s27,dbr-b4060,27,14226432,0.44,0.194
dbr-b4060-s27,dbr-b4060,27,14257152,0.47,0.194
dbr-b4060-s27,dbr-b4060,27,14287872,0.52,0.194
dbr-b4060-s27,dbr-b4060,27,14318592,0.53,0.166
dbr-b4060-s27,dbr-b4060,27,14349312,0.47,0.166
dbr-b4060-s27,dbr-b4060,27,14380032,0.55,0.177
dbr-b4060-s27,dbr-b4060,27,14410752,0.47,0.177
dbr-b4060-s27,dbr-b4060,27,14441472,0.5,0.177
dbr-b4060-s27,dbr-b4060,27,14472192,0.55,0.177
dbr-b4060-s27,dbr-b4060,27,14502912,0.45,0.177
dbr-b4060-s27,dbr-b4060,27,14533632,0.55,0.191
dbr-b4060-s27,dbr-b4060,27,14564352,0.5,0.191
dbr-b4060-s27,dbr-b4060,27,14595072,0.54,0.19
dbr-b4060-s27,dbr-b4060,27,14625792,0.4,0.19
dbr-b4060-s27,dbr-b4060,27,14656512,0.49,0.19
dbr-b4060-s27,dbr-b4060,27,14687232,0.52,0.19
dbr-b4060-s27,dbr-b4060,27,14717952,0.41,0.177
dbr-b4060-s27,dbr-b4060,27,14748672,0.52,0.177
dbr-b4060-s27,dbr-b4060,27,14779392,0.54,0.188
dbr-b4060-s27,dbr-b4060,27,14810112,0.58,0.184
dbr-b4060-s27,dbr-b4060,27,14840832,0.55,0.184
dbr-b4060-s27,dbr-b4060,27,14871552,0.49,0.184
dbr-b4060-s27,dbr-b4060,27,14902272,0.52,0.184
dbr-b4060-s27,dbr-b4060,27,14932992,0.44,0.184
dbr-b4060-s27,dbr-b4060,27,14963712,0.43,0.184
dbr-b4060-s27,dbr-b4060,27,14994432,0.54,0.184
dbr-b4060-s27,dbr-b4060,27,14997504,0.55,0.184
dbr-b4060-s28,dbr-b4060,28,4457472,0.67,-1.0
dbr-b4060-s28,dbr-b4060,28,4488192,0.65,-0.881
dbr-b4060-s28,dbr-b4060,28,4518912,0.61,-0.825
dbr-b4060-s28,dbr-b4060,28,4549632,0.64,-0.763
dbr-b4060-s28,dbr-b4060,28,4580352,0.51,-0.71
dbr-b4060-s28,dbr-b4060,28,4611072,0.49,-0.69
dbr-b4060-s28,dbr-b4060,28,4641792,0.52,-0.663
dbr-b4060-s28,dbr-b4060,28,4672512,0.52,-0.652
dbr-b4060-s28,dbr-b4060,28,4703232,0.54,-0.641
dbr-b4060-s28,dbr-b4060,28,4733952,0.57,-0.618
dbr-b4060-s28,dbr-b4060,28,4764672,0.54,-0.587
dbr-b4060-s28,dbr-b4060,28,4795392,0.47,-0.517
dbr-b4060-s28,dbr-b4060,28,4826112,0.63,-0.488
dbr-b4060-s28,dbr-b4060,28,4856832,0.54,-0.464
dbr-b4060-s28,dbr-b4060,28,4887552,0.47,-0.464
dbr-b4060-s28,dbr-b4060,28,4918272,0.47,-0.464
dbr-b4060-s28,dbr-b4060,28,4948992,0.53,-0.412
dbr-b4060-s28,dbr-b4060,28,4979712,0.61,-0.398
dbr-b4060-s28,dbr-b4060,28,5010432,0.58,-0.387
dbr-b4060-s28,dbr-b4060,28,5041152,0.58,-0.385
dbr-b4060-s28,dbr-b4060,28,5071872,0.5,-0.385
dbr-b4060-s28,dbr-b4060,28,5102592,0.58,-0.373
dbr-b4060-s28,dbr-b4060,28,5133312,0.47,-0.358
dbr-b4060-s28,dbr-b4060,28,5164032,0.54,-0.341
dbr-b4060-s28,dbr-b4060,28,5194752,0.58,-0.315
dbr-b4060-s28,dbr-b4060,28,5225472,0.6,-0.289
dbr-b4060-s28,dbr-b4060,28,5256192,0.52,-0.289
dbr-b4060-s28,dbr-b4060,28,5286912,0.57,-0.265
dbr-b4060-s28,dbr-b4060,28,5317632,0.54,-0.265
dbr-b4060-s28,dbr-b4060,28,5348352,0.47,-0.265
dbr-b4060-s28,dbr-b4060,28,5379072,0.57,-0.225
dbr-b4060-s28,dbr-b4060,28,5409792,0.53,-0.168
dbr-b4060-s28,dbr-b4060,28,5440512,0.57,-0.168
dbr-b4060-s28,dbr-b4060,28,5471232,0.53,-0.124
dbr-b4060-s28,dbr-b4060,28,5501952,0.61,-0.112
dbr-b4060-s28,dbr-b4060,28,5532672,0.58,-0.087
dbr-b4060-s28,dbr-b4060,28,5563392,0.55,-0.052
dbr-b4060-s28,dbr-b4060,28,5594112,0.63,-0.037
dbr-b4060-s28,dbr-b4060,28,5624832,0.56,-0.024
dbr-b4060-s28,dbr-b4060,28,5655552,0.55,0.012
dbr-b4060-s28,dbr-b4060,28,5686272,0.44,0.023
dbr-b4060-s28,dbr-b4060,28,5716992,0.53,0.036
dbr-b4060-s28,dbr-b4060,28,5747712,0.51,0.036
dbr-b4060-s28,dbr-b4060,28,5778432,0.46,0.036
dbr-b4060-s28,dbr-b4060,28,5809152,0.47,0.036
dbr-b4060-s28,dbr-b4060,28,5839872,0.56,0.025
dbr-b4060-s28,dbr-b4060,28,5870592,0.56,0.025
dbr-b4060-s28,dbr-b4060,28,5901312,0.46,0.025
dbr-b4060-s28,dbr-b4060,28,5932032,0.52,0.025
dbr-b4060-s28,dbr-b4060,28,5962752,0.46,0.025
dbr-b4060-s28,dbr-b4060,28,5993472,0.45,0.025
dbr-b4060-s28,dbr-b4060,28,6024192,0.49,0.025
dbr-b4060-s28,dbr-b4060,28,6054912,0.49,0.025
dbr-b4060-s28,dbr-b4060,28,6085632,0.57,0.023
dbr-b4060-s28,dbr-b4060,28,6116352,0.52,0.023
dbr-b4060-s28,dbr-b4060,28,6147072,0.53,0.023
dbr-b4060-s28,dbr-b4060,28,6177792,0.52,0.023
dbr-b4060-s28,dbr-b4060,28,6208512,0.51,0.023
dbr-b4060-s28,dbr-b4060,28,6239232,0.51,0.023
dbr-b4060-s28,dbr-b4060,28,6269952,0.51,0.023
dbr-b4060-s28,dbr-b4060,28,6300672,0.54,0.023
dbr-b4060-s28,dbr-b4060,28,6331392,0.53,0.034
dbr-b4060-s28,dbr-b4060,28,6362112,0.54,0.034
dbr-b4060-s28,dbr-b4060,28,6392832,0.51,0.034
dbr-b4060-s28,dbr-b4060,28,6423552,0.6,0.034
dbr-b4060-s28,dbr-b4060,28,6454272,0.56,0.045
dbr-b4060-s28,dbr-b4060,28,6484992,0.55,0.044
dbr-b4060-s28,dbr-b4060,28,6515712,0.44,0.044
dbr-b4060-s28,dbr-b4060,28,6546432,0.46,0.044
dbr-b4060-s28,dbr-b4060,28,6577152,0.48,0.044
dbr-b4060-s28,dbr-b4060,28,6607872,0.52,0.044
dbr-b4060-s28,dbr-b4060,28,6638592,0.52,0.057
dbr-b4060-s28,dbr-b4060,28,6669312,0.52,0.046
dbr-b4060-s28,dbr-b4060,28,6700032,0.47,0.046
dbr-b4060-s28,dbr-b4060,28,6730752,0.44,0.035
dbr-b4060-s28,dbr-b4060,28,6761472,0.48,0.023
dbr-b4060-s28,dbr-b4060,28,6792192,0.61,0.047
dbr-b4060-s28,dbr-b4060,28,6822912,0.47,0.045
dbr-b4060-s28,dbr-b4060,28,6853632,0.53,0.045
dbr-b4060-s28,dbr-b4060,28,6884352,0.46,0.062
dbr-b4060-s28,dbr-b4060,28,6915072,0.51,0.051
dbr-b4060-s28,dbr-b4060,28,6945792,0.55,0.051
dbr-b4060-s28,dbr-b4060,28,6976512,0.46,0.051
dbr-b4060-s28,dbr-b4060,28,7007232,0.54,0.051
dbr-b4060-s28,dbr-b4060,28,7037952,0.47,0.051
dbr-b4060-s28,dbr-b4060,28,7068672,0.53,0.051
dbr-b4060-s28,dbr-b4060,28,7099392,0.48,0.051
dbr-b4060-s28,dbr-b4060,28,7130112,0.54,0.051
dbr-b4060-s28,dbr-b4060,28,7160832,0.54,0.051
dbr-b4060-s28,dbr-b4060,28,7191552,0.44,0.062
dbr-b4060-s28,dbr-b4060,28,7222272,0.55,0.062
dbr-b4060-s28,dbr-b4060,28,7252992,0.42,0.051
dbr-b4060-s28,dbr-b4060,28,7283712,0.5,0.051
dbr-b4060-s28,dbr-b4060,28,7314432,0.52,0.051
dbr-b4060-s28,dbr-b4060,28,7345152,0.55,0.062
dbr-b4060-s28,dbr-b4060,28,7375872,0.5,0.062
dbr-b4060-s28,dbr-b4060,28,7406592,0.43,0.062
dbr-b4060-s28,dbr-b4060,28,7437312,0.47,0.062
dbr-b4060-s28,dbr-b4060,28,7468032,0.44,0.062
dbr-b4060-s28,dbr-b4060,28,7498752,0.48,0.062
dbr-b4060-s28,dbr-b4060,28,7529472,0.45,0.062
dbr-b4060-s28,dbr-b4060,28,7560192,0.51,0.062
dbr-b4060-s28,dbr-b4060,28,7590912,0.52,0.062
dbr-b4060-s28,dbr-b4060,28,7621632,0.51,0.062
dbr-b4060-s28,dbr-b4060,28,7652352,0.47,0.062
dbr-b4060-s28,dbr-b4060,28,7683072,0.5,0.062
dbr-b4060-s28,dbr-b4060,28,7713792,0.53,0.075
dbr-b4060-s28,dbr-b4060,28,7744512,0.44,0.077
dbr-b4060-s28,dbr-b4060,28,7775232,0.42,0.077
dbr-b4060-s28,dbr-b4060,28,7805952,0.56,0.054
dbr-b4060-s28,dbr-b4060,28,7836672,0.51,0.054
dbr-b4060-s28,dbr-b4060,28,7867392,0.66,0.054
dbr-b4060-s28,dbr-b4060,28,7898112,0.57,0.07
dbr-b4060-s28,dbr-b4060,28,7928832,0.62,0.058
dbr-b4060-s28,dbr-b4060,28,7959552,0.57,0.07
dbr-b4060-s28,dbr-b4060,28,7990272,0.51,0.07
dbr-b4060-s28,dbr-b4060,28,8020992,0.52,0.058
dbr-b4060-s28,dbr-b4060,28,8051712,0.54,0.058
dbr-b4060-s28,dbr-b4060,28,8082432,0.52,0.072
dbr-b4060-s28,dbr-b4060,28,8113152,0.47,0.058
dbr-b4060-s28,dbr-b4060,28,8143872,0.45,0.071
dbr-b4060-s28,dbr-b4060,28,8174592,0.43,0.084
dbr-b4060-s28,dbr-b4060,28,8205312,0.4,0.084
dbr-b4060-s28,dbr-b4060,28,8236032,0.49,0.073
dbr-b4060-s28,dbr-b4060,28,8266752,0.43,0.059
dbr-b4060-s28,dbr-b4060,28,8297472,0.51,0.059
dbr-b4060-s28,dbr-b4060,28,8328192,0.48,0.059
dbr-b4060-s28,dbr-b4060,28,8358912,0.49,0.073
dbr-b4060-s28,dbr-b4060,28,8389632,0.43,0.072
dbr-b4060-s28,dbr-b4060,28,8420352,0.5,0.061
dbr-b4060-s28,dbr-b4060,28,8451072,0.41,0.061
dbr-b4060-s28,dbr-b4060,28,8481792,0.51,0.074
dbr-b4060-s28,dbr-b4060,28,8512512,0.55,0.074
dbr-b4060-s28,dbr-b4060,28,8543232,0.54,0.074
dbr-b4060-s28,dbr-b4060,28,8573952,0.5,0.074
dbr-b4060-s28,dbr-b4060,28,8604672,0.41,0.074
dbr-b4060-s28,dbr-b4060,28,8635392,0.44,0.074
dbr-b4060-s28,dbr-b4060,28,8666112,0.55,0.085
dbr-b4060-s28,dbr-b4060,28,8696832,0.43,0.085
dbr-b4060-s28,dbr-b4060,28,8727552,0.46,0.074
dbr-b4060-s28,dbr-b4060,28,8758272,0.49,0.074
dbr-b4060-s28,dbr-b4060,28,8788992,0.51,0.074
dbr-b4060-s28,dbr-b4060,28,8819712,0.54,0.074
dbr-b4060-s28,dbr-b4060,28,8850432,0.52,0.085
dbr-b4060-s28,dbr-b4060,28,8881152,0.61,0.069
dbr-b4060-s28,dbr-b4060,28,8911872,0.54,0.08
dbr-b4060-s28,dbr-b4060,28,8942592,0.51,0.08
dbr-b4060-s28,dbr-b4060,28,8973312,0.45,0.08
dbr-b4060-s28,dbr-b4060,28,9004032,0.47,0.08
dbr-b4060-s28,dbr-b4060,28,9034752,0.43,0.08
dbr-b4060-s28,dbr-b4060,28,9065472,0.57,0.091
dbr-b4060-s28,dbr-b4060,28,9096192,0.39,0.091
dbr-b4060-s28,dbr-b4060,28,9126912,0.55,0.069
dbr-b4060-s28,dbr-b4060,28,9157632,0.42,0.08
dbr-b4060-s28,dbr-b4060,28,9188352,0.53,0.08
dbr-b4060-s28,dbr-b4060,28,9219072,0.41,0.08
dbr-b4060-s28,dbr-b4060,28,9249792,0.49,0.08
dbr-b4060-s28,dbr-b4060,28,9280512,0.56,0.08
dbr-b4060-s28,dbr-b4060,28,9311232,0.48,0.097
dbr-b4060-s28,dbr-b4060,28,9341952,0.48,0.097
dbr-b4060-s28,dbr-b4060,28,9372672,0.47,0.086
dbr-b4060-s28,dbr-b4060,28,9403392,0.5,0.1
dbr-b4060-s28,dbr-b4060,28,9434112,0.46,0.1
dbr-b4060-s28,dbr-b4060,28,9464832,0.5,0.1
dbr-b4060-s28,dbr-b4060,28,9495552,0.56,0.088
dbr-b4060-s28,dbr-b4060,28,9526272,0.47,0.088
dbr-b4060-s28,dbr-b4060,28,9556992,0.52,0.088
dbr-b4060-s28,dbr-b4060,28,9587712,0.49,0.077
dbr-b4060-s28,dbr-b4060,28,9618432,0.55,0.077
dbr-b4060-s28,dbr-b4060,28,9649152,0.54,0.077
dbr-b4060-s28,dbr-b4060,28,9679872,0.55,0.077
dbr-b4060-s28,dbr-b4060,28,9710592,0.45,0.091
dbr-b4060-s28,dbr-b4060,28,9741312,0.51,0.102
dbr-b4060-s28,dbr-b4060,28,9772032,0.48,0.102
dbr-b4060-s28,dbr-b4060,28,9802752,0.49,0.102
dbr-b4060-s28,dbr-b4060,28,9833472,0.51,0.102
dbr-b4060-s28,dbr-b4060,28,9864192,0.37,0.102
dbr-b4060-s28,dbr-b4060,28,9894912,0.59,0.089
dbr-b4060-s28,dbr-b4060,28,9925632,0.42,0.089
dbr-b4060-s28,dbr-b4060,28,9956352,0.61,0.089
dbr-b4060-s28,dbr-b4060,28,9987072,0.54,0.088
dbr-b4060-s28,dbr-b4060,28,10017792,0.54,0.103
dbr-b4060-s28,dbr-b4060,28,10048512,0.48,0.103
dbr-b4060-s28,dbr-b4060,28,10079232,0.47,0.103
dbr-b4060-s28,dbr-b4060,28,10109952,0.61,0.103
dbr-b4060-s28,dbr-b4060,28,10140672,0.49,0.114
dbr-b4060-s28,dbr-b4060,28,10171392,0.47,0.114
dbr-b4060-s28,dbr-b4060,28,10202112,0.54,0.114
dbr-b4060-s28,dbr-b4060,28,10232832,0.49,0.114
dbr-b4060-s28,dbr-b4060,28,10263552,0.53,0.096
dbr-b4060-s28,dbr-b4060,28,10294272,0.49,0.096
dbr-b4060-s28,dbr-b4060,28,10324992,0.47,0.096
dbr-b4060-s28,dbr-b4060,28,10355712,0.56,0.096
dbr-b4060-s28,dbr-b4060,28,10386432,0.59,0.096
dbr-b4060-s28,dbr-b4060,28,10417152,0.56,0.096
dbr-b4060-s28,dbr-b4060,28,10447872,0.58,0.096
dbr-b4060-s28,dbr-b4060,28,10478592,0.46,0.096
dbr-b4060-s28,dbr-b4060,28,10509312,0.46,0.096
dbr-b4060-s28,dbr-b4060,28,10540032,0.48,0.096
dbr-b4060-s28,dbr-b4060,28,10570752,0.48,0.107
dbr-b4060-s28,dbr-b4060,28,10601472,0.5,0.107
dbr-b4060-s28,dbr-b4060,28,10632192,0.5,0.107
dbr-b4060-s28,dbr-b4060,28,10662912,0.45,0.107
dbr-b4060-s28,dbr-b4060,28,10693632,0.48,0.096
dbr-b4060-s28,dbr-b4060,28,10724352,0.56,0.107
dbr-b4060-s28,dbr-b4060,28,10755072,0.64,0.107
dbr-b4060-s28,dbr-b4060,28,10785792,0.47,0.109
dbr-b4060-s28,dbr-b4060,28,10816512,0.56,0.125
dbr-b4060-s28,dbr-b4060,28,10847232,0.53,0.125
dbr-b4060-s28,dbr-b4060,28,10877952,0.51,0.125
dbr-b4060-s28,dbr-b4060,28,10908672,0.57,0.125
dbr-b4060-s28,dbr-b4060,28,10939392,0.5,0.137
dbr-b4060-s28,dbr-b4060,28,10970112,0.46,0.137
dbr-b4060-s28,dbr-b4060,28,11000832,0.39,0.137
dbr-b4060-s28,dbr-b4060,28,11031552,0.56,0.126
dbr-b4060-s28,dbr-b4060,28,11062272,0.47,0.126
dbr-b4060-s28,dbr-b4060,28,11092992,0.53,0.111
dbr-b4060-s28,dbr-b4060,28,11123712,0.55,0.123
dbr-b4060-s28,dbr-b4060,28,11154432,0.46,0.123
dbr-b4060-s28,dbr-b4060,28,11185152,0.46,0.123
dbr-b4060-s28,dbr-b4060,28,11215872,0.53,0.123
dbr-b4060-s28,dbr-b4060,28,11246592,0.41,0.123
dbr-b4060-s28,dbr-b4060,28,11277312,0.47,0.123
dbr-b4060-s28,dbr-b4060,28,11308032,0.53,0.111
dbr-b4060-s28,dbr-b4060,28,11338752,0.5,0.133
dbr-b4060-s28,dbr-b4060,28,11369472,0.45,0.133
dbr-b4060-s28,dbr-b4060,28,11400192,0.5,0.119
dbr-b4060-s28,dbr-b4060,28,11430912,0.43,0.119
dbr-b4060-s28,dbr-b4060,28,11461632,0.51,0.119
dbr-b4060-s28,dbr-b4060,28,11492352,0.55,0.098
dbr-b4060-s28,dbr-b4060,28,11523072,0.6,0.098
dbr-b4060-s28,dbr-b4060,28,11553792,0.56,0.098
dbr-b4060-s28,dbr-b4060,28,11584512,0.58,0.098
dbr-b4060-s28,dbr-b4060,28,11615232,0.49,0.109
dbr-b4060-s28,dbr-b4060,28,11645952,0.5,0.109
dbr-b4060-s28,dbr-b4060,28,11676672,0.55,0.109
dbr-b4060-s28,dbr-b4060,28,11707392,0.55,0.109
dbr-b4060-s28,dbr-b4060,28,11738112,0.53,0.109
dbr-b4060-s28,dbr-b4060,28,11768832,0.55,0.109
dbr-b4060-s28,dbr-b4060,28,11799552,0.53,0.109
dbr-b4060-s28,dbr-b4060,28,11830272,0.49,0.109
dbr-b4060-s28,dbr-b4060,28,11860992,0.46,0.122
dbr-b4060-s28,dbr-b4060,28,11891712,0.59,0.122
dbr-b4060-s28,dbr-b4060,28,11922432,0.49,0.14
dbr-b4060-s28,dbr-b4060,28,11953152,0.48,0.14
dbr-b4060-s28,dbr-b4060,28,11983872,0.53,0.129
dbr-b4060-s28,dbr-b4060,28,12014592,0.49,0.126
dbr-b4060-s28,dbr-b4060,28,12045312,0.5,0.126
dbr-b4060-s28,dbr-b4060,28,12076032,0.45,0.137
dbr-b4060-s28,dbr-b4060,28,12106752,0.38,0.137
dbr-b4060-s28,dbr-b4060,28,12137472,0.5,0.137
dbr-b4060-s28,dbr-b4060,28,12168192,0.53,0.133
dbr-b4060-s28,dbr-b4060,28,12198912,0.57,0.133
dbr-b4060-s28,dbr-b4060,28,12229632,0.42,0.133
dbr-b4060-s28,dbr-b4060,28,12260352,0.49,0.133
dbr-b4060-s28,dbr-b4060,28,12291072,0.49,0.146
dbr-b4060-s28,dbr-b4060,28,12321792,0.51,0.134
dbr-b4060-s28,dbr-b4060,28,12352512,0.51,0.123
dbr-b4060-s28,dbr-b4060,28,12383232,0.53,0.135
dbr-b4060-s28,dbr-b4060,28,12413952,0.52,0.135
dbr-b4060-s28,dbr-b4060,28,12444672,0.5,0.135
dbr-b4060-s28,dbr-b4060,28,12475392,0.41,0.148
dbr-b4060-s28,dbr-b4060,28,12506112,0.47,0.148
dbr-b4060-s28,dbr-b4060,28,12536832,0.5,0.148
dbr-b4060-s28,dbr-b4060,28,12567552,0.49,0.133
dbr-b4060-s28,dbr-b4060,28,12598272,0.56,0.133
dbr-b4060-s28,dbr-b4060,28,12628992,0.44,0.133
dbr-b4060-s28,dbr-b4060,28,12659712,0.56,0.133
dbr-b4060-s28,dbr-b4060,28,12690432,0.45,0.133
dbr-b4060-s28,dbr-b4060,28,12721152,0.57,0.133
dbr-b4060-s28,dbr-b4060,28,12751872,0.51,0.133
dbr-b4060-s28,dbr-b4060,28,12782592,0.45,0.133
dbr-b4060-s28,dbr-b4060,28,12813312,0.52,0.122
dbr-b4060-s28,dbr-b4060,28,12844032,0.47,0.122
dbr-b4060-s28,dbr-b4060,28,12874752,0.57,0.122
dbr-b4060-s28,dbr-b4060,28,12905472,0.45,0.108
dbr-b4060-s28,dbr-b4060,28,12936192,0.51,0.119
dbr-b4060-s28,dbr-b4060,28,12966912,0.56,0.119
dbr-b4060-s28,dbr-b4060,28,12997632,0.51,0.13
dbr-b4060-s28,dbr-b4060,28,13028352,0.5,0.141
dbr-b4060-s28,dbr-b4060,28,13059072,0.39,0.141
dbr-b4060-s28,dbr-b4060,28,13089792,0.56,0.13
dbr-b4060-s28,dbr-b4060,28,13120512,0.66,0.13
dbr-b4060-s28,dbr-b4060,28,13151232,0.46,0.141
dbr-b4060-s28,dbr-b4060,28,13181952,0.43,0.128
dbr-b4060-s28,dbr-b4060,28,13212672,0.5,0.141
dbr-b4060-s28,dbr-b4060,28,13243392,0.52,0.127
dbr-b4060-s28,dbr-b4060,28,13274112,0.52,0.139
dbr-b4060-s28,dbr-b4060,28,13304832,0.49,0.139
dbr-b4060-s28,dbr-b4060,28,13335552,0.39,0.139
dbr-b4060-s28,dbr-b4060,28,13366272,0.52,0.128
dbr-b4060-s28,dbr-b4060,28,13396992,0.53,0.128
dbr-b4060-s28,dbr-b4060,28,13427712,0.38,0.128
dbr-b4060-s28,dbr-b4060,28,13458432,0.51,0.127
dbr-b4060-s28,dbr-b4060,28,13489152,0.44,0.127
dbr-b4060-s28,dbr-b4060,28,13519872,0.58,0.127
dbr-b4060-s28,dbr-b4060,28,13550592,0.57,0.127
dbr-b4060-s28,dbr-b4060,28,13581312,0.4,0.127
dbr-b4060-s28,dbr-b4060,28,13612032,0.66,0.138
dbr-b4060-s28,dbr-b4060,28,13642752,0.53,0.154
dbr-b4060-s28,dbr-b4060,28,13673472,0.52,0.154
dbr-b4060-s28,dbr-b4060,28,13704192,0.55,0.154
dbr-b4060-s28,dbr-b4060,28,13734912,0.54,0.154
dbr-b4060-s28,dbr-b4060,28,13765632,0.45,0.141
dbr-b4060-s28,dbr-b4060,28,13796352,0.52,0.141
dbr-b4060-s28,dbr-b4060,28,13827072,0.56,0.139
dbr-b4060-s28,dbr-b4060,28,13857792,0.55,0.126
dbr-b4060-s28,dbr-b4060,28,13888512,0.46,0.137
dbr-b4060-s28,dbr-b4060,28,13919232,0.58,0.137
dbr-b4060-s28,dbr-b4060,28,13949952,0.37,0.153
dbr-b4060-s28,dbr-b4060,28,13980672,0.58,0.14
dbr-b4060-s28,dbr-b4060,28,14011392,0.53,0.145
dbr-b4060-s28,dbr-b4060,28,14042112,0.6,0.134
dbr-b4060-s28,dbr-b4060,28,14072832,0.48,0.148
dbr-b4060-s28,dbr-b4060,28,14103552,0.49,0.148
dbr-b4060-s28,dbr-b4060,28,14134272,0.61,0.159
dbr-b4060-s28,dbr-b4060,28,14164992,0.51,0.17
dbr-b4060-s28,dbr-b4060,28,14195712,0.5,0.17
dbr-b4060-s28,dbr-b4060,28,14226432,0.57,0.159
dbr-b4060-s28,dbr-b4060,28,14257152,0.44,0.159
dbr-b4060-s28,dbr-b4060,28,14287872,0.49,0.159
dbr-b4060-s28,dbr-b4060,28,14318592,0.56,0.159
dbr-b4060-s28,dbr-b4060,28,14349312,0.53,0.159
dbr-b4060-s28,dbr-b4060,28,14380032,0.55,0.159
dbr-b4060-s28,dbr-b4060,28,14410752,0.49,0.159
dbr-b4060-s28,dbr-b4060,28,14441472,0.46,0.159
dbr-b4060-s28,dbr-b4060,28,14472192,0.51,0.159
dbr-b4060-s28,dbr-b4060,28,14502912,0.52,0.159
dbr-b4060-s28,dbr-b4060,28,14533632,0.53,0.159
dbr-b4060-s28,dbr-b4060,28,14564352,0.49,0.171
dbr-b4060-s28,dbr-b4060,28,14595072,0.43,0.177
dbr-b4060-s28,dbr-b4060,28,14625792,0.45,0.177
dbr-b4060-s28,dbr-b4060,28,14656512,0.51,0.166
dbr-b4060-s28,dbr-b4060,28,14687232,0.61,0.166
dbr-b4060-s28,dbr-b4060,28,14717952,0.53,0.177
dbr-b4060-s28,dbr-b4060,28,14748672,0.46,0.164
dbr-b4060-s28,dbr-b4060,28,14779392,0.43,0.188
dbr-b4060-s28,dbr-b4060,28,14810112,0.42,0.172
dbr-b4060-s28,dbr-b4060,28,14840832,0.49,0.172
dbr-b4060-s28,dbr-b4060,28,14871552,0.44,0.172
dbr-b4060-s28,dbr-b4060,28,14902272,0.56,0.172
dbr-b4060-s28,dbr-b4060,28,14932992,0.48,0.172
dbr-b4060-s28,dbr-b4060,28,14963712,0.41,0.172
dbr-b4060-s28,dbr-b4060,28,14994432,0.42,0.184
dbr-b4060-s28,dbr-b4060,28,14997504,0.44,0.184
dbr-b4060-s29,dbr-b4060,29,4918272,0.68,-1.0
dbr-b4060-s29,dbr-b4060,29,4948992,0.61,-0.855
dbr-b4060-s29,dbr-b4060,29,4979712,0.64,-0.753
dbr-b4060-s29,dbr-b4060,29,5010432,0.52,-0.683
dbr-b4060-s29,dbr-b4060,29,5041152,0.57,-0.628
dbr-b4060-s29,dbr-b4060,29,5071872,0.54,-0.594
dbr-b4060-s29,dbr-b4060,29,5102592,0.61,-0.562
dbr-b4060-s29,dbr-b4060,29,5133312,0.66,-0.536
dbr-b4060-s29,dbr-b4060,29,5164032,0.47,-0.482
dbr-b4060-s29,dbr-b4060,29,5194752,0.55,-0.463
dbr-b4060-s29,dbr-b4060,29,5225472,0.51,-0.414
dbr-b4060-s29,dbr-b4060,29,5256192,0.57,-0.414
dbr-b4060-s29,dbr-b4060,29,5286912,0.55,-0.386
dbr-b4060-s29,dbr-b4060,29,5317632,0.54,-0.362
dbr-b4060-s29,dbr-b4060,29,5348352,0.58,-0.333
dbr-b4060-s29,dbr-b4060,29,5379072,0.54,-0.316
dbr-b4060-s29,dbr-b4060,29,5409792,0.53,-0.304
dbr-b4060-s29,dbr-b4060,29,5440512,0.51,-0.291
dbr-b4060-s29,dbr-b4060,29,5471232,0.57,-0.291
dbr-b4060-s29,dbr-b4060,29,5501952,0.54,-0.263
dbr-b4060-s29,dbr-b4060,29,5532672,0.58,-0.238
dbr-b4060-s29,dbr-b4060,29,5563392,0.67,-0.224
dbr-b4060-s29,dbr-b4060,29,5594112,0.55,-0.182
dbr-b4060-s29,dbr-b4060,29,5624832,0.54,-0.182
dbr-b4060-s29,dbr-b4060,29,5655552,0.6,-0.157
dbr-b4060-s29,dbr-b4060,29,5686272,0.52,-0.106
dbr-b4060-s29,dbr-b4060,29,5716992,0.49,-0.083
dbr-b4060-s29,dbr-b4060,29,5747712,0.6,-0.032
dbr-b4060-s29,dbr-b4060,29,5778432,0.57,0.007
dbr-b4060-s29,dbr-b4060,29,5809152,0.49,0.007
dbr-b4060-s29,dbr-b4060,29,5839872,0.48,0.019
dbr-b4060-s29,dbr-b4060,29,5870592,0.53,0.019
dbr-b4060-s29,dbr-b4060,29,5901312,0.42,0.019
dbr-b4060-s29,dbr-b4060,29,5932032,0.58,0.007
dbr-b4060-s29,dbr-b4060,29,5962752,0.54,0.007
dbr-b4060-s29,dbr-b4060,29,5993472,0.55,0.007
dbr-b4060-s29,dbr-b4060,29,6024192,0.47,0.029
dbr-b4060-s29,dbr-b4060,29,6054912,0.57,0.029
dbr-b4060-s29,dbr-b4060,29,6085632,0.6,0.029
dbr-b4060-s29,dbr-b4060,29,6116352,0.45,0.029
dbr-b4060-s29,dbr-b4060,29,6147072,0.5,0.029
dbr-b4060-s29,dbr-b4060,29,6177792,0.49,0.029
dbr-b4060-s29,dbr-b4060,29,6208512,0.57,0.029
dbr-b4060-s29,dbr-b4060,29,6239232,0.48,0.03
dbr-b4060-s29,dbr-b4060,29,6269952,0.48,0.03
dbr-b4060-s29,dbr-b4060,29,6300672,0.37,0.03
dbr-b4060-s29,dbr-b4060,29,6331392,0.49,0.029
dbr-b4060-s29,dbr-b4060,29,6362112,0.48,0.052
dbr-b4060-s29,dbr-b4060,29,6392832,0.5,0.052
dbr-b4060-s29,dbr-b4060,29,6423552,0.44,0.052
dbr-b4060-s29,dbr-b4060,29,6454272,0.48,0.041
dbr-b4060-s29,dbr-b4060,29,6484992,0.51,0.028
dbr-b4060-s29,dbr-b4060,29,6515712,0.48,0.028
dbr-b4060-s29,dbr-b4060,29,6546432,0.64,0.028
dbr-b4060-s29,dbr-b4060,29,6577152,0.48,0.042
dbr-b4060-s29,dbr-b4060,29,6607872,0.46,0.042
dbr-b4060-s29,dbr-b4060,29,6638592,0.57,0.042
dbr-b4060-s29,dbr-b4060,29,6669312,0.5,0.042
dbr-b4060-s29,dbr-b4060,29,6700032,0.39,0.042
dbr-b4060-s29,dbr-b4060,29,6730752,0.53,0.031
dbr-b4060-s29,dbr-b4060,29,6761472,0.46,0.042
dbr-b4060-s29,dbr-b4060,29,6792192,0.52,0.042
dbr-b4060-s29,dbr-b4060,29,6822912,0.44,0.042
dbr-b4060-s29,dbr-b4060,29,6853632,0.54,0.042
dbr-b4060-s29,dbr-b4060,29,6884352,0.52,0.042
dbr-b4060-s29,dbr-b4060,29,6915072,0.57,0.042
dbr-b4060-s29,dbr-b4060,29,6945792,0.6,0.042
dbr-b4060-s29,dbr-b4060,29,6976512,0.45,0.042
dbr-b4060-s29,dbr-b4060,29,7007232,0.5,0.042
dbr-b4060-s29,dbr-b4060,29,7037952,0.56,0.042
dbr-b4060-s29,dbr-b4060,29,7068672,0.48,0.042
dbr-b4060-s29,dbr-b4060,29,7099392,0.49,0.042
dbr-b4060-s29,dbr-b4060,29,7130112,0.54,0.053
dbr-b4060-s29,dbr-b4060,29,7160832,0.45,0.066
dbr-b4060-s29,dbr-b4060,29,7191552,0.4,0.055
dbr-b4060-s29,dbr-b4060,29,7222272,0.52,0.043
dbr-b4060-s29,dbr-b4060,29,7252992,0.46,0.054
dbr-b4060-s29,dbr-b4060,29,7283712,0.42,0.054
dbr-b4060-s29,dbr-b4060,29,7314432,0.54,0.032
dbr-b4060-s29,dbr-b4060,29,7345152,0.5,0.043
dbr-b4060-s29,dbr-b4060,29,7375872,0.55,0.041
dbr-b4060-s29,dbr-b4060,29,7406592,0.53,0.053
dbr-b4060-s29,dbr-b4060,29,7437312,0.52,0.064
dbr-b4060-s29,dbr-b4060,29,7468032,0.5,0.064
dbr-b4060-s29,dbr-b4060,29,7498752,0.53,0.051
dbr-b4060-s29,dbr-b4060,29,7529472,0.54,0.051
dbr-b4060-s29,dbr-b4060,29,7560192,0.45,0.051
dbr-b4060-s29,dbr-b4060,29,7590912,0.45,0.051
dbr-b4060-s29,dbr-b4060,29,7621632,0.53,0.051
dbr-b4060-s29,dbr-b4060,29,7652352,0.53,0.051
dbr-b4060-s29,dbr-b4060,29,7683072,0.42,0.051
dbr-b4060-s29,dbr-b4060,29,7713792,0.53,0.051
dbr-b4060-s29,dbr-b4060,29,7744512,0.46,0.051
dbr-b4060-s29,dbr-b4060,29,7775232,0.5,0.051
dbr-b4060-s29,dbr-b4060,29,7805952,0.44,0.051
dbr-b4060-s29,dbr-b4060,29,7836672,0.53,0.051
dbr-b4060-s29,dbr-b4060,29,7867392,0.55,0.04
dbr-b4060-s29,dbr-b4060,29,7898112,0.52,0.04
dbr-b4060-s29,dbr-b4060,29,7928832,0.53,0.04
dbr-b4060-s29,dbr-b4060,29,7959552,0.6,0.04
dbr-b4060-s29,dbr-b4060,29,7990272,0.55,0.053
dbr-b4060-s29,dbr-b4060,29,8020992,0.63,0.053
dbr-b4060-s29,dbr-b4060,29,8051712,0.45,0.066
dbr-b4060-s29,dbr-b4060,29,8082432,0.34,0.079
dbr-b4060-s29,dbr-b4060,29,8113152,0.37,0.063
dbr-b4060-s29,dbr-b4060,29,8143872,0.51,0.064
dbr-b4060-s29,dbr-b4060,29,8174592,0.51,0.064
dbr-b4060-s29,dbr-b4060,29,8205312,0.51,0.064
dbr-b4060-s29,dbr-b4060,29,8236032,0.57,0.051
dbr-b4060-s29,dbr-b4060,29,8266752,0.48,0.051
dbr-b4060-s29,dbr-b4060,29,8297472,0.53,0.051
dbr-b4060-s29,dbr-b4060,29,8328192,0.61,0.062
dbr-b4060-s29,dbr-b4060,29,8358912,0.51,0.073
dbr-b4060-s29,dbr-b4060,29,8389632,0.6,0.062
dbr-b4060-s29,dbr-b4060,29,8420352,0.46,0.062
dbr-b4060-s29,dbr-b4060,29,8451072,0.44,0.075
dbr-b4060-s29,dbr-b4060,29,8481792,0.49,0.075
dbr-b4060-s29,dbr-b4060,29,8512512,0.51,0.075
dbr-b4060-s29,dbr-b4060,29,8543232,0.49,0.075
dbr-b4060-s29,dbr-b4060,29,8573952,0.44,0.075
dbr-b4060-s29,dbr-b4060,29,8604672,0.59,0.075
dbr-b4060-s29,dbr-b4060,29,8635392,0.44,0.075
dbr-b4060-s29,dbr-b4060,29,8666112,0.54,0.073
dbr-b4060-s29,dbr-b4060,29,8696832,0.51,0.073
dbr-b4060-s29,dbr-b4060,29,8727552,0.5,0.062
dbr-b4060-s29,dbr-b4060,29,8758272,0.51,0.062
dbr-b4060-s29,dbr-b4060,29,8788992,0.45,0.08
dbr-b4060-s29,dbr-b4060,29,8819712,0.52,0.067
dbr-b4060-s29,dbr-b4060,29,8850432,0.57,0.067
dbr-b4060-s29,dbr-b4060,29,8881152,0.41,0.067
dbr-b4060-s29,dbr-b4060,29,8911872,0.5,0.078
dbr-b4060-s29,dbr-b4060,29,8942592,0.55,0.079
dbr-b4060-s29,dbr-b4060,29,8973312,0.5,0.079
dbr-b4060-s29,dbr-b4060,29,9004032,0.45,0.092
dbr-b4060-s29,dbr-b4060,29,9034752,0.52,0.092
dbr-b4060-s29,dbr-b4060,29,9065472,0.46,0.087
dbr-b4060-s29,dbr-b4060,29,9096192,0.49,0.087
dbr-b4060-s29,dbr-b4060,29,9126912,0.45,0.087
dbr-b4060-s29,dbr-b4060,29,9157632,0.58,0.075
dbr-b4060-s29,dbr-b4060,29,9188352,0.51,0.075
dbr-b4060-s29,dbr-b4060,29,9219072,0.46,0.075
dbr-b4060-s29,dbr-b4060,29,9249792,0.49,0.075
dbr-b4060-s29,dbr-b4060,29,9280512,0.57,0.075
dbr-b4060-s29,dbr-b4060,29,9311232,0.44,0.086
dbr-b4060-s29,dbr-b4060,29,9341952,0.47,0.086
dbr-b4060-s29,dbr-b4060,29,9372672,0.52,0.086
dbr-b4060-s29,dbr-b4060,29,9403392,0.5,0.073
dbr-b4060-s29,dbr-b4060,29,9434112,0.53,0.073
dbr-b4060-s29,dbr-b4060,29,9464832,0.54,0.073
dbr-b4060-s29,dbr-b4060,29,9495552,0.49,0.073
dbr-b4060-s29,dbr-b4060,29,9526272,0.5,0.073
dbr-b4060-s29,dbr-b4060,29,9556992,0.48,0.085
dbr-b4060-s29,dbr-b4060,29,9587712,0.51,0.085
dbr-b4060-s29,dbr-b4060,29,9618432,0.46,0.074
dbr-b4060-s29,dbr-b4060,29,9649152,0.55,0.063
dbr-b4060-s29,dbr-b4060,29,9679872,0.59,0.074
dbr-b4060-s29,dbr-b4060,29,9710592,0.48,0.086
dbr-b4060-s29,dbr-b4060,29,9741312,0.48,0.086
dbr-b4060-s29,dbr-b4060,29,9772032,0.5,0.086
dbr-b4060-s29,dbr-b4060,29,9802752,0.44,0.098
dbr-b4060-s29,dbr-b4060,29,9833472,0.47,0.109
dbr-b4060-s29,dbr-b4060,29,9864192,0.45,0.109
dbr-b4060-s29,dbr-b4060,29,9894912,0.5,0.109
dbr-b4060-s29,dbr-b4060,29,9925632,0.41,0.109
dbr-b4060-s29,dbr-b4060,29,9956352,0.5,0.109
dbr-b4060-s29,dbr-b4060,29,9987072,0.49,0.083
dbr-b4060-s29,dbr-b4060,29,10017792,0.41,0.083
dbr-b4060-s29,dbr-b4060,29,10048512,0.52,0.083
dbr-b4060-s29,dbr-b4060,29,10079232,0.56,0.083
dbr-b4060-s29,dbr-b4060,29,10109952,0.49,0.083
dbr-b4060-s29,dbr-b4060,29,10140672,0.59,0.083
dbr-b4060-s29,dbr-b4060,29,10171392,0.52,0.083
dbr-b4060-s29,dbr-b4060,29,10202112,0.55,0.083
dbr-b4060-s29,dbr-b4060,29,10232832,0.53,0.07
dbr-b4060-s29,dbr-b4060,29,10263552,0.53,0.07
dbr-b4060-s29,dbr-b4060,29,10294272,0.46,0.081
dbr-b4060-s29,dbr-b4060,29,10324992,0.45,0.094
dbr-b4060-s29,dbr-b4060,29,10355712,0.45,0.094
dbr-b4060-s29,dbr-b4060,29,10386432,0.55,0.094
dbr-b4060-s29,dbr-b4060,29,10417152,0.47,0.083
dbr-b4060-s29,dbr-b4060,29,10447872,0.44,0.094
dbr-b4060-s29,dbr-b4060,29,10478592,0.57,0.08
dbr-b4060-s29,dbr-b4060,29,10509312,0.5,0.092
dbr-b4060-s29,dbr-b4060,29,10540032,0.56,0.092
dbr-b4060-s29,dbr-b4060,29,10570752,0.51,0.092
dbr-b4060-s29,dbr-b4060,29,10601472,0.51,0.092
dbr-b4060-s29,dbr-b4060,29,10632192,0.61,0.092
dbr-b4060-s29,dbr-b4060,29,10662912,0.48,0.103
dbr-b4060-s29,dbr-b4060,29,10693632,0.41,0.103
dbr-b4060-s29,dbr-b4060,29,10724352,0.48,0.103
dbr-b4060-s29,dbr-b4060,29,10755072,0.45,0.103
dbr-b4060-s29,dbr-b4060,29,10785792,0.55,0.091
dbr-b4060-s29,dbr-b4060,29,10816512,0.54,0.091
dbr-b4060-s29,dbr-b4060,29,10847232,0.49,0.104
dbr-b4060-s29,dbr-b4060,29,10877952,0.53,0.104
dbr-b4060-s29,dbr-b4060,29,10908672,0.45,0.104
dbr-b4060-s29,dbr-b4060,29,10939392,0.46,0.104
dbr-b4060-s29,dbr-b4060,29,10970112,0.5,0.104
dbr-b4060-s29,dbr-b4060,29,11000832,0.48,0.104
dbr-b4060-s29,dbr-b4060,29,11031552,0.51,0.104
dbr-b4060-s29,dbr-b4060,29,11062272,0.5,0.092
dbr-b4060-s29,dbr-b4060,29,11092992,0.49,0.092
dbr-b4060-s29,dbr-b4060,29,11123712,0.45,0.105
dbr-b4060-s29,dbr-b4060,29,11154432,0.51,0.094
dbr-b4060-s29,dbr-b4060,29,11185152,0.49,0.094
dbr-b4060-s29,dbr-b4060,29,11215872,0.49,0.094
dbr-b4060-s29,dbr-b4060,29,11246592,0.46,0.094
dbr-b4060-s29,dbr-b4060,29,11277312,0.51,0.094
dbr-b4060-s29,dbr-b4060,29,11308032,0.55,0.094
dbr-b4060-s29,dbr-b4060,29,11338752,0.49,0.094
dbr-b4060-s29,dbr-b4060,29,11369472,0.46,0.094
dbr-b4060-s29,dbr-b4060,29,11400192,0.56,0.106
dbr-b4060-s29,dbr-b4060,29,11430912,0.47,0.106
dbr-b4060-s29,dbr-b4060,29,11461632,0.51,0.106
dbr-b4060-s29,dbr-b4060,29,11492352,0.49,0.106
dbr-b4060-s29,dbr-b4060,29,11523072,0.48,0.106
dbr-b4060-s29,dbr-b4060,29,11553792,0.53,0.106
dbr-b4060-s29,dbr-b4060,29,11584512,0.49,0.122
dbr-b4060-s29,dbr-b4060,29,11615232,0.5,0.11
dbr-b4060-s29,dbr-b4060,29,11645952,0.45,0.122
dbr-b4060-s29,dbr-b4060,29,11676672,0.46,0.122
dbr-b4060-s29,dbr-b4060,29,11707392,0.39,0.133
dbr-b4060-s29,dbr-b4060,29,11738112,0.5,0.122
dbr-b4060-s29,dbr-b4060,29,11768832,0.54,0.122
dbr-b4060-s29,dbr-b4060,29,11799552,0.49,0.122
dbr-b4060-s29,dbr-b4060,29,11830272,0.51,0.108
dbr-b4060-s29,dbr-b4060,29,11860992,0.53,0.119
dbr-b4060-s29,dbr-b4060,29,11891712,0.51,0.119
dbr-b4060-s29,dbr-b4060,29,11922432,0.52,0.119
dbr-b4060-s29,dbr-b4060,29,11953152,0.51,0.119
dbr-b4060-s29,dbr-b4060,29,11983872,0.52,0.119
dbr-b4060-s29,dbr-b4060,29,12014592,0.59,0.104
dbr-b4060-s29,dbr-b4060,29,12045312,0.59,0.104
dbr-b4060-s29,dbr-b4060,29,12076032,0.49,0.104
dbr-b4060-s29,dbr-b4060,29,12106752,0.59,0.104
dbr-b4060-s29,dbr-b4060,29,12137472,0.53,0.104
dbr-b4060-s29,dbr-b4060,29,12168192,0.44,0.116
dbr-b4060-s29,dbr-b4060,29,12198912,0.56,0.116
dbr-b4060-s29,dbr-b4060,29,12229632,0.55,0.116
dbr-b4060-s29,dbr-b4060,29,12260352,0.43,0.13
dbr-b4060-s29,dbr-b4060,29,12291072,0.54,0.117
dbr-b4060-s29,dbr-b4060,29,12321792,0.5,0.128
dbr-b4060-s29,dbr-b4060,29,12352512,0.54,0.139
dbr-b4060-s29,dbr-b4060,29,12383232,0.53,0.139
dbr-b4060-s29,dbr-b4060,29,12413952,0.52,0.139
dbr-b4060-s29,dbr-b4060,29,12444672,0.47,0.139
dbr-b4060-s29,dbr-b4060,29,12475392,0.49,0.139
dbr-b4060-s29,dbr-b4060,29,12506112,0.51,0.125
dbr-b4060-s29,dbr-b4060,29,12536832,0.44,0.136
dbr-b4060-s29,dbr-b4060,29,12567552,0.45,0.136
dbr-b4060-s29,dbr-b4060,29,12598272,0.46,0.123
dbr-b4060-s29,dbr-b4060,29,12628992,0.46,0.125
dbr-b4060-s29,dbr-b4060,29,12659712,0.42,0.125
dbr-b4060-s29,dbr-b4060,29,12690432,0.54,0.125
dbr-b4060-s29,dbr-b4060,29,12721152,0.51,0.136
dbr-b4060-s29,dbr-b4060,29,12751872,0.57,0.136
dbr-b4060-s29,dbr-b4060,29,12782592,0.42,0.136
dbr-b4060-s29,dbr-b4060,29,12813312,0.49,0.136
dbr-b4060-s29,dbr-b4060,29,12844032,0.55,0.136
dbr-b4060-s29,dbr-b4060,29,12874752,0.45,0.136
dbr-b4060-s29,dbr-b4060,29,12905472,0.56,0.136
dbr-b4060-s29,dbr-b4060,29,12936192,0.48,0.136
dbr-b4060-s29,dbr-b4060,29,12966912,0.48,0.125
dbr-b4060-s29,dbr-b4060,29,12997632,0.56,0.125
dbr-b4060-s29,dbr-b4060,29,13028352,0.49,0.125
dbr-b4060-s29,dbr-b4060,29,13059072,0.54,0.113
dbr-b4060-s29,dbr-b4060,29,13089792,0.47,0.126
dbr-b4060-s29,dbr-b4060,29,13120512,0.53,0.139
dbr-b4060-s29,dbr-b4060,29,13151232,0.5,0.139
dbr-b4060-s29,dbr-b4060,29,13181952,0.47,0.139
dbr-b4060-s29,dbr-b4060,29,13212672,0.49,0.126
dbr-b4060-s29,dbr-b4060,29,13243392,0.51,0.126
dbr-b4060-s29,dbr-b4060,29,13274112,0.46,0.126
dbr-b4060-s29,dbr-b4060,29,13304832,0.56,0.141
dbr-b4060-s29,dbr-b4060,29,13335552,0.53,0.13
dbr-b4060-s29,dbr-b4060,29,13366272,0.46,0.143
dbr-b4060-s29,dbr-b4060,29,13396992,0.48,0.145
dbr-b4060-s29,dbr-b4060,29,13427712,0.5,0.145
dbr-b4060-s29,dbr-b4060,29,13458432,0.54,0.145
dbr-b4060-s29,dbr-b4060,29,13489152,0.4,0.131
dbr-b4060-s29,dbr-b4060,29,13519872,0.49,0.128
dbr-b4060-s29,dbr-b4060,29,13550592,0.58,0.128
dbr-b4060-s29,dbr-b4060,29,13581312,0.54,0.14
dbr-b4060-s29,dbr-b4060,29,13612032,0.54,0.163
dbr-b4060-s29,dbr-b4060,29,13642752,0.42,0.162
dbr-b4060-s29,dbr-b4060,29,13673472,0.5,0.162
dbr-b4060-s29,dbr-b4060,29,13704192,0.47,0.162
dbr-b4060-s29,dbr-b4060,29,13734912,0.51,0.162
dbr-b4060-s29,dbr-b4060,29,13765632,0.58,0.149
dbr-b4060-s29,dbr-b4060,29,13796352,0.51,0.149
dbr-b4060-s29,dbr-b4060,29,13827072,0.55,0.162
dbr-b4060-s29,dbr-b4060,29,13857792,0.46,0.162
dbr-b4060-s29,dbr-b4060,29,13888512,0.52,0.162
dbr-b4060-s29,dbr-b4060,29,13919232,0.43,0.162
dbr-b4060-s29,dbr-b4060,29,13949952,0.48,0.162
dbr-b4060-s29,dbr-b4060,29,13980672,0.62,0.162
dbr-b4060-s29,dbr-b4060,29,14011392,0.54,0.162
dbr-b4060-s29,dbr-b4060,29,14042112,0.61,0.162
dbr-b4060-s29,dbr-b4060,29,14072832,0.46,0.173
dbr-b4060-s29,dbr-b4060,29,14103552,0.51,0.173
dbr-b4060-s29,dbr-b4060,29,14134272,0.56,0.16
dbr-b4060-s29,dbr-b4060,29,14164992,0.46,0.148
dbr-b4060-s29,dbr-b4060,29,14195712,0.51,0.136
dbr-b4060-s29,dbr-b4060,29,14226432,0.54,0.142
dbr-b4060-s29,dbr-b4060,29,14257152,0.43,0.158
dbr-b4060-s29,dbr-b4060,29,14287872,0.45,0.158
dbr-b4060-s29,dbr-b4060,29,14318592,0.49,0.158
dbr-b4060-s29,dbr-b4060,29,14349312,0.5,0.169
dbr-b4060-s29,dbr-b4060,29,14380032,0.51,0.169
dbr-b4060-s29,dbr-b4060,29,14410752,0.5,0.169
dbr-b4060-s29,dbr-b4060,29,14441472,0.48,0.157
dbr-b4060-s29,dbr-b4060,29,14472192,0.43,0.157
dbr-b4060-s29,dbr-b4060,29,14502912,0.51,0.157
dbr-b4060-s29,dbr-b4060,29,14533632,0.54,0.157
dbr-b4060-s29,dbr-b4060,29,14564352,0.54,0.17
dbr-b4060-s29,dbr-b4060,29,14595072,0.45,0.17
dbr-b4060-s29,dbr-b4060,29,14625792,0.59,0.17
dbr-b4060-s29,dbr-b4060,29,14656512,0.44,0.17
dbr-b4060-s29,dbr-b4060,29,14687232,0.58,0.17
dbr-b4060-s29,dbr-b4060,29,14717952,0.53,0.17
dbr-b4060-s29,dbr-b4060,29,14748672,0.52,0.173
dbr-b4060-s29,dbr-b4060,29,14779392,0.48,0.173
dbr-b4060-s29,dbr-b4060,29,14810112,0.58,0.173
dbr-b4060-s29,dbr-b4060,29,14840832,0.57,0.173
dbr-b4060-s29,dbr-b4060,29,14871552,0.51,0.173
dbr-b4060-s29,dbr-b4060,29,14902272,0.53,0.173
dbr-b4060-s29,dbr-b4060,29,14932992,0.41,0.184
dbr-b4060-s29,dbr-b4060,29,14963712,0.52,0.16
dbr-b4060-s29,dbr-b4060,29,14994432,0.49,0.16
dbr-b4060-s29,dbr-b4060,29,14997504,0.48,0.16
dbr-b2035-s27,dbr-b2035,27,4457472,0.7,-1.0
dbr-b2035-s27,dbr-b2035,27,4488192,0.54,-0.691
dbr-b2035-s27,dbr-b2035,27,4518912,0.49,-0.439
dbr-b2035-s27,dbr-b2035,27,4549632,0.52,-0.239
dbr-b2035-s27,dbr-b2035,27,4580352,0.36,-0.063
dbr-b2035-s27,dbr-b2035,27,4611072,0.29,0.044
dbr-b2035-s27,dbr-b2035,27,4641792,0.3,0.063
dbr-b2035-s27,dbr-b2035,27,4672512,0.39,0.073
dbr-b2035-s27,dbr-b2035,27,4703232,0.31,0.073
dbr-b2035-s27,dbr-b2035,27,4733952,0.27,0.073
dbr-b2035-s27,dbr-b2035,27,4764672,0.32,0.081
dbr-b2035-s27,dbr-b2035,27,4795392,0.26,0.09
dbr-b2035-s27,dbr-b2035,27,4826112,0.25,0.098
dbr-b2035-s27,dbr-b2035,27,4856832,0.25,0.098
dbr-b2035-s27,dbr-b2035,27,4887552,0.22,0.098
dbr-b2035-s27,dbr-b2035,27,4918272,0.23,0.09
dbr-b2035-s27,dbr-b2035,27,4948992,0.33,0.09
dbr-b2035-s27,dbr-b2035,27,4979712,0.32,0.08
dbr-b2035-s27,dbr-b2035,27,5010432,0.25,0.08
dbr-b2035-s27,dbr-b2035,27,5041152,0.31,0.08
dbr-b2035-s27,dbr-b2035,27,5071872,0.31,0.093
dbr-b2035-s27,dbr-b2035,27,5102592,0.21,0.093
dbr-b2035-s27,dbr-b2035,27,5133312,0.3,0.062
dbr-b2035-s27,dbr-b2035,27,5164032,0.28,0.062
dbr-b2035-s27,dbr-b2035,27,5194752,0.42,0.053
dbr-b2035-s27,dbr-b2035,27,5225472,0.29,0.098
dbr-b2035-s27,dbr-b2035,27,5256192,0.22,0.085
dbr-b2035-s27,dbr-b2035,27,5286912,0.28,0.077
dbr-b2035-s27,dbr-b2035,27,5317632,0.26,0.078
dbr-b2035-s27,dbr-b2035,27,5348352,0.35,0.098
dbr-b2035-s27,dbr-b2035,27,5379072,0.32,0.098
dbr-b2035-s27,dbr-b2035,27,5409792,0.27,0.098
dbr-b2035-s27,dbr-b2035,27,5440512,0.25,0.098
dbr-b2035-s27,dbr-b2035,27,5471232,0.24,0.098
dbr-b2035-s27,dbr-b2035,27,5501952,0.24,0.098
dbr-b2035-s27,dbr-b2035,27,5532672,0.23,0.107
dbr-b2035-s27,dbr-b2035,27,5563392,0.37,0.099
dbr-b2035-s27,dbr-b2035,27,5594112,0.34,0.108
dbr-b2035-s27,dbr-b2035,27,5624832,0.2,0.107
dbr-b2035-s27,dbr-b2035,27,5655552,0.28,0.095
dbr-b2035-s27,dbr-b2035,27,5686272,0.25,0.086
dbr-b2035-s27,dbr-b2035,27,5716992,0.29,0.086
dbr-b2035-s27,dbr-b2035,27,5747712,0.24,0.075
dbr-b2035-s27,dbr-b2035,27,5778432,0.3,0.084
dbr-b2035-s27,dbr-b2035,27,5809152,0.32,0.084
dbr-b2035-s27,dbr-b2035,27,5839872,0.32,0.084
dbr-b2035-s27,dbr-b2035,27,5870592,0.27,0.094
dbr-b2035-s27,dbr-b2035,27,5901312,0.25,0.094
dbr-b2035-s27,dbr-b2035,27,5932032,0.27,0.105
dbr-b2035-s27,dbr-b2035,27,5962752,0.35,0.105
dbr-b2035-s27,dbr-b2035,27,5993472,0.22,0.087
dbr-b2035-s27,dbr-b2035,27,6024192,0.28,0.087
dbr-b2035-s27,dbr-b2035,27,6054912,0.37,0.108
dbr-b2035-s27,dbr-b2035,27,6085632,0.28,0.118
dbr-b2035-s27,dbr-b2035,27,6116352,0.26,0.127
dbr-b2035-s27,dbr-b2035,27,6147072,0.27,0.117
dbr-b2035-s27,dbr-b2035,27,6177792,0.3,0.117
dbr-b2035-s27,dbr-b2035,27,6208512,0.28,0.117
dbr-b2035-s27,dbr-b2035,27,6239232,0.27,0.127
dbr-b2035-s27,dbr-b2035,27,6269952,0.26,0.119
dbr-b2035-s27,dbr-b2035,27,6300672,0.26,0.129
dbr-b2035-s27,dbr-b2035,27,6331392,0.33,0.129
dbr-b2035-s27,dbr-b2035,27,6362112,0.33,0.129
dbr-b2035-s27,dbr-b2035,27,6392832,0.27,0.129
dbr-b2035-s27,dbr-b2035,27,6423552,0.21,0.139
dbr-b2035-s27,dbr-b2035,27,6454272,0.3,0.139
dbr-b2035-s27,dbr-b2035,27,6484992,0.28,0.148
dbr-b2035-s27,dbr-b2035,27,6515712,0.25,0.139
dbr-b2035-s27,dbr-b2035,27,6546432,0.27,0.123
dbr-b2035-s27,dbr-b2035,27,6577152,0.29,0.141
dbr-b2035-s27,dbr-b2035,27,6607872,0.34,0.129
dbr-b2035-s27,dbr-b2035,27,6638592,0.29,0.129
dbr-b2035-s27,dbr-b2035,27,6669312,0.26,0.129
dbr-b2035-s27,dbr-b2035,27,6700032,0.31,0.149
dbr-b2035-s27,dbr-b2035,27,6730752,0.33,0.16
dbr-b2035-s27,dbr-b2035,27,6761472,0.24,0.139
dbr-b2035-s27,dbr-b2035,27,6792192,0.3,0.132
dbr-b2035-s27,dbr-b2035,27,6822912,0.2,0.123
dbr-b2035-s27,dbr-b2035,27,6853632,0.27,0.133
dbr-b2035-s27,dbr-b2035,27,6884352,0.28,0.133
dbr-b2035-s27,dbr-b2035,27,6915072,0.29,0.135
dbr-b2035-s27,dbr-b2035,27,6945792,0.33,0.135
dbr-b2035-s27,dbr-b2035,27,6976512,0.3,0.145
dbr-b2035-s27,dbr-b2035,27,7007232,0.18,0.145
dbr-b2035-s27,dbr-b2035,27,7037952,0.32,0.136
dbr-b2035-s27,dbr-b2035,27,7068672,0.33,0.126
dbr-b2035-s27,dbr-b2035,27,7099392,0.27,0.135
dbr-b2035-s27,dbr-b2035,27,7130112,0.25,0.135
dbr-b2035-s27,dbr-b2035,27,7160832,0.28,0.149
dbr-b2035-s27,dbr-b2035,27,7191552,0.25,0.149
dbr-b2035-s27,dbr-b2035,27,7222272,0.26,0.149
dbr-b2035-s27,dbr-b2035,27,7252992,0.32,0.149
dbr-b2035-s27,dbr-b2035,27,7283712,0.27,0.149
dbr-b2035-s27,dbr-b2035,27,7314432,0.21,0.149
dbr-b2035-s27,dbr-b2035,27,7345152,0.33,0.149
dbr-b2035-s27,dbr-b2035,27,7375872,0.2,0.149
dbr-b2035-s27,dbr-b2035,27,7406592,0.22,0.149
dbr-b2035-s27,dbr-b2035,27,7437312,0.27,0.157
dbr-b2035-s27,dbr-b2035,27,7468032,0.25,0.138
dbr-b2035-s27,dbr-b2035,27,7498752,0.39,0.146
dbr-b2035-s27,dbr-b2035,27,7529472,0.3,0.158
dbr-b2035-s27,dbr-b2035,27,7560192,0.31,0.158
dbr-b2035-s27,dbr-b2035,27,7590912,0.28,0.166
dbr-b2035-s27,dbr-b2035,27,7621632,0.28,0.175
dbr-b2035-s27,dbr-b2035,27,7652352,0.26,0.183
dbr-b2035-s27,dbr-b2035,27,7683072,0.25,0.183
dbr-b2035-s27,dbr-b2035,27,7713792,0.36,0.174
dbr-b2035-s27,dbr-b2035,27,7744512,0.23,0.182
dbr-b2035-s27,dbr-b2035,27,7775232,0.3,0.174
dbr-b2035-s27,dbr-b2035,27,7805952,0.24,0.174
dbr-b2035-s27,dbr-b2035,27,7836672,0.28,0.174
dbr-b2035-s27,dbr-b2035,27,7867392,0.29,0.162
dbr-b2035-s27,dbr-b2035,27,7898112,0.35,0.171
dbr-b2035-s27,dbr-b2035,27,7928832,0.29,0.171
dbr-b2035-s27,dbr-b2035,27,7959552,0.27,0.171
dbr-b2035-s27,dbr-b2035,27,7990272,0.26,0.182
dbr-b2035-s27,dbr-b2035,27,8020992,0.18,0.182
dbr-b2035-s27,dbr-b2035,27,8051712,0.3,0.173
dbr-b2035-s27,dbr-b2035,27,8082432,0.29,0.173
dbr-b2035-s27,dbr-b2035,27,8113152,0.2,0.173
dbr-b2035-s27,dbr-b2035,27,8143872,0.23,0.162
dbr-b2035-s27,dbr-b2035,27,8174592,0.29,0.162
dbr-b2035-s27,dbr-b2035,27,8205312,0.27,0.162
dbr-b2035-s27,dbr-b2035,27,8236032,0.29,0.162
dbr-b2035-s27,dbr-b2035,27,8266752,0.25,0.172
dbr-b2035-s27,dbr-b2035,27,8297472,0.27,0.172
dbr-b2035-s27,dbr-b2035,27,8328192,0.24,0.162
dbr-b2035-s27,dbr-b2035,27,8358912,0.3,0.153
dbr-b2035-s27,dbr-b2035,27,8389632,0.25,0.153
dbr-b2035-s27,dbr-b2035,27,8420352,0.32,0.172
dbr-b2035-s27,dbr-b2035,27,8451072,0.3,0.172
dbr-b2035-s27,dbr-b2035,27,8481792,0.35,0.172
dbr-b2035-s27,dbr-b2035,27,8512512,0.22,0.172
dbr-b2035-s27,dbr-b2035,27,8543232,0.32,0.172
dbr-b2035-s27,dbr-b2035,27,8573952,0.32,0.172
dbr-b2035-s27,dbr-b2035,27,8604672,0.27,0.205
dbr-b2035-s27,dbr-b2035,27,8635392,0.2,0.205
dbr-b2035-s27,dbr-b2035,27,8666112,0.27,0.205
dbr-b2035-s27,dbr-b2035,27,8696832,0.26,0.205
dbr-b2035-s27,dbr-b2035,27,8727552,0.24,0.205
dbr-b2035-s27,dbr-b2035,27,8758272,0.26,0.205
dbr-b2035-s27,dbr-b2035,27,8788992,0.22,0.215
dbr-b2035-s27,dbr-b2035,27,8819712,0.28,0.223
dbr-b2035-s27,dbr-b2035,27,8850432,0.24,0.215
dbr-b2035-s27,dbr-b2035,27,8881152,0.38,0.203
dbr-b2035-s27,dbr-b2035,27,8911872,0.26,0.201
dbr-b2035-s27,dbr-b2035,27,8942592,0.24,0.221
dbr-b2035-s27,dbr-b2035,27,8973312,0.25,0.221
dbr-b2035-s27,dbr-b2035,27,9004032,0.22,0.221
dbr-b2035-s27,dbr-b2035,27,9034752,0.29,0.23
dbr-b2035-s27,dbr-b2035,27,9065472,0.24,0.235
dbr-b2035-s27,dbr-b2035,27,9096192,0.22,0.223
dbr-b2035-s27,dbr-b2035,27,9126912,0.24,0.223
dbr-b2035-s27,dbr-b2035,27,9157632,0.24,0.223
dbr-b2035-s27,dbr-b2035,27,9188352,0.29,0.233
dbr-b2035-s27,dbr-b2035,27,9219072,0.33,0.233
dbr-b2035-s27,dbr-b2035,27,9249792,0.23,0.244
dbr-b2035-s27,dbr-b2035,27,9280512,0.31,0.234
dbr-b2035-s27,dbr-b2035,27,9311232,0.3,0.234
dbr-b2035-s27,dbr-b2035,27,9341952,0.26,0.225
dbr-b2035-s27,dbr-b2035,27,9372672,0.17,0.225
dbr-b2035-s27,dbr-b2035,27,9403392,0.23,0.215
dbr-b2035-s27,dbr-b2035,27,9434112,0.38,0.225
dbr-b2035-s27,dbr-b2035,27,9464832,0.3,0.236
dbr-b2035-s27,dbr-b2035,27,9495552,0.23,0.236
dbr-b2035-s27,dbr-b2035,27,9526272,0.38,0.236
dbr-b2035-s27,dbr-b2035,27,9556992,0.27,0.236
dbr-b2035-s27,dbr-b2035,27,9587712,0.31,0.236
dbr-b2035-s27,dbr-b2035,27,9618432,0.29,0.245
dbr-b2035-s27,dbr-b2035,27,9649152,0.29,0.245
dbr-b2035-s27,dbr-b2035,27,9679872,0.23,0.245
dbr-b2035-s27,dbr-b2035,27,9710592,0.25,0.245
dbr-b2035-s27,dbr-b2035,27,9741312,0.35,0.245
dbr-b2035-s27,dbr-b2035,27,9772032,0.36,0.245
dbr-b2035-s27,dbr-b2035,27,9802752,0.31,0.252
dbr-b2035-s27,dbr-b2035,27,9833472,0.32,0.242
dbr-b2035-s27,dbr-b2035,27,9864192,0.25,0.253
dbr-b2035-s27,dbr-b2035,27,9894912,0.31,0.244
dbr-b2035-s27,dbr-b2035,27,9925632,0.29,0.264
dbr-b2035-s27,dbr-b2035,27,9956352,0.23,0.264
dbr-b2035-s27,dbr-b2035,27,9987072,0.28,0.273
dbr-b2035-s27,dbr-b2035,27,10017792,0.31,0.273
dbr-b2035-s27,dbr-b2035,27,10048512,0.33,0.273
dbr-b2035-s27,dbr-b2035,27,10079232,0.23,0.284
dbr-b2035-s27,dbr-b2035,27,10109952,0.31,0.289
dbr-b2035-s27,dbr-b2035,27,10140672,0.31,0.279
dbr-b2035-s27,dbr-b2035,27,10171392,0.28,0.279
dbr-b2035-s27,dbr-b2035,27,10202112,0.25,0.279
dbr-b2035-s27,dbr-b2035,27,10232832,0.27,0.279
dbr-b2035-s27,dbr-b2035,27,10263552,0.34,0.279
dbr-b2035-s27,dbr-b2035,27,10294272,0.29,0.283
dbr-b2035-s27,dbr-b2035,27,10324992,0.26,0.301
dbr-b2035-s27,dbr-b2035,27,10355712,0.3,0.292
dbr-b2035-s27,dbr-b2035,27,10386432,0.25,0.28
dbr-b2035-s27,dbr-b2035,27,10417152,0.33,0.28
dbr-b2035-s27,dbr-b2035,27,10447872,0.29,0.289
dbr-b2035-s27,dbr-b2035,27,10478592,0.27,0.3
dbr-b2035-s27,dbr-b2035,27,10509312,0.25,0.3
dbr-b2035-s27,dbr-b2035,27,10540032,0.29,0.282
dbr-b2035-s27,dbr-b2035,27,10570752,0.3,0.282
dbr-b2035-s27,dbr-b2035,27,10601472,0.29,0.282
dbr-b2035-s27,dbr-b2035,27,10632192,0.26,0.281
dbr-b2035-s27,dbr-b2035,27,10662912,0.25,0.311
dbr-b2035-s27,dbr-b2035,27,10693632,0.27,0.311
dbr-b2035-s27,dbr-b2035,27,10724352,0.31,0.312
dbr-b2035-s27,dbr-b2035,27,10755072,0.23,0.304
dbr-b2035-s27,dbr-b2035,27,10785792,0.26,0.304
dbr-b2035-s27,dbr-b2035,27,10816512,0.18,0.312
dbr-b2035-s27,dbr-b2035,27,10847232,0.32,0.312
dbr-b2035-s27,dbr-b2035,27,10877952,0.3,0.312
dbr-b2035-s27,dbr-b2035,27,10908672,0.3,0.321
dbr-b2035-s27,dbr-b2035,27,10939392,0.22,0.348
dbr-b2035-s27,dbr-b2035,27,10970112,0.23,0.347
dbr-b2035-s27,dbr-b2035,27,11000832,0.26,0.347
dbr-b2035-s27,dbr-b2035,27,11031552,0.34,0.347
dbr-b2035-s27,dbr-b2035,27,11062272,0.24,0.349
dbr-b2035-s27,dbr-b2035,27,11092992,0.28,0.349
dbr-b2035-s27,dbr-b2035,27,11123712,0.24,0.328
dbr-b2035-s27,dbr-b2035,27,11154432,0.25,0.319
dbr-b2035-s27,dbr-b2035,27,11185152,0.26,0.319
dbr-b2035-s27,dbr-b2035,27,11215872,0.25,0.323
dbr-b2035-s27,dbr-b2035,27,11246592,0.31,0.323
dbr-b2035-s27,dbr-b2035,27,11277312,0.3,0.331
dbr-b2035-s27,dbr-b2035,27,11308032,0.3,0.331
dbr-b2035-s27,dbr-b2035,27,11338752,0.37,0.331
dbr-b2035-s27,dbr-b2035,27,11369472,0.3,0.361
dbr-b2035-s27,dbr-b2035,27,11400192,0.23,0.35
dbr-b2035-s27,dbr-b2035,27,11430912,0.23,0.341
dbr-b2035-s27,dbr-b2035,27,11461632,0.29,0.331
dbr-b2035-s27,dbr-b2035,27,11492352,0.22,0.331
dbr-b2035-s27,dbr-b2035,27,11523072,0.29,0.331
dbr-b2035-s27,dbr-b2035,27,11553792,0.36,0.331
dbr-b2035-s27,dbr-b2035,27,11584512,0.33,0.34
dbr-b2035-s27,dbr-b2035,27,11615232,0.41,0.34
dbr-b2035-s27,dbr-b2035,27,11645952,0.27,0.353
dbr-b2035-s27,dbr-b2035,27,11676672,0.25,0.353
dbr-b2035-s27,dbr-b2035,27,11707392,0.26,0.345
dbr-b2035-s27,dbr-b2035,27,11738112,0.27,0.364
dbr-b2035-s27,dbr-b2035,27,11768832,0.32,0.372
dbr-b2035-s27,dbr-b2035,27,11799552,0.29,0.372
dbr-b2035-s27,dbr-b2035,27,11830272,0.32,0.391
dbr-b2035-s27,dbr-b2035,27,11860992,0.22,0.405
dbr-b2035-s27,dbr-b2035,27,11891712,0.24,0.406
dbr-b2035-s27,dbr-b2035,27,11922432,0.24,0.406
dbr-b2035-s27,dbr-b2035,27,11953152,0.25,0.406
dbr-b2035-s27,dbr-b2035,27,11983872,0.23,0.425
dbr-b2035-s27,dbr-b2035,27,12014592,0.23,0.413
dbr-b2035-s27,dbr-b2035,27,12045312,0.25,0.413
dbr-b2035-s27,dbr-b2035,27,12076032,0.28,0.41
dbr-b2035-s27,dbr-b2035,27,12106752,0.14,0.41
dbr-b2035-s27,dbr-b2035,27,12137472,0.27,0.406
dbr-b2035-s27,dbr-b2035,27,12168192,0.23,0.415
dbr-b2035-s27,dbr-b2035,27,12198912,0.26,0.415
dbr-b2035-s27,dbr-b2035,27,12229632,0.27,0.425
dbr-b2035-s27,dbr-b2035,27,12260352,0.34,0.417
dbr-b2035-s27,dbr-b2035,27,12291072,0.27,0.417
dbr-b2035-s27,dbr-b2035,27,12321792,0.22,0.408
dbr-b2035-s27,dbr-b2035,27,12352512,0.28,0.408
dbr-b2035-s27,dbr-b2035,27,12383232,0.23,0.408
dbr-b2035-s27,dbr-b2035,27,12413952,0.28,0.404
dbr-b2035-s27,dbr-b2035,27,12444672,0.34,0.413
dbr-b2035-s27,dbr-b2035,27,12475392,0.24,0.413
dbr-b2035-s27,dbr-b2035,27,12506112,0.29,0.413
dbr-b2035-s27,dbr-b2035,27,12536832,0.28,0.413
dbr-b2035-s27,dbr-b2035,27,12567552,0.27,0.413
dbr-b2035-s27,dbr-b2035,27,12598272,0.29,0.414
dbr-b2035-s27,dbr-b2035,27,12628992,0.29,0.414
dbr-b2035-s27,dbr-b2035,27,12659712,0.19,0.403
dbr-b2035-s27,dbr-b2035,27,12690432,0.31,0.394
dbr-b2035-s27,dbr-b2035,27,12721152,0.28,0.394
dbr-b2035-s27,dbr-b2035,27,12751872,0.28,0.394
dbr-b2035-s27,dbr-b2035,27,12782592,0.29,0.403
dbr-b2035-s27,dbr-b2035,27,12813312,0.38,0.414
dbr-b2035-s27,dbr-b2035,27,12844032,0.32,0.425
dbr-b2035-s27,dbr-b2035,27,12874752,0.29,0.424
dbr-b2035-s27,dbr-b2035,27,12905472,0.29,0.424
dbr-b2035-s27,dbr-b2035,27,12936192,0.25,0.438
dbr-b2035-s27,dbr-b2035,27,12966912,0.33,0.438
dbr-b2035-s27,dbr-b2035,27,12997632,0.28,0.447
dbr-b2035-s27,dbr-b2035,27,13028352,0.29,0.447
dbr-b2035-s27,dbr-b2035,27,13059072,0.23,0.437
dbr-b2035-s27,dbr-b2035,27,13089792,0.25,0.437
dbr-b2035-s27,dbr-b2035,27,13120512,0.24,0.437
dbr-b2035-s27,dbr-b2035,27,13151232,0.28,0.437
dbr-b2035-s27,dbr-b2035,27,13181952,0.33,0.429
dbr-b2035-s27,dbr-b2035,27,13212672,0.28,0.429
dbr-b2035-s27,dbr-b2035,27,13243392,0.24,0.442
dbr-b2035-s27,dbr-b2035,27,13274112,0.23,0.442
dbr-b2035-s27,dbr-b2035,27,13304832,0.32,0.457
dbr-b2035-s27,dbr-b2035,27,13335552,0.23,0.457
dbr-b2035-s27,dbr-b2035,27,13366272,0.29,0.457
dbr-b2035-s27,dbr-b2035,27,13396992,0.26,0.457
dbr-b2035-s27,dbr-b2035,27,13427712,0.33,0.476
dbr-b2035-s27,dbr-b2035,27,13458432,0.31,0.484
dbr-b2035-s27,dbr-b2035,27,13489152,0.31,0.476
dbr-b2035-s27,dbr-b2035,27,13519872,0.32,0.476
dbr-b2035-s27,dbr-b2035,27,13550592,0.21,0.476
dbr-b2035-s27,dbr-b2035,27,13581312,0.25,0.473
dbr-b2035-s27,dbr-b2035,27,13612032,0.34,0.468
dbr-b2035-s27,dbr-b2035,27,13642752,0.26,0.468
dbr-b2035-s27,dbr-b2035,27,13673472,0.37,0.468
dbr-b2035-s27,dbr-b2035,27,13704192,0.27,0.477
dbr-b2035-s27,dbr-b2035,27,13734912,0.35,0.486
dbr-b2035-s27,dbr-b2035,27,13765632,0.25,0.486
dbr-b2035-s27,dbr-b2035,27,13796352,0.34,0.486
dbr-b2035-s27,dbr-b2035,27,13827072,0.24,0.498
dbr-b2035-s27,dbr-b2035,27,13857792,0.28,0.49
dbr-b2035-s27,dbr-b2035,27,13888512,0.31,0.5
dbr-b2035-s27,dbr-b2035,27,13919232,0.27,0.489
dbr-b2035-s27,dbr-b2035,27,13949952,0.32,0.489
dbr-b2035-s27,dbr-b2035,27,13980672,0.3,0.489
dbr-b2035-s27,dbr-b2035,27,14011392,0.29,0.489
dbr-b2035-s27,dbr-b2035,27,14042112,0.24,0.498
dbr-b2035-s27,dbr-b2035,27,14072832,0.24,0.498
dbr-b2035-s27,dbr-b2035,27,14103552,0.26,0.498
dbr-b2035-s27,dbr-b2035,27,14134272,0.33,0.507
dbr-b2035-s27,dbr-b2035,27,14164992,0.2,0.507
dbr-b2035-s27,dbr-b2035,27,14195712,0.29,0.498
dbr-b2035-s27,dbr-b2035,27,14226432,0.26,0.498
dbr-b2035-s27,dbr-b2035,27,14257152,0.3,0.507
dbr-b2035-s27,dbr-b2035,27,14287872,0.28,0.507
dbr-b2035-s27,dbr-b2035,27,14318592,0.29,0.497
dbr-b2035-s27,dbr-b2035,27,14349312,0.3,0.506
dbr-b2035-s27,dbr-b2035,27,14380032,0.24,0.515
dbr-b2035-s27,dbr-b2035,27,14410752,0.32,0.515
dbr-b2035-s27,dbr-b2035,27,14441472,0.26,0.515
dbr-b2035-s27,dbr-b2035,27,14472192,0.26,0.515
dbr-b2035-s27,dbr-b2035,27,14502912,0.38,0.515
dbr-b2035-s27,dbr-b2035,27,14533632,0.26,0.515
dbr-b2035-s27,dbr-b2035,27,14564352,0.28,0.524
dbr-b2035-s27,dbr-b2035,27,14595072,0.26,0.532
dbr-b2035-s27,dbr-b2035,27,14625792,0.33,0.523
dbr-b2035-s27,dbr-b2035,27,14656512,0.38,0.504
dbr-b2035-s27,dbr-b2035,27,14687232,0.25,0.506
dbr-b2035-s27,dbr-b2035,27,14717952,0.3,0.515
dbr-b2035-s27,dbr-b2035,27,14748672,0.36,0.506
dbr-b2035-s27,dbr-b2035,27,14779392,0.34,0.506
dbr-b2035-s27,dbr-b2035,27,14810112,0.31,0.506
dbr-b2035-s27,dbr-b2035,27,14840832,0.22,0.514
dbr-b2035-s27,dbr-b2035,27,14871552,0.37,0.526
dbr-b2035-s27,dbr-b2035,27,14902272,0.28,0.513
dbr-b2035-s27,dbr-b2035,27,14932992,0.22,0.513
dbr-b2035-s27,dbr-b2035,27,14963712,0.22,0.522
dbr-b2035-s27,dbr-b2035,27,14994432,0.25,0.542
dbr-b2035-s27,dbr-b2035,27,14997504,0.23,0.542
