run,arm,seed,step,train_win_rate,difficulty
cap015-b1020-s27,cap015-b1020,27,4457472,0.7,-1.0
cap015-b1020-s27,cap015-b1020,27,4488192,0.59,-0.546
cap015-b1020-s27,cap015-b1020,27,4518912,0.44,-0.196
cap015-b1020-s27,cap015-b1020,27,4549632,0.31,0.081
cap015-b1020-s27,cap015-b1020,27,4580352,0.2,0.146
cap015-b1020-s27,cap015-b1020,27,4611072,0.1,0.146
cap015-b1020-s27,cap015-b1020,27,4641792,0.13,0.138
cap015-b1020-s27,cap015-b1020,27,4672512,0.17,0.138
cap015-b1020-s27,cap015-b1020,27,4703232,0.17,0.15
cap015-b1020-s27,cap015-b1020,27,4733952,0.12,0.15
cap015-b1020-s27,cap015-b1020,27,4764672,0.22,0.144
cap015-b1020-s27,cap015-b1020,27,4795392,0.14,0.15
cap015-b1020-s27,cap015-b1020,27,4826112,0.22,0.15
cap015-b1020-s27,cap015-b1020,27,4856832,0.09,0.136
cap015-b1020-s27,cap015-b1020,27,4887552,0.15,0.136
cap015-b1020-s27,cap015-b1020,27,4918272,0.13,0.142
cap015-b1020-s27,cap015-b1020,27,4948992,0.11,0.135
cap015-b1020-s27,cap015-b1020,27,4979712,0.21,0.143
cap015-b1020-s27,cap015-b1020,27,5010432,0.14,0.149
cap015-b1020-s27,cap015-b1020,27,5041152,0.22,0.149
cap015-b1020-s27,cap015-b1020,27,5071872,0.19,0.15
cap015-b1020-s27,cap015-b1020,27,5102592,0.09,0.15
cap015-b1020-s27,cap015-b1020,27,5133312,0.12,0.13
cap015-b1020-s27,cap015-b1020,27,5164032,0.16,0.13
cap015-b1020-s27,cap015-b1020,27,5194752,0.18,0.13
cap015-b1020-s27,cap015-b1020,27,5225472,0.16,0.138
cap015-b1020-s27,cap015-b1020,27,5256192,0.13,0.15
cap015-b1020-s27,cap015-b1020,27,5286912,0.16,0.15
cap015-b1020-s27,cap015-b1020,27,5317632,0.12,0.15
cap015-b1020-s27,cap015-b1020,27,5348352,0.13,0.15
cap015-b1020-s27,cap015-b1020,27,5379072,0.14,0.144
cap015-b1020-s27,cap015-b1020,27,5409792,0.14,0.131
cap015-b1020-s27,cap015-b1020,27,5440512,0.18,0.131
cap015-b1020-s27,cap015-b1020,27,5471232,0.11,0.138
cap015-b1020-s27,cap015-b1020,27,5501952,0.15,0.15
cap015-b1020-s27,cap015-b1020,27,5532672,0.19,0.15
cap015-b1020-s27,cap015-b1020,27,5563392,0.12,0.15
cap015-b1020-s27,cap015-b1020,27,5594112,0.17,0.15
cap015-b1020-s27,cap015-b1020,27,5624832,0.17,0.15
cap015-b1020-s27,cap015-b1020,27,5655552,0.22,0.15
cap015-b1020-s27,cap015-b1020,27,5686272,0.23,0.15
cap015-b1020-s27,cap015-b1020,27,5716992,0.12,0.15
cap015-b1020-s27,cap015-b1020,27,5747712,0.2,0.15
cap015-b1020-s27,cap015-b1020,27,5778432,0.18,0.15
cap015-b1020-s27,cap015-b1020,27,5809152,0.2,0.15
cap015-b1020-s27,cap015-b1020,27,5839872,0.14,0.15
cap015-b1020-s27,cap015-b1020,27,5870592,0.16,0.15
cap015-b1020-s27,cap015-b1020,27,5901312,0.17,0.15
cap015-b1020-s27,cap015-b1020,27,5932032,0.2,0.15
cap015-b1020-s27,cap015-b1020,27,5962752,0.16,0.15
cap015-b1020-s27,cap015-b1020,27,5993472,0.23,0.15
cap015-b1020-s27,cap015-b1020,27,6024192,0.12,0.15
cap015-b1020-s27,cap015-b1020,27,6054912,0.15,0.15
cap015-b1020-s27,cap015-b1020,27,6085632,0.2,0.15
cap015-b1020-s27,cap015-b1020,27,6116352,0.24,0.15
cap015-b1020-s27,cap015-b1020,27,6147072,0.23,0.15
cap015-b1020-s27,cap015-b1020,27,6177792,0.24,0.15
cap015-b1020-s27,cap015-b1020,27,6208512,0.28,0.15
cap015-b1020-s27,cap015-b1020,27,6239232,0.24,0.15
cap015-b1020-s27,cap015-b1020,27,6269952,0.28,0.15
cap015-b1020-s27,cap015-b1020,27,6300672,0.28,0.15
cap015-b1020-s27,cap015-b1020,27,6331392,0.29,0.15
cap015-b1020-s27,cap015-b1020,27,6362112,0.27,0.15
cap015-b1020-s27,cap015-b1020,27,6392832,0.21,0.15
cap015-b1020-s27,cap015-b1020,27,6423552,0.33,0.15
cap015-b1020-s27,cap015-b1020,27,6454272,0.31,0.15
cap015-b1020-s27,cap015-b1020,27,6484992,0.27,0.15
cap015-b1020-s27,cap015-b1020,27,6515712,0.21,0.15
cap015-b1020-s27,cap015-b1020,27,6546432,0.19,0.15
cap015-b1020-s27,cap015-b1020,27,6577152,0.18,0.15
cap015-b1020-s27,cap015-b1020,27,6607872,0.23,0.15
cap015-b1020-s27,cap015-b1020,27,6638592,0.25,0.15
cap015-b1020-s27,cap015-b1020,27,6669312,0.28,0.15
cap015-b1020-s27,cap015-b1020,27,6700032,0.21,0.15
cap015-b1020-s27,cap015-b1020,27,6730752,0.18,0.15
cap015-b1020-s27,cap015-b1020,27,6761472,0.28,0.15
cap015-b1020-s27,cap015-b1020,27,6792192,0.25,0.15
cap015-b1020-s27,cap015-b1020,27,6822912,0.18,0.15
cap015-b1020-s27,cap015-b1020,27,6853632,0.28,0.15
cap015-b1020-s27,cap015-b1020,27,6884352,0.27,0.15
cap015-b1020-s27,cap015-b1020,27,6915072,0.29,0.15
cap015-b1020-s27,cap015-b1020,27,6945792,0.22,0.15
cap015-b1020-s27,cap015-b1020,27,6976512,0.26,0.15
cap015-b1020-s27,cap015-b1020,27,7007232,0.26,0.15
cap015-b1020-s27,cap015-b1020,27,7037952,0.25,0.15
cap015-b1020-s27,cap015-b1020,27,7068672,0.28,0.15
cap015-b1020-s27,cap015-b1020,27,7099392,0.19,0.15
cap015-b1020-s27,cap015-b1020,27,7130112,0.24,0.15
cap015-b1020-s27,cap015-b1020,27,7160832,0.27,0.15
cap015-b1020-s27,cap015-b1020,27,7191552,0.27,0.15
cap015-b1020-s27,cap015-b1020,27,7222272,0.29,0.15
cap015-b1020-s27,cap015-b1020,27,7252992,0.2,0.15
cap015-b1020-s27,cap015-b1020,27,7283712,0.24,0.15
cap015-b1020-s27,cap015-b1020,27,7314432,0.17,0.15
cap015-b1020-s27,cap015-b1020,27,7345152,0.27,0.15
cap015-b1020-s27,cap015-b1020,27,7375872,0.3,0.15
cap015-b1020-s27,cap015-b1020,27,7406592,0.23,0.15
cap015-b1020-s27,cap015-b1020,27,7437312,0.21,0.15
cap015-b1020-s27,cap015-b1020,27,7468032,0.22,0.15
cap015-b1020-s27,cap015-b1020,27,7498752,0.21,0.15
cap015-b1020-s27,cap015-b1020,27,7529472,0.27,0.15
cap015-b1020-s27,cap015-b1020,27,7560192,0.28,0.15
cap015-b1020-s27,cap015-b1020,27,7590912,0.31,0.15
cap015-b1020-s27,cap015-b1020,27,7621632,0.31,0.15
cap015-b1020-s27,cap015-b1020,27,7652352,0.28,0.15
cap015-b1020-s27,cap015-b1020,27,7683072,0.37,0.15
cap015-b1020-s27,cap015-b1020,27,7713792,0.24,0.15
cap015-b1020-s27,cap015-b1020,27,7744512,0.3,0.15
cap015-b1020-s27,cap015-b1020,27,7775232,0.18,0.15
cap015-b1020-s27,cap015-b1020,27,7805952,0.2,0.15
cap015-b1020-s27,cap015-b1020,27,7836672,0.21,0.15
cap015-b1020-s27,cap015-b1020,27,7867392,0.22,0.15
cap015-b1020-s27,cap015-b1020,27,7898112,0.3,0.15
cap015-b1020-s27,cap015-b1020,27,7928832,0.32,0.15
cap015-b1020-s27,cap015-b1020,27,7959552,0.21,0.15
cap015-b1020-s27,cap015-b1020,27,7990272,0.33,0.15
cap015-b1020-s27,cap015-b1020,27,8020992,0.26,0.15
cap015-b1020-s27,cap015-b1020,27,8051712,0.27,0.15
cap015-b1020-s27,cap015-b1020,27,8082432,0.29,0.15
cap015-b1020-s27,cap015-b1020,27,8113152,0.23,0.15
cap015-b1020-s27,cap015-b1020,27,8143872,0.25,0.15
cap015-b1020-s27,cap015-b1020,27,8174592,0.26,0.15
cap015-b1020-s27,cap015-b1020,27,8205312,0.27,0.15
cap015-b1020-s27,cap015-b1020,27,8236032,0.31,0.15
cap015-b1020-s27,cap015-b1020,27,8266752,0.27,0.15
cap015-b1020-s27,cap015-b1020,27,8297472,0.3,0.15
cap015-b1020-s27,cap015-b1020,27,8328192,0.26,0.15
cap015-b1020-s27,cap015-b1020,27,8358912,0.16,0.15
cap015-b1020-s27,cap015-b1020,27,8389632,0.33,0.15
cap015-b1020-s27,cap015-b1020,27,8420352,0.32,0.15
cap015-b1020-s27,cap015-b1020,27,8451072,0.26,0.15
cap015-b1020-s27,cap015-b1020,27,8481792,0.19,0.15
cap015-b1020-s27,cap015-b1020,27,8512512,0.23,0.15
cap015-b1020-s27,cap015-b1020,27,8543232,0.18,0.15
cap015-b1020-s27,cap015-b1020,27,8573952,0.28,0.15
cap015-b1020-s27,cap015-b1020,27,8604672,0.32,0.15
cap015-b1020-s27,cap015-b1020,27,8635392,0.28,0.15
cap015-b1020-s27,cap015-b1020,27,8666112,0.31,0.15
cap015-b1020-s27,cap015-b1020,27,8696832,0.25,0.15
cap015-b1020-s27,cap015-b1020,27,8727552,0.25,0.15
cap015-b1020-s27,cap015-b1020,27,8758272,0.27,0.15
cap015-b1020-s27,cap015-b1020,27,8788992,0.39,0.15
cap015-b1020-s27,cap015-b1020,27,8819712,0.3,0.15
cap015-b1020-s27,cap015-b1020,27,8850432,0.41,0.15
cap015-b1020-s27,cap015-b1020,27,8881152,0.33,0.15
cap015-b1020-s27,cap015-b1020,27,8911872,0.34,0.15
cap015-b1020-s27,cap015-b1020,27,8942592,0.27,0.15
cap015-b1020-s27,cap015-b1020,27,8973312,0.36,0.15
cap015-b1020-s27,cap015-b1020,27,9004032,0.33,0.15
cap015-b1020-s27,cap015-b1020,27,9034752,0.36,0.15
cap015-b1020-s27,cap015-b1020,27,9065472,0.29,0.15
cap015-b1020-s27,cap015-b1020,27,9096192,0.33,0.15
cap015-b1020-s27,cap015-b1020,27,9126912,0.3,0.15
cap015-b1020-s27,cap015-b1020,27,9157632,0.39,0.15
cap015-b1020-s27,cap015-b1020,27,9188352,0.37,0.15
cap015-b1020-s27,cap015-b1020,27,9219072,0.32,0.15
cap015-b1020-s27,cap015-b1020,27,9249792,0.31,0.15
cap015-b1020-s27,cap015-b1020,27,9280512,0.38,0.15
cap015-b1020-s27,cap015-b1020,27,9311232,0.25,0.15
cap015-b1020-s27,cap015-b1020,27,9341952,0.35,0.15
cap015-b1020-s27,cap015-b1020,27,9372672,0.21,0.15
cap015-b1020-s27,cap015-b1020,27,9403392,0.35,0.15
cap015-b1020-s27,cap015-b1020,27,9434112,0.34,0.15
cap015-b1020-s27,cap015-b1020,27,9464832,0.34,0.15
cap015-b1020-s27,cap015-b1020,27,9495552,0.34,0.15
cap015-b1020-s27,cap015-b1020,27,9526272,0.33,0.15
cap015-b1020-s27,cap015-b1020,27,9556992,0.33,0.15
cap015-b1020-s27,cap015-b1020,27,9587712,0.34,0.15
cap015-b1020-s27,cap015-b1020,27,9618432,0.4,0.15
cap015-b1020-s27,cap015-b1020,27,9649152,0.4,0.15
cap015-b1020-s27,cap015-b1020,27,9679872,0.31,0.15
cap015-b1020-s27,cap015-b1020,27,9710592,0.34,0.15
cap015-b1020-s27,cap015-b1020,27,9741312,0.34,0.15
cap015-b1020-s27,cap015-b1020,27,9772032,0.33,0.15
cap015-b1020-s27,cap015-b1020,27,9802752,0.33,0.15
cap015-b1020-s27,cap015-b1020,27,9833472,0.41,0.15
cap015-b1020-s27,cap015-b1020,27,9864192,0.31,0.15
cap015-b1020-s27,cap015-b1020,27,9894912,0.28,0.15
cap015-b1020-s27,cap015-b1020,27,9925632,0.33,0.15
cap015-b1020-s27,cap015-b1020,27,9956352,0.35,0.15
cap015-b1020-s27,cap015-b1020,27,9987072,0.44,0.15
cap015-b1020-s27,cap015-b1020,27,10017792,0.35,0.15
cap015-b1020-s27,cap015-b1020,27,10048512,0.45,0.15
cap015-b1020-s27,cap015-b1020,27,10079232,0.33,0.15
cap015-b1020-s27,cap015-b1020,27,10109952,0.42,0.15
cap015-b1020-s27,cap015-b1020,27,10140672,0.34,0.15
cap015-b1020-s27,cap015-b1020,27,10171392,0.3,0.15
cap015-b1020-s27,cap015-b1020,27,10202112,0.35,0.15
cap015-b1020-s27,cap015-b1020,27,10232832,0.34,0.15
cap015-b1020-s27,cap015-b1020,27,10263552,0.31,0.15
cap015-b1020-s27,cap015-b1020,27,10294272,0.35,0.15
cap015-b1020-s27,cap015-b1020,27,10324992,0.33,0.15
cap015-b1020-s27,cap015-b1020,27,10355712,0.34,0.15
cap015-b1020-s27,cap015-b1020,27,10386432,0.34,0.15
cap015-b1020-s27,cap015-b1020,27,10417152,0.32,0.15
cap015-b1020-s27,cap015-b1020,27,10447872,0.29,0.15
cap015-b1020-s27,cap015-b1020,27,10478592,0.44,0.15
cap015-b1020-s27,cap015-b1020,27,10509312,0.33,0.15
cap015-b1020-s27,cap015-b1020,27,10540032,0.43,0.15
cap015-b1020-s27,cap015-b1020,27,10570752,0.36,0.15
cap015-b1020-s27,cap015-b1020,27,10601472,0.39,0.15
cap015-b1020-s27,cap015-b1020,27,10632192,0.43,0.15
cap015-b1020-s27,cap015-b1020,27,10662912,0.37,0.15
cap015-b1020-s27,cap015-b1020,27,10693632,0.35,0.15
cap015-b1020-s27,cap015-b1020,27,10724352,0.32,0.15
cap015-b1020-s27,cap015-b1020,27,10755072,0.48,0.15
cap015-b1020-s27,cap015-b1020,27,10785792,0.49,0.15
cap015-b1020-s27,cap015-b1020,27,10816512,0.33,0.15
cap015-b1020-s27,cap015-b1020,27,10847232,0.42,0.15
cap015-b1020-s27,cap015-b1020,27,10877952,0.4,0.15
cap015-b1020-s27,cap015-b1020,27,10908672,0.32,0.15
cap015-b1020-s27,cap015-b1020,27,10939392,0.39,0.15
cap015-b1020-s27,cap015-b1020,27,10970112,0.3,0.15
cap015-b1020-s27,cap015-b1020,27,11000832,0.33,0.15
cap015-b1020-s27,cap015-b1020,27,11031552,0.42,0.15
cap015-b1020-s27,cap015-b1020,27,11062272,0.45,0.15
cap015-b1020-s27,cap015-b1020,27,11092992,0.42,0.15
cap015-b1020-s27,cap015-b1020,27,11123712,0.44,0.15
cap015-b1020-s27,cap015-b1020,27,11154432,0.37,0.15
cap015-b1020-s27,cap015-b1020,27,11185152,0.45,0.15
cap015-b1020-s27,cap015-b1020,27,11215872,0.35,0.15
cap015-b1020-s27,cap015-b1020,27,11246592,0.41,0.15
cap015-b1020-s27,cap015-b1020,27,11277312,0.38,0.15
cap015-b1020-s27,cap015-b1020,27,11308032,0.52,0.15
cap015-b1020-s27,cap015-b1020,27,11338752,0.42,0.15
cap015-b1020-s27,cap015-b1020,27,11369472,0.42,0.15
cap015-b1020-s27,cap015-b1020,27,11400192,0.39,0.15
cap015-b1020-s27,cap015-b1020,27,11430912,0.36,0.15
cap015-b1020-s27,cap015-b1020,27,11461632,0.4,0.15
cap015-b1020-s27,cap015-b1020,27,11492352,0.49,0.15
cap015-b1020-s27,cap015-b1020,27,11523072,0.43,0.15
cap015-b1020-s27,cap015-b1020,27,11553792,0.39,0.15
cap015-b1020-s27,cap015-b1020,27,11584512,0.42,0.15
cap015-b1020-s27,cap015-b1020,27,11615232,0.48,0.15
cap015-b1020-s27,cap015-b1020,27,11645952,0.4,0.15
cap015-b1020-s27,cap015-b1020,27,11676672,0.43,0.15
cap015-b1020-s27,cap015-b1020,27,11707392,0.35,0.15
cap015-b1020-s27,cap015-b1020,27,11738112,0.4,0.15
cap015-b1020-s27,cap015-b1020,27,11768832,0.34,0.15
cap015-b1020-s27,cap015-b1020,27,11799552,0.57,0.15
cap015-b1020-s27,cap015-b1020,27,11830272,0.47,0.15
cap015-b1020-s27,cap015-b1020,27,11860992,0.37,0.15
cap015-b1020-s27,cap015-b1020,27,11891712,0.43,0.15
cap015-b1020-s27,cap015-b1020,27,11922432,0.4,0.15
cap015-b1020-s27,cap015-b1020,27,11953152,0.47,0.15
cap015-b1020-s27,cap015-b1020,27,11983872,0.41,0.15
cap015-b1020-s27,cap015-b1020,27,12014592,0.36,0.15
cap015-b1020-s27,cap015-b1020,27,12045312,0.38,0.15
cap015-b1020-s27,cap015-b1020,27,12076032,0.49,0.15
cap015-b1020-s27,cap015-b1020,27,12106752,0.44,0.15
cap015-b1020-s27,cap015-b1020,27,12137472,0.45,0.15
cap015-b1020-s27,cap015-b1020,27,12168192,0.42,0.15
cap015-b1020-s27,cap015-b1020,27,12198912,0.39,0.15
cap015-b1020-s27,cap015-b1020,27,12229632,0.42,0.15
cap015-b1020-s27,cap015-b1020,27,12260352,0.37,0.15
cap015-b1020-s27,cap015-b1020,27,12291072,0.49,0.15
cap015-b1020-s27,cap015-b1020,27,12321792,0.49,0.15
cap015-b1020-s27,cap015-b1020,27,12352512,0.43,0.15
cap015-b1020-s27,cap015-b1020,27,12383232,0.52,0.15
cap015-b1020-s27,cap015-b1020,27,12413952,0.32,0.15
cap015-b1020-s27,cap015-b1020,27,12444672,0.4,0.15
cap015-b1020-s27,cap015-b1020,27,12475392,0.41,0.15
cap015-b1020-s27,cap015-b1020,27,12506112,0.44,0.15
cap015-b1020-s27,cap015-b1020,27,12536832,0.43,0.15
cap015-b1020-s27,cap015-b1020,27,12567552,0.44,0.15
cap015-b1020-s27,cap015-b1020,27,12598272,0.48,0.15
cap015-b1020-s27,cap015-b1020,27,12628992,0.42,0.15
cap015-b1020-s27,cap015-b1020,27,12659712,0.4,0.15
cap015-b1020-s27,cap015-b1020,27,12690432,0.48,0.15
cap015-b1020-s27,cap015-b1020,27,12721152,0.44,0.15
cap015-b1020-s27,cap015-b1020,27,12751872,0.35,0.15
cap015-b1020-s27,cap015-b1020,27,12782592,0.39,0.15
cap015-b1020-s27,cap015-b1020,27,12813312,0.38,0.15
cap015-b1020-s27,cap015-b1020,27,12844032,0.46,0.15
cap015-b1020-s27,cap015-b1020,27,12874752,0.46,0.15
cap015-b1020-s27,cap015-b1020,27,12905472,0.42,0.15
cap015-b1020-s27,cap015-b1020,27,12936192,0.43,0.15
cap015-b1020-s27,cap015-b1020,27,12966912,0.51,0.15
cap015-b1020-s27,cap015-b1020,27,12997632,0.43,0.15
cap015-b1020-s27,cap015-b1020,27,13028352,0.45,0.15
cap015-b1020-s27,cap015-b1020,27,13059072,0.5,0.15
cap015-b1020-s27,cap015-b1020,27,13089792,0.44,0.15
cap015-b1020-s27,cap015-b1020,27,13120512,0.45,0.15
cap015-b1020-s27,cap015-b1020,27,13151232,0.4,0.15
cap015-b1020-s27,cap015-b1020,27,13181952,0.41,0.15
cap015-b1020-s27,cap015-b1020,27,13212672,0.44,0.15
cap015-b1020-s27,cap015-b1020,27,13243392,0.54,0.15
cap015-b1020-s27,cap015-b1020,27,13274112,0.44,0.15
cap015-b1020-s27,cap015-b1020,27,13304832,0.41,0.15
cap015-b1020-s27,cap015-b1020,27,13335552,0.48,0.15
cap015-b1020-s27,cap015-b1020,27,13366272,0.32,0.15
cap015-b1020-s27,cap015-b1020,27,13396992,0.51,0.15
cap015-b1020-s27,cap015-b1020,27,13427712,0.45,0.15
cap015-b1020-s27,cap015-b1020,27,13458432,0.43,0.15
cap015-b1020-s27,cap015-b1020,27,13489152,0.44,0.15
cap015-b1020-s27,cap015-b1020,27,13519872,0.48,0.15
cap015-b1020-s27,cap015-b1020,27,13550592,0.52,0.15
cap015-b1020-s27,cap015-b1020,27,13581312,0.45,0.15
cap015-b1020-s27,cap015-b1020,27,13612032,0.46,0.15
cap015-b1020-s27,cap015-b1020,27,13642752,0.49,0.15
cap015-b1020-s27,cap015-b1020,27,13673472,0.37,0.15
cap015-b1020-s27,cap015-b1020,27,13704192,0.45,0.15
cap015-b1020-s27,cap015-b1020,27,13734912,0.52,0.15
cap015-b1020-s27,cap015-b1020,27,13765632,0.45,0.15
cap015-b1020-s27,cap015-b1020,27,13796352,0.45,0.15
cap015-b1020-s27,cap015-b1020,27,13827072,0.48,0.15
cap015-b1020-s27,cap015-b1020,27,13857792,0.4,0.15
cap015-b1020-s27,cap015-b1020,27,13888512,0.46,0.15
cap015-b1020-s27,cap015-b1020,27,13919232,0.5,0.15
cap015-b1020-s27,cap015-b1020,27,13949952,0.44,0.15
cap015-b1020-s27,cap015-b1020,27,13980672,0.55,0.15
cap015-b1020-s27,cap015-b1020,27,14011392,0.52,0.15
cap015-b1020-s27,cap015-b1020,27,14042112,0.56,0.15
cap015-b1020-s27,cap015-b1020,27,14072832,0.53,0.15
cap015-b1020-s27,cap015-b1020,27,14103552,0.41,0.15
cap015-b1020-s27,cap015-b1020,27,14134272,0.56,0.15
cap015-b1020-s27,cap015-b1020,27,14164992,0.41,0.15
cap015-b1020-s27,cap015-b1020,27,14195712,0.44,0.15
cap015-b1020-s27,cap015-b1020,27,14226432,0.39,0.15
cap015-b1020-s27,cap015-b1020,27,14257152,0.48,0.15
cap015-b1020-s27,cap015-b1020,27,14287872,0.51,0.15
cap015-b1020-s27,cap015-b1020,27,14318592,0.49,0.15
cap015-b1020-s27,cap015-b1020,27,14349312,0.4,0.15
cap015-b1020-s27,cap015-b1020,27,14380032,0.54,0.15
cap015-b1020-s27,cap015-b1020,27,14410752,0.57,0.15
cap015-b1020-s27,cap015-b1020,27,14441472,0.57,0.15
cap015-b1020-s27,cap015-b1020,27,14472192,0.49,0.15
cap015-b1020-s27,cap015-b1020,27,14502912,0.49,0.15
cap015-b1020-s27,cap015-b1020,27,14533632,0.47,0.15
cap015-b1020-s27,cap015-b1020,27,14564352,0.51,0.15
cap015-b1020-s27,cap015-b1020,27,14595072,0.5,0.15
cap015-b1020-s27,cap015-b1020,27,14625792,0.44,0.15
cap015-b1020-s27,cap015-b1020,27,14656512,0.48,0.15
cap015-b1020-s27,cap015-b1020,27,14687232,0.46,0.15
cap015-b1020-s27,cap015-b1020,27,14717952,0.4,0.15
cap015-b1020-s27,cap015-b1020,27,14748672,0.46,0.15
cap015-b1020-s27,cap015-b1020,27,14779392,0.54,0.15
cap015-b1020-s27,cap015-b1020,27,14810112,0.44,0.15
cap015-b1020-s27,cap015-b1020,27,14840832,0.51,0.15
cap015-b1020-s27,cap015-b1020,27,14871552,0.44,0.15
cap015-b1020-s27,cap015-b1020,27,14902272,0.49,0.15
cap015-b1020-s27,cap015-b1020,27,14932992,0.43,0.15
cap015-b1020-s27,cap015-b1020,27,14963712,0.47,0.15
cap015-b1020-s27,cap015-b1020,27,14994432,0.39,0.15
cap015-b1020-s27,cap015-b1020,27,14997504,0.52,0.15
cap015-b1020-s28,cap015-b1020,28,4457472,0.67,-1.0
cap015-b1020-s28,cap015-b1020,28,4488192,0.61,-0.572
cap015-b1020-s28,cap015-b1020,28,4518912,0.49,-0.209
cap015-b1020-s28,cap015-b1020,28,4549632,0.33,0.066
cap015-b1020-s28,cap015-b1020,28,4580352,0.11,0.139
cap015-b1020-s28,cap015-b1020,28,4611072,0.13,0.15
cap015-b1020-s28,cap015-b1020,28,4641792,0.13,0.15
cap015-b1020-s28,cap015-b1020,28,4672512,0.23,0.15
cap015-b1020-s28,cap015-b1020,28,4703232,0.12,0.15
cap015-b1020-s28,cap015-b1020,28,4733952,0.17,0.15
cap015-b1020-s28,cap015-b1020,28,4764672,0.15,0.15
cap015-b1020-s28,cap015-b1020,28,4795392,0.11,0.15
cap015-b1020-s28,cap015-b1020,28,4826112,0.28,0.15
cap015-b1020-s28,cap015-b1020,28,4856832,0.25,0.15
cap015-b1020-s28,cap015-b1020,28,4887552,0.1,0.15
cap015-b1020-s28,cap015-b1020,28,4918272,0.17,0.15
cap015-b1020-s28,cap015-b1020,28,4948992,0.15,0.137
cap015-b1020-s28,cap015-b1020,28,4979712,0.1,0.144
cap015-b1020-s28,cap015-b1020,28,5010432,0.15,0.15
cap015-b1020-s28,cap015-b1020,28,5041152,0.23,0.15
cap015-b1020-s28,cap015-b1020,28,5071872,0.11,0.15
cap015-b1020-s28,cap015-b1020,28,5102592,0.2,0.15
cap015-b1020-s28,cap015-b1020,28,5133312,0.21,0.15
cap015-b1020-s28,cap015-b1020,28,5164032,0.23,0.143
cap015-b1020-s28,cap015-b1020,28,5194752,0.16,0.15
cap015-b1020-s28,cap015-b1020,28,5225472,0.19,0.15
cap015-b1020-s28,cap015-b1020,28,5256192,0.21,0.15
cap015-b1020-s28,cap015-b1020,28,5286912,0.15,0.15
cap015-b1020-s28,cap015-b1020,28,5317632,0.15,0.15
cap015-b1020-s28,cap015-b1020,28,5348352,0.16,0.15
cap015-b1020-s28,cap015-b1020,28,5379072,0.17,0.15
cap015-b1020-s28,cap015-b1020,28,5409792,0.18,0.15
cap015-b1020-s28,cap015-b1020,28,5440512,0.22,0.15
cap015-b1020-s28,cap015-b1020,28,5471232,0.12,0.15
cap015-b1020-s28,cap015-b1020,28,5501952,0.12,0.15
cap015-b1020-s28,cap015-b1020,28,5532672,0.14,0.15
cap015-b1020-s28,cap015-b1020,28,5563392,0.17,0.15
cap015-b1020-s28,cap015-b1020,28,5594112,0.17,0.15
cap015-b1020-s28,cap015-b1020,28,5624832,0.18,0.15
cap015-b1020-s28,cap015-b1020,28,5655552,0.2,0.15
cap015-b1020-s28,cap015-b1020,28,5686272,0.13,0.15
cap015-b1020-s28,cap015-b1020,28,5716992,0.25,0.15
cap015-b1020-s28,cap015-b1020,28,5747712,0.12,0.15
cap015-b1020-s28,cap015-b1020,28,5778432,0.2,0.15
cap015-b1020-s28,cap015-b1020,28,5809152,0.18,0.15
cap015-b1020-s28,cap015-b1020,28,5839872,0.25,0.15
cap015-b1020-s28,cap015-b1020,28,5870592,0.22,0.15
cap015-b1020-s28,cap015-b1020,28,5901312,0.28,0.15
cap015-b1020-s28,cap015-b1020,28,5932032,0.21,0.15
cap015-b1020-s28,cap015-b1020,28,5962752,0.2,0.15
cap015-b1020-s28,cap015-b1020,28,5993472,0.23,0.15
cap015-b1020-s28,cap015-b1020,28,6024192,0.31,0.15
cap015-b1020-s28,cap015-b1020,28,6054912,0.22,0.15
cap015-b1020-s28,cap015-b1020,28,6085632,0.17,0.15
cap015-b1020-s28,cap015-b1020,28,6116352,0.15,0.15
cap015-b1020-s28,cap015-b1020,28,6147072,0.15,0.15
cap015-b1020-s28,cap015-b1020,28,6177792,0.2,0.15
cap015-b1020-s28,cap015-b1020,28,6208512,0.18,0.15
cap015-b1020-s28,cap015-b1020,28,6239232,0.23,0.15
cap015-b1020-s28,cap015-b1020,28,6269952,0.25,0.15
cap015-b1020-s28,cap015-b1020,28,6300672,0.27,0.15
cap015-b1020-s28,cap015-b1020,28,6331392,0.39,0.15
cap015-b1020-s28,cap015-b1020,28,6362112,0.22,0.15
cap015-b1020-s28,cap015-b1020,28,6392832,0.3,0.15
cap015-b1020-s28,cap015-b1020,28,6423552,0.22,0.15
cap015-b1020-s28,cap015-b1020,28,6454272,0.26,0.15
cap015-b1020-s28,cap015-b1020,28,6484992,0.25,0.15
cap015-b1020-s28,cap015-b1020,28,6515712,0.2,0.15
cap015-b1020-s28,cap015-b1020,28,6546432,0.25,0.15
cap015-b1020-s28,cap015-b1020,28,6577152,0.25,0.15
cap015-b1020-s28,cap015-b1020,28,6607872,0.2,0.15
cap015-b1020-s28,cap015-b1020,28,6638592,0.23,0.15
cap015-b1020-s28,cap015-b1020,28,6669312,0.26,0.15
cap015-b1020-s28,cap015-b1020,28,6700032,0.22,0.15
cap015-b1020-s28,cap015-b1020,28,6730752,0.3,0.15
cap015-b1020-s28,cap015-b1020,28,6761472,0.19,0.15
cap015-b1020-s28,cap015-b1020,28,6792192,0.29,0.15
cap015-b1020-s28,cap015-b1020,28,6822912,0.29,0.15
cap015-b1020-s28,cap015-b1020,28,6853632,0.26,0.15
cap015-b1020-s28,cap015-b1020,28,6884352,0.18,0.15
cap015-b1020-s28,cap015-b1020,28,6915072,0.28,0.15
cap015-b1020-s28,cap015-b1020,28,6945792,0.18,0.15
cap015-b1020-s28,cap015-b1020,28,6976512,0.19,0.15
cap015-b1020-s28,cap015-b1020,28,7007232,0.26,0.15
cap015-b1020-s28,cap015-b1020,28,7037952,0.23,0.15
cap015-b1020-s28,cap015-b1020,28,7068672,0.29,0.15
cap015-b1020-s28,cap015-b1020,28,7099392,0.32,0.15
cap015-b1020-s28,cap015-b1020,28,7130112,0.29,0.15
cap015-b1020-s28,cap015-b1020,28,7160832,0.27,0.15
cap015-b1020-s28,cap015-b1020,28,7191552,0.31,0.15
cap015-b1020-s28,cap015-b1020,28,7222272,0.33,0.15
cap015-b1020-s28,cap015-b1020,28,7252992,0.31,0.15
cap015-b1020-s28,cap015-b1020,28,7283712,0.34,0.15
cap015-b1020-s28,cap015-b1020,28,7314432,0.35,0.15
cap015-b1020-s28,cap015-b1020,28,7345152,0.34,0.15
cap015-b1020-s28,cap015-b1020,28,7375872,0.27,0.15
cap015-b1020-s28,cap015-b1020,28,7406592,0.31,0.15
cap015-b1020-s28,cap015-b1020,28,7437312,0.23,0.15
cap015-b1020-s28,cap015-b1020,28,7468032,0.26,0.15
cap015-b1020-s28,cap015-b1020,28,7498752,0.31,0.15
cap015-b1020-s28,cap015-b1020,28,7529472,0.29,0.15
cap015-b1020-s28,cap015-b1020,28,7560192,0.3,0.15
cap015-b1020-s28,cap015-b1020,28,7590912,0.3,0.15
cap015-b1020-s28,cap015-b1020,28,7621632,0.32,0.15
cap015-b1020-s28,cap015-b1020,28,7652352,0.33,0.15
cap015-b1020-s28,cap015-b1020,28,7683072,0.3,0.15
cap015-b1020-s28,cap015-b1020,28,7713792,0.31,0.15
cap015-b1020-s28,cap015-b1020,28,7744512,0.34,0.15
cap015-b1020-s28,cap015-b1020,28,7775232,0.35,0.15
cap015-b1020-s28,cap015-b1020,28,7805952,0.24,0.15
cap015-b1020-s28,cap015-b1020,28,7836672,0.29,0.15
cap015-b1020-s28,cap015-b1020,28,7867392,0.28,0.15
cap015-b1020-s28,cap015-b1020,28,7898112,0.36,0.15
cap015-b1020-s28,cap015-b1020,28,7928832,0.33,0.15
cap015-b1020-s28,cap015-b1020,28,7959552,0.3,0.15
cap015-b1020-s28,cap015-b1020,28,7990272,0.31,0.15
cap015-b1020-s28,cap015-b1020,28,8020992,0.29,0.15
cap015-b1020-s28,cap015-b1020,28,8051712,0.33,0.15
cap015-b1020-s28,cap015-b1020,28,8082432,0.32,0.15
cap015-b1020-s28,cap015-b1020,28,8113152,0.38,0.15
cap015-b1020-s28,cap015-b1020,28,8143872,0.3,0.15
cap015-b1020-s28,cap015-b1020,28,8174592,0.33,0.15
cap015-b1020-s28,cap015-b1020,28,8205312,0.31,0.15
cap015-b1020-s28,cap015-b1020,28,8236032,0.31,0.15
cap015-b1020-s28,cap015-b1020,28,8266752,0.3,0.15
cap015-b1020-s28,cap015-b1020,28,8297472,0.32,0.15
cap015-b1020-s28,cap015-b1020,28,8328192,0.39,0.15
cap015-b1020-s28,cap015-b1020,28,8358912,0.34,0.15
cap015-b1020-s28,cap015-b1020,28,8389632,0.37,0.15
cap015-b1020-s28,cap015-b1020,28,8420352,0.33,0.15
cap015-b1020-s28,cap015-b1020,28,8451072,0.23,0.15
cap015-b1020-s28,cap015-b1020,28,8481792,0.32,0.15
cap015-b1020-s28,cap015-b1020,28,8512512,0.32,0.15
cap015-b1020-s28,cap015-b1020,28,8543232,0.27,0.15
cap015-b1020-s28,cap015-b1020,28,8573952,0.35,0.15
cap015-b1020-s28,cap015-b1020,28,8604672,0.34,0.15
cap015-b1020-s28,cap015-b1020,28,8635392,0.34,0.15
cap015-b1020-s28,cap015-b1020,28,8666112,0.35,0.15
cap015-b1020-s28,cap015-b1020,28,8696832,0.32,0.15
cap015-b1020-s28,cap015-b1020,28,8727552,0.26,0.15
cap015-b1020-s28,cap015-b1020,28,8758272,0.34,0.15
cap015-b1020-s28,cap015-b1020,28,8788992,0.31,0.15
cap015-b1020-s28,cap015-b1020,28,8819712,0.29,0.15
cap015-b1020-s28,cap015-b1020,28,8850432,0.31,0.15
cap015-b1020-s28,cap015-b1020,28,8881152,0.36,0.15
cap015-b1020-s28,cap015-b1020,28,8911872,0.37,0.15
cap015-b1020-s28,cap015-b1020,28,8942592,0.38,0.15
cap015-b1020-s28,cap015-b1020,28,8973312,0.37,0.15
cap015-b1020-s28,cap015-b1020,28,9004032,0.38,0.15
cap015-b1020-s28,cap015-b1020,28,9034752,0.34,0.15
cap015-b1020-s28,cap015-b1020,28,9065472,0.29,0.15
cap015-b1020-s28,cap015-b1020,28,9096192,0.31,0.15
cap015-b1020-s28,cap015-b1020,28,9126912,0.41,0.15
cap015-b1020-s28,cap015-b1020,28,9157632,0.41,0.15
cap015-b1020-s28,cap015-b1020,28,9188352,0.36,0.15
cap015-b1020-s28,cap015-b1020,28,9219072,0.4,0.15
cap015-b1020-s28,cap015-b1020,28,9249792,0.41,0.15
cap015-b1020-s28,cap015-b1020,28,9280512,0.35,0.15
cap015-b1020-s28,cap015-b1020,28,9311232,0.41,0.15
cap015-b1020-s28,cap015-b1020,28,9341952,0.36,0.15
cap015-b1020-s28,cap015-b1020,28,9372672,0.36,0.15
cap015-b1020-s28,cap015-b1020,28,9403392,0.41,0.15
cap015-b1020-s28,cap015-b1020,28,9434112,0.34,0.15
cap015-b1020-s28,cap015-b1020,28,9464832,0.33,0.15
cap015-b1020-s28,cap015-b1020,28,9495552,0.28,0.15
cap015-b1020-s28,cap015-b1020,28,9526272,0.3,0.15
cap015-b1020-s28,cap015-b1020,28,9556992,0.32,0.15
cap015-b1020-s28,cap015-b1020,28,9587712,0.35,0.15
cap015-b1020-s28,cap015-b1020,28,9618432,0.4,0.15
cap015-b1020-s28,cap015-b1020,28,9649152,0.42,0.15
cap015-b1020-s28,cap015-b1020,28,9679872,0.25,0.15
cap015-b1020-s28,cap015-b1020,28,9710592,0.33,0.15
cap015-b1020-s28,cap015-b1020,28,9741312,0.37,0.15
cap015-b1020-s28,cap015-b1020,28,9772032,0.32,0.15
cap015-b1020-s28,cap015-b1020,28,9802752,0.28,0.15
cap015-b1020-s28,cap015-b1020,28,9833472,0.43,0.15
cap015-b1020-s28,cap015-b1020,28,9864192,0.38,0.15
cap015-b1020-s28,cap015-b1020,28,9894912,0.35,0.15
cap015-b1020-s28,cap015-b1020,28,9925632,0.28,0.15
cap015-b1020-s28,cap015-b1020,28,9956352,0.38,0.15
cap015-b1020-s28,cap015-b1020,28,9987072,0.39,0.15
cap015-b1020-s28,cap015-b1020,28,10017792,0.4,0.15
cap015-b1020-s28,cap015-b1020,28,10048512,0.36,0.15
cap015-b1020-s28,cap015-b1020,28,10079232,0.37,0.15
cap015-b1020-s28,cap015-b1020,28,10109952,0.41,0.15
cap015-b1020-s28,cap015-b1020,28,10140672,0.37,0.15
cap015-b1020-s28,cap015-b1020,28,10171392,0.33,0.15
cap015-b1020-s28,cap015-b1020,28,10202112,0.34,0.15
cap015-b1020-s28,cap015-b1020,28,10232832,0.37,0.15
cap015-b1020-s28,cap015-b1020,28,10263552,0.38,0.15
cap015-b1020-s28,cap015-b1020,28,10294272,0.47,0.15
cap015-b1020-s28,cap015-b1020,28,10324992,0.38,0.15
cap015-b1020-s28,cap015-b1020,28,10355712,0.39,0.15
cap015-b1020-s28,cap015-b1020,28,10386432,0.34,0.15
cap015-b1020-s28,cap015-b1020,28,10417152,0.49,0.15
cap015-b1020-s28,cap015-b1020,28,10447872,0.38,0.15
cap015-b1020-s28,cap015-b1020,28,10478592,0.4,0.15
cap015-b1020-s28,cap015-b1020,28,10509312,0.43,0.15
cap015-b1020-s28,cap015-b1020,28,10540032,0.44,0.15
cap015-b1020-s28,cap015-b1020,28,10570752,0.31,0.15
cap015-b1020-s28,cap015-b1020,28,10601472,0.42,0.15
cap015-b1020-s28,cap015-b1020,28,10632192,0.46,0.15
cap015-b1020-s28,cap015-b1020,28,10662912,0.37,0.15
cap015-b1020-s28,cap015-b1020,28,10693632,0.42,0.15
cap015-b1020-s28,cap015-b1020,28,10724352,0.41,0.15
cap015-b1020-s28,cap015-b1020,28,10755072,0.42,0.15
cap015-b1020-s28,cap015-b1020,28,10785792,0.38,0.15
cap015-b1020-s28,cap015-b1020,28,10816512,0.3,0.15
cap015-b1020-s28,cap015-b1020,28,10847232,0.43,0.15
cap015-b1020-s28,cap015-b1020,28,10877952,0.43,0.15
cap015-b1020-s28,cap015-b1020,28,10908672,0.4,0.15
cap015-b1020-s28,cap015-b1020,28,10939392,0.37,0.15
cap015-b1020-s28,cap015-b1020,28,10970112,0.27,0.15
cap015-b1020-s28,cap015-b1020,28,11000832,0.46,0.15
cap015-b1020-s28,cap015-b1020,28,11031552,0.39,0.15
cap015-b1020-s28,cap015-b1020,28,11062272,0.38,0.15
cap015-b1020-s28,cap015-b1020,28,11092992,0.37,0.15
cap015-b1020-s28,cap015-b1020,28,11123712,0.35,0.15
cap015-b1020-s28,cap015-b1020,28,11154432,0.43,0.15
cap015-b1020-s28,cap015-b1020,28,11185152,0.42,0.15
cap015-b1020-s28,cap015-b1020,28,11215872,0.41,0.15
cap015-b1020-s28,cap015-b1020,28,11246592,0.39,0.15
cap015-b1020-s28,cap015-b1020,28,11277312,0.43,0.15
cap015-b1020-s28,cap015-b1020,28,11308032,0.41,0.15
cap015-b1020-s28,cap015-b1020,28,11338752,0.4,0.15
cap015-b1020-s28,cap015-b1020,28,11369472,0.42,0.15
cap015-b1020-s28,cap015-b1020,28,11400192,0.37,0.15
cap015-b1020-s28,cap015-b1020,28,11430912,0.37,0.15
cap015-b1020-s28,cap015-b1020,28,11461632,0.38,0.15
cap015-b1020-s28,cap015-b1020,28,11492352,0.44,0.15
cap015-b1020-s28,cap015-b1020,28,11523072,0.5,0.15
cap015-b1020-s28,cap015-b1020,28,11553792,0.36,0.15
cap015-b1020-s28,cap015-b1020,28,11584512,0.42,0.15
cap015-b1020-s28,cap015-b1020,28,11615232,0.37,0.15
cap015-b1020-s28,cap015-b1020,28,11645952,0.46,0.15
cap015-b1020-s28,cap015-b1020,28,11676672,0.45,0.15
cap015-b1020-s28,cap015-b1020,28,11707392,0.45,0.15
cap015-b1020-s28,cap015-b1020,28,11738112,0.41,0.15
cap015-b1020-s28,cap015-b1020,28,11768832,0.47,0.15
cap015-b1020-s28,cap015-b1020,28,11799552,0.35,0.15
cap015-b1020-s28,cap015-b1020,28,11830272,0.45,0.15
cap015-b1020-s28,cap015-b1020,28,11860992,0.51,0.15
cap015-b1020-s28,cap015-b1020,28,11891712,0.45,0.15
cap015-b1020-s28,cap015-b1020,28,11922432,0.41,0.15
cap015-b1020-s28,cap015-b1020,28,11953152,0.41,0.15
cap015-b1020-s28,cap015-b1020,28,11983872,0.49,0.15
cap015-b1020-s28,cap015-b1020,28,12014592,0.56,0.15
cap015-b1020-s28,cap015-b1020,28,12045312,0.42,0.15
cap015-b1020-s28,cap015-b1020,28,12076032,0.4,0.15
cap015-b1020-s28,cap015-b1020,28,12106752,0.59,0.15
cap015-b1020-s28,cap015-b1020,28,12137472,0.41,0.15
cap015-b1020-s28,cap015-b1020,28,12168192,0.34,0.15
cap015-b1020-s28,cap015-b1020,28,12198912,0.53,0.15
cap015-b1020-s28,cap015-b1020,28,12229632,0.44,0.15
cap015-b1020-s28,cap015-b1020,28,12260352,0.44,0.15
cap015-b1020-s28,cap015-b1020,28,12291072,0.49,0.15
cap015-b1020-s28,cap015-b1020,28,12321792,0.45,0.15
cap015-b1020-s28,cap015-b1020,28,12352512,0.44,0.15
cap015-b1020-s28,cap015-b1020,28,12383232,0.36,0.15
cap015-b1020-s28,cap015-b1020,28,12413952,0.45,0.15
cap015-b1020-s28,cap015-b1020,28,12444672,0.48,0.15
cap015-b1020-s28,cap015-b1020,28,12475392,0.35,0.15
cap015-b1020-s28,cap015-b1020,28,12506112,0.45,0.15
cap015-b1020-s28,cap015-b1020,28,12536832,0.48,0.15
cap015-b1020-s28,cap015-b1020,28,12567552,0.48,0.15
cap015-b1020-s28,cap015-b1020,28,12598272,0.36,0.15
cap015-b1020-s28,cap015-b1020,28,12628992,0.38,0.15
cap015-b1020-s28,cap015-b1020,28,12659712,0.39,0.15
cap015-b1020-s28,cap015-b1020,28,12690432,0.43,0.15
cap015-b1020-s28,cap015-b1020,28,12721152,0.47,0.15
cap015-b1020-s28,cap015-b1020,28,12751872,0.5,0.15
cap015-b1020-s28,cap015-b1020,28,12782592,0.54,0.15
cap015-b1020-s28,cap015-b1020,28,12813312,0.43,0.15
cap015-b1020-s28,cap015-b1020,28,12844032,0.44,0.15
cap015-b1020-s28,cap015-b1020,28,12874752,0.47,0.15
cap015-b1020-s28,cap015-b1020,28,12905472,0.46,0.15
cap015-b1020-s28,cap015-b1020,28,12936192,0.52,0.15
cap015-b1020-s28,cap015-b1020,28,12966912,0.49,0.15
cap015-b1020-s28,cap015-b1020,28,12997632,0.51,0.15
cap015-b1020-s28,cap015-b1020,28,13028352,0.45,0.15
cap015-b1020-s28,cap015-b1020,28,13059072,0.43,0.15
cap015-b1020-s28,cap015-b1020,28,13089792,0.44,0.15
cap015-b1020-s28,cap015-b1020,28,13120512,0.45,0.15
cap015-b1020-s28,cap015-b1020,28,13151232,0.49,0.15
cap015-b1020-s28,cap015-b1020,28,13181952,0.54,0.15
cap015-b1020-s28,cap015-b1020,28,13212672,0.49,0.15
cap015-b1020-s28,cap015-b1020,28,13243392,0.55,0.15
cap015-b1020-s28,cap015-b1020,28,13274112,0.52,0.15
cap015-b1020-s28,cap015-b1020,28,13304832,0.53,0.15
cap015-b1020-s28,cap015-b1020,28,13335552,0.51,0.15
cap015-b1020-s28,cap015-b1020,28,13366272,0.43,0.15
cap015-b1020-s28,cap015-b1020,28,13396992,0.53,0.15
cap015-b1020-s28,cap015-b1020,28,13427712,0.47,0.15
cap015-b1020-s28,cap015-b1020,28,13458432,0.54,0.15
cap015-b1020-s28,cap015-b1020,28,13489152,0.52,0.15
cap015-b1020-s28,cap015-b1020,28,13519872,0.45,0.15
cap015-b1020-s28,cap015-b1020,28,13550592,0.54,0.15
cap015-b1020-s28,cap015-b1020,28,13581312,0.55,0.15
cap015-b1020-s28,cap015-b1020,28,13612032,0.53,0.15
cap015-b1020-s28,cap015-b1020,28,13642752,0.53,0.15
cap015-b1020-s28,cap015-b1020,28,13673472,0.54,0.15
cap015-b1020-s28,cap015-b1020,28,13704192,0.4,0.15
cap015-b1020-s28,cap015-b1020,28,13734912,0.54,0.15
cap015-b1020-s28,cap015-b1020,28,13765632,0.44,0.15
cap015-b1020-s28,cap015-b1020,28,13796352,0.45,0.15
cap015-b1020-s28,cap015-b1020,28,13827072,0.52,0.15
cap015-b1020-s28,cap015-b1020,28,13857792,0.53,0.15
cap015-b1020-s28,cap015-b1020,28,13888512,0.43,0.15
cap015-b1020-s28,cap015-b1020,28,13919232,0.55,0.15
cap015-b1020-s28,cap015-b1020,28,13949952,0.54,0.15
cap015-b1020-s28,cap015-b1020,28,13980672,0.49,0.15
cap015-b1020-s28,cap015-b1020,28,14011392,0.45,0.15
cap015-b1020-s28,cap015-b1020,28,14042112,0.53,0.15
cap015-b1020-s28,cap015-b1020,28,14072832,0.49,0.15
cap015-b1020-s28,cap015-b1020,28,14103552,0.4,0.15
cap015-b1020-s28,cap015-b1020,28,14134272,0.49,0.15
cap015-b1020-s28,cap015-b1020,28,14164992,0.61,0.15
cap015-b1020-s28,cap015-b1020,28,14195712,0.46,0.15
cap015-b1020-s28,cap015-b1020,28,14226432,0.48,0.15
cap015-b1020-s28,cap015-b1020,28,14257152,0.52,0.15
cap015-b1020-s28,cap015-b1020,28,14287872,0.46,0.15
cap015-b1020-s28,cap015-b1020,28,14318592,0.46,0.15
cap015-b1020-s28,cap015-b1020,28,14349312,0.52,0.15
cap015-b1020-s28,cap015-b1020,28,14380032,0.53,0.15
cap015-b1020-s28,cap015-b1020,28,14410752,0.54,0.15
cap015-b1020-s28,cap015-b1020,28,14441472,0.59,0.15
cap015-b1020-s28,cap015-b1020,28,14472192,0.44,0.15
cap015-b1020-s28,cap015-b1020,28,14502912,0.45,0.15
cap015-b1020-s28,cap015-b1020,28,14533632,0.46,0.15
cap015-b1020-s28,cap015-b1020,28,14564352,0.53,0.15
cap015-b1020-s28,cap015-b1020,28,14595072,0.49,0.15
cap015-b1020-s28,cap015-b1020,28,14625792,0.55,0.15
cap015-b1020-s28,cap015-b1020,28,14656512,0.48,0.15
cap015-b1020-s28,cap015-b1020,28,14687232,0.52,0.15
cap015-b1020-s28,cap015-b1020,28,14717952,0.64,0.15
cap015-b1020-s28,cap015-b1020,28,14748672,0.56,0.15
cap015-b1020-s28,cap015-b1020,28,14779392,0.48,0.15
cap015-b1020-s28,cap015-b1020,28,14810112,0.51,0.15
cap015-b1020-s28,cap015-b1020,28,14840832,0.48,0.15
cap015-b1020-s28,cap015-b1020,28,14871552,0.53,0.15
cap015-b1020-s28,cap015-b1020,28,14902272,0.53,0.15
cap015-b1020-s28,cap015-b1020,28,14932992,0.52,0.15
cap015-b1020-s28,cap015-b1020,28,14963712,0.56,0.15
cap015-b1020-s28,cap015-b1020,28,14994432,0.56,0.15
cap015-b1020-s28,cap015-b1020,28,14997504,0.6,0.15
fix015-s28,fix015,28,4457472,0.15,0.15
fix015-s28,fix015,28,4488192,0.27,0.15
fix015-s28,fix015,28,4518912,0.22,0.15
fix015-s28,fix015,28,4549632,0.2,0.15
fix015-s28,fix015,28,4580352,0.22,0.15
fix015-s28,fix015,28,4611072,0.23,0.15
fix015-s28,fix015,28,4641792,0.21,0.15
fix015-s28,fix015,28,4672512,0.13,0.15
fix015-s28,fix015,28,4703232,0.2,0.15
fix015-s28,fix015,28,4733952,0.2,0.15
fix015-s28,fix015,28,4764672,0.25,0.15
fix015-s28,fix015,28,4795392,0.13,0.15
fix015-s28,fix015,28,4826112,0.17,0.15
fix015-s28,fix015,28,4856832,0.17,0.15
fix015-s28,fix015,28,4887552,0.1,0.15
fix015-s28,fix015,28,4918272,0.18,0.15
fix015-s28,fix015,28,4948992,0.13,0.15
fix015-s28,fix015,28,4979712,0.18,0.15
fix015-s28,fix015,28,5010432,0.13,0.15
fix015-s28,fix015,28,5041152,0.1,0.15
fix015-s28,fix015,28,5071872,0.16,0.15
fix015-s28,fix015,28,5102592,0.11,0.15
fix015-s28,fix015,28,5133312,0.13,0.15
fix015-s28,fix015,28,5164032,0.1,0.15
fix015-s28,fix015,28,5194752,0.09,0.15
fix015-s28,fix015,28,5225472,0.11,0.15
fix015-s28,fix015,28,5256192,0.13,0.15
fix015-s28,fix015,28,5286912,0.14,0.15
fix015-s28,fix015,28,5317632,0.12,0.15
fix015-s28,fix015,28,5348352,0.14,0.15
fix015-s28,fix015,28,5379072,0.17,0.15
fix015-s28,fix015,28,5409792,0.12,0.15
fix015-s28,fix015,28,5440512,0.11,0.15
fix015-s28,fix015,28,5471232,0.21,0.15
fix015-s28,fix015,28,5501952,0.17,0.15
fix015-s28,fix015,28,5532672,0.12,0.15
fix015-s28,fix015,28,5563392,0.14,0.15
fix015-s28,fix015,28,5594112,0.11,0.15
fix015-s28,fix015,28,5624832,0.1,0.15
fix015-s28,fix015,28,5655552,0.14,0.15
fix015-s28,fix015,28,5686272,0.15,0.15
fix015-s28,fix015,28,5716992,0.15,0.15
fix015-s28,fix015,28,5747712,0.21,0.15
fix015-s28,fix015,28,5778432,0.08,0.15
fix015-s28,fix015,28,5809152,0.13,0.15
fix015-s28,fix015,28,5839872,0.1,0.15
fix015-s28,fix015,28,5870592,0.11,0.15
fix015-s28,fix015,28,5901312,0.21,0.15
fix015-s28,fix015,28,5932032,0.17,0.15
fix015-s28,fix015,28,5962752,0.11,0.15
fix015-s28,fix015,28,5993472,0.22,0.15
fix015-s28,fix015,28,6024192,0.12,0.15
fix015-s28,fix015,28,6054912,0.14,0.15
fix015-s28,fix015,28,6085632,0.2,0.15
fix015-s28,fix015,28,6116352,0.14,0.15
fix015-s28,fix015,28,6147072,0.16,0.15
fix015-s28,fix015,28,6177792,0.13,0.15
fix015-s28,fix015,28,6208512,0.16,0.15
fix015-s28,fix015,28,6239232,0.11,0.15
fix015-s28,fix015,28,6269952,0.14,0.15
fix015-s28,fix015,28,6300672,0.18,0.15
fix015-s28,fix015,28,6331392,0.2,0.15
fix015-s28,fix015,28,6362112,0.14,0.15
fix015-s28,fix015,28,6392832,0.17,0.15
fix015-s28,fix015,28,6423552,0.2,0.15
fix015-s28,fix015,28,6454272,0.16,0.15
fix015-s28,fix015,28,6484992,0.14,0.15
fix015-s28,fix015,28,6515712,0.21,0.15
fix015-s28,fix015,28,6546432,0.15,0.15
fix015-s28,fix015,28,6577152,0.2,0.15
fix015-s28,fix015,28,6607872,0.15,0.15
fix015-s28,fix015,28,6638592,0.2,0.15
fix015-s28,fix015,28,6669312,0.17,0.15
fix015-s28,fix015,28,6700032,0.23,0.15
fix015-s28,fix015,28,6730752,0.25,0.15
fix015-s28,fix015,28,6761472,0.21,0.15
fix015-s28,fix015,28,6792192,0.24,0.15
fix015-s28,fix015,28,6822912,0.29,0.15
fix015-s28,fix015,28,6853632,0.18,0.15
fix015-s28,fix015,28,6884352,0.17,0.15
fix015-s28,fix015,28,6915072,0.26,0.15
fix015-s28,fix015,28,6945792,0.26,0.15
fix015-s28,fix015,28,6976512,0.19,0.15
fix015-s28,fix015,28,7007232,0.24,0.15
fix015-s28,fix015,28,7037952,0.24,0.15
fix015-s28,fix015,28,7068672,0.28,0.15
fix015-s28,fix015,28,7099392,0.31,0.15
fix015-s28,fix015,28,7130112,0.18,0.15
fix015-s28,fix015,28,7160832,0.26,0.15
fix015-s28,fix015,28,7191552,0.25,0.15
fix015-s28,fix015,28,7222272,0.28,0.15
fix015-s28,fix015,28,7252992,0.25,0.15
fix015-s28,fix015,28,7283712,0.27,0.15
fix015-s28,fix015,28,7314432,0.37,0.15
fix015-s28,fix015,28,7345152,0.25,0.15
fix015-s28,fix015,28,7375872,0.23,0.15
fix015-s28,fix015,28,7406592,0.31,0.15
fix015-s28,fix015,28,7437312,0.2,0.15
fix015-s28,fix015,28,7468032,0.26,0.15
fix015-s28,fix015,28,7498752,0.17,0.15
fix015-s28,fix015,28,7529472,0.3,0.15
fix015-s28,fix015,28,7560192,0.28,0.15
fix015-s28,fix015,28,7590912,0.3,0.15
fix015-s28,fix015,28,7621632,0.29,0.15
fix015-s28,fix015,28,7652352,0.24,0.15
fix015-s28,fix015,28,7683072,0.24,0.15
fix015-s28,fix015,28,7713792,0.27,0.15
fix015-s28,fix015,28,7744512,0.18,0.15
fix015-s28,fix015,28,7775232,0.27,0.15
fix015-s28,fix015,28,7805952,0.32,0.15
fix015-s28,fix015,28,7836672,0.31,0.15
fix015-s28,fix015,28,7867392,0.31,0.15
fix015-s28,fix015,28,7898112,0.32,0.15
fix015-s28,fix015,28,7928832,0.25,0.15
fix015-s28,fix015,28,7959552,0.34,0.15
fix015-s28,fix015,28,7990272,0.24,0.15
fix015-s28,fix015,28,8020992,0.25,0.15
fix015-s28,fix015,28,8051712,0.2,0.15
fix015-s28,fix015,28,8082432,0.21,0.15
fix015-s28,fix015,28,8113152,0.23,0.15
fix015-s28,fix015,28,8143872,0.3,0.15
fix015-s28,fix015,28,8174592,0.25,0.15
fix015-s28,fix015,28,8205312,0.31,0.15
fix015-s28,fix015,28,8236032,0.27,0.15
fix015-s28,fix015,28,8266752,0.3,0.15
fix015-s28,fix015,28,8297472,0.3,0.15
fix015-s28,fix015,28,8328192,0.23,0.15
fix015-s28,fix015,28,8358912,0.25,0.15
fix015-s28,fix015,28,8389632,0.36,0.15
fix015-s28,fix015,28,8420352,0.24,0.15
fix015-s28,fix015,28,8451072,0.34,0.15
fix015-s28,fix015,28,8481792,0.21,0.15
fix015-s28,fix015,28,8512512,0.27,0.15
fix015-s28,fix015,28,8543232,0.4,0.15
fix015-s28,fix015,28,8573952,0.34,0.15
fix015-s28,fix015,28,8604672,0.36,0.15
fix015-s28,fix015,28,8635392,0.3,0.15
fix015-s28,fix015,28,8666112,0.32,0.15
fix015-s28,fix015,28,8696832,0.35,0.15
fix015-s28,fix015,28,8727552,0.35,0.15
fix015-s28,fix015,28,8758272,0.35,0.15
fix015-s28,fix015,28,8788992,0.24,0.15
fix015-s28,fix015,28,8819712,0.34,0.15
fix015-s28,fix015,28,8850432,0.27,0.15
fix015-s28,fix015,28,8881152,0.34,0.15
fix015-s28,fix015,28,8911872,0.37,0.15
fix015-s28,fix015,28,8942592,0.37,0.15
fix015-s28,fix015,28,8973312,0.38,0.15
fix015-s28,fix015,28,9004032,0.28,0.15
fix015-s28,fix015,28,9034752,0.34,0.15
fix015-s28,fix015,28,9065472,0.41,0.15
fix015-s28,fix015,28,9096192,0.32,0.15
fix015-s28,fix015,28,9126912,0.35,0.15
fix015-s28,fix015,28,9157632,0.35,0.15
fix015-s28,fix015,28,9188352,0.31,0.15
fix015-s28,fix015,28,9219072,0.3,0.15
fix015-s28,fix015,28,9249792,0.32,0.15
fix015-s28,fix015,28,9280512,0.35,0.15
fix015-s28,fix015,28,9311232,0.41,0.15
fix015-s28,fix015,28,9341952,0.4,0.15
fix015-s28,fix015,28,9372672,0.27,0.15
fix015-s28,fix015,28,9403392,0.29,0.15
fix015-s28,fix015,28,9434112,0.35,0.15
fix015-s28,fix015,28,9464832,0.36,0.15
fix015-s28,fix015,28,9495552,0.36,0.15
fix015-s28,fix015,28,9526272,0.33,0.15
fix015-s28,fix015,28,9556992,0.31,0.15
fix015-s28,fix015,28,9587712,0.33,0.15
fix015-s28,fix015,28,9618432,0.36,0.15
fix015-s28,fix015,28,9649152,0.43,0.15
fix015-s28,fix015,28,9679872,0.32,0.15
fix015-s28,fix015,28,9710592,0.4,0.15
fix015-s28,fix015,28,9741312,0.38,0.15
fix015-s28,fix015,28,9772032,0.34,0.15
fix015-s28,fix015,28,9802752,0.37,0.15
fix015-s28,fix015,28,9833472,0.27,0.15
fix015-s28,fix015,28,9864192,0.36,0.15
fix015-s28,fix015,28,9894912,0.33,0.15
fix015-s28,fix015,28,9925632,0.46,0.15
fix015-s28,fix015,28,9956352,0.3,0.15
fix015-s28,fix015,28,9987072,0.33,0.15
fix015-s28,fix015,28,10017792,0.41,0.15
fix015-s28,fix015,28,10048512,0.44,0.15
fix015-s28,fix015,28,10079232,0.37,0.15
fix015-s28,fix015,28,10109952,0.38,0.15
fix015-s28,fix015,28,10140672,0.41,0.15
fix015-s28,fix015,28,10171392,0.3,0.15
fix015-s28,fix015,28,10202112,0.37,0.15
fix015-s28,fix015,28,10232832,0.37,0.15
fix015-s28,fix015,28,10263552,0.34,0.15
fix015-s28,fix015,28,10294272,0.26,0.15
fix015-s28,fix015,28,10324992,0.35,0.15
fix015-s28,fix015,28,10355712,0.4,0.15
fix015-s28,fix015,28,10386432,0.36,0.15
fix015-s28,fix015,28,10417152,0.33,0.15
fix015-s28,fix015,28,10447872,0.36,0.15
fix015-s28,fix015,28,10478592,0.48,0.15
fix015-s28,fix015,28,10509312,0.35,0.15
fix015-s28,fix015,28,10540032,0.46,0.15
fix015-s28,fix015,28,10570752,0.43,0.15
fix015-s28,fix015,28,10601472,0.38,0.15
fix015-s28,fix015,28,10632192,0.43,0.15
fix015-s28,fix015,28,10662912,0.3,0.15
fix015-s28,fix015,28,10693632,0.42,0.15
fix015-s28,fix015,28,10724352,0.47,0.15
fix015-s28,fix015,28,10755072,0.46,0.15
fix015-s28,fix015,28,10785792,0.44,0.15
fix015-s28,fix015,28,10816512,0.48,0.15
fix015-s28,fix015,28,10847232,0.4,0.15
fix015-s28,fix015,28,10877952,0.36,0.15
fix015-s28,fix015,28,10908672,0.38,0.15
fix015-s28,fix015,28,10939392,0.38,0.15
fix015-s28,fix015,28,10970112,0.46,0.15
fix015-s28,fix015,28,11000832,0.32,0.15
fix015-s28,fix015,28,11031552,0.39,0.15
fix015-s28,fix015,28,11062272,0.36,0.15
fix015-s28,fix015,28,11092992,0.41,0.15
fix015-s28,fix015,28,11123712,0.38,0.15
fix015-s28,fix015,28,11154432,0.43,0.15
fix015-s28,fix015,28,11185152,0.38,0.15
fix015-s28,fix015,28,11215872,0.35,0.15
fix015-s28,fix015,28,11246592,0.4,0.15
fix015-s28,fix015,28,11277312,0.44,0.15
fix015-s28,fix015,28,11308032,0.41,0.15
fix015-s28,fix015,28,11338752,0.34,0.15
fix015-s28,fix015,28,11369472,0.37,0.15
fix015-s28,fix015,28,11400192,0.33,0.15
fix015-s28,fix015,28,11430912,0.36,0.15
fix015-s28,fix015,28,11461632,0.39,0.15
fix015-s28,fix015,28,11492352,0.34,0.15
fix015-s28,fix015,28,11523072,0.44,0.15
fix015-s28,fix015,28,11553792,0.4,0.15
fix015-s28,fix015,28,11584512,0.43,0.15
fix015-s28,fix015,28,11615232,0.43,0.15
fix015-s28,fix015,28,11645952,0.42,0.15
fix015-s28,fix015,28,11676672,0.37,0.15
fix015-s28,fix015,28,11707392,0.37,0.15
fix015-s28,fix015,28,11738112,0.49,0.15
fix015-s28,fix015,28,11768832,0.51,0.15
fix015-s28,fix015,28,11799552,0.41,0.15
fix015-s28,fix015,28,11830272,0.44,0.15
fix015-s28,fix015,28,11860992,0.45,0.15
fix015-s28,fix015,28,11891712,0.4,0.15
fix015-s28,fix015,28,11922432,0.42,0.15
fix015-s28,fix015,28,11953152,0.38,0.15
fix015-s28,fix015,28,11983872,0.41,0.15
fix015-s28,fix015,28,12014592,0.33,0.15
fix015-s28,fix015,28,12045312,0.42,0.15
fix015-s28,fix015,28,12076032,0.38,0.15
fix015-s28,fix015,28,12106752,0.46,0.15
fix015-s28,fix015,28,12137472,0.48,0.15
fix015-s28,fix015,28,12168192,0.4,0.15
fix015-s28,fix015,28,12198912,0.43,0.15
fix015-s28,fix015,28,12229632,0.44,0.15
fix015-s28,fix015,28,12260352,0.5,0.15
fix015-s28,fix015,28,12291072,0.4,0.15
fix015-s28,fix015,28,12321792,0.5,0.15
fix015-s28,fix015,28,12352512,0.48,0.15
fix015-s28,fix015,28,12383232,0.47,0.15
fix015-s28,fix015,28,12413952,0.4,0.15
fix015-s28,fix015,28,12444672,0.5,0.15
fix015-s28,fix015,28,12475392,0.56,0.15
fix015-s28,fix015,28,12506112,0.39,0.15
fix015-s28,fix015,28,12536832,0.51,0.15
fix015-s28,fix015,28,12567552,0.46,0.15
fix015-s28,fix015,28,12598272,0.48,0.15
fix015-s28,fix015,28,12628992,0.42,0.15
fix015-s28,fix015,28,12659712,0.49,0.15
fix015-s28,fix015,28,12690432,0.43,0.15
fix015-s28,fix015,28,12721152,0.35,0.15
fix015-s28,fix015,28,12751872,0.45,0.15
fix015-s28,fix015,28,12782592,0.55,0.15
fix015-s28,fix015,28,12813312,0.53,0.15
fix015-s28,fix015,28,12844032,0.38,0.15
fix015-s28,fix015,28,12874752,0.5,0.15
fix015-s28,fix015,28,12905472,0.44,0.15
fix015-s28,fix015,28,12936192,0.46,0.15
fix015-s28,fix015,28,12966912,0.42,0.15
fix015-s28,fix015,28,12997632,0.47,0.15
fix015-s28,fix015,28,13028352,0.49,0.15
fix015-s28,fix015,28,13059072,0.49,0.15
fix015-s28,fix015,28,13089792,0.42,0.15
fix015-s28,fix015,28,13120512,0.43,0.15
fix015-s28,fix015,28,13151232,0.51,0.15
fix015-s28,fix015,28,13181952,0.54,0.15
fix015-s28,fix015,28,13212672,0.39,0.15
fix015-s28,fix015,28,13243392,0.52,0.15
fix015-s28,fix015,28,13274112,0.47,0.15
fix015-s28,fix015,28,13304832,0.47,0.15
fix015-s28,fix015,28,13335552,0.46,0.15
fix015-s28,fix015,28,13366272,0.47,0.15
fix015-s28,fix015,28,13396992,0.45,0.15
fix015-s28,fix015,28,13427712,0.49,0.15
fix015-s28,fix015,28,13458432,0.41,0.15
fix015-s28,fix015,28,13489152,0.44,0.15
fix015-s28,fix015,28,13519872,0.55,0.15
fix015-s28,fix015,28,13550592,0.53,0.15
fix015-s28,fix015,28,13581312,0.53,0.15
fix015-s28,fix015,28,13612032,0.49,0.15
fix015-s28,fix015,28,13642752,0.43,0.15
fix015-s28,fix015,28,13673472,0.47,0.15
fix015-s28,fix015,28,13704192,0.45,0.15
fix015-s28,fix015,28,13734912,0.46,0.15
fix015-s28,fix015,28,13765632,0.5,0.15
fix015-s28,fix015,28,13796352,0.47,0.15
fix015-s28,fix015,28,13827072,0.48,0.15
fix015-s28,fix015,28,13857792,0.41,0.15
fix015-s28,fix015,28,13888512,0.52,0.15
fix015-s28,fix015,28,13919232,0.44,0.15
fix015-s28,fix015,28,13949952,0.54,0.15
fix015-s28,fix015,28,13980672,0.57,0.15
fix015-s28,fix015,28,14011392,0.46,0.15
fix015-s28,fix015,28,14042112,0.62,0.15
fix015-s28,fix015,28,14072832,0.49,0.15
fix015-s28,fix015,28,14103552,0.51,0.15
fix015-s28,fix015,28,14134272,0.51,0.15
fix015-s28,fix015,28,14164992,0.46,0.15
fix015-s28,fix015,28,14195712,0.49,0.15
fix015-s28,fix015,28,14226432,0.49,0.15
fix015-s28,fix015,28,14257152,0.52,0.15
fix015-s28,fix015,28,14287872,0.51,0.15
fix015-s28,fix015,28,14318592,0.58,0.15
fix015-s28,fix015,28,14349312,0.5,0.15
fix015-s28,fix015,28,14380032,0.48,0.15
fix015-s28,fix015,28,14410752,0.53,0.15
fix015-s28,fix015,28,14441472,0.52,0.15
fix015-s28,fix015,28,14472192,0.48,0.15
fix015-s28,fix015,28,14502912,0.51,0.15
fix015-s28,fix015,28,14533632,0.56,0.15
fix015-s28,fix015,28,14564352,0.53,0.15
fix015-s28,fix015,28,14595072,0.47,0.15
fix015-s28,fix015,28,14625792,0.54,0.15
fix015-s28,fix015,28,14656512,0.48,0.15
fix015-s28,fix015,28,14687232,0.62,0.15
fix015-s28,fix015,28,14717952,0.55,0.15
fix015-s28,fix015,28,14748672,0.54,0.15
fix015-s28,fix015,28,14779392,0.44,0.15
fix015-s28,fix015,28,14810112,0.48,0.15
fix015-s28,fix015,28,14840832,0.49,0.15
fix015-s28,fix015,28,14871552,0.49,0.15
fix015-s28,fix015,28,14902272,0.58,0.15
fix015-s28,fix015,28,14932992,0.55,0.15
fix015-s28,fix015,28,14963712,0.54,0.15
fix015-s28,fix015,28,14994432,0.54,0.15
fix015-s28,fix015,28,14997504,0.46,0.15
fix015-s29,fix015,29,4918272,0.1,0.15
fix015-s29,fix015,29,4948992,0.2,0.15
fix015-s29,fix015,29,4979712,0.23,0.15
fix015-s29,fix015,29,5010432,0.16,0.15
fix015-s29,fix015,29,5041152,0.19,0.15
fix015-s29,fix015,29,5071872,0.17,0.15
fix015-s29,fix015,29,5102592,0.13,0.15
fix015-s29,fix015,29,5133312,0.22,0.15
fix015-s29,fix015,29,5164032,0.22,0.15
fix015-s29,fix015,29,5194752,0.17,0.15
fix015-s29,fix015,29,5225472,0.22,0.15
fix015-s29,fix015,29,5256192,0.17,0.15
fix015-s29,fix015,29,5286912,0.2,0.15
fix015-s29,fix015,29,5317632,0.17,0.15
fix015-s29,fix015,29,5348352,0.22,0.15
fix015-s29,fix015,29,5379072,0.17,0.15
fix015-s29,fix015,29,5409792,0.14,0.15
fix015-s29,fix015,29,5440512,0.23,0.15
fix015-s29,fix015,29,5471232,0.15,0.15
fix015-s29,fix015,29,5501952,0.21,0.15
fix015-s29,fix015,29,5532672,0.24,0.15
fix015-s29,fix015,29,5563392,0.15,0.15
fix015-s29,fix015,29,5594112,0.22,0.15
fix015-s29,fix015,29,5624832,0.26,0.15
fix015-s29,fix015,29,5655552,0.21,0.15
fix015-s29,fix015,29,5686272,0.17,0.15
fix015-s29,fix015,29,5716992,0.27,0.15
fix015-s29,fix015,29,5747712,0.29,0.15
fix015-s29,fix015,29,5778432,0.13,0.15
fix015-s29,fix015,29,5809152,0.22,0.15
fix015-s29,fix015,29,5839872,0.21,0.15
fix015-s29,fix015,29,5870592,0.19,0.15
fix015-s29,fix015,29,5901312,0.16,0.15
fix015-s29,fix015,29,5932032,0.17,0.15
fix015-s29,fix015,29,5962752,0.2,0.15
fix015-s29,fix015,29,5993472,0.23,0.15
fix015-s29,fix015,29,6024192,0.13,0.15
fix015-s29,fix015,29,6054912,0.19,0.15
fix015-s29,fix015,29,6085632,0.19,0.15
fix015-s29,fix015,29,6116352,0.21,0.15
fix015-s29,fix015,29,6147072,0.16,0.15
fix015-s29,fix015,29,6177792,0.17,0.15
fix015-s29,fix015,29,6208512,0.17,0.15
fix015-s29,fix015,29,6239232,0.19,0.15
fix015-s29,fix015,29,6269952,0.28,0.15
fix015-s29,fix015,29,6300672,0.3,0.15
fix015-s29,fix015,29,6331392,0.22,0.15
fix015-s29,fix015,29,6362112,0.18,0.15
fix015-s29,fix015,29,6392832,0.21,0.15
fix015-s29,fix015,29,6423552,0.19,0.15
fix015-s29,fix015,29,6454272,0.27,0.15
fix015-s29,fix015,29,6484992,0.22,0.15
fix015-s29,fix015,29,6515712,0.25,0.15
fix015-s29,fix015,29,6546432,0.24,0.15
fix015-s29,fix015,29,6577152,0.26,0.15
fix015-s29,fix015,29,6607872,0.17,0.15
fix015-s29,fix015,29,6638592,0.22,0.15
fix015-s29,fix015,29,6669312,0.25,0.15
fix015-s29,fix015,29,6700032,0.31,0.15
fix015-s29,fix015,29,6730752,0.25,0.15
fix015-s29,fix015,29,6761472,0.32,0.15
fix015-s29,fix015,29,6792192,0.18,0.15
fix015-s29,fix015,29,6822912,0.24,0.15
fix015-s29,fix015,29,6853632,0.28,0.15
fix015-s29,fix015,29,6884352,0.32,0.15
fix015-s29,fix015,29,6915072,0.25,0.15
fix015-s29,fix015,29,6945792,0.24,0.15
fix015-s29,fix015,29,6976512,0.26,0.15
fix015-s29,fix015,29,7007232,0.16,0.15
fix015-s29,fix015,29,7037952,0.27,0.15
fix015-s29,fix015,29,7068672,0.27,0.15
fix015-s29,fix015,29,7099392,0.23,0.15
fix015-s29,fix015,29,7130112,0.24,0.15
fix015-s29,fix015,29,7160832,0.31,0.15
fix015-s29,fix015,29,7191552,0.26,0.15
fix015-s29,fix015,29,7222272,0.24,0.15
fix015-s29,fix015,29,7252992,0.27,0.15
fix015-s29,fix015,29,7283712,0.27,0.15
fix015-s29,fix015,29,7314432,0.24,0.15
fix015-s29,fix015,29,7345152,0.34,0.15
fix015-s29,fix015,29,7375872,0.25,0.15
fix015-s29,fix015,29,7406592,0.33,0.15
fix015-s29,fix015,29,7437312,0.28,0.15
fix015-s29,fix015,29,7468032,0.31,0.15
fix015-s29,fix015,29,7498752,0.29,0.15
fix015-s29,fix015,29,7529472,0.31,0.15
fix015-s29,fix015,29,7560192,0.3,0.15
fix015-s29,fix015,29,7590912,0.31,0.15
fix015-s29,fix015,29,7621632,0.31,0.15
fix015-s29,fix015,29,7652352,0.35,0.15
fix015-s29,fix015,29,7683072,0.28,0.15
fix015-s29,fix015,29,7713792,0.22,0.15
fix015-s29,fix015,29,7744512,0.24,0.15
fix015-s29,fix015,29,7775232,0.32,0.15
fix015-s29,fix015,29,7805952,0.2,0.15
fix015-s29,fix015,29,7836672,0.26,0.15
fix015-s29,fix015,29,7867392,0.28,0.15
fix015-s29,fix015,29,7898112,0.24,0.15
fix015-s29,fix015,29,7928832,0.22,0.15
fix015-s29,fix015,29,7959552,0.28,0.15
fix015-s29,fix015,29,7990272,0.35,0.15
fix015-s29,fix015,29,8020992,0.36,0.15
fix015-s29,fix015,29,8051712,0.31,0.15
fix015-s29,fix015,29,8082432,0.25,0.15
fix015-s29,fix015,29,8113152,0.26,0.15
fix015-s29,fix015,29,8143872,0.29,0.15
fix015-s29,fix015,29,8174592,0.37,0.15
fix015-s29,fix015,29,8205312,0.36,0.15
fix015-s29,fix015,29,8236032,0.28,0.15
fix015-s29,fix015,29,8266752,0.36,0.15
fix015-s29,fix015,29,8297472,0.31,0.15
fix015-s29,fix015,29,8328192,0.29,0.15
fix015-s29,fix015,29,8358912,0.34,0.15
fix015-s29,fix015,29,8389632,0.27,0.15
fix015-s29,fix015,29,8420352,0.25,0.15
fix015-s29,fix015,29,8451072,0.28,0.15
fix015-s29,fix015,29,8481792,0.34,0.15
fix015-s29,fix015,29,8512512,0.3,0.15
fix015-s29,fix015,29,8543232,0.26,0.15
fix015-s29,fix015,29,8573952,0.32,0.15
fix015-s29,fix015,29,8604672,0.32,0.15
fix015-s29,fix015,29,8635392,0.33,0.15
fix015-s29,fix015,29,8666112,0.29,0.15
fix015-s29,fix015,29,8696832,0.31,0.15
fix015-s29,fix015,29,8727552,0.36,0.15
fix015-s29,fix015,29,8758272,0.33,0.15
fix015-s29,fix015,29,8788992,0.28,0.15
fix015-s29,fix015,29,8819712,0.38,0.15
fix015-s29,fix015,29,8850432,0.33,0.15
fix015-s29,fix015,29,8881152,0.22,0.15
fix015-s29,fix015,29,8911872,0.25,0.15
fix015-s29,fix015,29,8942592,0.28,0.15
fix015-s29,fix015,29,8973312,0.3,0.15
fix015-s29,fix015,29,9004032,0.32,0.15
fix015-s29,fix015,29,9034752,0.34,0.15
fix015-s29,fix015,29,9065472,0.43,0.15
fix015-s29,fix015,29,9096192,0.41,0.15
fix015-s29,fix015,29,9126912,0.3,0.15
fix015-s29,fix015,29,9157632,0.29,0.15
fix015-s29,fix015,29,9188352,0.39,0.15
fix015-s29,fix015,29,9219072,0.36,0.15
fix015-s29,fix015,29,9249792,0.36,0.15
fix015-s29,fix015,29,9280512,0.38,0.15
fix015-s29,fix015,29,9311232,0.41,0.15
fix015-s29,fix015,29,9341952,0.35,0.15
fix015-s29,fix015,29,9372672,0.32,0.15
fix015-s29,fix015,29,9403392,0.28,0.15
fix015-s29,fix015,29,9434112,0.32,0.15
fix015-s29,fix015,29,9464832,0.32,0.15
fix015-s29,fix015,29,9495552,0.3,0.15
fix015-s29,fix015,29,9526272,0.36,0.15
fix015-s29,fix015,29,9556992,0.37,0.15
fix015-s29,fix015,29,9587712,0.32,0.15
fix015-s29,fix015,29,9618432,0.34,0.15
fix015-s29,fix015,29,9649152,0.28,0.15
fix015-s29,fix015,29,9679872,0.35,0.15
fix015-s29,fix015,29,9710592,0.34,0.15
fix015-s29,fix015,29,9741312,0.38,0.15
fix015-s29,fix015,29,9772032,0.35,0.15
fix015-s29,fix015,29,9802752,0.4,0.15
fix015-s29,fix015,29,9833472,0.37,0.15
fix015-s29,fix015,29,9864192,0.31,0.15
fix015-s29,fix015,29,9894912,0.35,0.15
fix015-s29,fix015,29,9925632,0.37,0.15
fix015-s29,fix015,29,9956352,0.32,0.15
fix015-s29,fix015,29,9987072,0.34,0.15
fix015-s29,fix015,29,10017792,0.37,0.15
fix015-s29,fix015,29,10048512,0.36,0.15
fix015-s29,fix015,29,10079232,0.36,0.15
fix015-s29,fix015,29,10109952,0.5,0.15
fix015-s29,fix015,29,10140672,0.38,0.15
fix015-s29,fix015,29,10171392,0.31,0.15
fix015-s29,fix015,29,10202112,0.35,0.15
fix015-s29,fix015,29,10232832,0.32,0.15
fix015-s29,fix015,29,10263552,0.36,0.15
fix015-s29,fix015,29,10294272,0.38,0.15
fix015-s29,fix015,29,10324992,0.41,0.15
fix015-s29,fix015,29,10355712,0.42,0.15
fix015-s29,fix015,29,10386432,0.38,0.15
fix015-s29,fix015,29,10417152,0.38,0.15
fix015-s29,fix015,29,10447872,0.39,0.15
fix015-s29,fix015,29,10478592,0.28,0.15
fix015-s29,fix015,29,10509312,0.39,0.15
fix015-s29,fix015,29,10540032,0.38,0.15
fix015-s29,fix015,29,10570752,0.39,0.15
fix015-s29,fix015,29,10601472,0.24,0.15
fix015-s29,fix015,29,10632192,0.32,0.15
fix015-s29,fix015,29,10662912,0.44,0.15
fix015-s29,fix015,29,10693632,0.35,0.15
fix015-s29,fix015,29,10724352,0.35,0.15
fix015-s29,fix015,29,10755072,0.48,0.15
fix015-s29,fix015,29,10785792,0.34,0.15
fix015-s29,fix015,29,10816512,0.3,0.15
fix015-s29,fix015,29,10847232,0.46,0.15
fix015-s29,fix015,29,10877952,0.38,0.15
fix015-s29,fix015,29,10908672,0.38,0.15
fix015-s29,fix015,29,10939392,0.39,0.15
fix015-s29,fix015,29,10970112,0.42,0.15
fix015-s29,fix015,29,11000832,0.51,0.15
fix015-s29,fix015,29,11031552,0.43,0.15
fix015-s29,fix015,29,11062272,0.42,0.15
fix015-s29,fix015,29,11092992,0.34,0.15
fix015-s29,fix015,29,11123712,0.35,0.15
fix015-s29,fix015,29,11154432,0.36,0.15
fix015-s29,fix015,29,11185152,0.33,0.15
fix015-s29,fix015,29,11215872,0.4,0.15
fix015-s29,fix015,29,11246592,0.42,0.15
fix015-s29,fix015,29,11277312,0.43,0.15
fix015-s29,fix015,29,11308032,0.35,0.15
fix015-s29,fix015,29,11338752,0.4,0.15
fix015-s29,fix015,29,11369472,0.42,0.15
fix015-s29,fix015,29,11400192,0.35,0.15
fix015-s29,fix015,29,11430912,0.41,0.15
fix015-s29,fix015,29,11461632,0.37,0.15
fix015-s29,fix015,29,11492352,0.41,0.15
fix015-s29,fix015,29,11523072,0.31,0.15
fix015-s29,fix015,29,11553792,0.35,0.15
fix015-s29,fix015,29,11584512,0.4,0.15
fix015-s29,fix015,29,11615232,0.47,0.15
fix015-s29,fix015,29,11645952,0.39,0.15
fix015-s29,fix015,29,11676672,0.36,0.15
fix015-s29,fix015,29,11707392,0.37,0.15
fix015-s29,fix015,29,11738112,0.49,0.15
fix015-s29,fix015,29,11768832,0.47,0.15
fix015-s29,fix015,29,11799552,0.38,0.15
fix015-s29,fix015,29,11830272,0.39,0.15
fix015-s29,fix015,29,11860992,0.36,0.15
fix015-s29,fix015,29,11891712,0.34,0.15
fix015-s29,fix015,29,11922432,0.42,0.15
fix015-s29,fix015,29,11953152,0.46,0.15
fix015-s29,fix015,29,11983872,0.41,0.15
fix015-s29,fix015,29,12014592,0.39,0.15
fix015-s29,fix015,29,12045312,0.47,0.15
fix015-s29,fix015,29,12076032,0.45,0.15
fix015-s29,fix015,29,12106752,0.44,0.15
fix015-s29,fix015,29,12137472,0.48,0.15
fix015-s29,fix015,29,12168192,0.44,0.15
fix015-s29,fix015,29,12198912,0.43,0.15
fix015-s29,fix015,29,12229632,0.49,0.15
fix015-s29,fix015,29,12260352,0.42,0.15
fix015-s29,fix015,29,12291072,0.41,0.15
fix015-s29,fix015,29,12321792,0.34,0.15
fix015-s29,fix015,29,12352512,0.38,0.15
fix015-s29,fix015,29,12383232,0.44,0.15
fix015-s29,fix015,29,12413952,0.38,0.15
fix015-s29,fix015,29,12444672,0.39,0.15
fix015-s29,fix015,29,12475392,0.47,0.15
fix015-s29,fix015,29,12506112,0.44,0.15
fix015-s29,fix015,29,12536832,0.44,0.15
fix015-s29,fix015,29,12567552,0.45,0.15
fix015-s29,fix015,29,12598272,0.41,0.15
fix015-s29,fix015,29,12628992,0.48,0.15
fix015-s29,fix015,29,12659712,0.41,0.15
fix015-s29,fix015,29,12690432,0.47,0.15
fix015-s29,fix015,29,12721152,0.45,0.15
fix015-s29,fix015,29,12751872,0.41,0.15
fix015-s29,fix015,29,12782592,0.53,0.15
fix015-s29,fix015,29,12813312,0.39,0.15
fix015-s29,fix015,29,12844032,0.39,0.15
fix015-s29,fix015,29,12874752,0.39,0.15
fix015-s29,fix015,29,12905472,0.5,0.15
fix015-s29,fix015,29,12936192,0.5,0.15
fix015-s29,fix015,29,12966912,0.59,0.15
fix015-s29,fix015,29,12997632,0.45,0.15
fix015-s29,fix015,29,13028352,0.35,0.15
fix015-s29,fix015,29,13059072,0.52,0.15
fix015-s29,fix015,29,13089792,0.41,0.15
fix015-s29,fix015,29,13120512,0.5,0.15
fix015-s29,fix015,29,13151232,0.34,0.15
fix015-s29,fix015,29,13181952,0.43,0.15
fix015-s29,fix015,29,13212672,0.41,0.15
fix015-s29,fix015,29,13243392,0.45,0.15
fix015-s29,fix015,29,13274112,0.41,0.15
fix015-s29,fix015,29,13304832,0.44,0.15
fix015-s29,fix015,29,13335552,0.45,0.15
fix015-s29,fix015,29,13366272,0.42,0.15
fix015-s29,fix015,29,13396992,0.51,0.15
fix015-s29,fix015,29,13427712,0.48,0.15
fix015-s29,fix015,29,13458432,0.41,0.15
fix015-s29,fix015,29,13489152,0.5,0.15
fix015-s29,fix015,29,13519872,0.34,0.15
fix015-s29,fix015,29,13550592,0.38,0.15
fix015-s29,fix015,29,13581312,0.39,0.15
fix015-s29,fix015,29,13612032,0.48,0.15
fix015-s29,fix015,29,13642752,0.46,0.15
fix015-s29,fix015,29,13673472,0.5,0.15
fix015-s29,fix015,29,13704192,0.47,0.15
fix015-s29,fix015,29,13734912,0.48,0.15
fix015-s29,fix015,29,13765632,0.51,0.15
fix015-s29,fix015,29,13796352,0.41,0.15
fix015-s29,fix015,29,13827072,0.4,0.15
fix015-s29,fix015,29,13857792,0.53,0.15
fix015-s29,fix015,29,13888512,0.48,0.15
fix015-s29,fix015,29,13919232,0.44,0.15
fix015-s29,fix015,29,13949952,0.42,0.15
fix015-s29,fix015,29,13980672,0.45,0.15
fix015-s29,fix015,29,14011392,0.5,0.15
fix015-s29,fix015,29,14042112,0.41,0.15
fix015-s29,fix015,29,14072832,0.45,0.15
fix015-s29,fix015,29,14103552,0.48,0.15
fix015-s29,fix015,29,14134272,0.55,0.15
fix015-s29,fix015,29,14164992,0.42,0.15
fix015-s29,fix015,29,14195712,0.45,0.15
fix015-s29,fix015,29,14226432,0.45,0.15
fix015-s29,fix015,29,14257152,0.4,0.15
fix015-s29,fix015,29,14287872,0.47,0.15
fix015-s29,fix015,29,14318592,0.39,0.15
fix015-s29,fix015,29,14349312,0.53,0.15
fix015-s29,fix015,29,14380032,0.55,0.15
fix015-s29,fix015,29,14410752,0.5,0.15
fix015-s29,fix015,29,14441472,0.46,0.15
fix015-s29,fix015,29,14472192,0.48,0.15
fix015-s29,fix015,29,14502912,0.48,0.15
fix015-s29,fix015,29,14533632,0.43,0.15
fix015-s29,fix015,29,14564352,0.53,0.15
fix015-s29,fix015,29,14595072,0.47,0.15
fix015-s29,fix015,29,14625792,0.44,0.15
fix015-s29,fix015,29,14656512,0.48,0.15
fix015-s29,fix015,29,14687232,0.39,0.15
fix015-s29,fix015,29,14717952,0.44,0.15
fix015-s29,fix015,29,14748672,0.41,0.15
fix015-s29,fix015,29,14779392,0.59,0.15
fix015-s29,fix015,29,14810112,0.51,0.15
fix015-s29,fix015,29,14840832,0.57,0.15
fix015-s29,fix015,29,14871552,0.44,0.15
fix015-s29,fix015,29,14902272,0.48,0.15
fix015-s29,fix015,29,14932992,0.48,0.15
fix015-s29,fix015,29,14963712,0.4,0.15
fix015-s29,fix015,29,14994432,0.51,0.15
fix015-s29,fix015,29,14997504,0.49,0.15
fscap015-s27,fscap015,27,3072,0.0,-1.0
fscap015-s27,fscap015,27,33792,0.01,-1.0
fscap015-s27,fscap015,27,64512,0.03,-1.0
fscap015-s27,fscap015,27,95232,0.01,-1.0
fscap015-s27,fscap015,27,125952,0.04,-1.0
fscap015-s27,fscap015,27,156672,0.01,-1.0
fscap015-s27,fscap015,27,187392,0.01,-1.0
fscap015-s27,fscap015,27,218112,0.03,-1.0
fscap015-s27,fscap015,27,248832,0.06,-1.0
fscap015-s27,fscap015,27,279552,0.05,-1.0
fscap015-s27,fscap015,27,310272,0.04,-1.0
fscap015-s27,fscap015,27,340992,0.02,-1.0
fscap015-s27,fscap015,27,371712,0.05,-1.0
fscap015-s27,fscap015,27,402432,0.04,-1.0
fscap015-s27,fscap015,27,433152,0.06,-1.0
fscap015-s27,fscap015,27,463872,0.06,-1.0
fscap015-s27,fscap015,27,494592,0.05,-1.0
fscap015-s27,fscap015,27,525312,0.03,-1.0
fscap015-s27,fscap015,27,556032,0.02,-1.0
fscap015-s27,fscap015,27,586752,0.07,-1.0
fscap015-s27,fscap015,27,617472,0.05,-1.0
fscap015-s27,fscap015,27,648192,0.09,-1.0
fscap015-s27,fscap015,27,678912,0.06,-1.0
fscap015-s27,fscap015,27,709632,0.05,-1.0
fscap015-s27,fscap015,27,740352,0.07,-1.0
fscap015-s27,fscap015,27,771072,0.05,-1.0
fscap015-s27,fscap015,27,801792,0.07,-1.0
fscap015-s27,fscap015,27,832512,0.08,-1.0
fscap015-s27,fscap015,27,863232,0.11,-1.0
fscap015-s27,fscap015,27,893952,0.07,-1.0
fscap015-s27,fscap015,27,924672,0.04,-1.0
fscap015-s27,fscap015,27,955392,0.06,-1.0
fscap015-s27,fscap015,27,986112,0.07,-1.0
fscap015-s27,fscap015,27,1016832,0.11,-1.0
fscap015-s27,fscap015,27,1047552,0.07,-1.0
fscap015-s27,fscap015,27,1078272,0.07,-1.0
fscap015-s27,fscap015,27,1108992,0.06,-1.0
fscap015-s27,fscap015,27,1139712,0.12,-1.0
fscap015-s27,fscap015,27,1170432,0.04,-1.0
fscap015-s27,fscap015,27,1201152,0.1,-1.0
fscap015-s27,fscap015,27,1231872,0.09,-1.0
fscap015-s27,fscap015,27,1262592,0.14,-1.0
fscap015-s27,fscap015,27,1293312,0.11,-1.0
fscap015-s27,fscap015,27,1324032,0.1,-1.0
fscap015-s27,fscap015,27,1354752,0.13,-1.0
fscap015-s27,fscap015,27,1385472,0.11,-1.0
fscap015-s27,fscap015,27,1416192,0.2,-1.0
fscap015-s27,fscap015,27,1446912,0.15,-1.0
fscap015-s27,fscap015,27,1477632,0.1,-1.0
fscap015-s27,fscap015,27,1508352,0.08,-1.0
fscap015-s27,fscap015,27,1539072,0.12,-1.0
fscap015-s27,fscap015,27,1569792,0.16,-0.993
fscap015-s27,fscap015,27,1600512,0.2,-1.0
fscap015-s27,fscap015,27,1631232,0.18,-1.0
fscap015-s27,fscap015,27,1661952,0.18,-1.0
fscap015-s27,fscap015,27,1692672,0.08,-1.0
fscap015-s27,fscap015,27,1723392,0.11,-0.992
fscap015-s27,fscap015,27,1754112,0.14,-0.992
fscap015-s27,fscap015,27,1784832,0.14,-0.986
fscap015-s27,fscap015,27,1815552,0.15,-0.979
fscap015-s27,fscap015,27,1846272,0.15,-0.96
fscap015-s27,fscap015,27,1876992,0.12,-0.945
fscap015-s27,fscap015,27,1907712,0.17,-0.939
fscap015-s27,fscap015,27,1938432,0.15,-0.919
fscap015-s27,fscap015,27,1969152,0.19,-0.909
fscap015-s27,fscap015,27,1999872,0.11,-0.876
fscap015-s27,fscap015,27,2030592,0.14,-0.847
fscap015-s27,fscap015,27,2061312,0.19,-0.828
fscap015-s27,fscap015,27,2092032,0.14,-0.809
fscap015-s27,fscap015,27,2122752,0.2,-0.766
fscap015-s27,fscap015,27,2153472,0.11,-0.749
fscap015-s27,fscap015,27,2184192,0.11,-0.733
fscap015-s27,fscap015,27,2214912,0.19,-0.733
fscap015-s27,fscap015,27,2245632,0.22,-0.724
fscap015-s27,fscap015,27,2276352,0.16,-0.7
fscap015-s27,fscap015,27,2307072,0.24,-0.692
fscap015-s27,fscap015,27,2337792,0.15,-0.677
fscap015-s27,fscap015,27,2368512,0.05,-0.653
fscap015-s27,fscap015,27,2399232,0.19,-0.663
fscap015-s27,fscap015,27,2429952,0.16,-0.635
fscap015-s27,fscap015,27,2460672,0.15,-0.609
fscap015-s27,fscap015,27,2491392,0.17,-0.573
fscap015-s27,fscap015,27,2522112,0.17,-0.538
fscap015-s27,fscap015,27,2552832,0.12,-0.492
fscap015-s27,fscap015,27,2583552,0.21,-0.471
fscap015-s27,fscap015,27,2614272,0.24,-0.449
fscap015-s27,fscap015,27,2644992,0.17,-0.417
fscap015-s27,fscap015,27,2675712,0.17,-0.411
fscap015-s27,fscap015,27,2706432,0.2,-0.375
fscap015-s27,fscap015,27,2737152,0.18,-0.342
fscap015-s27,fscap015,27,2767872,0.2,-0.335
fscap015-s27,fscap015,27,2798592,0.19,-0.304
fscap015-s27,fscap015,27,2829312,0.17,-0.275
fscap015-s27,fscap015,27,2860032,0.14,-0.245
fscap015-s27,fscap015,27,2890752,0.14,-0.19
fscap015-s27,fscap015,27,2921472,0.19,-0.167
fscap015-s27,fscap015,27,2952192,0.19,-0.133
fscap015-s27,fscap015,27,2982912,0.2,-0.101
fscap015-s27,fscap015,27,3013632,0.24,-0.071
fscap015-s27,fscap015,27,3044352,0.25,-0.01
fscap015-s27,fscap015,27,3075072,0.23,0.029
fscap015-s27,fscap015,27,3105792,0.17,0.047
fscap015-s27,fscap015,27,3136512,0.06,0.035
fscap015-s27,fscap015,27,3167232,0.16,0.032
fscap015-s27,fscap015,27,3197952,0.16,0.039
fscap015-s27,fscap015,27,3228672,0.14,0.06
fscap015-s27,fscap015,27,3259392,0.14,0.053
fscap015-s27,fscap015,27,3290112,0.14,0.053
fscap015-s27,fscap015,27,3320832,0.13,0.053
fscap015-s27,fscap015,27,3351552,0.21,0.061
fscap015-s27,fscap015,27,3382272,0.18,0.063
fscap015-s27,fscap015,27,3412992,0.13,0.063
fscap015-s27,fscap015,27,3443712,0.11,0.069
fscap015-s27,fscap015,27,3474432,0.13,0.068
fscap015-s27,fscap015,27,3505152,0.12,0.062
fscap015-s27,fscap015,27,3535872,0.17,0.062
fscap015-s27,fscap015,27,3566592,0.23,0.062
fscap015-s27,fscap015,27,3597312,0.14,0.07
fscap015-s27,fscap015,27,3628032,0.13,0.071
fscap015-s27,fscap015,27,3658752,0.14,0.071
fscap015-s27,fscap015,27,3689472,0.11,0.067
fscap015-s27,fscap015,27,3720192,0.15,0.073
fscap015-s27,fscap015,27,3750912,0.19,0.059
fscap015-s27,fscap015,27,3781632,0.18,0.06
fscap015-s27,fscap015,27,3812352,0.13,0.06
fscap015-s27,fscap015,27,3843072,0.12,0.067
fscap015-s27,fscap015,27,3873792,0.15,0.061
fscap015-s27,fscap015,27,3904512,0.14,0.069
fscap015-s27,fscap015,27,3935232,0.2,0.069
fscap015-s27,fscap015,27,3965952,0.16,0.082
fscap015-s27,fscap015,27,3996672,0.11,0.094
fscap015-s27,fscap015,27,4027392,0.11,0.077
fscap015-s27,fscap015,27,4058112,0.15,0.071
fscap015-s27,fscap015,27,4088832,0.13,0.072
fscap015-s27,fscap015,27,4119552,0.16,0.066
fscap015-s27,fscap015,27,4150272,0.14,0.066
fscap015-s27,fscap015,27,4180992,0.12,0.066
fscap015-s27,fscap015,27,4211712,0.13,0.066
fscap015-s27,fscap015,27,4242432,0.2,0.066
fscap015-s27,fscap015,27,4273152,0.18,0.059
fscap015-s27,fscap015,27,4303872,0.21,0.059
fscap015-s27,fscap015,27,4334592,0.14,0.084
fscap015-s27,fscap015,27,4365312,0.13,0.098
fscap015-s27,fscap015,27,4396032,0.08,0.107
fscap015-s27,fscap015,27,4426752,0.18,0.093
fscap015-s27,fscap015,27,4457472,0.07,0.093
fscap015-s27,fscap015,27,4488192,0.15,0.109
fscap015-s27,fscap015,27,4518912,0.1,0.117
fscap015-s27,fscap015,27,4549632,0.11,0.117
fscap015-s27,fscap015,27,4580352,0.1,0.117
fscap015-s27,fscap015,27,4611072,0.16,0.123
fscap015-s27,fscap015,27,4641792,0.19,0.123
fscap015-s27,fscap015,27,4672512,0.09,0.123
fscap015-s27,fscap015,27,4703232,0.11,0.117
fscap015-s27,fscap015,27,4733952,0.13,0.111
fscap015-s27,fscap015,27,4764672,0.11,0.114
fscap015-s27,fscap015,27,4795392,0.14,0.114
fscap015-s27,fscap015,27,4826112,0.13,0.108
fscap015-s27,fscap015,27,4856832,0.11,0.125
fscap015-s27,fscap015,27,4887552,0.18,0.125
fscap015-s27,fscap015,27,4918272,0.24,0.138
fscap015-s27,fscap015,27,4948992,0.17,0.141
fscap015-s27,fscap015,27,4979712,0.08,0.141
fscap015-s27,fscap015,27,5010432,0.22,0.108
fscap015-s27,fscap015,27,5041152,0.19,0.108
fscap015-s27,fscap015,27,5071872,0.13,0.108
fscap015-s27,fscap015,27,5102592,0.15,0.108
fscap015-s27,fscap015,27,5133312,0.14,0.108
fscap015-s27,fscap015,27,5164032,0.18,0.128
fscap015-s27,fscap015,27,5194752,0.19,0.125
fscap015-s27,fscap015,27,5225472,0.2,0.119
fscap015-s27,fscap015,27,5256192,0.17,0.125
fscap015-s27,fscap015,27,5286912,0.15,0.134
fscap015-s27,fscap015,27,5317632,0.22,0.143
fscap015-s27,fscap015,27,5348352,0.22,0.138
fscap015-s27,fscap015,27,5379072,0.15,0.139
fscap015-s27,fscap015,27,5409792,0.18,0.131
fscap015-s27,fscap015,27,5440512,0.1,0.131
fscap015-s27,fscap015,27,5471232,0.22,0.131
fscap015-s27,fscap015,27,5501952,0.13,0.138
fscap015-s27,fscap015,27,5532672,0.17,0.138
fscap015-s27,fscap015,27,5563392,0.16,0.15
fscap015-s27,fscap015,27,5594112,0.2,0.15
fscap015-s27,fscap015,27,5624832,0.15,0.15
fscap015-s27,fscap015,27,5655552,0.11,0.15
fscap015-s27,fscap015,27,5686272,0.08,0.15
fscap015-s27,fscap015,27,5716992,0.13,0.15
fscap015-s27,fscap015,27,5747712,0.12,0.15
fscap015-s27,fscap015,27,5778432,0.11,0.15
fscap015-s27,fscap015,27,5809152,0.15,0.15
fscap015-s27,fscap015,27,5839872,0.16,0.143
fscap015-s27,fscap015,27,5870592,0.25,0.143
fscap015-s27,fscap015,27,5901312,0.14,0.15
fscap015-s27,fscap015,27,5932032,0.11,0.15
fscap015-s27,fscap015,27,5962752,0.22,0.15
fscap015-s27,fscap015,27,5993472,0.17,0.15
fscap015-s27,fscap015,27,6024192,0.22,0.144
fscap015-s27,fscap015,27,6054912,0.19,0.15
fscap015-s27,fscap015,27,6085632,0.15,0.15
fscap015-s27,fscap015,27,6116352,0.21,0.142
fscap015-s27,fscap015,27,6147072,0.2,0.15
fscap015-s27,fscap015,27,6177792,0.21,0.15
fscap015-s27,fscap015,27,6208512,0.09,0.15
fscap015-s27,fscap015,27,6239232,0.11,0.15
fscap015-s27,fscap015,27,6269952,0.22,0.15
fscap015-s27,fscap015,27,6300672,0.11,0.15
fscap015-s27,fscap015,27,6331392,0.16,0.15
fscap015-s27,fscap015,27,6362112,0.19,0.144
fscap015-s27,fscap015,27,6392832,0.12,0.15
fscap015-s27,fscap015,27,6423552,0.12,0.144
fscap015-s27,fscap015,27,6454272,0.17,0.15
fscap015-s27,fscap015,27,6484992,0.21,0.15
fscap015-s27,fscap015,27,6515712,0.16,0.15
fscap015-s27,fscap015,27,6546432,0.16,0.15
fscap015-s27,fscap015,27,6577152,0.2,0.15
fscap015-s27,fscap015,27,6607872,0.14,0.15
fscap015-s27,fscap015,27,6638592,0.26,0.15
fscap015-s27,fscap015,27,6669312,0.13,0.15
fscap015-s27,fscap015,27,6700032,0.09,0.15
fscap015-s27,fscap015,27,6730752,0.18,0.15
fscap015-s27,fscap015,27,6761472,0.19,0.15
fscap015-s27,fscap015,27,6792192,0.17,0.15
fscap015-s27,fscap015,27,6822912,0.18,0.15
fscap015-s27,fscap015,27,6853632,0.2,0.15
fscap015-s27,fscap015,27,6884352,0.22,0.15
fscap015-s27,fscap015,27,6915072,0.17,0.144
fscap015-s27,fscap015,27,6945792,0.23,0.15
fscap015-s27,fscap015,27,6976512,0.22,0.15
fscap015-s27,fscap015,27,7007232,0.21,0.15
fscap015-s27,fscap015,27,7037952,0.19,0.15
fscap015-s27,fscap015,27,7068672,0.22,0.15
fscap015-s27,fscap015,27,7099392,0.17,0.15
fscap015-s27,fscap015,27,7130112,0.16,0.15
fscap015-s27,fscap015,27,7160832,0.18,0.15
fscap015-s27,fscap015,27,7191552,0.26,0.15
fscap015-s27,fscap015,27,7222272,0.26,0.15
fscap015-s27,fscap015,27,7252992,0.22,0.15
fscap015-s27,fscap015,27,7283712,0.17,0.15
fscap015-s27,fscap015,27,7314432,0.27,0.15
fscap015-s27,fscap015,27,7345152,0.19,0.15
fscap015-s27,fscap015,27,7375872,0.17,0.15
fscap015-s27,fscap015,27,7406592,0.12,0.15
fscap015-s27,fscap015,27,7437312,0.28,0.15
fscap015-s27,fscap015,27,7468032,0.18,0.15
fscap015-s27,fscap015,27,7498752,0.3,0.15
fscap015-s27,fscap015,27,7529472,0.23,0.15
fscap015-s27,fscap015,27,7560192,0.27,0.15
fscap015-s27,fscap015,27,7590912,0.31,0.15
fscap015-s27,fscap015,27,7621632,0.22,0.15
fscap015-s27,fscap015,27,7652352,0.16,0.15
fscap015-s27,fscap015,27,7683072,0.27,0.15
fscap015-s27,fscap015,27,7713792,0.31,0.15
fscap015-s27,fscap015,27,7744512,0.21,0.15
fscap015-s27,fscap015,27,7775232,0.31,0.15
fscap015-s27,fscap015,27,7805952,0.21,0.15
fscap015-s27,fscap015,27,7836672,0.24,0.15
fscap015-s27,fscap015,27,7867392,0.22,0.15
fscap015-s27,fscap015,27,7898112,0.24,0.15
fscap015-s27,fscap015,27,7928832,0.25,0.15
fscap015-s27,fscap015,27,7959552,0.25,0.15
fscap015-s27,fscap015,27,7990272,0.28,0.15
fscap015-s27,fscap015,27,8020992,0.2,0.15
fscap015-s27,fscap015,27,8051712,0.19,0.15
fscap015-s27,fscap015,27,8082432,0.22,0.15
fscap015-s27,fscap015,27,8113152,0.21,0.15
fscap015-s27,fscap015,27,8143872,0.29,0.15
fscap015-s27,fscap015,27,8174592,0.32,0.15
fscap015-s27,fscap015,27,8205312,0.29,0.15
fscap015-s27,fscap015,27,8236032,0.2,0.15
fscap015-s27,fscap015,27,8266752,0.22,0.15
fscap015-s27,fscap015,27,8297472,0.19,0.15
fscap015-s27,fscap015,27,8328192,0.31,0.15
fscap015-s27,fscap015,27,8358912,0.22,0.15
fscap015-s27,fscap015,27,8389632,0.2,0.15
fscap015-s27,fscap015,27,8420352,0.22,0.15
fscap015-s27,fscap015,27,8451072,0.2,0.15
fscap015-s27,fscap015,27,8481792,0.22,0.15
fscap015-s27,fscap015,27,8512512,0.24,0.15
fscap015-s27,fscap015,27,8543232,0.22,0.15
fscap015-s27,fscap015,27,8573952,0.21,0.15
fscap015-s27,fscap015,27,8604672,0.3,0.15
fscap015-s27,fscap015,27,8635392,0.22,0.15
fscap015-s27,fscap015,27,8666112,0.23,0.15
fscap015-s27,fscap015,27,8696832,0.26,0.15
fscap015-s27,fscap015,27,8727552,0.32,0.15
fscap015-s27,fscap015,27,8758272,0.27,0.15
fscap015-s27,fscap015,27,8788992,0.34,0.15
fscap015-s27,fscap015,27,8819712,0.32,0.15
fscap015-s27,fscap015,27,8850432,0.34,0.15
fscap015-s27,fscap015,27,8881152,0.27,0.15
fscap015-s27,fscap015,27,8911872,0.21,0.15
fscap015-s27,fscap015,27,8942592,0.2,0.15
fscap015-s27,fscap015,27,8973312,0.35,0.15
fscap015-s27,fscap015,27,9004032,0.21,0.15
fscap015-s27,fscap015,27,9034752,0.24,0.15
fscap015-s27,fscap015,27,9065472,0.36,0.15
fscap015-s27,fscap015,27,9096192,0.26,0.15
fscap015-s27,fscap015,27,9126912,0.21,0.15
fscap015-s27,fscap015,27,9157632,0.27,0.15
fscap015-s27,fscap015,27,9188352,0.25,0.15
fscap015-s27,fscap015,27,9219072,0.25,0.15
fscap015-s27,fscap015,27,9249792,0.3,0.15
fscap015-s27,fscap015,27,9280512,0.24,0.15
fscap015-s27,fscap015,27,9311232,0.35,0.15
fscap015-s27,fscap015,27,9341952,0.3,0.15
fscap015-s27,fscap015,27,9372672,0.33,0.15
fscap015-s27,fscap015,27,9403392,0.29,0.15
fscap015-s27,fscap015,27,9434112,0.26,0.15
fscap015-s27,fscap015,27,9464832,0.18,0.15
fscap015-s27,fscap015,27,9495552,0.24,0.15
fscap015-s27,fscap015,27,9526272,0.26,0.15
fscap015-s27,fscap015,27,9556992,0.34,0.15
fscap015-s27,fscap015,27,9587712,0.3,0.15
fscap015-s27,fscap015,27,9618432,0.4,0.15
fscap015-s27,fscap015,27,9649152,0.34,0.15
fscap015-s27,fscap015,27,9679872,0.37,0.15
fscap015-s27,fscap015,27,9710592,0.34,0.15
fscap015-s27,fscap015,27,9741312,0.24,0.15
fscap015-s27,fscap015,27,9772032,0.28,0.15
fscap015-s27,fscap015,27,9802752,0.35,0.15
fscap015-s27,fscap015,27,9833472,0.27,0.15
fscap015-s27,fscap015,27,9864192,0.3,0.15
fscap015-s27,fscap015,27,9894912,0.25,0.15
fscap015-s27,fscap015,27,9925632,0.3,0.15
fscap015-s27,fscap015,27,9956352,0.28,0.15
fscap015-s27,fscap015,27,9987072,0.22,0.15
fscap015-s27,fscap015,27,10017792,0.33,0.15
fscap015-s27,fscap015,27,10048512,0.37,0.15
fscap015-s27,fscap015,27,10079232,0.3,0.15
fscap015-s27,fscap015,27,10109952,0.33,0.15
fscap015-s27,fscap015,27,10140672,0.28,0.15
fscap015-s27,fscap015,27,10171392,0.27,0.15
fscap015-s27,fscap015,27,10202112,0.28,0.15
fscap015-s27,fscap015,27,10232832,0.29,0.15
fscap015-s27,fscap015,27,10263552,0.29,0.15
fscap015-s27,fscap015,27,10294272,0.37,0.15
fscap015-s27,fscap015,27,10324992,0.38,0.15
fscap015-s27,fscap015,27,10355712,0.31,0.15
fscap015-s27,fscap015,27,10386432,0.39,0.15
fscap015-s27,fscap015,27,10417152,0.28,0.15
fscap015-s27,fscap015,27,10447872,0.34,0.15
fscap015-s27,fscap015,27,10478592,0.32,0.15
fscap015-s27,fscap015,27,10509312,0.4,0.15
fscap015-s27,fscap015,27,10540032,0.3,0.15
fscap015-s27,fscap015,27,10570752,0.45,0.15
fscap015-s27,fscap015,27,10601472,0.37,0.15
fscap015-s27,fscap015,27,10632192,0.26,0.15
fscap015-s27,fscap015,27,10662912,0.34,0.15
fscap015-s27,fscap015,27,10693632,0.33,0.15
fscap015-s27,fscap015,27,10724352,0.28,0.15
fscap015-s27,fscap015,27,10755072,0.33,0.15
fscap015-s27,fscap015,27,10785792,0.31,0.15
fscap015-s27,fscap015,27,10816512,0.31,0.15
fscap015-s27,fscap015,27,10847232,0.22,0.15
fscap015-s27,fscap015,27,10877952,0.34,0.15
fscap015-s27,fscap015,27,10908672,0.32,0.15
fscap015-s27,fscap015,27,10939392,0.39,0.15
fscap015-s27,fscap015,27,10970112,0.36,0.15
fscap015-s27,fscap015,27,11000832,0.31,0.15
fscap015-s27,fscap015,27,11031552,0.32,0.15
fscap015-s27,fscap015,27,11062272,0.33,0.15
fscap015-s27,fscap015,27,11092992,0.34,0.15
fscap015-s27,fscap015,27,11123712,0.39,0.15
fscap015-s27,fscap015,27,11154432,0.34,0.15
fscap015-s27,fscap015,27,11185152,0.34,0.15
fscap015-s27,fscap015,27,11215872,0.35,0.15
fscap015-s27,fscap015,27,11246592,0.4,0.15
fscap015-s27,fscap015,27,11277312,0.29,0.15
fscap015-s27,fscap015,27,11308032,0.46,0.15
fscap015-s27,fscap015,27,11338752,0.38,0.15
fscap015-s27,fscap015,27,11369472,0.28,0.15
fscap015-s27,fscap015,27,11400192,0.46,0.15
fscap015-s27,fscap015,27,11430912,0.36,0.15
fscap015-s27,fscap015,27,11461632,0.28,0.15
fscap015-s27,fscap015,27,11492352,0.31,0.15
fscap015-s27,fscap015,27,11523072,0.29,0.15
fscap015-s27,fscap015,27,11553792,0.37,0.15
fscap015-s27,fscap015,27,11584512,0.4,0.15
fscap015-s27,fscap015,27,11615232,0.38,0.15
fscap015-s27,fscap015,27,11645952,0.34,0.15
fscap015-s27,fscap015,27,11676672,0.36,0.15
fscap015-s27,fscap015,27,11707392,0.41,0.15
fscap015-s27,fscap015,27,11738112,0.38,0.15
fscap015-s27,fscap015,27,11768832,0.34,0.15
fscap015-s27,fscap015,27,11799552,0.27,0.15
fscap015-s27,fscap015,27,11830272,0.36,0.15
fscap015-s27,fscap015,27,11860992,0.33,0.15
fscap015-s27,fscap015,27,11891712,0.39,0.15
fscap015-s27,fscap015,27,11922432,0.37,0.15
fscap015-s27,fscap015,27,11953152,0.3,0.15
fscap015-s27,fscap015,27,11983872,0.28,0.15
fscap015-s27,fscap015,27,12014592,0.37,0.15
fscap015-s27,fscap015,27,12045312,0.39,0.15
fscap015-s27,fscap015,27,12076032,0.3,0.15
fscap015-s27,fscap015,27,12106752,0.36,0.15
fscap015-s27,fscap015,27,12137472,0.32,0.15
fscap015-s27,fscap015,27,12168192,0.4,0.15
fscap015-s27,fscap015,27,12198912,0.47,0.15
fscap015-s27,fscap015,27,12229632,0.45,0.15
fscap015-s27,fscap015,27,12260352,0.37,0.15
fscap015-s27,fscap015,27,12291072,0.34,0.15
fscap015-s27,fscap015,27,12321792,0.41,0.15
fscap015-s27,fscap015,27,12352512,0.33,0.15
fscap015-s27,fscap015,27,12383232,0.31,0.15
fscap015-s27,fscap015,27,12413952,0.35,0.15
fscap015-s27,fscap015,27,12444672,0.38,0.15
fscap015-s27,fscap015,27,12475392,0.35,0.15
fscap015-s27,fscap015,27,12506112,0.41,0.15
fscap015-s27,fscap015,27,12536832,0.29,0.15
fscap015-s27,fscap015,27,12567552,0.41,0.15
fscap015-s27,fscap015,27,12598272,0.35,0.15
fscap015-s27,fscap015,27,12628992,0.43,0.15
fscap015-s27,fscap015,27,12659712,0.43,0.15
fscap015-s27,fscap015,27,12690432,0.34,0.15
fscap015-s27,fscap015,27,12721152,0.33,0.15
fscap015-s27,fscap015,27,12751872,0.29,0.15
fscap015-s27,fscap015,27,12782592,0.39,0.15
fscap015-s27,fscap015,27,12813312,0.42,0.15
fscap015-s27,fscap015,27,12844032,0.37,0.15
fscap015-s27,fscap015,27,12874752,0.34,0.15
fscap015-s27,fscap015,27,12905472,0.41,0.15
fscap015-s27,fscap015,27,12936192,0.48,0.15
fscap015-s27,fscap015,27,12966912,0.52,0.15
fscap015-s27,fscap015,27,12997632,0.36,0.15
fscap015-s27,fscap015,27,13028352,0.35,0.15
fscap015-s27,fscap015,27,13059072,0.36,0.15
fscap015-s27,fscap015,27,13089792,0.44,0.15
fscap015-s27,fscap015,27,13120512,0.34,0.15
fscap015-s27,fscap015,27,13151232,0.41,0.15
fscap015-s27,fscap015,27,13181952,0.38,0.15
fscap015-s27,fscap015,27,13212672,0.38,0.15
fscap015-s27,fscap015,27,13243392,0.42,0.15
fscap015-s27,fscap015,27,13274112,0.32,0.15
fscap015-s27,fscap015,27,13304832,0.41,0.15
fscap015-s27,fscap015,27,13335552,0.43,0.15
fscap015-s27,fscap015,27,13366272,0.45,0.15
fscap015-s27,fscap015,27,13396992,0.37,0.15
fscap015-s27,fscap015,27,13427712,0.38,0.15
fscap015-s27,fscap015,27,13458432,0.34,0.15
fscap015-s27,fscap015,27,13489152,0.41,0.15
fscap015-s27,fscap015,27,13519872,0.39,0.15
fscap015-s27,fscap015,27,13550592,0.39,0.15
fscap015-s27,fscap015,27,13581312,0.32,0.15
fscap015-s27,fscap015,27,13612032,0.33,0.15
fscap015-s27,fscap015,27,13642752,0.36,0.15
fscap015-s27,fscap015,27,13673472,0.36,0.15
fscap015-s27,fscap015,27,13704192,0.42,0.15
fscap015-s27,fscap015,27,13734912,0.4,0.15
fscap015-s27,fscap015,27,13765632,0.37,0.15
fscap015-s27,fscap015,27,13796352,0.38,0.15
fscap015-s27,fscap015,27,13827072,0.43,0.15
fscap015-s27,fscap015,27,13857792,0.36,0.15
fscap015-s27,fscap015,27,13888512,0.41,0.15
fscap015-s27,fscap015,27,13919232,0.38,0.15
fscap015-s27,fscap015,27,13949952,0.38,0.15
fscap015-s27,fscap015,27,13980672,0.41,0.15
fscap015-s27,fscap015,27,14011392,0.27,0.15
fscap015-s27,fscap015,27,14042112,0.33,0.15
fscap015-s27,fscap015,27,14072832,0.23,0.15
fscap015-s27,fscap015,27,14103552,0.42,0.15
fscap015-s27,fscap015,27,14134272,0.37,0.15
fscap015-s27,fscap015,27,14164992,0.42,0.15
fscap015-s27,fscap015,27,14195712,0.44,0.15
fscap015-s27,fscap015,27,14226432,0.34,0.15
fscap015-s27,fscap015,27,14257152,0.35,0.15
fscap015-s27,fscap015,27,14287872,0.36,0.15
fscap015-s27,fscap015,27,14318592,0.37,0.15
fscap015-s27,fscap015,27,14349312,0.42,0.15
fscap015-s27,fscap015,27,14380032,0.39,0.15
fscap015-s27,fscap015,27,14410752,0.42,0.15
fscap015-s27,fscap015,27,14441472,0.36,0.15
fscap015-s27,fscap015,27,14472192,0.38,0.15
fscap015-s27,fscap015,27,14502912,0.38,0.15
fscap015-s27,fscap015,27,14533632,0.36,0.15
fscap015-s27,fscap015,27,14564352,0.37,0.15
fscap015-s27,fscap015,27,14595072,0.37,0.15
fscap015-s27,fscap015,27,14625792,0.42,0.15
fscap015-s27,fscap015,27,14656512,0.43,0.15
fscap015-s27,fscap015,27,14687232,0.39,0.15
fscap015-s27,fscap015,27,14717952,0.32,0.15
fscap015-s27,fscap015,27,14748672,0.36,0.15
fscap015-s27,fscap015,27,14779392,0.34,0.15
fscap015-s27,fscap015,27,14810112,0.37,0.15
fscap015-s27,fscap015,27,14840832,0.4,0.15
fscap015-s27,fscap015,27,14871552,0.37,0.15
fscap015-s27,fscap015,27,14902272,0.33,0.15
fscap015-s27,fscap015,27,14932992,0.48,0.15
fscap015-s27,fscap015,27,14963712,0.33,0.15
fscap015-s27,fscap015,27,14994432,0.42,0.15
fscap015-s27,fscap015,27,14997504,0.41,0.15
fscap015-s28,fscap015,28,3072,0.01,-1.0
fscap015-s28,fscap015,28,33792,0.0,-1.0
fscap015-s28,fscap015,28,64512,0.01,-1.0
fscap015-s28,fscap015,28,95232,0.04,-1.0
fscap015-s28,fscap015,28,125952,0.04,-1.0
fscap015-s28,fscap015,28,156672,0.04,-1.0
fscap015-s28,fscap015,28,187392,0.03,-1.0
fscap015-s28,fscap015,28,218112,0.02,-1.0
fscap015-s28,fscap015,28,248832,0.08,-1.0
fscap015-s28,fscap015,28,279552,0.05,-1.0
fscap015-s28,fscap015,28,310272,0.02,-1.0
fscap015-s28,fscap015,28,340992,0.06,-1.0
fscap015-s28,fscap015,28,371712,0.1,-1.0
fscap015-s28,fscap015,28,402432,0.09,-1.0
fscap015-s28,fscap015,28,433152,0.08,-1.0
fscap015-s28,fscap015,28,463872,0.04,-1.0
fscap015-s28,fscap015,28,494592,0.08,-1.0
fscap015-s28,fscap015,28,525312,0.05,-1.0
fscap015-s28,fscap015,28,556032,0.07,-1.0
fscap015-s28,fscap015,28,586752,0.05,-1.0
fscap015-s28,fscap015,28,617472,0.08,-1.0
fscap015-s28,fscap015,28,648192,0.1,-1.0
fscap015-s28,fscap015,28,678912,0.13,-1.0
fscap015-s28,fscap015,28,709632,0.07,-1.0
fscap015-s28,fscap015,28,740352,0.06,-1.0
fscap015-s28,fscap015,28,771072,0.07,-1.0
fscap015-s28,fscap015,28,801792,0.06,-1.0
fscap015-s28,fscap015,28,832512,0.06,-1.0
fscap015-s28,fscap015,28,863232,0.13,-1.0
fscap015-s28,fscap015,28,893952,0.08,-1.0
fscap015-s28,fscap015,28,924672,0.09,-1.0
fscap015-s28,fscap015,28,955392,0.18,-1.0
fscap015-s28,fscap015,28,986112,0.15,-1.0
fscap015-s28,fscap015,28,1016832,0.11,-1.0
fscap015-s28,fscap015,28,1047552,0.09,-1.0
fscap015-s28,fscap015,28,1078272,0.14,-1.0
fscap015-s28,fscap015,28,1108992,0.11,-1.0
fscap015-s28,fscap015,28,1139712,0.11,-1.0
fscap015-s28,fscap015,28,1170432,0.13,-1.0
fscap015-s28,fscap015,28,1201152,0.18,-1.0
fscap015-s28,fscap015,28,1231872,0.15,-1.0
fscap015-s28,fscap015,28,1262592,0.14,-1.0
fscap015-s28,fscap015,28,1293312,0.13,-1.0
fscap015-s28,fscap015,28,1324032,0.09,-1.0
fscap015-s28,fscap015,28,1354752,0.03,-1.0
fscap015-s28,fscap015,28,1385472,0.1,-1.0
fscap015-s28,fscap015,28,1416192,0.13,-1.0
fscap015-s28,fscap015,28,1446912,0.1,-1.0
fscap015-s28,fscap015,28,1477632,0.12,-1.0
fscap015-s28,fscap015,28,1508352,0.12,-1.0
fscap015-s28,fscap015,28,1539072,0.11,-0.986
fscap015-s28,fscap015,28,1569792,0.14,-0.977
fscap015-s28,fscap015,28,1600512,0.11,-0.983
fscap015-s28,fscap015,28,1631232,0.19,-0.947
fscap015-s28,fscap015,28,1661952,0.22,-0.94
fscap015-s28,fscap015,28,1692672,0.12,-0.914
fscap015-s28,fscap015,28,1723392,0.23,-0.902
fscap015-s28,fscap015,28,1754112,0.18,-0.877
fscap015-s28,fscap015,28,1784832,0.26,-0.87
fscap015-s28,fscap015,28,1815552,0.16,-0.841
fscap015-s28,fscap015,28,1846272,0.21,-0.825
fscap015-s28,fscap015,28,1876992,0.12,-0.822
fscap015-s28,fscap015,28,1907712,0.19,-0.822
fscap015-s28,fscap015,28,1938432,0.18,-0.816
fscap015-s28,fscap015,28,1969152,0.17,-0.791
fscap015-s28,fscap015,28,1999872,0.21,-0.777
fscap015-s28,fscap015,28,2030592,0.22,-0.764
fscap015-s28,fscap015,28,2061312,0.19,-0.743
fscap015-s28,fscap015,28,2092032,0.2,-0.721
fscap015-s28,fscap015,28,2122752,0.24,-0.707
fscap015-s28,fscap015,28,2153472,0.2,-0.683
fscap015-s28,fscap015,28,2184192,0.25,-0.665
fscap015-s28,fscap015,28,2214912,0.22,-0.621
fscap015-s28,fscap015,28,2245632,0.18,-0.564
fscap015-s28,fscap015,28,2276352,0.17,-0.526
fscap015-s28,fscap015,28,2307072,0.2,-0.499
fscap015-s28,fscap015,28,2337792,0.17,-0.493
fscap015-s28,fscap015,28,2368512,0.18,-0.486
fscap015-s28,fscap015,28,2399232,0.16,-0.472
fscap015-s28,fscap015,28,2429952,0.12,-0.447
fscap015-s28,fscap015,28,2460672,0.24,-0.419
fscap015-s28,fscap015,28,2491392,0.22,-0.378
fscap015-s28,fscap015,28,2522112,0.14,-0.328
fscap015-s28,fscap015,28,2552832,0.25,-0.311
fscap015-s28,fscap015,28,2583552,0.17,-0.278
fscap015-s28,fscap015,28,2614272,0.17,-0.242
fscap015-s28,fscap015,28,2644992,0.14,-0.215
fscap015-s28,fscap015,28,2675712,0.14,-0.169
fscap015-s28,fscap015,28,2706432,0.15,-0.128
fscap015-s28,fscap015,28,2737152,0.16,-0.111
fscap015-s28,fscap015,28,2767872,0.2,-0.082
fscap015-s28,fscap015,28,2798592,0.18,-0.074
fscap015-s28,fscap015,28,2829312,0.1,-0.08
fscap015-s28,fscap015,28,2860032,0.12,-0.074
fscap015-s28,fscap015,28,2890752,0.22,-0.046
fscap015-s28,fscap015,28,2921472,0.25,-0.01
fscap015-s28,fscap015,28,2952192,0.12,0.028
fscap015-s28,fscap015,28,2982912,0.11,0.052
fscap015-s28,fscap015,28,3013632,0.09,0.058
fscap015-s28,fscap015,28,3044352,0.19,0.067
fscap015-s28,fscap015,28,3075072,0.19,0.073
fscap015-s28,fscap015,28,3105792,0.16,0.066
fscap015-s28,fscap015,28,3136512,0.14,0.072
fscap015-s28,fscap015,28,3167232,0.17,0.064
fscap015-s28,fscap015,28,3197952,0.17,0.071
fscap015-s28,fscap015,28,3228672,0.12,0.071
fscap015-s28,fscap015,28,3259392,0.12,0.071
fscap015-s28,fscap015,28,3290112,0.14,0.077
fscap015-s28,fscap015,28,3320832,0.14,0.072
fscap015-s28,fscap015,28,3351552,0.13,0.079
fscap015-s28,fscap015,28,3382272,0.12,0.067
fscap015-s28,fscap015,28,3412992,0.14,0.073
fscap015-s28,fscap015,28,3443712,0.18,0.073
fscap015-s28,fscap015,28,3474432,0.15,0.067
fscap015-s28,fscap015,28,3505152,0.15,0.06
fscap015-s28,fscap015,28,3535872,0.18,0.06
fscap015-s28,fscap015,28,3566592,0.15,0.074
fscap015-s28,fscap015,28,3597312,0.11,0.075
fscap015-s28,fscap015,28,3628032,0.12,0.082
fscap015-s28,fscap015,28,3658752,0.14,0.082
fscap015-s28,fscap015,28,3689472,0.19,0.089
fscap015-s28,fscap015,28,3720192,0.14,0.096
fscap015-s28,fscap015,28,3750912,0.2,0.096
fscap015-s28,fscap015,28,3781632,0.12,0.097
fscap015-s28,fscap015,28,3812352,0.19,0.097
fscap015-s28,fscap015,28,3843072,0.1,0.104
fscap015-s28,fscap015,28,3873792,0.12,0.104
fscap015-s28,fscap015,28,3904512,0.11,0.11
fscap015-s28,fscap015,28,3935232,0.14,0.11
fscap015-s28,fscap015,28,3965952,0.14,0.093
fscap015-s28,fscap015,28,3996672,0.13,0.093
fscap015-s28,fscap015,28,4027392,0.16,0.108
fscap015-s28,fscap015,28,4058112,0.11,0.1
fscap015-s28,fscap015,28,4088832,0.12,0.076
fscap015-s28,fscap015,28,4119552,0.19,0.068
fscap015-s28,fscap015,28,4150272,0.11,0.091
fscap015-s28,fscap015,28,4180992,0.1,0.091
fscap015-s28,fscap015,28,4211712,0.15,0.085
fscap015-s28,fscap015,28,4242432,0.16,0.083
fscap015-s28,fscap015,28,4273152,0.19,0.083
fscap015-s28,fscap015,28,4303872,0.1,0.112
fscap015-s28,fscap015,28,4334592,0.13,0.105
fscap015-s28,fscap015,28,4365312,0.17,0.103
fscap015-s28,fscap015,28,4396032,0.1,0.09
fscap015-s28,fscap015,28,4426752,0.11,0.099
fscap015-s28,fscap015,28,4457472,0.09,0.107
fscap015-s28,fscap015,28,4488192,0.13,0.101
fscap015-s28,fscap015,28,4518912,0.15,0.095
fscap015-s28,fscap015,28,4549632,0.17,0.115
fscap015-s28,fscap015,28,4580352,0.23,0.115
fscap015-s28,fscap015,28,4611072,0.18,0.114
fscap015-s28,fscap015,28,4641792,0.18,0.116
fscap015-s28,fscap015,28,4672512,0.16,0.116
fscap015-s28,fscap015,28,4703232,0.13,0.116
fscap015-s28,fscap015,28,4733952,0.17,0.116
fscap015-s28,fscap015,28,4764672,0.15,0.117
fscap015-s28,fscap015,28,4795392,0.14,0.129
fscap015-s28,fscap015,28,4826112,0.2,0.121
fscap015-s28,fscap015,28,4856832,0.13,0.121
fscap015-s28,fscap015,28,4887552,0.11,0.117
fscap015-s28,fscap015,28,4918272,0.15,0.117
fscap015-s28,fscap015,28,4948992,0.16,0.117
fscap015-s28,fscap015,28,4979712,0.14,0.126
fscap015-s28,fscap015,28,5010432,0.12,0.126
fscap015-s28,fscap015,28,5041152,0.14,0.132
fscap015-s28,fscap015,28,5071872,0.15,0.132
fscap015-s28,fscap015,28,5102592,0.22,0.132
fscap015-s28,fscap015,28,5133312,0.23,0.139
fscap015-s28,fscap015,28,5164032,0.19,0.147
fscap015-s28,fscap015,28,5194752,0.15,0.147
fscap015-s28,fscap015,28,5225472,0.1,0.15
fscap015-s28,fscap015,28,5256192,0.26,0.15
fscap015-s28,fscap015,28,5286912,0.1,0.15
fscap015-s28,fscap015,28,5317632,0.21,0.15
fscap015-s28,fscap015,28,5348352,0.19,0.15
fscap015-s28,fscap015,28,5379072,0.14,0.15
fscap015-s28,fscap015,28,5409792,0.2,0.15
fscap015-s28,fscap015,28,5440512,0.13,0.15
fscap015-s28,fscap015,28,5471232,0.09,0.15
fscap015-s28,fscap015,28,5501952,0.21,0.144
fscap015-s28,fscap015,28,5532672,0.17,0.15
fscap015-s28,fscap015,28,5563392,0.15,0.15
fscap015-s28,fscap015,28,5594112,0.13,0.15
fscap015-s28,fscap015,28,5624832,0.2,0.143
fscap015-s28,fscap015,28,5655552,0.21,0.15
fscap015-s28,fscap015,28,5686272,0.18,0.144
fscap015-s28,fscap015,28,5716992,0.17,0.15
fscap015-s28,fscap015,28,5747712,0.09,0.15
fscap015-s28,fscap015,28,5778432,0.14,0.144
fscap015-s28,fscap015,28,5809152,0.08,0.144
fscap015-s28,fscap015,28,5839872,0.19,0.131
fscap015-s28,fscap015,28,5870592,0.23,0.125
fscap015-s28,fscap015,28,5901312,0.18,0.141
fscap015-s28,fscap015,28,5932032,0.16,0.15
fscap015-s28,fscap015,28,5962752,0.22,0.15
fscap015-s28,fscap015,28,5993472,0.19,0.15
fscap015-s28,fscap015,28,6024192,0.09,0.15
fscap015-s28,fscap015,28,6054912,0.19,0.15
fscap015-s28,fscap015,28,6085632,0.17,0.15
fscap015-s28,fscap015,28,6116352,0.21,0.15
fscap015-s28,fscap015,28,6147072,0.22,0.15
fscap015-s28,fscap015,28,6177792,0.19,0.15
fscap015-s28,fscap015,28,6208512,0.16,0.15
fscap015-s28,fscap015,28,6239232,0.06,0.15
fscap015-s28,fscap015,28,6269952,0.12,0.15
fscap015-s28,fscap015,28,6300672,0.14,0.15
fscap015-s28,fscap015,28,6331392,0.19,0.15
fscap015-s28,fscap015,28,6362112,0.1,0.15
fscap015-s28,fscap015,28,6392832,0.15,0.15
fscap015-s28,fscap015,28,6423552,0.16,0.15
fscap015-s28,fscap015,28,6454272,0.23,0.15
fscap015-s28,fscap015,28,6484992,0.26,0.15
fscap015-s28,fscap015,28,6515712,0.24,0.15
fscap015-s28,fscap015,28,6546432,0.19,0.15
fscap015-s28,fscap015,28,6577152,0.24,0.15
fscap015-s28,fscap015,28,6607872,0.14,0.15
fscap015-s28,fscap015,28,6638592,0.16,0.15
fscap015-s28,fscap015,28,6669312,0.28,0.15
fscap015-s28,fscap015,28,6700032,0.17,0.15
fscap015-s28,fscap015,28,6730752,0.23,0.15
fscap015-s28,fscap015,28,6761472,0.28,0.15
fscap015-s28,fscap015,28,6792192,0.18,0.15
fscap015-s28,fscap015,28,6822912,0.16,0.15
fscap015-s28,fscap015,28,6853632,0.21,0.15
fscap015-s28,fscap015,28,6884352,0.21,0.15
fscap015-s28,fscap015,28,6915072,0.21,0.15
fscap015-s28,fscap015,28,6945792,0.18,0.15
fscap015-s28,fscap015,28,6976512,0.18,0.15
fscap015-s28,fscap015,28,7007232,0.13,0.15
fscap015-s28,fscap015,28,7037952,0.24,0.15
fscap015-s28,fscap015,28,7068672,0.2,0.15
fscap015-s28,fscap015,28,7099392,0.2,0.15
fscap015-s28,fscap015,28,7130112,0.24,0.15
fscap015-s28,fscap015,28,7160832,0.2,0.15
fscap015-s28,fscap015,28,7191552,0.23,0.15
fscap015-s28,fscap015,28,7222272,0.21,0.15
fscap015-s28,fscap015,28,7252992,0.2,0.15
fscap015-s28,fscap015,28,7283712,0.25,0.15
fscap015-s28,fscap015,28,7314432,0.22,0.15
fscap015-s28,fscap015,28,7345152,0.17,0.15
fscap015-s28,fscap015,28,7375872,0.17,0.15
fscap015-s28,fscap015,28,7406592,0.2,0.15
fscap015-s28,fscap015,28,7437312,0.27,0.15
fscap015-s28,fscap015,28,7468032,0.21,0.15
fscap015-s28,fscap015,28,7498752,0.19,0.15
fscap015-s28,fscap015,28,7529472,0.27,0.15
fscap015-s28,fscap015,28,7560192,0.29,0.15
fscap015-s28,fscap015,28,7590912,0.19,0.15
fscap015-s28,fscap015,28,7621632,0.19,0.15
fscap015-s28,fscap015,28,7652352,0.23,0.15
fscap015-s28,fscap015,28,7683072,0.2,0.15
fscap015-s28,fscap015,28,7713792,0.21,0.15
fscap015-s28,fscap015,28,7744512,0.19,0.15
fscap015-s28,fscap015,28,7775232,0.14,0.15
fscap015-s28,fscap015,28,7805952,0.24,0.15
fscap015-s28,fscap015,28,7836672,0.21,0.15
fscap015-s28,fscap015,28,7867392,0.19,0.15
fscap015-s28,fscap015,28,7898112,0.18,0.15
fscap015-s28,fscap015,28,7928832,0.28,0.15
fscap015-s28,fscap015,28,7959552,0.21,0.15
fscap015-s28,fscap015,28,7990272,0.22,0.15
fscap015-s28,fscap015,28,8020992,0.2,0.15
fscap015-s28,fscap015,28,8051712,0.21,0.15
fscap015-s28,fscap015,28,8082432,0.25,0.15
fscap015-s28,fscap015,28,8113152,0.22,0.15
fscap015-s28,fscap015,28,8143872,0.26,0.15
fscap015-s28,fscap015,28,8174592,0.25,0.15
fscap015-s28,fscap015,28,8205312,0.28,0.15
fscap015-s28,fscap015,28,8236032,0.19,0.15
fscap015-s28,fscap015,28,8266752,0.3,0.15
fscap015-s28,fscap015,28,8297472,0.27,0.15
fscap015-s28,fscap015,28,8328192,0.21,0.15
fscap015-s28,fscap015,28,8358912,0.24,0.15
fscap015-s28,fscap015,28,8389632,0.24,0.15
fscap015-s28,fscap015,28,8420352,0.21,0.15
fscap015-s28,fscap015,28,8451072,0.26,0.15
fscap015-s28,fscap015,28,8481792,0.26,0.15
fscap015-s28,fscap015,28,8512512,0.18,0.15
fscap015-s28,fscap015,28,8543232,0.24,0.15
fscap015-s28,fscap015,28,8573952,0.23,0.15
fscap015-s28,fscap015,28,8604672,0.3,0.15
fscap015-s28,fscap015,28,8635392,0.25,0.15
fscap015-s28,fscap015,28,8666112,0.18,0.15
fscap015-s28,fscap015,28,8696832,0.23,0.15
fscap015-s28,fscap015,28,8727552,0.24,0.15
fscap015-s28,fscap015,28,8758272,0.27,0.15
fscap015-s28,fscap015,28,8788992,0.31,0.15
fscap015-s28,fscap015,28,8819712,0.27,0.15
fscap015-s28,fscap015,28,8850432,0.31,0.15
fscap015-s28,fscap015,28,8881152,0.34,0.15
fscap015-s28,fscap015,28,8911872,0.25,0.15
fscap015-s28,fscap015,28,8942592,0.27,0.15
fscap015-s28,fscap015,28,8973312,0.16,0.15
fscap015-s28,fscap015,28,9004032,0.22,0.15
fscap015-s28,fscap015,28,9034752,0.19,0.15
fscap015-s28,fscap015,28,9065472,0.2,0.15
fscap015-s28,fscap015,28,9096192,0.25,0.15
fscap015-s28,fscap015,28,9126912,0.3,0.15
fscap015-s28,fscap015,28,9157632,0.27,0.15
fscap015-s28,fscap015,28,9188352,0.35,0.15
fscap015-s28,fscap015,28,9219072,0.16,0.15
fscap015-s28,fscap015,28,9249792,0.24,0.15
fscap015-s28,fscap015,28,9280512,0.23,0.15
fscap015-s28,fscap015,28,9311232,0.26,0.15
fscap015-s28,fscap015,28,9341952,0.22,0.15
fscap015-s28,fscap015,28,9372672,0.23,0.15
fscap015-s28,fscap015,28,9403392,0.26,0.15
fscap015-s28,fscap015,28,9434112,0.32,0.15
fscap015-s28,fscap015,28,9464832,0.28,0.15
fscap015-s28,fscap015,28,9495552,0.31,0.15
fscap015-s28,fscap015,28,9526272,0.24,0.15
fscap015-s28,fscap015,28,9556992,0.25,0.15
fscap015-s28,fscap015,28,9587712,0.23,0.15
fscap015-s28,fscap015,28,9618432,0.19,0.15
fscap015-s28,fscap015,28,9649152,0.16,0.15
fscap015-s28,fscap015,28,9679872,0.25,0.15
fscap015-s28,fscap015,28,9710592,0.28,0.15
fscap015-s28,fscap015,28,9741312,0.27,0.15
fscap015-s28,fscap015,28,9772032,0.24,0.15
fscap015-s28,fscap015,28,9802752,0.29,0.15
fscap015-s28,fscap015,28,9833472,0.28,0.15
fscap015-s28,fscap015,28,9864192,0.26,0.15
fscap015-s28,fscap015,28,9894912,0.32,0.15
fscap015-s28,fscap015,28,9925632,0.25,0.15
fscap015-s28,fscap015,28,9956352,0.31,0.15
fscap015-s28,fscap015,28,9987072,0.35,0.15
fscap015-s28,fscap015,28,10017792,0.23,0.15
fscap015-s28,fscap015,28,10048512,0.32,0.15
fscap015-s28,fscap015,28,10079232,0.26,0.15
fscap015-s28,fscap015,28,10109952,0.28,0.15
fscap015-s28,fscap015,28,10140672,0.32,0.15
fscap015-s28,fscap015,28,10171392,0.35,0.15
fscap015-s28,fscap015,28,10202112,0.25,0.15
fscap015-s28,fscap015,28,10232832,0.33,0.15
fscap015-s28,fscap015,28,10263552,0.24,0.15
fscap015-s28,fscap015,28,10294272,0.27,0.15
fscap015-s28,fscap015,28,10324992,0.26,0.15
fscap015-s28,fscap015,28,10355712,0.26,0.15
fscap015-s28,fscap015,28,10386432,0.27,0.15
fscap015-s28,fscap015,28,10417152,0.32,0.15
fscap015-s28,fscap015,28,10447872,0.35,0.15
fscap015-s28,fscap015,28,10478592,0.38,0.15
fscap015-s28,fscap015,28,10509312,0.21,0.15
fscap015-s28,fscap015,28,10540032,0.29,0.15
fscap015-s28,fscap015,28,10570752,0.3,0.15
fscap015-s28,fscap015,28,10601472,0.33,0.15
fscap015-s28,fscap015,28,10632192,0.25,0.15
fscap015-s28,fscap015,28,10662912,0.19,0.15
fscap015-s28,fscap015,28,10693632,0.38,0.15
fscap015-s28,fscap015,28,10724352,0.29,0.15
fscap015-s28,fscap015,28,10755072,0.33,0.15
fscap015-s28,fscap015,28,10785792,0.35,0.15
fscap015-s28,fscap015,28,10816512,0.26,0.15
fscap015-s28,fscap015,28,10847232,0.34,0.15
fscap015-s28,fscap015,28,10877952,0.28,0.15
fscap015-s28,fscap015,28,10908672,0.26,0.15
fscap015-s28,fscap015,28,10939392,0.23,0.15
fscap015-s28,fscap015,28,10970112,0.26,0.15
fscap015-s28,fscap015,28,11000832,0.33,0.15
fscap015-s28,fscap015,28,11031552,0.32,0.15
fscap015-s28,fscap015,28,11062272,0.23,0.15
fscap015-s28,fscap015,28,11092992,0.32,0.15
fscap015-s28,fscap015,28,11123712,0.25,0.15
fscap015-s28,fscap015,28,11154432,0.3,0.15
fscap015-s28,fscap015,28,11185152,0.33,0.15
fscap015-s28,fscap015,28,11215872,0.3,0.15
fscap015-s28,fscap015,28,11246592,0.22,0.15
fscap015-s28,fscap015,28,11277312,0.27,0.15
fscap015-s28,fscap015,28,11308032,0.29,0.15
fscap015-s28,fscap015,28,11338752,0.3,0.15
fscap015-s28,fscap015,28,11369472,0.33,0.15
fscap015-s28,fscap015,28,11400192,0.28,0.15
fscap015-s28,fscap015,28,11430912,0.26,0.15
fscap015-s28,fscap015,28,11461632,0.31,0.15
fscap015-s28,fscap015,28,11492352,0.23,0.15
fscap015-s28,fscap015,28,11523072,0.34,0.15
fscap015-s28,fscap015,28,11553792,0.28,0.15
fscap015-s28,fscap015,28,11584512,0.38,0.15
fscap015-s28,fscap015,28,11615232,0.3,0.15
fscap015-s28,fscap015,28,11645952,0.29,0.15
fscap015-s28,fscap015,28,11676672,0.22,0.15
fscap015-s28,fscap015,28,11707392,0.35,0.15
fscap015-s28,fscap015,28,11738112,0.32,0.15
fscap015-s28,fscap015,28,11768832,0.3,0.15
fscap015-s28,fscap015,28,11799552,0.4,0.15
fscap015-s28,fscap015,28,11830272,0.33,0.15
fscap015-s28,fscap015,28,11860992,0.42,0.15
fscap015-s28,fscap015,28,11891712,0.39,0.15
fscap015-s28,fscap015,28,11922432,0.33,0.15
fscap015-s28,fscap015,28,11953152,0.24,0.15
fscap015-s28,fscap015,28,11983872,0.36,0.15
fscap015-s28,fscap015,28,12014592,0.29,0.15
fscap015-s28,fscap015,28,12045312,0.37,0.15
fscap015-s28,fscap015,28,12076032,0.3,0.15
fscap015-s28,fscap015,28,12106752,0.29,0.15
fscap015-s28,fscap015,28,12137472,0.27,0.15
fscap015-s28,fscap015,28,12168192,0.29,0.15
fscap015-s28,fscap015,28,12198912,0.39,0.15
fscap015-s28,fscap015,28,12229632,0.25,0.15
fscap015-s28,fscap015,28,12260352,0.36,0.15
fscap015-s28,fscap015,28,12291072,0.28,0.15
fscap015-s28,fscap015,28,12321792,0.28,0.15
fscap015-s28,fscap015,28,12352512,0.37,0.15
fscap015-s28,fscap015,28,12383232,0.3,0.15
fscap015-s28,fscap015,28,12413952,0.36,0.15
fscap015-s28,fscap015,28,12444672,0.26,0.15
fscap015-s28,fscap015,28,12475392,0.3,0.15
fscap015-s28,fscap015,28,12506112,0.35,0.15
fscap015-s28,fscap015,28,12536832,0.3,0.15
fscap015-s28,fscap015,28,12567552,0.32,0.15
fscap015-s28,fscap015,28,12598272,0.39,0.15
fscap015-s28,fscap015,28,12628992,0.28,0.15
fscap015-s28,fscap015,28,12659712,0.32,0.15
fscap015-s28,fscap015,28,12690432,0.33,0.15
fscap015-s28,fscap015,28,12721152,0.32,0.15
fscap015-s28,fscap015,28,12751872,0.31,0.15
fscap015-s28,fscap015,28,12782592,0.37,0.15
fscap015-s28,fscap015,28,12813312,0.33,0.15
fscap015-s28,fscap015,28,12844032,0.29,0.15
fscap015-s28,fscap015,28,12874752,0.34,0.15
fscap015-s28,fscap015,28,12905472,0.31,0.15
fscap015-s28,fscap015,28,12936192,0.38,0.15
fscap015-s28,fscap015,28,12966912,0.25,0.15
fscap015-s28,fscap015,28,12997632,0.39,0.15
fscap015-s28,fscap015,28,13028352,0.49,0.15
fscap015-s28,fscap015,28,13059072,0.42,0.15
fscap015-s28,fscap015,28,13089792,0.35,0.15
fscap015-s28,fscap015,28,13120512,0.42,0.15
fscap015-s28,fscap015,28,13151232,0.35,0.15
fscap015-s28,fscap015,28,13181952,0.35,0.15
fscap015-s28,fscap015,28,13212672,0.34,0.15
fscap015-s28,fscap015,28,13243392,0.29,0.15
fscap015-s28,fscap015,28,13274112,0.34,0.15
fscap015-s28,fscap015,28,13304832,0.39,0.15
fscap015-s28,fscap015,28,13335552,0.29,0.15
fscap015-s28,fscap015,28,13366272,0.29,0.15
fscap015-s28,fscap015,28,13396992,0.34,0.15
fscap015-s28,fscap015,28,13427712,0.36,0.15
fscap015-s28,fscap015,28,13458432,0.46,0.15
fscap015-s28,fscap015,28,13489152,0.31,0.15
fscap015-s28,fscap015,28,13519872,0.35,0.15
fscap015-s28,fscap015,28,13550592,0.29,0.15
fscap015-s28,fscap015,28,13581312,0.34,0.15
fscap015-s28,fscap015,28,13612032,0.33,0.15
fscap015-s28,fscap015,28,13642752,0.3,0.15
fscap015-s28,fscap015,28,13673472,0.37,0.15
fscap015-s28,fscap015,28,13704192,0.32,0.15
fscap015-s28,fscap015,28,13734912,0.29,0.15
fscap015-s28,fscap015,28,13765632,0.35,0.15
fscap015-s28,fscap015,28,13796352,0.37,0.15
fscap015-s28,fscap015,28,13827072,0.33,0.15
fscap015-s28,fscap015,28,13857792,0.36,0.15
fscap015-s28,fscap015,28,13888512,0.34,0.15
fscap015-s28,fscap015,28,13919232,0.36,0.15
fscap015-s28,fscap015,28,13949952,0.37,0.15
fscap015-s28,fscap015,28,13980672,0.49,0.15
fscap015-s28,fscap015,28,14011392,0.38,0.15
fscap015-s28,fscap015,28,14042112,0.29,0.15
fscap015-s28,fscap015,28,14072832,0.36,0.15
fscap015-s28,fscap015,28,14103552,0.33,0.15
fscap015-s28,fscap015,28,14134272,0.33,0.15
fscap015-s28,fscap015,28,14164992,0.39,0.15
fscap015-s28,fscap015,28,14195712,0.27,0.15
fscap015-s28,fscap015,28,14226432,0.36,0.15
fscap015-s28,fscap015,28,14257152,0.37,0.15
fscap015-s28,fscap015,28,14287872,0.29,0.15
fscap015-s28,fscap015,28,14318592,0.28,0.15
fscap015-s28,fscap015,28,14349312,0.42,0.15
fscap015-s28,fscap015,28,14380032,0.36,0.15
fscap015-s28,fscap015,28,14410752,0.37,0.15
fscap015-s28,fscap015,28,14441472,0.35,0.15
fscap015-s28,fscap015,28,14472192,0.32,0.15
fscap015-s28,fscap015,28,14502912,0.39,0.15
fscap015-s28,fscap015,28,14533632,0.34,0.15
fscap015-s28,fscap015,28,14564352,0.33,0.15
fscap015-s28,fscap015,28,14595072,0.43,0.15
fscap015-s28,fscap015,28,14625792,0.32,0.15
fscap015-s28,fscap015,28,14656512,0.36,0.15
fscap015-s28,fscap015,28,14687232,0.41,0.15
fscap015-s28,fscap015,28,14717952,0.4,0.15
fscap015-s28,fscap015,28,14748672,0.4,0.15
fscap015-s28,fscap015,28,14779392,0.32,0.15
fscap015-s28,fscap015,28,14810112,0.38,0.15
fscap015-s28,fscap015,28,14840832,0.32,0.15
fscap015-s28,fscap015,28,14871552,0.29,0.15
fscap015-s28,fscap015,28,14902272,0.26,0.15
fscap015-s28,fscap015,28,14932992,0.37,0.15
fscap015-s28,fscap015,28,14963712,0.35,0.15
fscap015-s28,fscap015,28,14994432,0.35,0.15
fscap015-s28,fscap015,28,14997504,0.37,0.15
fscap015-s29,fscap015,29,3072,0.01,-1.0
fscap015-s29,fscap015,29,33792,0.02,-1.0
fscap015-s29,fscap015,29,64512,0.01,-1.0
fscap015-s29,fscap015,29,95232,0.01,-1.0
fscap015-s29,fscap015,29,125952,0.01,-1.0
fscap015-s29,fscap015,29,156672,0.02,-1.0
fscap015-s29,fscap015,29,187392,0.01,-1.0
fscap015-s29,fscap015,29,218112,0.02,-1.0
fscap015-s29,fscap015,29,248832,0.08,-1.0
fscap015-s29,fscap015,29,279552,0.04,-1.0
fscap015-s29,fscap015,29,310272,0.04,-1.0
fscap015-s29,fscap015,29,340992,0.02,-1.0
fscap015-s29,fscap015,29,371712,0.04,-1.0
fscap015-s29,fscap015,29,402432,0.03,-1.0
fscap015-s29,fscap015,29,433152,0.11,-1.0
fscap015-s29,fscap015,29,463872,0.06,-1.0
fscap015-s29,fscap015,29,494592,0.04,-1.0
fscap015-s29,fscap015,29,525312,0.06,-1.0
fscap015-s29,fscap015,29,556032,0.06,-1.0
fscap015-s29,fscap015,29,586752,0.09,-1.0
fscap015-s29,fscap015,29,617472,0.08,-1.0
fscap015-s29,fscap015,29,648192,0.09,-1.0
fscap015-s29,fscap015,29,678912,0.07,-1.0
fscap015-s29,fscap015,29,709632,0.09,-1.0
fscap015-s29,fscap015,29,740352,0.07,-1.0
fscap015-s29,fscap015,29,771072,0.13,-1.0
fscap015-s29,fscap015,29,801792,0.12,-1.0
fscap015-s29,fscap015,29,832512,0.07,-1.0
fscap015-s29,fscap015,29,863232,0.1,-1.0
fscap015-s29,fscap015,29,893952,0.09,-1.0
fscap015-s29,fscap015,29,924672,0.09,-1.0
fscap015-s29,fscap015,29,955392,0.1,-1.0
fscap015-s29,fscap015,29,986112,0.13,-1.0
fscap015-s29,fscap015,29,1016832,0.13,-1.0
fscap015-s29,fscap015,29,1047552,0.17,-1.0
fscap015-s29,fscap015,29,1078272,0.1,-1.0
fscap015-s29,fscap015,29,1108992,0.15,-1.0
fscap015-s29,fscap015,29,1139712,0.1,-1.0
fscap015-s29,fscap015,29,1170432,0.14,-1.0
fscap015-s29,fscap015,29,1201152,0.12,-1.0
fscap015-s29,fscap015,29,1231872,0.12,-1.0
fscap015-s29,fscap015,29,1262592,0.1,-1.0
fscap015-s29,fscap015,29,1293312,0.19,-1.0
fscap015-s29,fscap015,29,1324032,0.08,-1.0
fscap015-s29,fscap015,29,1354752,0.15,-1.0
fscap015-s29,fscap015,29,1385472,0.14,-1.0
fscap015-s29,fscap015,29,1416192,0.16,-1.0
fscap015-s29,fscap015,29,1446912,0.16,-1.0
fscap015-s29,fscap015,29,1477632,0.19,-1.0
fscap015-s29,fscap015,29,1508352,0.11,-1.0
fscap015-s29,fscap015,29,1539072,0.17,-1.0
fscap015-s29,fscap015,29,1569792,0.1,-1.0
fscap015-s29,fscap015,29,1600512,0.16,-1.0
fscap015-s29,fscap015,29,1631232,0.09,-1.0
fscap015-s29,fscap015,29,1661952,0.27,-1.0
fscap015-s29,fscap015,29,1692672,0.13,-0.982
fscap015-s29,fscap015,29,1723392,0.18,-0.974
fscap015-s29,fscap015,29,1754112,0.16,-0.978
fscap015-s29,fscap015,29,1784832,0.11,-0.99
fscap015-s29,fscap015,29,1815552,0.15,-0.996
fscap015-s29,fscap015,29,1846272,0.17,-0.996
fscap015-s29,fscap015,29,1876992,0.12,-0.985
fscap015-s29,fscap015,29,1907712,0.16,-0.97
fscap015-s29,fscap015,29,1938432,0.21,-0.952
fscap015-s29,fscap015,29,1969152,0.16,-0.938
fscap015-s29,fscap015,29,1999872,0.14,-0.912
fscap015-s29,fscap015,29,2030592,0.14,-0.912
fscap015-s29,fscap015,29,2061312,0.13,-0.888
fscap015-s29,fscap015,29,2092032,0.18,-0.88
fscap015-s29,fscap015,29,2122752,0.15,-0.861
fscap015-s29,fscap015,29,2153472,0.17,-0.861
fscap015-s29,fscap015,29,2184192,0.17,-0.86
fscap015-s29,fscap015,29,2214912,0.21,-0.828
fscap015-s29,fscap015,29,2245632,0.15,-0.784
fscap015-s29,fscap015,29,2276352,0.22,-0.772
fscap015-s29,fscap015,29,2307072,0.18,-0.746
fscap015-s29,fscap015,29,2337792,0.15,-0.738
fscap015-s29,fscap015,29,2368512,0.18,-0.73
fscap015-s29,fscap015,29,2399232,0.18,-0.715
fscap015-s29,fscap015,29,2429952,0.26,-0.707
fscap015-s29,fscap015,29,2460672,0.15,-0.688
fscap015-s29,fscap015,29,2491392,0.2,-0.663
fscap015-s29,fscap015,29,2522112,0.17,-0.643
fscap015-s29,fscap015,29,2552832,0.23,-0.637
fscap015-s29,fscap015,29,2583552,0.14,-0.616
fscap015-s29,fscap015,29,2614272,0.23,-0.601
fscap015-s29,fscap015,29,2644992,0.27,-0.538
fscap015-s29,fscap015,29,2675712,0.21,-0.482
fscap015-s29,fscap015,29,2706432,0.15,-0.437
fscap015-s29,fscap015,29,2737152,0.21,-0.368
fscap015-s29,fscap015,29,2767872,0.3,-0.339
fscap015-s29,fscap015,29,2798592,0.18,-0.301
fscap015-s29,fscap015,29,2829312,0.17,-0.288
fscap015-s29,fscap015,29,2860032,0.16,-0.272
fscap015-s29,fscap015,29,2890752,0.24,-0.232
fscap015-s29,fscap015,29,2921472,0.21,-0.2
fscap015-s29,fscap015,29,2952192,0.13,-0.159
fscap015-s29,fscap015,29,2982912,0.15,-0.14
fscap015-s29,fscap015,29,3013632,0.15,-0.118
fscap015-s29,fscap015,29,3044352,0.16,-0.098
fscap015-s29,fscap015,29,3075072,0.16,-0.091
fscap015-s29,fscap015,29,3105792,0.13,-0.099
fscap015-s29,fscap015,29,3136512,0.13,-0.085
fscap015-s29,fscap015,29,3167232,0.17,-0.07
fscap015-s29,fscap015,29,3197952,0.17,-0.063
fscap015-s29,fscap015,29,3228672,0.19,-0.042
fscap015-s29,fscap015,29,3259392,0.13,-0.01
fscap015-s29,fscap015,29,3290112,0.12,0.024
fscap015-s29,fscap015,29,3320832,0.17,0.024
fscap015-s29,fscap015,29,3351552,0.14,0.046
fscap015-s29,fscap015,29,3382272,0.22,0.046
fscap015-s29,fscap015,29,3412992,0.13,0.053
fscap015-s29,fscap015,29,3443712,0.12,0.053
fscap015-s29,fscap015,29,3474432,0.17,0.046
fscap015-s29,fscap015,29,3505152,0.16,0.046
fscap015-s29,fscap015,29,3535872,0.11,0.049
fscap015-s29,fscap015,29,3566592,0.13,0.049
fscap015-s29,fscap015,29,3597312,0.2,0.034
fscap015-s29,fscap015,29,3628032,0.17,0.053
fscap015-s29,fscap015,29,3658752,0.18,0.062
fscap015-s29,fscap015,29,3689472,0.23,0.069
fscap015-s29,fscap015,29,3720192,0.16,0.064
fscap015-s29,fscap015,29,3750912,0.2,0.07
fscap015-s29,fscap015,29,3781632,0.09,0.063
fscap015-s29,fscap015,29,3812352,0.13,0.063
fscap015-s29,fscap015,29,3843072,0.13,0.063
fscap015-s29,fscap015,29,3873792,0.18,0.057
fscap015-s29,fscap015,29,3904512,0.21,0.057
fscap015-s29,fscap015,29,3935232,0.18,0.069
fscap015-s29,fscap015,29,3965952,0.17,0.077
fscap015-s29,fscap015,29,3996672,0.18,0.084
fscap015-s29,fscap015,29,4027392,0.18,0.076
fscap015-s29,fscap015,29,4058112,0.16,0.09
fscap015-s29,fscap015,29,4088832,0.17,0.09
fscap015-s29,fscap015,29,4119552,0.09,0.09
fscap015-s29,fscap015,29,4150272,0.14,0.094
fscap015-s29,fscap015,29,4180992,0.15,0.094
fscap015-s29,fscap015,29,4211712,0.19,0.108
fscap015-s29,fscap015,29,4242432,0.11,0.114
fscap015-s29,fscap015,29,4273152,0.2,0.108
fscap015-s29,fscap015,29,4303872,0.14,0.104
fscap015-s29,fscap015,29,4334592,0.1,0.092
fscap015-s29,fscap015,29,4365312,0.16,0.091
fscap015-s29,fscap015,29,4396032,0.13,0.097
fscap015-s29,fscap015,29,4426752,0.18,0.084
fscap015-s29,fscap015,29,4457472,0.1,0.093
fscap015-s29,fscap015,29,4488192,0.16,0.085
fscap015-s29,fscap015,29,4518912,0.1,0.084
fscap015-s29,fscap015,29,4549632,0.18,0.078
fscap015-s29,fscap015,29,4580352,0.21,0.086
fscap015-s29,fscap015,29,4611072,0.2,0.096
fscap015-s29,fscap015,29,4641792,0.09,0.09
fscap015-s29,fscap015,29,4672512,0.15,0.092
fscap015-s29,fscap015,29,4703232,0.18,0.113
fscap015-s29,fscap015,29,4733952,0.2,0.113
fscap015-s29,fscap015,29,4764672,0.19,0.113
fscap015-s29,fscap015,29,4795392,0.11,0.106
fscap015-s29,fscap015,29,4826112,0.16,0.106
fscap015-s29,fscap015,29,4856832,0.13,0.099
fscap015-s29,fscap015,29,4887552,0.11,0.099
fscap015-s29,fscap015,29,4918272,0.12,0.11
fscap015-s29,fscap015,29,4948992,0.15,0.103
fscap015-s29,fscap015,29,4979712,0.18,0.115
fscap015-s29,fscap015,29,5010432,0.21,0.103
fscap015-s29,fscap015,29,5041152,0.12,0.115
fscap015-s29,fscap015,29,5071872,0.17,0.122
fscap015-s29,fscap015,29,5102592,0.05,0.134
fscap015-s29,fscap015,29,5133312,0.09,0.11
fscap015-s29,fscap015,29,5164032,0.15,0.09
fscap015-s29,fscap015,29,5194752,0.14,0.09
fscap015-s29,fscap015,29,5225472,0.11,0.087
fscap015-s29,fscap015,29,5256192,0.14,0.087
fscap015-s29,fscap015,29,5286912,0.13,0.087
fscap015-s29,fscap015,29,5317632,0.15,0.093
fscap015-s29,fscap015,29,5348352,0.13,0.103
fscap015-s29,fscap015,29,5379072,0.13,0.096
fscap015-s29,fscap015,29,5409792,0.12,0.106
fscap015-s29,fscap015,29,5440512,0.17,0.1
fscap015-s29,fscap015,29,5471232,0.18,0.122
fscap015-s29,fscap015,29,5501952,0.13,0.123
fscap015-s29,fscap015,29,5532672,0.12,0.117
fscap015-s29,fscap015,29,5563392,0.18,0.123
fscap015-s29,fscap015,29,5594112,0.19,0.123
fscap015-s29,fscap015,29,5624832,0.18,0.146
fscap015-s29,fscap015,29,5655552,0.15,0.15
fscap015-s29,fscap015,29,5686272,0.17,0.15
fscap015-s29,fscap015,29,5716992,0.13,0.15
fscap015-s29,fscap015,29,5747712,0.12,0.144
fscap015-s29,fscap015,29,5778432,0.15,0.142
fscap015-s29,fscap015,29,5809152,0.17,0.141
fscap015-s29,fscap015,29,5839872,0.12,0.141
fscap015-s29,fscap015,29,5870592,0.12,0.15
fscap015-s29,fscap015,29,5901312,0.12,0.15
fscap015-s29,fscap015,29,5932032,0.12,0.15
fscap015-s29,fscap015,29,5962752,0.16,0.15
fscap015-s29,fscap015,29,5993472,0.19,0.144
fscap015-s29,fscap015,29,6024192,0.16,0.144
fscap015-s29,fscap015,29,6054912,0.17,0.143
fscap015-s29,fscap015,29,6085632,0.18,0.15
fscap015-s29,fscap015,29,6116352,0.13,0.15
fscap015-s29,fscap015,29,6147072,0.18,0.15
fscap015-s29,fscap015,29,6177792,0.15,0.15
fscap015-s29,fscap015,29,6208512,0.16,0.15
fscap015-s29,fscap015,29,6239232,0.13,0.15
fscap015-s29,fscap015,29,6269952,0.2,0.15
fscap015-s29,fscap015,29,6300672,0.14,0.15
fscap015-s29,fscap015,29,6331392,0.22,0.15
fscap015-s29,fscap015,29,6362112,0.09,0.15
fscap015-s29,fscap015,29,6392832,0.14,0.15
fscap015-s29,fscap015,29,6423552,0.14,0.15
fscap015-s29,fscap015,29,6454272,0.15,0.15
fscap015-s29,fscap015,29,6484992,0.18,0.144
fscap015-s29,fscap015,29,6515712,0.2,0.15
fscap015-s29,fscap015,29,6546432,0.16,0.15
fscap015-s29,fscap015,29,6577152,0.21,0.15
fscap015-s29,fscap015,29,6607872,0.18,0.15
fscap015-s29,fscap015,29,6638592,0.18,0.15
fscap015-s29,fscap015,29,6669312,0.15,0.15
fscap015-s29,fscap015,29,6700032,0.16,0.15
fscap015-s29,fscap015,29,6730752,0.16,0.15
fscap015-s29,fscap015,29,6761472,0.18,0.15
fscap015-s29,fscap015,29,6792192,0.2,0.15
fscap015-s29,fscap015,29,6822912,0.21,0.144
fscap015-s29,fscap015,29,6853632,0.13,0.15
fscap015-s29,fscap015,29,6884352,0.2,0.15
fscap015-s29,fscap015,29,6915072,0.19,0.15
fscap015-s29,fscap015,29,6945792,0.15,0.15
fscap015-s29,fscap015,29,6976512,0.18,0.15
fscap015-s29,fscap015,29,7007232,0.15,0.15
fscap015-s29,fscap015,29,7037952,0.17,0.15
fscap015-s29,fscap015,29,7068672,0.24,0.15
fscap015-s29,fscap015,29,7099392,0.19,0.15
fscap015-s29,fscap015,29,7130112,0.27,0.15
fscap015-s29,fscap015,29,7160832,0.21,0.15
fscap015-s29,fscap015,29,7191552,0.14,0.15
fscap015-s29,fscap015,29,7222272,0.2,0.15
fscap015-s29,fscap015,29,7252992,0.26,0.15
fscap015-s29,fscap015,29,7283712,0.28,0.15
fscap015-s29,fscap015,29,7314432,0.16,0.15
fscap015-s29,fscap015,29,7345152,0.19,0.15
fscap015-s29,fscap015,29,7375872,0.23,0.15
fscap015-s29,fscap015,29,7406592,0.17,0.15
fscap015-s29,fscap015,29,7437312,0.25,0.15
fscap015-s29,fscap015,29,7468032,0.19,0.15
fscap015-s29,fscap015,29,7498752,0.2,0.15
fscap015-s29,fscap015,29,7529472,0.27,0.15
fscap015-s29,fscap015,29,7560192,0.24,0.15
fscap015-s29,fscap015,29,7590912,0.22,0.15
fscap015-s29,fscap015,29,7621632,0.25,0.15
fscap015-s29,fscap015,29,7652352,0.24,0.15
fscap015-s29,fscap015,29,7683072,0.24,0.15
fscap015-s29,fscap015,29,7713792,0.15,0.15
fscap015-s29,fscap015,29,7744512,0.22,0.15
fscap015-s29,fscap015,29,7775232,0.25,0.15
fscap015-s29,fscap015,29,7805952,0.23,0.15
fscap015-s29,fscap015,29,7836672,0.19,0.15
fscap015-s29,fscap015,29,7867392,0.21,0.15
fscap015-s29,fscap015,29,7898112,0.24,0.15
fscap015-s29,fscap015,29,7928832,0.22,0.15
fscap015-s29,fscap015,29,7959552,0.18,0.15
fscap015-s29,fscap015,29,7990272,0.22,0.15
fscap015-s29,fscap015,29,8020992,0.22,0.15
fscap015-s29,fscap015,29,8051712,0.22,0.15
fscap015-s29,fscap015,29,8082432,0.16,0.15
fscap015-s29,fscap015,29,8113152,0.23,0.15
fscap015-s29,fscap015,29,8143872,0.24,0.15
fscap015-s29,fscap015,29,8174592,0.18,0.15
fscap015-s29,fscap015,29,8205312,0.23,0.15
fscap015-s29,fscap015,29,8236032,0.32,0.15
fscap015-s29,fscap015,29,8266752,0.27,0.15
fscap015-s29,fscap015,29,8297472,0.27,0.15
fscap015-s29,fscap015,29,8328192,0.22,0.15
fscap015-s29,fscap015,29,8358912,0.18,0.15
fscap015-s29,fscap015,29,8389632,0.21,0.15
fscap015-s29,fscap015,29,8420352,0.24,0.15
fscap015-s29,fscap015,29,8451072,0.32,0.15
fscap015-s29,fscap015,29,8481792,0.23,0.15
fscap015-s29,fscap015,29,8512512,0.33,0.15
fscap015-s29,fscap015,29,8543232,0.33,0.15
fscap015-s29,fscap015,29,8573952,0.23,0.15
fscap015-s29,fscap015,29,8604672,0.29,0.15
fscap015-s29,fscap015,29,8635392,0.23,0.15
fscap015-s29,fscap015,29,8666112,0.29,0.15
fscap015-s29,fscap015,29,8696832,0.24,0.15
fscap015-s29,fscap015,29,8727552,0.28,0.15
fscap015-s29,fscap015,29,8758272,0.22,0.15
fscap015-s29,fscap015,29,8788992,0.22,0.15
fscap015-s29,fscap015,29,8819712,0.31,0.15
fscap015-s29,fscap015,29,8850432,0.32,0.15
fscap015-s29,fscap015,29,8881152,0.17,0.15
fscap015-s29,fscap015,29,8911872,0.29,0.15
fscap015-s29,fscap015,29,8942592,0.25,0.15
fscap015-s29,fscap015,29,8973312,0.26,0.15
fscap015-s29,fscap015,29,9004032,0.22,0.15
fscap015-s29,fscap015,29,9034752,0.26,0.15
fscap015-s29,fscap015,29,9065472,0.3,0.15
fscap015-s29,fscap015,29,9096192,0.29,0.15
fscap015-s29,fscap015,29,9126912,0.25,0.15
fscap015-s29,fscap015,29,9157632,0.21,0.15
fscap015-s29,fscap015,29,9188352,0.25,0.15
fscap015-s29,fscap015,29,9219072,0.28,0.15
fscap015-s29,fscap015,29,9249792,0.26,0.15
fscap015-s29,fscap015,29,9280512,0.28,0.15
fscap015-s29,fscap015,29,9311232,0.26,0.15
fscap015-s29,fscap015,29,9341952,0.32,0.15
fscap015-s29,fscap015,29,9372672,0.23,0.15
fscap015-s29,fscap015,29,9403392,0.26,0.15
fscap015-s29,fscap015,29,9434112,0.19,0.15
fscap015-s29,fscap015,29,9464832,0.2,0.15
fscap015-s29,fscap015,29,9495552,0.24,0.15
fscap015-s29,fscap015,29,9526272,0.24,0.15
fscap015-s29,fscap015,29,9556992,0.26,0.15
fscap015-s29,fscap015,29,9587712,0.28,0.15
fscap015-s29,fscap015,29,9618432,0.34,0.15
fscap015-s29,fscap015,29,9649152,0.27,0.15
fscap015-s29,fscap015,29,9679872,0.25,0.15
fscap015-s29,fscap015,29,9710592,0.25,0.15
fscap015-s29,fscap015,29,9741312,0.17,0.15
fscap015-s29,fscap015,29,9772032,0.22,0.15
fscap015-s29,fscap015,29,9802752,0.25,0.15
fscap015-s29,fscap015,29,9833472,0.23,0.15
fscap015-s29,fscap015,29,9864192,0.26,0.15
fscap015-s29,fscap015,29,9894912,0.26,0.15
fscap015-s29,fscap015,29,9925632,0.27,0.15
fscap015-s29,fscap015,29,9956352,0.28,0.15
fscap015-s29,fscap015,29,9987072,0.38,0.15
fscap015-s29,fscap015,29,10017792,0.29,0.15
fscap015-s29,fscap015,29,10048512,0.27,0.15
fscap015-s29,fscap015,29,10079232,0.3,0.15
fscap015-s29,fscap015,29,10109952,0.31,0.15
fscap015-s29,fscap015,29,10140672,0.24,0.15
fscap015-s29,fscap015,29,10171392,0.21,0.15
fscap015-s29,fscap015,29,10202112,0.32,0.15
fscap015-s29,fscap015,29,10232832,0.26,0.15
fscap015-s29,fscap015,29,10263552,0.34,0.15
fscap015-s29,fscap015,29,10294272,0.26,0.15
fscap015-s29,fscap015,29,10324992,0.31,0.15
fscap015-s29,fscap015,29,10355712,0.23,0.15
fscap015-s29,fscap015,29,10386432,0.32,0.15
fscap015-s29,fscap015,29,10417152,0.34,0.15
fscap015-s29,fscap015,29,10447872,0.31,0.15
fscap015-s29,fscap015,29,10478592,0.33,0.15
fscap015-s29,fscap015,29,10509312,0.33,0.15
fscap015-s29,fscap015,29,10540032,0.36,0.15
fscap015-s29,fscap015,29,10570752,0.41,0.15
fscap015-s29,fscap015,29,10601472,0.24,0.15
fscap015-s29,fscap015,29,10632192,0.29,0.15
fscap015-s29,fscap015,29,10662912,0.28,0.15
fscap015-s29,fscap015,29,10693632,0.2,0.15
fscap015-s29,fscap015,29,10724352,0.41,0.15
fscap015-s29,fscap015,29,10755072,0.28,0.15
fscap015-s29,fscap015,29,10785792,0.3,0.15
fscap015-s29,fscap015,29,10816512,0.25,0.15
fscap015-s29,fscap015,29,10847232,0.29,0.15
fscap015-s29,fscap015,29,10877952,0.38,0.15
fscap015-s29,fscap015,29,10908672,0.37,0.15
fscap015-s29,fscap015,29,10939392,0.37,0.15
fscap015-s29,fscap015,29,10970112,0.26,0.15
fscap015-s29,fscap015,29,11000832,0.28,0.15
fscap015-s29,fscap015,29,11031552,0.27,0.15
fscap015-s29,fscap015,29,11062272,0.27,0.15
fscap015-s29,fscap015,29,11092992,0.32,0.15
fscap015-s29,fscap015,29,11123712,0.35,0.15
fscap015-s29,fscap015,29,11154432,0.35,0.15
fscap015-s29,fscap015,29,11185152,0.32,0.15
fscap015-s29,fscap015,29,11215872,0.3,0.15
fscap015-s29,fscap015,29,11246592,0.27,0.15
fscap015-s29,fscap015,29,11277312,0.39,0.15
fscap015-s29,fscap015,29,11308032,0.28,0.15
fscap015-s29,fscap015,29,11338752,0.3,0.15
fscap015-s29,fscap015,29,11369472,0.35,0.15
fscap015-s29,fscap015,29,11400192,0.35,0.15
fscap015-s29,fscap015,29,11430912,0.29,0.15
fscap015-s29,fscap015,29,11461632,0.24,0.15
fscap015-s29,fscap015,29,11492352,0.34,0.15
fscap015-s29,fscap015,29,11523072,0.27,0.15
fscap015-s29,fscap015,29,11553792,0.37,0.15
fscap015-s29,fscap015,29,11584512,0.27,0.15
fscap015-s29,fscap015,29,11615232,0.41,0.15
fscap015-s29,fscap015,29,11645952,0.38,0.15
fscap015-s29,fscap015,29,11676672,0.27,0.15
fscap015-s29,fscap015,29,11707392,0.4,0.15
fscap015-s29,fscap015,29,11738112,0.33,0.15
fscap015-s29,fscap015,29,11768832,0.37,0.15
fscap015-s29,fscap015,29,11799552,0.33,0.15
fscap015-s29,fscap015,29,11830272,0.39,0.15
fscap015-s29,fscap015,29,11860992,0.3,0.15
fscap015-s29,fscap015,29,11891712,0.36,0.15
fscap015-s29,fscap015,29,11922432,0.37,0.15
fscap015-s29,fscap015,29,11953152,0.32,0.15
fscap015-s29,fscap015,29,11983872,0.33,0.15
fscap015-s29,fscap015,29,12014592,0.35,0.15
fscap015-s29,fscap015,29,12045312,0.31,0.15
fscap015-s29,fscap015,29,12076032,0.36,0.15
fscap015-s29,fscap015,29,12106752,0.23,0.15
fscap015-s29,fscap015,29,12137472,0.41,0.15
fscap015-s29,fscap015,29,12168192,0.32,0.15
fscap015-s29,fscap015,29,12198912,0.26,0.15
fscap015-s29,fscap015,29,12229632,0.38,0.15
fscap015-s29,fscap015,29,12260352,0.35,0.15
fscap015-s29,fscap015,29,12291072,0.36,0.15
fscap015-s29,fscap015,29,12321792,0.29,0.15
fscap015-s29,fscap015,29,12352512,0.42,0.15
fscap015-s29,fscap015,29,12383232,0.29,0.15
fscap015-s29,fscap015,29,12413952,0.36,0.15
fscap015-s29,fscap015,29,12444672,0.34,0.15
fscap015-s29,fscap015,29,12475392,0.31,0.15
fscap015-s29,fscap015,29,12506112,0.37,0.15
fscap015-s29,fscap015,29,12536832,0.29,0.15
fscap015-s29,fscap015,29,12567552,0.36,0.15
fscap015-s29,fscap015,29,12598272,0.32,0.15
fscap015-s29,fscap015,29,12628992,0.28,0.15
fscap015-s29,fscap015,29,12659712,0.36,0.15
fscap015-s29,fscap015,29,12690432,0.29,0.15
fscap015-s29,fscap015,29,12721152,0.42,0.15
fscap015-s29,fscap015,29,12751872,0.27,0.15
fscap015-s29,fscap015,29,12782592,0.36,0.15
fscap015-s29,fscap015,29,12813312,0.36,0.15
fscap015-s29,fscap015,29,12844032,0.27,0.15
fscap015-s29,fscap015,29,12874752,0.32,0.15
fscap015-s29,fscap015,29,12905472,0.29,0.15
fscap015-s29,fscap015,29,12936192,0.39,0.15
fscap015-s29,fscap015,29,12966912,0.38,0.15
fscap015-s29,fscap015,29,12997632,0.25,0.15
fscap015-s29,fscap015,29,13028352,0.36,0.15
fscap015-s29,fscap015,29,13059072,0.33,0.15
fscap015-s29,fscap015,29,13089792,0.4,0.15
fscap015-s29,fscap015,29,13120512,0.34,0.15
fscap015-s29,fscap015,29,13151232,0.38,0.15
fscap015-s29,fscap015,29,13181952,0.38,0.15
fscap015-s29,fscap015,29,13212672,0.38,0.15
fscap015-s29,fscap015,29,13243392,0.32,0.15
fscap015-s29,fscap015,29,13274112,0.39,0.15
fscap015-s29,fscap015,29,13304832,0.39,0.15
fscap015-s29,fscap015,29,13335552,0.4,0.15
fscap015-s29,fscap015,29,13366272,0.33,0.15
fscap015-s29,fscap015,29,13396992,0.42,0.15
fscap015-s29,fscap015,29,13427712,0.3,0.15
fscap015-s29,fscap015,29,13458432,0.37,0.15
fscap015-s29,fscap015,29,13489152,0.35,0.15
fscap015-s29,fscap015,29,13519872,0.3,0.15
fscap015-s29,fscap015,29,13550592,0.27,0.15
fscap015-s29,fscap015,29,13581312,0.31,0.15
fscap015-s29,fscap015,29,13612032,0.39,0.15
fscap015-s29,fscap015,29,13642752,0.41,0.15
fscap015-s29,fscap015,29,13673472,0.41,0.15
fscap015-s29,fscap015,29,13704192,0.42,0.15
fscap015-s29,fscap015,29,13734912,0.35,0.15
fscap015-s29,fscap015,29,13765632,0.41,0.15
fscap015-s29,fscap015,29,13796352,0.32,0.15
fscap015-s29,fscap015,29,13827072,0.37,0.15
fscap015-s29,fscap015,29,13857792,0.44,0.15
fscap015-s29,fscap015,29,13888512,0.3,0.15
fscap015-s29,fscap015,29,13919232,0.42,0.15
fscap015-s29,fscap015,29,13949952,0.33,0.15
fscap015-s29,fscap015,29,13980672,0.48,0.15
fscap015-s29,fscap015,29,14011392,0.42,0.15
fscap015-s29,fscap015,29,14042112,0.4,0.15
fscap015-s29,fscap015,29,14072832,0.39,0.15
fscap015-s29,fscap015,29,14103552,0.48,0.15
fscap015-s29,fscap015,29,14134272,0.4,0.15
fscap015-s29,fscap015,29,14164992,0.42,0.15
fscap015-s29,fscap015,29,14195712,0.45,0.15
fscap015-s29,fscap015,29,14226432,0.35,0.15
fscap015-s29,fscap015,29,14257152,0.52,0.15
fscap015-s29,fscap015,29,14287872,0.42,0.15
fscap015-s29,fscap015,29,14318592,0.39,0.15
fscap015-s29,fscap015,29,14349312,0.43,0.15
fscap015-s29,fscap015,29,14380032,0.39,0.15
fscap015-s29,fscap015,29,14410752,0.34,0.15
fscap015-s29,fscap015,29,14441472,0.46,0.15
fscap015-s29,fscap015,29,14472192,0.38,0.15
fscap015-s29,fscap015,29,14502912,0.39,0.15
fscap015-s29,fscap015,29,14533632,0.38,0.15
fscap015-s29,fscap015,29,14564352,0.35,0.15
fscap015-s29,fscap015,29,14595072,0.41,0.15
fscap015-s29,fscap015,29,14625792,0.47,0.15
fscap015-s29,fscap015,29,14656512,0.33,0.15
fscap015-s29,fscap015,29,14687232,0.41,0.15
fscap015-s29,fscap015,29,14717952,0.36,0.15
fscap015-s29,fscap015,29,14748672,0.44,0.15
fscap015-s29,fscap015,29,14779392,0.4,0.15
fscap015-s29,fscap015,29,14810112,0.45,0.15
fscap015-s29,fscap015,29,14840832,0.41,0.15
fscap015-s29,fscap015,29,14871552,0.42,0.15
fscap015-s29,fscap015,29,14902272,0.4,0.15
fscap015-s29,fscap015,29,14932992,0.39,0.15
fscap015-s29,fscap015,29,14963712,0.4,0.15
fscap015-s29,fscap015,29,14994432,0.52,0.15
fscap015-s29,fscap015,29,14997504,0.4,0.15
cap015-b2035-s27,cap015-b2035,27,4457472,0.7,-1.0
cap015-b2035-s27,cap015-b2035,27,4488192,0.54,-0.691
cap015-b2035-s27,cap015-b2035,27,4518912,0.49,-0.439
cap015-b2035-s27,cap015-b2035,27,4549632,0.52,-0.239
cap015-b2035-s27,cap015-b2035,27,4580352,0.36,-0.063
cap015-b2035-s27,cap015-b2035,27,4611072,0.29,0.044
cap015-b2035-s27,cap015-b2035,27,4641792,0.3,0.063
cap015-b2035-s27,cap015-b2035,27,4672512,0.39,0.073
cap015-b2035-s27,cap015-b2035,27,4703232,0.31,0.073
cap015-b2035-s27,cap015-b2035,27,4733952,0.27,0.073
cap015-b2035-s27,cap015-b2035,27,4764672,0.32,0.081
cap015-b2035-s27,cap015-b2035,27,4795392,0.26,0.09
cap015-b2035-s27,cap015-b2035,27,4826112,0.25,0.098
cap015-b2035-s27,cap015-b2035,27,4856832,0.25,0.098
cap015-b2035-s27,cap015-b2035,27,4887552,0.22,0.098
cap015-b2035-s27,cap015-b2035,27,4918272,0.23,0.09
cap015-b2035-s27,cap015-b2035,27,4948992,0.33,0.09
cap015-b2035-s27,cap015-b2035,27,4979712,0.32,0.08
cap015-b2035-s27,cap015-b2035,27,5010432,0.25,0.08
cap015-b2035-s27,cap015-b2035,27,5041152,0.31,0.08
cap015-b2035-s27,cap015-b2035,27,5071872,0.31,0.093
cap015-b2035-s27,cap015-b2035,27,5102592,0.21,0.093
cap015-b2035-s27,cap015-b2035,27,5133312,0.3,0.062
cap015-b2035-s27,cap015-b2035,27,5164032,0.28,0.062
cap015-b2035-s27,cap015-b2035,27,5194752,0.42,0.053
cap015-b2035-s27,cap015-b2035,27,5225472,0.29,0.098
cap015-b2035-s27,cap015-b2035,27,5256192,0.22,0.085
cap015-b2035-s27,cap015-b2035,27,5286912,0.28,0.077
cap015-b2035-s27,cap015-b2035,27,5317632,0.26,0.078
cap015-b2035-s27,cap015-b2035,27,5348352,0.35,0.098
cap015-b2035-s27,cap015-b2035,27,5379072,0.32,0.098
cap015-b2035-s27,cap015-b2035,27,5409792,0.27,0.098
cap015-b2035-s27,cap015-b2035,27,5440512,0.25,0.098
cap015-b2035-s27,cap015-b2035,27,5471232,0.24,0.098
cap015-b2035-s27,cap015-b2035,27,5501952,0.24,0.098
cap015-b2035-s27,cap015-b2035,27,5532672,0.23,0.107
cap015-b2035-s27,cap015-b2035,27,5563392,0.37,0.099
cap015-b2035-s27,cap015-b2035,27,5594112,0.34,0.108
cap015-b2035-s27,cap015-b2035,27,5624832,0.2,0.107
cap015-b2035-s27,cap015-b2035,27,5655552,0.28,0.095
cap015-b2035-s27,cap015-b2035,27,5686272,0.25,0.086
cap015-b2035-s27,cap015-b2035,27,5716992,0.29,0.086
cap015-b2035-s27,cap015-b2035,27,5747712,0.24,0.075
cap015-b2035-s27,cap015-b2035,27,5778432,0.3,0.084
cap015-b2035-s27,cap015-b2035,27,5809152,0.32,0.084
cap015-b2035-s27,cap015-b2035,27,5839872,0.32,0.084
cap015-b2035-s27,cap015-b2035,27,5870592,0.27,0.094
cap015-b2035-s27,cap015-b2035,27,5901312,0.25,0.094
cap015-b2035-s27,cap015-b2035,27,5932032,0.27,0.105
cap015-b2035-s27,cap015-b2035,27,5962752,0.35,0.105
cap015-b2035-s27,cap015-b2035,27,5993472,0.22,0.087
cap015-b2035-s27,cap015-b2035,27,6024192,0.28,0.087
cap015-b2035-s27,cap015-b2035,27,6054912,0.37,0.108
cap015-b2035-s27,cap015-b2035,27,6085632,0.28,0.118
cap015-b2035-s27,cap015-b2035,27,6116352,0.26,0.127
cap015-b2035-s27,cap015-b2035,27,6147072,0.27,0.117
cap015-b2035-s27,cap015-b2035,27,6177792,0.3,0.117
cap015-b2035-s27,cap015-b2035,27,6208512,0.28,0.117
cap015-b2035-s27,cap015-b2035,27,6239232,0.27,0.127
cap015-b2035-s27,cap015-b2035,27,6269952,0.26,0.119
cap015-b2035-s27,cap015-b2035,27,6300672,0.26,0.129
cap015-b2035-s27,cap015-b2035,27,6331392,0.33,0.129
cap015-b2035-s27,cap015-b2035,27,6362112,0.33,0.129
cap015-b2035-s27,cap015-b2035,27,6392832,0.27,0.129
cap015-b2035-s27,cap015-b2035,27,6423552,0.21,0.139
cap015-b2035-s27,cap015-b2035,27,6454272,0.3,0.139
cap015-b2035-s27,cap015-b2035,27,6484992,0.28,0.148
cap015-b2035-s27,cap015-b2035,27,6515712,0.25,0.139
cap015-b2035-s27,cap015-b2035,27,6546432,0.27,0.123
cap015-b2035-s27,cap015-b2035,27,6577152,0.29,0.141
cap015-b2035-s27,cap015-b2035,27,6607872,0.34,0.129
cap015-b2035-s27,cap015-b2035,27,6638592,0.29,0.129
cap015-b2035-s27,cap015-b2035,27,6669312,0.26,0.129
cap015-b2035-s27,cap015-b2035,27,6700032,0.31,0.149
cap015-b2035-s27,cap015-b2035,27,6730752,0.24,0.15
cap015-b2035-s27,cap015-b2035,27,6761472,0.36,0.15
cap015-b2035-s27,cap015-b2035,27,6792192,0.26,0.15
cap015-b2035-s27,cap015-b2035,27,6822912,0.32,0.15
cap015-b2035-s27,cap015-b2035,27,6853632,0.26,0.15
cap015-b2035-s27,cap015-b2035,27,6884352,0.3,0.15
cap015-b2035-s27,cap015-b2035,27,6915072,0.24,0.15
cap015-b2035-s27,cap015-b2035,27,6945792,0.19,0.15
cap015-b2035-s27,cap015-b2035,27,6976512,0.23,0.13
cap015-b2035-s27,cap015-b2035,27,7007232,0.27,0.132
cap015-b2035-s27,cap015-b2035,27,7037952,0.33,0.141
cap015-b2035-s27,cap015-b2035,27,7068672,0.27,0.141
cap015-b2035-s27,cap015-b2035,27,7099392,0.29,0.15
cap015-b2035-s27,cap015-b2035,27,7130112,0.31,0.15
cap015-b2035-s27,cap015-b2035,27,7160832,0.3,0.15
cap015-b2035-s27,cap015-b2035,27,7191552,0.38,0.15
cap015-b2035-s27,cap015-b2035,27,7222272,0.32,0.15
cap015-b2035-s27,cap015-b2035,27,7252992,0.3,0.138
cap015-b2035-s27,cap015-b2035,27,7283712,0.31,0.138
cap015-b2035-s27,cap015-b2035,27,7314432,0.25,0.147
cap015-b2035-s27,cap015-b2035,27,7345152,0.32,0.15
cap015-b2035-s27,cap015-b2035,27,7375872,0.26,0.15
cap015-b2035-s27,cap015-b2035,27,7406592,0.27,0.15
cap015-b2035-s27,cap015-b2035,27,7437312,0.34,0.15
cap015-b2035-s27,cap015-b2035,27,7468032,0.24,0.14
cap015-b2035-s27,cap015-b2035,27,7498752,0.25,0.15
cap015-b2035-s27,cap015-b2035,27,7529472,0.24,0.15
cap015-b2035-s27,cap015-b2035,27,7560192,0.25,0.15
cap015-b2035-s27,cap015-b2035,27,7590912,0.37,0.15
cap015-b2035-s27,cap015-b2035,27,7621632,0.29,0.15
cap015-b2035-s27,cap015-b2035,27,7652352,0.27,0.15
cap015-b2035-s27,cap015-b2035,27,7683072,0.34,0.15
cap015-b2035-s27,cap015-b2035,27,7713792,0.31,0.15
cap015-b2035-s27,cap015-b2035,27,7744512,0.34,0.15
cap015-b2035-s27,cap015-b2035,27,7775232,0.3,0.15
cap015-b2035-s27,cap015-b2035,27,7805952,0.31,0.15
cap015-b2035-s27,cap015-b2035,27,7836672,0.37,0.15
cap015-b2035-s27,cap015-b2035,27,7867392,0.32,0.15
cap015-b2035-s27,cap015-b2035,27,7898112,0.38,0.15
cap015-b2035-s27,cap015-b2035,27,7928832,0.32,0.15
cap015-b2035-s27,cap015-b2035,27,7959552,0.4,0.15
cap015-b2035-s27,cap015-b2035,27,7990272,0.26,0.15
cap015-b2035-s27,cap015-b2035,27,8020992,0.32,0.15
cap015-b2035-s27,cap015-b2035,27,8051712,0.33,0.15
cap015-b2035-s27,cap015-b2035,27,8082432,0.3,0.15
cap015-b2035-s27,cap015-b2035,27,8113152,0.28,0.15
cap015-b2035-s27,cap015-b2035,27,8143872,0.41,0.15
cap015-b2035-s27,cap015-b2035,27,8174592,0.34,0.15
cap015-b2035-s27,cap015-b2035,27,8205312,0.3,0.15
cap015-b2035-s27,cap015-b2035,27,8236032,0.34,0.15
cap015-b2035-s27,cap015-b2035,27,8266752,0.27,0.15
cap015-b2035-s27,cap015-b2035,27,8297472,0.32,0.15
cap015-b2035-s27,cap015-b2035,27,8328192,0.3,0.15
cap015-b2035-s27,cap015-b2035,27,8358912,0.37,0.15
cap015-b2035-s27,cap015-b2035,27,8389632,0.32,0.15
cap015-b2035-s27,cap015-b2035,27,8420352,0.29,0.15
cap015-b2035-s27,cap015-b2035,27,8451072,0.34,0.15
cap015-b2035-s27,cap015-b2035,27,8481792,0.37,0.15
cap015-b2035-s27,cap015-b2035,27,8512512,0.34,0.15
cap015-b2035-s27,cap015-b2035,27,8543232,0.33,0.15
cap015-b2035-s27,cap015-b2035,27,8573952,0.38,0.15
cap015-b2035-s27,cap015-b2035,27,8604672,0.35,0.15
cap015-b2035-s27,cap015-b2035,27,8635392,0.35,0.15
cap015-b2035-s27,cap015-b2035,27,8666112,0.45,0.15
cap015-b2035-s27,cap015-b2035,27,8696832,0.43,0.15
cap015-b2035-s27,cap015-b2035,27,8727552,0.39,0.15
cap015-b2035-s27,cap015-b2035,27,8758272,0.38,0.15
cap015-b2035-s27,cap015-b2035,27,8788992,0.39,0.15
cap015-b2035-s27,cap015-b2035,27,8819712,0.38,0.15
cap015-b2035-s27,cap015-b2035,27,8850432,0.36,0.15
cap015-b2035-s27,cap015-b2035,27,8881152,0.35,0.15
cap015-b2035-s27,cap015-b2035,27,8911872,0.32,0.15
cap015-b2035-s27,cap015-b2035,27,8942592,0.39,0.15
cap015-b2035-s27,cap015-b2035,27,8973312,0.35,0.15
cap015-b2035-s27,cap015-b2035,27,9004032,0.36,0.15
cap015-b2035-s27,cap015-b2035,27,9034752,0.33,0.15
cap015-b2035-s27,cap015-b2035,27,9065472,0.29,0.15
cap015-b2035-s27,cap015-b2035,27,9096192,0.44,0.15
cap015-b2035-s27,cap015-b2035,27,9126912,0.35,0.15
cap015-b2035-s27,cap015-b2035,27,9157632,0.46,0.15
cap015-b2035-s27,cap015-b2035,27,9188352,0.32,0.15
cap015-b2035-s27,cap015-b2035,27,9219072,0.34,0.15
cap015-b2035-s27,cap015-b2035,27,9249792,0.34,0.15
cap015-b2035-s27,cap015-b2035,27,9280512,0.39,0.15
cap015-b2035-s27,cap015-b2035,27,9311232,0.45,0.15
cap015-b2035-s27,cap015-b2035,27,9341952,0.4,0.15
cap015-b2035-s27,cap015-b2035,27,9372672,0.4,0.15
cap015-b2035-s27,cap015-b2035,27,9403392,0.4,0.15
cap015-b2035-s27,cap015-b2035,27,9434112,0.4,0.15
cap015-b2035-s27,cap015-b2035,27,9464832,0.41,0.15
cap015-b2035-s27,cap015-b2035,27,9495552,0.37,0.15
cap015-b2035-s27,cap015-b2035,27,9526272,0.41,0.15
cap015-b2035-s27,cap015-b2035,27,9556992,0.52,0.15
cap015-b2035-s27,cap015-b2035,27,9587712,0.4,0.15
cap015-b2035-s27,cap015-b2035,27,9618432,0.47,0.15
cap015-b2035-s27,cap015-b2035,27,9649152,0.34,0.15
cap015-b2035-s27,cap015-b2035,27,9679872,0.41,0.15
cap015-b2035-s27,cap015-b2035,27,9710592,0.49,0.15
cap015-b2035-s27,cap015-b2035,27,9741312,0.38,0.15
cap015-b2035-s27,cap015-b2035,27,9772032,0.39,0.15
cap015-b2035-s27,cap015-b2035,27,9802752,0.4,0.15
cap015-b2035-s27,cap015-b2035,27,9833472,0.43,0.15
cap015-b2035-s27,cap015-b2035,27,9864192,0.38,0.15
cap015-b2035-s27,cap015-b2035,27,9894912,0.4,0.15
cap015-b2035-s27,cap015-b2035,27,9925632,0.4,0.15
cap015-b2035-s27,cap015-b2035,27,9956352,0.34,0.15
cap015-b2035-s27,cap015-b2035,27,9987072,0.43,0.15
cap015-b2035-s27,cap015-b2035,27,10017792,0.37,0.15
cap015-b2035-s27,cap015-b2035,27,10048512,0.46,0.15
cap015-b2035-s27,cap015-b2035,27,10079232,0.36,0.15
cap015-b2035-s27,cap015-b2035,27,10109952,0.44,0.15
cap015-b2035-s27,cap015-b2035,27,10140672,0.41,0.15
cap015-b2035-s27,cap015-b2035,27,10171392,0.45,0.15
cap015-b2035-s27,cap015-b2035,27,10202112,0.42,0.15
cap015-b2035-s27,cap015-b2035,27,10232832,0.32,0.15
cap015-b2035-s27,cap015-b2035,27,10263552,0.45,0.15
cap015-b2035-s27,cap015-b2035,27,10294272,0.37,0.15
cap015-b2035-s27,cap015-b2035,27,10324992,0.37,0.15
cap015-b2035-s27,cap015-b2035,27,10355712,0.44,0.15
cap015-b2035-s27,cap015-b2035,27,10386432,0.37,0.15
cap015-b2035-s27,cap015-b2035,27,10417152,0.54,0.15
cap015-b2035-s27,cap015-b2035,27,10447872,0.47,0.15
cap015-b2035-s27,cap015-b2035,27,10478592,0.36,0.15
cap015-b2035-s27,cap015-b2035,27,10509312,0.35,0.15
cap015-b2035-s27,cap015-b2035,27,10540032,0.44,0.15
cap015-b2035-s27,cap015-b2035,27,10570752,0.41,0.15
cap015-b2035-s27,cap015-b2035,27,10601472,0.34,0.15
cap015-b2035-s27,cap015-b2035,27,10632192,0.44,0.15
cap015-b2035-s27,cap015-b2035,27,10662912,0.46,0.15
cap015-b2035-s27,cap015-b2035,27,10693632,0.42,0.15
cap015-b2035-s27,cap015-b2035,27,10724352,0.42,0.15
cap015-b2035-s27,cap015-b2035,27,10755072,0.43,0.15
cap015-b2035-s27,cap015-b2035,27,10785792,0.41,0.15
cap015-b2035-s27,cap015-b2035,27,10816512,0.43,0.15
cap015-b2035-s27,cap015-b2035,27,10847232,0.47,0.15
cap015-b2035-s27,cap015-b2035,27,10877952,0.47,0.15
cap015-b2035-s27,cap015-b2035,27,10908672,0.45,0.15
cap015-b2035-s27,cap015-b2035,27,10939392,0.38,0.15
cap015-b2035-s27,cap015-b2035,27,10970112,0.41,0.15
cap015-b2035-s27,cap015-b2035,27,11000832,0.46,0.15
cap015-b2035-s27,cap015-b2035,27,11031552,0.51,0.15
cap015-b2035-s27,cap015-b2035,27,11062272,0.38,0.15
cap015-b2035-s27,cap015-b2035,27,11092992,0.48,0.15
cap015-b2035-s27,cap015-b2035,27,11123712,0.46,0.15
cap015-b2035-s27,cap015-b2035,27,11154432,0.4,0.15
cap015-b2035-s27,cap015-b2035,27,11185152,0.41,0.15
cap015-b2035-s27,cap015-b2035,27,11215872,0.56,0.15
cap015-b2035-s27,cap015-b2035,27,11246592,0.41,0.15
cap015-b2035-s27,cap015-b2035,27,11277312,0.54,0.15
cap015-b2035-s27,cap015-b2035,27,11308032,0.47,0.15
cap015-b2035-s27,cap015-b2035,27,11338752,0.45,0.15
cap015-b2035-s27,cap015-b2035,27,11369472,0.46,0.15
cap015-b2035-s27,cap015-b2035,27,11400192,0.52,0.15
cap015-b2035-s27,cap015-b2035,27,11430912,0.49,0.15
cap015-b2035-s27,cap015-b2035,27,11461632,0.42,0.15
cap015-b2035-s27,cap015-b2035,27,11492352,0.29,0.15
cap015-b2035-s27,cap015-b2035,27,11523072,0.49,0.15
cap015-b2035-s27,cap015-b2035,27,11553792,0.49,0.15
cap015-b2035-s27,cap015-b2035,27,11584512,0.49,0.15
cap015-b2035-s27,cap015-b2035,27,11615232,0.46,0.15
cap015-b2035-s27,cap015-b2035,27,11645952,0.49,0.15
cap015-b2035-s27,cap015-b2035,27,11676672,0.41,0.15
cap015-b2035-s27,cap015-b2035,27,11707392,0.41,0.15
cap015-b2035-s27,cap015-b2035,27,11738112,0.35,0.15
cap015-b2035-s27,cap015-b2035,27,11768832,0.46,0.15
cap015-b2035-s27,cap015-b2035,27,11799552,0.46,0.15
cap015-b2035-s27,cap015-b2035,27,11830272,0.46,0.15
cap015-b2035-s27,cap015-b2035,27,11860992,0.54,0.15
cap015-b2035-s27,cap015-b2035,27,11891712,0.43,0.15
cap015-b2035-s27,cap015-b2035,27,11922432,0.44,0.15
cap015-b2035-s27,cap015-b2035,27,11953152,0.45,0.15
cap015-b2035-s27,cap015-b2035,27,11983872,0.52,0.15
cap015-b2035-s27,cap015-b2035,27,12014592,0.48,0.15
cap015-b2035-s27,cap015-b2035,27,12045312,0.42,0.15
cap015-b2035-s27,cap015-b2035,27,12076032,0.49,0.15
cap015-b2035-s27,cap015-b2035,27,12106752,0.51,0.15
cap015-b2035-s27,cap015-b2035,27,12137472,0.5,0.15
cap015-b2035-s27,cap015-b2035,27,12168192,0.35,0.15
cap015-b2035-s27,cap015-b2035,27,12198912,0.48,0.15
cap015-b2035-s27,cap015-b2035,27,12229632,0.46,0.15
cap015-b2035-s27,cap015-b2035,27,12260352,0.4,0.15
cap015-b2035-s27,cap015-b2035,27,12291072,0.48,0.15
cap015-b2035-s27,cap015-b2035,27,12321792,0.53,0.15
cap015-b2035-s27,cap015-b2035,27,12352512,0.5,0.15
cap015-b2035-s27,cap015-b2035,27,12383232,0.51,0.15
cap015-b2035-s27,cap015-b2035,27,12413952,0.44,0.15
cap015-b2035-s27,cap015-b2035,27,12444672,0.42,0.15
cap015-b2035-s27,cap015-b2035,27,12475392,0.53,0.15
cap015-b2035-s27,cap015-b2035,27,12506112,0.51,0.15
cap015-b2035-s27,cap015-b2035,27,12536832,0.53,0.15
cap015-b2035-s27,cap015-b2035,27,12567552,0.51,0.15
cap015-b2035-s27,cap015-b2035,27,12598272,0.52,0.15
cap015-b2035-s27,cap015-b2035,27,12628992,0.48,0.15
cap015-b2035-s27,cap015-b2035,27,12659712,0.46,0.15
cap015-b2035-s27,cap015-b2035,27,12690432,0.43,0.15
cap015-b2035-s27,cap015-b2035,27,12721152,0.48,0.15
cap015-b2035-s27,cap015-b2035,27,12751872,0.41,0.15
cap015-b2035-s27,cap015-b2035,27,12782592,0.5,0.15
cap015-b2035-s27,cap015-b2035,27,12813312,0.51,0.15
cap015-b2035-s27,cap015-b2035,27,12844032,0.39,0.15
cap015-b2035-s27,cap015-b2035,27,12874752,0.59,0.15
cap015-b2035-s27,cap015-b2035,27,12905472,0.52,0.15
cap015-b2035-s27,cap015-b2035,27,12936192,0.53,0.15
cap015-b2035-s27,cap015-b2035,27,12966912,0.57,0.15
cap015-b2035-s27,cap015-b2035,27,12997632,0.46,0.15
cap015-b2035-s27,cap015-b2035,27,13028352,0.41,0.15
cap015-b2035-s27,cap015-b2035,27,13059072,0.43,0.15
cap015-b2035-s27,cap015-b2035,27,13089792,0.49,0.15
cap015-b2035-s27,cap015-b2035,27,13120512,0.48,0.15
cap015-b2035-s27,cap015-b2035,27,13151232,0.41,0.15
cap015-b2035-s27,cap015-b2035,27,13181952,0.45,0.15
cap015-b2035-s27,cap015-b2035,27,13212672,0.49,0.15
cap015-b2035-s27,cap015-b2035,27,13243392,0.51,0.15
cap015-b2035-s27,cap015-b2035,27,13274112,0.46,0.15
cap015-b2035-s27,cap015-b2035,27,13304832,0.52,0.15
cap015-b2035-s27,cap015-b2035,27,13335552,0.47,0.15
cap015-b2035-s27,cap015-b2035,27,13366272,0.49,0.15
cap015-b2035-s27,cap015-b2035,27,13396992,0.56,0.15
cap015-b2035-s27,cap015-b2035,27,13427712,0.5,0.15
cap015-b2035-s27,cap015-b2035,27,13458432,0.63,0.15
cap015-b2035-s27,cap015-b2035,27,13489152,0.52,0.15
cap015-b2035-s27,cap015-b2035,27,13519872,0.49,0.15
cap015-b2035-s27,cap015-b2035,27,13550592,0.47,0.15
cap015-b2035-s27,cap015-b2035,27,13581312,0.58,0.15
cap015-b2035-s27,cap015-b2035,27,13612032,0.53,0.15
cap015-b2035-s27,cap015-b2035,27,13642752,0.43,0.15
cap015-b2035-s27,cap015-b2035,27,13673472,0.48,0.15
cap015-b2035-s27,cap015-b2035,27,13704192,0.45,0.15
cap015-b2035-s27,cap015-b2035,27,13734912,0.56,0.15
cap015-b2035-s27,cap015-b2035,27,13765632,0.62,0.15
cap015-b2035-s27,cap015-b2035,27,13796352,0.57,0.15
cap015-b2035-s27,cap015-b2035,27,13827072,0.54,0.15
cap015-b2035-s27,cap015-b2035,27,13857792,0.58,0.15
cap015-b2035-s27,cap015-b2035,27,13888512,0.51,0.15
cap015-b2035-s27,cap015-b2035,27,13919232,0.48,0.15
cap015-b2035-s27,cap015-b2035,27,13949952,0.55,0.15
cap015-b2035-s27,cap015-b2035,27,13980672,0.47,0.15
cap015-b2035-s27,cap015-b2035,27,14011392,0.45,0.15
cap015-b2035-s27,cap015-b2035,27,14042112,0.53,0.15
cap015-b2035-s27,cap015-b2035,27,14072832,0.53,0.15
cap015-b2035-s27,cap015-b2035,27,14103552,0.53,0.15
cap015-b2035-s27,cap015-b2035,27,14134272,0.53,0.15
cap015-b2035-s27,cap015-b2035,27,14164992,0.51,0.15
cap015-b2035-s27,cap015-b2035,27,14195712,0.44,0.15
cap015-b2035-s27,cap015-b2035,27,14226432,0.41,0.15
cap015-b2035-s27,cap015-b2035,27,14257152,0.55,0.15
cap015-b2035-s27,cap015-b2035,27,14287872,0.49,0.15
cap015-b2035-s27,cap015-b2035,27,14318592,0.56,0.15
cap015-b2035-s27,cap015-b2035,27,14349312,0.62,0.15
cap015-b2035-s27,cap015-b2035,27,14380032,0.54,0.15
cap015-b2035-s27,cap015-b2035,27,14410752,0.57,0.15
cap015-b2035-s27,cap015-b2035,27,14441472,0.56,0.15
cap015-b2035-s27,cap015-b2035,27,14472192,0.56,0.15
cap015-b2035-s27,cap015-b2035,27,14502912,0.61,0.15
cap015-b2035-s27,cap015-b2035,27,14533632,0.53,0.15
cap015-b2035-s27,cap015-b2035,27,14564352,0.56,0.15
cap015-b2035-s27,cap015-b2035,27,14595072,0.53,0.15
cap015-b2035-s27,cap015-b2035,27,14625792,0.53,0.15
cap015-b2035-s27,cap015-b2035,27,14656512,0.55,0.15
cap015-b2035-s27,cap015-b2035,27,14687232,0.58,0.15
cap015-b2035-s27,cap015-b2035,27,14717952,0.51,0.15
cap015-b2035-s27,cap015-b2035,27,14748672,0.52,0.15
cap015-b2035-s27,cap015-b2035,27,14779392,0.62,0.15
cap015-b2035-s27,cap015-b2035,27,14810112,0.49,0.15
cap015-b2035-s27,cap015-b2035,27,14840832,0.58,0.15
cap015-b2035-s27,cap015-b2035,27,14871552,0.59,0.15
cap015-b2035-s27,cap015-b2035,27,14902272,0.54,0.15
cap015-b2035-s27,cap015-b2035,27,14932992,0.61,0.15
cap015-b2035-s27,cap015-b2035,27,14963712,0.61,0.15
cap015-b2035-s27,cap015-b2035,27,14994432,0.51,0.15
cap015-b2035-s27,cap015-b2035,27,14997504,0.57,0.15
cap015-b2035-s28,cap015-b2035,28,4457472,0.67,-1.0
cap015-b2035-s28,cap015-b2035,28,4488192,0.46,-0.669
cap015-b2035-s28,cap015-b2035,28,4518912,0.61,-0.429
cap015-b2035-s28,cap015-b2035,28,4549632,0.36,-0.269
cap015-b2035-s28,cap015-b2035,28,4580352,0.45,-0.131
cap015-b2035-s28,cap015-b2035,28,4611072,0.41,0.015
cap015-b2035-s28,cap015-b2035,28,4641792,0.32,0.058
cap015-b2035-s28,cap015-b2035,28,4672512,0.3,0.071
cap015-b2035-s28,cap015-b2035,28,4703232,0.23,0.062
cap015-b2035-s28,cap015-b2035,28,4733952,0.32,0.083
cap015-b2035-s28,cap015-b2035,28,4764672,0.29,0.071
cap015-b2035-s28,cap015-b2035,28,4795392,0.18,0.071
cap015-b2035-s28,cap015-b2035,28,4826112,0.31,0.074
cap015-b2035-s28,cap015-b2035,28,4856832,0.28,0.085
cap015-b2035-s28,cap015-b2035,28,4887552,0.22,0.085
cap015-b2035-s28,cap015-b2035,28,4918272,0.33,0.085
cap015-b2035-s28,cap015-b2035,28,4948992,0.23,0.093
cap015-b2035-s28,cap015-b2035,28,4979712,0.24,0.093
cap015-b2035-s28,cap015-b2035,28,5010432,0.24,0.085
cap015-b2035-s28,cap015-b2035,28,5041152,0.27,0.096
cap015-b2035-s28,cap015-b2035,28,5071872,0.23,0.086
cap015-b2035-s28,cap015-b2035,28,5102592,0.33,0.091
cap015-b2035-s28,cap015-b2035,28,5133312,0.21,0.091
cap015-b2035-s28,cap015-b2035,28,5164032,0.19,0.092
cap015-b2035-s28,cap015-b2035,28,5194752,0.34,0.07
cap015-b2035-s28,cap015-b2035,28,5225472,0.35,0.08
cap015-b2035-s28,cap015-b2035,28,5256192,0.21,0.109
cap015-b2035-s28,cap015-b2035,28,5286912,0.22,0.109
cap015-b2035-s28,cap015-b2035,28,5317632,0.31,0.1
cap015-b2035-s28,cap015-b2035,28,5348352,0.36,0.1
cap015-b2035-s28,cap015-b2035,28,5379072,0.35,0.108
cap015-b2035-s28,cap015-b2035,28,5409792,0.25,0.098
cap015-b2035-s28,cap015-b2035,28,5440512,0.32,0.088
cap015-b2035-s28,cap015-b2035,28,5471232,0.28,0.08
cap015-b2035-s28,cap015-b2035,28,5501952,0.27,0.08
cap015-b2035-s28,cap015-b2035,28,5532672,0.25,0.088
cap015-b2035-s28,cap015-b2035,28,5563392,0.21,0.088
cap015-b2035-s28,cap015-b2035,28,5594112,0.24,0.08
cap015-b2035-s28,cap015-b2035,28,5624832,0.29,0.08
cap015-b2035-s28,cap015-b2035,28,5655552,0.34,0.08
cap015-b2035-s28,cap015-b2035,28,5686272,0.31,0.088
cap015-b2035-s28,cap015-b2035,28,5716992,0.26,0.098
cap015-b2035-s28,cap015-b2035,28,5747712,0.28,0.106
cap015-b2035-s28,cap015-b2035,28,5778432,0.33,0.106
cap015-b2035-s28,cap015-b2035,28,5809152,0.29,0.124
cap015-b2035-s28,cap015-b2035,28,5839872,0.27,0.107
cap015-b2035-s28,cap015-b2035,28,5870592,0.27,0.107
cap015-b2035-s28,cap015-b2035,28,5901312,0.32,0.121
cap015-b2035-s28,cap015-b2035,28,5932032,0.24,0.112
cap015-b2035-s28,cap015-b2035,28,5962752,0.23,0.115
cap015-b2035-s28,cap015-b2035,28,5993472,0.23,0.115
cap015-b2035-s28,cap015-b2035,28,6024192,0.27,0.115
cap015-b2035-s28,cap015-b2035,28,6054912,0.28,0.106
cap015-b2035-s28,cap015-b2035,28,6085632,0.23,0.128
cap015-b2035-s28,cap015-b2035,28,6116352,0.27,0.117
cap015-b2035-s28,cap015-b2035,28,6147072,0.18,0.117
cap015-b2035-s28,cap015-b2035,28,6177792,0.22,0.106
cap015-b2035-s28,cap015-b2035,28,6208512,0.33,0.106
cap015-b2035-s28,cap015-b2035,28,6239232,0.35,0.106
cap015-b2035-s28,cap015-b2035,28,6269952,0.28,0.114
cap015-b2035-s28,cap015-b2035,28,6300672,0.23,0.123
cap015-b2035-s28,cap015-b2035,28,6331392,0.19,0.099
cap015-b2035-s28,cap015-b2035,28,6362112,0.37,0.091
cap015-b2035-s28,cap015-b2035,28,6392832,0.26,0.116
cap015-b2035-s28,cap015-b2035,28,6423552,0.3,0.116
cap015-b2035-s28,cap015-b2035,28,6454272,0.29,0.137
cap015-b2035-s28,cap015-b2035,28,6484992,0.27,0.137
cap015-b2035-s28,cap015-b2035,28,6515712,0.3,0.137
cap015-b2035-s28,cap015-b2035,28,6546432,0.27,0.123
cap015-b2035-s28,cap015-b2035,28,6577152,0.28,0.114
cap015-b2035-s28,cap015-b2035,28,6607872,0.34,0.133
cap015-b2035-s28,cap015-b2035,28,6638592,0.27,0.142
cap015-b2035-s28,cap015-b2035,28,6669312,0.32,0.127
cap015-b2035-s28,cap015-b2035,28,6700032,0.27,0.135
cap015-b2035-s28,cap015-b2035,28,6730752,0.22,0.144
cap015-b2035-s28,cap015-b2035,28,6761472,0.3,0.15
cap015-b2035-s28,cap015-b2035,28,6792192,0.33,0.15
cap015-b2035-s28,cap015-b2035,28,6822912,0.37,0.15
cap015-b2035-s28,cap015-b2035,28,6853632,0.24,0.15
cap015-b2035-s28,cap015-b2035,28,6884352,0.22,0.141
cap015-b2035-s28,cap015-b2035,28,6915072,0.34,0.141
cap015-b2035-s28,cap015-b2035,28,6945792,0.23,0.141
cap015-b2035-s28,cap015-b2035,28,6976512,0.27,0.141
cap015-b2035-s28,cap015-b2035,28,7007232,0.16,0.141
cap015-b2035-s28,cap015-b2035,28,7037952,0.22,0.15
cap015-b2035-s28,cap015-b2035,28,7068672,0.25,0.15
cap015-b2035-s28,cap015-b2035,28,7099392,0.33,0.15
cap015-b2035-s28,cap015-b2035,28,7130112,0.29,0.15
cap015-b2035-s28,cap015-b2035,28,7160832,0.33,0.14
cap015-b2035-s28,cap015-b2035,28,7191552,0.29,0.142
cap015-b2035-s28,cap015-b2035,28,7222272,0.27,0.15
cap015-b2035-s28,cap015-b2035,28,7252992,0.3,0.15
cap015-b2035-s28,cap015-b2035,28,7283712,0.23,0.15
cap015-b2035-s28,cap015-b2035,28,7314432,0.32,0.15
cap015-b2035-s28,cap015-b2035,28,7345152,0.24,0.15
cap015-b2035-s28,cap015-b2035,28,7375872,0.3,0.15
cap015-b2035-s28,cap015-b2035,28,7406592,0.25,0.15
cap015-b2035-s28,cap015-b2035,28,7437312,0.37,0.15
cap015-b2035-s28,cap015-b2035,28,7468032,0.21,0.15
cap015-b2035-s28,cap015-b2035,28,7498752,0.3,0.15
cap015-b2035-s28,cap015-b2035,28,7529472,0.28,0.15
cap015-b2035-s28,cap015-b2035,28,7560192,0.28,0.15
cap015-b2035-s28,cap015-b2035,28,7590912,0.28,0.15
cap015-b2035-s28,cap015-b2035,28,7621632,0.21,0.15
cap015-b2035-s28,cap015-b2035,28,7652352,0.35,0.15
cap015-b2035-s28,cap015-b2035,28,7683072,0.34,0.15
cap015-b2035-s28,cap015-b2035,28,7713792,0.31,0.15
cap015-b2035-s28,cap015-b2035,28,7744512,0.38,0.15
cap015-b2035-s28,cap015-b2035,28,7775232,0.38,0.15
cap015-b2035-s28,cap015-b2035,28,7805952,0.26,0.15
cap015-b2035-s28,cap015-b2035,28,7836672,0.27,0.15
cap015-b2035-s28,cap015-b2035,28,7867392,0.33,0.15
cap015-b2035-s28,cap015-b2035,28,7898112,0.32,0.15
cap015-b2035-s28,cap015-b2035,28,7928832,0.31,0.15
cap015-b2035-s28,cap015-b2035,28,7959552,0.3,0.15
cap015-b2035-s28,cap015-b2035,28,7990272,0.33,0.15
cap015-b2035-s28,cap015-b2035,28,8020992,0.33,0.15
cap015-b2035-s28,cap015-b2035,28,8051712,0.36,0.15
cap015-b2035-s28,cap015-b2035,28,8082432,0.39,0.15
cap015-b2035-s28,cap015-b2035,28,8113152,0.29,0.15
cap015-b2035-s28,cap015-b2035,28,8143872,0.35,0.15
cap015-b2035-s28,cap015-b2035,28,8174592,0.25,0.15
cap015-b2035-s28,cap015-b2035,28,8205312,0.32,0.15
cap015-b2035-s28,cap015-b2035,28,8236032,0.29,0.15
cap015-b2035-s28,cap015-b2035,28,8266752,0.35,0.15
cap015-b2035-s28,cap015-b2035,28,8297472,0.35,0.15
cap015-b2035-s28,cap015-b2035,28,8328192,0.39,0.15
cap015-b2035-s28,cap015-b2035,28,8358912,0.28,0.15
cap015-b2035-s28,cap015-b2035,28,8389632,0.3,0.15
cap015-b2035-s28,cap015-b2035,28,8420352,0.44,0.15
cap015-b2035-s28,cap015-b2035,28,8451072,0.32,0.15
cap015-b2035-s28,cap015-b2035,28,8481792,0.4,0.15
cap015-b2035-s28,cap015-b2035,28,8512512,0.38,0.15
cap015-b2035-s28,cap015-b2035,28,8543232,0.38,0.15
cap015-b2035-s28,cap015-b2035,28,8573952,0.37,0.15
cap015-b2035-s28,cap015-b2035,28,8604672,0.29,0.15
cap015-b2035-s28,cap015-b2035,28,8635392,0.36,0.15
cap015-b2035-s28,cap015-b2035,28,8666112,0.38,0.15
cap015-b2035-s28,cap015-b2035,28,8696832,0.32,0.15
cap015-b2035-s28,cap015-b2035,28,8727552,0.41,0.15
cap015-b2035-s28,cap015-b2035,28,8758272,0.39,0.15
cap015-b2035-s28,cap015-b2035,28,8788992,0.36,0.15
cap015-b2035-s28,cap015-b2035,28,8819712,0.45,0.15
cap015-b2035-s28,cap015-b2035,28,8850432,0.44,0.15
cap015-b2035-s28,cap015-b2035,28,8881152,0.27,0.15
cap015-b2035-s28,cap015-b2035,28,8911872,0.39,0.15
cap015-b2035-s28,cap015-b2035,28,8942592,0.44,0.15
cap015-b2035-s28,cap015-b2035,28,8973312,0.42,0.15
cap015-b2035-s28,cap015-b2035,28,9004032,0.33,0.15
cap015-b2035-s28,cap015-b2035,28,9034752,0.38,0.15
cap015-b2035-s28,cap015-b2035,28,9065472,0.47,0.15
cap015-b2035-s28,cap015-b2035,28,9096192,0.39,0.15
cap015-b2035-s28,cap015-b2035,28,9126912,0.36,0.15
cap015-b2035-s28,cap015-b2035,28,9157632,0.29,0.15
cap015-b2035-s28,cap015-b2035,28,9188352,0.31,0.15
cap015-b2035-s28,cap015-b2035,28,9219072,0.44,0.15
cap015-b2035-s28,cap015-b2035,28,9249792,0.41,0.15
cap015-b2035-s28,cap015-b2035,28,9280512,0.49,0.15
cap015-b2035-s28,cap015-b2035,28,9311232,0.38,0.15
cap015-b2035-s28,cap015-b2035,28,9341952,0.42,0.15
cap015-b2035-s28,cap015-b2035,28,9372672,0.43,0.15
cap015-b2035-s28,cap015-b2035,28,9403392,0.4,0.15
cap015-b2035-s28,cap015-b2035,28,9434112,0.46,0.15
cap015-b2035-s28,cap015-b2035,28,9464832,0.36,0.15
cap015-b2035-s28,cap015-b2035,28,9495552,0.29,0.15
cap015-b2035-s28,cap015-b2035,28,9526272,0.36,0.15
cap015-b2035-s28,cap015-b2035,28,9556992,0.42,0.15
cap015-b2035-s28,cap015-b2035,28,9587712,0.4,0.15
cap015-b2035-s28,cap015-b2035,28,9618432,0.42,0.15
cap015-b2035-s28,cap015-b2035,28,9649152,0.41,0.15
cap015-b2035-s28,cap015-b2035,28,9679872,0.37,0.15
cap015-b2035-s28,cap015-b2035,28,9710592,0.4,0.15
cap015-b2035-s28,cap015-b2035,28,9741312,0.43,0.15
cap015-b2035-s28,cap015-b2035,28,9772032,0.47,0.15
cap015-b2035-s28,cap015-b2035,28,9802752,0.36,0.15
cap015-b2035-s28,cap015-b2035,28,9833472,0.38,0.15
cap015-b2035-s28,cap015-b2035,28,9864192,0.33,0.15
cap015-b2035-s28,cap015-b2035,28,9894912,0.41,0.15
cap015-b2035-s28,cap015-b2035,28,9925632,0.35,0.15
cap015-b2035-s28,cap015-b2035,28,9956352,0.42,0.15
cap015-b2035-s28,cap015-b2035,28,9987072,0.42,0.15
cap015-b2035-s28,cap015-b2035,28,10017792,0.39,0.15
cap015-b2035-s28,cap015-b2035,28,10048512,0.33,0.15
cap015-b2035-s28,cap015-b2035,28,10079232,0.49,0.15
cap015-b2035-s28,cap015-b2035,28,10109952,0.43,0.15
cap015-b2035-s28,cap015-b2035,28,10140672,0.35,0.15
cap015-b2035-s28,cap015-b2035,28,10171392,0.35,0.15
cap015-b2035-s28,cap015-b2035,28,10202112,0.36,0.15
cap015-b2035-s28,cap015-b2035,28,10232832,0.42,0.15
cap015-b2035-s28,cap015-b2035,28,10263552,0.41,0.15
cap015-b2035-s28,cap015-b2035,28,10294272,0.38,0.15
cap015-b2035-s28,cap015-b2035,28,10324992,0.43,0.15
cap015-b2035-s28,cap015-b2035,28,10355712,0.45,0.15
cap015-b2035-s28,cap015-b2035,28,10386432,0.52,0.15
cap015-b2035-s28,cap015-b2035,28,10417152,0.45,0.15
cap015-b2035-s28,cap015-b2035,28,10447872,0.44,0.15
cap015-b2035-s28,cap015-b2035,28,10478592,0.44,0.15
cap015-b2035-s28,cap015-b2035,28,10509312,0.4,0.15
cap015-b2035-s28,cap015-b2035,28,10540032,0.46,0.15
cap015-b2035-s28,cap015-b2035,28,10570752,0.36,0.15
cap015-b2035-s28,cap015-b2035,28,10601472,0.46,0.15
cap015-b2035-s28,cap015-b2035,28,10632192,0.5,0.15
cap015-b2035-s28,cap015-b2035,28,10662912,0.44,0.15
cap015-b2035-s28,cap015-b2035,28,10693632,0.43,0.15
cap015-b2035-s28,cap015-b2035,28,10724352,0.44,0.15
cap015-b2035-s28,cap015-b2035,28,10755072,0.32,0.15
cap015-b2035-s28,cap015-b2035,28,10785792,0.37,0.15
cap015-b2035-s28,cap015-b2035,28,10816512,0.45,0.15
cap015-b2035-s28,cap015-b2035,28,10847232,0.51,0.15
cap015-b2035-s28,cap015-b2035,28,10877952,0.47,0.15
cap015-b2035-s28,cap015-b2035,28,10908672,0.44,0.15
cap015-b2035-s28,cap015-b2035,28,10939392,0.41,0.15
cap015-b2035-s28,cap015-b2035,28,10970112,0.45,0.15
cap015-b2035-s28,cap015-b2035,28,11000832,0.46,0.15
cap015-b2035-s28,cap015-b2035,28,11031552,0.41,0.15
cap015-b2035-s28,cap015-b2035,28,11062272,0.45,0.15
cap015-b2035-s28,cap015-b2035,28,11092992,0.46,0.15
cap015-b2035-s28,cap015-b2035,28,11123712,0.6,0.15
cap015-b2035-s28,cap015-b2035,28,11154432,0.39,0.15
cap015-b2035-s28,cap015-b2035,28,11185152,0.46,0.15
cap015-b2035-s28,cap015-b2035,28,11215872,0.48,0.15
cap015-b2035-s28,cap015-b2035,28,11246592,0.41,0.15
cap015-b2035-s28,cap015-b2035,28,11277312,0.48,0.15
cap015-b2035-s28,cap015-b2035,28,11308032,0.43,0.15
cap015-b2035-s28,cap015-b2035,28,11338752,0.45,0.15
cap015-b2035-s28,cap015-b2035,28,11369472,0.49,0.15
cap015-b2035-s28,cap015-b2035,28,11400192,0.48,0.15
cap015-b2035-s28,cap015-b2035,28,11430912,0.38,0.15
cap015-b2035-s28,cap015-b2035,28,11461632,0.54,0.15
cap015-b2035-s28,cap015-b2035,28,11492352,0.46,0.15
cap015-b2035-s28,cap015-b2035,28,11523072,0.42,0.15
cap015-b2035-s28,cap015-b2035,28,11553792,0.54,0.15
cap015-b2035-s28,cap015-b2035,28,11584512,0.44,0.15
cap015-b2035-s28,cap015-b2035,28,11615232,0.52,0.15
cap015-b2035-s28,cap015-b2035,28,11645952,0.45,0.15
cap015-b2035-s28,cap015-b2035,28,11676672,0.48,0.15
cap015-b2035-s28,cap015-b2035,28,11707392,0.42,0.15
cap015-b2035-s28,cap015-b2035,28,11738112,0.49,0.15
cap015-b2035-s28,cap015-b2035,28,11768832,0.46,0.15
cap015-b2035-s28,cap015-b2035,28,11799552,0.46,0.15
cap015-b2035-s28,cap015-b2035,28,11830272,0.4,0.15
cap015-b2035-s28,cap015-b2035,28,11860992,0.55,0.15
cap015-b2035-s28,cap015-b2035,28,11891712,0.47,0.15
cap015-b2035-s28,cap015-b2035,28,11922432,0.5,0.15
cap015-b2035-s28,cap015-b2035,28,11953152,0.41,0.15
cap015-b2035-s28,cap015-b2035,28,11983872,0.52,0.15
cap015-b2035-s28,cap015-b2035,28,12014592,0.45,0.15
cap015-b2035-s28,cap015-b2035,28,12045312,0.51,0.15
cap015-b2035-s28,cap015-b2035,28,12076032,0.52,0.15
cap015-b2035-s28,cap015-b2035,28,12106752,0.48,0.15
cap015-b2035-s28,cap015-b2035,28,12137472,0.44,0.15
cap015-b2035-s28,cap015-b2035,28,12168192,0.48,0.15
cap015-b2035-s28,cap015-b2035,28,12198912,0.52,0.15
cap015-b2035-s28,cap015-b2035,28,12229632,0.51,0.15
cap015-b2035-s28,cap015-b2035,28,12260352,0.52,0.15
cap015-b2035-s28,cap015-b2035,28,12291072,0.53,0.15
cap015-b2035-s28,cap015-b2035,28,12321792,0.54,0.15
cap015-b2035-s28,cap015-b2035,28,12352512,0.4,0.15
cap015-b2035-s28,cap015-b2035,28,12383232,0.45,0.15
cap015-b2035-s28,cap015-b2035,28,12413952,0.54,0.15
cap015-b2035-s28,cap015-b2035,28,12444672,0.44,0.15
cap015-b2035-s28,cap015-b2035,28,12475392,0.5,0.15
cap015-b2035-s28,cap015-b2035,28,12506112,0.48,0.15
cap015-b2035-s28,cap015-b2035,28,12536832,0.52,0.15
cap015-b2035-s28,cap015-b2035,28,12567552,0.43,0.15
cap015-b2035-s28,cap015-b2035,28,12598272,0.35,0.15
cap015-b2035-s28,cap015-b2035,28,12628992,0.46,0.15
cap015-b2035-s28,cap015-b2035,28,12659712,0.45,0.15
cap015-b2035-s28,cap015-b2035,28,12690432,0.36,0.15
cap015-b2035-s28,cap015-b2035,28,12721152,0.45,0.15
cap015-b2035-s28,cap015-b2035,28,12751872,0.45,0.15
cap015-b2035-s28,cap015-b2035,28,12782592,0.43,0.15
cap015-b2035-s28,cap015-b2035,28,12813312,0.47,0.15
cap015-b2035-s28,cap015-b2035,28,12844032,0.5,0.15
cap015-b2035-s28,cap015-b2035,28,12874752,0.46,0.15
cap015-b2035-s28,cap015-b2035,28,12905472,0.47,0.15
cap015-b2035-s28,cap015-b2035,28,12936192,0.46,0.15
cap015-b2035-s28,cap015-b2035,28,12966912,0.39,0.15
cap015-b2035-s28,cap015-b2035,28,12997632,0.52,0.15
cap015-b2035-s28,cap015-b2035,28,13028352,0.56,0.15
cap015-b2035-s28,cap015-b2035,28,13059072,0.42,0.15
cap015-b2035-s28,cap015-b2035,28,13089792,0.45,0.15
cap015-b2035-s28,cap015-b2035,28,13120512,0.36,0.15
cap015-b2035-s28,cap015-b2035,28,13151232,0.52,0.15
cap015-b2035-s28,cap015-b2035,28,13181952,0.45,0.15
cap015-b2035-s28,cap015-b2035,28,13212672,0.44,0.15
cap015-b2035-s28,cap015-b2035,28,13243392,0.56,0.15
cap015-b2035-s28,cap015-b2035,28,13274112,0.41,0.15
cap015-b2035-s28,cap015-b2035,28,13304832,0.45,0.15
cap015-b2035-s28,cap015-b2035,28,13335552,0.57,0.15
cap015-b2035-s28,cap015-b2035,28,13366272,0.48,0.15
cap015-b2035-s28,cap015-b2035,28,13396992,0.64,0.15
cap015-b2035-s28,cap015-b2035,28,13427712,0.44,0.15
cap015-b2035-s28,cap015-b2035,28,13458432,0.51,0.15
cap015-b2035-s28,cap015-b2035,28,13489152,0.52,0.15
cap015-b2035-s28,cap015-b2035,28,13519872,0.51,0.15
cap015-b2035-s28,cap015-b2035,28,13550592,0.44,0.15
cap015-b2035-s28,cap015-b2035,28,13581312,0.64,0.15
cap015-b2035-s28,cap015-b2035,28,13612032,0.47,0.15
cap015-b2035-s28,cap015-b2035,28,13642752,0.56,0.15
cap015-b2035-s28,cap015-b2035,28,13673472,0.51,0.15
cap015-b2035-s28,cap015-b2035,28,13704192,0.44,0.15
cap015-b2035-s28,cap015-b2035,28,13734912,0.54,0.15
cap015-b2035-s28,cap015-b2035,28,13765632,0.54,0.15
cap015-b2035-s28,cap015-b2035,28,13796352,0.43,0.15
cap015-b2035-s28,cap015-b2035,28,13827072,0.56,0.15
cap015-b2035-s28,cap015-b2035,28,13857792,0.51,0.15
cap015-b2035-s28,cap015-b2035,28,13888512,0.43,0.15
cap015-b2035-s28,cap015-b2035,28,13919232,0.46,0.15
cap015-b2035-s28,cap015-b2035,28,13949952,0.5,0.15
cap015-b2035-s28,cap015-b2035,28,13980672,0.48,0.15
cap015-b2035-s28,cap015-b2035,28,14011392,0.55,0.15
cap015-b2035-s28,cap015-b2035,28,14042112,0.56,0.15
cap015-b2035-s28,cap015-b2035,28,14072832,0.47,0.15
cap015-b2035-s28,cap015-b2035,28,14103552,0.55,0.15
cap015-b2035-s28,cap015-b2035,28,14134272,0.46,0.15
cap015-b2035-s28,cap015-b2035,28,14164992,0.47,0.15
cap015-b2035-s28,cap015-b2035,28,14195712,0.55,0.15
cap015-b2035-s28,cap015-b2035,28,14226432,0.46,0.15
cap015-b2035-s28,cap015-b2035,28,14257152,0.66,0.15
cap015-b2035-s28,cap015-b2035,28,14287872,0.52,0.15
cap015-b2035-s28,cap015-b2035,28,14318592,0.53,0.15
cap015-b2035-s28,cap015-b2035,28,14349312,0.48,0.15
cap015-b2035-s28,cap015-b2035,28,14380032,0.55,0.15
cap015-b2035-s28,cap015-b2035,28,14410752,0.52,0.15
cap015-b2035-s28,cap015-b2035,28,14441472,0.44,0.15
cap015-b2035-s28,cap015-b2035,28,14472192,0.54,0.15
cap015-b2035-s28,cap015-b2035,28,14502912,0.69,0.15
cap015-b2035-s28,cap015-b2035,28,14533632,0.53,0.15
cap015-b2035-s28,cap015-b2035,28,14564352,0.48,0.15
cap015-b2035-s28,cap015-b2035,28,14595072,0.56,0.15
cap015-b2035-s28,cap015-b2035,28,14625792,0.55,0.15
cap015-b2035-s28,cap015-b2035,28,14656512,0.57,0.15
cap015-b2035-s28,cap015-b2035,28,14687232,0.52,0.15
cap015-b2035-s28,cap015-b2035,28,14717952,0.53,0.15
cap015-b2035-s28,cap015-b2035,28,14748672,0.55,0.15
cap015-b2035-s28,cap015-b2035,28,14779392,0.57,0.15
cap015-b2035-s28,cap015-b2035,28,14810112,0.53,0.15
cap015-b2035-s28,cap015-b2035,28,14840832,0.5,0.15
cap015-b2035-s28,cap015-b2035,28,14871552,0.5,0.15
cap015-b2035-s28,cap015-b2035,28,14902272,0.48,0.15
cap015-b2035-s28,cap015-b2035,28,14932992,0.57,0.15
cap015-b2035-s28,cap015-b2035,28,14963712,0.44,0.15
cap015-b2035-s28,cap015-b2035,28,14994432,0.53,0.15
cap015-b2035-s28,cap015-b2035,28,14997504,0.51,0.15
cap015-b2035-s29,cap015-b2035,29,4918272,0.68,-1.0
cap015-b2035-s29,cap015-b2035,29,4948992,0.59,-0.662
cap015-b2035-s29,cap015-b2035,29,4979712,0.47,-0.372
cap015-b2035-s29,cap015-b2035,29,5010432,0.42,-0.168
cap015-b2035-s29,cap015-b2035,29,5041152,0.42,0.019
cap015-b2035-s29,cap015-b2035,29,5071872,0.34,0.068
cap015-b2035-s29,cap015-b2035,29,5102592,0.34,0.068
cap015-b2035-s29,cap015-b2035,29,5133312,0.31,0.068
cap015-b2035-s29,cap015-b2035,29,5164032,0.28,0.086
cap015-b2035-s29,cap015-b2035,29,5194752,0.31,0.085
cap015-b2035-s29,cap015-b2035,29,5225472,0.23,0.085
cap015-b2035-s29,cap015-b2035,29,5256192,0.35,0.097
cap015-b2035-s29,cap015-b2035,29,5286912,0.28,0.097
cap015-b2035-s29,cap015-b2035,29,5317632,0.27,0.098
cap015-b2035-s29,cap015-b2035,29,5348352,0.33,0.106
cap015-b2035-s29,cap015-b2035,29,5379072,0.21,0.106
cap015-b2035-s29,cap015-b2035,29,5409792,0.3,0.106
cap015-b2035-s29,cap015-b2035,29,5440512,0.33,0.106
cap015-b2035-s29,cap015-b2035,29,5471232,0.29,0.096
cap015-b2035-s29,cap015-b2035,29,5501952,0.32,0.096
cap015-b2035-s29,cap015-b2035,29,5532672,0.26,0.104
cap015-b2035-s29,cap015-b2035,29,5563392,0.28,0.104
cap015-b2035-s29,cap015-b2035,29,5594112,0.38,0.104
cap015-b2035-s29,cap015-b2035,29,5624832,0.26,0.124
cap015-b2035-s29,cap015-b2035,29,5655552,0.19,0.133
cap015-b2035-s29,cap015-b2035,29,5686272,0.25,0.116
cap015-b2035-s29,cap015-b2035,29,5716992,0.33,0.116
cap015-b2035-s29,cap015-b2035,29,5747712,0.3,0.116
cap015-b2035-s29,cap015-b2035,29,5778432,0.25,0.116
cap015-b2035-s29,cap015-b2035,29,5809152,0.26,0.125
cap015-b2035-s29,cap015-b2035,29,5839872,0.34,0.125
cap015-b2035-s29,cap015-b2035,29,5870592,0.27,0.124
cap015-b2035-s29,cap015-b2035,29,5901312,0.24,0.116
cap015-b2035-s29,cap015-b2035,29,5932032,0.3,0.106
cap015-b2035-s29,cap015-b2035,29,5962752,0.27,0.116
cap015-b2035-s29,cap015-b2035,29,5993472,0.25,0.116
cap015-b2035-s29,cap015-b2035,29,6024192,0.22,0.128
cap015-b2035-s29,cap015-b2035,29,6054912,0.28,0.117
cap015-b2035-s29,cap015-b2035,29,6085632,0.28,0.135
cap015-b2035-s29,cap015-b2035,29,6116352,0.28,0.145
cap015-b2035-s29,cap015-b2035,29,6147072,0.27,0.145
cap015-b2035-s29,cap015-b2035,29,6177792,0.2,0.145
cap015-b2035-s29,cap015-b2035,29,6208512,0.26,0.145
cap015-b2035-s29,cap015-b2035,29,6239232,0.27,0.145
cap015-b2035-s29,cap015-b2035,29,6269952,0.29,0.136
cap015-b2035-s29,cap015-b2035,29,6300672,0.28,0.136
cap015-b2035-s29,cap015-b2035,29,6331392,0.33,0.144
cap015-b2035-s29,cap015-b2035,29,6362112,0.34,0.144
cap015-b2035-s29,cap015-b2035,29,6392832,0.27,0.144
cap015-b2035-s29,cap015-b2035,29,6423552,0.22,0.136
cap015-b2035-s29,cap015-b2035,29,6454272,0.26,0.127
cap015-b2035-s29,cap015-b2035,29,6484992,0.32,0.136
cap015-b2035-s29,cap015-b2035,29,6515712,0.25,0.147
cap015-b2035-s29,cap015-b2035,29,6546432,0.2,0.128
cap015-b2035-s29,cap015-b2035,29,6577152,0.31,0.128
cap015-b2035-s29,cap015-b2035,29,6607872,0.27,0.137
cap015-b2035-s29,cap015-b2035,29,6638592,0.24,0.137
cap015-b2035-s29,cap015-b2035,29,6669312,0.23,0.137
cap015-b2035-s29,cap015-b2035,29,6700032,0.3,0.137
cap015-b2035-s29,cap015-b2035,29,6730752,0.24,0.145
cap015-b2035-s29,cap015-b2035,29,6761472,0.27,0.137
cap015-b2035-s29,cap015-b2035,29,6792192,0.3,0.137
cap015-b2035-s29,cap015-b2035,29,6822912,0.3,0.147
cap015-b2035-s29,cap015-b2035,29,6853632,0.26,0.147
cap015-b2035-s29,cap015-b2035,29,6884352,0.26,0.147
cap015-b2035-s29,cap015-b2035,29,6915072,0.27,0.147
cap015-b2035-s29,cap015-b2035,29,6945792,0.36,0.141
cap015-b2035-s29,cap015-b2035,29,6976512,0.26,0.15
cap015-b2035-s29,cap015-b2035,29,7007232,0.26,0.15
cap015-b2035-s29,cap015-b2035,29,7037952,0.24,0.15
cap015-b2035-s29,cap015-b2035,29,7068672,0.23,0.15
cap015-b2035-s29,cap015-b2035,29,7099392,0.26,0.15
cap015-b2035-s29,cap015-b2035,29,7130112,0.31,0.15
cap015-b2035-s29,cap015-b2035,29,7160832,0.18,0.15
cap015-b2035-s29,cap015-b2035,29,7191552,0.32,0.14
cap015-b2035-s29,cap015-b2035,29,7222272,0.38,0.149
cap015-b2035-s29,cap015-b2035,29,7252992,0.37,0.15
cap015-b2035-s29,cap015-b2035,29,7283712,0.4,0.15
cap015-b2035-s29,cap015-b2035,29,7314432,0.26,0.15
cap015-b2035-s29,cap015-b2035,29,7345152,0.28,0.15
cap015-b2035-s29,cap015-b2035,29,7375872,0.26,0.15
cap015-b2035-s29,cap015-b2035,29,7406592,0.32,0.15
cap015-b2035-s29,cap015-b2035,29,7437312,0.3,0.141
cap015-b2035-s29,cap015-b2035,29,7468032,0.25,0.15
cap015-b2035-s29,cap015-b2035,29,7498752,0.33,0.15
cap015-b2035-s29,cap015-b2035,29,7529472,0.31,0.15
cap015-b2035-s29,cap015-b2035,29,7560192,0.31,0.15
cap015-b2035-s29,cap015-b2035,29,7590912,0.28,0.15
cap015-b2035-s29,cap015-b2035,29,7621632,0.24,0.15
cap015-b2035-s29,cap015-b2035,29,7652352,0.33,0.15
cap015-b2035-s29,cap015-b2035,29,7683072,0.25,0.15
cap015-b2035-s29,cap015-b2035,29,7713792,0.3,0.15
cap015-b2035-s29,cap015-b2035,29,7744512,0.27,0.15
cap015-b2035-s29,cap015-b2035,29,7775232,0.27,0.15
cap015-b2035-s29,cap015-b2035,29,7805952,0.3,0.15
cap015-b2035-s29,cap015-b2035,29,7836672,0.32,0.15
cap015-b2035-s29,cap015-b2035,29,7867392,0.33,0.15
cap015-b2035-s29,cap015-b2035,29,7898112,0.35,0.15
cap015-b2035-s29,cap015-b2035,29,7928832,0.32,0.141
cap015-b2035-s29,cap015-b2035,29,7959552,0.28,0.15
cap015-b2035-s29,cap015-b2035,29,7990272,0.34,0.15
cap015-b2035-s29,cap015-b2035,29,8020992,0.25,0.15
cap015-b2035-s29,cap015-b2035,29,8051712,0.27,0.15
cap015-b2035-s29,cap015-b2035,29,8082432,0.3,0.15
cap015-b2035-s29,cap015-b2035,29,8113152,0.33,0.15
cap015-b2035-s29,cap015-b2035,29,8143872,0.38,0.15
cap015-b2035-s29,cap015-b2035,29,8174592,0.37,0.15
cap015-b2035-s29,cap015-b2035,29,8205312,0.26,0.15
cap015-b2035-s29,cap015-b2035,29,8236032,0.35,0.15
cap015-b2035-s29,cap015-b2035,29,8266752,0.33,0.15
cap015-b2035-s29,cap015-b2035,29,8297472,0.34,0.15
cap015-b2035-s29,cap015-b2035,29,8328192,0.29,0.15
cap015-b2035-s29,cap015-b2035,29,8358912,0.35,0.15
cap015-b2035-s29,cap015-b2035,29,8389632,0.31,0.15
cap015-b2035-s29,cap015-b2035,29,8420352,0.37,0.15
cap015-b2035-s29,cap015-b2035,29,8451072,0.34,0.15
cap015-b2035-s29,cap015-b2035,29,8481792,0.34,0.15
cap015-b2035-s29,cap015-b2035,29,8512512,0.39,0.15
cap015-b2035-s29,cap015-b2035,29,8543232,0.35,0.15
cap015-b2035-s29,cap015-b2035,29,8573952,0.33,0.15
cap015-b2035-s29,cap015-b2035,29,8604672,0.4,0.15
cap015-b2035-s29,cap015-b2035,29,8635392,0.32,0.15
cap015-b2035-s29,cap015-b2035,29,8666112,0.36,0.15
cap015-b2035-s29,cap015-b2035,29,8696832,0.33,0.15
cap015-b2035-s29,cap015-b2035,29,8727552,0.39,0.15
cap015-b2035-s29,cap015-b2035,29,8758272,0.38,0.15
cap015-b2035-s29,cap015-b2035,29,8788992,0.31,0.15
cap015-b2035-s29,cap015-b2035,29,8819712,0.29,0.15
cap015-b2035-s29,cap015-b2035,29,8850432,0.37,0.15
cap015-b2035-s29,cap015-b2035,29,8881152,0.4,0.15
cap015-b2035-s29,cap015-b2035,29,8911872,0.35,0.15
cap015-b2035-s29,cap015-b2035,29,8942592,0.4,0.15
cap015-b2035-s29,cap015-b2035,29,8973312,0.34,0.15
cap015-b2035-s29,cap015-b2035,29,9004032,0.39,0.15
cap015-b2035-s29,cap015-b2035,29,9034752,0.37,0.15
cap015-b2035-s29,cap015-b2035,29,9065472,0.33,0.15
cap015-b2035-s29,cap015-b2035,29,9096192,0.35,0.15
cap015-b2035-s29,cap015-b2035,29,9126912,0.35,0.15
cap015-b2035-s29,cap015-b2035,29,9157632,0.3,0.15
cap015-b2035-s29,cap015-b2035,29,9188352,0.42,0.15
cap015-b2035-s29,cap015-b2035,29,9219072,0.47,0.15
cap015-b2035-s29,cap015-b2035,29,9249792,0.34,0.15
cap015-b2035-s29,cap015-b2035,29,9280512,0.36,0.15
cap015-b2035-s29,cap015-b2035,29,9311232,0.49,0.15
cap015-b2035-s29,cap015-b2035,29,9341952,0.5,0.15
cap015-b2035-s29,cap015-b2035,29,9372672,0.28,0.15
cap015-b2035-s29,cap015-b2035,29,9403392,0.42,0.15
cap015-b2035-s29,cap015-b2035,29,9434112,0.38,0.15
cap015-b2035-s29,cap015-b2035,29,9464832,0.41,0.15
cap015-b2035-s29,cap015-b2035,29,9495552,0.47,0.15
cap015-b2035-s29,cap015-b2035,29,9526272,0.37,0.15
cap015-b2035-s29,cap015-b2035,29,9556992,0.42,0.15
cap015-b2035-s29,cap015-b2035,29,9587712,0.39,0.15
cap015-b2035-s29,cap015-b2035,29,9618432,0.41,0.15
cap015-b2035-s29,cap015-b2035,29,9649152,0.43,0.15
cap015-b2035-s29,cap015-b2035,29,9679872,0.28,0.15
cap015-b2035-s29,cap015-b2035,29,9710592,0.44,0.15
cap015-b2035-s29,cap015-b2035,29,9741312,0.32,0.15
cap015-b2035-s29,cap015-b2035,29,9772032,0.39,0.15
cap015-b2035-s29,cap015-b2035,29,9802752,0.45,0.15
cap015-b2035-s29,cap015-b2035,29,9833472,0.38,0.15
cap015-b2035-s29,cap015-b2035,29,9864192,0.36,0.15
cap015-b2035-s29,cap015-b2035,29,9894912,0.32,0.15
cap015-b2035-s29,cap015-b2035,29,9925632,0.4,0.15
cap015-b2035-s29,cap015-b2035,29,9956352,0.42,0.15
cap015-b2035-s29,cap015-b2035,29,9987072,0.37,0.15
cap015-b2035-s29,cap015-b2035,29,10017792,0.42,0.15
cap015-b2035-s29,cap015-b2035,29,10048512,0.38,0.15
cap015-b2035-s29,cap015-b2035,29,10079232,0.44,0.15
cap015-b2035-s29,cap015-b2035,29,10109952,0.44,0.15
cap015-b2035-s29,cap015-b2035,29,10140672,0.35,0.15
cap015-b2035-s29,cap015-b2035,29,10171392,0.35,0.15
cap015-b2035-s29,cap015-b2035,29,10202112,0.49,0.15
cap015-b2035-s29,cap015-b2035,29,10232832,0.46,0.15
cap015-b2035-s29,cap015-b2035,29,10263552,0.43,0.15
cap015-b2035-s29,cap015-b2035,29,10294272,0.49,0.15
cap015-b2035-s29,cap015-b2035,29,10324992,0.39,0.15
cap015-b2035-s29,cap015-b2035,29,10355712,0.41,0.15
cap015-b2035-s29,cap015-b2035,29,10386432,0.35,0.15
cap015-b2035-s29,cap015-b2035,29,10417152,0.44,0.15
cap015-b2035-s29,cap015-b2035,29,10447872,0.42,0.15
cap015-b2035-s29,cap015-b2035,29,10478592,0.44,0.15
cap015-b2035-s29,cap015-b2035,29,10509312,0.43,0.15
cap015-b2035-s29,cap015-b2035,29,10540032,0.41,0.15
cap015-b2035-s29,cap015-b2035,29,10570752,0.41,0.15
cap015-b2035-s29,cap015-b2035,29,10601472,0.46,0.15
cap015-b2035-s29,cap015-b2035,29,10632192,0.34,0.15
cap015-b2035-s29,cap015-b2035,29,10662912,0.49,0.15
cap015-b2035-s29,cap015-b2035,29,10693632,0.41,0.15
cap015-b2035-s29,cap015-b2035,29,10724352,0.46,0.15
cap015-b2035-s29,cap015-b2035,29,10755072,0.44,0.15
cap015-b2035-s29,cap015-b2035,29,10785792,0.52,0.15
cap015-b2035-s29,cap015-b2035,29,10816512,0.32,0.15
cap015-b2035-s29,cap015-b2035,29,10847232,0.4,0.15
cap015-b2035-s29,cap015-b2035,29,10877952,0.47,0.15
cap015-b2035-s29,cap015-b2035,29,10908672,0.45,0.15
cap015-b2035-s29,cap015-b2035,29,10939392,0.4,0.15
cap015-b2035-s29,cap015-b2035,29,10970112,0.39,0.15
cap015-b2035-s29,cap015-b2035,29,11000832,0.44,0.15
cap015-b2035-s29,cap015-b2035,29,11031552,0.37,0.15
cap015-b2035-s29,cap015-b2035,29,11062272,0.52,0.15
cap015-b2035-s29,cap015-b2035,29,11092992,0.45,0.15
cap015-b2035-s29,cap015-b2035,29,11123712,0.39,0.15
cap015-b2035-s29,cap015-b2035,29,11154432,0.39,0.15
cap015-b2035-s29,cap015-b2035,29,11185152,0.4,0.15
cap015-b2035-s29,cap015-b2035,29,11215872,0.55,0.15
cap015-b2035-s29,cap015-b2035,29,11246592,0.43,0.15
cap015-b2035-s29,cap015-b2035,29,11277312,0.53,0.15
cap015-b2035-s29,cap015-b2035,29,11308032,0.44,0.15
cap015-b2035-s29,cap015-b2035,29,11338752,0.43,0.15
cap015-b2035-s29,cap015-b2035,29,11369472,0.45,0.15
cap015-b2035-s29,cap015-b2035,29,11400192,0.44,0.15
cap015-b2035-s29,cap015-b2035,29,11430912,0.4,0.15
cap015-b2035-s29,cap015-b2035,29,11461632,0.45,0.15
cap015-b2035-s29,cap015-b2035,29,11492352,0.5,0.15
cap015-b2035-s29,cap015-b2035,29,11523072,0.36,0.15
cap015-b2035-s29,cap015-b2035,29,11553792,0.39,0.15
cap015-b2035-s29,cap015-b2035,29,11584512,0.3,0.15
cap015-b2035-s29,cap015-b2035,29,11615232,0.39,0.15
cap015-b2035-s29,cap015-b2035,29,11645952,0.47,0.15
cap015-b2035-s29,cap015-b2035,29,11676672,0.48,0.15
cap015-b2035-s29,cap015-b2035,29,11707392,0.51,0.15
cap015-b2035-s29,cap015-b2035,29,11738112,0.42,0.15
cap015-b2035-s29,cap015-b2035,29,11768832,0.41,0.15
cap015-b2035-s29,cap015-b2035,29,11799552,0.49,0.15
cap015-b2035-s29,cap015-b2035,29,11830272,0.43,0.15
cap015-b2035-s29,cap015-b2035,29,11860992,0.35,0.15
cap015-b2035-s29,cap015-b2035,29,11891712,0.44,0.15
cap015-b2035-s29,cap015-b2035,29,11922432,0.48,0.15
cap015-b2035-s29,cap015-b2035,29,11953152,0.37,0.15
cap015-b2035-s29,cap015-b2035,29,11983872,0.49,0.15
cap015-b2035-s29,cap015-b2035,29,12014592,0.47,0.15
cap015-b2035-s29,cap015-b2035,29,12045312,0.39,0.15
cap015-b2035-s29,cap015-b2035,29,12076032,0.44,0.15
cap015-b2035-s29,cap015-b2035,29,12106752,0.46,0.15
cap015-b2035-s29,cap015-b2035,29,12137472,0.44,0.15
cap015-b2035-s29,cap015-b2035,29,12168192,0.45,0.15
cap015-b2035-s29,cap015-b2035,29,12198912,0.55,0.15
cap015-b2035-s29,cap015-b2035,29,12229632,0.38,0.15
cap015-b2035-s29,cap015-b2035,29,12260352,0.43,0.15
cap015-b2035-s29,cap015-b2035,29,12291072,0.46,0.15
cap015-b2035-s29,cap015-b2035,29,12321792,0.45,0.15
cap015-b2035-s29,cap015-b2035,29,12352512,0.47,0.15
cap015-b2035-s29,cap015-b2035,29,12383232,0.41,0.15
cap015-b2035-s29,cap015-b2035,29,12413952,0.45,0.15
cap015-b2035-s29,cap015-b2035,29,12444672,0.44,0.15
cap015-b2035-s29,cap015-b2035,29,12475392,0.5,0.15
cap015-b2035-s29,cap015-b2035,29,12506112,0.43,0.15
cap015-b2035-s29,cap015-b2035,29,12536832,0.47,0.15
cap015-b2035-s29,cap015-b2035,29,12567552,0.46,0.15
cap015-b2035-s29,cap015-b2035,29,12598272,0.45,0.15
cap015-b2035-s29,cap015-b2035,29,12628992,0.52,0.15
cap015-b2035-s29,cap015-b2035,29,12659712,0.47,0.15
cap015-b2035-s29,cap015-b2035,29,12690432,0.42,0.15
cap015-b2035-s29,cap015-b2035,29,12721152,0.47,0.15
cap015-b2035-s29,cap015-b2035,29,12751872,0.38,0.15
cap015-b2035-s29,cap015-b2035,29,12782592,0.46,0.15
cap015-b2035-s29,cap015-b2035,29,12813312,0.46,0.15
cap015-b2035-s29,cap015-b2035,29,12844032,0.47,0.15
cap015-b2035-s29,cap015-b2035,29,12874752,0.35,0.15
cap015-b2035-s29,cap015-b2035,29,12905472,0.43,0.15
cap015-b2035-s29,cap015-b2035,29,12936192,0.51,0.15
cap015-b2035-s29,cap015-b2035,29,12966912,0.43,0.15
cap015-b2035-s29,cap015-b2035,29,12997632,0.52,0.15
cap015-b2035-s29,cap015-b2035,29,13028352,0.49,0.15
cap015-b2035-s29,cap015-b2035,29,13059072,0.44,0.15
cap015-b2035-s29,cap015-b2035,29,13089792,0.48,0.15
cap015-b2035-s29,cap015-b2035,29,13120512,0.52,0.15
cap015-b2035-s29,cap015-b2035,29,13151232,0.52,0.15
cap015-b2035-s29,cap015-b2035,29,13181952,0.55,0.15
cap015-b2035-s29,cap015-b2035,29,13212672,0.54,0.15
cap015-b2035-s29,cap015-b2035,29,13243392,0.48,0.15
cap015-b2035-s29,cap015-b2035,29,13274112,0.48,0.15
cap015-b2035-s29,cap015-b2035,29,13304832,0.46,0.15
cap015-b2035-s29,cap015-b2035,29,13335552,0.48,0.15
cap015-b2035-s29,cap015-b2035,29,13366272,0.46,0.15
cap015-b2035-s29,cap015-b2035,29,13396992,0.51,0.15
cap015-b2035-s29,cap015-b2035,29,13427712,0.48,0.15
cap015-b2035-s29,cap015-b2035,29,13458432,0.51,0.15
cap015-b2035-s29,cap015-b2035,29,13489152,0.49,0.15
cap015-b2035-s29,cap015-b2035,29,13519872,0.52,0.15
cap015-b2035-s29,cap015-b2035,29,13550592,0.57,0.15
cap015-b2035-s29,cap015-b2035,29,13581312,0.51,0.15
cap015-b2035-s29,cap015-b2035,29,13612032,0.39,0.15
cap015-b2035-s29,cap015-b2035,29,13642752,0.48,0.15
cap015-b2035-s29,cap015-b2035,29,13673472,0.44,0.15
cap015-b2035-s29,cap015-b2035,29,13704192,0.46,0.15
cap015-b2035-s29,cap015-b2035,29,13734912,0.45,0.15
cap015-b2035-s29,cap015-b2035,29,13765632,0.55,0.15
cap015-b2035-s29,cap015-b2035,29,13796352,0.51,0.15
cap015-b2035-s29,cap015-b2035,29,13827072,0.48,0.15
cap015-b2035-s29,cap015-b2035,29,13857792,0.51,0.15
cap015-b2035-s29,cap015-b2035,29,13888512,0.57,0.15
cap015-b2035-s29,cap015-b2035,29,13919232,0.42,0.15
cap015-b2035-s29,cap015-b2035,29,13949952,0.57,0.15
cap015-b2035-s29,cap015-b2035,29,13980672,0.57,0.15
cap015-b2035-s29,cap015-b2035,29,14011392,0.55,0.15
cap015-b2035-s29,cap015-b2035,29,14042112,0.46,0.15
cap015-b2035-s29,cap015-b2035,29,14072832,0.57,0.15
cap015-b2035-s29,cap015-b2035,29,14103552,0.41,0.15
cap015-b2035-s29,cap015-b2035,29,14134272,0.47,0.15
cap015-b2035-s29,cap015-b2035,29,14164992,0.49,0.15
cap015-b2035-s29,cap015-b2035,29,14195712,0.48,0.15
cap015-b2035-s29,cap015-b2035,29,14226432,0.54,0.15
cap015-b2035-s29,cap015-b2035,29,14257152,0.47,0.15
cap015-b2035-s29,cap015-b2035,29,14287872,0.48,0.15
cap015-b2035-s29,cap015-b2035,29,14318592,0.61,0.15
cap015-b2035-s29,cap015-b2035,29,14349312,0.44,0.15
cap015-b2035-s29,cap015-b2035,29,14380032,0.44,0.15
cap015-b2035-s29,cap015-b2035,29,14410752,0.53,0.15
cap015-b2035-s29,cap015-b2035,29,14441472,0.53,0.15
cap015-b2035-s29,cap015-b2035,29,14472192,0.53,0.15
cap015-b2035-s29,cap015-b2035,29,14502912,0.46,0.15
cap015-b2035-s29,cap015-b2035,29,14533632,0.54,0.15
cap015-b2035-s29,cap015-b2035,29,14564352,0.42,0.15
cap015-b2035-s29,cap015-b2035,29,14595072,0.54,0.15
cap015-b2035-s29,cap015-b2035,29,14625792,0.49,0.15
cap015-b2035-s29,cap015-b2035,29,14656512,0.57,0.15
cap015-b2035-s29,cap015-b2035,29,14687232,0.55,0.15
cap015-b2035-s29,cap015-b2035,29,14717952,0.47,0.15
cap015-b2035-s29,cap015-b2035,29,14748672,0.54,0.15
cap015-b2035-s29,cap015-b2035,29,14779392,0.51,0.15
cap015-b2035-s29,cap015-b2035,29,14810112,0.52,0.15
cap015-b2035-s29,cap015-b2035,29,14840832,0.56,0.15
cap015-b2035-s29,cap015-b2035,29,14871552,0.55,0.15
cap015-b2035-s29,cap015-b2035,29,14902272,0.48,0.15
cap015-b2035-s29,cap015-b2035,29,14932992,0.57,0.15
cap015-b2035-s29,cap015-b2035,29,14963712,0.57,0.15
cap015-b2035-s29,cap015-b2035,29,14994432,0.46,0.15
cap015-b2035-s29,cap015-b2035,29,14997504,0.49,0.15
cap015-b1020-s29,cap015-b1020,29,4918272,0.68,-1.0
cap015-b1020-s29,cap015-b1020,29,4948992,0.56,-0.531
cap015-b1020-s29,cap015-b1020,29,4979712,0.5,-0.142
cap015-b1020-s29,cap015-b1020,29,5010432,0.26,0.101
cap015-b1020-s29,cap015-b1020,29,5041152,0.1,0.146
cap015-b1020-s29,cap015-b1020,29,5071872,0.18,0.15
cap015-b1020-s29,cap015-b1020,29,5102592,0.24,0.144
cap015-b1020-s29,cap015-b1020,29,5133312,0.21,0.15
cap015-b1020-s29,cap015-b1020,29,5164032,0.23,0.15
cap015-b1020-s29,cap015-b1020,29,5194752,0.23,0.15
cap015-b1020-s29,cap015-b1020,29,5225472,0.16,0.15
cap015-b1020-s29,cap015-b1020,29,5256192,0.15,0.15
cap015-b1020-s29,cap015-b1020,29,5286912,0.18,0.15
cap015-b1020-s29,cap015-b1020,29,5317632,0.21,0.15
cap015-b1020-s29,cap015-b1020,29,5348352,0.22,0.15
cap015-b1020-s29,cap015-b1020,29,5379072,0.19,0.15
cap015-b1020-s29,cap015-b1020,29,5409792,0.12,0.15
cap015-b1020-s29,cap015-b1020,29,5440512,0.16,0.15
cap015-b1020-s29,cap015-b1020,29,5471232,0.23,0.15
cap015-b1020-s29,cap015-b1020,29,5501952,0.18,0.15
cap015-b1020-s29,cap015-b1020,29,5532672,0.08,0.15
cap015-b1020-s29,cap015-b1020,29,5563392,0.16,0.143
cap015-b1020-s29,cap015-b1020,29,5594112,0.07,0.143
cap015-b1020-s29,cap015-b1020,29,5624832,0.13,0.142
cap015-b1020-s29,cap015-b1020,29,5655552,0.11,0.142
cap015-b1020-s29,cap015-b1020,29,5686272,0.15,0.14
cap015-b1020-s29,cap015-b1020,29,5716992,0.17,0.15
cap015-b1020-s29,cap015-b1020,29,5747712,0.26,0.15
cap015-b1020-s29,cap015-b1020,29,5778432,0.15,0.15
cap015-b1020-s29,cap015-b1020,29,5809152,0.12,0.15
cap015-b1020-s29,cap015-b1020,29,5839872,0.25,0.15
cap015-b1020-s29,cap015-b1020,29,5870592,0.22,0.15
cap015-b1020-s29,cap015-b1020,29,5901312,0.19,0.15
cap015-b1020-s29,cap015-b1020,29,5932032,0.17,0.15
cap015-b1020-s29,cap015-b1020,29,5962752,0.19,0.15
cap015-b1020-s29,cap015-b1020,29,5993472,0.18,0.15
cap015-b1020-s29,cap015-b1020,29,6024192,0.19,0.15
cap015-b1020-s29,cap015-b1020,29,6054912,0.21,0.15
cap015-b1020-s29,cap015-b1020,29,6085632,0.26,0.15
cap015-b1020-s29,cap015-b1020,29,6116352,0.2,0.15
cap015-b1020-s29,cap015-b1020,29,6147072,0.22,0.15
cap015-b1020-s29,cap015-b1020,29,6177792,0.16,0.15
cap015-b1020-s29,cap015-b1020,29,6208512,0.24,0.15
cap015-b1020-s29,cap015-b1020,29,6239232,0.21,0.15
cap015-b1020-s29,cap015-b1020,29,6269952,0.21,0.15
cap015-b1020-s29,cap015-b1020,29,6300672,0.17,0.15
cap015-b1020-s29,cap015-b1020,29,6331392,0.2,0.15
cap015-b1020-s29,cap015-b1020,29,6362112,0.27,0.15
cap015-b1020-s29,cap015-b1020,29,6392832,0.23,0.15
cap015-b1020-s29,cap015-b1020,29,6423552,0.19,0.15
cap015-b1020-s29,cap015-b1020,29,6454272,0.24,0.15
cap015-b1020-s29,cap015-b1020,29,6484992,0.2,0.15
cap015-b1020-s29,cap015-b1020,29,6515712,0.17,0.15
cap015-b1020-s29,cap015-b1020,29,6546432,0.17,0.15
cap015-b1020-s29,cap015-b1020,29,6577152,0.19,0.15
cap015-b1020-s29,cap015-b1020,29,6607872,0.17,0.15
cap015-b1020-s29,cap015-b1020,29,6638592,0.22,0.15
cap015-b1020-s29,cap015-b1020,29,6669312,0.15,0.15
cap015-b1020-s29,cap015-b1020,29,6700032,0.18,0.15
cap015-b1020-s29,cap015-b1020,29,6730752,0.18,0.15
cap015-b1020-s29,cap015-b1020,29,6761472,0.15,0.15
cap015-b1020-s29,cap015-b1020,29,6792192,0.25,0.15
cap015-b1020-s29,cap015-b1020,29,6822912,0.26,0.15
cap015-b1020-s29,cap015-b1020,29,6853632,0.29,0.15
cap015-b1020-s29,cap015-b1020,29,6884352,0.21,0.15
cap015-b1020-s29,cap015-b1020,29,6915072,0.23,0.15
cap015-b1020-s29,cap015-b1020,29,6945792,0.26,0.15
cap015-b1020-s29,cap015-b1020,29,6976512,0.2,0.15
cap015-b1020-s29,cap015-b1020,29,7007232,0.26,0.15
cap015-b1020-s29,cap015-b1020,29,7037952,0.31,0.15
cap015-b1020-s29,cap015-b1020,29,7068672,0.19,0.15
cap015-b1020-s29,cap015-b1020,29,7099392,0.2,0.15
cap015-b1020-s29,cap015-b1020,29,7130112,0.21,0.15
cap015-b1020-s29,cap015-b1020,29,7160832,0.25,0.15
cap015-b1020-s29,cap015-b1020,29,7191552,0.26,0.15
cap015-b1020-s29,cap015-b1020,29,7222272,0.19,0.15
cap015-b1020-s29,cap015-b1020,29,7252992,0.25,0.15
cap015-b1020-s29,cap015-b1020,29,7283712,0.24,0.15
cap015-b1020-s29,cap015-b1020,29,7314432,0.27,0.15
cap015-b1020-s29,cap015-b1020,29,7345152,0.26,0.15
cap015-b1020-s29,cap015-b1020,29,7375872,0.24,0.15
cap015-b1020-s29,cap015-b1020,29,7406592,0.3,0.15
cap015-b1020-s29,cap015-b1020,29,7437312,0.16,0.15
cap015-b1020-s29,cap015-b1020,29,7468032,0.24,0.15
cap015-b1020-s29,cap015-b1020,29,7498752,0.33,0.15
cap015-b1020-s29,cap015-b1020,29,7529472,0.34,0.15
cap015-b1020-s29,cap015-b1020,29,7560192,0.26,0.15
cap015-b1020-s29,cap015-b1020,29,7590912,0.28,0.15
cap015-b1020-s29,cap015-b1020,29,7621632,0.29,0.15
cap015-b1020-s29,cap015-b1020,29,7652352,0.22,0.15
cap015-b1020-s29,cap015-b1020,29,7683072,0.37,0.15
cap015-b1020-s29,cap015-b1020,29,7713792,0.28,0.15
cap015-b1020-s29,cap015-b1020,29,7744512,0.26,0.15
cap015-b1020-s29,cap015-b1020,29,7775232,0.31,0.15
cap015-b1020-s29,cap015-b1020,29,7805952,0.24,0.15
cap015-b1020-s29,cap015-b1020,29,7836672,0.31,0.15
cap015-b1020-s29,cap015-b1020,29,7867392,0.33,0.15
cap015-b1020-s29,cap015-b1020,29,7898112,0.28,0.15
cap015-b1020-s29,cap015-b1020,29,7928832,0.34,0.15
cap015-b1020-s29,cap015-b1020,29,7959552,0.32,0.15
cap015-b1020-s29,cap015-b1020,29,7990272,0.23,0.15
cap015-b1020-s29,cap015-b1020,29,8020992,0.28,0.15
cap015-b1020-s29,cap015-b1020,29,8051712,0.22,0.15
cap015-b1020-s29,cap015-b1020,29,8082432,0.27,0.15
cap015-b1020-s29,cap015-b1020,29,8113152,0.41,0.15
cap015-b1020-s29,cap015-b1020,29,8143872,0.26,0.15
cap015-b1020-s29,cap015-b1020,29,8174592,0.25,0.15
cap015-b1020-s29,cap015-b1020,29,8205312,0.23,0.15
cap015-b1020-s29,cap015-b1020,29,8236032,0.34,0.15
cap015-b1020-s29,cap015-b1020,29,8266752,0.31,0.15
cap015-b1020-s29,cap015-b1020,29,8297472,0.23,0.15
cap015-b1020-s29,cap015-b1020,29,8328192,0.25,0.15
cap015-b1020-s29,cap015-b1020,29,8358912,0.25,0.15
cap015-b1020-s29,cap015-b1020,29,8389632,0.34,0.15
cap015-b1020-s29,cap015-b1020,29,8420352,0.21,0.15
cap015-b1020-s29,cap015-b1020,29,8451072,0.29,0.15
cap015-b1020-s29,cap015-b1020,29,8481792,0.32,0.15
cap015-b1020-s29,cap015-b1020,29,8512512,0.26,0.15
cap015-b1020-s29,cap015-b1020,29,8543232,0.26,0.15
cap015-b1020-s29,cap015-b1020,29,8573952,0.31,0.15
cap015-b1020-s29,cap015-b1020,29,8604672,0.26,0.15
cap015-b1020-s29,cap015-b1020,29,8635392,0.28,0.15
cap015-b1020-s29,cap015-b1020,29,8666112,0.26,0.15
cap015-b1020-s29,cap015-b1020,29,8696832,0.24,0.15
cap015-b1020-s29,cap015-b1020,29,8727552,0.33,0.15
cap015-b1020-s29,cap015-b1020,29,8758272,0.23,0.15
cap015-b1020-s29,cap015-b1020,29,8788992,0.24,0.15
cap015-b1020-s29,cap015-b1020,29,8819712,0.23,0.15
cap015-b1020-s29,cap015-b1020,29,8850432,0.36,0.15
cap015-b1020-s29,cap015-b1020,29,8881152,0.35,0.15
cap015-b1020-s29,cap015-b1020,29,8911872,0.29,0.15
cap015-b1020-s29,cap015-b1020,29,8942592,0.3,0.15
cap015-b1020-s29,cap015-b1020,29,8973312,0.36,0.15
cap015-b1020-s29,cap015-b1020,29,9004032,0.34,0.15
cap015-b1020-s29,cap015-b1020,29,9034752,0.35,0.15
cap015-b1020-s29,cap015-b1020,29,9065472,0.35,0.15
cap015-b1020-s29,cap015-b1020,29,9096192,0.33,0.15
cap015-b1020-s29,cap015-b1020,29,9126912,0.26,0.15
cap015-b1020-s29,cap015-b1020,29,9157632,0.36,0.15
cap015-b1020-s29,cap015-b1020,29,9188352,0.34,0.15
cap015-b1020-s29,cap015-b1020,29,9219072,0.41,0.15
cap015-b1020-s29,cap015-b1020,29,9249792,0.25,0.15
cap015-b1020-s29,cap015-b1020,29,9280512,0.36,0.15
cap015-b1020-s29,cap015-b1020,29,9311232,0.36,0.15
cap015-b1020-s29,cap015-b1020,29,9341952,0.36,0.15
cap015-b1020-s29,cap015-b1020,29,9372672,0.4,0.15
cap015-b1020-s29,cap015-b1020,29,9403392,0.32,0.15
cap015-b1020-s29,cap015-b1020,29,9434112,0.38,0.15
cap015-b1020-s29,cap015-b1020,29,9464832,0.3,0.15
cap015-b1020-s29,cap015-b1020,29,9495552,0.32,0.15
cap015-b1020-s29,cap015-b1020,29,9526272,0.36,0.15
cap015-b1020-s29,cap015-b1020,29,9556992,0.34,0.15
cap015-b1020-s29,cap015-b1020,29,9587712,0.34,0.15
cap015-b1020-s29,cap015-b1020,29,9618432,0.3,0.15
cap015-b1020-s29,cap015-b1020,29,9649152,0.23,0.15
cap015-b1020-s29,cap015-b1020,29,9679872,0.29,0.15
cap015-b1020-s29,cap015-b1020,29,9710592,0.28,0.15
cap015-b1020-s29,cap015-b1020,29,9741312,0.36,0.15
cap015-b1020-s29,cap015-b1020,29,9772032,0.34,0.15
cap015-b1020-s29,cap015-b1020,29,9802752,0.23,0.15
cap015-b1020-s29,cap015-b1020,29,9833472,0.31,0.15
cap015-b1020-s29,cap015-b1020,29,9864192,0.4,0.15
cap015-b1020-s29,cap015-b1020,29,9894912,0.32,0.15
cap015-b1020-s29,cap015-b1020,29,9925632,0.43,0.15
cap015-b1020-s29,cap015-b1020,29,9956352,0.31,0.15
cap015-b1020-s29,cap015-b1020,29,9987072,0.32,0.15
cap015-b1020-s29,cap015-b1020,29,10017792,0.38,0.15
cap015-b1020-s29,cap015-b1020,29,10048512,0.29,0.15
cap015-b1020-s29,cap015-b1020,29,10079232,0.35,0.15
cap015-b1020-s29,cap015-b1020,29,10109952,0.35,0.15
cap015-b1020-s29,cap015-b1020,29,10140672,0.35,0.15
cap015-b1020-s29,cap015-b1020,29,10171392,0.34,0.15
cap015-b1020-s29,cap015-b1020,29,10202112,0.39,0.15
cap015-b1020-s29,cap015-b1020,29,10232832,0.31,0.15
cap015-b1020-s29,cap015-b1020,29,10263552,0.4,0.15
cap015-b1020-s29,cap015-b1020,29,10294272,0.32,0.15
cap015-b1020-s29,cap015-b1020,29,10324992,0.38,0.15
cap015-b1020-s29,cap015-b1020,29,10355712,0.35,0.15
cap015-b1020-s29,cap015-b1020,29,10386432,0.35,0.15
cap015-b1020-s29,cap015-b1020,29,10417152,0.34,0.15
cap015-b1020-s29,cap015-b1020,29,10447872,0.37,0.15
cap015-b1020-s29,cap015-b1020,29,10478592,0.38,0.15
cap015-b1020-s29,cap015-b1020,29,10509312,0.45,0.15
cap015-b1020-s29,cap015-b1020,29,10540032,0.44,0.15
cap015-b1020-s29,cap015-b1020,29,10570752,0.32,0.15
cap015-b1020-s29,cap015-b1020,29,10601472,0.35,0.15
cap015-b1020-s29,cap015-b1020,29,10632192,0.33,0.15
cap015-b1020-s29,cap015-b1020,29,10662912,0.43,0.15
cap015-b1020-s29,cap015-b1020,29,10693632,0.37,0.15
cap015-b1020-s29,cap015-b1020,29,10724352,0.36,0.15
cap015-b1020-s29,cap015-b1020,29,10755072,0.51,0.15
cap015-b1020-s29,cap015-b1020,29,10785792,0.32,0.15
cap015-b1020-s29,cap015-b1020,29,10816512,0.37,0.15
cap015-b1020-s29,cap015-b1020,29,10847232,0.44,0.15
cap015-b1020-s29,cap015-b1020,29,10877952,0.47,0.15
cap015-b1020-s29,cap015-b1020,29,10908672,0.3,0.15
cap015-b1020-s29,cap015-b1020,29,10939392,0.41,0.15
cap015-b1020-s29,cap015-b1020,29,10970112,0.38,0.15
cap015-b1020-s29,cap015-b1020,29,11000832,0.33,0.15
cap015-b1020-s29,cap015-b1020,29,11031552,0.33,0.15
cap015-b1020-s29,cap015-b1020,29,11062272,0.42,0.15
cap015-b1020-s29,cap015-b1020,29,11092992,0.3,0.15
cap015-b1020-s29,cap015-b1020,29,11123712,0.43,0.15
cap015-b1020-s29,cap015-b1020,29,11154432,0.37,0.15
cap015-b1020-s29,cap015-b1020,29,11185152,0.34,0.15
cap015-b1020-s29,cap015-b1020,29,11215872,0.32,0.15
cap015-b1020-s29,cap015-b1020,29,11246592,0.4,0.15
cap015-b1020-s29,cap015-b1020,29,11277312,0.35,0.15
cap015-b1020-s29,cap015-b1020,29,11308032,0.34,0.15
cap015-b1020-s29,cap015-b1020,29,11338752,0.38,0.15
cap015-b1020-s29,cap015-b1020,29,11369472,0.34,0.15
cap015-b1020-s29,cap015-b1020,29,11400192,0.42,0.15
cap015-b1020-s29,cap015-b1020,29,11430912,0.38,0.15
cap015-b1020-s29,cap015-b1020,29,11461632,0.45,0.15
cap015-b1020-s29,cap015-b1020,29,11492352,0.43,0.15
cap015-b1020-s29,cap015-b1020,29,11523072,0.47,0.15
cap015-b1020-s29,cap015-b1020,29,11553792,0.35,0.15
cap015-b1020-s29,cap015-b1020,29,11584512,0.38,0.15
cap015-b1020-s29,cap015-b1020,29,11615232,0.4,0.15
cap015-b1020-s29,cap015-b1020,29,11645952,0.38,0.15
cap015-b1020-s29,cap015-b1020,29,11676672,0.38,0.15
cap015-b1020-s29,cap015-b1020,29,11707392,0.4,0.15
cap015-b1020-s29,cap015-b1020,29,11738112,0.4,0.15
cap015-b1020-s29,cap015-b1020,29,11768832,0.32,0.15
cap015-b1020-s29,cap015-b1020,29,11799552,0.38,0.15
cap015-b1020-s29,cap015-b1020,29,11830272,0.46,0.15
cap015-b1020-s29,cap015-b1020,29,11860992,0.47,0.15
cap015-b1020-s29,cap015-b1020,29,11891712,0.4,0.15
cap015-b1020-s29,cap015-b1020,29,11922432,0.44,0.15
cap015-b1020-s29,cap015-b1020,29,11953152,0.39,0.15
cap015-b1020-s29,cap015-b1020,29,11983872,0.45,0.15
cap015-b1020-s29,cap015-b1020,29,12014592,0.39,0.15
cap015-b1020-s29,cap015-b1020,29,12045312,0.48,0.15
cap015-b1020-s29,cap015-b1020,29,12076032,0.39,0.15
cap015-b1020-s29,cap015-b1020,29,12106752,0.42,0.15
cap015-b1020-s29,cap015-b1020,29,12137472,0.47,0.15
cap015-b1020-s29,cap015-b1020,29,12168192,0.42,0.15
cap015-b1020-s29,cap015-b1020,29,12198912,0.42,0.15
cap015-b1020-s29,cap015-b1020,29,12229632,0.46,0.15
cap015-b1020-s29,cap015-b1020,29,12260352,0.38,0.15
cap015-b1020-s29,cap015-b1020,29,12291072,0.3,0.15
cap015-b1020-s29,cap015-b1020,29,12321792,0.4,0.15
cap015-b1020-s29,cap015-b1020,29,12352512,0.38,0.15
cap015-b1020-s29,cap015-b1020,29,12383232,0.47,0.15
cap015-b1020-s29,cap015-b1020,29,12413952,0.39,0.15
cap015-b1020-s29,cap015-b1020,29,12444672,0.37,0.15
cap015-b1020-s29,cap015-b1020,29,12475392,0.4,0.15
cap015-b1020-s29,cap015-b1020,29,12506112,0.39,0.15
cap015-b1020-s29,cap015-b1020,29,12536832,0.42,0.15
cap015-b1020-s29,cap015-b1020,29,12567552,0.37,0.15
cap015-b1020-s29,cap015-b1020,29,12598272,0.39,0.15
cap015-b1020-s29,cap015-b1020,29,12628992,0.44,0.15
cap015-b1020-s29,cap015-b1020,29,12659712,0.43,0.15
cap015-b1020-s29,cap015-b1020,29,12690432,0.5,0.15
cap015-b1020-s29,cap015-b1020,29,12721152,0.5,0.15
cap015-b1020-s29,cap015-b1020,29,12751872,0.42,0.15
cap015-b1020-s29,cap015-b1020,29,12782592,0.4,0.15
cap015-b1020-s29,cap015-b1020,29,12813312,0.45,0.15
cap015-b1020-s29,cap015-b1020,29,12844032,0.46,0.15
cap015-b1020-s29,cap015-b1020,29,12874752,0.46,0.15
cap015-b1020-s29,cap015-b1020,29,12905472,0.45,0.15
cap015-b1020-s29,cap015-b1020,29,12936192,0.43,0.15
cap015-b1020-s29,cap015-b1020,29,12966912,0.5,0.15
cap015-b1020-s29,cap015-b1020,29,12997632,0.44,0.15
cap015-b1020-s29,cap015-b1020,29,13028352,0.45,0.15
cap015-b1020-s29,cap015-b1020,29,13059072,0.41,0.15
cap015-b1020-s29,cap015-b1020,29,13089792,0.38,0.15
cap015-b1020-s29,cap015-b1020,29,13120512,0.38,0.15
cap015-b1020-s29,cap015-b1020,29,13151232,0.48,0.15
cap015-b1020-s29,cap015-b1020,29,13181952,0.42,0.15
cap015-b1020-s29,cap015-b1020,29,13212672,0.48,0.15
cap015-b1020-s29,cap015-b1020,29,13243392,0.49,0.15
cap015-b1020-s29,cap015-b1020,29,13274112,0.39,0.15
cap015-b1020-s29,cap015-b1020,29,13304832,0.34,0.15
cap015-b1020-s29,cap015-b1020,29,13335552,0.48,0.15
cap015-b1020-s29,cap015-b1020,29,13366272,0.4,0.15
cap015-b1020-s29,cap015-b1020,29,13396992,0.52,0.15
cap015-b1020-s29,cap015-b1020,29,13427712,0.46,0.15
cap015-b1020-s29,cap015-b1020,29,13458432,0.46,0.15
cap015-b1020-s29,cap015-b1020,29,13489152,0.36,0.15
cap015-b1020-s29,cap015-b1020,29,13519872,0.36,0.15
cap015-b1020-s29,cap015-b1020,29,13550592,0.51,0.15
cap015-b1020-s29,cap015-b1020,29,13581312,0.45,0.15
cap015-b1020-s29,cap015-b1020,29,13612032,0.51,0.15
cap015-b1020-s29,cap015-b1020,29,13642752,0.42,0.15
cap015-b1020-s29,cap015-b1020,29,13673472,0.39,0.15
cap015-b1020-s29,cap015-b1020,29,13704192,0.46,0.15
cap015-b1020-s29,cap015-b1020,29,13734912,0.46,0.15
cap015-b1020-s29,cap015-b1020,29,13765632,0.38,0.15
cap015-b1020-s29,cap015-b1020,29,13796352,0.45,0.15
cap015-b1020-s29,cap015-b1020,29,13827072,0.36,0.15
cap015-b1020-s29,cap015-b1020,29,13857792,0.42,0.15
cap015-b1020-s29,cap015-b1020,29,13888512,0.48,0.15
cap015-b1020-s29,cap015-b1020,29,13919232,0.47,0.15
cap015-b1020-s29,cap015-b1020,29,13949952,0.4,0.15
cap015-b1020-s29,cap015-b1020,29,13980672,0.47,0.15
cap015-b1020-s29,cap015-b1020,29,14011392,0.43,0.15
cap015-b1020-s29,cap015-b1020,29,14042112,0.46,0.15
cap015-b1020-s29,cap015-b1020,29,14072832,0.46,0.15
cap015-b1020-s29,cap015-b1020,29,14103552,0.5,0.15
cap015-b1020-s29,cap015-b1020,29,14134272,0.46,0.15
cap015-b1020-s29,cap015-b1020,29,14164992,0.51,0.15
cap015-b1020-s29,cap015-b1020,29,14195712,0.38,0.15
cap015-b1020-s29,cap015-b1020,29,14226432,0.48,0.15
cap015-b1020-s29,cap015-b1020,29,14257152,0.48,0.15
cap015-b1020-s29,cap015-b1020,29,14287872,0.29,0.15
cap015-b1020-s29,cap015-b1020,29,14318592,0.46,0.15
cap015-b1020-s29,cap015-b1020,29,14349312,0.51,0.15
cap015-b1020-s29,cap015-b1020,29,14380032,0.48,0.15
cap015-b1020-s29,cap015-b1020,29,14410752,0.45,0.15
cap015-b1020-s29,cap015-b1020,29,14441472,0.44,0.15
cap015-b1020-s29,cap015-b1020,29,14472192,0.43,0.15
cap015-b1020-s29,cap015-b1020,29,14502912,0.45,0.15
cap015-b1020-s29,cap015-b1020,29,14533632,0.42,0.15
cap015-b1020-s29,cap015-b1020,29,14564352,0.36,0.15
cap015-b1020-s29,cap015-b1020,29,14595072,0.52,0.15
cap015-b1020-s29,cap015-b1020,29,14625792,0.37,0.15
cap015-b1020-s29,cap015-b1020,29,14656512,0.41,0.15
cap015-b1020-s29,cap015-b1020,29,14687232,0.48,0.15
cap015-b1020-s29,cap015-b1020,29,14717952,0.48,0.15
cap015-b1020-s29,cap015-b1020,29,14748672,0.39,0.15
cap015-b1020-s29,cap015-b1020,29,14779392,0.54,0.15
cap015-b1020-s29,cap015-b1020,29,14810112,0.49,0.15
cap015-b1020-s29,cap015-b1020,29,14840832,0.46,0.15
cap015-b1020-s29,cap015-b1020,29,14871552,0.37,0.15
cap015-b1020-s29,cap015-b1020,29,14902272,0.46,0.15
cap015-b1020-s29,cap015-b1020,29,14932992,0.45,0.15
cap015-b1020-s29,cap015-b1020,29,14963712,0.4,0.15
cap015-b1020-s29,cap015-b1020,29,14994432,0.46,0.15
cap015-b1020-s29,cap015-b1020,29,14997504,0.49,0.15
cap015-b4060-s27,cap015-b4060,27,4457472,0.7,-1.0
cap015-b4060-s27,cap015-b4060,27,4488192,0.58,-0.874
cap015-b4060-s27,cap015-b4060,27,4518912,0.56,-0.804
cap015-b4060-s27,cap015-b4060,27,4549632,0.58,-0.753
cap015-b4060-s27,cap015-b4060,27,4580352,0.49,-0.713
cap015-b4060-s27,cap015-b4060,27,4611072,0.54,-0.668
cap015-b4060-s27,cap015-b4060,27,4641792,0.57,-0.656
cap015-b4060-s27,cap015-b4060,27,4672512,0.51,-0.644
cap015-b4060-s27,cap015-b4060,27,4703232,0.63,-0.644
cap015-b4060-s27,cap015-b4060,27,4733952,0.6,-0.603
cap015-b4060-s27,cap015-b4060,27,4764672,0.51,-0.591
cap015-b4060-s27,cap015-b4060,27,4795392,0.56,-0.578
cap015-b4060-s27,cap015-b4060,27,4826112,0.57,-0.55
cap015-b4060-s27,cap015-b4060,27,4856832,0.53,-0.5
cap015-b4060-s27,cap015-b4060,27,4887552,0.53,-0.5
cap015-b4060-s27,cap015-b4060,27,4918272,0.61,-0.488
cap015-b4060-s27,cap015-b4060,27,4948992,0.56,-0.438
cap015-b4060-s27,cap015-b4060,27,4979712,0.52,-0.408
cap015-b4060-s27,cap015-b4060,27,5010432,0.5,-0.392
cap015-b4060-s27,cap015-b4060,27,5041152,0.53,-0.351
cap015-b4060-s27,cap015-b4060,27,5071872,0.61,-0.327
cap015-b4060-s27,cap015-b4060,27,5102592,0.51,-0.316
cap015-b4060-s27,cap015-b4060,27,5133312,0.45,-0.281
cap015-b4060-s27,cap015-b4060,27,5164032,0.64,-0.266
cap015-b4060-s27,cap015-b4060,27,5194752,0.57,-0.252
cap015-b4060-s27,cap015-b4060,27,5225472,0.57,-0.209
cap015-b4060-s27,cap015-b4060,27,5256192,0.55,-0.197
cap015-b4060-s27,cap015-b4060,27,5286912,0.64,-0.172
cap015-b4060-s27,cap015-b4060,27,5317632,0.44,-0.158
cap015-b4060-s27,cap015-b4060,27,5348352,0.52,-0.158
cap015-b4060-s27,cap015-b4060,27,5379072,0.52,-0.144
cap015-b4060-s27,cap015-b4060,27,5409792,0.55,-0.12
cap015-b4060-s27,cap015-b4060,27,5440512,0.59,-0.06
cap015-b4060-s27,cap015-b4060,27,5471232,0.48,-0.021
cap015-b4060-s27,cap015-b4060,27,5501952,0.61,0.011
cap015-b4060-s27,cap015-b4060,27,5532672,0.49,0.022
cap015-b4060-s27,cap015-b4060,27,5563392,0.46,0.022
cap015-b4060-s27,cap015-b4060,27,5594112,0.41,0.02
cap015-b4060-s27,cap015-b4060,27,5624832,0.43,0.02
cap015-b4060-s27,cap015-b4060,27,5655552,0.55,0.02
cap015-b4060-s27,cap015-b4060,27,5686272,0.52,0.02
cap015-b4060-s27,cap015-b4060,27,5716992,0.5,0.032
cap015-b4060-s27,cap015-b4060,27,5747712,0.5,0.032
cap015-b4060-s27,cap015-b4060,27,5778432,0.45,0.032
cap015-b4060-s27,cap015-b4060,27,5809152,0.48,0.021
cap015-b4060-s27,cap015-b4060,27,5839872,0.53,0.021
cap015-b4060-s27,cap015-b4060,27,5870592,0.57,0.032
cap015-b4060-s27,cap015-b4060,27,5901312,0.46,0.032
cap015-b4060-s27,cap015-b4060,27,5932032,0.42,0.043
cap015-b4060-s27,cap015-b4060,27,5962752,0.51,0.031
cap015-b4060-s27,cap015-b4060,27,5993472,0.48,0.031
cap015-b4060-s27,cap015-b4060,27,6024192,0.49,0.043
cap015-b4060-s27,cap015-b4060,27,6054912,0.43,0.043
cap015-b4060-s27,cap015-b4060,27,6085632,0.54,0.032
cap015-b4060-s27,cap015-b4060,27,6116352,0.45,0.032
cap015-b4060-s27,cap015-b4060,27,6147072,0.44,0.032
cap015-b4060-s27,cap015-b4060,27,6177792,0.5,0.019
cap015-b4060-s27,cap015-b4060,27,6208512,0.6,0.019
cap015-b4060-s27,cap015-b4060,27,6239232,0.63,0.031
cap015-b4060-s27,cap015-b4060,27,6269952,0.51,0.044
cap015-b4060-s27,cap015-b4060,27,6300672,0.57,0.044
cap015-b4060-s27,cap015-b4060,27,6331392,0.48,0.044
cap015-b4060-s27,cap015-b4060,27,6362112,0.53,0.044
cap015-b4060-s27,cap015-b4060,27,6392832,0.44,0.059
cap015-b4060-s27,cap015-b4060,27,6423552,0.62,0.048
cap015-b4060-s27,cap015-b4060,27,6454272,0.44,0.06
cap015-b4060-s27,cap015-b4060,27,6484992,0.42,0.045
cap015-b4060-s27,cap015-b4060,27,6515712,0.51,0.045
cap015-b4060-s27,cap015-b4060,27,6546432,0.43,0.045
cap015-b4060-s27,cap015-b4060,27,6577152,0.48,0.045
cap015-b4060-s27,cap015-b4060,27,6607872,0.47,0.045
cap015-b4060-s27,cap015-b4060,27,6638592,0.6,0.045
cap015-b4060-s27,cap015-b4060,27,6669312,0.47,0.045
cap015-b4060-s27,cap015-b4060,27,6700032,0.48,0.045
cap015-b4060-s27,cap015-b4060,27,6730752,0.5,0.045
cap015-b4060-s27,cap015-b4060,27,6761472,0.54,0.045
cap015-b4060-s27,cap015-b4060,27,6792192,0.55,0.045
cap015-b4060-s27,cap015-b4060,27,6822912,0.52,0.045
cap015-b4060-s27,cap015-b4060,27,6853632,0.55,0.046
cap015-b4060-s27,cap015-b4060,27,6884352,0.57,0.035
cap015-b4060-s27,cap015-b4060,27,6915072,0.56,0.046
cap015-b4060-s27,cap015-b4060,27,6945792,0.5,0.046
cap015-b4060-s27,cap015-b4060,27,6976512,0.5,0.046
cap015-b4060-s27,cap015-b4060,27,7007232,0.45,0.057
cap015-b4060-s27,cap015-b4060,27,7037952,0.54,0.04
cap015-b4060-s27,cap015-b4060,27,7068672,0.49,0.052
cap015-b4060-s27,cap015-b4060,27,7099392,0.55,0.052
cap015-b4060-s27,cap015-b4060,27,7130112,0.5,0.052
cap015-b4060-s27,cap015-b4060,27,7160832,0.55,0.052
cap015-b4060-s27,cap015-b4060,27,7191552,0.47,0.04
cap015-b4060-s27,cap015-b4060,27,7222272,0.52,0.054
cap015-b4060-s27,cap015-b4060,27,7252992,0.53,0.054
cap015-b4060-s27,cap015-b4060,27,7283712,0.58,0.054
cap015-b4060-s27,cap015-b4060,27,7314432,0.53,0.054
cap015-b4060-s27,cap015-b4060,27,7345152,0.55,0.054
cap015-b4060-s27,cap015-b4060,27,7375872,0.59,0.054
cap015-b4060-s27,cap015-b4060,27,7406592,0.49,0.066
cap015-b4060-s27,cap015-b4060,27,7437312,0.53,0.053
cap015-b4060-s27,cap015-b4060,27,7468032,0.46,0.053
cap015-b4060-s27,cap015-b4060,27,7498752,0.48,0.064
cap015-b4060-s27,cap015-b4060,27,7529472,0.57,0.064
cap015-b4060-s27,cap015-b4060,27,7560192,0.5,0.064
cap015-b4060-s27,cap015-b4060,27,7590912,0.53,0.064
cap015-b4060-s27,cap015-b4060,27,7621632,0.47,0.076
cap015-b4060-s27,cap015-b4060,27,7652352,0.54,0.076
cap015-b4060-s27,cap015-b4060,27,7683072,0.48,0.076
cap015-b4060-s27,cap015-b4060,27,7713792,0.48,0.076
cap015-b4060-s27,cap015-b4060,27,7744512,0.5,0.076
cap015-b4060-s27,cap015-b4060,27,7775232,0.51,0.076
cap015-b4060-s27,cap015-b4060,27,7805952,0.44,0.076
cap015-b4060-s27,cap015-b4060,27,7836672,0.48,0.076
cap015-b4060-s27,cap015-b4060,27,7867392,0.49,0.076
cap015-b4060-s27,cap015-b4060,27,7898112,0.44,0.051
cap015-b4060-s27,cap015-b4060,27,7928832,0.56,0.062
cap015-b4060-s27,cap015-b4060,27,7959552,0.47,0.062
cap015-b4060-s27,cap015-b4060,27,7990272,0.61,0.062
cap015-b4060-s27,cap015-b4060,27,8020992,0.54,0.073
cap015-b4060-s27,cap015-b4060,27,8051712,0.58,0.07
cap015-b4060-s27,cap015-b4060,27,8082432,0.51,0.07
cap015-b4060-s27,cap015-b4060,27,8113152,0.47,0.07
cap015-b4060-s27,cap015-b4060,27,8143872,0.52,0.083
cap015-b4060-s27,cap015-b4060,27,8174592,0.47,0.083
cap015-b4060-s27,cap015-b4060,27,8205312,0.54,0.083
cap015-b4060-s27,cap015-b4060,27,8236032,0.6,0.072
cap015-b4060-s27,cap015-b4060,27,8266752,0.56,0.086
cap015-b4060-s27,cap015-b4060,27,8297472,0.49,0.086
cap015-b4060-s27,cap015-b4060,27,8328192,0.45,0.086
cap015-b4060-s27,cap015-b4060,27,8358912,0.51,0.086
cap015-b4060-s27,cap015-b4060,27,8389632,0.45,0.086
cap015-b4060-s27,cap015-b4060,27,8420352,0.53,0.086
cap015-b4060-s27,cap015-b4060,27,8451072,0.45,0.086
cap015-b4060-s27,cap015-b4060,27,8481792,0.46,0.086
cap015-b4060-s27,cap015-b4060,27,8512512,0.5,0.086
cap015-b4060-s27,cap015-b4060,27,8543232,0.43,0.086
cap015-b4060-s27,cap015-b4060,27,8573952,0.45,0.075
cap015-b4060-s27,cap015-b4060,27,8604672,0.5,0.089
cap015-b4060-s27,cap015-b4060,27,8635392,0.47,0.089
cap015-b4060-s27,cap015-b4060,27,8666112,0.54,0.089
cap015-b4060-s27,cap015-b4060,27,8696832,0.53,0.078
cap015-b4060-s27,cap015-b4060,27,8727552,0.5,0.078
cap015-b4060-s27,cap015-b4060,27,8758272,0.46,0.078
cap015-b4060-s27,cap015-b4060,27,8788992,0.6,0.078
cap015-b4060-s27,cap015-b4060,27,8819712,0.44,0.089
cap015-b4060-s27,cap015-b4060,27,8850432,0.51,0.089
cap015-b4060-s27,cap015-b4060,27,8881152,0.47,0.076
cap015-b4060-s27,cap015-b4060,27,8911872,0.56,0.088
cap015-b4060-s27,cap015-b4060,27,8942592,0.58,0.088
cap015-b4060-s27,cap015-b4060,27,8973312,0.54,0.088
cap015-b4060-s27,cap015-b4060,27,9004032,0.38,0.088
cap015-b4060-s27,cap015-b4060,27,9034752,0.53,0.076
cap015-b4060-s27,cap015-b4060,27,9065472,0.52,0.073
cap015-b4060-s27,cap015-b4060,27,9096192,0.54,0.073
cap015-b4060-s27,cap015-b4060,27,9126912,0.54,0.086
cap015-b4060-s27,cap015-b4060,27,9157632,0.6,0.086
cap015-b4060-s27,cap015-b4060,27,9188352,0.55,0.098
cap015-b4060-s27,cap015-b4060,27,9219072,0.53,0.098
cap015-b4060-s27,cap015-b4060,27,9249792,0.49,0.098
cap015-b4060-s27,cap015-b4060,27,9280512,0.46,0.098
cap015-b4060-s27,cap015-b4060,27,9311232,0.41,0.098
cap015-b4060-s27,cap015-b4060,27,9341952,0.44,0.112
cap015-b4060-s27,cap015-b4060,27,9372672,0.41,0.112
cap015-b4060-s27,cap015-b4060,27,9403392,0.46,0.112
cap015-b4060-s27,cap015-b4060,27,9434112,0.47,0.1
cap015-b4060-s27,cap015-b4060,27,9464832,0.47,0.1
cap015-b4060-s27,cap015-b4060,27,9495552,0.52,0.111
cap015-b4060-s27,cap015-b4060,27,9526272,0.38,0.11
cap015-b4060-s27,cap015-b4060,27,9556992,0.51,0.086
cap015-b4060-s27,cap015-b4060,27,9587712,0.55,0.11
cap015-b4060-s27,cap015-b4060,27,9618432,0.5,0.096
cap015-b4060-s27,cap015-b4060,27,9649152,0.59,0.096
cap015-b4060-s27,cap015-b4060,27,9679872,0.46,0.107
cap015-b4060-s27,cap015-b4060,27,9710592,0.47,0.106
cap015-b4060-s27,cap015-b4060,27,9741312,0.52,0.106
cap015-b4060-s27,cap015-b4060,27,9772032,0.53,0.095
cap015-b4060-s27,cap015-b4060,27,9802752,0.47,0.108
cap015-b4060-s27,cap015-b4060,27,9833472,0.52,0.108
cap015-b4060-s27,cap015-b4060,27,9864192,0.39,0.121
cap015-b4060-s27,cap015-b4060,27,9894912,0.48,0.11
cap015-b4060-s27,cap015-b4060,27,9925632,0.48,0.11
cap015-b4060-s27,cap015-b4060,27,9956352,0.49,0.11
cap015-b4060-s27,cap015-b4060,27,9987072,0.47,0.11
cap015-b4060-s27,cap015-b4060,27,10017792,0.5,0.11
cap015-b4060-s27,cap015-b4060,27,10048512,0.49,0.11
cap015-b4060-s27,cap015-b4060,27,10079232,0.57,0.11
cap015-b4060-s27,cap015-b4060,27,10109952,0.46,0.11
cap015-b4060-s27,cap015-b4060,27,10140672,0.45,0.126
cap015-b4060-s27,cap015-b4060,27,10171392,0.48,0.115
cap015-b4060-s27,cap015-b4060,27,10202112,0.56,0.115
cap015-b4060-s27,cap015-b4060,27,10232832,0.58,0.1
cap015-b4060-s27,cap015-b4060,27,10263552,0.58,0.088
cap015-b4060-s27,cap015-b4060,27,10294272,0.48,0.101
cap015-b4060-s27,cap015-b4060,27,10324992,0.52,0.114
cap015-b4060-s27,cap015-b4060,27,10355712,0.59,0.114
cap015-b4060-s27,cap015-b4060,27,10386432,0.44,0.114
cap015-b4060-s27,cap015-b4060,27,10417152,0.53,0.114
cap015-b4060-s27,cap015-b4060,27,10447872,0.56,0.114
cap015-b4060-s27,cap015-b4060,27,10478592,0.52,0.114
cap015-b4060-s27,cap015-b4060,27,10509312,0.45,0.114
cap015-b4060-s27,cap015-b4060,27,10540032,0.51,0.114
cap015-b4060-s27,cap015-b4060,27,10570752,0.48,0.114
cap015-b4060-s27,cap015-b4060,27,10601472,0.44,0.127
cap015-b4060-s27,cap015-b4060,27,10632192,0.4,0.127
cap015-b4060-s27,cap015-b4060,27,10662912,0.48,0.127
cap015-b4060-s27,cap015-b4060,27,10693632,0.48,0.127
cap015-b4060-s27,cap015-b4060,27,10724352,0.49,0.127
cap015-b4060-s27,cap015-b4060,27,10755072,0.55,0.127
cap015-b4060-s27,cap015-b4060,27,10785792,0.43,0.127
cap015-b4060-s27,cap015-b4060,27,10816512,0.42,0.115
cap015-b4060-s27,cap015-b4060,27,10847232,0.45,0.126
cap015-b4060-s27,cap015-b4060,27,10877952,0.54,0.126
cap015-b4060-s27,cap015-b4060,27,10908672,0.47,0.139
cap015-b4060-s27,cap015-b4060,27,10939392,0.41,0.139
cap015-b4060-s27,cap015-b4060,27,10970112,0.49,0.126
cap015-b4060-s27,cap015-b4060,27,11000832,0.46,0.141
cap015-b4060-s27,cap015-b4060,27,11031552,0.57,0.13
cap015-b4060-s27,cap015-b4060,27,11062272,0.51,0.13
cap015-b4060-s27,cap015-b4060,27,11092992,0.56,0.13
cap015-b4060-s27,cap015-b4060,27,11123712,0.5,0.141
cap015-b4060-s27,cap015-b4060,27,11154432,0.52,0.141
cap015-b4060-s27,cap015-b4060,27,11185152,0.45,0.141
cap015-b4060-s27,cap015-b4060,27,11215872,0.47,0.141
cap015-b4060-s27,cap015-b4060,27,11246592,0.49,0.141
cap015-b4060-s27,cap015-b4060,27,11277312,0.43,0.141
cap015-b4060-s27,cap015-b4060,27,11308032,0.41,0.139
cap015-b4060-s27,cap015-b4060,27,11338752,0.49,0.139
cap015-b4060-s27,cap015-b4060,27,11369472,0.55,0.139
cap015-b4060-s27,cap015-b4060,27,11400192,0.46,0.139
cap015-b4060-s27,cap015-b4060,27,11430912,0.42,0.139
cap015-b4060-s27,cap015-b4060,27,11461632,0.54,0.113
cap015-b4060-s27,cap015-b4060,27,11492352,0.53,0.125
cap015-b4060-s27,cap015-b4060,27,11523072,0.53,0.136
cap015-b4060-s27,cap015-b4060,27,11553792,0.52,0.136
cap015-b4060-s27,cap015-b4060,27,11584512,0.55,0.136
cap015-b4060-s27,cap015-b4060,27,11615232,0.52,0.136
cap015-b4060-s27,cap015-b4060,27,11645952,0.43,0.136
cap015-b4060-s27,cap015-b4060,27,11676672,0.61,0.136
cap015-b4060-s27,cap015-b4060,27,11707392,0.58,0.133
cap015-b4060-s27,cap015-b4060,27,11738112,0.42,0.145
cap015-b4060-s27,cap015-b4060,27,11768832,0.53,0.145
cap015-b4060-s27,cap015-b4060,27,11799552,0.53,0.145
cap015-b4060-s27,cap015-b4060,27,11830272,0.49,0.145
cap015-b4060-s27,cap015-b4060,27,11860992,0.55,0.145
cap015-b4060-s27,cap015-b4060,27,11891712,0.55,0.145
cap015-b4060-s27,cap015-b4060,27,11922432,0.51,0.145
cap015-b4060-s27,cap015-b4060,27,11953152,0.37,0.145
cap015-b4060-s27,cap015-b4060,27,11983872,0.61,0.132
cap015-b4060-s27,cap015-b4060,27,12014592,0.44,0.143
cap015-b4060-s27,cap015-b4060,27,12045312,0.42,0.15
cap015-b4060-s27,cap015-b4060,27,12076032,0.49,0.134
cap015-b4060-s27,cap015-b4060,27,12106752,0.49,0.147
cap015-b4060-s27,cap015-b4060,27,12137472,0.52,0.147
cap015-b4060-s27,cap015-b4060,27,12168192,0.51,0.15
cap015-b4060-s27,cap015-b4060,27,12198912,0.47,0.15
cap015-b4060-s27,cap015-b4060,27,12229632,0.57,0.15
cap015-b4060-s27,cap015-b4060,27,12260352,0.69,0.136
cap015-b4060-s27,cap015-b4060,27,12291072,0.52,0.15
cap015-b4060-s27,cap015-b4060,27,12321792,0.53,0.15
cap015-b4060-s27,cap015-b4060,27,12352512,0.55,0.138
cap015-b4060-s27,cap015-b4060,27,12383232,0.59,0.138
cap015-b4060-s27,cap015-b4060,27,12413952,0.53,0.138
cap015-b4060-s27,cap015-b4060,27,12444672,0.54,0.138
cap015-b4060-s27,cap015-b4060,27,12475392,0.46,0.149
cap015-b4060-s27,cap015-b4060,27,12506112,0.53,0.149
cap015-b4060-s27,cap015-b4060,27,12536832,0.54,0.15
cap015-b4060-s27,cap015-b4060,27,12567552,0.44,0.15
cap015-b4060-s27,cap015-b4060,27,12598272,0.47,0.15
cap015-b4060-s27,cap015-b4060,27,12628992,0.49,0.15
cap015-b4060-s27,cap015-b4060,27,12659712,0.5,0.15
cap015-b4060-s27,cap015-b4060,27,12690432,0.55,0.15
cap015-b4060-s27,cap015-b4060,27,12721152,0.49,0.15
cap015-b4060-s27,cap015-b4060,27,12751872,0.48,0.15
cap015-b4060-s27,cap015-b4060,27,12782592,0.53,0.15
cap015-b4060-s27,cap015-b4060,27,12813312,0.46,0.15
cap015-b4060-s27,cap015-b4060,27,12844032,0.51,0.15
cap015-b4060-s27,cap015-b4060,27,12874752,0.56,0.15
cap015-b4060-s27,cap015-b4060,27,12905472,0.42,0.15
cap015-b4060-s27,cap015-b4060,27,12936192,0.47,0.15
cap015-b4060-s27,cap015-b4060,27,12966912,0.52,0.15
cap015-b4060-s27,cap015-b4060,27,12997632,0.45,0.15
cap015-b4060-s27,cap015-b4060,27,13028352,0.58,0.15
cap015-b4060-s27,cap015-b4060,27,13059072,0.52,0.15
cap015-b4060-s27,cap015-b4060,27,13089792,0.65,0.15
cap015-b4060-s27,cap015-b4060,27,13120512,0.49,0.15
cap015-b4060-s27,cap015-b4060,27,13151232,0.47,0.15
cap015-b4060-s27,cap015-b4060,27,13181952,0.55,0.15
cap015-b4060-s27,cap015-b4060,27,13212672,0.48,0.15
cap015-b4060-s27,cap015-b4060,27,13243392,0.49,0.15
cap015-b4060-s27,cap015-b4060,27,13274112,0.51,0.15
cap015-b4060-s27,cap015-b4060,27,13304832,0.48,0.15
cap015-b4060-s27,cap015-b4060,27,13335552,0.55,0.15
cap015-b4060-s27,cap015-b4060,27,13366272,0.54,0.15
cap015-b4060-s27,cap015-b4060,27,13396992,0.56,0.15
cap015-b4060-s27,cap015-b4060,27,13427712,0.52,0.15
cap015-b4060-s27,cap015-b4060,27,13458432,0.5,0.15
cap015-b4060-s27,cap015-b4060,27,13489152,0.43,0.15
cap015-b4060-s27,cap015-b4060,27,13519872,0.57,0.15
cap015-b4060-s27,cap015-b4060,27,13550592,0.63,0.15
cap015-b4060-s27,cap015-b4060,27,13581312,0.56,0.15
cap015-b4060-s27,cap015-b4060,27,13612032,0.5,0.15
cap015-b4060-s27,cap015-b4060,27,13642752,0.47,0.15
cap015-b4060-s27,cap015-b4060,27,13673472,0.55,0.15
cap015-b4060-s27,cap015-b4060,27,13704192,0.5,0.15
cap015-b4060-s27,cap015-b4060,27,13734912,0.59,0.139
cap015-b4060-s27,cap015-b4060,27,13765632,0.5,0.15
cap015-b4060-s27,cap015-b4060,27,13796352,0.49,0.15
cap015-b4060-s27,cap015-b4060,27,13827072,0.58,0.138
cap015-b4060-s27,cap015-b4060,27,13857792,0.46,0.15
cap015-b4060-s27,cap015-b4060,27,13888512,0.47,0.15
cap015-b4060-s27,cap015-b4060,27,13919232,0.6,0.15
cap015-b4060-s27,cap015-b4060,27,13949952,0.56,0.15
cap015-b4060-s27,cap015-b4060,27,13980672,0.59,0.15
cap015-b4060-s27,cap015-b4060,27,14011392,0.52,0.15
cap015-b4060-s27,cap015-b4060,27,14042112,0.5,0.15
cap015-b4060-s27,cap015-b4060,27,14072832,0.56,0.15
cap015-b4060-s27,cap015-b4060,27,14103552,0.54,0.15
cap015-b4060-s27,cap015-b4060,27,14134272,0.59,0.15
cap015-b4060-s27,cap015-b4060,27,14164992,0.52,0.15
cap015-b4060-s27,cap015-b4060,27,14195712,0.53,0.15
cap015-b4060-s27,cap015-b4060,27,14226432,0.6,0.15
cap015-b4060-s27,cap015-b4060,27,14257152,0.52,0.15
cap015-b4060-s27,cap015-b4060,27,14287872,0.53,0.15
cap015-b4060-s27,cap015-b4060,27,14318592,0.54,0.15
cap015-b4060-s27,cap015-b4060,27,14349312,0.59,0.15
cap015-b4060-s27,cap015-b4060,27,14380032,0.58,0.15
cap015-b4060-s27,cap015-b4060,27,14410752,0.56,0.15
cap015-b4060-s27,cap015-b4060,27,14441472,0.57,0.15
cap015-b4060-s27,cap015-b4060,27,14472192,0.6,0.15
cap015-b4060-s27,cap015-b4060,27,14502912,0.57,0.15
cap015-b4060-s27,cap015-b4060,27,14533632,0.52,0.15
cap015-b4060-s27,cap015-b4060,27,14564352,0.57,0.15
cap015-b4060-s27,cap015-b4060,27,14595072,0.6,0.15
cap015-b4060-s27,cap015-b4060,27,14625792,0.55,0.15
cap015-b4060-s27,cap015-b4060,27,14656512,0.53,0.15
cap015-b4060-s27,cap015-b4060,27,14687232,0.49,0.15
cap015-b4060-s27,cap015-b4060,27,14717952,0.6,0.15
cap015-b4060-s27,cap015-b4060,27,14748672,0.6,0.15
cap015-b4060-s27,cap015-b4060,27,14779392,0.55,0.15
cap015-b4060-s27,cap015-b4060,27,14810112,0.61,0.15
cap015-b4060-s27,cap015-b4060,27,14840832,0.55,0.15
cap015-b4060-s27,cap015-b4060,27,14871552,0.68,0.15
cap015-b4060-s27,cap015-b4060,27,14902272,0.58,0.15
cap015-b4060-s27,cap015-b4060,27,14932992,0.57,0.15
cap015-b4060-s27,cap015-b4060,27,14963712,0.59,0.15
cap015-b4060-s27,cap015-b4060,27,14994432,0.58,0.15
cap015-b4060-s27,cap015-b4060,27,14997504,0.59,0.15
cap015-b4060-s28,cap015-b4060,28,4457472,0.67,-1.0
cap015-b4060-s28,cap015-b4060,28,4488192,0.65,-0.881
cap015-b4060-s28,cap015-b4060,28,4518912,0.61,-0.825
cap015-b4060-s28,cap015-b4060,28,4549632,0.64,-0.763
cap015-b4060-s28,cap015-b4060,28,4580352,0.51,-0.71
cap015-b4060-s28,cap015-b4060,28,4611072,0.49,-0.69
cap015-b4060-s28,cap015-b4060,28,4641792,0.52,-0.663
cap015-b4060-s28,cap015-b4060,28,4672512,0.52,-0.652
cap015-b4060-s28,cap015-b4060,28,4703232,0.54,-0.641
cap015-b4060-s28,cap015-b4060,28,4733952,0.57,-0.618
cap015-b4060-s28,cap015-b4060,28,4764672,0.54,-0.587
cap015-b4060-s28,cap015-b4060,28,4795392,0.47,-0.517
cap015-b4060-s28,cap015-b4060,28,4826112,0.63,-0.488
cap015-b4060-s28,cap015-b4060,28,4856832,0.54,-0.464
cap015-b4060-s28,cap015-b4060,28,4887552,0.47,-0.464
cap015-b4060-s28,cap015-b4060,28,4918272,0.47,-0.464
cap015-b4060-s28,cap015-b4060,28,4948992,0.53,-0.412
cap015-b4060-s28,cap015-b4060,28,4979712,0.61,-0.398
cap015-b4060-s28,cap015-b4060,28,5010432,0.58,-0.387
cap015-b4060-s28,cap015-b4060,28,5041152,0.58,-0.385
cap015-b4060-s28,cap015-b4060,28,5071872,0.5,-0.385
cap015-b4060-s28,cap015-b4060,28,5102592,0.58,-0.373
cap015-b4060-s28,cap015-b4060,28,5133312,0.47,-0.358
cap015-b4060-s28,cap015-b4060,28,5164032,0.54,-0.341
cap015-b4060-s28,cap015-b4060,28,5194752,0.58,-0.315
cap015-b4060-s28,cap015-b4060,28,5225472,0.6,-0.289
cap015-b4060-s28,cap015-b4060,28,5256192,0.52,-0.289
cap015-b4060-s28,cap015-b4060,28,5286912,0.57,-0.265
cap015-b4060-s28,cap015-b4060,28,5317632,0.54,-0.265
cap015-b4060-s28,cap015-b4060,28,5348352,0.47,-0.265
cap015-b4060-s28,cap015-b4060,28,5379072,0.57,-0.225
cap015-b4060-s28,cap015-b4060,28,5409792,0.53,-0.168
cap015-b4060-s28,cap015-b4060,28,5440512,0.57,-0.168
cap015-b4060-s28,cap015-b4060,28,5471232,0.53,-0.124
cap015-b4060-s28,cap015-b4060,28,5501952,0.61,-0.112
cap015-b4060-s28,cap015-b4060,28,5532672,0.58,-0.087
cap015-b4060-s28,cap015-b4060,28,5563392,0.55,-0.052
cap015-b4060-s28,cap015-b4060,28,5594112,0.63,-0.037
cap015-b4060-s28,cap015-b4060,28,5624832,0.56,-0.024
cap015-b4060-s28,cap015-b4060,28,5655552,0.55,0.012
cap015-b4060-s28,cap015-b4060,28,5686272,0.44,0.023
cap015-b4060-s28,cap015-b4060,28,5716992,0.53,0.036
cap015-b4060-s28,cap015-b4060,28,5747712,0.51,0.036
cap015-b4060-s28,cap015-b4060,28,5778432,0.46,0.036
cap015-b4060-s28,cap015-b4060,28,5809152,0.47,0.036
cap015-b4060-s28,cap015-b4060,28,5839872,0.56,0.025
cap015-b4060-s28,cap015-b4060,28,5870592,0.56,0.025
cap015-b4060-s28,cap015-b4060,28,5901312,0.46,0.025
cap015-b4060-s28,cap015-b4060,28,5932032,0.52,0.025
cap015-b4060-s28,cap015-b4060,28,5962752,0.46,0.025
cap015-b4060-s28,cap015-b4060,28,5993472,0.45,0.025
cap015-b4060-s28,cap015-b4060,28,6024192,0.49,0.025
cap015-b4060-s28,cap015-b4060,28,6054912,0.49,0.025
cap015-b4060-s28,cap015-b4060,28,6085632,0.57,0.023
cap015-b4060-s28,cap015-b4060,28,6116352,0.52,0.023
cap015-b4060-s28,cap015-b4060,28,6147072,0.53,0.023
cap015-b4060-s28,cap015-b4060,28,6177792,0.52,0.023
cap015-b4060-s28,cap015-b4060,28,6208512,0.51,0.023
cap015-b4060-s28,cap015-b4060,28,6239232,0.51,0.023
cap015-b4060-s28,cap015-b4060,28,6269952,0.51,0.023
cap015-b4060-s28,cap015-b4060,28,6300672,0.54,0.023
cap015-b4060-s28,cap015-b4060,28,6331392,0.53,0.034
cap015-b4060-s28,cap015-b4060,28,6362112,0.54,0.034
cap015-b4060-s28,cap015-b4060,28,6392832,0.51,0.034
cap015-b4060-s28,cap015-b4060,28,6423552,0.6,0.034
cap015-b4060-s28,cap015-b4060,28,6454272,0.56,0.045
cap015-b4060-s28,cap015-b4060,28,6484992,0.55,0.044
cap015-b4060-s28,cap015-b4060,28,6515712,0.44,0.044
cap015-b4060-s28,cap015-b4060,28,6546432,0.46,0.044
cap015-b4060-s28,cap015-b4060,28,6577152,0.48,0.044
cap015-b4060-s28,cap015-b4060,28,6607872,0.52,0.044
cap015-b4060-s28,cap015-b4060,28,6638592,0.52,0.057
cap015-b4060-s28,cap015-b4060,28,6669312,0.52,0.046
cap015-b4060-s28,cap015-b4060,28,6700032,0.47,0.046
cap015-b4060-s28,cap015-b4060,28,6730752,0.44,0.035
cap015-b4060-s28,cap015-b4060,28,6761472,0.48,0.023
cap015-b4060-s28,cap015-b4060,28,6792192,0.61,0.047
cap015-b4060-s28,cap015-b4060,28,6822912,0.47,0.045
cap015-b4060-s28,cap015-b4060,28,6853632,0.53,0.045
cap015-b4060-s28,cap015-b4060,28,6884352,0.46,0.062
cap015-b4060-s28,cap015-b4060,28,6915072,0.51,0.051
cap015-b4060-s28,cap015-b4060,28,6945792,0.55,0.051
cap015-b4060-s28,cap015-b4060,28,6976512,0.46,0.051
cap015-b4060-s28,cap015-b4060,28,7007232,0.54,0.051
cap015-b4060-s28,cap015-b4060,28,7037952,0.47,0.051
cap015-b4060-s28,cap015-b4060,28,7068672,0.53,0.051
cap015-b4060-s28,cap015-b4060,28,7099392,0.48,0.051
cap015-b4060-s28,cap015-b4060,28,7130112,0.54,0.051
cap015-b4060-s28,cap015-b4060,28,7160832,0.54,0.051
cap015-b4060-s28,cap015-b4060,28,7191552,0.44,0.062
cap015-b4060-s28,cap015-b4060,28,7222272,0.55,0.062
cap015-b4060-s28,cap015-b4060,28,7252992,0.42,0.051
cap015-b4060-s28,cap015-b4060,28,7283712,0.5,0.051
cap015-b4060-s28,cap015-b4060,28,7314432,0.52,0.051
cap015-b4060-s28,cap015-b4060,28,7345152,0.55,0.062
cap015-b4060-s28,cap015-b4060,28,7375872,0.5,0.062
cap015-b4060-s28,cap015-b4060,28,7406592,0.43,0.062
cap015-b4060-s28,cap015-b4060,28,7437312,0.47,0.062
cap015-b4060-s28,cap015-b4060,28,7468032,0.44,0.062
cap015-b4060-s28,cap015-b4060,28,7498752,0.48,0.062
cap015-b4060-s28,cap015-b4060,28,7529472,0.45,0.062
cap015-b4060-s28,cap015-b4060,28,7560192,0.51,0.062
cap015-b4060-s28,cap015-b4060,28,7590912,0.52,0.062
cap015-b4060-s28,cap015-b4060,28,7621632,0.51,0.062
cap015-b4060-s28,cap015-b4060,28,7652352,0.47,0.062
cap015-b4060-s28,cap015-b4060,28,7683072,0.5,0.062
cap015-b4060-s28,cap015-b4060,28,7713792,0.53,0.075
cap015-b4060-s28,cap015-b4060,28,7744512,0.44,0.077
cap015-b4060-s28,cap015-b4060,28,7775232,0.42,0.077
cap015-b4060-s28,cap015-b4060,28,7805952,0.56,0.054
cap015-b4060-s28,cap015-b4060,28,7836672,0.51,0.054
cap015-b4060-s28,cap015-b4060,28,7867392,0.66,0.054
cap015-b4060-s28,cap015-b4060,28,7898112,0.57,0.07
cap015-b4060-s28,cap015-b4060,28,7928832,0.62,0.058
cap015-b4060-s28,cap015-b4060,28,7959552,0.57,0.07
cap015-b4060-s28,cap015-b4060,28,7990272,0.51,0.07
cap015-b4060-s28,cap015-b4060,28,8020992,0.52,0.058
cap015-b4060-s28,cap015-b4060,28,8051712,0.54,0.058
cap015-b4060-s28,cap015-b4060,28,8082432,0.52,0.072
cap015-b4060-s28,cap015-b4060,28,8113152,0.47,0.058
cap015-b4060-s28,cap015-b4060,28,8143872,0.45,0.071
cap015-b4060-s28,cap015-b4060,28,8174592,0.43,0.084
cap015-b4060-s28,cap015-b4060,28,8205312,0.4,0.084
cap015-b4060-s28,cap015-b4060,28,8236032,0.49,0.073
cap015-b4060-s28,cap015-b4060,28,8266752,0.43,0.059
cap015-b4060-s28,cap015-b4060,28,8297472,0.51,0.059
cap015-b4060-s28,cap015-b4060,28,8328192,0.48,0.059
cap015-b4060-s28,cap015-b4060,28,8358912,0.49,0.073
cap015-b4060-s28,cap015-b4060,28,8389632,0.43,0.072
cap015-b4060-s28,cap015-b4060,28,8420352,0.5,0.061
cap015-b4060-s28,cap015-b4060,28,8451072,0.41,0.061
cap015-b4060-s28,cap015-b4060,28,8481792,0.51,0.074
cap015-b4060-s28,cap015-b4060,28,8512512,0.55,0.074
cap015-b4060-s28,cap015-b4060,28,8543232,0.54,0.074
cap015-b4060-s28,cap015-b4060,28,8573952,0.5,0.074
cap015-b4060-s28,cap015-b4060,28,8604672,0.41,0.074
cap015-b4060-s28,cap015-b4060,28,8635392,0.44,0.074
cap015-b4060-s28,cap015-b4060,28,8666112,0.55,0.085
cap015-b4060-s28,cap015-b4060,28,8696832,0.43,0.085
cap015-b4060-s28,cap015-b4060,28,8727552,0.46,0.074
cap015-b4060-s28,cap015-b4060,28,8758272,0.49,0.074
cap015-b4060-s28,cap015-b4060,28,8788992,0.51,0.074
cap015-b4060-s28,cap015-b4060,28,8819712,0.54,0.074
cap015-b4060-s28,cap015-b4060,28,8850432,0.52,0.085
cap015-b4060-s28,cap015-b4060,28,8881152,0.61,0.069
cap015-b4060-s28,cap015-b4060,28,8911872,0.54,0.08
cap015-b4060-s28,cap015-b4060,28,8942592,0.51,0.08
cap015-b4060-s28,cap015-b4060,28,8973312,0.45,0.08
cap015-b4060-s28,cap015-b4060,28,9004032,0.47,0.08
cap015-b4060-s28,cap015-b4060,28,9034752,0.43,0.08
cap015-b4060-s28,cap015-b4060,28,9065472,0.57,0.091
cap015-b4060-s28,cap015-b4060,28,9096192,0.39,0.091
cap015-b4060-s28,cap015-b4060,28,9126912,0.55,0.069
cap015-b4060-s28,cap015-b4060,28,9157632,0.42,0.08
cap015-b4060-s28,cap015-b4060,28,9188352,0.53,0.08
cap015-b4060-s28,cap015-b4060,28,9219072,0.41,0.08
cap015-b4060-s28,cap015-b4060,28,9249792,0.49,0.08
cap015-b4060-s28,cap015-b4060,28,9280512,0.56,0.08
cap015-b4060-s28,cap015-b4060,28,9311232,0.48,0.097
cap015-b4060-s28,cap015-b4060,28,9341952,0.48,0.097
cap015-b4060-s28,cap015-b4060,28,9372672,0.47,0.086
cap015-b4060-s28,cap015-b4060,28,9403392,0.5,0.1
cap015-b4060-s28,cap015-b4060,28,9434112,0.46,0.1
cap015-b4060-s28,cap015-b4060,28,9464832,0.5,0.1
cap015-b4060-s28,cap015-b4060,28,9495552,0.56,0.088
cap015-b4060-s28,cap015-b4060,28,9526272,0.47,0.088
cap015-b4060-s28,cap015-b4060,28,9556992,0.52,0.088
cap015-b4060-s28,cap015-b4060,28,9587712,0.49,0.077
cap015-b4060-s28,cap015-b4060,28,9618432,0.55,0.077
cap015-b4060-s28,cap015-b4060,28,9649152,0.54,0.077
cap015-b4060-s28,cap015-b4060,28,9679872,0.55,0.077
cap015-b4060-s28,cap015-b4060,28,9710592,0.45,0.091
cap015-b4060-s28,cap015-b4060,28,9741312,0.51,0.102
cap015-b4060-s28,cap015-b4060,28,9772032,0.48,0.102
cap015-b4060-s28,cap015-b4060,28,9802752,0.49,0.102
cap015-b4060-s28,cap015-b4060,28,9833472,0.51,0.102
cap015-b4060-s28,cap015-b4060,28,9864192,0.37,0.102
cap015-b4060-s28,cap015-b4060,28,9894912,0.59,0.089
cap015-b4060-s28,cap015-b4060,28,9925632,0.42,0.089
cap015-b4060-s28,cap015-b4060,28,9956352,0.61,0.089
cap015-b4060-s28,cap015-b4060,28,9987072,0.54,0.088
cap015-b4060-s28,cap015-b4060,28,10017792,0.54,0.103
cap015-b4060-s28,cap015-b4060,28,10048512,0.48,0.103
cap015-b4060-s28,cap015-b4060,28,10079232,0.47,0.103
cap015-b4060-s28,cap015-b4060,28,10109952,0.61,0.103
cap015-b4060-s28,cap015-b4060,28,10140672,0.49,0.114
cap015-b4060-s28,cap015-b4060,28,10171392,0.47,0.114
cap015-b4060-s28,cap015-b4060,28,10202112,0.54,0.114
cap015-b4060-s28,cap015-b4060,28,10232832,0.49,0.114
cap015-b4060-s28,cap015-b4060,28,10263552,0.53,0.096
cap015-b4060-s28,cap015-b4060,28,10294272,0.49,0.096
cap015-b4060-s28,cap015-b4060,28,10324992,0.47,0.096
cap015-b4060-s28,cap015-b4060,28,10355712,0.56,0.096
cap015-b4060-s28,cap015-b4060,28,10386432,0.59,0.096
cap015-b4060-s28,cap015-b4060,28,10417152,0.56,0.096
cap015-b4060-s28,cap015-b4060,28,10447872,0.58,0.096
cap015-b4060-s28,cap015-b4060,28,10478592,0.46,0.096
cap015-b4060-s28,cap015-b4060,28,10509312,0.46,0.096
cap015-b4060-s28,cap015-b4060,28,10540032,0.48,0.096
cap015-b4060-s28,cap015-b4060,28,10570752,0.48,0.107
cap015-b4060-s28,cap015-b4060,28,10601472,0.5,0.107
cap015-b4060-s28,cap015-b4060,28,10632192,0.5,0.107
cap015-b4060-s28,cap015-b4060,28,10662912,0.45,0.107
cap015-b4060-s28,cap015-b4060,28,10693632,0.48,0.096
cap015-b4060-s28,cap015-b4060,28,10724352,0.56,0.107
cap015-b4060-s28,cap015-b4060,28,10755072,0.64,0.107
cap015-b4060-s28,cap015-b4060,28,10785792,0.47,0.109
cap015-b4060-s28,cap015-b4060,28,10816512,0.56,0.125
cap015-b4060-s28,cap015-b4060,28,10847232,0.53,0.125
cap015-b4060-s28,cap015-b4060,28,10877952,0.51,0.125
cap015-b4060-s28,cap015-b4060,28,10908672,0.57,0.125
cap015-b4060-s28,cap015-b4060,28,10939392,0.5,0.137
cap015-b4060-s28,cap015-b4060,28,10970112,0.46,0.137
cap015-b4060-s28,cap015-b4060,28,11000832,0.39,0.137
cap015-b4060-s28,cap015-b4060,28,11031552,0.56,0.126
cap015-b4060-s28,cap015-b4060,28,11062272,0.47,0.126
cap015-b4060-s28,cap015-b4060,28,11092992,0.53,0.111
cap015-b4060-s28,cap015-b4060,28,11123712,0.55,0.123
cap015-b4060-s28,cap015-b4060,28,11154432,0.46,0.123
cap015-b4060-s28,cap015-b4060,28,11185152,0.46,0.123
cap015-b4060-s28,cap015-b4060,28,11215872,0.53,0.123
cap015-b4060-s28,cap015-b4060,28,11246592,0.41,0.123
cap015-b4060-s28,cap015-b4060,28,11277312,0.47,0.123
cap015-b4060-s28,cap015-b4060,28,11308032,0.53,0.111
cap015-b4060-s28,cap015-b4060,28,11338752,0.5,0.133
cap015-b4060-s28,cap015-b4060,28,11369472,0.45,0.133
cap015-b4060-s28,cap015-b4060,28,11400192,0.5,0.119
cap015-b4060-s28,cap015-b4060,28,11430912,0.43,0.119
cap015-b4060-s28,cap015-b4060,28,11461632,0.51,0.119
cap015-b4060-s28,cap015-b4060,28,11492352,0.55,0.098
cap015-b4060-s28,cap015-b4060,28,11523072,0.6,0.098
cap015-b4060-s28,cap015-b4060,28,11553792,0.56,0.098
cap015-b4060-s28,cap015-b4060,28,11584512,0.58,0.098
cap015-b4060-s28,cap015-b4060,28,11615232,0.49,0.109
cap015-b4060-s28,cap015-b4060,28,11645952,0.5,0.109
cap015-b4060-s28,cap015-b4060,28,11676672,0.55,0.109
cap015-b4060-s28,cap015-b4060,28,11707392,0.55,0.109
cap015-b4060-s28,cap015-b4060,28,11738112,0.53,0.109
cap015-b4060-s28,cap015-b4060,28,11768832,0.55,0.109
cap015-b4060-s28,cap015-b4060,28,11799552,0.53,0.109
cap015-b4060-s28,cap015-b4060,28,11830272,0.49,0.109
cap015-b4060-s28,cap015-b4060,28,11860992,0.46,0.122
cap015-b4060-s28,cap015-b4060,28,11891712,0.59,0.122
cap015-b4060-s28,cap015-b4060,28,11922432,0.49,0.14
cap015-b4060-s28,cap015-b4060,28,11953152,0.48,0.14
cap015-b4060-s28,cap015-b4060,28,11983872,0.53,0.129
cap015-b4060-s28,cap015-b4060,28,12014592,0.49,0.126
cap015-b4060-s28,cap015-b4060,28,12045312,0.5,0.126
cap015-b4060-s28,cap015-b4060,28,12076032,0.45,0.137
cap015-b4060-s28,cap015-b4060,28,12106752,0.38,0.137
cap015-b4060-s28,cap015-b4060,28,12137472,0.5,0.137
cap015-b4060-s28,cap015-b4060,28,12168192,0.53,0.133
cap015-b4060-s28,cap015-b4060,28,12198912,0.57,0.133
cap015-b4060-s28,cap015-b4060,28,12229632,0.42,0.133
cap015-b4060-s28,cap015-b4060,28,12260352,0.49,0.133
cap015-b4060-s28,cap015-b4060,28,12291072,0.49,0.146
cap015-b4060-s28,cap015-b4060,28,12321792,0.51,0.134
cap015-b4060-s28,cap015-b4060,28,12352512,0.51,0.123
cap015-b4060-s28,cap015-b4060,28,12383232,0.53,0.135
cap015-b4060-s28,cap015-b4060,28,12413952,0.52,0.135
cap015-b4060-s28,cap015-b4060,28,12444672,0.5,0.135
cap015-b4060-s28,cap015-b4060,28,12475392,0.41,0.148
cap015-b4060-s28,cap015-b4060,28,12506112,0.47,0.148
cap015-b4060-s28,cap015-b4060,28,12536832,0.5,0.148
cap015-b4060-s28,cap015-b4060,28,12567552,0.49,0.133
cap015-b4060-s28,cap015-b4060,28,12598272,0.56,0.133
cap015-b4060-s28,cap015-b4060,28,12628992,0.44,0.133
cap015-b4060-s28,cap015-b4060,28,12659712,0.56,0.133
cap015-b4060-s28,cap015-b4060,28,12690432,0.45,0.133
cap015-b4060-s28,cap015-b4060,28,12721152,0.57,0.133
cap015-b4060-s28,cap015-b4060,28,12751872,0.51,0.133
cap015-b4060-s28,cap015-b4060,28,12782592,0.45,0.133
cap015-b4060-s28,cap015-b4060,28,12813312,0.52,0.122
cap015-b4060-s28,cap015-b4060,28,12844032,0.47,0.122
cap015-b4060-s28,cap015-b4060,28,12874752,0.57,0.122
cap015-b4060-s28,cap015-b4060,28,12905472,0.45,0.108
cap015-b4060-s28,cap015-b4060,28,12936192,0.51,0.119
cap015-b4060-s28,cap015-b4060,28,12966912,0.56,0.119
cap015-b4060-s28,cap015-b4060,28,12997632,0.51,0.13
cap015-b4060-s28,cap015-b4060,28,13028352,0.5,0.141
cap015-b4060-s28,cap015-b4060,28,13059072,0.39,0.141
cap015-b4060-s28,cap015-b4060,28,13089792,0.56,0.13
cap015-b4060-s28,cap015-b4060,28,13120512,0.66,0.13
cap015-b4060-s28,cap015-b4060,28,13151232,0.46,0.141
cap015-b4060-s28,cap015-b4060,28,13181952,0.43,0.128
cap015-b4060-s28,cap015-b4060,28,13212672,0.5,0.141
cap015-b4060-s28,cap015-b4060,28,13243392,0.52,0.127
cap015-b4060-s28,cap015-b4060,28,13274112,0.52,0.139
cap015-b4060-s28,cap015-b4060,28,13304832,0.49,0.139
cap015-b4060-s28,cap015-b4060,28,13335552,0.39,0.139
cap015-b4060-s28,cap015-b4060,28,13366272,0.52,0.128
cap015-b4060-s28,cap015-b4060,28,13396992,0.53,0.128
cap015-b4060-s28,cap015-b4060,28,13427712,0.38,0.128
cap015-b4060-s28,cap015-b4060,28,13458432,0.51,0.127
cap015-b4060-s28,cap015-b4060,28,13489152,0.44,0.127
cap015-b4060-s28,cap015-b4060,28,13519872,0.58,0.127
cap015-b4060-s28,cap015-b4060,28,13550592,0.57,0.127
cap015-b4060-s28,cap015-b4060,28,13581312,0.4,0.127
cap015-b4060-s28,cap015-b4060,28,13612032,0.66,0.138
cap015-b4060-s28,cap015-b4060,28,13642752,0.54,0.15
cap015-b4060-s28,cap015-b4060,28,13673472,0.52,0.136
cap015-b4060-s28,cap015-b4060,28,13704192,0.5,0.136
cap015-b4060-s28,cap015-b4060,28,13734912,0.43,0.136
cap015-b4060-s28,cap015-b4060,28,13765632,0.49,0.135
cap015-b4060-s28,cap015-b4060,28,13796352,0.49,0.135
cap015-b4060-s28,cap015-b4060,28,13827072,0.55,0.147
cap015-b4060-s28,cap015-b4060,28,13857792,0.6,0.136
cap015-b4060-s28,cap015-b4060,28,13888512,0.55,0.136
cap015-b4060-s28,cap015-b4060,28,13919232,0.5,0.136
cap015-b4060-s28,cap015-b4060,28,13949952,0.41,0.136
cap015-b4060-s28,cap015-b4060,28,13980672,0.52,0.15
cap015-b4060-s28,cap015-b4060,28,14011392,0.42,0.15
cap015-b4060-s28,cap015-b4060,28,14042112,0.57,0.138
cap015-b4060-s28,cap015-b4060,28,14072832,0.56,0.14
cap015-b4060-s28,cap015-b4060,28,14103552,0.46,0.15
cap015-b4060-s28,cap015-b4060,28,14134272,0.46,0.15
cap015-b4060-s28,cap015-b4060,28,14164992,0.56,0.137
cap015-b4060-s28,cap015-b4060,28,14195712,0.41,0.15
cap015-b4060-s28,cap015-b4060,28,14226432,0.48,0.15
cap015-b4060-s28,cap015-b4060,28,14257152,0.46,0.139
cap015-b4060-s28,cap015-b4060,28,14287872,0.49,0.15
cap015-b4060-s28,cap015-b4060,28,14318592,0.52,0.15
cap015-b4060-s28,cap015-b4060,28,14349312,0.54,0.15
cap015-b4060-s28,cap015-b4060,28,14380032,0.52,0.15
cap015-b4060-s28,cap015-b4060,28,14410752,0.49,0.15
cap015-b4060-s28,cap015-b4060,28,14441472,0.49,0.15
cap015-b4060-s28,cap015-b4060,28,14472192,0.53,0.15
cap015-b4060-s28,cap015-b4060,28,14502912,0.53,0.15
cap015-b4060-s28,cap015-b4060,28,14533632,0.63,0.137
cap015-b4060-s28,cap015-b4060,28,14564352,0.56,0.15
cap015-b4060-s28,cap015-b4060,28,14595072,0.46,0.15
cap015-b4060-s28,cap015-b4060,28,14625792,0.53,0.15
cap015-b4060-s28,cap015-b4060,28,14656512,0.5,0.15
cap015-b4060-s28,cap015-b4060,28,14687232,0.51,0.15
cap015-b4060-s28,cap015-b4060,28,14717952,0.56,0.15
cap015-b4060-s28,cap015-b4060,28,14748672,0.53,0.15
cap015-b4060-s28,cap015-b4060,28,14779392,0.51,0.15
cap015-b4060-s28,cap015-b4060,28,14810112,0.52,0.15
cap015-b4060-s28,cap015-b4060,28,14840832,0.52,0.15
cap015-b4060-s28,cap015-b4060,28,14871552,0.43,0.15
cap015-b4060-s28,cap015-b4060,28,14902272,0.51,0.15
cap015-b4060-s28,cap015-b4060,28,14932992,0.55,0.15
cap015-b4060-s28,cap015-b4060,28,14963712,0.5,0.15
cap015-b4060-s28,cap015-b4060,28,14994432,0.52,0.15
cap015-b4060-s28,cap015-b4060,28,14997504,0.44,0.15
cap015-b4060-s29,cap015-b4060,29,4918272,0.68,-1.0
cap015-b4060-s29,cap015-b4060,29,4948992,0.61,-0.855
cap015-b4060-s29,cap015-b4060,29,4979712,0.64,-0.753
cap015-b4060-s29,cap015-b4060,29,5010432,0.52,-0.683
cap015-b4060-s29,cap015-b4060,29,5041152,0.57,-0.628
cap015-b4060-s29,cap015-b4060,29,5071872,0.54,-0.594
cap015-b4060-s29,cap015-b4060,29,5102592,0.61,-0.562
cap015-b4060-s29,cap015-b4060,29,5133312,0.66,-0.536
cap015-b4060-s29,cap015-b4060,29,5164032,0.47,-0.482
cap015-b4060-s29,cap015-b4060,29,5194752,0.55,-0.463
cap015-b4060-s29,cap015-b4060,29,5225472,0.51,-0.414
cap015-b4060-s29,cap015-b4060,29,5256192,0.57,-0.414
cap015-b4060-s29,cap015-b4060,29,5286912,0.55,-0.386
cap015-b4060-s29,cap015-b4060,29,5317632,0.54,-0.362
cap015-b4060-s29,cap015-b4060,29,5348352,0.58,-0.333
cap015-b4060-s29,cap015-b4060,29,5379072,0.54,-0.316
cap015-b4060-s29,cap015-b4060,29,5409792,0.53,-0.304
cap015-b4060-s29,cap015-b4060,29,5440512,0.51,-0.291
cap015-b4060-s29,cap015-b4060,29,5471232,0.57,-0.291
cap015-b4060-s29,cap015-b4060,29,5501952,0.54,-0.263
cap015-b4060-s29,cap015-b4060,29,5532672,0.58,-0.238
cap015-b4060-s29,cap015-b4060,29,5563392,0.67,-0.224
cap015-b4060-s29,cap015-b4060,29,5594112,0.55,-0.182
cap015-b4060-s29,cap015-b4060,29,5624832,0.54,-0.182
cap015-b4060-s29,cap015-b4060,29,5655552,0.6,-0.157
cap015-b4060-s29,cap015-b4060,29,5686272,0.52,-0.106
cap015-b4060-s29,cap015-b4060,29,5716992,0.49,-0.083
cap015-b4060-s29,cap015-b4060,29,5747712,0.6,-0.032
cap015-b4060-s29,cap015-b4060,29,5778432,0.57,0.007
cap015-b4060-s29,cap015-b4060,29,5809152,0.49,0.007
cap015-b4060-s29,cap015-b4060,29,5839872,0.48,0.019
cap015-b4060-s29,cap015-b4060,29,5870592,0.53,0.019
cap015-b4060-s29,cap015-b4060,29,5901312,0.42,0.019
cap015-b4060-s29,cap015-b4060,29,5932032,0.58,0.007
cap015-b4060-s29,cap015-b4060,29,5962752,0.54,0.007
cap015-b4060-s29,cap015-b4060,29,5993472,0.55,0.007
cap015-b4060-s29,cap015-b4060,29,6024192,0.47,0.029
cap015-b4060-s29,cap015-b4060,29,6054912,0.57,0.029
cap015-b4060-s29,cap015-b4060,29,6085632,0.6,0.029
cap015-b4060-s29,cap015-b4060,29,6116352,0.45,0.029
cap015-b4060-s29,cap015-b4060,29,6147072,0.5,0.029
cap015-b4060-s29,cap015-b4060,29,6177792,0.49,0.029
cap015-b4060-s29,cap015-b4060,29,6208512,0.57,0.029
cap015-b4060-s29,cap015-b4060,29,6239232,0.48,0.03
cap015-b4060-s29,cap015-b4060,29,6269952,0.48,0.03
cap015-b4060-s29,cap015-b4060,29,6300672,0.37,0.03
cap015-b4060-s29,cap015-b4060,29,6331392,0.49,0.029
cap015-b4060-s29,cap015-b4060,29,6362112,0.48,0.052
cap015-b4060-s29,cap015-b4060,29,6392832,0.5,0.052
cap015-b4060-s29,cap015-b4060,29,6423552,0.44,0.052
cap015-b4060-s29,cap015-b4060,29,6454272,0.48,0.041
cap015-b4060-s29,cap015-b4060,29,6484992,0.51,0.028
cap015-b4060-s29,cap015-b4060,29,6515712,0.48,0.028
cap015-b4060-s29,cap015-b4060,29,6546432,0.64,0.028
cap015-b4060-s29,cap015-b4060,29,6577152,0.48,0.042
cap015-b4060-s29,cap015-b4060,29,6607872,0.46,0.042
cap015-b4060-s29,cap015-b4060,29,6638592,0.57,0.042
cap015-b4060-s29,cap015-b4060,29,6669312,0.5,0.042
cap015-b4060-s29,cap015-b4060,29,6700032,0.39,0.042
cap015-b4060-s29,cap015-b4060,29,6730752,0.53,0.031
cap015-b4060-s29,cap015-b4060,29,6761472,0.46,0.042
cap015-b4060-s29,cap015-b4060,29,6792192,0.52,0.042
cap015-b4060-s29,cap015-b4060,29,6822912,0.44,0.042
cap015-b4060-s29,cap015-b4060,29,6853632,0.54,0.042
cap015-b4060-s29,cap015-b4060,29,6884352,0.52,0.042
cap015-b4060-s29,cap015-b4060,29,6915072,0.57,0.042
cap015-b4060-s29,cap015-b4060,29,6945792,0.6,0.042
cap015-b4060-s29,cap015-b4060,29,6976512,0.45,0.042
cap015-b4060-s29,cap015-b4060,29,7007232,0.5,0.042
cap015-b4060-s29,cap015-b4060,29,7037952,0.56,0.042
cap015-b4060-s29,cap015-b4060,29,7068672,0.48,0.042
cap015-b4060-s29,cap015-b4060,29,7099392,0.49,0.042
cap015-b4060-s29,cap015-b4060,29,7130112,0.54,0.053
cap015-b4060-s29,cap015-b4060,29,7160832,0.45,0.066
cap015-b4060-s29,cap015-b4060,29,7191552,0.4,0.055
cap015-b4060-s29,cap015-b4060,29,7222272,0.52,0.043
cap015-b4060-s29,cap015-b4060,29,7252992,0.46,0.054
cap015-b4060-s29,cap015-b4060,29,7283712,0.42,0.054
cap015-b4060-s29,cap015-b4060,29,7314432,0.54,0.032
cap015-b4060-s29,cap015-b4060,29,7345152,0.5,0.043
cap015-b4060-s29,cap015-b4060,29,7375872,0.55,0.041
cap015-b4060-s29,cap015-b4060,29,7406592,0.53,0.053
cap015-b4060-s29,cap015-b4060,29,7437312,0.52,0.064
cap015-b4060-s29,cap015-b4060,29,7468032,0.5,0.064
cap015-b4060-s29,cap015-b4060,29,7498752,0.53,0.051
cap015-b4060-s29,cap015-b4060,29,7529472,0.54,0.051
cap015-b4060-s29,cap015-b4060,29,7560192,0.45,0.051
cap015-b4060-s29,cap015-b4060,29,7590912,0.45,0.051
cap015-b4060-s29,cap015-b4060,29,7621632,0.53,0.051
cap015-b4060-s29,cap015-b4060,29,7652352,0.53,0.051
cap015-b4060-s29,cap015-b4060,29,7683072,0.42,0.051
cap015-b4060-s29,cap015-b4060,29,7713792,0.53,0.051
cap015-b4060-s29,cap015-b4060,29,7744512,0.46,0.051
cap015-b4060-s29,cap015-b4060,29,7775232,0.5,0.051
cap015-b4060-s29,cap015-b4060,29,7805952,0.44,0.051
cap015-b4060-s29,cap015-b4060,29,7836672,0.53,0.051
cap015-b4060-s29,cap015-b4060,29,7867392,0.55,0.04
cap015-b4060-s29,cap015-b4060,29,7898112,0.52,0.04
cap015-b4060-s29,cap015-b4060,29,7928832,0.53,0.04
cap015-b4060-s29,cap015-b4060,29,7959552,0.6,0.04
cap015-b4060-s29,cap015-b4060,29,7990272,0.55,0.053
cap015-b4060-s29,cap015-b4060,29,8020992,0.63,0.053
cap015-b4060-s29,cap015-b4060,29,8051712,0.45,0.066
cap015-b4060-s29,cap015-b4060,29,8082432,0.34,0.079
cap015-b4060-s29,cap015-b4060,29,8113152,0.37,0.063
cap015-b4060-s29,cap015-b4060,29,8143872,0.51,0.064
cap015-b4060-s29,cap015-b4060,29,8174592,0.51,0.064
cap015-b4060-s29,cap015-b4060,29,8205312,0.51,0.064
cap015-b4060-s29,cap015-b4060,29,8236032,0.57,0.051
cap015-b4060-s29,cap015-b4060,29,8266752,0.48,0.051
cap015-b4060-s29,cap015-b4060,29,8297472,0.53,0.051
cap015-b4060-s29,cap015-b4060,29,8328192,0.61,0.062
cap015-b4060-s29,cap015-b4060,29,8358912,0.51,0.073
cap015-b4060-s29,cap015-b4060,29,8389632,0.6,0.062
cap015-b4060-s29,cap015-b4060,29,8420352,0.46,0.062
cap015-b4060-s29,cap015-b4060,29,8451072,0.44,0.075
cap015-b4060-s29,cap015-b4060,29,8481792,0.49,0.075
cap015-b4060-s29,cap015-b4060,29,8512512,0.51,0.075
cap015-b4060-s29,cap015-b4060,29,8543232,0.49,0.075
cap015-b4060-s29,cap015-b4060,29,8573952,0.44,0.075
cap015-b4060-s29,cap015-b4060,29,8604672,0.59,0.075
cap015-b4060-s29,cap015-b4060,29,8635392,0.44,0.075
cap015-b4060-s29,cap015-b4060,29,8666112,0.54,0.073
cap015-b4060-s29,cap015-b4060,29,8696832,0.51,0.073
cap015-b4060-s29,cap015-b4060,29,8727552,0.5,0.062
cap015-b4060-s29,cap015-b4060,29,8758272,0.51,0.062
cap015-b4060-s29,cap015-b4060,29,8788992,0.45,0.08
cap015-b4060-s29,cap015-b4060,29,8819712,0.52,0.067
cap015-b4060-s29,cap015-b4060,29,8850432,0.57,0.067
cap015-b4060-s29,cap015-b4060,29,8881152,0.41,0.067
cap015-b4060-s29,cap015-b4060,29,8911872,0.5,0.078
cap015-b4060-s29,cap015-b4060,29,8942592,0.55,0.079
cap015-b4060-s29,cap015-b4060,29,8973312,0.5,0.079
cap015-b4060-s29,cap015-b4060,29,9004032,0.45,0.092
cap015-b4060-s29,cap015-b4060,29,9034752,0.52,0.092
cap015-b4060-s29,cap015-b4060,29,9065472,0.46,0.087
cap015-b4060-s29,cap015-b4060,29,9096192,0.49,0.087
cap015-b4060-s29,cap015-b4060,29,9126912,0.45,0.087
cap015-b4060-s29,cap015-b4060,29,9157632,0.58,0.075
cap015-b4060-s29,cap015-b4060,29,9188352,0.51,0.075
cap015-b4060-s29,cap015-b4060,29,9219072,0.46,0.075
cap015-b4060-s29,cap015-b4060,29,9249792,0.49,0.075
cap015-b4060-s29,cap015-b4060,29,9280512,0.57,0.075
cap015-b4060-s29,cap015-b4060,29,9311232,0.44,0.086
cap015-b4060-s29,cap015-b4060,29,9341952,0.47,0.086
cap015-b4060-s29,cap015-b4060,29,9372672,0.52,0.086
cap015-b4060-s29,cap015-b4060,29,9403392,0.5,0.073
cap015-b4060-s29,cap015-b4060,29,9434112,0.53,0.073
cap015-b4060-s29,cap015-b4060,29,9464832,0.54,0.073
cap015-b4060-s29,cap015-b4060,29,9495552,0.49,0.073
cap015-b4060-s29,cap015-b4060,29,9526272,0.5,0.073
cap015-b4060-s29,cap015-b4060,29,9556992,0.48,0.085
cap015-b4060-s29,cap015-b4060,29,9587712,0.51,0.085
cap015-b4060-s29,cap015-b4060,29,9618432,0.46,0.074
cap015-b4060-s29,cap015-b4060,29,9649152,0.55,0.063
cap015-b4060-s29,cap015-b4060,29,9679872,0.59,0.074
cap015-b4060-s29,cap015-b4060,29,9710592,0.48,0.086
cap015-b4060-s29,cap015-b4060,29,9741312,0.48,0.086
cap015-b4060-s29,cap015-b4060,29,9772032,0.5,0.086
cap015-b4060-s29,cap015-b4060,29,9802752,0.44,0.098
cap015-b4060-s29,cap015-b4060,29,9833472,0.47,0.109
cap015-b4060-s29,cap015-b4060,29,9864192,0.45,0.109
cap015-b4060-s29,cap015-b4060,29,9894912,0.5,0.109
cap015-b4060-s29,cap015-b4060,29,9925632,0.41,0.109
cap015-b4060-s29,cap015-b4060,29,9956352,0.5,0.109
cap015-b4060-s29,cap015-b4060,29,9987072,0.49,0.083
cap015-b4060-s29,cap015-b4060,29,10017792,0.41,0.083
cap015-b4060-s29,cap015-b4060,29,10048512,0.52,0.083
cap015-b4060-s29,cap015-b4060,29,10079232,0.56,0.083
cap015-b4060-s29,cap015-b4060,29,10109952,0.49,0.083
cap015-b4060-s29,cap015-b4060,29,10140672,0.59,0.083
cap015-b4060-s29,cap015-b4060,29,10171392,0.52,0.083
cap015-b4060-s29,cap015-b4060,29,10202112,0.55,0.083
cap015-b4060-s29,cap015-b4060,29,10232832,0.53,0.07
cap015-b4060-s29,cap015-b4060,29,10263552,0.53,0.07
cap015-b4060-s29,cap015-b4060,29,10294272,0.46,0.081
cap015-b4060-s29,cap015-b4060,29,10324992,0.45,0.094
cap015-b4060-s29,cap015-b4060,29,10355712,0.45,0.094
cap015-b4060-s29,cap015-b4060,29,10386432,0.55,0.094
cap015-b4060-s29,cap015-b4060,29,10417152,0.47,0.083
cap015-b4060-s29,cap015-b4060,29,10447872,0.44,0.094
cap015-b4060-s29,cap015-b4060,29,10478592,0.57,0.08
cap015-b4060-s29,cap015-b4060,29,10509312,0.5,0.092
cap015-b4060-s29,cap015-b4060,29,10540032,0.56,0.092
cap015-b4060-s29,cap015-b4060,29,10570752,0.51,0.092
cap015-b4060-s29,cap015-b4060,29,10601472,0.51,0.092
cap015-b4060-s29,cap015-b4060,29,10632192,0.61,0.092
cap015-b4060-s29,cap015-b4060,29,10662912,0.48,0.103
cap015-b4060-s29,cap015-b4060,29,10693632,0.41,0.103
cap015-b4060-s29,cap015-b4060,29,10724352,0.48,0.103
cap015-b4060-s29,cap015-b4060,29,10755072,0.45,0.103
cap015-b4060-s29,cap015-b4060,29,10785792,0.55,0.091
cap015-b4060-s29,cap015-b4060,29,10816512,0.54,0.091
cap015-b4060-s29,cap015-b4060,29,10847232,0.49,0.104
cap015-b4060-s29,cap015-b4060,29,10877952,0.53,0.104
cap015-b4060-s29,cap015-b4060,29,10908672,0.45,0.104
cap015-b4060-s29,cap015-b4060,29,10939392,0.46,0.104
cap015-b4060-s29,cap015-b4060,29,10970112,0.5,0.104
cap015-b4060-s29,cap015-b4060,29,11000832,0.48,0.104
cap015-b4060-s29,cap015-b4060,29,11031552,0.51,0.104
cap015-b4060-s29,cap015-b4060,29,11062272,0.5,0.092
cap015-b4060-s29,cap015-b4060,29,11092992,0.49,0.092
cap015-b4060-s29,cap015-b4060,29,11123712,0.45,0.105
cap015-b4060-s29,cap015-b4060,29,11154432,0.51,0.094
cap015-b4060-s29,cap015-b4060,29,11185152,0.49,0.094
cap015-b4060-s29,cap015-b4060,29,11215872,0.49,0.094
cap015-b4060-s29,cap015-b4060,29,11246592,0.46,0.094
cap015-b4060-s29,cap015-b4060,29,11277312,0.51,0.094
cap015-b4060-s29,cap015-b4060,29,11308032,0.55,0.094
cap015-b4060-s29,cap015-b4060,29,11338752,0.49,0.094
cap015-b4060-s29,cap015-b4060,29,11369472,0.46,0.094
cap015-b4060-s29,cap015-b4060,29,11400192,0.56,0.106
cap015-b4060-s29,cap015-b4060,29,11430912,0.47,0.106
cap015-b4060-s29,cap015-b4060,29,11461632,0.51,0.106
cap015-b4060-s29,cap015-b4060,29,11492352,0.49,0.106
cap015-b4060-s29,cap015-b4060,29,11523072,0.48,0.106
cap015-b4060-s29,cap015-b4060,29,11553792,0.53,0.106
cap015-b4060-s29,cap015-b4060,29,11584512,0.49,0.122
cap015-b4060-s29,cap015-b4060,29,11615232,0.5,0.11
cap015-b4060-s29,cap015-b4060,29,11645952,0.45,0.122
cap015-b4060-s29,cap015-b4060,29,11676672,0.46,0.122
cap015-b4060-s29,cap015-b4060,29,11707392,0.39,0.133
cap015-b4060-s29,cap015-b4060,29,11738112,0.5,0.122
cap015-b4060-s29,cap015-b4060,29,11768832,0.54,0.122
cap015-b4060-s29,cap015-b4060,29,11799552,0.49,0.122
cap015-b4060-s29,cap015-b4060,29,11830272,0.51,0.108
cap015-b4060-s29,cap015-b4060,29,11860992,0.53,0.119
cap015-b4060-s29,cap015-b4060,29,11891712,0.51,0.119
cap015-b4060-s29,cap015-b4060,29,11922432,0.52,0.119
cap015-b4060-s29,cap015-b4060,29,11953152,0.51,0.119
cap015-b4060-s29,cap015-b4060,29,11983872,0.52,0.119
cap015-b4060-s29,cap015-b4060,29,12014592,0.59,0.104
cap015-b4060-s29,cap015-b4060,29,12045312,0.59,0.104
cap015-b4060-s29,cap015-b4060,29,12076032,0.49,0.104
cap015-b4060-s29,cap015-b4060,29,12106752,0.59,0.104
cap015-b4060-s29,cap015-b4060,29,12137472,0.53,0.104
cap015-b4060-s29,cap015-b4060,29,12168192,0.44,0.116
cap015-b4060-s29,cap015-b4060,29,12198912,0.56,0.116
cap015-b4060-s29,cap015-b4060,29,12229632,0.55,0.116
cap015-b4060-s29,cap015-b4060,29,12260352,0.43,0.13
cap015-b4060-s29,cap015-b4060,29,12291072,0.54,0.117
cap015-b4060-s29,cap015-b4060,29,12321792,0.5,0.128
cap015-b4060-s29,cap015-b4060,29,12352512,0.54,0.139
cap015-b4060-s29,cap015-b4060,29,12383232,0.53,0.139
cap015-b4060-s29,cap015-b4060,29,12413952,0.52,0.139
cap015-b4060-s29,cap015-b4060,29,12444672,0.47,0.139
cap015-b4060-s29,cap015-b4060,29,12475392,0.49,0.139
cap015-b4060-s29,cap015-b4060,29,12506112,0.51,0.125
cap015-b4060-s29,cap015-b4060,29,12536832,0.44,0.136
cap015-b4060-s29,cap015-b4060,29,12567552,0.45,0.136
cap015-b4060-s29,cap015-b4060,29,12598272,0.46,0.123
cap015-b4060-s29,cap015-b4060,29,12628992,0.46,0.125
cap015-b4060-s29,cap015-b4060,29,12659712,0.42,0.125
cap015-b4060-s29,cap015-b4060,29,12690432,0.54,0.125
cap015-b4060-s29,cap015-b4060,29,12721152,0.51,0.136
cap015-b4060-s29,cap015-b4060,29,12751872,0.57,0.136
cap015-b4060-s29,cap015-b4060,29,12782592,0.42,0.136
cap015-b4060-s29,cap015-b4060,29,12813312,0.49,0.136
cap015-b4060-s29,cap015-b4060,29,12844032,0.55,0.136
cap015-b4060-s29,cap015-b4060,29,12874752,0.45,0.136
cap015-b4060-s29,cap015-b4060,29,12905472,0.56,0.136
cap015-b4060-s29,cap015-b4060,29,12936192,0.48,0.136
cap015-b4060-s29,cap015-b4060,29,12966912,0.48,0.125
cap015-b4060-s29,cap015-b4060,29,12997632,0.56,0.125
cap015-b4060-s29,cap015-b4060,29,13028352,0.49,0.125
cap015-b4060-s29,cap015-b4060,29,13059072,0.54,0.113
cap015-b4060-s29,cap015-b4060,29,13089792,0.47,0.126
cap015-b4060-s29,cap015-b4060,29,13120512,0.53,0.139
cap015-b4060-s29,cap015-b4060,29,13151232,0.5,0.139
cap015-b4060-s29,cap015-b4060,29,13181952,0.47,0.139
cap015-b4060-s29,cap015-b4060,29,13212672,0.49,0.126
cap015-b4060-s29,cap015-b4060,29,13243392,0.51,0.126
cap015-b4060-s29,cap015-b4060,29,13274112,0.46,0.126
cap015-b4060-s29,cap015-b4060,29,13304832,0.56,0.141
cap015-b4060-s29,cap015-b4060,29,13335552,0.53,0.13
cap015-b4060-s29,cap015-b4060,29,13366272,0.46,0.143
cap015-b4060-s29,cap015-b4060,29,13396992,0.48,0.145
cap015-b4060-s29,cap015-b4060,29,13427712,0.5,0.145
cap015-b4060-s29,cap015-b4060,29,13458432,0.54,0.145
cap015-b4060-s29,cap015-b4060,29,13489152,0.4,0.131
cap015-b4060-s29,cap015-b4060,29,13519872,0.49,0.128
cap015-b4060-s29,cap015-b4060,29,13550592,0.58,0.128
cap015-b4060-s29,cap015-b4060,29,13581312,0.54,0.14
cap015-b4060-s29,cap015-b4060,29,13612032,0.62,0.136
cap015-b4060-s29,cap015-b4060,29,13642752,0.62,0.137
cap015-b4060-s29,cap015-b4060,29,13673472,0.49,0.149
cap015-b4060-s29,cap015-b4060,29,13704192,0.56,0.149
cap015-b4060-s29,cap015-b4060,29,13734912,0.57,0.15
cap015-b4060-s29,cap015-b4060,29,13765632,0.54,0.15
cap015-b4060-s29,cap015-b4060,29,13796352,0.46,0.138
cap015-b4060-s29,cap015-b4060,29,13827072,0.53,0.138
cap015-b4060-s29,cap015-b4060,29,13857792,0.58,0.138
cap015-b4060-s29,cap015-b4060,29,13888512,0.46,0.138
cap015-b4060-s29,cap015-b4060,29,13919232,0.5,0.15
cap015-b4060-s29,cap015-b4060,29,13949952,0.5,0.15
cap015-b4060-s29,cap015-b4060,29,13980672,0.6,0.15
cap015-b4060-s29,cap015-b4060,29,14011392,0.45,0.15
cap015-b4060-s29,cap015-b4060,29,14042112,0.46,0.15
cap015-b4060-s29,cap015-b4060,29,14072832,0.47,0.15
cap015-b4060-s29,cap015-b4060,29,14103552,0.45,0.15
cap015-b4060-s29,cap015-b4060,29,14134272,0.5,0.15
cap015-b4060-s29,cap015-b4060,29,14164992,0.54,0.15
cap015-b4060-s29,cap015-b4060,29,14195712,0.51,0.15
cap015-b4060-s29,cap015-b4060,29,14226432,0.42,0.15
cap015-b4060-s29,cap015-b4060,29,14257152,0.51,0.15
cap015-b4060-s29,cap015-b4060,29,14287872,0.5,0.15
cap015-b4060-s29,cap015-b4060,29,14318592,0.43,0.15
cap015-b4060-s29,cap015-b4060,29,14349312,0.52,0.15
cap015-b4060-s29,cap015-b4060,29,14380032,0.6,0.15
cap015-b4060-s29,cap015-b4060,29,14410752,0.52,0.15
cap015-b4060-s29,cap015-b4060,29,14441472,0.59,0.15
cap015-b4060-s29,cap015-b4060,29,14472192,0.57,0.15
cap015-b4060-s29,cap015-b4060,29,14502912,0.49,0.15
cap015-b4060-s29,cap015-b4060,29,14533632,0.54,0.15
cap015-b4060-s29,cap015-b4060,29,14564352,0.52,0.15
cap015-b4060-s29,cap015-b4060,29,14595072,0.55,0.15
cap015-b4060-s29,cap015-b4060,29,14625792,0.38,0.15
cap015-b4060-s29,cap015-b4060,29,14656512,0.54,0.15
cap015-b4060-s29,cap015-b4060,29,14687232,0.56,0.15
cap015-b4060-s29,cap015-b4060,29,14717952,0.52,0.15
cap015-b4060-s29,cap015-b4060,29,14748672,0.54,0.15
cap015-b4060-s29,cap015-b4060,29,14779392,0.51,0.15
cap015-b4060-s29,cap015-b4060,29,14810112,0.54,0.15
cap015-b4060-s29,cap015-b4060,29,14840832,0.55,0.15
cap015-b4060-s29,cap015-b4060,29,14871552,0.53,0.15
cap015-b4060-s29,cap015-b4060,29,14902272,0.5,0.15
cap015-b4060-s29,cap015-b4060,29,14932992,0.59,0.15
cap015-b4060-s29,cap015-b4060,29,14963712,0.51,0.15
cap015-b4060-s29,cap015-b4060,29,14994432,0.45,0.15
cap015-b4060-s29,cap015-b4060,29,14997504,0.56,0.15
cap000-b4060-s27,cap000-b4060,27,4457472,0.7,-1.0
cap000-b4060-s27,cap000-b4060,27,4488192,0.58,-0.874
cap000-b4060-s27,cap000-b4060,27,4518912,0.56,-0.804
cap000-b4060-s27,cap000-b4060,27,4549632,0.58,-0.753
cap000-b4060-s27,cap000-b4060,27,4580352,0.49,-0.713
cap000-b4060-s27,cap000-b4060,27,4611072,0.54,-0.668
cap000-b4060-s27,cap000-b4060,27,4641792,0.57,-0.656
cap000-b4060-s27,cap000-b4060,27,4672512,0.51,-0.644
cap000-b4060-s27,cap000-b4060,27,4703232,0.63,-0.644
cap000-b4060-s27,cap000-b4060,27,4733952,0.6,-0.603
cap000-b4060-s27,cap000-b4060,27,4764672,0.51,-0.591
cap000-b4060-s27,cap000-b4060,27,4795392,0.56,-0.578
cap000-b4060-s27,cap000-b4060,27,4826112,0.57,-0.55
cap000-b4060-s27,cap000-b4060,27,4856832,0.53,-0.5
cap000-b4060-s27,cap000-b4060,27,4887552,0.53,-0.5
cap000-b4060-s27,cap000-b4060,27,4918272,0.61,-0.488
cap000-b4060-s27,cap000-b4060,27,4948992,0.56,-0.438
cap000-b4060-s27,cap000-b4060,27,4979712,0.52,-0.408
cap000-b4060-s27,cap000-b4060,27,5010432,0.5,-0.392
cap000-b4060-s27,cap000-b4060,27,5041152,0.53,-0.351
cap000-b4060-s27,cap000-b4060,27,5071872,0.61,-0.327
cap000-b4060-s27,cap000-b4060,27,5102592,0.51,-0.316
cap000-b4060-s27,cap000-b4060,27,5133312,0.45,-0.281
cap000-b4060-s27,cap000-b4060,27,5164032,0.64,-0.266
cap000-b4060-s27,cap000-b4060,27,5194752,0.57,-0.252
cap000-b4060-s27,cap000-b4060,27,5225472,0.57,-0.209
cap000-b4060-s27,cap000-b4060,27,5256192,0.55,-0.197
cap000-b4060-s27,cap000-b4060,27,5286912,0.64,-0.172
cap000-b4060-s27,cap000-b4060,27,5317632,0.44,-0.158
cap000-b4060-s27,cap000-b4060,27,5348352,0.52,-0.158
cap000-b4060-s27,cap000-b4060,27,5379072,0.52,-0.144
cap000-b4060-s27,cap000-b4060,27,5409792,0.55,-0.12
cap000-b4060-s27,cap000-b4060,27,5440512,0.59,-0.06
cap000-b4060-s27,cap000-b4060,27,5471232,0.48,-0.021
cap000-b4060-s27,cap000-b4060,27,5501952,0.55,0.0
cap000-b4060-s27,cap000-b4060,27,5532672,0.64,0.0
cap000-b4060-s27,cap000-b4060,27,5563392,0.61,0.0
cap000-b4060-s27,cap000-b4060,27,5594112,0.6,0.0
cap000-b4060-s27,cap000-b4060,27,5624832,0.6,0.0
cap000-b4060-s27,cap000-b4060,27,5655552,0.6,0.0
cap000-b4060-s27,cap000-b4060,27,5686272,0.52,0.0
cap000-b4060-s27,cap000-b4060,27,5716992,0.64,0.0
cap000-b4060-s27,cap000-b4060,27,5747712,0.58,0.0
cap000-b4060-s27,cap000-b4060,27,5778432,0.66,0.0
cap000-b4060-s27,cap000-b4060,27,5809152,0.56,0.0
cap000-b4060-s27,cap000-b4060,27,5839872,0.6,0.0
cap000-b4060-s27,cap000-b4060,27,5870592,0.67,0.0
cap000-b4060-s27,cap000-b4060,27,5901312,0.63,0.0
cap000-b4060-s27,cap000-b4060,27,5932032,0.61,0.0
cap000-b4060-s27,cap000-b4060,27,5962752,0.61,0.0
cap000-b4060-s27,cap000-b4060,27,5993472,0.61,0.0
cap000-b4060-s27,cap000-b4060,27,6024192,0.64,0.0
cap000-b4060-s27,cap000-b4060,27,6054912,0.72,0.0
cap000-b4060-s27,cap000-b4060,27,6085632,0.64,0.0
cap000-b4060-s27,cap000-b4060,27,6116352,0.54,0.0
cap000-b4060-s27,cap000-b4060,27,6147072,0.57,0.0
cap000-b4060-s27,cap000-b4060,27,6177792,0.61,0.0
cap000-b4060-s27,cap000-b4060,27,6208512,0.62,0.0
cap000-b4060-s27,cap000-b4060,27,6239232,0.59,0.0
cap000-b4060-s27,cap000-b4060,27,6269952,0.66,0.0
cap000-b4060-s27,cap000-b4060,27,6300672,0.72,0.0
cap000-b4060-s27,cap000-b4060,27,6331392,0.69,0.0
cap000-b4060-s27,cap000-b4060,27,6362112,0.56,0.0
cap000-b4060-s27,cap000-b4060,27,6392832,0.65,0.0
cap000-b4060-s27,cap000-b4060,27,6423552,0.69,0.0
cap000-b4060-s27,cap000-b4060,27,6454272,0.65,0.0
cap000-b4060-s27,cap000-b4060,27,6484992,0.67,0.0
cap000-b4060-s27,cap000-b4060,27,6515712,0.7,0.0
cap000-b4060-s27,cap000-b4060,27,6546432,0.69,0.0
cap000-b4060-s27,cap000-b4060,27,6577152,0.71,0.0
cap000-b4060-s27,cap000-b4060,27,6607872,0.65,0.0
cap000-b4060-s27,cap000-b4060,27,6638592,0.69,0.0
cap000-b4060-s27,cap000-b4060,27,6669312,0.72,0.0
cap000-b4060-s27,cap000-b4060,27,6700032,0.72,0.0
cap000-b4060-s27,cap000-b4060,27,6730752,0.69,0.0
cap000-b4060-s27,cap000-b4060,27,6761472,0.68,0.0
cap000-b4060-s27,cap000-b4060,27,6792192,0.68,0.0
cap000-b4060-s27,cap000-b4060,27,6822912,0.65,0.0
cap000-b4060-s27,cap000-b4060,27,6853632,0.68,0.0
cap000-b4060-s27,cap000-b4060,27,6884352,0.72,0.0
cap000-b4060-s27,cap000-b4060,27,6915072,0.76,0.0
cap000-b4060-s27,cap000-b4060,27,6945792,0.75,0.0
cap000-b4060-s27,cap000-b4060,27,6976512,0.69,0.0
cap000-b4060-s27,cap000-b4060,27,7007232,0.73,0.0
cap000-b4060-s27,cap000-b4060,27,7037952,0.68,0.0
cap000-b4060-s27,cap000-b4060,27,7068672,0.59,0.0
cap000-b4060-s27,cap000-b4060,27,7099392,0.71,0.0
cap000-b4060-s27,cap000-b4060,27,7130112,0.65,0.0
cap000-b4060-s27,cap000-b4060,27,7160832,0.7,0.0
cap000-b4060-s27,cap000-b4060,27,7191552,0.73,0.0
cap000-b4060-s27,cap000-b4060,27,7222272,0.72,0.0
cap000-b4060-s27,cap000-b4060,27,7252992,0.81,0.0
cap000-b4060-s27,cap000-b4060,27,7283712,0.66,0.0
cap000-b4060-s27,cap000-b4060,27,7314432,0.69,0.0
cap000-b4060-s27,cap000-b4060,27,7345152,0.76,0.0
cap000-b4060-s27,cap000-b4060,27,7375872,0.76,0.0
cap000-b4060-s27,cap000-b4060,27,7406592,0.72,0.0
cap000-b4060-s27,cap000-b4060,27,7437312,0.79,0.0
cap000-b4060-s27,cap000-b4060,27,7468032,0.64,0.0
cap000-b4060-s27,cap000-b4060,27,7498752,0.73,0.0
cap000-b4060-s27,cap000-b4060,27,7529472,0.71,0.0
cap000-b4060-s27,cap000-b4060,27,7560192,0.64,0.0
cap000-b4060-s27,cap000-b4060,27,7590912,0.74,0.0
cap000-b4060-s27,cap000-b4060,27,7621632,0.7,0.0
cap000-b4060-s27,cap000-b4060,27,7652352,0.68,0.0
cap000-b4060-s27,cap000-b4060,27,7683072,0.78,0.0
cap000-b4060-s27,cap000-b4060,27,7713792,0.66,0.0
cap000-b4060-s27,cap000-b4060,27,7744512,0.64,0.0
cap000-b4060-s27,cap000-b4060,27,7775232,0.75,0.0
cap000-b4060-s27,cap000-b4060,27,7805952,0.7,0.0
cap000-b4060-s27,cap000-b4060,27,7836672,0.67,0.0
cap000-b4060-s27,cap000-b4060,27,7867392,0.71,0.0
cap000-b4060-s27,cap000-b4060,27,7898112,0.64,0.0
cap000-b4060-s27,cap000-b4060,27,7928832,0.71,0.0
cap000-b4060-s27,cap000-b4060,27,7959552,0.61,0.0
cap000-b4060-s27,cap000-b4060,27,7990272,0.73,0.0
cap000-b4060-s27,cap000-b4060,27,8020992,0.8,0.0
cap000-b4060-s27,cap000-b4060,27,8051712,0.75,0.0
cap000-b4060-s27,cap000-b4060,27,8082432,0.7,0.0
cap000-b4060-s27,cap000-b4060,27,8113152,0.71,0.0
cap000-b4060-s27,cap000-b4060,27,8143872,0.71,0.0
cap000-b4060-s27,cap000-b4060,27,8174592,0.78,0.0
cap000-b4060-s27,cap000-b4060,27,8205312,0.76,0.0
cap000-b4060-s27,cap000-b4060,27,8236032,0.75,0.0
cap000-b4060-s27,cap000-b4060,27,8266752,0.76,0.0
cap000-b4060-s27,cap000-b4060,27,8297472,0.81,0.0
cap000-b4060-s27,cap000-b4060,27,8328192,0.74,0.0
cap000-b4060-s27,cap000-b4060,27,8358912,0.72,0.0
cap000-b4060-s27,cap000-b4060,27,8389632,0.82,0.0
cap000-b4060-s27,cap000-b4060,27,8420352,0.68,0.0
cap000-b4060-s27,cap000-b4060,27,8451072,0.76,0.0
cap000-b4060-s27,cap000-b4060,27,8481792,0.8,0.0
cap000-b4060-s27,cap000-b4060,27,8512512,0.76,0.0
cap000-b4060-s27,cap000-b4060,27,8543232,0.81,0.0
cap000-b4060-s27,cap000-b4060,27,8573952,0.72,0.0
cap000-b4060-s27,cap000-b4060,27,8604672,0.78,0.0
cap000-b4060-s27,cap000-b4060,27,8635392,0.79,0.0
cap000-b4060-s27,cap000-b4060,27,8666112,0.77,0.0
cap000-b4060-s27,cap000-b4060,27,8696832,0.75,0.0
cap000-b4060-s27,cap000-b4060,27,8727552,0.73,0.0
cap000-b4060-s27,cap000-b4060,27,8758272,0.77,0.0
cap000-b4060-s27,cap000-b4060,27,8788992,0.74,0.0
cap000-b4060-s27,cap000-b4060,27,8819712,0.86,0.0
cap000-b4060-s27,cap000-b4060,27,8850432,0.76,0.0
cap000-b4060-s27,cap000-b4060,27,8881152,0.81,0.0
cap000-b4060-s27,cap000-b4060,27,8911872,0.71,0.0
cap000-b4060-s27,cap000-b4060,27,8942592,0.75,0.0
cap000-b4060-s27,cap000-b4060,27,8973312,0.83,0.0
cap000-b4060-s27,cap000-b4060,27,9004032,0.76,0.0
cap000-b4060-s27,cap000-b4060,27,9034752,0.82,0.0
cap000-b4060-s27,cap000-b4060,27,9065472,0.81,0.0
cap000-b4060-s27,cap000-b4060,27,9096192,0.82,0.0
cap000-b4060-s27,cap000-b4060,27,9126912,0.81,0.0
cap000-b4060-s27,cap000-b4060,27,9157632,0.74,0.0
cap000-b4060-s27,cap000-b4060,27,9188352,0.74,0.0
cap000-b4060-s27,cap000-b4060,27,9219072,0.69,0.0
cap000-b4060-s27,cap000-b4060,27,9249792,0.73,0.0
cap000-b4060-s27,cap000-b4060,27,9280512,0.8,0.0
cap000-b4060-s27,cap000-b4060,27,9311232,0.82,0.0
cap000-b4060-s27,cap000-b4060,27,9341952,0.82,0.0
cap000-b4060-s27,cap000-b4060,27,9372672,0.78,0.0
cap000-b4060-s27,cap000-b4060,27,9403392,0.77,0.0
cap000-b4060-s27,cap000-b4060,27,9434112,0.8,0.0
cap000-b4060-s27,cap000-b4060,27,9464832,0.87,0.0
cap000-b4060-s27,cap000-b4060,27,9495552,0.68,0.0
cap000-b4060-s27,cap000-b4060,27,9526272,0.75,0.0
cap000-b4060-s27,cap000-b4060,27,9556992,0.8,0.0
cap000-b4060-s27,cap000-b4060,27,9587712,0.77,0.0
cap000-b4060-s27,cap000-b4060,27,9618432,0.73,0.0
cap000-b4060-s27,cap000-b4060,27,9649152,0.81,0.0
cap000-b4060-s27,cap000-b4060,27,9679872,0.77,0.0
cap000-b4060-s27,cap000-b4060,27,9710592,0.85,0.0
cap000-b4060-s27,cap000-b4060,27,9741312,0.76,0.0
cap000-b4060-s27,cap000-b4060,27,9772032,0.8,0.0
cap000-b4060-s27,cap000-b4060,27,9802752,0.83,0.0
cap000-b4060-s27,cap000-b4060,27,9833472,0.81,0.0
cap000-b4060-s27,cap000-b4060,27,9864192,0.77,0.0
cap000-b4060-s27,cap000-b4060,27,9894912,0.81,0.0
cap000-b4060-s27,cap000-b4060,27,9925632,0.79,0.0
cap000-b4060-s27,cap000-b4060,27,9956352,0.8,0.0
cap000-b4060-s27,cap000-b4060,27,9987072,0.83,0.0
cap000-b4060-s27,cap000-b4060,27,10017792,0.8,0.0
cap000-b4060-s27,cap000-b4060,27,10048512,0.76,0.0
cap000-b4060-s27,cap000-b4060,27,10079232,0.87,0.0
cap000-b4060-s27,cap000-b4060,27,10109952,0.8,0.0
cap000-b4060-s27,cap000-b4060,27,10140672,0.76,0.0
cap000-b4060-s27,cap000-b4060,27,10171392,0.79,0.0
cap000-b4060-s27,cap000-b4060,27,10202112,0.83,0.0
cap000-b4060-s27,cap000-b4060,27,10232832,0.8,0.0
cap000-b4060-s27,cap000-b4060,27,10263552,0.8,0.0
cap000-b4060-s27,cap000-b4060,27,10294272,0.78,0.0
cap000-b4060-s27,cap000-b4060,27,10324992,0.85,0.0
cap000-b4060-s27,cap000-b4060,27,10355712,0.75,0.0
cap000-b4060-s27,cap000-b4060,27,10386432,0.79,0.0
cap000-b4060-s27,cap000-b4060,27,10417152,0.88,0.0
cap000-b4060-s27,cap000-b4060,27,10447872,0.79,0.0
cap000-b4060-s27,cap000-b4060,27,10478592,0.86,0.0
cap000-b4060-s27,cap000-b4060,27,10509312,0.79,0.0
cap000-b4060-s27,cap000-b4060,27,10540032,0.79,0.0
cap000-b4060-s27,cap000-b4060,27,10570752,0.89,0.0
cap000-b4060-s27,cap000-b4060,27,10601472,0.84,0.0
cap000-b4060-s27,cap000-b4060,27,10632192,0.75,0.0
cap000-b4060-s27,cap000-b4060,27,10662912,0.79,0.0
cap000-b4060-s27,cap000-b4060,27,10693632,0.89,0.0
cap000-b4060-s27,cap000-b4060,27,10724352,0.84,0.0
cap000-b4060-s27,cap000-b4060,27,10755072,0.85,0.0
cap000-b4060-s27,cap000-b4060,27,10785792,0.82,0.0
cap000-b4060-s27,cap000-b4060,27,10816512,0.84,0.0
cap000-b4060-s27,cap000-b4060,27,10847232,0.79,0.0
cap000-b4060-s27,cap000-b4060,27,10877952,0.8,0.0
cap000-b4060-s27,cap000-b4060,27,10908672,0.8,0.0
cap000-b4060-s27,cap000-b4060,27,10939392,0.79,0.0
cap000-b4060-s27,cap000-b4060,27,10970112,0.76,0.0
cap000-b4060-s27,cap000-b4060,27,11000832,0.76,0.0
cap000-b4060-s27,cap000-b4060,27,11031552,0.83,0.0
cap000-b4060-s27,cap000-b4060,27,11062272,0.78,0.0
cap000-b4060-s27,cap000-b4060,27,11092992,0.76,0.0
cap000-b4060-s27,cap000-b4060,27,11123712,0.83,0.0
cap000-b4060-s27,cap000-b4060,27,11154432,0.87,0.0
cap000-b4060-s27,cap000-b4060,27,11185152,0.8,0.0
cap000-b4060-s27,cap000-b4060,27,11215872,0.78,0.0
cap000-b4060-s27,cap000-b4060,27,11246592,0.78,0.0
cap000-b4060-s27,cap000-b4060,27,11277312,0.76,0.0
cap000-b4060-s27,cap000-b4060,27,11308032,0.75,0.0
cap000-b4060-s27,cap000-b4060,27,11338752,0.81,0.0
cap000-b4060-s27,cap000-b4060,27,11369472,0.82,0.0
cap000-b4060-s27,cap000-b4060,27,11400192,0.79,0.0
cap000-b4060-s27,cap000-b4060,27,11430912,0.75,0.0
cap000-b4060-s27,cap000-b4060,27,11461632,0.82,0.0
cap000-b4060-s27,cap000-b4060,27,11492352,0.83,0.0
cap000-b4060-s27,cap000-b4060,27,11523072,0.79,0.0
cap000-b4060-s27,cap000-b4060,27,11553792,0.77,0.0
cap000-b4060-s27,cap000-b4060,27,11584512,0.84,0.0
cap000-b4060-s27,cap000-b4060,27,11615232,0.82,0.0
cap000-b4060-s27,cap000-b4060,27,11645952,0.87,0.0
cap000-b4060-s27,cap000-b4060,27,11676672,0.8,0.0
cap000-b4060-s27,cap000-b4060,27,11707392,0.79,0.0
cap000-b4060-s27,cap000-b4060,27,11738112,0.82,0.0
cap000-b4060-s27,cap000-b4060,27,11768832,0.84,0.0
cap000-b4060-s27,cap000-b4060,27,11799552,0.86,0.0
cap000-b4060-s27,cap000-b4060,27,11830272,0.86,0.0
cap000-b4060-s27,cap000-b4060,27,11860992,0.86,0.0
cap000-b4060-s27,cap000-b4060,27,11891712,0.8,0.0
cap000-b4060-s27,cap000-b4060,27,11922432,0.8,0.0
cap000-b4060-s27,cap000-b4060,27,11953152,0.77,0.0
cap000-b4060-s27,cap000-b4060,27,11983872,0.84,0.0
cap000-b4060-s27,cap000-b4060,27,12014592,0.85,0.0
cap000-b4060-s27,cap000-b4060,27,12045312,0.86,0.0
cap000-b4060-s27,cap000-b4060,27,12076032,0.84,0.0
cap000-b4060-s27,cap000-b4060,27,12106752,0.79,0.0
cap000-b4060-s27,cap000-b4060,27,12137472,0.86,0.0
cap000-b4060-s27,cap000-b4060,27,12168192,0.78,0.0
cap000-b4060-s27,cap000-b4060,27,12198912,0.82,0.0
cap000-b4060-s27,cap000-b4060,27,12229632,0.82,0.0
cap000-b4060-s27,cap000-b4060,27,12260352,0.83,0.0
cap000-b4060-s27,cap000-b4060,27,12291072,0.84,0.0
cap000-b4060-s27,cap000-b4060,27,12321792,0.83,0.0
cap000-b4060-s27,cap000-b4060,27,12352512,0.8,0.0
cap000-b4060-s27,cap000-b4060,27,12383232,0.76,0.0
cap000-b4060-s27,cap000-b4060,27,12413952,0.84,0.0
cap000-b4060-s27,cap000-b4060,27,12444672,0.79,0.0
cap000-b4060-s27,cap000-b4060,27,12475392,0.94,0.0
cap000-b4060-s27,cap000-b4060,27,12506112,0.85,0.0
cap000-b4060-s27,cap000-b4060,27,12536832,0.85,0.0
cap000-b4060-s27,cap000-b4060,27,12567552,0.84,0.0
cap000-b4060-s27,cap000-b4060,27,12598272,0.76,0.0
cap000-b4060-s27,cap000-b4060,27,12628992,0.82,0.0
cap000-b4060-s27,cap000-b4060,27,12659712,0.82,0.0
cap000-b4060-s27,cap000-b4060,27,12690432,0.86,0.0
cap000-b4060-s27,cap000-b4060,27,12721152,0.88,0.0
cap000-b4060-s27,cap000-b4060,27,12751872,0.87,0.0
cap000-b4060-s27,cap000-b4060,27,12782592,0.83,0.0
cap000-b4060-s27,cap000-b4060,27,12813312,0.88,0.0
cap000-b4060-s27,cap000-b4060,27,12844032,0.81,0.0
cap000-b4060-s27,cap000-b4060,27,12874752,0.85,0.0
cap000-b4060-s27,cap000-b4060,27,12905472,0.84,0.0
cap000-b4060-s27,cap000-b4060,27,12936192,0.85,0.0
cap000-b4060-s27,cap000-b4060,27,12966912,0.84,0.0
cap000-b4060-s27,cap000-b4060,27,12997632,0.84,0.0
cap000-b4060-s27,cap000-b4060,27,13028352,0.84,0.0
cap000-b4060-s27,cap000-b4060,27,13059072,0.87,0.0
cap000-b4060-s27,cap000-b4060,27,13089792,0.81,0.0
cap000-b4060-s27,cap000-b4060,27,13120512,0.93,0.0
cap000-b4060-s27,cap000-b4060,27,13151232,0.81,0.0
cap000-b4060-s27,cap000-b4060,27,13181952,0.87,0.0
cap000-b4060-s27,cap000-b4060,27,13212672,0.84,0.0
cap000-b4060-s27,cap000-b4060,27,13243392,0.84,0.0
cap000-b4060-s27,cap000-b4060,27,13274112,0.82,0.0
cap000-b4060-s27,cap000-b4060,27,13304832,0.83,0.0
cap000-b4060-s27,cap000-b4060,27,13335552,0.89,0.0
cap000-b4060-s27,cap000-b4060,27,13366272,0.85,0.0
cap000-b4060-s27,cap000-b4060,27,13396992,0.84,0.0
cap000-b4060-s27,cap000-b4060,27,13427712,0.89,0.0
cap000-b4060-s27,cap000-b4060,27,13458432,0.88,0.0
cap000-b4060-s27,cap000-b4060,27,13489152,0.89,0.0
cap000-b4060-s27,cap000-b4060,27,13519872,0.92,0.0
cap000-b4060-s27,cap000-b4060,27,13550592,0.87,0.0
cap000-b4060-s27,cap000-b4060,27,13581312,0.89,0.0
cap000-b4060-s27,cap000-b4060,27,13612032,0.85,0.0
cap000-b4060-s27,cap000-b4060,27,13642752,0.88,0.0
cap000-b4060-s27,cap000-b4060,27,13673472,0.84,0.0
cap000-b4060-s27,cap000-b4060,27,13704192,0.88,0.0
cap000-b4060-s27,cap000-b4060,27,13734912,0.85,0.0
cap000-b4060-s27,cap000-b4060,27,13765632,0.94,0.0
cap000-b4060-s27,cap000-b4060,27,13796352,0.85,0.0
cap000-b4060-s27,cap000-b4060,27,13827072,0.91,0.0
cap000-b4060-s27,cap000-b4060,27,13857792,0.89,0.0
cap000-b4060-s27,cap000-b4060,27,13888512,0.84,0.0
cap000-b4060-s27,cap000-b4060,27,13919232,0.88,0.0
cap000-b4060-s27,cap000-b4060,27,13949952,0.88,0.0
cap000-b4060-s27,cap000-b4060,27,13980672,0.83,0.0
cap000-b4060-s27,cap000-b4060,27,14011392,0.81,0.0
cap000-b4060-s27,cap000-b4060,27,14042112,0.91,0.0
cap000-b4060-s27,cap000-b4060,27,14072832,0.82,0.0
cap000-b4060-s27,cap000-b4060,27,14103552,0.87,0.0
cap000-b4060-s27,cap000-b4060,27,14134272,0.87,0.0
cap000-b4060-s27,cap000-b4060,27,14164992,0.88,0.0
cap000-b4060-s27,cap000-b4060,27,14195712,0.95,0.0
cap000-b4060-s27,cap000-b4060,27,14226432,0.84,0.0
cap000-b4060-s27,cap000-b4060,27,14257152,0.93,0.0
cap000-b4060-s27,cap000-b4060,27,14287872,0.93,0.0
cap000-b4060-s27,cap000-b4060,27,14318592,0.87,0.0
cap000-b4060-s27,cap000-b4060,27,14349312,0.91,0.0
cap000-b4060-s27,cap000-b4060,27,14380032,0.89,0.0
cap000-b4060-s27,cap000-b4060,27,14410752,0.94,0.0
cap000-b4060-s27,cap000-b4060,27,14441472,0.91,0.0
cap000-b4060-s27,cap000-b4060,27,14472192,0.88,0.0
cap000-b4060-s27,cap000-b4060,27,14502912,0.89,0.0
cap000-b4060-s27,cap000-b4060,27,14533632,0.91,0.0
cap000-b4060-s27,cap000-b4060,27,14564352,0.89,0.0
cap000-b4060-s27,cap000-b4060,27,14595072,0.89,0.0
cap000-b4060-s27,cap000-b4060,27,14625792,0.86,0.0
cap000-b4060-s27,cap000-b4060,27,14656512,0.91,0.0
cap000-b4060-s27,cap000-b4060,27,14687232,0.87,0.0
cap000-b4060-s27,cap000-b4060,27,14717952,0.9,0.0
cap000-b4060-s27,cap000-b4060,27,14748672,0.9,0.0
cap000-b4060-s27,cap000-b4060,27,14779392,0.91,0.0
cap000-b4060-s27,cap000-b4060,27,14810112,0.88,0.0
cap000-b4060-s27,cap000-b4060,27,14840832,0.94,0.0
cap000-b4060-s27,cap000-b4060,27,14871552,0.94,0.0
cap000-b4060-s27,cap000-b4060,27,14902272,0.9,0.0
cap000-b4060-s27,cap000-b4060,27,14932992,0.95,0.0
cap000-b4060-s27,cap000-b4060,27,14963712,0.88,0.0
cap000-b4060-s27,cap000-b4060,27,14994432,0.91,0.0
cap000-b4060-s27,cap000-b4060,27,14997504,0.88,0.0
cap000-b4060-s28,cap000-b4060,28,4457472,0.67,-1.0
cap000-b4060-s28,cap000-b4060,28,4488192,0.65,-0.881
cap000-b4060-s28,cap000-b4060,28,4518912,0.61,-0.825
cap000-b4060-s28,cap000-b4060,28,4549632,0.64,-0.763
cap000-b4060-s28,cap000-b4060,28,4580352,0.51,-0.71
cap000-b4060-s28,cap000-b4060,28,4611072,0.49,-0.69
cap000-b4060-s28,cap000-b4060,28,4641792,0.52,-0.663
cap000-b4060-s28,cap000-b4060,28,4672512,0.52,-0.652
cap000-b4060-s28,cap000-b4060,28,4703232,0.54,-0.641
cap000-b4060-s28,cap000-b4060,28,4733952,0.57,-0.618
cap000-b4060-s28,cap000-b4060,28,4764672,0.54,-0.587
cap000-b4060-s28,cap000-b4060,28,4795392,0.47,-0.517
cap000-b4060-s28,cap000-b4060,28,4826112,0.63,-0.488
cap000-b4060-s28,cap000-b4060,28,4856832,0.54,-0.464
cap000-b4060-s28,cap000-b4060,28,4887552,0.47,-0.464
cap000-b4060-s28,cap000-b4060,28,4918272,0.47,-0.464
cap000-b4060-s28,cap000-b4060,28,4948992,0.53,-0.412
cap000-b4060-s28,cap000-b4060,28,4979712,0.61,-0.398
cap000-b4060-s28,cap000-b4060,28,5010432,0.58,-0.387
cap000-b4060-s28,cap000-b4060,28,5041152,0.58,-0.385
cap000-b4060-s28,cap000-b4060,28,5071872,0.5,-0.385
cap000-b4060-s28,cap000-b4060,28,5102592,0.58,-0.373
cap000-b4060-s28,cap000-b4060,28,5133312,0.47,-0.358
cap000-b4060-s28,cap000-b4060,28,5164032,0.54,-0.341
cap000-b4060-s28,cap000-b4060,28,5194752,0.58,-0.315
cap000-b4060-s28,cap000-b4060,28,5225472,0.6,-0.289
cap000-b4060-s28,cap000-b4060,28,5256192,0.52,-0.289
cap000-b4060-s28,cap000-b4060,28,5286912,0.57,-0.265
cap000-b4060-s28,cap000-b4060,28,5317632,0.54,-0.265
cap000-b4060-s28,cap000-b4060,28,5348352,0.47,-0.265
cap000-b4060-s28,cap000-b4060,28,5379072,0.57,-0.225
cap000-b4060-s28,cap000-b4060,28,5409792,0.53,-0.168
cap000-b4060-s28,cap000-b4060,28,5440512,0.57,-0.168
cap000-b4060-s28,cap000-b4060,28,5471232,0.53,-0.124
cap000-b4060-s28,cap000-b4060,28,5501952,0.61,-0.112
cap000-b4060-s28,cap000-b4060,28,5532672,0.58,-0.087
cap000-b4060-s28,cap000-b4060,28,5563392,0.55,-0.052
cap000-b4060-s28,cap000-b4060,28,5594112,0.63,-0.037
cap000-b4060-s28,cap000-b4060,28,5624832,0.56,-0.024
cap000-b4060-s28,cap000-b4060,28,5655552,0.58,0.0
cap000-b4060-s28,cap000-b4060,28,5686272,0.57,0.0
cap000-b4060-s28,cap000-b4060,28,5716992,0.53,0.0
cap000-b4060-s28,cap000-b4060,28,5747712,0.56,0.0
cap000-b4060-s28,cap000-b4060,28,5778432,0.58,0.0
cap000-b4060-s28,cap000-b4060,28,5809152,0.6,0.0
cap000-b4060-s28,cap000-b4060,28,5839872,0.53,0.0
cap000-b4060-s28,cap000-b4060,28,5870592,0.58,0.0
cap000-b4060-s28,cap000-b4060,28,5901312,0.62,0.0
cap000-b4060-s28,cap000-b4060,28,5932032,0.63,0.0
cap000-b4060-s28,cap000-b4060,28,5962752,0.6,0.0
cap000-b4060-s28,cap000-b4060,28,5993472,0.64,0.0
cap000-b4060-s28,cap000-b4060,28,6024192,0.54,0.0
cap000-b4060-s28,cap000-b4060,28,6054912,0.6,0.0
cap000-b4060-s28,cap000-b4060,28,6085632,0.55,0.0
cap000-b4060-s28,cap000-b4060,28,6116352,0.67,0.0
cap000-b4060-s28,cap000-b4060,28,6147072,0.59,0.0
cap000-b4060-s28,cap000-b4060,28,6177792,0.55,0.0
cap000-b4060-s28,cap000-b4060,28,6208512,0.6,0.0
cap000-b4060-s28,cap000-b4060,28,6239232,0.53,0.0
cap000-b4060-s28,cap000-b4060,28,6269952,0.54,0.0
cap000-b4060-s28,cap000-b4060,28,6300672,0.66,0.0
cap000-b4060-s28,cap000-b4060,28,6331392,0.51,0.0
cap000-b4060-s28,cap000-b4060,28,6362112,0.55,0.0
cap000-b4060-s28,cap000-b4060,28,6392832,0.7,0.0
cap000-b4060-s28,cap000-b4060,28,6423552,0.66,0.0
cap000-b4060-s28,cap000-b4060,28,6454272,0.63,0.0
cap000-b4060-s28,cap000-b4060,28,6484992,0.74,0.0
cap000-b4060-s28,cap000-b4060,28,6515712,0.55,0.0
cap000-b4060-s28,cap000-b4060,28,6546432,0.67,0.0
cap000-b4060-s28,cap000-b4060,28,6577152,0.68,0.0
cap000-b4060-s28,cap000-b4060,28,6607872,0.64,0.0
cap000-b4060-s28,cap000-b4060,28,6638592,0.62,0.0
cap000-b4060-s28,cap000-b4060,28,6669312,0.68,0.0
cap000-b4060-s28,cap000-b4060,28,6700032,0.52,0.0
cap000-b4060-s28,cap000-b4060,28,6730752,0.71,0.0
cap000-b4060-s28,cap000-b4060,28,6761472,0.62,0.0
cap000-b4060-s28,cap000-b4060,28,6792192,0.59,0.0
cap000-b4060-s28,cap000-b4060,28,6822912,0.72,0.0
cap000-b4060-s28,cap000-b4060,28,6853632,0.65,0.0
cap000-b4060-s28,cap000-b4060,28,6884352,0.63,0.0
cap000-b4060-s28,cap000-b4060,28,6915072,0.53,0.0
cap000-b4060-s28,cap000-b4060,28,6945792,0.71,0.0
cap000-b4060-s28,cap000-b4060,28,6976512,0.68,0.0
cap000-b4060-s28,cap000-b4060,28,7007232,0.64,0.0
cap000-b4060-s28,cap000-b4060,28,7037952,0.59,0.0
cap000-b4060-s28,cap000-b4060,28,7068672,0.68,0.0
cap000-b4060-s28,cap000-b4060,28,7099392,0.69,0.0
cap000-b4060-s28,cap000-b4060,28,7130112,0.66,0.0
cap000-b4060-s28,cap000-b4060,28,7160832,0.64,0.0
cap000-b4060-s28,cap000-b4060,28,7191552,0.66,0.0
cap000-b4060-s28,cap000-b4060,28,7222272,0.68,0.0
cap000-b4060-s28,cap000-b4060,28,7252992,0.68,0.0
cap000-b4060-s28,cap000-b4060,28,7283712,0.66,0.0
cap000-b4060-s28,cap000-b4060,28,7314432,0.63,0.0
cap000-b4060-s28,cap000-b4060,28,7345152,0.68,0.0
cap000-b4060-s28,cap000-b4060,28,7375872,0.68,0.0
cap000-b4060-s28,cap000-b4060,28,7406592,0.69,0.0
cap000-b4060-s28,cap000-b4060,28,7437312,0.69,0.0
cap000-b4060-s28,cap000-b4060,28,7468032,0.73,0.0
cap000-b4060-s28,cap000-b4060,28,7498752,0.74,0.0
cap000-b4060-s28,cap000-b4060,28,7529472,0.7,0.0
cap000-b4060-s28,cap000-b4060,28,7560192,0.71,0.0
cap000-b4060-s28,cap000-b4060,28,7590912,0.7,0.0
cap000-b4060-s28,cap000-b4060,28,7621632,0.65,0.0
cap000-b4060-s28,cap000-b4060,28,7652352,0.67,0.0
cap000-b4060-s28,cap000-b4060,28,7683072,0.72,0.0
cap000-b4060-s28,cap000-b4060,28,7713792,0.74,0.0
cap000-b4060-s28,cap000-b4060,28,7744512,0.68,0.0
cap000-b4060-s28,cap000-b4060,28,7775232,0.73,0.0
cap000-b4060-s28,cap000-b4060,28,7805952,0.69,0.0
cap000-b4060-s28,cap000-b4060,28,7836672,0.76,0.0
cap000-b4060-s28,cap000-b4060,28,7867392,0.68,0.0
cap000-b4060-s28,cap000-b4060,28,7898112,0.66,0.0
cap000-b4060-s28,cap000-b4060,28,7928832,0.65,0.0
cap000-b4060-s28,cap000-b4060,28,7959552,0.77,0.0
cap000-b4060-s28,cap000-b4060,28,7990272,0.72,0.0
cap000-b4060-s28,cap000-b4060,28,8020992,0.71,0.0
cap000-b4060-s28,cap000-b4060,28,8051712,0.78,0.0
cap000-b4060-s28,cap000-b4060,28,8082432,0.7,0.0
cap000-b4060-s28,cap000-b4060,28,8113152,0.66,0.0
cap000-b4060-s28,cap000-b4060,28,8143872,0.74,0.0
cap000-b4060-s28,cap000-b4060,28,8174592,0.7,0.0
cap000-b4060-s28,cap000-b4060,28,8205312,0.78,0.0
cap000-b4060-s28,cap000-b4060,28,8236032,0.69,0.0
cap000-b4060-s28,cap000-b4060,28,8266752,0.74,0.0
cap000-b4060-s28,cap000-b4060,28,8297472,0.78,0.0
cap000-b4060-s28,cap000-b4060,28,8328192,0.69,0.0
cap000-b4060-s28,cap000-b4060,28,8358912,0.74,0.0
cap000-b4060-s28,cap000-b4060,28,8389632,0.75,0.0
cap000-b4060-s28,cap000-b4060,28,8420352,0.72,0.0
cap000-b4060-s28,cap000-b4060,28,8451072,0.73,0.0
cap000-b4060-s28,cap000-b4060,28,8481792,0.74,0.0
cap000-b4060-s28,cap000-b4060,28,8512512,0.69,0.0
cap000-b4060-s28,cap000-b4060,28,8543232,0.7,0.0
cap000-b4060-s28,cap000-b4060,28,8573952,0.77,0.0
cap000-b4060-s28,cap000-b4060,28,8604672,0.69,0.0
cap000-b4060-s28,cap000-b4060,28,8635392,0.74,0.0
cap000-b4060-s28,cap000-b4060,28,8666112,0.75,0.0
cap000-b4060-s28,cap000-b4060,28,8696832,0.74,0.0
cap000-b4060-s28,cap000-b4060,28,8727552,0.78,0.0
cap000-b4060-s28,cap000-b4060,28,8758272,0.78,0.0
cap000-b4060-s28,cap000-b4060,28,8788992,0.77,0.0
cap000-b4060-s28,cap000-b4060,28,8819712,0.79,0.0
cap000-b4060-s28,cap000-b4060,28,8850432,0.83,0.0
cap000-b4060-s28,cap000-b4060,28,8881152,0.69,0.0
cap000-b4060-s28,cap000-b4060,28,8911872,0.76,0.0
cap000-b4060-s28,cap000-b4060,28,8942592,0.75,0.0
cap000-b4060-s28,cap000-b4060,28,8973312,0.78,0.0
cap000-b4060-s28,cap000-b4060,28,9004032,0.74,0.0
cap000-b4060-s28,cap000-b4060,28,9034752,0.82,0.0
cap000-b4060-s28,cap000-b4060,28,9065472,0.66,0.0
cap000-b4060-s28,cap000-b4060,28,9096192,0.8,0.0
cap000-b4060-s28,cap000-b4060,28,9126912,0.81,0.0
cap000-b4060-s28,cap000-b4060,28,9157632,0.81,0.0
cap000-b4060-s28,cap000-b4060,28,9188352,0.78,0.0
cap000-b4060-s28,cap000-b4060,28,9219072,0.74,0.0
cap000-b4060-s28,cap000-b4060,28,9249792,0.77,0.0
cap000-b4060-s28,cap000-b4060,28,9280512,0.68,0.0
cap000-b4060-s28,cap000-b4060,28,9311232,0.8,0.0
cap000-b4060-s28,cap000-b4060,28,9341952,0.79,0.0
cap000-b4060-s28,cap000-b4060,28,9372672,0.77,0.0
cap000-b4060-s28,cap000-b4060,28,9403392,0.75,0.0
cap000-b4060-s28,cap000-b4060,28,9434112,0.76,0.0
cap000-b4060-s28,cap000-b4060,28,9464832,0.72,0.0
cap000-b4060-s28,cap000-b4060,28,9495552,0.83,0.0
cap000-b4060-s28,cap000-b4060,28,9526272,0.84,0.0
cap000-b4060-s28,cap000-b4060,28,9556992,0.84,0.0
cap000-b4060-s28,cap000-b4060,28,9587712,0.75,0.0
cap000-b4060-s28,cap000-b4060,28,9618432,0.8,0.0
cap000-b4060-s28,cap000-b4060,28,9649152,0.82,0.0
cap000-b4060-s28,cap000-b4060,28,9679872,0.85,0.0
cap000-b4060-s28,cap000-b4060,28,9710592,0.83,0.0
cap000-b4060-s28,cap000-b4060,28,9741312,0.8,0.0
cap000-b4060-s28,cap000-b4060,28,9772032,0.79,0.0
cap000-b4060-s28,cap000-b4060,28,9802752,0.82,0.0
cap000-b4060-s28,cap000-b4060,28,9833472,0.83,0.0
cap000-b4060-s28,cap000-b4060,28,9864192,0.75,0.0
cap000-b4060-s28,cap000-b4060,28,9894912,0.82,0.0
cap000-b4060-s28,cap000-b4060,28,9925632,0.87,0.0
cap000-b4060-s28,cap000-b4060,28,9956352,0.74,0.0
cap000-b4060-s28,cap000-b4060,28,9987072,0.75,0.0
cap000-b4060-s28,cap000-b4060,28,10017792,0.83,0.0
cap000-b4060-s28,cap000-b4060,28,10048512,0.8,0.0
cap000-b4060-s28,cap000-b4060,28,10079232,0.8,0.0
cap000-b4060-s28,cap000-b4060,28,10109952,0.79,0.0
cap000-b4060-s28,cap000-b4060,28,10140672,0.81,0.0
cap000-b4060-s28,cap000-b4060,28,10171392,0.81,0.0
cap000-b4060-s28,cap000-b4060,28,10202112,0.81,0.0
cap000-b4060-s28,cap000-b4060,28,10232832,0.86,0.0
cap000-b4060-s28,cap000-b4060,28,10263552,0.79,0.0
cap000-b4060-s28,cap000-b4060,28,10294272,0.85,0.0
cap000-b4060-s28,cap000-b4060,28,10324992,0.8,0.0
cap000-b4060-s28,cap000-b4060,28,10355712,0.83,0.0
cap000-b4060-s28,cap000-b4060,28,10386432,0.81,0.0
cap000-b4060-s28,cap000-b4060,28,10417152,0.83,0.0
cap000-b4060-s28,cap000-b4060,28,10447872,0.83,0.0
cap000-b4060-s28,cap000-b4060,28,10478592,0.83,0.0
cap000-b4060-s28,cap000-b4060,28,10509312,0.81,0.0
cap000-b4060-s28,cap000-b4060,28,10540032,0.81,0.0
cap000-b4060-s28,cap000-b4060,28,10570752,0.79,0.0
cap000-b4060-s28,cap000-b4060,28,10601472,0.81,0.0
cap000-b4060-s28,cap000-b4060,28,10632192,0.83,0.0
cap000-b4060-s28,cap000-b4060,28,10662912,0.86,0.0
cap000-b4060-s28,cap000-b4060,28,10693632,0.81,0.0
cap000-b4060-s28,cap000-b4060,28,10724352,0.75,0.0
cap000-b4060-s28,cap000-b4060,28,10755072,0.86,0.0
cap000-b4060-s28,cap000-b4060,28,10785792,0.81,0.0
cap000-b4060-s28,cap000-b4060,28,10816512,0.81,0.0
cap000-b4060-s28,cap000-b4060,28,10847232,0.77,0.0
cap000-b4060-s28,cap000-b4060,28,10877952,0.83,0.0
cap000-b4060-s28,cap000-b4060,28,10908672,0.85,0.0
cap000-b4060-s28,cap000-b4060,28,10939392,0.81,0.0
cap000-b4060-s28,cap000-b4060,28,10970112,0.87,0.0
cap000-b4060-s28,cap000-b4060,28,11000832,0.84,0.0
cap000-b4060-s28,cap000-b4060,28,11031552,0.75,0.0
cap000-b4060-s28,cap000-b4060,28,11062272,0.78,0.0
cap000-b4060-s28,cap000-b4060,28,11092992,0.8,0.0
cap000-b4060-s28,cap000-b4060,28,11123712,0.8,0.0
cap000-b4060-s28,cap000-b4060,28,11154432,0.78,0.0
cap000-b4060-s28,cap000-b4060,28,11185152,0.82,0.0
cap000-b4060-s28,cap000-b4060,28,11215872,0.8,0.0
cap000-b4060-s28,cap000-b4060,28,11246592,0.8,0.0
cap000-b4060-s28,cap000-b4060,28,11277312,0.75,0.0
cap000-b4060-s28,cap000-b4060,28,11308032,0.88,0.0
cap000-b4060-s28,cap000-b4060,28,11338752,0.79,0.0
cap000-b4060-s28,cap000-b4060,28,11369472,0.75,0.0
cap000-b4060-s28,cap000-b4060,28,11400192,0.83,0.0
cap000-b4060-s28,cap000-b4060,28,11430912,0.85,0.0
cap000-b4060-s28,cap000-b4060,28,11461632,0.84,0.0
cap000-b4060-s28,cap000-b4060,28,11492352,0.85,0.0
cap000-b4060-s28,cap000-b4060,28,11523072,0.86,0.0
cap000-b4060-s28,cap000-b4060,28,11553792,0.82,0.0
cap000-b4060-s28,cap000-b4060,28,11584512,0.78,0.0
cap000-b4060-s28,cap000-b4060,28,11615232,0.8,0.0
cap000-b4060-s28,cap000-b4060,28,11645952,0.87,0.0
cap000-b4060-s28,cap000-b4060,28,11676672,0.84,0.0
cap000-b4060-s28,cap000-b4060,28,11707392,0.81,0.0
cap000-b4060-s28,cap000-b4060,28,11738112,0.85,0.0
cap000-b4060-s28,cap000-b4060,28,11768832,0.87,0.0
cap000-b4060-s28,cap000-b4060,28,11799552,0.84,0.0
cap000-b4060-s28,cap000-b4060,28,11830272,0.81,0.0
cap000-b4060-s28,cap000-b4060,28,11860992,0.82,0.0
cap000-b4060-s28,cap000-b4060,28,11891712,0.78,0.0
cap000-b4060-s28,cap000-b4060,28,11922432,0.87,0.0
cap000-b4060-s28,cap000-b4060,28,11953152,0.75,0.0
cap000-b4060-s28,cap000-b4060,28,11983872,0.79,0.0
cap000-b4060-s28,cap000-b4060,28,12014592,0.84,0.0
cap000-b4060-s28,cap000-b4060,28,12045312,0.87,0.0
cap000-b4060-s28,cap000-b4060,28,12076032,0.84,0.0
cap000-b4060-s28,cap000-b4060,28,12106752,0.91,0.0
cap000-b4060-s28,cap000-b4060,28,12137472,0.92,0.0
cap000-b4060-s28,cap000-b4060,28,12168192,0.84,0.0
cap000-b4060-s28,cap000-b4060,28,12198912,0.89,0.0
cap000-b4060-s28,cap000-b4060,28,12229632,0.81,0.0
cap000-b4060-s28,cap000-b4060,28,12260352,0.88,0.0
cap000-b4060-s28,cap000-b4060,28,12291072,0.81,0.0
cap000-b4060-s28,cap000-b4060,28,12321792,0.81,0.0
cap000-b4060-s28,cap000-b4060,28,12352512,0.82,0.0
cap000-b4060-s28,cap000-b4060,28,12383232,0.86,0.0
cap000-b4060-s28,cap000-b4060,28,12413952,0.81,0.0
cap000-b4060-s28,cap000-b4060,28,12444672,0.8,0.0
cap000-b4060-s28,cap000-b4060,28,12475392,0.86,0.0
cap000-b4060-s28,cap000-b4060,28,12506112,0.8,0.0
cap000-b4060-s28,cap000-b4060,28,12536832,0.84,0.0
cap000-b4060-s28,cap000-b4060,28,12567552,0.84,0.0
cap000-b4060-s28,cap000-b4060,28,12598272,0.78,0.0
cap000-b4060-s28,cap000-b4060,28,12628992,0.81,0.0
cap000-b4060-s28,cap000-b4060,28,12659712,0.81,0.0
cap000-b4060-s28,cap000-b4060,28,12690432,0.85,0.0
cap000-b4060-s28,cap000-b4060,28,12721152,0.87,0.0
cap000-b4060-s28,cap000-b4060,28,12751872,0.83,0.0
cap000-b4060-s28,cap000-b4060,28,12782592,0.83,0.0
cap000-b4060-s28,cap000-b4060,28,12813312,0.89,0.0
cap000-b4060-s28,cap000-b4060,28,12844032,0.83,0.0
cap000-b4060-s28,cap000-b4060,28,12874752,0.82,0.0
cap000-b4060-s28,cap000-b4060,28,12905472,0.84,0.0
cap000-b4060-s28,cap000-b4060,28,12936192,0.8,0.0
cap000-b4060-s28,cap000-b4060,28,12966912,0.92,0.0
cap000-b4060-s28,cap000-b4060,28,12997632,0.89,0.0
cap000-b4060-s28,cap000-b4060,28,13028352,0.8,0.0
cap000-b4060-s28,cap000-b4060,28,13059072,0.87,0.0
cap000-b4060-s28,cap000-b4060,28,13089792,0.86,0.0
cap000-b4060-s28,cap000-b4060,28,13120512,0.84,0.0
cap000-b4060-s28,cap000-b4060,28,13151232,0.93,0.0
cap000-b4060-s28,cap000-b4060,28,13181952,0.88,0.0
cap000-b4060-s28,cap000-b4060,28,13212672,0.89,0.0
cap000-b4060-s28,cap000-b4060,28,13243392,0.86,0.0
cap000-b4060-s28,cap000-b4060,28,13274112,0.91,0.0
cap000-b4060-s28,cap000-b4060,28,13304832,0.79,0.0
cap000-b4060-s28,cap000-b4060,28,13335552,0.8,0.0
cap000-b4060-s28,cap000-b4060,28,13366272,0.92,0.0
cap000-b4060-s28,cap000-b4060,28,13396992,0.86,0.0
cap000-b4060-s28,cap000-b4060,28,13427712,0.89,0.0
cap000-b4060-s28,cap000-b4060,28,13458432,0.83,0.0
cap000-b4060-s28,cap000-b4060,28,13489152,0.84,0.0
cap000-b4060-s28,cap000-b4060,28,13519872,0.88,0.0
cap000-b4060-s28,cap000-b4060,28,13550592,0.91,0.0
cap000-b4060-s28,cap000-b4060,28,13581312,0.87,0.0
cap000-b4060-s28,cap000-b4060,28,13612032,0.92,0.0
cap000-b4060-s28,cap000-b4060,28,13642752,0.87,0.0
cap000-b4060-s28,cap000-b4060,28,13673472,0.91,0.0
cap000-b4060-s28,cap000-b4060,28,13704192,0.92,0.0
cap000-b4060-s28,cap000-b4060,28,13734912,0.89,0.0
cap000-b4060-s28,cap000-b4060,28,13765632,0.86,0.0
cap000-b4060-s28,cap000-b4060,28,13796352,0.91,0.0
cap000-b4060-s28,cap000-b4060,28,13827072,0.83,0.0
cap000-b4060-s28,cap000-b4060,28,13857792,0.9,0.0
cap000-b4060-s28,cap000-b4060,28,13888512,0.85,0.0
cap000-b4060-s28,cap000-b4060,28,13919232,0.78,0.0
cap000-b4060-s28,cap000-b4060,28,13949952,0.94,0.0
cap000-b4060-s28,cap000-b4060,28,13980672,0.84,0.0
cap000-b4060-s28,cap000-b4060,28,14011392,0.83,0.0
cap000-b4060-s28,cap000-b4060,28,14042112,0.89,0.0
cap000-b4060-s28,cap000-b4060,28,14072832,0.87,0.0
cap000-b4060-s28,cap000-b4060,28,14103552,0.92,0.0
cap000-b4060-s28,cap000-b4060,28,14134272,0.91,0.0
cap000-b4060-s28,cap000-b4060,28,14164992,0.93,0.0
cap000-b4060-s28,cap000-b4060,28,14195712,0.85,0.0
cap000-b4060-s28,cap000-b4060,28,14226432,0.92,0.0
cap000-b4060-s28,cap000-b4060,28,14257152,0.93,0.0
cap000-b4060-s28,cap000-b4060,28,14287872,0.93,0.0
cap000-b4060-s28,cap000-b4060,28,14318592,0.84,0.0
cap000-b4060-s28,cap000-b4060,28,14349312,0.88,0.0
cap000-b4060-s28,cap000-b4060,28,14380032,0.85,0.0
cap000-b4060-s28,cap000-b4060,28,14410752,0.86,0.0
cap000-b4060-s28,cap000-b4060,28,14441472,0.9,0.0
cap000-b4060-s28,cap000-b4060,28,14472192,0.87,0.0
cap000-b4060-s28,cap000-b4060,28,14502912,0.86,0.0
cap000-b4060-s28,cap000-b4060,28,14533632,0.89,0.0
cap000-b4060-s28,cap000-b4060,28,14564352,0.92,0.0
cap000-b4060-s28,cap000-b4060,28,14595072,0.89,0.0
cap000-b4060-s28,cap000-b4060,28,14625792,0.96,0.0
cap000-b4060-s28,cap000-b4060,28,14656512,0.87,0.0
cap000-b4060-s28,cap000-b4060,28,14687232,0.92,0.0
cap000-b4060-s28,cap000-b4060,28,14717952,0.92,0.0
cap000-b4060-s28,cap000-b4060,28,14748672,0.92,0.0
cap000-b4060-s28,cap000-b4060,28,14779392,0.92,0.0
cap000-b4060-s28,cap000-b4060,28,14810112,0.91,0.0
cap000-b4060-s28,cap000-b4060,28,14840832,0.94,0.0
cap000-b4060-s28,cap000-b4060,28,14871552,0.89,0.0
cap000-b4060-s28,cap000-b4060,28,14902272,0.95,0.0
cap000-b4060-s28,cap000-b4060,28,14932992,0.89,0.0
cap000-b4060-s28,cap000-b4060,28,14963712,0.92,0.0
cap000-b4060-s28,cap000-b4060,28,14994432,0.91,0.0
cap000-b4060-s28,cap000-b4060,28,14997504,0.92,0.0
cap000-b4060-s29,cap000-b4060,29,4918272,0.68,-1.0
cap000-b4060-s29,cap000-b4060,29,4948992,0.61,-0.855
cap000-b4060-s29,cap000-b4060,29,4979712,0.64,-0.753
cap000-b4060-s29,cap000-b4060,29,5010432,0.52,-0.683
cap000-b4060-s29,cap000-b4060,29,5041152,0.57,-0.628
cap000-b4060-s29,cap000-b4060,29,5071872,0.54,-0.594
cap000-b4060-s29,cap000-b4060,29,5102592,0.61,-0.562
cap000-b4060-s29,cap000-b4060,29,5133312,0.66,-0.536
cap000-b4060-s29,cap000-b4060,29,5164032,0.47,-0.482
cap000-b4060-s29,cap000-b4060,29,5194752,0.55,-0.463
cap000-b4060-s29,cap000-b4060,29,5225472,0.51,-0.414
cap000-b4060-s29,cap000-b4060,29,5256192,0.57,-0.414
cap000-b4060-s29,cap000-b4060,29,5286912,0.55,-0.386
cap000-b4060-s29,cap000-b4060,29,5317632,0.54,-0.362
cap000-b4060-s29,cap000-b4060,29,5348352,0.58,-0.333
cap000-b4060-s29,cap000-b4060,29,5379072,0.54,-0.316
cap000-b4060-s29,cap000-b4060,29,5409792,0.53,-0.304
cap000-b4060-s29,cap000-b4060,29,5440512,0.51,-0.291
cap000-b4060-s29,cap000-b4060,29,5471232,0.57,-0.291
cap000-b4060-s29,cap000-b4060,29,5501952,0.54,-0.263
cap000-b4060-s29,cap000-b4060,29,5532672,0.58,-0.238
cap000-b4060-s29,cap000-b4060,29,5563392,0.67,-0.224
cap000-b4060-s29,cap000-b4060,29,5594112,0.55,-0.182
cap000-b4060-s29,cap000-b4060,29,5624832,0.54,-0.182
cap000-b4060-s29,cap000-b4060,29,5655552,0.6,-0.157
cap000-b4060-s29,cap000-b4060,29,5686272,0.52,-0.106
cap000-b4060-s29,cap000-b4060,29,5716992,0.49,-0.083
cap000-b4060-s29,cap000-b4060,29,5747712,0.6,-0.032
cap000-b4060-s29,cap000-b4060,29,5778432,0.5,0.0
cap000-b4060-s29,cap000-b4060,29,5809152,0.46,0.0
cap000-b4060-s29,cap000-b4060,29,5839872,0.59,0.0
cap000-b4060-s29,cap000-b4060,29,5870592,0.61,0.0
cap000-b4060-s29,cap000-b4060,29,5901312,0.55,0.0
cap000-b4060-s29,cap000-b4060,29,5932032,0.65,0.0
cap000-b4060-s29,cap000-b4060,29,5962752,0.63,0.0
cap000-b4060-s29,cap000-b4060,29,5993472,0.51,0.0
cap000-b4060-s29,cap000-b4060,29,6024192,0.71,0.0
cap000-b4060-s29,cap000-b4060,29,6054912,0.64,0.0
cap000-b4060-s29,cap000-b4060,29,6085632,0.47,0.0
cap000-b4060-s29,cap000-b4060,29,6116352,0.61,0.0
cap000-b4060-s29,cap000-b4060,29,6147072,0.51,0.0
cap000-b4060-s29,cap000-b4060,29,6177792,0.49,0.0
cap000-b4060-s29,cap000-b4060,29,6208512,0.52,0.0
cap000-b4060-s29,cap000-b4060,29,6239232,0.67,0.0
cap000-b4060-s29,cap000-b4060,29,6269952,0.66,0.0
cap000-b4060-s29,cap000-b4060,29,6300672,0.59,0.0
cap000-b4060-s29,cap000-b4060,29,6331392,0.55,0.0
cap000-b4060-s29,cap000-b4060,29,6362112,0.56,0.0
cap000-b4060-s29,cap000-b4060,29,6392832,0.57,0.0
cap000-b4060-s29,cap000-b4060,29,6423552,0.64,0.0
cap000-b4060-s29,cap000-b4060,29,6454272,0.59,0.0
cap000-b4060-s29,cap000-b4060,29,6484992,0.67,0.0
cap000-b4060-s29,cap000-b4060,29,6515712,0.59,0.0
cap000-b4060-s29,cap000-b4060,29,6546432,0.65,0.0
cap000-b4060-s29,cap000-b4060,29,6577152,0.54,0.0
cap000-b4060-s29,cap000-b4060,29,6607872,0.61,0.0
cap000-b4060-s29,cap000-b4060,29,6638592,0.63,0.0
cap000-b4060-s29,cap000-b4060,29,6669312,0.69,0.0
cap000-b4060-s29,cap000-b4060,29,6700032,0.71,0.0
cap000-b4060-s29,cap000-b4060,29,6730752,0.7,0.0
cap000-b4060-s29,cap000-b4060,29,6761472,0.61,0.0
cap000-b4060-s29,cap000-b4060,29,6792192,0.63,0.0
cap000-b4060-s29,cap000-b4060,29,6822912,0.65,0.0
cap000-b4060-s29,cap000-b4060,29,6853632,0.72,0.0
cap000-b4060-s29,cap000-b4060,29,6884352,0.61,0.0
cap000-b4060-s29,cap000-b4060,29,6915072,0.62,0.0
cap000-b4060-s29,cap000-b4060,29,6945792,0.64,0.0
cap000-b4060-s29,cap000-b4060,29,6976512,0.69,0.0
cap000-b4060-s29,cap000-b4060,29,7007232,0.67,0.0
cap000-b4060-s29,cap000-b4060,29,7037952,0.63,0.0
cap000-b4060-s29,cap000-b4060,29,7068672,0.77,0.0
cap000-b4060-s29,cap000-b4060,29,7099392,0.65,0.0
cap000-b4060-s29,cap000-b4060,29,7130112,0.67,0.0
cap000-b4060-s29,cap000-b4060,29,7160832,0.59,0.0
cap000-b4060-s29,cap000-b4060,29,7191552,0.65,0.0
cap000-b4060-s29,cap000-b4060,29,7222272,0.7,0.0
cap000-b4060-s29,cap000-b4060,29,7252992,0.59,0.0
cap000-b4060-s29,cap000-b4060,29,7283712,0.71,0.0
cap000-b4060-s29,cap000-b4060,29,7314432,0.69,0.0
cap000-b4060-s29,cap000-b4060,29,7345152,0.59,0.0
cap000-b4060-s29,cap000-b4060,29,7375872,0.73,0.0
cap000-b4060-s29,cap000-b4060,29,7406592,0.64,0.0
cap000-b4060-s29,cap000-b4060,29,7437312,0.67,0.0
cap000-b4060-s29,cap000-b4060,29,7468032,0.74,0.0
cap000-b4060-s29,cap000-b4060,29,7498752,0.76,0.0
cap000-b4060-s29,cap000-b4060,29,7529472,0.64,0.0
cap000-b4060-s29,cap000-b4060,29,7560192,0.6,0.0
cap000-b4060-s29,cap000-b4060,29,7590912,0.67,0.0
cap000-b4060-s29,cap000-b4060,29,7621632,0.66,0.0
cap000-b4060-s29,cap000-b4060,29,7652352,0.72,0.0
cap000-b4060-s29,cap000-b4060,29,7683072,0.72,0.0
cap000-b4060-s29,cap000-b4060,29,7713792,0.67,0.0
cap000-b4060-s29,cap000-b4060,29,7744512,0.67,0.0
cap000-b4060-s29,cap000-b4060,29,7775232,0.72,0.0
cap000-b4060-s29,cap000-b4060,29,7805952,0.65,0.0
cap000-b4060-s29,cap000-b4060,29,7836672,0.68,0.0
cap000-b4060-s29,cap000-b4060,29,7867392,0.68,0.0
cap000-b4060-s29,cap000-b4060,29,7898112,0.8,0.0
cap000-b4060-s29,cap000-b4060,29,7928832,0.71,0.0
cap000-b4060-s29,cap000-b4060,29,7959552,0.74,0.0
cap000-b4060-s29,cap000-b4060,29,7990272,0.66,0.0
cap000-b4060-s29,cap000-b4060,29,8020992,0.69,0.0
cap000-b4060-s29,cap000-b4060,29,8051712,0.68,0.0
cap000-b4060-s29,cap000-b4060,29,8082432,0.65,0.0
cap000-b4060-s29,cap000-b4060,29,8113152,0.7,0.0
cap000-b4060-s29,cap000-b4060,29,8143872,0.7,0.0
cap000-b4060-s29,cap000-b4060,29,8174592,0.75,0.0
cap000-b4060-s29,cap000-b4060,29,8205312,0.74,0.0
cap000-b4060-s29,cap000-b4060,29,8236032,0.65,0.0
cap000-b4060-s29,cap000-b4060,29,8266752,0.66,0.0
cap000-b4060-s29,cap000-b4060,29,8297472,0.8,0.0
cap000-b4060-s29,cap000-b4060,29,8328192,0.79,0.0
cap000-b4060-s29,cap000-b4060,29,8358912,0.69,0.0
cap000-b4060-s29,cap000-b4060,29,8389632,0.7,0.0
cap000-b4060-s29,cap000-b4060,29,8420352,0.72,0.0
cap000-b4060-s29,cap000-b4060,29,8451072,0.74,0.0
cap000-b4060-s29,cap000-b4060,29,8481792,0.78,0.0
cap000-b4060-s29,cap000-b4060,29,8512512,0.72,0.0
cap000-b4060-s29,cap000-b4060,29,8543232,0.71,0.0
cap000-b4060-s29,cap000-b4060,29,8573952,0.68,0.0
cap000-b4060-s29,cap000-b4060,29,8604672,0.73,0.0
cap000-b4060-s29,cap000-b4060,29,8635392,0.78,0.0
cap000-b4060-s29,cap000-b4060,29,8666112,0.76,0.0
cap000-b4060-s29,cap000-b4060,29,8696832,0.65,0.0
cap000-b4060-s29,cap000-b4060,29,8727552,0.72,0.0
cap000-b4060-s29,cap000-b4060,29,8758272,0.81,0.0
cap000-b4060-s29,cap000-b4060,29,8788992,0.81,0.0
cap000-b4060-s29,cap000-b4060,29,8819712,0.78,0.0
cap000-b4060-s29,cap000-b4060,29,8850432,0.74,0.0
cap000-b4060-s29,cap000-b4060,29,8881152,0.73,0.0
cap000-b4060-s29,cap000-b4060,29,8911872,0.63,0.0
cap000-b4060-s29,cap000-b4060,29,8942592,0.73,0.0
cap000-b4060-s29,cap000-b4060,29,8973312,0.72,0.0
cap000-b4060-s29,cap000-b4060,29,9004032,0.75,0.0
cap000-b4060-s29,cap000-b4060,29,9034752,0.65,0.0
cap000-b4060-s29,cap000-b4060,29,9065472,0.74,0.0
cap000-b4060-s29,cap000-b4060,29,9096192,0.78,0.0
cap000-b4060-s29,cap000-b4060,29,9126912,0.72,0.0
cap000-b4060-s29,cap000-b4060,29,9157632,0.76,0.0
cap000-b4060-s29,cap000-b4060,29,9188352,0.68,0.0
cap000-b4060-s29,cap000-b4060,29,9219072,0.71,0.0
cap000-b4060-s29,cap000-b4060,29,9249792,0.76,0.0
cap000-b4060-s29,cap000-b4060,29,9280512,0.83,0.0
cap000-b4060-s29,cap000-b4060,29,9311232,0.66,0.0
cap000-b4060-s29,cap000-b4060,29,9341952,0.76,0.0
cap000-b4060-s29,cap000-b4060,29,9372672,0.7,0.0
cap000-b4060-s29,cap000-b4060,29,9403392,0.65,0.0
cap000-b4060-s29,cap000-b4060,29,9434112,0.69,0.0
cap000-b4060-s29,cap000-b4060,29,9464832,0.65,0.0
cap000-b4060-s29,cap000-b4060,29,9495552,0.75,0.0
cap000-b4060-s29,cap000-b4060,29,9526272,0.8,0.0
cap000-b4060-s29,cap000-b4060,29,9556992,0.84,0.0
cap000-b4060-s29,cap000-b4060,29,9587712,0.82,0.0
cap000-b4060-s29,cap000-b4060,29,9618432,0.74,0.0
cap000-b4060-s29,cap000-b4060,29,9649152,0.79,0.0
cap000-b4060-s29,cap000-b4060,29,9679872,0.79,0.0
cap000-b4060-s29,cap000-b4060,29,9710592,0.74,0.0
cap000-b4060-s29,cap000-b4060,29,9741312,0.68,0.0
cap000-b4060-s29,cap000-b4060,29,9772032,0.73,0.0
cap000-b4060-s29,cap000-b4060,29,9802752,0.84,0.0
cap000-b4060-s29,cap000-b4060,29,9833472,0.7,0.0
cap000-b4060-s29,cap000-b4060,29,9864192,0.73,0.0
cap000-b4060-s29,cap000-b4060,29,9894912,0.79,0.0
cap000-b4060-s29,cap000-b4060,29,9925632,0.76,0.0
cap000-b4060-s29,cap000-b4060,29,9956352,0.76,0.0
cap000-b4060-s29,cap000-b4060,29,9987072,0.81,0.0
cap000-b4060-s29,cap000-b4060,29,10017792,0.75,0.0
cap000-b4060-s29,cap000-b4060,29,10048512,0.77,0.0
cap000-b4060-s29,cap000-b4060,29,10079232,0.78,0.0
cap000-b4060-s29,cap000-b4060,29,10109952,0.71,0.0
cap000-b4060-s29,cap000-b4060,29,10140672,0.72,0.0
cap000-b4060-s29,cap000-b4060,29,10171392,0.75,0.0
cap000-b4060-s29,cap000-b4060,29,10202112,0.7,0.0
cap000-b4060-s29,cap000-b4060,29,10232832,0.73,0.0
cap000-b4060-s29,cap000-b4060,29,10263552,0.77,0.0
cap000-b4060-s29,cap000-b4060,29,10294272,0.71,0.0
cap000-b4060-s29,cap000-b4060,29,10324992,0.77,0.0
cap000-b4060-s29,cap000-b4060,29,10355712,0.71,0.0
cap000-b4060-s29,cap000-b4060,29,10386432,0.7,0.0
cap000-b4060-s29,cap000-b4060,29,10417152,0.8,0.0
cap000-b4060-s29,cap000-b4060,29,10447872,0.72,0.0
cap000-b4060-s29,cap000-b4060,29,10478592,0.82,0.0
cap000-b4060-s29,cap000-b4060,29,10509312,0.73,0.0
cap000-b4060-s29,cap000-b4060,29,10540032,0.76,0.0
cap000-b4060-s29,cap000-b4060,29,10570752,0.77,0.0
cap000-b4060-s29,cap000-b4060,29,10601472,0.75,0.0
cap000-b4060-s29,cap000-b4060,29,10632192,0.78,0.0
cap000-b4060-s29,cap000-b4060,29,10662912,0.81,0.0
cap000-b4060-s29,cap000-b4060,29,10693632,0.68,0.0
cap000-b4060-s29,cap000-b4060,29,10724352,0.8,0.0
cap000-b4060-s29,cap000-b4060,29,10755072,0.81,0.0
cap000-b4060-s29,cap000-b4060,29,10785792,0.73,0.0
cap000-b4060-s29,cap000-b4060,29,10816512,0.76,0.0
cap000-b4060-s29,cap000-b4060,29,10847232,0.77,0.0
cap000-b4060-s29,cap000-b4060,29,10877952,0.83,0.0
cap000-b4060-s29,cap000-b4060,29,10908672,0.77,0.0
cap000-b4060-s29,cap000-b4060,29,10939392,0.76,0.0
cap000-b4060-s29,cap000-b4060,29,10970112,0.79,0.0
cap000-b4060-s29,cap000-b4060,29,11000832,0.74,0.0
cap000-b4060-s29,cap000-b4060,29,11031552,0.81,0.0
cap000-b4060-s29,cap000-b4060,29,11062272,0.85,0.0
cap000-b4060-s29,cap000-b4060,29,11092992,0.78,0.0
cap000-b4060-s29,cap000-b4060,29,11123712,0.82,0.0
cap000-b4060-s29,cap000-b4060,29,11154432,0.76,0.0
cap000-b4060-s29,cap000-b4060,29,11185152,0.83,0.0
cap000-b4060-s29,cap000-b4060,29,11215872,0.74,0.0
cap000-b4060-s29,cap000-b4060,29,11246592,0.81,0.0
cap000-b4060-s29,cap000-b4060,29,11277312,0.81,0.0
cap000-b4060-s29,cap000-b4060,29,11308032,0.82,0.0
cap000-b4060-s29,cap000-b4060,29,11338752,0.8,0.0
cap000-b4060-s29,cap000-b4060,29,11369472,0.78,0.0
cap000-b4060-s29,cap000-b4060,29,11400192,0.75,0.0
cap000-b4060-s29,cap000-b4060,29,11430912,0.79,0.0
cap000-b4060-s29,cap000-b4060,29,11461632,0.87,0.0
cap000-b4060-s29,cap000-b4060,29,11492352,0.77,0.0
cap000-b4060-s29,cap000-b4060,29,11523072,0.77,0.0
cap000-b4060-s29,cap000-b4060,29,11553792,0.89,0.0
cap000-b4060-s29,cap000-b4060,29,11584512,0.8,0.0
cap000-b4060-s29,cap000-b4060,29,11615232,0.78,0.0
cap000-b4060-s29,cap000-b4060,29,11645952,0.75,0.0
cap000-b4060-s29,cap000-b4060,29,11676672,0.79,0.0
cap000-b4060-s29,cap000-b4060,29,11707392,0.87,0.0
cap000-b4060-s29,cap000-b4060,29,11738112,0.82,0.0
cap000-b4060-s29,cap000-b4060,29,11768832,0.81,0.0
cap000-b4060-s29,cap000-b4060,29,11799552,0.8,0.0
cap000-b4060-s29,cap000-b4060,29,11830272,0.83,0.0
cap000-b4060-s29,cap000-b4060,29,11860992,0.78,0.0
cap000-b4060-s29,cap000-b4060,29,11891712,0.82,0.0
cap000-b4060-s29,cap000-b4060,29,11922432,0.76,0.0
cap000-b4060-s29,cap000-b4060,29,11953152,0.89,0.0
cap000-b4060-s29,cap000-b4060,29,11983872,0.79,0.0
cap000-b4060-s29,cap000-b4060,29,12014592,0.81,0.0
cap000-b4060-s29,cap000-b4060,29,12045312,0.81,0.0
cap000-b4060-s29,cap000-b4060,29,12076032,0.83,0.0
cap000-b4060-s29,cap000-b4060,29,12106752,0.91,0.0
cap000-b4060-s29,cap000-b4060,29,12137472,0.85,0.0
cap000-b4060-s29,cap000-b4060,29,12168192,0.81,0.0
cap000-b4060-s29,cap000-b4060,29,12198912,0.86,0.0
cap000-b4060-s29,cap000-b4060,29,12229632,0.84,0.0
cap000-b4060-s29,cap000-b4060,29,12260352,0.85,0.0
cap000-b4060-s29,cap000-b4060,29,12291072,0.79,0.0
cap000-b4060-s29,cap000-b4060,29,12321792,0.79,0.0
cap000-b4060-s29,cap000-b4060,29,12352512,0.85,0.0
cap000-b4060-s29,cap000-b4060,29,12383232,0.8,0.0
cap000-b4060-s29,cap000-b4060,29,12413952,0.82,0.0
cap000-b4060-s29,cap000-b4060,29,12444672,0.84,0.0
cap000-b4060-s29,cap000-b4060,29,12475392,0.87,0.0
cap000-b4060-s29,cap000-b4060,29,12506112,0.86,0.0
cap000-b4060-s29,cap000-b4060,29,12536832,0.87,0.0
cap000-b4060-s29,cap000-b4060,29,12567552,0.83,0.0
cap000-b4060-s29,cap000-b4060,29,12598272,0.81,0.0
cap000-b4060-s29,cap000-b4060,29,12628992,0.87,0.0
cap000-b4060-s29,cap000-b4060,29,12659712,0.85,0.0
cap000-b4060-s29,cap000-b4060,29,12690432,0.89,0.0
cap000-b4060-s29,cap000-b4060,29,12721152,0.85,0.0
cap000-b4060-s29,cap000-b4060,29,12751872,0.82,0.0
cap000-b4060-s29,cap000-b4060,29,12782592,0.81,0.0
cap000-b4060-s29,cap000-b4060,29,12813312,0.81,0.0
cap000-b4060-s29,cap000-b4060,29,12844032,0.82,0.0
cap000-b4060-s29,cap000-b4060,29,12874752,0.82,0.0
cap000-b4060-s29,cap000-b4060,29,12905472,0.87,0.0
cap000-b4060-s29,cap000-b4060,29,12936192,0.85,0.0
cap000-b4060-s29,cap000-b4060,29,12966912,0.9,0.0
cap000-b4060-s29,cap000-b4060,29,12997632,0.8,0.0
cap000-b4060-s29,cap000-b4060,29,13028352,0.89,0.0
cap000-b4060-s29,cap000-b4060,29,13059072,0.84,0.0
cap000-b4060-s29,cap000-b4060,29,13089792,0.8,0.0
cap000-b4060-s29,cap000-b4060,29,13120512,0.84,0.0
cap000-b4060-s29,cap000-b4060,29,13151232,0.81,0.0
cap000-b4060-s29,cap000-b4060,29,13181952,0.85,0.0
cap000-b4060-s29,cap000-b4060,29,13212672,0.84,0.0
cap000-b4060-s29,cap000-b4060,29,13243392,0.87,0.0
cap000-b4060-s29,cap000-b4060,29,13274112,0.85,0.0
cap000-b4060-s29,cap000-b4060,29,13304832,0.79,0.0
cap000-b4060-s29,cap000-b4060,29,13335552,0.86,0.0
cap000-b4060-s29,cap000-b4060,29,13366272,0.82,0.0
cap000-b4060-s29,cap000-b4060,29,13396992,0.84,0.0
cap000-b4060-s29,cap000-b4060,29,13427712,0.82,0.0
cap000-b4060-s29,cap000-b4060,29,13458432,0.9,0.0
cap000-b4060-s29,cap000-b4060,29,13489152,0.84,0.0
cap000-b4060-s29,cap000-b4060,29,13519872,0.89,0.0
cap000-b4060-s29,cap000-b4060,29,13550592,0.83,0.0
cap000-b4060-s29,cap000-b4060,29,13581312,0.88,0.0
cap000-b4060-s29,cap000-b4060,29,13612032,0.81,0.0
cap000-b4060-s29,cap000-b4060,29,13642752,0.87,0.0
cap000-b4060-s29,cap000-b4060,29,13673472,0.9,0.0
cap000-b4060-s29,cap000-b4060,29,13704192,0.85,0.0
cap000-b4060-s29,cap000-b4060,29,13734912,0.85,0.0
cap000-b4060-s29,cap000-b4060,29,13765632,0.88,0.0
cap000-b4060-s29,cap000-b4060,29,13796352,0.93,0.0
cap000-b4060-s29,cap000-b4060,29,13827072,0.87,0.0
cap000-b4060-s29,cap000-b4060,29,13857792,0.9,0.0
cap000-b4060-s29,cap000-b4060,29,13888512,0.82,0.0
cap000-b4060-s29,cap000-b4060,29,13919232,0.87,0.0
cap000-b4060-s29,cap000-b4060,29,13949952,0.92,0.0
cap000-b4060-s29,cap000-b4060,29,13980672,0.91,0.0
cap000-b4060-s29,cap000-b4060,29,14011392,0.87,0.0
cap000-b4060-s29,cap000-b4060,29,14042112,0.89,0.0
cap000-b4060-s29,cap000-b4060,29,14072832,0.87,0.0
cap000-b4060-s29,cap000-b4060,29,14103552,0.79,0.0
cap000-b4060-s29,cap000-b4060,29,14134272,0.86,0.0
cap000-b4060-s29,cap000-b4060,29,14164992,0.88,0.0
cap000-b4060-s29,cap000-b4060,29,14195712,0.9,0.0
cap000-b4060-s29,cap000-b4060,29,14226432,0.87,0.0
cap000-b4060-s29,cap000-b4060,29,14257152,0.9,0.0
cap000-b4060-s29,cap000-b4060,29,14287872,0.86,0.0
cap000-b4060-s29,cap000-b4060,29,14318592,0.92,0.0
cap000-b4060-s29,cap000-b4060,29,14349312,0.93,0.0
cap000-b4060-s29,cap000-b4060,29,14380032,0.85,0.0
cap000-b4060-s29,cap000-b4060,29,14410752,0.88,0.0
cap000-b4060-s29,cap000-b4060,29,14441472,0.95,0.0
cap000-b4060-s29,cap000-b4060,29,14472192,0.91,0.0
cap000-b4060-s29,cap000-b4060,29,14502912,0.93,0.0
cap000-b4060-s29,cap000-b4060,29,14533632,0.92,0.0
cap000-b4060-s29,cap000-b4060,29,14564352,0.93,0.0
cap000-b4060-s29,cap000-b4060,29,14595072,0.9,0.0
cap000-b4060-s29,cap000-b4060,29,14625792,0.95,0.0
cap000-b4060-s29,cap000-b4060,29,14656512,0.93,0.0
cap000-b4060-s29,cap000-b4060,29,14687232,0.91,0.0
cap000-b4060-s29,cap000-b4060,29,14717952,0.91,0.0
cap000-b4060-s29,cap000-b4060,29,14748672,0.89,0.0
cap000-b4060-s29,cap000-b4060,29,14779392,0.92,0.0
cap000-b4060-s29,cap000-b4060,29,14810112,0.98,0.0
cap000-b4060-s29,cap000-b4060,29,14840832,0.93,0.0
cap000-b4060-s29,cap000-b4060,29,14871552,0.91,0.0
cap000-b4060-s29,cap000-b4060,29,14902272,0.94,0.0
cap000-b4060-s29,cap000-b4060,29,14932992,0.87,0.0
cap000-b4060-s29,cap000-b4060,29,14963712,0.92,0.0
cap000-b4060-s29,cap000-b4060,29,14994432,0.93,0.0
cap000-b4060-s29,cap000-b4060,29,14997504,0.92,0.0
fix015-s27,fix015,27,4457472,0.16,0.15
fix015-s27,fix015,27,4488192,0.18,0.15
fix015-s27,fix015,27,4518912,0.21,0.15
fix015-s27,fix015,27,4549632,0.13,0.15
fix015-s27,fix015,27,4580352,0.12,0.15
fix015-s27,fix015,27,4611072,0.15,0.15
fix015-s27,fix015,27,4641792,0.14,0.15
fix015-s27,fix015,27,4672512,0.14,0.15
fix015-s27,fix015,27,4703232,0.17,0.15
fix015-s27,fix015,27,4733952,0.21,0.15
fix015-s27,fix015,27,4764672,0.19,0.15
fix015-s27,fix015,27,4795392,0.16,0.15
fix015-s27,fix015,27,4826112,0.2,0.15
fix015-s27,fix015,27,4856832,0.23,0.15
fix015-s27,fix015,27,4887552,0.16,0.15
fix015-s27,fix015,27,4918272,0.19,0.15
fix015-s27,fix015,27,4948992,0.2,0.15
fix015-s27,fix015,27,4979712,0.18,0.15
fix015-s27,fix015,27,5010432,0.16,0.15
fix015-s27,fix015,27,5041152,0.16,0.15
fix015-s27,fix015,27,5071872,0.15,0.15
fix015-s27,fix015,27,5102592,0.22,0.15
fix015-s27,fix015,27,5133312,0.17,0.15
fix015-s27,fix015,27,5164032,0.15,0.15
fix015-s27,fix015,27,5194752,0.2,0.15
fix015-s27,fix015,27,5225472,0.14,0.15
fix015-s27,fix015,27,5256192,0.1,0.15
fix015-s27,fix015,27,5286912,0.07,0.15
fix015-s27,fix015,27,5317632,0.08,0.15
fix015-s27,fix015,27,5348352,0.14,0.15
fix015-s27,fix015,27,5379072,0.14,0.15
fix015-s27,fix015,27,5409792,0.12,0.15
fix015-s27,fix015,27,5440512,0.16,0.15
fix015-s27,fix015,27,5471232,0.16,0.15
fix015-s27,fix015,27,5501952,0.16,0.15
fix015-s27,fix015,27,5532672,0.18,0.15
fix015-s27,fix015,27,5563392,0.14,0.15
fix015-s27,fix015,27,5594112,0.16,0.15
fix015-s27,fix015,27,5624832,0.2,0.15
fix015-s27,fix015,27,5655552,0.22,0.15
fix015-s27,fix015,27,5686272,0.19,0.15
fix015-s27,fix015,27,5716992,0.23,0.15
fix015-s27,fix015,27,5747712,0.18,0.15
fix015-s27,fix015,27,5778432,0.1,0.15
fix015-s27,fix015,27,5809152,0.25,0.15
fix015-s27,fix015,27,5839872,0.16,0.15
fix015-s27,fix015,27,5870592,0.15,0.15
fix015-s27,fix015,27,5901312,0.21,0.15
fix015-s27,fix015,27,5932032,0.23,0.15
fix015-s27,fix015,27,5962752,0.15,0.15
fix015-s27,fix015,27,5993472,0.17,0.15
fix015-s27,fix015,27,6024192,0.14,0.15
fix015-s27,fix015,27,6054912,0.17,0.15
fix015-s27,fix015,27,6085632,0.15,0.15
fix015-s27,fix015,27,6116352,0.16,0.15
fix015-s27,fix015,27,6147072,0.11,0.15
fix015-s27,fix015,27,6177792,0.19,0.15
fix015-s27,fix015,27,6208512,0.23,0.15
fix015-s27,fix015,27,6239232,0.22,0.15
fix015-s27,fix015,27,6269952,0.2,0.15
fix015-s27,fix015,27,6300672,0.17,0.15
fix015-s27,fix015,27,6331392,0.16,0.15
fix015-s27,fix015,27,6362112,0.18,0.15
fix015-s27,fix015,27,6392832,0.24,0.15
fix015-s27,fix015,27,6423552,0.19,0.15
fix015-s27,fix015,27,6454272,0.23,0.15
fix015-s27,fix015,27,6484992,0.2,0.15
fix015-s27,fix015,27,6515712,0.23,0.15
fix015-s27,fix015,27,6546432,0.17,0.15
fix015-s27,fix015,27,6577152,0.25,0.15
fix015-s27,fix015,27,6607872,0.22,0.15
fix015-s27,fix015,27,6638592,0.2,0.15
fix015-s27,fix015,27,6669312,0.12,0.15
fix015-s27,fix015,27,6700032,0.18,0.15
fix015-s27,fix015,27,6730752,0.21,0.15
fix015-s27,fix015,27,6761472,0.14,0.15
fix015-s27,fix015,27,6792192,0.2,0.15
fix015-s27,fix015,27,6822912,0.14,0.15
fix015-s27,fix015,27,6853632,0.14,0.15
fix015-s27,fix015,27,6884352,0.23,0.15
fix015-s27,fix015,27,6915072,0.2,0.15
fix015-s27,fix015,27,6945792,0.29,0.15
fix015-s27,fix015,27,6976512,0.22,0.15
fix015-s27,fix015,27,7007232,0.15,0.15
fix015-s27,fix015,27,7037952,0.34,0.15
fix015-s27,fix015,27,7068672,0.24,0.15
fix015-s27,fix015,27,7099392,0.22,0.15
fix015-s27,fix015,27,7130112,0.2,0.15
fix015-s27,fix015,27,7160832,0.17,0.15
fix015-s27,fix015,27,7191552,0.18,0.15
fix015-s27,fix015,27,7222272,0.24,0.15
fix015-s27,fix015,27,7252992,0.17,0.15
fix015-s27,fix015,27,7283712,0.19,0.15
fix015-s27,fix015,27,7314432,0.18,0.15
fix015-s27,fix015,27,7345152,0.21,0.15
fix015-s27,fix015,27,7375872,0.21,0.15
fix015-s27,fix015,27,7406592,0.27,0.15
fix015-s27,fix015,27,7437312,0.19,0.15
fix015-s27,fix015,27,7468032,0.32,0.15
fix015-s27,fix015,27,7498752,0.3,0.15
fix015-s27,fix015,27,7529472,0.24,0.15
fix015-s27,fix015,27,7560192,0.28,0.15
fix015-s27,fix015,27,7590912,0.25,0.15
fix015-s27,fix015,27,7621632,0.22,0.15
fix015-s27,fix015,27,7652352,0.28,0.15
fix015-s27,fix015,27,7683072,0.32,0.15
fix015-s27,fix015,27,7713792,0.38,0.15
fix015-s27,fix015,27,7744512,0.22,0.15
fix015-s27,fix015,27,7775232,0.29,0.15
fix015-s27,fix015,27,7805952,0.29,0.15
fix015-s27,fix015,27,7836672,0.3,0.15
fix015-s27,fix015,27,7867392,0.39,0.15
fix015-s27,fix015,27,7898112,0.23,0.15
fix015-s27,fix015,27,7928832,0.27,0.15
fix015-s27,fix015,27,7959552,0.15,0.15
fix015-s27,fix015,27,7990272,0.23,0.15
fix015-s27,fix015,27,8020992,0.24,0.15
fix015-s27,fix015,27,8051712,0.33,0.15
fix015-s27,fix015,27,8082432,0.23,0.15
fix015-s27,fix015,27,8113152,0.33,0.15
fix015-s27,fix015,27,8143872,0.2,0.15
fix015-s27,fix015,27,8174592,0.2,0.15
fix015-s27,fix015,27,8205312,0.31,0.15
fix015-s27,fix015,27,8236032,0.26,0.15
fix015-s27,fix015,27,8266752,0.3,0.15
fix015-s27,fix015,27,8297472,0.28,0.15
fix015-s27,fix015,27,8328192,0.25,0.15
fix015-s27,fix015,27,8358912,0.34,0.15
fix015-s27,fix015,27,8389632,0.35,0.15
fix015-s27,fix015,27,8420352,0.29,0.15
fix015-s27,fix015,27,8451072,0.36,0.15
fix015-s27,fix015,27,8481792,0.3,0.15
fix015-s27,fix015,27,8512512,0.35,0.15
fix015-s27,fix015,27,8543232,0.29,0.15
fix015-s27,fix015,27,8573952,0.35,0.15
fix015-s27,fix015,27,8604672,0.3,0.15
fix015-s27,fix015,27,8635392,0.36,0.15
fix015-s27,fix015,27,8666112,0.29,0.15
fix015-s27,fix015,27,8696832,0.3,0.15
fix015-s27,fix015,27,8727552,0.33,0.15
fix015-s27,fix015,27,8758272,0.29,0.15
fix015-s27,fix015,27,8788992,0.42,0.15
fix015-s27,fix015,27,8819712,0.37,0.15
fix015-s27,fix015,27,8850432,0.3,0.15
fix015-s27,fix015,27,8881152,0.34,0.15
fix015-s27,fix015,27,8911872,0.37,0.15
fix015-s27,fix015,27,8942592,0.23,0.15
fix015-s27,fix015,27,8973312,0.31,0.15
fix015-s27,fix015,27,9004032,0.24,0.15
fix015-s27,fix015,27,9034752,0.28,0.15
fix015-s27,fix015,27,9065472,0.36,0.15
fix015-s27,fix015,27,9096192,0.37,0.15
fix015-s27,fix015,27,9126912,0.35,0.15
fix015-s27,fix015,27,9157632,0.37,0.15
fix015-s27,fix015,27,9188352,0.36,0.15
fix015-s27,fix015,27,9219072,0.44,0.15
fix015-s27,fix015,27,9249792,0.39,0.15
fix015-s27,fix015,27,9280512,0.3,0.15
fix015-s27,fix015,27,9311232,0.43,0.15
fix015-s27,fix015,27,9341952,0.29,0.15
fix015-s27,fix015,27,9372672,0.42,0.15
fix015-s27,fix015,27,9403392,0.35,0.15
fix015-s27,fix015,27,9434112,0.28,0.15
fix015-s27,fix015,27,9464832,0.35,0.15
fix015-s27,fix015,27,9495552,0.31,0.15
fix015-s27,fix015,27,9526272,0.3,0.15
fix015-s27,fix015,27,9556992,0.33,0.15
fix015-s27,fix015,27,9587712,0.5,0.15
fix015-s27,fix015,27,9618432,0.35,0.15
fix015-s27,fix015,27,9649152,0.41,0.15
fix015-s27,fix015,27,9679872,0.24,0.15
fix015-s27,fix015,27,9710592,0.3,0.15
fix015-s27,fix015,27,9741312,0.41,0.15
fix015-s27,fix015,27,9772032,0.42,0.15
fix015-s27,fix015,27,9802752,0.31,0.15
fix015-s27,fix015,27,9833472,0.38,0.15
fix015-s27,fix015,27,9864192,0.26,0.15
fix015-s27,fix015,27,9894912,0.33,0.15
fix015-s27,fix015,27,9925632,0.39,0.15
fix015-s27,fix015,27,9956352,0.38,0.15
fix015-s27,fix015,27,9987072,0.44,0.15
fix015-s27,fix015,27,10017792,0.32,0.15
fix015-s27,fix015,27,10048512,0.44,0.15
fix015-s27,fix015,27,10079232,0.41,0.15
fix015-s27,fix015,27,10109952,0.37,0.15
fix015-s27,fix015,27,10140672,0.29,0.15
fix015-s27,fix015,27,10171392,0.36,0.15
fix015-s27,fix015,27,10202112,0.4,0.15
fix015-s27,fix015,27,10232832,0.42,0.15
fix015-s27,fix015,27,10263552,0.36,0.15
fix015-s27,fix015,27,10294272,0.43,0.15
fix015-s27,fix015,27,10324992,0.41,0.15
fix015-s27,fix015,27,10355712,0.49,0.15
fix015-s27,fix015,27,10386432,0.41,0.15
fix015-s27,fix015,27,10417152,0.34,0.15
fix015-s27,fix015,27,10447872,0.35,0.15
fix015-s27,fix015,27,10478592,0.4,0.15
fix015-s27,fix015,27,10509312,0.41,0.15
fix015-s27,fix015,27,10540032,0.29,0.15
fix015-s27,fix015,27,10570752,0.37,0.15
fix015-s27,fix015,27,10601472,0.38,0.15
fix015-s27,fix015,27,10632192,0.37,0.15
fix015-s27,fix015,27,10662912,0.42,0.15
fix015-s27,fix015,27,10693632,0.39,0.15
fix015-s27,fix015,27,10724352,0.4,0.15
fix015-s27,fix015,27,10755072,0.48,0.15
fix015-s27,fix015,27,10785792,0.38,0.15
fix015-s27,fix015,27,10816512,0.42,0.15
fix015-s27,fix015,27,10847232,0.25,0.15
fix015-s27,fix015,27,10877952,0.42,0.15
fix015-s27,fix015,27,10908672,0.44,0.15
fix015-s27,fix015,27,10939392,0.32,0.15
fix015-s27,fix015,27,10970112,0.36,0.15
fix015-s27,fix015,27,11000832,0.44,0.15
fix015-s27,fix015,27,11031552,0.47,0.15
fix015-s27,fix015,27,11062272,0.36,0.15
fix015-s27,fix015,27,11092992,0.43,0.15
fix015-s27,fix015,27,11123712,0.41,0.15
fix015-s27,fix015,27,11154432,0.37,0.15
fix015-s27,fix015,27,11185152,0.4,0.15
fix015-s27,fix015,27,11215872,0.48,0.15
fix015-s27,fix015,27,11246592,0.34,0.15
fix015-s27,fix015,27,11277312,0.43,0.15
fix015-s27,fix015,27,11308032,0.35,0.15
fix015-s27,fix015,27,11338752,0.48,0.15
fix015-s27,fix015,27,11369472,0.37,0.15
fix015-s27,fix015,27,11400192,0.51,0.15
fix015-s27,fix015,27,11430912,0.41,0.15
fix015-s27,fix015,27,11461632,0.42,0.15
fix015-s27,fix015,27,11492352,0.42,0.15
fix015-s27,fix015,27,11523072,0.46,0.15
fix015-s27,fix015,27,11553792,0.39,0.15
fix015-s27,fix015,27,11584512,0.45,0.15
fix015-s27,fix015,27,11615232,0.35,0.15
fix015-s27,fix015,27,11645952,0.37,0.15
fix015-s27,fix015,27,11676672,0.43,0.15
fix015-s27,fix015,27,11707392,0.5,0.15
fix015-s27,fix015,27,11738112,0.46,0.15
fix015-s27,fix015,27,11768832,0.46,0.15
fix015-s27,fix015,27,11799552,0.51,0.15
fix015-s27,fix015,27,11830272,0.44,0.15
fix015-s27,fix015,27,11860992,0.54,0.15
fix015-s27,fix015,27,11891712,0.38,0.15
fix015-s27,fix015,27,11922432,0.45,0.15
fix015-s27,fix015,27,11953152,0.4,0.15
fix015-s27,fix015,27,11983872,0.41,0.15
fix015-s27,fix015,27,12014592,0.47,0.15
fix015-s27,fix015,27,12045312,0.52,0.15
fix015-s27,fix015,27,12076032,0.47,0.15
fix015-s27,fix015,27,12106752,0.44,0.15
fix015-s27,fix015,27,12137472,0.48,0.15
fix015-s27,fix015,27,12168192,0.34,0.15
fix015-s27,fix015,27,12198912,0.47,0.15
fix015-s27,fix015,27,12229632,0.51,0.15
fix015-s27,fix015,27,12260352,0.49,0.15
fix015-s27,fix015,27,12291072,0.42,0.15
fix015-s27,fix015,27,12321792,0.44,0.15
fix015-s27,fix015,27,12352512,0.4,0.15
fix015-s27,fix015,27,12383232,0.39,0.15
fix015-s27,fix015,27,12413952,0.4,0.15
fix015-s27,fix015,27,12444672,0.41,0.15
fix015-s27,fix015,27,12475392,0.55,0.15
fix015-s27,fix015,27,12506112,0.43,0.15
fix015-s27,fix015,27,12536832,0.41,0.15
fix015-s27,fix015,27,12567552,0.44,0.15
fix015-s27,fix015,27,12598272,0.38,0.15
fix015-s27,fix015,27,12628992,0.43,0.15
fix015-s27,fix015,27,12659712,0.41,0.15
fix015-s27,fix015,27,12690432,0.45,0.15
fix015-s27,fix015,27,12721152,0.43,0.15
fix015-s27,fix015,27,12751872,0.33,0.15
fix015-s27,fix015,27,12782592,0.48,0.15
fix015-s27,fix015,27,12813312,0.43,0.15
fix015-s27,fix015,27,12844032,0.39,0.15
fix015-s27,fix015,27,12874752,0.49,0.15
fix015-s27,fix015,27,12905472,0.39,0.15
fix015-s27,fix015,27,12936192,0.37,0.15
fix015-s27,fix015,27,12966912,0.49,0.15
fix015-s27,fix015,27,12997632,0.46,0.15
fix015-s27,fix015,27,13028352,0.46,0.15
fix015-s27,fix015,27,13059072,0.35,0.15
fix015-s27,fix015,27,13089792,0.42,0.15
fix015-s27,fix015,27,13120512,0.54,0.15
fix015-s27,fix015,27,13151232,0.36,0.15
fix015-s27,fix015,27,13181952,0.49,0.15
fix015-s27,fix015,27,13212672,0.47,0.15
fix015-s27,fix015,27,13243392,0.52,0.15
fix015-s27,fix015,27,13274112,0.46,0.15
fix015-s27,fix015,27,13304832,0.49,0.15
fix015-s27,fix015,27,13335552,0.53,0.15
fix015-s27,fix015,27,13366272,0.47,0.15
fix015-s27,fix015,27,13396992,0.46,0.15
fix015-s27,fix015,27,13427712,0.49,0.15
fix015-s27,fix015,27,13458432,0.48,0.15
fix015-s27,fix015,27,13489152,0.4,0.15
fix015-s27,fix015,27,13519872,0.53,0.15
fix015-s27,fix015,27,13550592,0.45,0.15
fix015-s27,fix015,27,13581312,0.48,0.15
fix015-s27,fix015,27,13612032,0.48,0.15
fix015-s27,fix015,27,13642752,0.41,0.15
fix015-s27,fix015,27,13673472,0.49,0.15
fix015-s27,fix015,27,13704192,0.48,0.15
fix015-s27,fix015,27,13734912,0.45,0.15
fix015-s27,fix015,27,13765632,0.47,0.15
fix015-s27,fix015,27,13796352,0.47,0.15
fix015-s27,fix015,27,13827072,0.46,0.15
fix015-s27,fix015,27,13857792,0.53,0.15
fix015-s27,fix015,27,13888512,0.42,0.15
fix015-s27,fix015,27,13919232,0.52,0.15
fix015-s27,fix015,27,13949952,0.54,0.15
fix015-s27,fix015,27,13980672,0.5,0.15
fix015-s27,fix015,27,14011392,0.43,0.15
fix015-s27,fix015,27,14042112,0.49,0.15
fix015-s27,fix015,27,14072832,0.56,0.15
fix015-s27,fix015,27,14103552,0.48,0.15
fix015-s27,fix015,27,14134272,0.49,0.15
fix015-s27,fix015,27,14164992,0.46,0.15
fix015-s27,fix015,27,14195712,0.46,0.15
fix015-s27,fix015,27,14226432,0.51,0.15
fix015-s27,fix015,27,14257152,0.5,0.15
fix015-s27,fix015,27,14287872,0.48,0.15
fix015-s27,fix015,27,14318592,0.48,0.15
fix015-s27,fix015,27,14349312,0.5,0.15
fix015-s27,fix015,27,14380032,0.47,0.15
fix015-s27,fix015,27,14410752,0.5,0.15
fix015-s27,fix015,27,14441472,0.52,0.15
fix015-s27,fix015,27,14472192,0.41,0.15
fix015-s27,fix015,27,14502912,0.45,0.15
fix015-s27,fix015,27,14533632,0.48,0.15
fix015-s27,fix015,27,14564352,0.44,0.15
fix015-s27,fix015,27,14595072,0.46,0.15
fix015-s27,fix015,27,14625792,0.5,0.15
fix015-s27,fix015,27,14656512,0.49,0.15
fix015-s27,fix015,27,14687232,0.44,0.15
fix015-s27,fix015,27,14717952,0.48,0.15
fix015-s27,fix015,27,14748672,0.39,0.15
fix015-s27,fix015,27,14779392,0.52,0.15
fix015-s27,fix015,27,14810112,0.44,0.15
fix015-s27,fix015,27,14840832,0.45,0.15
fix015-s27,fix015,27,14871552,0.49,0.15
fix015-s27,fix015,27,14902272,0.42,0.15
fix015-s27,fix015,27,14932992,0.59,0.15
fix015-s27,fix015,27,14963712,0.49,0.15
fix015-s27,fix015,27,14994432,0.48,0.15
fix015-s27,fix015,27,14997504,0.57,0.15
