run,arm,seed,step,train_win_rate,train_score,difficulty,r_objective,r_alpha,r_beta,r_zeta,r_delta,coverage,visit_entropy
w11-ent0003-s51,w11-ent0003,51,3072,0.0,0.423,-1.0,,,,,,,
w11-ent0003-s51,w11-ent0003,51,33792,0.0,0.445,-1.0,-0.975,0.0,0.0,0.0,0.0,0.96,0.933
w11-ent0003-s51,w11-ent0003,51,64512,0.02,0.475,-1.0,-0.95,0.0,0.0,0.0,0.0,0.978,0.919
w11-ent0003-s51,w11-ent0003,51,95232,0.0,0.508,-1.0,-0.975,0.0,0.0,0.0,0.0,0.982,0.905
w11-ent0003-s51,w11-ent0003,51,125952,0.01,0.543,-1.0,-0.9791,0.0,0.0,0.0,0.0,0.983,0.899
w11-ent0003-s51,w11-ent0003,51,156672,0.01,0.523,-1.0,-0.9518,0.0,0.0,0.0,0.0,0.984,0.894
w11-ent0003-s51,w11-ent0003,51,187392,0.04,0.562,-1.0,-0.925,0.0,0.0,0.0,0.0,0.988,0.889
w11-ent0003-s51,w11-ent0003,51,218112,0.03,0.616,-1.0,-0.95,0.0,0.0,0.0,0.0,0.99,0.887
w11-ent0003-s51,w11-ent0003,51,248832,0.05,0.643,-1.0,-0.9559,0.0,0.0,0.0,0.0,0.992,0.888
w11-ent0003-s51,w11-ent0003,51,279552,0.04,0.595,-1.0,-0.8887,0.0,0.0,0.0,0.0,0.994,0.888
w11-ent0003-s51,w11-ent0003,51,310272,0.07,0.638,-1.0,-0.8342,0.0,0.0,0.0,0.0,0.997,0.889
w11-ent0003-s51,w11-ent0003,51,340992,0.07,0.634,-1.0,-0.8772,0.0,0.0,0.0,0.0,0.999,0.89
w11-ent0003-s51,w11-ent0003,51,371712,0.02,0.608,-1.0,-0.7596,0.0,0.0,0.0,0.0,0.999,0.89
w11-ent0003-s51,w11-ent0003,51,402432,0.03,0.621,-1.0,-0.8595,0.0,0.0,0.0,0.0,0.999,0.891
w11-ent0003-s51,w11-ent0003,51,433152,0.09,0.671,-1.0,-0.8306,0.0,0.0,0.0,0.0,0.999,0.891
w11-ent0003-s51,w11-ent0003,51,463872,0.07,0.694,-1.0,-0.8604,0.0,0.0,0.0,0.0,0.999,0.891
w11-ent0003-s51,w11-ent0003,51,494592,0.06,0.648,-1.0,-0.8551,0.0,0.0,0.0,0.0,0.999,0.892
w11-ent0003-s51,w11-ent0003,51,525312,0.09,0.682,-1.0,-0.8034,0.0,0.0,0.0,0.0,0.999,0.894
w11-ent0003-s51,w11-ent0003,51,556032,0.18,0.798,-1.0,-0.8841,0.0,0.0,0.0,0.0,0.999,0.895
w11-ent0003-s51,w11-ent0003,51,586752,0.09,0.705,-1.0,-0.8606,0.0,0.0,0.0,0.0,0.999,0.896
w11-ent0003-s51,w11-ent0003,51,617472,0.11,0.719,-1.0,-0.8322,0.0,0.0,0.0,0.0,0.999,0.896
w11-ent0003-s51,w11-ent0003,51,648192,0.13,0.739,-1.0,-0.7805,0.0,0.0,0.0,0.0,0.999,0.897
w11-ent0003-s51,w11-ent0003,51,678912,0.12,0.748,-1.0,-0.7596,0.0,0.0,0.0,0.0,0.999,0.897
w11-ent0003-s51,w11-ent0003,51,709632,0.08,0.721,-1.0,-0.6671,0.0,0.0,0.0,0.0,0.999,0.898
w11-ent0003-s51,w11-ent0003,51,740352,0.09,0.693,-1.0,-0.6731,0.0,0.0,0.0,0.0,0.999,0.898
w11-ent0003-s51,w11-ent0003,51,771072,0.08,0.697,-1.0,-0.8785,0.0,0.0,0.0,0.0,0.999,0.899
w11-ent0003-s51,w11-ent0003,51,801792,0.1,0.686,-1.0,-0.7894,0.0,0.0,0.0,0.0,1.0,0.9
w11-ent0003-s51,w11-ent0003,51,832512,0.14,0.756,-1.0,-0.8106,0.0,0.0,0.0,0.0,1.0,0.901
w11-ent0003-s51,w11-ent0003,51,863232,0.12,0.742,-1.0,-0.6885,0.0,0.0,0.0,0.0,1.0,0.902
w11-ent0003-s51,w11-ent0003,51,893952,0.11,0.737,-1.0,-0.7399,0.0,0.0,0.0,0.0,1.0,0.903
w11-ent0003-s51,w11-ent0003,51,924672,0.14,0.788,-1.0,-0.7631,0.0,0.0,0.0,0.0,1.0,0.904
w11-ent0003-s51,w11-ent0003,51,955392,0.14,0.789,-1.0,-0.746,0.0,0.0,0.0,0.0,1.0,0.904
w11-ent0003-s51,w11-ent0003,51,986112,0.13,0.743,-1.0,-0.6286,0.0,0.0,0.0,0.0,1.0,0.905
w11-ent0003-s51,w11-ent0003,51,1016832,0.2,0.801,-1.0,-0.6551,0.0,0.0,0.0,0.0,1.0,0.905
w11-ent0003-s51,w11-ent0003,51,1047552,0.11,0.742,-1.0,-0.8091,0.0,0.0,0.0,0.0,1.0,0.905
w11-ent0003-s51,w11-ent0003,51,1078272,0.1,0.751,-1.0,-0.6907,0.0,0.0,0.0,0.0,1.0,0.906
w11-ent0003-s51,w11-ent0003,51,1108992,0.12,0.731,-1.0,-0.7323,0.0,0.0,0.0,0.0,1.0,0.906
w11-ent0003-s51,w11-ent0003,51,1139712,0.08,0.713,-1.0,-0.8064,0.0,0.0,0.0,0.0,1.0,0.906
w11-ent0003-s51,w11-ent0003,51,1170432,0.15,0.756,-1.0,-0.817,0.0,0.0,0.0,0.0,1.0,0.906
w11-ent0003-s51,w11-ent0003,51,1201152,0.1,0.719,-1.0,-0.7064,0.0,0.0,0.0,0.0,1.0,0.906
w11-ent0003-s51,w11-ent0003,51,1231872,0.19,0.813,-1.0,-0.5787,0.0,0.0,0.0,0.0,1.0,0.906
w11-ent0003-s51,w11-ent0003,51,1262592,0.11,0.792,-1.0,-0.6668,0.0,0.0,0.0,0.0,1.0,0.905
w11-ent0003-s51,w11-ent0003,51,1293312,0.11,0.757,-1.0,-0.57,0.0,0.0,0.0,0.0,1.0,0.905
w11-ent0003-s51,w11-ent0003,51,1324032,0.18,0.791,-1.0,-0.604,0.0,0.0,0.0,0.0,1.0,0.905
w11-ent0003-s51,w11-ent0003,51,1354752,0.17,0.8,-1.0,-0.515,0.0,0.0,0.0,0.0,1.0,0.904
w11-ent0003-s51,w11-ent0003,51,1385472,0.18,0.8,-1.0,-0.6095,0.0,0.0,0.0,0.0,1.0,0.904
w11-ent0003-s51,w11-ent0003,51,1416192,0.15,0.769,-1.0,-0.4442,0.0,0.0,0.0,0.0,1.0,0.903
w11-ent0003-s51,w11-ent0003,51,1446912,0.22,0.838,-1.0,-0.5389,0.0,0.0,0.0,0.0,1.0,0.903
w11-ent0003-s51,w11-ent0003,51,1477632,0.2,0.865,-1.0,-0.6428,0.0,0.0,0.0,0.0,1.0,0.903
w11-ent0003-s51,w11-ent0003,51,1508352,0.14,0.75,-1.0,-0.5241,0.0,0.0,0.0,0.0,1.0,0.902
w11-ent0003-s51,w11-ent0003,51,1539072,0.23,0.866,-1.0,-0.5208,0.0,0.0,0.0,0.0,1.0,0.902
w11-ent0003-s51,w11-ent0003,51,1569792,0.25,0.875,-1.0,-0.4912,0.0,0.0,0.0,0.0,1.0,0.902
w11-ent0003-s51,w11-ent0003,51,1600512,0.14,0.801,-1.0,-0.6401,0.0,0.0,0.0,0.0,1.0,0.902
w11-ent0003-s51,w11-ent0003,51,1631232,0.16,0.838,-1.0,-0.5881,0.0,0.0,0.0,0.0,1.0,0.902
w11-ent0003-s51,w11-ent0003,51,1661952,0.22,0.894,-1.0,-0.5016,0.0,0.0,0.0,0.0,1.0,0.903
w11-ent0003-s51,w11-ent0003,51,1692672,0.18,0.851,-1.0,-0.5472,0.0,0.0,0.0,0.0,1.0,0.903
w11-ent0003-s51,w11-ent0003,51,1723392,0.2,0.822,-1.0,-0.402,0.0,0.0,0.0,0.0,1.0,0.903
w11-ent0003-s51,w11-ent0003,51,1754112,0.16,0.798,-1.0,-0.5179,0.0,0.0,0.0,0.0,1.0,0.903
w11-ent0003-s51,w11-ent0003,51,1784832,0.25,0.872,-1.0,-0.6591,0.0,0.0,0.0,0.0,1.0,0.903
w11-ent0003-s51,w11-ent0003,51,1815552,0.16,0.82,-1.0,-0.3292,0.0,0.0,0.0,0.0,1.0,0.904
w11-ent0003-s51,w11-ent0003,51,1846272,0.2,0.825,-1.0,-0.4574,0.0,0.0,0.0,0.0,1.0,0.904
w11-ent0003-s51,w11-ent0003,51,1876992,0.18,0.812,-1.0,-0.6664,0.0,0.0,0.0,0.0,1.0,0.904
w11-ent0003-s51,w11-ent0003,51,1907712,0.18,0.81,-1.0,-0.4689,0.0,0.0,0.0,0.0,1.0,0.905
w11-ent0003-s51,w11-ent0003,51,1938432,0.31,0.914,-1.0,-0.555,0.0,0.0,0.0,0.0,1.0,0.905
w11-ent0003-s51,w11-ent0003,51,1969152,0.25,0.902,-1.0,-0.4044,0.0,0.0,0.0,0.0,1.0,0.905
w11-ent0003-s51,w11-ent0003,51,1999872,0.29,0.911,-1.0,-0.6206,0.0,0.0,0.0,0.0,1.0,0.905
w11-ent0003-s51,w11-ent0003,51,2030592,0.17,0.817,-1.0,-0.2486,0.0,0.0,0.0,0.0,1.0,0.905
w11-ent0003-s51,w11-ent0003,51,2061312,0.28,0.892,-1.0,-0.4135,0.0,0.0,0.0,0.0,1.0,0.905
w11-ent0003-s51,w11-ent0003,51,2092032,0.2,0.847,-1.0,-0.4309,0.0,0.0,0.0,0.0,1.0,0.905
w11-ent0003-s51,w11-ent0003,51,2122752,0.26,0.871,-1.0,-0.4311,0.0,0.0,0.0,0.0,1.0,0.905
w11-ent0003-s51,w11-ent0003,51,2153472,0.3,0.876,-1.0,-0.5224,0.0,0.0,0.0,0.0,1.0,0.905
w11-ent0003-s51,w11-ent0003,51,2184192,0.27,0.904,-1.0,-0.1781,0.0,0.0,0.0,0.0,1.0,0.905
w11-ent0003-s51,w11-ent0003,51,2214912,0.25,0.847,-1.0,-0.485,0.0,0.0,0.0,0.0,1.0,0.905
w11-ent0003-s51,w11-ent0003,51,2245632,0.28,0.878,-1.0,-0.2906,0.0,0.0,0.0,0.0,1.0,0.905
w11-ent0003-s51,w11-ent0003,51,2276352,0.16,0.805,-1.0,-0.3255,0.0,0.0,0.0,0.0,1.0,0.905
w11-ent0003-s51,w11-ent0003,51,2307072,0.2,0.856,-1.0,-0.3755,0.0,0.0,0.0,0.0,1.0,0.905
w11-ent0003-s51,w11-ent0003,51,2337792,0.32,0.9,-1.0,-0.38,0.0,0.0,0.0,0.0,1.0,0.905
w11-ent0003-s51,w11-ent0003,51,2368512,0.27,0.884,-1.0,-0.3208,0.0,0.0,0.0,0.0,1.0,0.905
w11-ent0003-s51,w11-ent0003,51,2399232,0.19,0.848,-1.0,-0.427,0.0,0.0,0.0,0.0,1.0,0.905
w11-ent0003-s51,w11-ent0003,51,2429952,0.29,0.916,-1.0,-0.1325,0.0,0.0,0.0,0.0,1.0,0.905
w11-ent0003-s51,w11-ent0003,51,2460672,0.36,0.965,-1.0,-0.4436,0.0,0.0,0.0,0.0,1.0,0.905
w11-ent0003-s51,w11-ent0003,51,2491392,0.26,0.864,-1.0,-0.0271,0.0,0.0,0.0,0.0,1.0,0.905
w11-ent0003-s51,w11-ent0003,51,2522112,0.31,0.922,-1.0,-0.2138,0.0,0.0,0.0,0.0,1.0,0.904
w11-ent0003-s51,w11-ent0003,51,2552832,0.31,0.915,-1.0,-0.1563,0.0,0.0,0.0,0.0,1.0,0.904
w11-ent0003-s51,w11-ent0003,51,2583552,0.33,0.93,-1.0,-0.2433,0.0,0.0,0.0,0.0,1.0,0.904
w11-ent0003-s51,w11-ent0003,51,2614272,0.32,0.914,-1.0,-0.2062,0.0,0.0,0.0,0.0,1.0,0.904
w11-ent0003-s51,w11-ent0003,51,2644992,0.3,0.914,-1.0,-0.3352,0.0,0.0,0.0,0.0,1.0,0.904
w11-ent0003-s51,w11-ent0003,51,2675712,0.41,0.996,-1.0,-0.079,0.0,0.0,0.0,0.0,1.0,0.904
w11-ent0003-s51,w11-ent0003,51,2706432,0.33,0.943,-1.0,-0.1403,0.0,0.0,0.0,0.0,1.0,0.904
w11-ent0003-s51,w11-ent0003,51,2737152,0.45,1.012,-1.0,0.0883,0.0,0.0,0.0,0.0,1.0,0.903
w11-ent0003-s51,w11-ent0003,51,2767872,0.34,0.938,-1.0,-0.0528,0.0,0.0,0.0,0.0,1.0,0.903
w11-ent0003-s51,w11-ent0003,51,2798592,0.45,1.049,-1.0,-0.1074,0.0,0.0,0.0,0.0,1.0,0.903
w11-ent0003-s51,w11-ent0003,51,2829312,0.43,0.993,-1.0,-0.1587,0.0,0.0,0.0,0.0,1.0,0.903
w11-ent0003-s51,w11-ent0003,51,2860032,0.46,1.006,-1.0,-0.1075,0.0,0.0,0.0,0.0,1.0,0.903
w11-ent0003-s51,w11-ent0003,51,2890752,0.48,1.053,-1.0,-0.1502,0.0,0.0,0.0,0.0,1.0,0.903
w11-ent0003-s51,w11-ent0003,51,2921472,0.4,0.97,-1.0,0.0815,0.0,0.0,0.0,0.0,1.0,0.903
w11-ent0003-s51,w11-ent0003,51,2952192,0.44,0.992,-1.0,0.1111,0.0,0.0,0.0,0.0,1.0,0.903
w11-ent0003-s51,w11-ent0003,51,2982912,0.36,0.968,-1.0,-0.116,0.0,0.0,0.0,0.0,1.0,0.903
w11-ent0003-s51,w11-ent0003,51,3013632,0.52,1.089,-1.0,-0.1282,0.0,0.0,0.0,0.0,1.0,0.903
w11-ent0003-s51,w11-ent0003,51,3044352,0.39,1.021,-1.0,-0.0814,0.0,0.0,0.0,0.0,1.0,0.903
w11-ent0003-s51,w11-ent0003,51,3075072,0.5,1.067,-1.0,0.0869,0.0,0.0,0.0,0.0,1.0,0.903
w11-ent0003-s51,w11-ent0003,51,3105792,0.46,1.033,-0.989,0.0463,0.0,0.0,0.0,0.0,1.0,0.903
w11-ent0003-s51,w11-ent0003,51,3136512,0.49,1.063,-1.0,0.138,0.0,0.0,0.0,0.0,1.0,0.903
w11-ent0003-s51,w11-ent0003,51,3167232,0.49,1.036,-1.0,-0.0102,0.0,0.0,0.0,0.0,1.0,0.903
w11-ent0003-s51,w11-ent0003,51,3197952,0.51,1.047,-1.0,0.1849,0.0,0.0,0.0,0.0,1.0,0.903
w11-ent0003-s51,w11-ent0003,51,3228672,0.51,1.063,-1.0,0.0769,0.0,0.0,0.0,0.0,1.0,0.903
w11-ent0003-s51,w11-ent0003,51,3259392,0.52,1.086,-1.0,0.1476,0.0,0.0,0.0,0.0,1.0,0.903
w11-ent0003-s51,w11-ent0003,51,3290112,0.47,1.049,-1.0,0.282,0.0,0.0,0.0,0.0,1.0,0.903
w11-ent0003-s51,w11-ent0003,51,3320832,0.4,0.991,-1.0,0.3277,0.0,0.0,0.0,0.0,1.0,0.903
w11-ent0003-s51,w11-ent0003,51,3351552,0.49,1.035,-1.0,0.0844,0.0,0.0,0.0,0.0,1.0,0.903
w11-ent0003-s51,w11-ent0003,51,3382272,0.36,0.961,-1.0,0.2585,0.0,0.0,0.0,0.0,1.0,0.903
w11-ent0003-s51,w11-ent0003,51,3412992,0.42,1.018,-1.0,-0.0817,0.0,0.0,0.0,0.0,1.0,0.903
w11-ent0003-s51,w11-ent0003,51,3443712,0.49,1.016,-0.983,0.2786,0.0,0.0,0.0,0.0,1.0,0.903
w11-ent0003-s51,w11-ent0003,51,3474432,0.43,1.005,-0.983,0.1925,0.0,0.0,0.0,0.0,1.0,0.903
w11-ent0003-s51,w11-ent0003,51,3505152,0.45,1.02,-0.983,0.3418,0.0,0.0,0.0,0.0,1.0,0.903
w11-ent0003-s51,w11-ent0003,51,3535872,0.49,1.06,-0.972,0.2549,0.0,0.0,0.0,0.0,1.0,0.903
w11-ent0003-s51,w11-ent0003,51,3566592,0.5,1.042,-0.972,0.1173,0.0,0.0,0.0,0.0,1.0,0.903
w11-ent0003-s51,w11-ent0003,51,3597312,0.6,1.126,-0.972,0.3409,0.0,0.0,0.0,0.0,1.0,0.903
w11-ent0003-s51,w11-ent0003,51,3628032,0.5,1.068,-0.972,0.2903,0.0,0.0,0.0,0.0,1.0,0.903
w11-ent0003-s51,w11-ent0003,51,3658752,0.51,1.064,-0.972,0.2962,0.0,0.0,0.0,0.0,1.0,0.903
w11-ent0003-s51,w11-ent0003,51,3689472,0.53,1.073,-0.972,0.1717,0.0,0.0,0.0,0.0,1.0,0.903
w11-ent0003-s51,w11-ent0003,51,3720192,0.48,1.069,-0.96,0.4878,0.0,0.0,0.0,0.0,1.0,0.903
w11-ent0003-s51,w11-ent0003,51,3750912,0.54,1.076,-0.96,0.3519,0.0,0.0,0.0,0.0,1.0,0.902
w11-ent0003-s51,w11-ent0003,51,3781632,0.52,1.071,-0.922,0.4158,0.0,0.0,0.0,0.0,1.0,0.902
w11-ent0003-s51,w11-ent0003,51,3812352,0.56,1.094,-0.922,0.2744,0.0,0.0,0.0,0.0,1.0,0.902
w11-ent0003-s51,w11-ent0003,51,3843072,0.54,1.098,-0.899,0.2789,0.0,0.0,0.0,0.0,1.0,0.902
w11-ent0003-s51,w11-ent0003,51,3873792,0.52,1.07,-0.899,0.2848,0.0,0.0,0.0,0.0,1.0,0.902
w11-ent0003-s51,w11-ent0003,51,3904512,0.55,1.083,-0.884,0.284,0.0,0.0,0.0,0.0,1.0,0.902
w11-ent0003-s51,w11-ent0003,51,3935232,0.57,1.095,-0.861,0.2673,0.0,0.0,0.0,0.0,1.0,0.902
w11-ent0003-s51,w11-ent0003,51,3965952,0.63,1.156,-0.847,0.3996,0.0,0.0,0.0,0.0,1.0,0.902
w11-ent0003-s51,w11-ent0003,51,3996672,0.54,1.092,-0.834,0.2073,0.0,0.0,0.0,0.0,1.0,0.902
w11-ent0003-s51,w11-ent0003,51,4027392,0.53,1.088,-0.834,0.2132,0.0,0.0,0.0,0.0,1.0,0.902
w11-ent0003-s51,w11-ent0003,51,4058112,0.61,1.117,-0.812,0.4488,0.0,0.0,0.0,0.0,1.0,0.902
w11-ent0003-s51,w11-ent0003,51,4088832,0.57,1.108,-0.778,0.4231,0.0,0.0,0.0,0.0,1.0,0.902
w11-ent0003-s51,w11-ent0003,51,4119552,0.55,1.103,-0.766,0.2421,0.0,0.0,0.0,0.0,1.0,0.902
w11-ent0003-s51,w11-ent0003,51,4150272,0.58,1.124,-0.751,0.3108,0.0,0.0,0.0,0.0,1.0,0.901
w11-ent0003-s51,w11-ent0003,51,4180992,0.58,1.113,-0.74,0.316,0.0,0.0,0.0,0.0,1.0,0.901
w11-ent0003-s51,w11-ent0003,51,4211712,0.63,1.134,-0.717,0.0933,0.0,0.0,0.0,0.0,1.0,0.901
w11-ent0003-s51,w11-ent0003,51,4242432,0.58,1.082,-0.676,0.4129,0.0,0.0,0.0,0.0,1.0,0.901
w11-ent0003-s51,w11-ent0003,51,4273152,0.64,1.153,-0.676,0.3692,0.0,0.0,0.0,0.0,1.0,0.901
w11-ent0003-s51,w11-ent0003,51,4303872,0.58,1.088,-0.662,0.3109,0.0,0.0,0.0,0.0,1.0,0.901
w11-ent0003-s51,w11-ent0003,51,4334592,0.6,1.126,-0.635,0.2669,0.0,0.0,0.0,0.0,1.0,0.901
w11-ent0003-s51,w11-ent0003,51,4365312,0.53,1.057,-0.611,0.3895,0.0,0.0,0.0,0.0,1.0,0.901
w11-ent0003-s51,w11-ent0003,51,4396032,0.58,1.099,-0.6,0.2536,0.0,0.0,0.0,0.0,1.0,0.901
w11-ent0003-s51,w11-ent0003,51,4426752,0.6,1.111,-0.551,0.2913,0.0,0.0,0.0,0.0,1.0,0.901
w11-ent0003-s51,w11-ent0003,51,4457472,0.55,1.044,-0.54,0.4106,0.0,0.0,0.0,0.0,1.0,0.901
w11-ent0003-s51,w11-ent0003,51,4488192,0.58,1.072,-0.526,0.1362,0.0,0.0,0.0,0.0,1.0,0.9
w11-ent0003-s51,w11-ent0003,51,4518912,0.58,1.085,-0.486,0.2075,0.0,0.0,0.0,0.0,1.0,0.9
w11-ent0003-s51,w11-ent0003,51,4549632,0.55,1.059,-0.486,0.0318,0.0,0.0,0.0,0.0,1.0,0.9
w11-ent0003-s51,w11-ent0003,51,4580352,0.54,1.066,-0.461,0.4998,0.0,0.0,0.0,0.0,1.0,0.9
w11-ent0003-s51,w11-ent0003,51,4611072,0.41,0.962,-0.461,0.4351,0.0,0.0,0.0,0.0,1.0,0.9
w11-ent0003-s51,w11-ent0003,51,4641792,0.49,1.026,-0.461,0.3157,0.0,0.0,0.0,0.0,1.0,0.9
w11-ent0003-s51,w11-ent0003,51,4672512,0.49,0.999,-0.449,0.2869,0.0,0.0,0.0,0.0,1.0,0.9
w11-ent0003-s51,w11-ent0003,51,4703232,0.45,0.986,-0.438,0.2276,0.0,0.0,0.0,0.0,1.0,0.9
w11-ent0003-s51,w11-ent0003,51,4733952,0.42,0.983,-0.426,0.1477,0.0,0.0,0.0,0.0,1.0,0.9
w11-ent0003-s51,w11-ent0003,51,4764672,0.53,1.043,-0.396,0.2655,0.0,0.0,0.0,0.0,1.0,0.9
w11-ent0003-s51,w11-ent0003,51,4795392,0.56,1.079,-0.396,0.1281,0.0,0.0,0.0,0.0,1.0,0.9
w11-ent0003-s51,w11-ent0003,51,4826112,0.69,1.161,-0.369,0.2393,0.0,0.0,0.0,0.0,1.0,0.9
w11-ent0003-s51,w11-ent0003,51,4856832,0.49,1.028,-0.328,0.4119,0.0,0.0,0.0,0.0,1.0,0.899
w11-ent0003-s51,w11-ent0003,51,4887552,0.47,0.997,-0.302,0.1993,0.0,0.0,0.0,0.0,1.0,0.899
w11-ent0003-s51,w11-ent0003,51,4918272,0.46,1.003,-0.291,0.2972,0.0,0.0,0.0,0.0,1.0,0.899
w11-ent0003-s51,w11-ent0003,51,4948992,0.51,1.016,-0.279,0.1815,0.0,0.0,0.0,0.0,1.0,0.899
w11-ent0003-s51,w11-ent0003,51,4979712,0.46,1.005,-0.233,0.2965,0.0,0.0,0.0,0.0,1.0,0.899
w11-ent0003-s51,w11-ent0003,51,5010432,0.53,1.028,-0.161,0.3053,0.0,0.0,0.0,0.0,1.0,0.899
w11-ent0003-s51,w11-ent0003,51,5041152,0.5,1.028,-0.126,0.4591,0.0,0.0,0.0,0.0,1.0,0.899
w11-ent0003-s51,w11-ent0003,51,5071872,0.53,1.046,-0.126,0.0353,0.0,0.0,0.0,0.0,1.0,0.899
w11-ent0003-s51,w11-ent0003,51,5102592,0.59,1.077,-0.115,0.2468,0.0,0.0,0.0,0.0,1.0,0.899
w11-ent0003-s51,w11-ent0003,51,5133312,0.57,1.064,-0.103,0.2917,0.0,0.0,0.0,0.0,1.0,0.899
w11-ent0003-s51,w11-ent0003,51,5164032,0.54,1.049,-0.088,0.081,0.0,0.0,0.0,0.0,1.0,0.899
w11-ent0003-s51,w11-ent0003,51,5194752,0.46,0.978,-0.075,0.2792,0.0,0.0,0.0,0.0,1.0,0.899
w11-ent0003-s51,w11-ent0003,51,5225472,0.46,0.98,-0.075,0.3528,0.0,0.0,0.0,0.0,1.0,0.899
w11-ent0003-s51,w11-ent0003,51,5256192,0.58,1.061,-0.039,0.3342,0.0,0.0,0.0,0.0,1.0,0.899
w11-ent0003-s51,w11-ent0003,51,5286912,0.52,1.033,-0.027,0.4071,0.0,0.0,0.0,0.0,1.0,0.898
w11-ent0003-s51,w11-ent0003,51,5317632,0.49,1.006,0.0,0.321,0.0,0.0,0.0,0.0,1.0,0.898
w11-ent0003-s51,w11-ent0003,51,5348352,0.51,1.025,0.0,0.1763,0.0,0.0,0.0,0.0,1.0,0.898
w11-ent0003-s51,w11-ent0003,51,5379072,0.6,1.097,0.0,0.299,0.0,0.0,0.0,0.0,1.0,0.898
w11-ent0003-s51,w11-ent0003,51,5409792,0.56,1.058,0.0,0.3749,0.0,0.0,0.0,0.0,1.0,0.898
w11-ent0003-s51,w11-ent0003,51,5440512,0.57,1.078,0.0,0.3493,0.0,0.0,0.0,0.0,1.0,0.898
w11-ent0003-s51,w11-ent0003,51,5471232,0.54,1.039,0.0,0.1405,0.0,0.0,0.0,0.0,1.0,0.898
w11-ent0003-s51,w11-ent0003,51,5501952,0.64,1.107,0.0,0.1315,0.0,0.0,0.0,0.0,1.0,0.898
w11-ent0003-s51,w11-ent0003,51,5532672,0.55,1.066,0.0,0.3116,0.0,0.0,0.0,0.0,1.0,0.897
w11-ent0003-s51,w11-ent0003,51,5563392,0.55,1.07,0.0,0.2444,0.0,0.0,0.0,0.0,1.0,0.897
w11-ent0003-s51,w11-ent0003,51,5594112,0.6,1.083,0.0,0.3927,0.0,0.0,0.0,0.0,1.0,0.897
w11-ent0003-s51,w11-ent0003,51,5624832,0.53,1.024,0.0,0.456,0.0,0.0,0.0,0.0,1.0,0.897
w11-ent0003-s51,w11-ent0003,51,5655552,0.5,1.02,0.0,0.3941,0.0,0.0,0.0,0.0,1.0,0.897
w11-ent0003-s51,w11-ent0003,51,5686272,0.6,1.099,0.0,0.3254,0.0,0.0,0.0,0.0,1.0,0.896
w11-ent0003-s51,w11-ent0003,51,5716992,0.52,1.022,0.0,0.2277,0.0,0.0,0.0,0.0,1.0,0.896
w11-ent0003-s51,w11-ent0003,51,5747712,0.51,1.022,0.0,0.4467,0.0,0.0,0.0,0.0,1.0,0.896
w11-ent0003-s51,w11-ent0003,51,5778432,0.54,1.074,0.0,0.5345,0.0,0.0,0.0,0.0,1.0,0.896
w11-ent0003-s51,w11-ent0003,51,5809152,0.61,1.084,0.0,0.2751,0.0,0.0,0.0,0.0,1.0,0.896
w11-ent0003-s51,w11-ent0003,51,5839872,0.59,1.077,0.0,0.2488,0.0,0.0,0.0,0.0,1.0,0.895
w11-ent0003-s51,w11-ent0003,51,5870592,0.65,1.095,0.0,0.2368,0.0,0.0,0.0,0.0,1.0,0.895
w11-ent0003-s51,w11-ent0003,51,5901312,0.54,1.042,0.0,0.3947,0.0,0.0,0.0,0.0,1.0,0.895
w11-ent0003-s51,w11-ent0003,51,5932032,0.64,1.109,0.0,0.3173,0.0,0.0,0.0,0.0,1.0,0.895
w11-ent0003-s51,w11-ent0003,51,5962752,0.62,1.1,0.0,0.4809,0.0,0.0,0.0,0.0,1.0,0.894
w11-ent0003-s51,w11-ent0003,51,5993472,0.63,1.14,0.0,0.4438,0.0,0.0,0.0,0.0,1.0,0.894
w11-ent0003-s51,w11-ent0003,51,6024192,0.61,1.085,0.0,0.5298,0.0,0.0,0.0,0.0,1.0,0.894
w11-ent0003-s51,w11-ent0003,51,6054912,0.65,1.119,0.0,0.6059,0.0,0.0,0.0,0.0,1.0,0.894
w11-ent0003-s51,w11-ent0003,51,6085632,0.58,1.064,0.0,0.4024,0.0,0.0,0.0,0.0,1.0,0.893
w11-ent0003-s51,w11-ent0003,51,6116352,0.59,1.062,0.0,0.5222,0.0,0.0,0.0,0.0,1.0,0.893
w11-ent0003-s51,w11-ent0003,51,6147072,0.63,1.092,0.0,0.4397,0.0,0.0,0.0,0.0,1.0,0.893
w11-ent0003-s51,w11-ent0003,51,6177792,0.61,1.089,0.0,0.4863,0.0,0.0,0.0,0.0,1.0,0.893
w11-ent0003-s51,w11-ent0003,51,6208512,0.59,1.067,0.0,0.5355,0.0,0.0,0.0,0.0,1.0,0.892
w11-ent0003-s51,w11-ent0003,51,6239232,0.62,1.061,0.0,0.4875,0.0,0.0,0.0,0.0,1.0,0.892
w11-ent0003-s51,w11-ent0003,51,6269952,0.68,1.122,0.0,0.4438,0.0,0.0,0.0,0.0,1.0,0.892
w11-ent0003-s51,w11-ent0003,51,6300672,0.71,1.14,0.0,0.3156,0.0,0.0,0.0,0.0,1.0,0.892
w11-ent0003-s51,w11-ent0003,51,6331392,0.57,1.044,0.0,0.2926,0.0,0.0,0.0,0.0,1.0,0.892
w11-ent0003-s51,w11-ent0003,51,6362112,0.62,1.078,0.0,0.6133,0.0,0.0,0.0,0.0,1.0,0.891
w11-ent0003-s51,w11-ent0003,51,6392832,0.62,1.095,0.0,0.3129,0.0,0.0,0.0,0.0,1.0,0.891
w11-ent0003-s51,w11-ent0003,51,6423552,0.66,1.108,0.0,0.2324,0.0,0.0,0.0,0.0,1.0,0.891
w11-ent0003-s51,w11-ent0003,51,6454272,0.64,1.079,0.0,0.533,0.0,0.0,0.0,0.0,1.0,0.891
w11-ent0003-s51,w11-ent0003,51,6484992,0.61,1.093,0.0,0.5354,0.0,0.0,0.0,0.0,1.0,0.89
w11-ent0003-s51,w11-ent0003,51,6515712,0.62,1.099,0.0,0.5267,0.0,0.0,0.0,0.0,1.0,0.89
w11-ent0003-s51,w11-ent0003,51,6546432,0.66,1.126,0.0,0.3718,0.0,0.0,0.0,0.0,1.0,0.89
w11-ent0003-s51,w11-ent0003,51,6577152,0.58,1.069,0.0,0.4215,0.0,0.0,0.0,0.0,1.0,0.89
w11-ent0003-s51,w11-ent0003,51,6607872,0.64,1.12,0.0,0.6102,0.0,0.0,0.0,0.0,1.0,0.89
w11-ent0003-s51,w11-ent0003,51,6638592,0.69,1.161,0.0,0.4705,0.0,0.0,0.0,0.0,1.0,0.889
w11-ent0003-s51,w11-ent0003,51,6669312,0.64,1.134,0.0,0.1519,0.0,0.0,0.0,0.0,1.0,0.889
w11-ent0003-s51,w11-ent0003,51,6700032,0.69,1.169,0.0,0.3119,0.0,0.0,0.0,0.0,1.0,0.889
w11-ent0003-s51,w11-ent0003,51,6730752,0.65,1.138,0.0,0.495,0.0,0.0,0.0,0.0,1.0,0.889
w11-ent0003-s51,w11-ent0003,51,6761472,0.64,1.115,0.0,0.4122,0.0,0.0,0.0,0.0,1.0,0.888
w11-ent0003-s51,w11-ent0003,51,6792192,0.57,1.063,0.0,0.4313,0.0,0.0,0.0,0.0,1.0,0.888
w11-ent0003-s51,w11-ent0003,51,6822912,0.64,1.085,0.0,0.6374,0.0,0.0,0.0,0.0,1.0,0.888
w11-ent0003-s51,w11-ent0003,51,6853632,0.57,1.053,0.0,0.6433,0.0,0.0,0.0,0.0,1.0,0.888
w11-ent0003-s51,w11-ent0003,51,6884352,0.52,1.036,0.0,0.5854,0.0,0.0,0.0,0.0,1.0,0.888
w11-ent0003-s51,w11-ent0003,51,6915072,0.67,1.116,0.0,0.7444,0.0,0.0,0.0,0.0,1.0,0.887
w11-ent0003-s51,w11-ent0003,51,6945792,0.6,1.081,0.0,0.5066,0.0,0.0,0.0,0.0,1.0,0.887
w11-ent0003-s51,w11-ent0003,51,6976512,0.61,1.085,0.0,0.4994,0.0,0.0,0.0,0.0,1.0,0.887
w11-ent0003-s51,w11-ent0003,51,7007232,0.62,1.095,0.0,0.5054,0.0,0.0,0.0,0.0,1.0,0.887
w11-ent0003-s51,w11-ent0003,51,7037952,0.63,1.101,0.0,0.4555,0.0,0.0,0.0,0.0,1.0,0.887
w11-ent0003-s51,w11-ent0003,51,7068672,0.68,1.116,0.0,0.4972,0.0,0.0,0.0,0.0,1.0,0.886
w11-ent0003-s51,w11-ent0003,51,7099392,0.65,1.092,0.0,0.5937,0.0,0.0,0.0,0.0,1.0,0.886
w11-ent0003-s51,w11-ent0003,51,7130112,0.61,1.091,0.0,0.7861,0.0,0.0,0.0,0.0,1.0,0.886
w11-ent0003-s51,w11-ent0003,51,7160832,0.73,1.146,0.0,0.7054,0.0,0.0,0.0,0.0,1.0,0.886
w11-ent0003-s51,w11-ent0003,51,7191552,0.7,1.139,0.0,0.6211,0.0,0.0,0.0,0.0,1.0,0.886
w11-ent0003-s51,w11-ent0003,51,7222272,0.76,1.181,0.0,0.3981,0.0,0.0,0.0,0.0,1.0,0.886
w11-ent0003-s51,w11-ent0003,51,7252992,0.73,1.175,0.0,0.4729,0.0,0.0,0.0,0.0,1.0,0.885
w11-ent0003-s51,w11-ent0003,51,7283712,0.63,1.113,0.0,0.46,0.0,0.0,0.0,0.0,1.0,0.885
w11-ent0003-s51,w11-ent0003,51,7314432,0.72,1.161,0.0,0.4818,0.0,0.0,0.0,0.0,1.0,0.885
w11-ent0003-s51,w11-ent0003,51,7345152,0.72,1.18,0.0,0.5498,0.0,0.0,0.0,0.0,1.0,0.885
w11-ent0003-s51,w11-ent0003,51,7375872,0.76,1.186,0.0,0.6468,0.0,0.0,0.0,0.0,1.0,0.885
w11-ent0003-s51,w11-ent0003,51,7406592,0.63,1.082,0.0,0.6964,0.0,0.0,0.0,0.0,1.0,0.885
w11-ent0003-s51,w11-ent0003,51,7437312,0.69,1.143,0.0,0.559,0.0,0.0,0.0,0.0,1.0,0.884
w11-ent0003-s51,w11-ent0003,51,7468032,0.7,1.13,0.0,0.5705,0.0,0.0,0.0,0.0,1.0,0.884
w11-ent0003-s51,w11-ent0003,51,7498752,0.69,1.125,0.0,0.6809,0.0,0.0,0.0,0.0,1.0,0.884
w11-ent0003-s51,w11-ent0003,51,7529472,0.62,1.101,0.0,0.5495,0.0,0.0,0.0,0.0,1.0,0.884
w11-ent0003-s51,w11-ent0003,51,7560192,0.73,1.182,0.0,0.4622,0.0,0.0,0.0,0.0,1.0,0.884
w11-ent0003-s51,w11-ent0003,51,7590912,0.7,1.146,0.0,0.6989,0.0,0.0,0.0,0.0,1.0,0.883
w11-ent0003-s51,w11-ent0003,51,7621632,0.68,1.129,0.0,0.6473,0.0,0.0,0.0,0.0,1.0,0.883
w11-ent0003-s51,w11-ent0003,51,7652352,0.69,1.169,0.0,0.5247,0.0,0.0,0.0,0.0,1.0,0.883
w11-ent0003-s51,w11-ent0003,51,7683072,0.74,1.152,0.0,0.6638,0.0,0.0,0.0,0.0,1.0,0.883
w11-ent0003-s51,w11-ent0003,51,7713792,0.7,1.148,0.0,0.8807,0.0,0.0,0.0,0.0,1.0,0.883
w11-ent0003-s51,w11-ent0003,51,7744512,0.69,1.15,0.0,0.6926,0.0,0.0,0.0,0.0,1.0,0.882
w11-ent0003-s51,w11-ent0003,51,7775232,0.7,1.13,0.0,0.6412,0.0,0.0,0.0,0.0,1.0,0.882
w11-ent0003-s51,w11-ent0003,51,7805952,0.75,1.162,0.0,0.6321,0.0,0.0,0.0,0.0,1.0,0.882
w11-ent0003-s51,w11-ent0003,51,7836672,0.7,1.149,0.0,0.888,0.0,0.0,0.0,0.0,1.0,0.882
w11-ent0003-s51,w11-ent0003,51,7867392,0.79,1.214,0.0,0.6553,0.0,0.0,0.0,0.0,1.0,0.882
w11-ent0003-s51,w11-ent0003,51,7898112,0.76,1.187,0.0,0.5554,0.0,0.0,0.0,0.0,1.0,0.882
w11-ent0003-s51,w11-ent0003,51,7928832,0.81,1.237,0.0,0.6684,0.0,0.0,0.0,0.0,1.0,0.882
w11-ent0003-s51,w11-ent0003,51,7959552,0.66,1.134,0.0,0.6578,0.0,0.0,0.0,0.0,1.0,0.881
w11-ent0003-s51,w11-ent0003,51,7990272,0.67,1.145,0.0,0.6828,0.0,0.0,0.0,0.0,1.0,0.881
w11-ent0003-s51,w11-ent0003,51,8020992,0.73,1.165,0.0,0.5551,0.0,0.0,0.0,0.0,1.0,0.881
w11-ent0003-s51,w11-ent0003,51,8051712,0.73,1.186,0.0,0.8132,0.0,0.0,0.0,0.0,1.0,0.881
w11-ent0003-s51,w11-ent0003,51,8082432,0.71,1.153,0.0,0.5742,0.0,0.0,0.0,0.0,1.0,0.881
w11-ent0003-s51,w11-ent0003,51,8113152,0.75,1.191,0.0,0.5614,0.0,0.0,0.0,0.0,1.0,0.881
w11-ent0003-s51,w11-ent0003,51,8143872,0.76,1.178,0.0,0.6342,0.0,0.0,0.0,0.0,1.0,0.881
w11-ent0003-s51,w11-ent0003,51,8174592,0.73,1.18,0.0,0.7229,0.0,0.0,0.0,0.0,1.0,0.88
w11-ent0003-s51,w11-ent0003,51,8205312,0.8,1.22,0.0,0.6434,0.0,0.0,0.0,0.0,1.0,0.88
w11-ent0003-s51,w11-ent0003,51,8236032,0.71,1.167,0.0,0.5845,0.0,0.0,0.0,0.0,1.0,0.88
w11-ent0003-s51,w11-ent0003,51,8266752,0.71,1.145,0.0,0.7391,0.0,0.0,0.0,0.0,1.0,0.88
w11-ent0003-s51,w11-ent0003,51,8297472,0.69,1.136,0.0,0.6912,0.0,0.0,0.0,0.0,1.0,0.88
w11-ent0003-s51,w11-ent0003,51,8328192,0.75,1.171,0.0,0.6139,0.0,0.0,0.0,0.0,1.0,0.88
w11-ent0003-s51,w11-ent0003,51,8358912,0.71,1.156,0.0,0.5993,0.0,0.0,0.0,0.0,1.0,0.879
w11-ent0003-s51,w11-ent0003,51,8389632,0.71,1.171,0.0,0.7589,0.0,0.0,0.0,0.0,1.0,0.879
w11-ent0003-s51,w11-ent0003,51,8420352,0.7,1.14,0.0,0.9434,0.0,0.0,0.0,0.0,1.0,0.879
w11-ent0003-s51,w11-ent0003,51,8451072,0.71,1.155,0.0,0.7052,0.0,0.0,0.0,0.0,1.0,0.879
w11-ent0003-s51,w11-ent0003,51,8481792,0.74,1.191,0.0,0.6085,0.0,0.0,0.0,0.0,1.0,0.879
w11-ent0003-s51,w11-ent0003,51,8512512,0.75,1.213,0.0,0.7987,0.0,0.0,0.0,0.0,1.0,0.879
w11-ent0003-s51,w11-ent0003,51,8543232,0.72,1.172,0.0,0.7741,0.0,0.0,0.0,0.0,1.0,0.878
w11-ent0003-s51,w11-ent0003,51,8573952,0.83,1.25,0.0,0.776,0.0,0.0,0.0,0.0,1.0,0.878
w11-ent0003-s51,w11-ent0003,51,8604672,0.75,1.183,0.0,0.5537,0.0,0.0,0.0,0.0,1.0,0.878
w11-ent0003-s51,w11-ent0003,51,8635392,0.7,1.165,0.0,0.6908,0.0,0.0,0.0,0.0,1.0,0.878
w11-ent0003-s51,w11-ent0003,51,8666112,0.71,1.197,0.0,0.8428,0.0,0.0,0.0,0.0,1.0,0.878
w11-ent0003-s51,w11-ent0003,51,8696832,0.86,1.275,0.0,0.8413,0.0,0.0,0.0,0.0,1.0,0.878
w11-ent0003-s51,w11-ent0003,51,8727552,0.73,1.161,0.0,0.7515,0.0,0.0,0.0,0.0,1.0,0.877
w11-ent0003-s51,w11-ent0003,51,8758272,0.74,1.206,0.0,0.7884,0.0,0.0,0.0,0.0,1.0,0.877
w11-ent0003-s51,w11-ent0003,51,8788992,0.7,1.166,0.0,0.8779,0.0,0.0,0.0,0.0,1.0,0.877
w11-ent0003-s51,w11-ent0003,51,8819712,0.73,1.191,0.0,0.5197,0.0,0.0,0.0,0.0,1.0,0.877
w11-ent0003-s51,w11-ent0003,51,8850432,0.72,1.187,0.0,0.9138,0.0,0.0,0.0,0.0,1.0,0.877
w11-ent0003-s51,w11-ent0003,51,8881152,0.82,1.248,0.0,0.8455,0.0,0.0,0.0,0.0,1.0,0.877
w11-ent0003-s51,w11-ent0003,51,8911872,0.81,1.228,0.0,0.8886,0.0,0.0,0.0,0.0,1.0,0.877
w11-ent0003-s51,w11-ent0003,51,8942592,0.79,1.218,0.0,0.8603,0.0,0.0,0.0,0.0,1.0,0.876
w11-ent0003-s51,w11-ent0003,51,8973312,0.82,1.266,0.0,0.7033,0.0,0.0,0.0,0.0,1.0,0.876
w11-ent0003-s51,w11-ent0003,51,9004032,0.73,1.175,0.0,0.6347,0.0,0.0,0.0,0.0,1.0,0.876
w11-ent0003-s51,w11-ent0003,51,9034752,0.79,1.235,0.0,0.5715,0.0,0.0,0.0,0.0,1.0,0.876
w11-ent0003-s51,w11-ent0003,51,9065472,0.76,1.226,0.0,0.7534,0.0,0.0,0.0,0.0,1.0,0.876
w11-ent0003-s51,w11-ent0003,51,9096192,0.7,1.166,0.0,0.9195,0.0,0.0,0.0,0.0,1.0,0.876
w11-ent0003-s51,w11-ent0003,51,9126912,0.72,1.173,0.0,0.6717,0.0,0.0,0.0,0.0,1.0,0.876
w11-ent0003-s51,w11-ent0003,51,9157632,0.7,1.175,0.0,0.7488,0.0,0.0,0.0,0.0,1.0,0.875
w11-ent0003-s51,w11-ent0003,51,9188352,0.78,1.205,0.0,0.7245,0.0,0.0,0.0,0.0,1.0,0.875
w11-ent0003-s51,w11-ent0003,51,9219072,0.85,1.273,0.0,0.6048,0.0,0.0,0.0,0.0,1.0,0.875
w11-ent0003-s51,w11-ent0003,51,9249792,0.73,1.193,0.0,0.6317,0.0,0.0,0.0,0.0,1.0,0.875
w11-ent0003-s51,w11-ent0003,51,9280512,0.8,1.234,0.0,0.8855,0.0,0.0,0.0,0.0,1.0,0.875
w11-ent0003-s51,w11-ent0003,51,9311232,0.8,1.23,0.0,0.7746,0.0,0.0,0.0,0.0,1.0,0.875
w11-ent0003-s51,w11-ent0003,51,9341952,0.78,1.223,0.0,0.8235,0.0,0.0,0.0,0.0,1.0,0.875
w11-ent0003-s51,w11-ent0003,51,9372672,0.77,1.217,0.0,0.8455,0.0,0.0,0.0,0.0,1.0,0.874
w11-ent0003-s51,w11-ent0003,51,9403392,0.68,1.189,0.0,0.8619,0.0,0.0,0.0,0.0,1.0,0.874
w11-ent0003-s51,w11-ent0003,51,9434112,0.75,1.211,0.0,0.7631,0.0,0.0,0.0,0.0,1.0,0.874
w11-ent0003-s51,w11-ent0003,51,9464832,0.8,1.232,0.0,0.8379,0.0,0.0,0.0,0.0,1.0,0.874
w11-ent0003-s51,w11-ent0003,51,9495552,0.72,1.165,0.0,0.8642,0.0,0.0,0.0,0.0,1.0,0.874
w11-ent0003-s51,w11-ent0003,51,9526272,0.77,1.214,0.0,0.7868,0.0,0.0,0.0,0.0,1.0,0.874
w11-ent0003-s51,w11-ent0003,51,9556992,0.73,1.196,0.0,0.766,0.0,0.0,0.0,0.0,1.0,0.874
w11-ent0003-s51,w11-ent0003,51,9587712,0.8,1.219,0.0,0.7092,0.0,0.0,0.0,0.0,1.0,0.873
w11-ent0003-s51,w11-ent0003,51,9618432,0.72,1.174,0.0,0.7754,0.0,0.0,0.0,0.0,1.0,0.873
w11-ent0003-s51,w11-ent0003,51,9649152,0.72,1.201,0.0,0.8746,0.0,0.0,0.0,0.0,1.0,0.873
w11-ent0003-s51,w11-ent0003,51,9679872,0.77,1.219,0.0,0.5058,0.0,0.0,0.0,0.0,1.0,0.873
w11-ent0003-s51,w11-ent0003,51,9710592,0.82,1.26,0.0,0.9644,0.0,0.0,0.0,0.0,1.0,0.873
w11-ent0003-s51,w11-ent0003,51,9741312,0.67,1.145,0.0,0.8435,0.0,0.0,0.0,0.0,1.0,0.873
w11-ent0003-s51,w11-ent0003,51,9772032,0.83,1.265,0.0,0.8737,0.0,0.0,0.0,0.0,1.0,0.873
w11-ent0003-s51,w11-ent0003,51,9802752,0.74,1.185,0.0,0.74,0.0,0.0,0.0,0.0,1.0,0.873
w11-ent0003-s51,w11-ent0003,51,9833472,0.74,1.206,0.0,1.0342,0.0,0.0,0.0,0.0,1.0,0.872
w11-ent0003-s51,w11-ent0003,51,9864192,0.82,1.242,0.0,0.9242,0.0,0.0,0.0,0.0,1.0,0.872
w11-ent0003-s51,w11-ent0003,51,9894912,0.81,1.269,0.0,0.96,0.0,0.0,0.0,0.0,1.0,0.872
w11-ent0003-s51,w11-ent0003,51,9925632,0.75,1.194,0.0,0.741,0.0,0.0,0.0,0.0,1.0,0.872
w11-ent0003-s51,w11-ent0003,51,9956352,0.79,1.24,0.0,0.83,0.0,0.0,0.0,0.0,1.0,0.872
w11-ent0003-s51,w11-ent0003,51,9987072,0.8,1.235,0.0,0.8066,0.0,0.0,0.0,0.0,1.0,0.872
w11-ent0003-s51,w11-ent0003,51,10017792,0.76,1.203,0.0,0.7279,0.0,0.0,0.0,0.0,1.0,0.872
w11-ent0003-s51,w11-ent0003,51,10048512,0.72,1.213,0.0,0.8871,0.0,0.0,0.0,0.0,1.0,0.871
w11-ent0003-s51,w11-ent0003,51,10079232,0.79,1.245,0.0,0.7915,0.0,0.0,0.0,0.0,1.0,0.871
w11-ent0003-s51,w11-ent0003,51,10109952,0.73,1.205,0.0,1.041,0.0,0.0,0.0,0.0,1.0,0.871
w11-ent0003-s51,w11-ent0003,51,10140672,0.73,1.209,0.0,0.8132,0.0,0.0,0.0,0.0,1.0,0.871
w11-ent0003-s51,w11-ent0003,51,10171392,0.76,1.224,0.0,0.8114,0.0,0.0,0.0,0.0,1.0,0.871
w11-ent0003-s51,w11-ent0003,51,10202112,0.74,1.199,0.0,0.7138,0.0,0.0,0.0,0.0,1.0,0.871
w11-ent0003-s51,w11-ent0003,51,10232832,0.83,1.229,0.0,0.8964,0.0,0.0,0.0,0.0,1.0,0.871
w11-ent0003-s51,w11-ent0003,51,10263552,0.81,1.258,0.0,0.9395,0.0,0.0,0.0,0.0,1.0,0.87
w11-ent0003-s51,w11-ent0003,51,10294272,0.85,1.27,0.0,0.7339,0.0,0.0,0.0,0.0,1.0,0.87
w11-ent0003-s51,w11-ent0003,51,10324992,0.77,1.193,0.0,0.744,0.0,0.0,0.0,0.0,1.0,0.87
w11-ent0003-s51,w11-ent0003,51,10355712,0.84,1.265,0.0,0.7782,0.0,0.0,0.0,0.0,1.0,0.87
w11-ent0003-s51,w11-ent0003,51,10386432,0.84,1.247,0.0,0.738,0.0,0.0,0.0,0.0,1.0,0.87
w11-ent0003-s51,w11-ent0003,51,10417152,0.76,1.217,0.0,0.9207,0.0,0.0,0.0,0.0,1.0,0.87
w11-ent0003-s51,w11-ent0003,51,10447872,0.83,1.244,0.0,1.0228,0.0,0.0,0.0,0.0,1.0,0.87
w11-ent0003-s51,w11-ent0003,51,10478592,0.77,1.199,0.0,0.9362,0.0,0.0,0.0,0.0,1.0,0.87
w11-ent0003-s51,w11-ent0003,51,10509312,0.74,1.196,0.0,0.9085,0.0,0.0,0.0,0.0,1.0,0.869
w11-ent0003-s51,w11-ent0003,51,10540032,0.77,1.228,0.0,0.9239,0.0,0.0,0.0,0.0,1.0,0.869
w11-ent0003-s51,w11-ent0003,51,10570752,0.76,1.215,0.0,0.7139,0.0,0.0,0.0,0.0,1.0,0.869
w11-ent0003-s51,w11-ent0003,51,10601472,0.79,1.237,0.0,0.7399,0.0,0.0,0.0,0.0,1.0,0.869
w11-ent0003-s51,w11-ent0003,51,10632192,0.77,1.223,0.0,0.9586,0.0,0.0,0.0,0.0,1.0,0.869
w11-ent0003-s51,w11-ent0003,51,10662912,0.82,1.259,0.0,0.8544,0.0,0.0,0.0,0.0,1.0,0.869
w11-ent0003-s51,w11-ent0003,51,10693632,0.8,1.248,0.0,0.8179,0.0,0.0,0.0,0.0,1.0,0.869
w11-ent0003-s51,w11-ent0003,51,10724352,0.69,1.179,0.0,0.7293,0.0,0.0,0.0,0.0,1.0,0.869
w11-ent0003-s51,w11-ent0003,51,10755072,0.75,1.215,0.0,0.9492,0.0,0.0,0.0,0.0,1.0,0.869
w11-ent0003-s51,w11-ent0003,51,10785792,0.8,1.233,0.0,0.9643,0.0,0.0,0.0,0.0,1.0,0.869
w11-ent0003-s51,w11-ent0003,51,10816512,0.77,1.219,0.0,1.0231,0.0,0.0,0.0,0.0,1.0,0.868
w11-ent0003-s51,w11-ent0003,51,10847232,0.8,1.224,0.0,0.9066,0.0,0.0,0.0,0.0,1.0,0.868
w11-ent0003-s51,w11-ent0003,51,10877952,0.82,1.259,0.0,1.0345,0.0,0.0,0.0,0.0,1.0,0.868
w11-ent0003-s51,w11-ent0003,51,10908672,0.83,1.249,0.0,0.7912,0.0,0.0,0.0,0.0,1.0,0.868
w11-ent0003-s51,w11-ent0003,51,10939392,0.8,1.248,0.0,0.8195,0.0,0.0,0.0,0.0,1.0,0.868
w11-ent0003-s51,w11-ent0003,51,10970112,0.74,1.205,0.0,0.9007,0.0,0.0,0.0,0.0,1.0,0.868
w11-ent0003-s51,w11-ent0003,51,11000832,0.78,1.216,0.0,0.9041,0.0,0.0,0.0,0.0,1.0,0.868
w11-ent0003-s51,w11-ent0003,51,11031552,0.74,1.212,0.0,0.9261,0.0,0.0,0.0,0.0,1.0,0.868
w11-ent0003-s51,w11-ent0003,51,11062272,0.82,1.262,0.0,0.83,0.0,0.0,0.0,0.0,1.0,0.867
w11-ent0003-s51,w11-ent0003,51,11092992,0.85,1.289,0.0,0.7525,0.0,0.0,0.0,0.0,1.0,0.867
w11-ent0003-s51,w11-ent0003,51,11123712,0.8,1.234,0.0,0.9742,0.0,0.0,0.0,0.0,1.0,0.867
w11-ent0003-s51,w11-ent0003,51,11154432,0.82,1.273,0.0,0.7867,0.0,0.0,0.0,0.0,1.0,0.867
w11-ent0003-s51,w11-ent0003,51,11185152,0.76,1.221,0.0,0.7964,0.0,0.0,0.0,0.0,1.0,0.867
w11-ent0003-s51,w11-ent0003,51,11215872,0.73,1.201,0.0,0.8952,0.0,0.0,0.0,0.0,1.0,0.867
w11-ent0003-s51,w11-ent0003,51,11246592,0.83,1.264,0.0,0.8291,0.0,0.0,0.0,0.0,1.0,0.867
w11-ent0003-s51,w11-ent0003,51,11277312,0.8,1.248,0.0,0.948,0.0,0.0,0.0,0.0,1.0,0.867
w11-ent0003-s51,w11-ent0003,51,11308032,0.82,1.257,0.0,0.7035,0.0,0.0,0.0,0.0,1.0,0.867
w11-ent0003-s51,w11-ent0003,51,11338752,0.83,1.257,0.0,0.9846,0.0,0.0,0.0,0.0,1.0,0.866
w11-ent0003-s51,w11-ent0003,51,11369472,0.8,1.281,0.0,0.7413,0.0,0.0,0.0,0.0,1.0,0.866
w11-ent0003-s51,w11-ent0003,51,11400192,0.83,1.272,0.0,0.7551,0.0,0.0,0.0,0.0,1.0,0.866
w11-ent0003-s51,w11-ent0003,51,11430912,0.79,1.234,0.0,0.9868,0.0,0.0,0.0,0.0,1.0,0.866
w11-ent0003-s51,w11-ent0003,51,11461632,0.73,1.219,0.0,0.9137,0.0,0.0,0.0,0.0,1.0,0.866
w11-ent0003-s51,w11-ent0003,51,11492352,0.85,1.281,0.0,0.7263,0.0,0.0,0.0,0.0,1.0,0.866
w11-ent0003-s51,w11-ent0003,51,11523072,0.8,1.255,0.0,0.8853,0.0,0.0,0.0,0.0,1.0,0.866
w11-ent0003-s51,w11-ent0003,51,11553792,0.79,1.264,0.0,0.75,0.0,0.0,0.0,0.0,1.0,0.866
w11-ent0003-s51,w11-ent0003,51,11584512,0.81,1.249,0.0,0.7933,0.0,0.0,0.0,0.0,1.0,0.866
w11-ent0003-s51,w11-ent0003,51,11615232,0.79,1.236,0.0,0.6501,0.0,0.0,0.0,0.0,1.0,0.865
w11-ent0003-s51,w11-ent0003,51,11645952,0.79,1.254,0.0,0.9979,0.0,0.0,0.0,0.0,1.0,0.865
w11-ent0003-s51,w11-ent0003,51,11676672,0.82,1.271,0.0,0.8694,0.0,0.0,0.0,0.0,1.0,0.865
w11-ent0003-s51,w11-ent0003,51,11707392,0.76,1.218,0.0,0.9677,0.0,0.0,0.0,0.0,1.0,0.865
w11-ent0003-s51,w11-ent0003,51,11738112,0.83,1.257,0.0,1.0732,0.0,0.0,0.0,0.0,1.0,0.865
w11-ent0003-s51,w11-ent0003,51,11768832,0.79,1.236,0.0,0.8438,0.0,0.0,0.0,0.0,1.0,0.865
w11-ent0003-s51,w11-ent0003,51,11799552,0.72,1.222,0.0,0.9321,0.0,0.0,0.0,0.0,1.0,0.865
w11-ent0003-s51,w11-ent0003,51,11830272,0.74,1.216,0.0,0.956,0.0,0.0,0.0,0.0,1.0,0.865
w11-ent0003-s51,w11-ent0003,51,11860992,0.73,1.217,0.0,0.8189,0.0,0.0,0.0,0.0,1.0,0.865
w11-ent0003-s51,w11-ent0003,51,11891712,0.74,1.219,0.0,0.9104,0.0,0.0,0.0,0.0,1.0,0.865
w11-ent0003-s51,w11-ent0003,51,11922432,0.81,1.262,0.0,1.0135,0.0,0.0,0.0,0.0,1.0,0.864
w11-ent0003-s51,w11-ent0003,51,11953152,0.79,1.262,0.0,0.8368,0.0,0.0,0.0,0.0,1.0,0.864
w11-ent0003-s51,w11-ent0003,51,11983872,0.83,1.269,0.0,0.8209,0.0,0.0,0.0,0.0,1.0,0.864
w11-ent0003-s51,w11-ent0003,51,12014592,0.78,1.231,0.0,0.7957,0.0,0.0,0.0,0.0,1.0,0.864
w11-ent0003-s51,w11-ent0003,51,12045312,0.8,1.24,0.0,1.0151,0.0,0.0,0.0,0.0,1.0,0.864
w11-ent0003-s51,w11-ent0003,51,12076032,0.77,1.232,0.0,0.8961,0.0,0.0,0.0,0.0,1.0,0.864
w11-ent0003-s51,w11-ent0003,51,12106752,0.79,1.241,0.0,0.9901,0.0,0.0,0.0,0.0,1.0,0.864
w11-ent0003-s51,w11-ent0003,51,12137472,0.84,1.291,0.0,0.9885,0.0,0.0,0.0,0.0,1.0,0.864
w11-ent0003-s51,w11-ent0003,51,12168192,0.8,1.272,0.0,0.793,0.0,0.0,0.0,0.0,1.0,0.864
w11-ent0003-s51,w11-ent0003,51,12198912,0.76,1.208,0.0,0.9365,0.0,0.0,0.0,0.0,1.0,0.864
w11-ent0003-s51,w11-ent0003,51,12229632,0.8,1.261,0.0,0.8505,0.0,0.0,0.0,0.0,1.0,0.864
w11-ent0003-s51,w11-ent0003,51,12260352,0.81,1.288,0.0,0.9614,0.0,0.0,0.0,0.0,1.0,0.863
w11-ent0003-s51,w11-ent0003,51,12291072,0.78,1.253,0.0,1.0209,0.0,0.0,0.0,0.0,1.0,0.863
w11-ent0003-s51,w11-ent0003,51,12321792,0.82,1.271,0.0,0.7221,0.0,0.0,0.0,0.0,1.0,0.863
w11-ent0003-s51,w11-ent0003,51,12352512,0.82,1.255,0.0,0.9415,0.0,0.0,0.0,0.0,1.0,0.863
w11-ent0003-s51,w11-ent0003,51,12383232,0.82,1.277,0.0,0.7781,0.0,0.0,0.0,0.0,1.0,0.863
w11-ent0003-s51,w11-ent0003,51,12413952,0.87,1.324,0.0,0.7937,0.0,0.0,0.0,0.0,1.0,0.863
w11-ent0003-s51,w11-ent0003,51,12444672,0.85,1.295,0.0,0.9567,0.0,0.0,0.0,0.0,1.0,0.863
w11-ent0003-s51,w11-ent0003,51,12475392,0.72,1.18,0.0,0.8537,0.0,0.0,0.0,0.0,1.0,0.863
w11-ent0003-s51,w11-ent0003,51,12506112,0.82,1.298,0.0,0.7812,0.0,0.0,0.0,0.0,1.0,0.863
w11-ent0003-s51,w11-ent0003,51,12536832,0.78,1.245,0.0,0.8907,0.0,0.0,0.0,0.0,1.0,0.863
w11-ent0003-s51,w11-ent0003,51,12567552,0.84,1.29,0.0,0.8758,0.0,0.0,0.0,0.0,1.0,0.862
w11-ent0003-s51,w11-ent0003,51,12598272,0.74,1.226,0.0,0.6655,0.0,0.0,0.0,0.0,1.0,0.862
w11-ent0003-s51,w11-ent0003,51,12628992,0.76,1.219,0.0,0.934,0.0,0.0,0.0,0.0,1.0,0.862
w11-ent0003-s51,w11-ent0003,51,12659712,0.74,1.204,0.0,0.8874,0.0,0.0,0.0,0.0,1.0,0.862
w11-ent0003-s51,w11-ent0003,51,12690432,0.75,1.206,0.0,0.8632,0.0,0.0,0.0,0.0,1.0,0.862
w11-ent0003-s51,w11-ent0003,51,12721152,0.83,1.285,0.0,0.9541,0.0,0.0,0.0,0.0,1.0,0.862
w11-ent0003-s51,w11-ent0003,51,12751872,0.83,1.263,0.0,1.0294,0.0,0.0,0.0,0.0,1.0,0.862
w11-ent0003-s51,w11-ent0003,51,12782592,0.73,1.214,0.0,0.9214,0.0,0.0,0.0,0.0,1.0,0.862
w11-ent0003-s51,w11-ent0003,51,12813312,0.82,1.256,0.0,0.9146,0.0,0.0,0.0,0.0,1.0,0.862
w11-ent0003-s51,w11-ent0003,51,12844032,0.78,1.248,0.0,0.8498,0.0,0.0,0.0,0.0,1.0,0.862
w11-ent0003-s51,w11-ent0003,51,12874752,0.81,1.277,0.0,1.0097,0.0,0.0,0.0,0.0,1.0,0.862
w11-ent0003-s51,w11-ent0003,51,12905472,0.83,1.271,0.0,0.8445,0.0,0.0,0.0,0.0,1.0,0.861
w11-ent0003-s51,w11-ent0003,51,12936192,0.82,1.22,0.0,0.8639,0.0,0.0,0.0,0.0,1.0,0.861
w11-ent0003-s51,w11-ent0003,51,12966912,0.77,1.231,0.0,0.9141,0.0,0.0,0.0,0.0,1.0,0.861
w11-ent0003-s51,w11-ent0003,51,12997632,0.84,1.268,0.0,1.0262,0.0,0.0,0.0,0.0,1.0,0.861
w11-ent0003-s51,w11-ent0003,51,13028352,0.83,1.279,0.0,1.047,0.0,0.0,0.0,0.0,1.0,0.861
w11-ent0003-s51,w11-ent0003,51,13059072,0.83,1.274,0.0,0.9486,0.0,0.0,0.0,0.0,1.0,0.861
w11-ent0003-s51,w11-ent0003,51,13089792,0.79,1.265,0.0,0.8355,0.0,0.0,0.0,0.0,1.0,0.861
w11-ent0003-s51,w11-ent0003,51,13120512,0.7,1.183,0.0,1.0308,0.0,0.0,0.0,0.0,1.0,0.861
w11-ent0003-s51,w11-ent0003,51,13151232,0.79,1.267,0.0,0.992,0.0,0.0,0.0,0.0,1.0,0.861
w11-ent0003-s51,w11-ent0003,51,13181952,0.72,1.194,0.0,0.9322,0.0,0.0,0.0,0.0,1.0,0.861
w11-ent0003-s51,w11-ent0003,51,13212672,0.81,1.293,0.0,0.9068,0.0,0.0,0.0,0.0,1.0,0.861
w11-ent0003-s51,w11-ent0003,51,13243392,0.79,1.243,0.0,1.0181,0.0,0.0,0.0,0.0,1.0,0.86
w11-ent0003-s51,w11-ent0003,51,13274112,0.81,1.25,0.0,0.919,0.0,0.0,0.0,0.0,1.0,0.86
w11-ent0003-s51,w11-ent0003,51,13304832,0.83,1.292,0.0,0.9193,0.0,0.0,0.0,0.0,1.0,0.86
w11-ent0003-s51,w11-ent0003,51,13335552,0.75,1.22,0.0,0.8877,0.0,0.0,0.0,0.0,1.0,0.86
w11-ent0003-s51,w11-ent0003,51,13366272,0.82,1.276,0.0,0.7392,0.0,0.0,0.0,0.0,1.0,0.86
w11-ent0003-s51,w11-ent0003,51,13396992,0.81,1.233,0.0,1.0249,0.0,0.0,0.0,0.0,1.0,0.86
w11-ent0003-s51,w11-ent0003,51,13427712,0.84,1.3,0.0,0.832,0.0,0.0,0.0,0.0,1.0,0.86
w11-ent0003-s51,w11-ent0003,51,13458432,0.82,1.271,0.0,1.1218,0.0,0.0,0.0,0.0,1.0,0.86
w11-ent0003-s51,w11-ent0003,51,13489152,0.77,1.246,0.0,1.0041,0.0,0.0,0.0,0.0,1.0,0.86
w11-ent0003-s51,w11-ent0003,51,13519872,0.84,1.282,0.0,0.979,0.0,0.0,0.0,0.0,1.0,0.86
w11-ent0003-s51,w11-ent0003,51,13550592,0.71,1.202,0.0,0.9825,0.0,0.0,0.0,0.0,1.0,0.86
w11-ent0003-s51,w11-ent0003,51,13581312,0.84,1.285,0.0,1.048,0.0,0.0,0.0,0.0,1.0,0.859
w11-ent0003-s51,w11-ent0003,51,13612032,0.85,1.308,0.0,1.0372,0.0,0.0,0.0,0.0,1.0,0.859
w11-ent0003-s51,w11-ent0003,51,13642752,0.78,1.257,0.0,0.8675,0.0,0.0,0.0,0.0,1.0,0.859
w11-ent0003-s51,w11-ent0003,51,13673472,0.76,1.234,0.0,0.7673,0.0,0.0,0.0,0.0,1.0,0.859
w11-ent0003-s51,w11-ent0003,51,13704192,0.8,1.276,0.0,1.0351,0.0,0.0,0.0,0.0,1.0,0.859
w11-ent0003-s51,w11-ent0003,51,13734912,0.83,1.263,0.0,0.8448,0.0,0.0,0.0,0.0,1.0,0.859
w11-ent0003-s51,w11-ent0003,51,13765632,0.85,1.295,0.0,1.0643,0.0,0.0,0.0,0.0,1.0,0.859
w11-ent0003-s51,w11-ent0003,51,13796352,0.79,1.261,0.0,1.0525,0.0,0.0,0.0,0.0,1.0,0.859
w11-ent0003-s51,w11-ent0003,51,13827072,0.87,1.308,0.0,0.9609,0.0,0.0,0.0,0.0,1.0,0.859
w11-ent0003-s51,w11-ent0003,51,13857792,0.85,1.287,0.0,1.0784,0.0,0.0,0.0,0.0,1.0,0.859
w11-ent0003-s51,w11-ent0003,51,13888512,0.78,1.252,0.0,0.9175,0.0,0.0,0.0,0.0,1.0,0.859
w11-ent0003-s51,w11-ent0003,51,13919232,0.84,1.286,0.0,0.8077,0.0,0.0,0.0,0.0,1.0,0.859
w11-ent0003-s51,w11-ent0003,51,13949952,0.8,1.26,0.0,0.9668,0.0,0.0,0.0,0.0,1.0,0.859
w11-ent0003-s51,w11-ent0003,51,13980672,0.82,1.25,0.0,0.8475,0.0,0.0,0.0,0.0,1.0,0.858
w11-ent0003-s51,w11-ent0003,51,14011392,0.74,1.222,0.0,0.9484,0.0,0.0,0.0,0.0,1.0,0.858
w11-ent0003-s51,w11-ent0003,51,14042112,0.78,1.222,0.0,1.0149,0.0,0.0,0.0,0.0,1.0,0.858
w11-ent0003-s51,w11-ent0003,51,14072832,0.87,1.333,0.0,0.9481,0.0,0.0,0.0,0.0,1.0,0.858
w11-ent0003-s51,w11-ent0003,51,14103552,0.81,1.27,0.0,0.9543,0.0,0.0,0.0,0.0,1.0,0.858
w11-ent0003-s51,w11-ent0003,51,14134272,0.83,1.269,0.0,0.8222,0.0,0.0,0.0,0.0,1.0,0.858
w11-ent0003-s51,w11-ent0003,51,14164992,0.83,1.284,0.0,1.0087,0.0,0.0,0.0,0.0,1.0,0.858
w11-ent0003-s51,w11-ent0003,51,14195712,0.84,1.301,0.0,0.9245,0.0,0.0,0.0,0.0,1.0,0.858
w11-ent0003-s51,w11-ent0003,51,14226432,0.78,1.266,0.0,1.0774,0.0,0.0,0.0,0.0,1.0,0.858
w11-ent0003-s51,w11-ent0003,51,14257152,0.83,1.281,0.0,0.9534,0.0,0.0,0.0,0.0,1.0,0.858
w11-ent0003-s51,w11-ent0003,51,14287872,0.81,1.272,0.0,1.0211,0.0,0.0,0.0,0.0,1.0,0.858
w11-ent0003-s51,w11-ent0003,51,14318592,0.84,1.27,0.0,0.9912,0.0,0.0,0.0,0.0,1.0,0.858
w11-ent0003-s51,w11-ent0003,51,14349312,0.84,1.266,0.0,0.988,0.0,0.0,0.0,0.0,1.0,0.858
w11-ent0003-s51,w11-ent0003,51,14380032,0.85,1.329,0.0,0.8248,0.0,0.0,0.0,0.0,1.0,0.857
w11-ent0003-s51,w11-ent0003,51,14410752,0.81,1.271,0.0,0.8148,0.0,0.0,0.0,0.0,1.0,0.857
w11-ent0003-s51,w11-ent0003,51,14441472,0.85,1.277,0.0,0.9811,0.0,0.0,0.0,0.0,1.0,0.857
w11-ent0003-s51,w11-ent0003,51,14472192,0.82,1.271,0.0,1.141,0.0,0.0,0.0,0.0,1.0,0.857
w11-ent0003-s51,w11-ent0003,51,14502912,0.83,1.255,0.0,0.9683,0.0,0.0,0.0,0.0,1.0,0.857
w11-ent0003-s51,w11-ent0003,51,14533632,0.82,1.291,0.0,0.9898,0.0,0.0,0.0,0.0,1.0,0.857
w11-ent0003-s51,w11-ent0003,51,14564352,0.82,1.276,0.0,1.0709,0.0,0.0,0.0,0.0,1.0,0.857
w11-ent0003-s51,w11-ent0003,51,14595072,0.79,1.258,0.0,1.0389,0.0,0.0,0.0,0.0,1.0,0.857
w11-ent0003-s51,w11-ent0003,51,14625792,0.84,1.315,0.0,1.0078,0.0,0.0,0.0,0.0,1.0,0.857
w11-ent0003-s51,w11-ent0003,51,14656512,0.83,1.297,0.0,0.9804,0.0,0.0,0.0,0.0,1.0,0.857
w11-ent0003-s51,w11-ent0003,51,14687232,0.82,1.273,0.0,0.8574,0.0,0.0,0.0,0.0,1.0,0.857
w11-ent0003-s51,w11-ent0003,51,14717952,0.84,1.287,0.0,0.7012,0.0,0.0,0.0,0.0,1.0,0.857
w11-ent0003-s51,w11-ent0003,51,14748672,0.84,1.277,0.0,0.9357,0.0,0.0,0.0,0.0,1.0,0.857
w11-ent0003-s51,w11-ent0003,51,14779392,0.81,1.273,0.0,1.0013,0.0,0.0,0.0,0.0,1.0,0.857
w11-ent0003-s51,w11-ent0003,51,14810112,0.84,1.293,0.0,0.9539,0.0,0.0,0.0,0.0,1.0,0.857
w11-ent0003-s51,w11-ent0003,51,14840832,0.87,1.309,0.0,0.9438,0.0,0.0,0.0,0.0,1.0,0.856
w11-ent0003-s51,w11-ent0003,51,14871552,0.88,1.322,0.0,0.889,0.0,0.0,0.0,0.0,1.0,0.856
w11-ent0003-s51,w11-ent0003,51,14902272,0.74,1.201,0.0,0.9864,0.0,0.0,0.0,0.0,1.0,0.856
w11-ent0003-s51,w11-ent0003,51,14932992,0.8,1.285,0.0,0.9961,0.0,0.0,0.0,0.0,1.0,0.856
w11-ent0003-s51,w11-ent0003,51,14963712,0.82,1.297,0.0,0.8312,0.0,0.0,0.0,0.0,1.0,0.856
w11-ent0003-s51,w11-ent0003,51,14994432,0.83,1.282,0.0,0.904,0.0,0.0,0.0,0.0,1.0,0.856
w11-ent0003-s51,w11-ent0003,51,14997504,0.78,1.27,0.0,0.8794,0.0,0.0,0.0,0.0,1.0,0.856
w11-ent0003-s52,w11-ent0003,52,3072,0.01,0.421,-1.0,,,,,,,
w11-ent0003-s52,w11-ent0003,52,33792,0.01,0.404,-1.0,-0.925,0.0,0.0,0.0,0.0,0.968,0.929
w11-ent0003-s52,w11-ent0003,52,64512,0.01,0.503,-1.0,-0.9794,0.0,0.0,0.0,0.0,0.992,0.92
w11-ent0003-s52,w11-ent0003,52,95232,0.02,0.536,-1.0,-0.95,0.0,0.0,0.0,0.0,0.994,0.907
w11-ent0003-s52,w11-ent0003,52,125952,0.02,0.59,-1.0,-0.9048,0.0,0.0,0.0,0.0,0.995,0.897
w11-ent0003-s52,w11-ent0003,52,156672,0.03,0.628,-1.0,-0.9585,0.0,0.0,0.0,0.0,0.996,0.889
w11-ent0003-s52,w11-ent0003,52,187392,0.07,0.631,-1.0,-0.9775,0.0,0.0,0.0,0.0,0.997,0.886
w11-ent0003-s52,w11-ent0003,52,218112,0.04,0.647,-1.0,-0.8301,0.0,0.0,0.0,0.0,0.998,0.884
w11-ent0003-s52,w11-ent0003,52,248832,0.03,0.592,-1.0,-0.8781,0.0,0.0,0.0,0.0,1.0,0.882
w11-ent0003-s52,w11-ent0003,52,279552,0.03,0.622,-1.0,-0.9065,0.0,0.0,0.0,0.0,1.0,0.881
w11-ent0003-s52,w11-ent0003,52,310272,0.04,0.662,-1.0,-0.925,0.0,0.0,0.0,0.0,1.0,0.878
w11-ent0003-s52,w11-ent0003,52,340992,0.07,0.714,-1.0,-0.7804,0.0,0.0,0.0,0.0,1.0,0.875
w11-ent0003-s52,w11-ent0003,52,371712,0.07,0.676,-1.0,-0.908,0.0,0.0,0.0,0.0,1.0,0.874
w11-ent0003-s52,w11-ent0003,52,402432,0.08,0.688,-1.0,-0.8142,0.0,0.0,0.0,0.0,1.0,0.874
w11-ent0003-s52,w11-ent0003,52,433152,0.04,0.647,-1.0,-0.9053,0.0,0.0,0.0,0.0,1.0,0.874
w11-ent0003-s52,w11-ent0003,52,463872,0.08,0.738,-1.0,-0.9326,0.0,0.0,0.0,0.0,1.0,0.874
w11-ent0003-s52,w11-ent0003,52,494592,0.08,0.703,-1.0,-0.7353,0.0,0.0,0.0,0.0,1.0,0.873
w11-ent0003-s52,w11-ent0003,52,525312,0.08,0.688,-1.0,-0.8786,0.0,0.0,0.0,0.0,1.0,0.873
w11-ent0003-s52,w11-ent0003,52,556032,0.11,0.757,-1.0,-0.8573,0.0,0.0,0.0,0.0,1.0,0.873
w11-ent0003-s52,w11-ent0003,52,586752,0.08,0.735,-1.0,-0.7675,0.0,0.0,0.0,0.0,1.0,0.872
w11-ent0003-s52,w11-ent0003,52,617472,0.09,0.732,-1.0,-0.8314,0.0,0.0,0.0,0.0,1.0,0.872
w11-ent0003-s52,w11-ent0003,52,648192,0.06,0.69,-1.0,-0.8113,0.0,0.0,0.0,0.0,1.0,0.87
w11-ent0003-s52,w11-ent0003,52,678912,0.12,0.767,-1.0,-0.5412,0.0,0.0,0.0,0.0,1.0,0.869
w11-ent0003-s52,w11-ent0003,52,709632,0.09,0.72,-1.0,-0.7139,0.0,0.0,0.0,0.0,1.0,0.869
w11-ent0003-s52,w11-ent0003,52,740352,0.14,0.802,-1.0,-0.7434,0.0,0.0,0.0,0.0,1.0,0.869
w11-ent0003-s52,w11-ent0003,52,771072,0.12,0.765,-1.0,-0.8602,0.0,0.0,0.0,0.0,1.0,0.868
w11-ent0003-s52,w11-ent0003,52,801792,0.17,0.816,-1.0,-0.6257,0.0,0.0,0.0,0.0,1.0,0.868
w11-ent0003-s52,w11-ent0003,52,832512,0.18,0.769,-1.0,-0.864,0.0,0.0,0.0,0.0,1.0,0.868
w11-ent0003-s52,w11-ent0003,52,863232,0.11,0.738,-1.0,-0.6695,0.0,0.0,0.0,0.0,1.0,0.869
w11-ent0003-s52,w11-ent0003,52,893952,0.13,0.763,-1.0,-0.6365,0.0,0.0,0.0,0.0,1.0,0.869
w11-ent0003-s52,w11-ent0003,52,924672,0.17,0.806,-1.0,-0.7611,0.0,0.0,0.0,0.0,1.0,0.869
w11-ent0003-s52,w11-ent0003,52,955392,0.17,0.788,-1.0,-0.7287,0.0,0.0,0.0,0.0,1.0,0.869
w11-ent0003-s52,w11-ent0003,52,986112,0.07,0.725,-1.0,-0.8293,0.0,0.0,0.0,0.0,1.0,0.87
w11-ent0003-s52,w11-ent0003,52,1016832,0.14,0.776,-1.0,-0.6417,0.0,0.0,0.0,0.0,1.0,0.871
w11-ent0003-s52,w11-ent0003,52,1047552,0.13,0.74,-1.0,-0.6276,0.0,0.0,0.0,0.0,1.0,0.871
w11-ent0003-s52,w11-ent0003,52,1078272,0.17,0.794,-1.0,-0.8068,0.0,0.0,0.0,0.0,1.0,0.872
w11-ent0003-s52,w11-ent0003,52,1108992,0.09,0.755,-1.0,-0.7417,0.0,0.0,0.0,0.0,1.0,0.873
w11-ent0003-s52,w11-ent0003,52,1139712,0.14,0.809,-1.0,-0.6142,0.0,0.0,0.0,0.0,1.0,0.873
w11-ent0003-s52,w11-ent0003,52,1170432,0.13,0.758,-1.0,-0.637,0.0,0.0,0.0,0.0,1.0,0.874
w11-ent0003-s52,w11-ent0003,52,1201152,0.14,0.787,-1.0,-0.5942,0.0,0.0,0.0,0.0,1.0,0.874
w11-ent0003-s52,w11-ent0003,52,1231872,0.1,0.761,-1.0,-0.5466,0.0,0.0,0.0,0.0,1.0,0.874
w11-ent0003-s52,w11-ent0003,52,1262592,0.13,0.782,-1.0,-0.7279,0.0,0.0,0.0,0.0,1.0,0.874
w11-ent0003-s52,w11-ent0003,52,1293312,0.19,0.827,-1.0,-0.7355,0.0,0.0,0.0,0.0,1.0,0.874
w11-ent0003-s52,w11-ent0003,52,1324032,0.14,0.775,-1.0,-0.6185,0.0,0.0,0.0,0.0,1.0,0.875
w11-ent0003-s52,w11-ent0003,52,1354752,0.17,0.777,-1.0,-0.6475,0.0,0.0,0.0,0.0,1.0,0.875
w11-ent0003-s52,w11-ent0003,52,1385472,0.14,0.799,-1.0,-0.4987,0.0,0.0,0.0,0.0,1.0,0.875
w11-ent0003-s52,w11-ent0003,52,1416192,0.18,0.842,-1.0,-0.4963,0.0,0.0,0.0,0.0,1.0,0.875
w11-ent0003-s52,w11-ent0003,52,1446912,0.22,0.866,-1.0,-0.5075,0.0,0.0,0.0,0.0,1.0,0.875
w11-ent0003-s52,w11-ent0003,52,1477632,0.14,0.801,-1.0,-0.5458,0.0,0.0,0.0,0.0,1.0,0.875
w11-ent0003-s52,w11-ent0003,52,1508352,0.11,0.735,-1.0,-0.6112,0.0,0.0,0.0,0.0,1.0,0.875
w11-ent0003-s52,w11-ent0003,52,1539072,0.21,0.873,-1.0,-0.4732,0.0,0.0,0.0,0.0,1.0,0.875
w11-ent0003-s52,w11-ent0003,52,1569792,0.2,0.844,-1.0,-0.5387,0.0,0.0,0.0,0.0,1.0,0.875
w11-ent0003-s52,w11-ent0003,52,1600512,0.19,0.823,-1.0,-0.6851,0.0,0.0,0.0,0.0,1.0,0.876
w11-ent0003-s52,w11-ent0003,52,1631232,0.17,0.837,-1.0,-0.5399,0.0,0.0,0.0,0.0,1.0,0.875
w11-ent0003-s52,w11-ent0003,52,1661952,0.19,0.83,-1.0,-0.4142,0.0,0.0,0.0,0.0,1.0,0.875
w11-ent0003-s52,w11-ent0003,52,1692672,0.26,0.898,-1.0,-0.3864,0.0,0.0,0.0,0.0,1.0,0.875
w11-ent0003-s52,w11-ent0003,52,1723392,0.2,0.864,-1.0,-0.5877,0.0,0.0,0.0,0.0,1.0,0.875
w11-ent0003-s52,w11-ent0003,52,1754112,0.19,0.847,-1.0,-0.5727,0.0,0.0,0.0,0.0,1.0,0.875
w11-ent0003-s52,w11-ent0003,52,1784832,0.21,0.813,-1.0,-0.5938,0.0,0.0,0.0,0.0,1.0,0.875
w11-ent0003-s52,w11-ent0003,52,1815552,0.23,0.874,-1.0,-0.4543,0.0,0.0,0.0,0.0,1.0,0.874
w11-ent0003-s52,w11-ent0003,52,1846272,0.25,0.862,-1.0,-0.523,0.0,0.0,0.0,0.0,1.0,0.874
w11-ent0003-s52,w11-ent0003,52,1876992,0.26,0.869,-1.0,-0.611,0.0,0.0,0.0,0.0,1.0,0.874
w11-ent0003-s52,w11-ent0003,52,1907712,0.31,0.905,-1.0,-0.4532,0.0,0.0,0.0,0.0,1.0,0.873
w11-ent0003-s52,w11-ent0003,52,1938432,0.24,0.849,-1.0,-0.1735,0.0,0.0,0.0,0.0,1.0,0.872
w11-ent0003-s52,w11-ent0003,52,1969152,0.24,0.843,-1.0,-0.3433,0.0,0.0,0.0,0.0,1.0,0.872
w11-ent0003-s52,w11-ent0003,52,1999872,0.2,0.85,-1.0,-0.4409,0.0,0.0,0.0,0.0,1.0,0.871
w11-ent0003-s52,w11-ent0003,52,2030592,0.3,0.89,-1.0,-0.4586,0.0,0.0,0.0,0.0,1.0,0.87
w11-ent0003-s52,w11-ent0003,52,2061312,0.3,0.93,-1.0,-0.3708,0.0,0.0,0.0,0.0,1.0,0.869
w11-ent0003-s52,w11-ent0003,52,2092032,0.23,0.85,-1.0,-0.3226,0.0,0.0,0.0,0.0,1.0,0.869
w11-ent0003-s52,w11-ent0003,52,2122752,0.24,0.867,-1.0,-0.4903,0.0,0.0,0.0,0.0,1.0,0.868
w11-ent0003-s52,w11-ent0003,52,2153472,0.29,0.924,-1.0,-0.305,0.0,0.0,0.0,0.0,1.0,0.868
w11-ent0003-s52,w11-ent0003,52,2184192,0.31,0.937,-1.0,-0.2793,0.0,0.0,0.0,0.0,1.0,0.867
w11-ent0003-s52,w11-ent0003,52,2214912,0.22,0.861,-1.0,-0.2037,0.0,0.0,0.0,0.0,1.0,0.867
w11-ent0003-s52,w11-ent0003,52,2245632,0.22,0.841,-1.0,-0.3394,0.0,0.0,0.0,0.0,1.0,0.866
w11-ent0003-s52,w11-ent0003,52,2276352,0.25,0.87,-1.0,-0.6388,0.0,0.0,0.0,0.0,1.0,0.866
w11-ent0003-s52,w11-ent0003,52,2307072,0.26,0.89,-1.0,-0.448,0.0,0.0,0.0,0.0,1.0,0.865
w11-ent0003-s52,w11-ent0003,52,2337792,0.29,0.873,-1.0,-0.2023,0.0,0.0,0.0,0.0,1.0,0.864
w11-ent0003-s52,w11-ent0003,52,2368512,0.3,0.913,-1.0,-0.1972,0.0,0.0,0.0,0.0,1.0,0.864
w11-ent0003-s52,w11-ent0003,52,2399232,0.35,0.955,-1.0,-0.3558,0.0,0.0,0.0,0.0,1.0,0.864
w11-ent0003-s52,w11-ent0003,52,2429952,0.33,0.944,-1.0,-0.2998,0.0,0.0,0.0,0.0,1.0,0.863
w11-ent0003-s52,w11-ent0003,52,2460672,0.28,0.91,-1.0,-0.2445,0.0,0.0,0.0,0.0,1.0,0.863
w11-ent0003-s52,w11-ent0003,52,2491392,0.29,0.889,-1.0,-0.3883,0.0,0.0,0.0,0.0,1.0,0.863
w11-ent0003-s52,w11-ent0003,52,2522112,0.39,0.976,-1.0,-0.1903,0.0,0.0,0.0,0.0,1.0,0.863
w11-ent0003-s52,w11-ent0003,52,2552832,0.41,0.989,-1.0,-0.1517,0.0,0.0,0.0,0.0,1.0,0.863
w11-ent0003-s52,w11-ent0003,52,2583552,0.35,0.935,-1.0,-0.2321,0.0,0.0,0.0,0.0,1.0,0.863
w11-ent0003-s52,w11-ent0003,52,2614272,0.36,0.952,-1.0,-0.0625,0.0,0.0,0.0,0.0,1.0,0.862
w11-ent0003-s52,w11-ent0003,52,2644992,0.39,0.997,-1.0,-0.0065,0.0,0.0,0.0,0.0,1.0,0.862
w11-ent0003-s52,w11-ent0003,52,2675712,0.37,0.938,-1.0,0.0739,0.0,0.0,0.0,0.0,1.0,0.862
w11-ent0003-s52,w11-ent0003,52,2706432,0.46,1.007,-1.0,-0.0796,0.0,0.0,0.0,0.0,1.0,0.862
w11-ent0003-s52,w11-ent0003,52,2737152,0.31,0.952,-1.0,0.1044,0.0,0.0,0.0,0.0,1.0,0.862
w11-ent0003-s52,w11-ent0003,52,2767872,0.42,0.987,-1.0,-0.0427,0.0,0.0,0.0,0.0,1.0,0.862
w11-ent0003-s52,w11-ent0003,52,2798592,0.42,1.01,-1.0,-0.1183,0.0,0.0,0.0,0.0,1.0,0.862
w11-ent0003-s52,w11-ent0003,52,2829312,0.34,0.938,-1.0,-0.127,0.0,0.0,0.0,0.0,1.0,0.862
w11-ent0003-s52,w11-ent0003,52,2860032,0.47,1.042,-1.0,-0.0661,0.0,0.0,0.0,0.0,1.0,0.862
w11-ent0003-s52,w11-ent0003,52,2890752,0.51,1.077,-1.0,0.026,0.0,0.0,0.0,0.0,1.0,0.862
w11-ent0003-s52,w11-ent0003,52,2921472,0.41,0.976,-1.0,0.245,0.0,0.0,0.0,0.0,1.0,0.862
w11-ent0003-s52,w11-ent0003,52,2952192,0.48,1.058,-1.0,0.071,0.0,0.0,0.0,0.0,1.0,0.862
w11-ent0003-s52,w11-ent0003,52,2982912,0.46,1.035,-1.0,-0.0499,0.0,0.0,0.0,0.0,1.0,0.862
w11-ent0003-s52,w11-ent0003,52,3013632,0.5,1.085,-1.0,-0.0764,0.0,0.0,0.0,0.0,1.0,0.862
w11-ent0003-s52,w11-ent0003,52,3044352,0.43,1.004,-1.0,0.2509,0.0,0.0,0.0,0.0,1.0,0.862
w11-ent0003-s52,w11-ent0003,52,3075072,0.59,1.144,-1.0,0.1748,0.0,0.0,0.0,0.0,1.0,0.863
w11-ent0003-s52,w11-ent0003,52,3105792,0.47,1.026,-1.0,0.1588,0.0,0.0,0.0,0.0,1.0,0.862
w11-ent0003-s52,w11-ent0003,52,3136512,0.54,1.082,-1.0,0.2895,0.0,0.0,0.0,0.0,1.0,0.862
w11-ent0003-s52,w11-ent0003,52,3167232,0.65,1.173,-1.0,0.054,0.0,0.0,0.0,0.0,1.0,0.862
w11-ent0003-s52,w11-ent0003,52,3197952,0.47,1.044,-0.985,0.1235,0.0,0.0,0.0,0.0,1.0,0.862
w11-ent0003-s52,w11-ent0003,52,3228672,0.37,0.977,-0.985,0.226,0.0,0.0,0.0,0.0,1.0,0.862
w11-ent0003-s52,w11-ent0003,52,3259392,0.5,1.038,-0.998,0.2033,0.0,0.0,0.0,0.0,1.0,0.863
w11-ent0003-s52,w11-ent0003,52,3290112,0.51,1.07,-1.0,0.4036,0.0,0.0,0.0,0.0,1.0,0.863
w11-ent0003-s52,w11-ent0003,52,3320832,0.51,1.069,-1.0,0.2634,0.0,0.0,0.0,0.0,1.0,0.863
w11-ent0003-s52,w11-ent0003,52,3351552,0.51,1.077,-0.975,0.2003,0.0,0.0,0.0,0.0,1.0,0.863
w11-ent0003-s52,w11-ent0003,52,3382272,0.59,1.124,-0.975,0.1481,0.0,0.0,0.0,0.0,1.0,0.863
w11-ent0003-s52,w11-ent0003,52,3412992,0.48,1.037,-0.975,0.3123,0.0,0.0,0.0,0.0,1.0,0.863
w11-ent0003-s52,w11-ent0003,52,3443712,0.53,1.085,-0.975,0.3073,0.0,0.0,0.0,0.0,1.0,0.863
w11-ent0003-s52,w11-ent0003,52,3474432,0.59,1.116,-0.989,0.0782,0.0,0.0,0.0,0.0,1.0,0.863
w11-ent0003-s52,w11-ent0003,52,3505152,0.46,1.016,-0.96,0.2872,0.0,0.0,0.0,0.0,1.0,0.862
w11-ent0003-s52,w11-ent0003,52,3535872,0.46,1.018,-0.948,0.3908,0.0,0.0,0.0,0.0,1.0,0.862
w11-ent0003-s52,w11-ent0003,52,3566592,0.57,1.109,-0.908,0.1013,0.0,0.0,0.0,0.0,1.0,0.862
w11-ent0003-s52,w11-ent0003,52,3597312,0.59,1.135,-0.897,0.437,0.0,0.0,0.0,0.0,1.0,0.862
w11-ent0003-s52,w11-ent0003,52,3628032,0.61,1.129,-0.886,0.2316,0.0,0.0,0.0,0.0,1.0,0.862
w11-ent0003-s52,w11-ent0003,52,3658752,0.5,1.048,-0.864,0.3123,0.0,0.0,0.0,0.0,1.0,0.862
w11-ent0003-s52,w11-ent0003,52,3689472,0.61,1.126,-0.864,0.4428,0.0,0.0,0.0,0.0,1.0,0.862
w11-ent0003-s52,w11-ent0003,52,3720192,0.46,1.014,-0.841,0.1552,0.0,0.0,0.0,0.0,1.0,0.861
w11-ent0003-s52,w11-ent0003,52,3750912,0.46,1.043,-0.794,0.4017,0.0,0.0,0.0,0.0,1.0,0.861
w11-ent0003-s52,w11-ent0003,52,3781632,0.54,1.074,-0.756,0.2841,0.0,0.0,0.0,0.0,1.0,0.861
w11-ent0003-s52,w11-ent0003,52,3812352,0.57,1.059,-0.756,0.2979,0.0,0.0,0.0,0.0,1.0,0.861
w11-ent0003-s52,w11-ent0003,52,3843072,0.56,1.098,-0.745,0.4432,0.0,0.0,0.0,0.0,1.0,0.861
w11-ent0003-s52,w11-ent0003,52,3873792,0.59,1.118,-0.73,0.3413,0.0,0.0,0.0,0.0,1.0,0.861
w11-ent0003-s52,w11-ent0003,52,3904512,0.57,1.099,-0.73,0.417,0.0,0.0,0.0,0.0,1.0,0.861
w11-ent0003-s52,w11-ent0003,52,3935232,0.64,1.165,-0.688,0.4973,0.0,0.0,0.0,0.0,1.0,0.861
w11-ent0003-s52,w11-ent0003,52,3965952,0.68,1.183,-0.663,0.4725,0.0,0.0,0.0,0.0,1.0,0.861
w11-ent0003-s52,w11-ent0003,52,3996672,0.53,1.047,-0.63,0.3721,0.0,0.0,0.0,0.0,1.0,0.86
w11-ent0003-s52,w11-ent0003,52,4027392,0.55,1.061,-0.599,0.3347,0.0,0.0,0.0,0.0,1.0,0.86
w11-ent0003-s52,w11-ent0003,52,4058112,0.54,1.07,-0.587,0.0899,0.0,0.0,0.0,0.0,1.0,0.86
w11-ent0003-s52,w11-ent0003,52,4088832,0.56,1.095,-0.587,0.1627,0.0,0.0,0.0,0.0,1.0,0.86
w11-ent0003-s52,w11-ent0003,52,4119552,0.53,1.086,-0.565,0.3296,0.0,0.0,0.0,0.0,1.0,0.859
w11-ent0003-s52,w11-ent0003,52,4150272,0.56,1.091,-0.554,0.3428,0.0,0.0,0.0,0.0,1.0,0.859
w11-ent0003-s52,w11-ent0003,52,4180992,0.55,1.064,-0.524,0.3896,0.0,0.0,0.0,0.0,1.0,0.859
w11-ent0003-s52,w11-ent0003,52,4211712,0.55,1.049,-0.507,0.6043,0.0,0.0,0.0,0.0,1.0,0.858
w11-ent0003-s52,w11-ent0003,52,4242432,0.57,1.082,-0.496,0.4635,0.0,0.0,0.0,0.0,1.0,0.858
w11-ent0003-s52,w11-ent0003,52,4273152,0.56,1.045,-0.428,0.2876,0.0,0.0,0.0,0.0,1.0,0.858
w11-ent0003-s52,w11-ent0003,52,4303872,0.48,1.0,-0.416,0.1931,0.0,0.0,0.0,0.0,1.0,0.858
w11-ent0003-s52,w11-ent0003,52,4334592,0.62,1.1,-0.416,0.3381,0.0,0.0,0.0,0.0,1.0,0.857
w11-ent0003-s52,w11-ent0003,52,4365312,0.71,1.173,-0.381,0.2415,0.0,0.0,0.0,0.0,1.0,0.857
w11-ent0003-s52,w11-ent0003,52,4396032,0.51,1.044,-0.36,0.3729,0.0,0.0,0.0,0.0,1.0,0.857
w11-ent0003-s52,w11-ent0003,52,4426752,0.61,1.085,-0.346,0.325,0.0,0.0,0.0,0.0,1.0,0.857
w11-ent0003-s52,w11-ent0003,52,4457472,0.56,1.068,-0.335,0.3689,0.0,0.0,0.0,0.0,1.0,0.857
w11-ent0003-s52,w11-ent0003,52,4488192,0.5,0.982,-0.323,0.227,0.0,0.0,0.0,0.0,1.0,0.857
w11-ent0003-s52,w11-ent0003,52,4518912,0.55,1.033,-0.296,0.3425,0.0,0.0,0.0,0.0,1.0,0.856
w11-ent0003-s52,w11-ent0003,52,4549632,0.63,1.068,-0.272,0.3394,0.0,0.0,0.0,0.0,1.0,0.856
w11-ent0003-s52,w11-ent0003,52,4580352,0.5,1.008,-0.259,0.4165,0.0,0.0,0.0,0.0,1.0,0.856
w11-ent0003-s52,w11-ent0003,52,4611072,0.47,0.997,-0.247,0.2813,0.0,0.0,0.0,0.0,1.0,0.856
w11-ent0003-s52,w11-ent0003,52,4641792,0.47,0.994,-0.232,0.2557,0.0,0.0,0.0,0.0,1.0,0.856
w11-ent0003-s52,w11-ent0003,52,4672512,0.61,1.118,-0.232,0.3545,0.0,0.0,0.0,0.0,1.0,0.856
w11-ent0003-s52,w11-ent0003,52,4703232,0.6,1.092,-0.221,0.318,0.0,0.0,0.0,0.0,1.0,0.856
w11-ent0003-s52,w11-ent0003,52,4733952,0.57,1.062,-0.221,0.4278,0.0,0.0,0.0,0.0,1.0,0.856
w11-ent0003-s52,w11-ent0003,52,4764672,0.51,1.011,-0.208,0.2022,0.0,0.0,0.0,0.0,1.0,0.856
w11-ent0003-s52,w11-ent0003,52,4795392,0.58,1.058,-0.194,0.4095,0.0,0.0,0.0,0.0,1.0,0.856
w11-ent0003-s52,w11-ent0003,52,4826112,0.61,1.124,-0.194,0.4004,0.0,0.0,0.0,0.0,1.0,0.856
w11-ent0003-s52,w11-ent0003,52,4856832,0.57,1.035,-0.168,0.5364,0.0,0.0,0.0,0.0,1.0,0.855
w11-ent0003-s52,w11-ent0003,52,4887552,0.6,1.046,-0.104,0.1922,0.0,0.0,0.0,0.0,1.0,0.855
w11-ent0003-s52,w11-ent0003,52,4918272,0.46,0.978,-0.068,0.4213,0.0,0.0,0.0,0.0,1.0,0.855
w11-ent0003-s52,w11-ent0003,52,4948992,0.66,1.089,-0.056,0.2763,0.0,0.0,0.0,0.0,1.0,0.855
w11-ent0003-s52,w11-ent0003,52,4979712,0.57,1.062,-0.012,0.0848,0.0,0.0,0.0,0.0,1.0,0.855
w11-ent0003-s52,w11-ent0003,52,5010432,0.58,1.048,-0.012,0.264,0.0,0.0,0.0,0.0,1.0,0.854
w11-ent0003-s52,w11-ent0003,52,5041152,0.56,1.03,0.0,0.4638,0.0,0.0,0.0,0.0,1.0,0.854
w11-ent0003-s52,w11-ent0003,52,5071872,0.56,1.025,0.0,0.3052,0.0,0.0,0.0,0.0,1.0,0.854
w11-ent0003-s52,w11-ent0003,52,5102592,0.57,1.037,0.0,0.4237,0.0,0.0,0.0,0.0,1.0,0.854
w11-ent0003-s52,w11-ent0003,52,5133312,0.51,0.972,0.0,0.2829,0.0,0.0,0.0,0.0,1.0,0.854
w11-ent0003-s52,w11-ent0003,52,5164032,0.62,1.082,0.0,0.2699,0.0,0.0,0.0,0.0,1.0,0.853
w11-ent0003-s52,w11-ent0003,52,5194752,0.53,0.996,0.0,0.4296,0.0,0.0,0.0,0.0,1.0,0.853
w11-ent0003-s52,w11-ent0003,52,5225472,0.62,1.101,0.0,0.3601,0.0,0.0,0.0,0.0,1.0,0.853
w11-ent0003-s52,w11-ent0003,52,5256192,0.63,1.08,0.0,0.4711,0.0,0.0,0.0,0.0,1.0,0.853
w11-ent0003-s52,w11-ent0003,52,5286912,0.51,1.01,0.0,0.1803,0.0,0.0,0.0,0.0,1.0,0.852
w11-ent0003-s52,w11-ent0003,52,5317632,0.54,1.0,0.0,0.525,0.0,0.0,0.0,0.0,1.0,0.852
w11-ent0003-s52,w11-ent0003,52,5348352,0.54,1.012,0.0,0.3356,0.0,0.0,0.0,0.0,1.0,0.852
w11-ent0003-s52,w11-ent0003,52,5379072,0.68,1.136,0.0,0.2965,0.0,0.0,0.0,0.0,1.0,0.852
w11-ent0003-s52,w11-ent0003,52,5409792,0.61,1.048,0.0,0.2578,0.0,0.0,0.0,0.0,1.0,0.852
w11-ent0003-s52,w11-ent0003,52,5440512,0.55,1.016,0.0,0.4327,0.0,0.0,0.0,0.0,1.0,0.852
w11-ent0003-s52,w11-ent0003,52,5471232,0.59,1.045,0.0,0.3343,0.0,0.0,0.0,0.0,1.0,0.851
w11-ent0003-s52,w11-ent0003,52,5501952,0.6,1.036,0.0,0.2576,0.0,0.0,0.0,0.0,1.0,0.851
w11-ent0003-s52,w11-ent0003,52,5532672,0.68,1.135,0.0,0.6313,0.0,0.0,0.0,0.0,1.0,0.851
w11-ent0003-s52,w11-ent0003,52,5563392,0.57,1.027,0.0,0.6828,0.0,0.0,0.0,0.0,1.0,0.851
w11-ent0003-s52,w11-ent0003,52,5594112,0.69,1.115,0.0,0.5576,0.0,0.0,0.0,0.0,1.0,0.851
w11-ent0003-s52,w11-ent0003,52,5624832,0.68,1.116,0.0,0.4801,0.0,0.0,0.0,0.0,1.0,0.851
w11-ent0003-s52,w11-ent0003,52,5655552,0.65,1.093,0.0,0.4707,0.0,0.0,0.0,0.0,1.0,0.851
w11-ent0003-s52,w11-ent0003,52,5686272,0.66,1.11,0.0,0.4732,0.0,0.0,0.0,0.0,1.0,0.85
w11-ent0003-s52,w11-ent0003,52,5716992,0.66,1.119,0.0,0.5875,0.0,0.0,0.0,0.0,1.0,0.85
w11-ent0003-s52,w11-ent0003,52,5747712,0.56,1.007,0.0,0.3619,0.0,0.0,0.0,0.0,1.0,0.85
w11-ent0003-s52,w11-ent0003,52,5778432,0.64,1.086,0.0,0.2311,0.0,0.0,0.0,0.0,1.0,0.85
w11-ent0003-s52,w11-ent0003,52,5809152,0.66,1.118,0.0,0.4802,0.0,0.0,0.0,0.0,1.0,0.85
w11-ent0003-s52,w11-ent0003,52,5839872,0.64,1.076,0.0,0.6162,0.0,0.0,0.0,0.0,1.0,0.85
w11-ent0003-s52,w11-ent0003,52,5870592,0.67,1.121,0.0,0.4749,0.0,0.0,0.0,0.0,1.0,0.85
w11-ent0003-s52,w11-ent0003,52,5901312,0.54,1.03,0.0,0.4086,0.0,0.0,0.0,0.0,1.0,0.849
w11-ent0003-s52,w11-ent0003,52,5932032,0.61,1.041,0.0,0.7417,0.0,0.0,0.0,0.0,1.0,0.849
w11-ent0003-s52,w11-ent0003,52,5962752,0.67,1.101,0.0,0.365,0.0,0.0,0.0,0.0,1.0,0.849
w11-ent0003-s52,w11-ent0003,52,5993472,0.56,1.028,0.0,0.4858,0.0,0.0,0.0,0.0,1.0,0.849
w11-ent0003-s52,w11-ent0003,52,6024192,0.5,0.966,0.0,0.4765,0.0,0.0,0.0,0.0,1.0,0.849
w11-ent0003-s52,w11-ent0003,52,6054912,0.63,1.094,0.0,0.4489,0.0,0.0,0.0,0.0,1.0,0.849
w11-ent0003-s52,w11-ent0003,52,6085632,0.62,1.075,0.0,0.4213,0.0,0.0,0.0,0.0,1.0,0.849
w11-ent0003-s52,w11-ent0003,52,6116352,0.66,1.109,0.0,0.2375,0.0,0.0,0.0,0.0,1.0,0.848
w11-ent0003-s52,w11-ent0003,52,6147072,0.65,1.07,0.0,0.4666,0.0,0.0,0.0,0.0,1.0,0.848
w11-ent0003-s52,w11-ent0003,52,6177792,0.59,1.036,0.0,0.5482,0.0,0.0,0.0,0.0,1.0,0.848
w11-ent0003-s52,w11-ent0003,52,6208512,0.69,1.105,0.0,0.4077,0.0,0.0,0.0,0.0,1.0,0.848
w11-ent0003-s52,w11-ent0003,52,6239232,0.55,1.031,0.0,0.4529,0.0,0.0,0.0,0.0,1.0,0.848
w11-ent0003-s52,w11-ent0003,52,6269952,0.61,1.071,0.0,0.6128,0.0,0.0,0.0,0.0,1.0,0.848
w11-ent0003-s52,w11-ent0003,52,6300672,0.63,1.074,0.0,0.4689,0.0,0.0,0.0,0.0,1.0,0.847
w11-ent0003-s52,w11-ent0003,52,6331392,0.72,1.137,0.0,0.5441,0.0,0.0,0.0,0.0,1.0,0.847
w11-ent0003-s52,w11-ent0003,52,6362112,0.59,1.064,0.0,0.4801,0.0,0.0,0.0,0.0,1.0,0.847
w11-ent0003-s52,w11-ent0003,52,6392832,0.74,1.144,0.0,0.3306,0.0,0.0,0.0,0.0,1.0,0.847
w11-ent0003-s52,w11-ent0003,52,6423552,0.66,1.11,0.0,0.5825,0.0,0.0,0.0,0.0,1.0,0.847
w11-ent0003-s52,w11-ent0003,52,6454272,0.61,1.061,0.0,0.3051,0.0,0.0,0.0,0.0,1.0,0.847
w11-ent0003-s52,w11-ent0003,52,6484992,0.65,1.105,0.0,0.394,0.0,0.0,0.0,0.0,1.0,0.846
w11-ent0003-s52,w11-ent0003,52,6515712,0.67,1.093,0.0,0.6092,0.0,0.0,0.0,0.0,1.0,0.846
w11-ent0003-s52,w11-ent0003,52,6546432,0.61,1.114,0.0,0.7015,0.0,0.0,0.0,0.0,1.0,0.846
w11-ent0003-s52,w11-ent0003,52,6577152,0.67,1.12,0.0,0.5904,0.0,0.0,0.0,0.0,1.0,0.846
w11-ent0003-s52,w11-ent0003,52,6607872,0.6,1.044,0.0,0.4719,0.0,0.0,0.0,0.0,1.0,0.846
w11-ent0003-s52,w11-ent0003,52,6638592,0.58,1.066,0.0,0.3926,0.0,0.0,0.0,0.0,1.0,0.846
w11-ent0003-s52,w11-ent0003,52,6669312,0.62,1.081,0.0,0.456,0.0,0.0,0.0,0.0,1.0,0.846
w11-ent0003-s52,w11-ent0003,52,6700032,0.63,1.075,0.0,0.5746,0.0,0.0,0.0,0.0,1.0,0.846
w11-ent0003-s52,w11-ent0003,52,6730752,0.63,1.097,0.0,0.4163,0.0,0.0,0.0,0.0,1.0,0.846
w11-ent0003-s52,w11-ent0003,52,6761472,0.66,1.127,0.0,0.4503,0.0,0.0,0.0,0.0,1.0,0.846
w11-ent0003-s52,w11-ent0003,52,6792192,0.63,1.091,0.0,0.6272,0.0,0.0,0.0,0.0,1.0,0.845
w11-ent0003-s52,w11-ent0003,52,6822912,0.67,1.085,0.0,0.66,0.0,0.0,0.0,0.0,1.0,0.845
w11-ent0003-s52,w11-ent0003,52,6853632,0.69,1.135,0.0,0.6386,0.0,0.0,0.0,0.0,1.0,0.845
w11-ent0003-s52,w11-ent0003,52,6884352,0.66,1.096,0.0,0.6242,0.0,0.0,0.0,0.0,1.0,0.845
w11-ent0003-s52,w11-ent0003,52,6915072,0.72,1.14,0.0,0.3106,0.0,0.0,0.0,0.0,1.0,0.845
w11-ent0003-s52,w11-ent0003,52,6945792,0.7,1.143,0.0,0.639,0.0,0.0,0.0,0.0,1.0,0.845
w11-ent0003-s52,w11-ent0003,52,6976512,0.61,1.072,0.0,0.6289,0.0,0.0,0.0,0.0,1.0,0.845
w11-ent0003-s52,w11-ent0003,52,7007232,0.6,1.035,0.0,0.6472,0.0,0.0,0.0,0.0,1.0,0.845
w11-ent0003-s52,w11-ent0003,52,7037952,0.73,1.17,0.0,0.5947,0.0,0.0,0.0,0.0,1.0,0.845
w11-ent0003-s52,w11-ent0003,52,7068672,0.75,1.169,0.0,0.8192,0.0,0.0,0.0,0.0,1.0,0.845
w11-ent0003-s52,w11-ent0003,52,7099392,0.72,1.152,0.0,0.7914,0.0,0.0,0.0,0.0,1.0,0.844
w11-ent0003-s52,w11-ent0003,52,7130112,0.65,1.103,0.0,0.7553,0.0,0.0,0.0,0.0,1.0,0.844
w11-ent0003-s52,w11-ent0003,52,7160832,0.65,1.115,0.0,0.7112,0.0,0.0,0.0,0.0,1.0,0.844
w11-ent0003-s52,w11-ent0003,52,7191552,0.78,1.204,0.0,0.6799,0.0,0.0,0.0,0.0,1.0,0.844
w11-ent0003-s52,w11-ent0003,52,7222272,0.73,1.155,0.0,0.4537,0.0,0.0,0.0,0.0,1.0,0.844
w11-ent0003-s52,w11-ent0003,52,7252992,0.72,1.134,0.0,0.5603,0.0,0.0,0.0,0.0,1.0,0.844
w11-ent0003-s52,w11-ent0003,52,7283712,0.67,1.147,0.0,0.5862,0.0,0.0,0.0,0.0,1.0,0.844
w11-ent0003-s52,w11-ent0003,52,7314432,0.72,1.138,0.0,0.6591,0.0,0.0,0.0,0.0,1.0,0.844
w11-ent0003-s52,w11-ent0003,52,7345152,0.71,1.127,0.0,0.682,0.0,0.0,0.0,0.0,1.0,0.844
w11-ent0003-s52,w11-ent0003,52,7375872,0.68,1.099,0.0,0.5427,0.0,0.0,0.0,0.0,1.0,0.844
w11-ent0003-s52,w11-ent0003,52,7406592,0.78,1.201,0.0,0.732,0.0,0.0,0.0,0.0,1.0,0.844
w11-ent0003-s52,w11-ent0003,52,7437312,0.73,1.15,0.0,0.529,0.0,0.0,0.0,0.0,1.0,0.844
w11-ent0003-s52,w11-ent0003,52,7468032,0.66,1.097,0.0,0.8017,0.0,0.0,0.0,0.0,1.0,0.844
w11-ent0003-s52,w11-ent0003,52,7498752,0.63,1.102,0.0,0.581,0.0,0.0,0.0,0.0,1.0,0.843
w11-ent0003-s52,w11-ent0003,52,7529472,0.68,1.135,0.0,0.595,0.0,0.0,0.0,0.0,1.0,0.843
w11-ent0003-s52,w11-ent0003,52,7560192,0.76,1.165,0.0,0.636,0.0,0.0,0.0,0.0,1.0,0.843
w11-ent0003-s52,w11-ent0003,52,7590912,0.73,1.158,0.0,0.7946,0.0,0.0,0.0,0.0,1.0,0.843
w11-ent0003-s52,w11-ent0003,52,7621632,0.7,1.134,0.0,0.6102,0.0,0.0,0.0,0.0,1.0,0.843
w11-ent0003-s52,w11-ent0003,52,7652352,0.7,1.131,0.0,0.4655,0.0,0.0,0.0,0.0,1.0,0.843
w11-ent0003-s52,w11-ent0003,52,7683072,0.79,1.192,0.0,0.5787,0.0,0.0,0.0,0.0,1.0,0.843
w11-ent0003-s52,w11-ent0003,52,7713792,0.68,1.142,0.0,0.6861,0.0,0.0,0.0,0.0,1.0,0.843
w11-ent0003-s52,w11-ent0003,52,7744512,0.72,1.137,0.0,0.712,0.0,0.0,0.0,0.0,1.0,0.843
w11-ent0003-s52,w11-ent0003,52,7775232,0.59,1.031,0.0,0.8897,0.0,0.0,0.0,0.0,1.0,0.843
w11-ent0003-s52,w11-ent0003,52,7805952,0.69,1.147,0.0,0.4085,0.0,0.0,0.0,0.0,1.0,0.843
w11-ent0003-s52,w11-ent0003,52,7836672,0.74,1.158,0.0,0.7305,0.0,0.0,0.0,0.0,1.0,0.843
w11-ent0003-s52,w11-ent0003,52,7867392,0.76,1.166,0.0,0.7906,0.0,0.0,0.0,0.0,1.0,0.842
w11-ent0003-s52,w11-ent0003,52,7898112,0.75,1.18,0.0,0.719,0.0,0.0,0.0,0.0,1.0,0.842
w11-ent0003-s52,w11-ent0003,52,7928832,0.69,1.136,0.0,0.6148,0.0,0.0,0.0,0.0,1.0,0.842
w11-ent0003-s52,w11-ent0003,52,7959552,0.74,1.177,0.0,0.7913,0.0,0.0,0.0,0.0,1.0,0.842
w11-ent0003-s52,w11-ent0003,52,7990272,0.69,1.117,0.0,0.7052,0.0,0.0,0.0,0.0,1.0,0.842
w11-ent0003-s52,w11-ent0003,52,8020992,0.66,1.095,0.0,0.7303,0.0,0.0,0.0,0.0,1.0,0.842
w11-ent0003-s52,w11-ent0003,52,8051712,0.75,1.175,0.0,0.4501,0.0,0.0,0.0,0.0,1.0,0.842
w11-ent0003-s52,w11-ent0003,52,8082432,0.73,1.143,0.0,0.7443,0.0,0.0,0.0,0.0,1.0,0.842
w11-ent0003-s52,w11-ent0003,52,8113152,0.74,1.155,0.0,0.6799,0.0,0.0,0.0,0.0,1.0,0.842
w11-ent0003-s52,w11-ent0003,52,8143872,0.73,1.158,0.0,0.7681,0.0,0.0,0.0,0.0,1.0,0.842
w11-ent0003-s52,w11-ent0003,52,8174592,0.66,1.116,0.0,0.7888,0.0,0.0,0.0,0.0,1.0,0.842
w11-ent0003-s52,w11-ent0003,52,8205312,0.8,1.205,0.0,0.5545,0.0,0.0,0.0,0.0,1.0,0.842
w11-ent0003-s52,w11-ent0003,52,8236032,0.78,1.172,0.0,0.7471,0.0,0.0,0.0,0.0,1.0,0.842
w11-ent0003-s52,w11-ent0003,52,8266752,0.7,1.104,0.0,0.5139,0.0,0.0,0.0,0.0,1.0,0.841
w11-ent0003-s52,w11-ent0003,52,8297472,0.64,1.079,0.0,0.5844,0.0,0.0,0.0,0.0,1.0,0.841
w11-ent0003-s52,w11-ent0003,52,8328192,0.68,1.136,0.0,0.6459,0.0,0.0,0.0,0.0,1.0,0.841
w11-ent0003-s52,w11-ent0003,52,8358912,0.8,1.214,0.0,0.6364,0.0,0.0,0.0,0.0,1.0,0.841
w11-ent0003-s52,w11-ent0003,52,8389632,0.8,1.209,0.0,0.7239,0.0,0.0,0.0,0.0,1.0,0.841
w11-ent0003-s52,w11-ent0003,52,8420352,0.77,1.2,0.0,0.6584,0.0,0.0,0.0,0.0,1.0,0.841
w11-ent0003-s52,w11-ent0003,52,8451072,0.74,1.184,0.0,0.6419,0.0,0.0,0.0,0.0,1.0,0.841
w11-ent0003-s52,w11-ent0003,52,8481792,0.72,1.131,0.0,0.793,0.0,0.0,0.0,0.0,1.0,0.841
w11-ent0003-s52,w11-ent0003,52,8512512,0.76,1.154,0.0,0.7928,0.0,0.0,0.0,0.0,1.0,0.841
w11-ent0003-s52,w11-ent0003,52,8543232,0.7,1.135,0.0,0.6123,0.0,0.0,0.0,0.0,1.0,0.841
w11-ent0003-s52,w11-ent0003,52,8573952,0.78,1.201,0.0,0.7939,0.0,0.0,0.0,0.0,1.0,0.841
w11-ent0003-s52,w11-ent0003,52,8604672,0.77,1.191,0.0,0.7898,0.0,0.0,0.0,0.0,1.0,0.841
w11-ent0003-s52,w11-ent0003,52,8635392,0.73,1.193,0.0,0.6432,0.0,0.0,0.0,0.0,1.0,0.841
w11-ent0003-s52,w11-ent0003,52,8666112,0.85,1.237,0.0,0.9366,0.0,0.0,0.0,0.0,1.0,0.84
w11-ent0003-s52,w11-ent0003,52,8696832,0.67,1.13,0.0,0.5843,0.0,0.0,0.0,0.0,1.0,0.84
w11-ent0003-s52,w11-ent0003,52,8727552,0.69,1.153,0.0,0.5361,0.0,0.0,0.0,0.0,1.0,0.84
w11-ent0003-s52,w11-ent0003,52,8758272,0.78,1.193,0.0,0.6117,0.0,0.0,0.0,0.0,1.0,0.84
w11-ent0003-s52,w11-ent0003,52,8788992,0.71,1.13,0.0,0.4677,0.0,0.0,0.0,0.0,1.0,0.84
w11-ent0003-s52,w11-ent0003,52,8819712,0.67,1.102,0.0,0.6167,0.0,0.0,0.0,0.0,1.0,0.84
w11-ent0003-s52,w11-ent0003,52,8850432,0.74,1.175,0.0,0.8367,0.0,0.0,0.0,0.0,1.0,0.84
w11-ent0003-s52,w11-ent0003,52,8881152,0.73,1.142,0.0,0.7993,0.0,0.0,0.0,0.0,1.0,0.84
w11-ent0003-s52,w11-ent0003,52,8911872,0.78,1.193,0.0,0.6358,0.0,0.0,0.0,0.0,1.0,0.84
w11-ent0003-s52,w11-ent0003,52,8942592,0.71,1.145,0.0,0.688,0.0,0.0,0.0,0.0,1.0,0.84
w11-ent0003-s52,w11-ent0003,52,8973312,0.71,1.127,0.0,0.7991,0.0,0.0,0.0,0.0,1.0,0.84
w11-ent0003-s52,w11-ent0003,52,9004032,0.82,1.232,0.0,0.8506,0.0,0.0,0.0,0.0,1.0,0.84
w11-ent0003-s52,w11-ent0003,52,9034752,0.71,1.149,0.0,0.8077,0.0,0.0,0.0,0.0,1.0,0.84
w11-ent0003-s52,w11-ent0003,52,9065472,0.75,1.161,0.0,0.6906,0.0,0.0,0.0,0.0,1.0,0.84
w11-ent0003-s52,w11-ent0003,52,9096192,0.83,1.267,0.0,0.8279,0.0,0.0,0.0,0.0,1.0,0.839
w11-ent0003-s52,w11-ent0003,52,9126912,0.76,1.181,0.0,0.851,0.0,0.0,0.0,0.0,1.0,0.839
w11-ent0003-s52,w11-ent0003,52,9157632,0.75,1.17,0.0,0.7751,0.0,0.0,0.0,0.0,1.0,0.839
w11-ent0003-s52,w11-ent0003,52,9188352,0.72,1.162,0.0,0.6392,0.0,0.0,0.0,0.0,1.0,0.839
w11-ent0003-s52,w11-ent0003,52,9219072,0.8,1.205,0.0,0.8767,0.0,0.0,0.0,0.0,1.0,0.839
w11-ent0003-s52,w11-ent0003,52,9249792,0.77,1.201,0.0,0.7553,0.0,0.0,0.0,0.0,1.0,0.839
w11-ent0003-s52,w11-ent0003,52,9280512,0.77,1.21,0.0,0.9002,0.0,0.0,0.0,0.0,1.0,0.839
w11-ent0003-s52,w11-ent0003,52,9311232,0.81,1.223,0.0,0.6885,0.0,0.0,0.0,0.0,1.0,0.839
w11-ent0003-s52,w11-ent0003,52,9341952,0.75,1.193,0.0,0.7458,0.0,0.0,0.0,0.0,1.0,0.839
w11-ent0003-s52,w11-ent0003,52,9372672,0.7,1.15,0.0,0.8696,0.0,0.0,0.0,0.0,1.0,0.839
w11-ent0003-s52,w11-ent0003,52,9403392,0.77,1.22,0.0,0.8106,0.0,0.0,0.0,0.0,1.0,0.839
w11-ent0003-s52,w11-ent0003,52,9434112,0.69,1.136,0.0,0.7313,0.0,0.0,0.0,0.0,1.0,0.839
w11-ent0003-s52,w11-ent0003,52,9464832,0.73,1.167,0.0,0.7648,0.0,0.0,0.0,0.0,1.0,0.839
w11-ent0003-s52,w11-ent0003,52,9495552,0.78,1.212,0.0,0.8534,0.0,0.0,0.0,0.0,1.0,0.839
w11-ent0003-s52,w11-ent0003,52,9526272,0.67,1.128,0.0,0.8204,0.0,0.0,0.0,0.0,1.0,0.839
w11-ent0003-s52,w11-ent0003,52,9556992,0.77,1.194,0.0,0.735,0.0,0.0,0.0,0.0,1.0,0.839
w11-ent0003-s52,w11-ent0003,52,9587712,0.76,1.207,0.0,0.9744,0.0,0.0,0.0,0.0,1.0,0.838
w11-ent0003-s52,w11-ent0003,52,9618432,0.84,1.241,0.0,1.0724,0.0,0.0,0.0,0.0,1.0,0.838
w11-ent0003-s52,w11-ent0003,52,9649152,0.74,1.169,0.0,0.8577,0.0,0.0,0.0,0.0,1.0,0.838
w11-ent0003-s52,w11-ent0003,52,9679872,0.69,1.113,0.0,0.8726,0.0,0.0,0.0,0.0,1.0,0.838
w11-ent0003-s52,w11-ent0003,52,9710592,0.76,1.177,0.0,0.7535,0.0,0.0,0.0,0.0,1.0,0.838
w11-ent0003-s52,w11-ent0003,52,9741312,0.77,1.209,0.0,0.7014,0.0,0.0,0.0,0.0,1.0,0.838
w11-ent0003-s52,w11-ent0003,52,9772032,0.66,1.103,0.0,0.7393,0.0,0.0,0.0,0.0,1.0,0.838
w11-ent0003-s52,w11-ent0003,52,9802752,0.75,1.169,0.0,0.6803,0.0,0.0,0.0,0.0,1.0,0.838
w11-ent0003-s52,w11-ent0003,52,9833472,0.84,1.254,0.0,0.7684,0.0,0.0,0.0,0.0,1.0,0.838
w11-ent0003-s52,w11-ent0003,52,9864192,0.77,1.194,0.0,0.8129,0.0,0.0,0.0,0.0,1.0,0.838
w11-ent0003-s52,w11-ent0003,52,9894912,0.84,1.257,0.0,0.8118,0.0,0.0,0.0,0.0,1.0,0.838
w11-ent0003-s52,w11-ent0003,52,9925632,0.65,1.08,0.0,0.9151,0.0,0.0,0.0,0.0,1.0,0.838
w11-ent0003-s52,w11-ent0003,52,9956352,0.83,1.258,0.0,0.8426,0.0,0.0,0.0,0.0,1.0,0.838
w11-ent0003-s52,w11-ent0003,52,9987072,0.76,1.174,0.0,0.7032,0.0,0.0,0.0,0.0,1.0,0.838
w11-ent0003-s52,w11-ent0003,52,10017792,0.72,1.138,0.0,0.7203,0.0,0.0,0.0,0.0,1.0,0.838
w11-ent0003-s52,w11-ent0003,52,10048512,0.73,1.178,0.0,0.6577,0.0,0.0,0.0,0.0,1.0,0.837
w11-ent0003-s52,w11-ent0003,52,10079232,0.77,1.183,0.0,0.9565,0.0,0.0,0.0,0.0,1.0,0.837
w11-ent0003-s52,w11-ent0003,52,10109952,0.79,1.237,0.0,0.8233,0.0,0.0,0.0,0.0,1.0,0.837
w11-ent0003-s52,w11-ent0003,52,10140672,0.75,1.188,0.0,0.7529,0.0,0.0,0.0,0.0,1.0,0.837
w11-ent0003-s52,w11-ent0003,52,10171392,0.76,1.202,0.0,0.782,0.0,0.0,0.0,0.0,1.0,0.837
w11-ent0003-s52,w11-ent0003,52,10202112,0.76,1.181,0.0,0.7009,0.0,0.0,0.0,0.0,1.0,0.837
w11-ent0003-s52,w11-ent0003,52,10232832,0.76,1.175,0.0,0.5311,0.0,0.0,0.0,0.0,1.0,0.837
w11-ent0003-s52,w11-ent0003,52,10263552,0.77,1.191,0.0,0.9083,0.0,0.0,0.0,0.0,1.0,0.837
w11-ent0003-s52,w11-ent0003,52,10294272,0.74,1.15,0.0,0.8861,0.0,0.0,0.0,0.0,1.0,0.837
w11-ent0003-s52,w11-ent0003,52,10324992,0.83,1.245,0.0,0.7782,0.0,0.0,0.0,0.0,1.0,0.837
w11-ent0003-s52,w11-ent0003,52,10355712,0.69,1.126,0.0,0.7717,0.0,0.0,0.0,0.0,1.0,0.837
w11-ent0003-s52,w11-ent0003,52,10386432,0.81,1.195,0.0,0.8683,0.0,0.0,0.0,0.0,1.0,0.837
w11-ent0003-s52,w11-ent0003,52,10417152,0.85,1.26,0.0,0.7908,0.0,0.0,0.0,0.0,1.0,0.837
w11-ent0003-s52,w11-ent0003,52,10447872,0.71,1.158,0.0,0.7865,0.0,0.0,0.0,0.0,1.0,0.837
w11-ent0003-s52,w11-ent0003,52,10478592,0.81,1.237,0.0,0.6689,0.0,0.0,0.0,0.0,1.0,0.836
w11-ent0003-s52,w11-ent0003,52,10509312,0.85,1.231,0.0,0.7788,0.0,0.0,0.0,0.0,1.0,0.836
w11-ent0003-s52,w11-ent0003,52,10540032,0.74,1.155,0.0,0.7077,0.0,0.0,0.0,0.0,1.0,0.836
w11-ent0003-s52,w11-ent0003,52,10570752,0.83,1.244,0.0,0.8946,0.0,0.0,0.0,0.0,1.0,0.836
w11-ent0003-s52,w11-ent0003,52,10601472,0.82,1.236,0.0,0.8931,0.0,0.0,0.0,0.0,1.0,0.836
w11-ent0003-s52,w11-ent0003,52,10632192,0.73,1.166,0.0,0.8753,0.0,0.0,0.0,0.0,1.0,0.836
w11-ent0003-s52,w11-ent0003,52,10662912,0.81,1.223,0.0,0.8039,0.0,0.0,0.0,0.0,1.0,0.836
w11-ent0003-s52,w11-ent0003,52,10693632,0.77,1.215,0.0,0.8833,0.0,0.0,0.0,0.0,1.0,0.836
w11-ent0003-s52,w11-ent0003,52,10724352,0.81,1.215,0.0,0.8625,0.0,0.0,0.0,0.0,1.0,0.836
w11-ent0003-s52,w11-ent0003,52,10755072,0.84,1.246,0.0,0.9379,0.0,0.0,0.0,0.0,1.0,0.836
w11-ent0003-s52,w11-ent0003,52,10785792,0.78,1.217,0.0,0.9433,0.0,0.0,0.0,0.0,1.0,0.836
w11-ent0003-s52,w11-ent0003,52,10816512,0.82,1.24,0.0,0.9216,0.0,0.0,0.0,0.0,1.0,0.836
w11-ent0003-s52,w11-ent0003,52,10847232,0.79,1.206,0.0,1.0187,0.0,0.0,0.0,0.0,1.0,0.836
w11-ent0003-s52,w11-ent0003,52,10877952,0.82,1.223,0.0,0.9446,0.0,0.0,0.0,0.0,1.0,0.836
w11-ent0003-s52,w11-ent0003,52,10908672,0.71,1.164,0.0,0.672,0.0,0.0,0.0,0.0,1.0,0.835
w11-ent0003-s52,w11-ent0003,52,10939392,0.78,1.187,0.0,0.7539,0.0,0.0,0.0,0.0,1.0,0.835
w11-ent0003-s52,w11-ent0003,52,10970112,0.67,1.106,0.0,0.9592,0.0,0.0,0.0,0.0,1.0,0.835
w11-ent0003-s52,w11-ent0003,52,11000832,0.79,1.202,0.0,0.9333,0.0,0.0,0.0,0.0,1.0,0.835
w11-ent0003-s52,w11-ent0003,52,11031552,0.77,1.204,0.0,0.9009,0.0,0.0,0.0,0.0,1.0,0.835
w11-ent0003-s52,w11-ent0003,52,11062272,0.85,1.275,0.0,0.8823,0.0,0.0,0.0,0.0,1.0,0.835
w11-ent0003-s52,w11-ent0003,52,11092992,0.8,1.206,0.0,0.8401,0.0,0.0,0.0,0.0,1.0,0.835
w11-ent0003-s52,w11-ent0003,52,11123712,0.68,1.14,0.0,1.0107,0.0,0.0,0.0,0.0,1.0,0.835
w11-ent0003-s52,w11-ent0003,52,11154432,0.82,1.239,0.0,0.7356,0.0,0.0,0.0,0.0,1.0,0.835
w11-ent0003-s52,w11-ent0003,52,11185152,0.81,1.213,0.0,0.9046,0.0,0.0,0.0,0.0,1.0,0.835
w11-ent0003-s52,w11-ent0003,52,11215872,0.68,1.124,0.0,0.9785,0.0,0.0,0.0,0.0,1.0,0.835
w11-ent0003-s52,w11-ent0003,52,11246592,0.78,1.2,0.0,0.9365,0.0,0.0,0.0,0.0,1.0,0.835
w11-ent0003-s52,w11-ent0003,52,11277312,0.71,1.136,0.0,0.7864,0.0,0.0,0.0,0.0,1.0,0.835
w11-ent0003-s52,w11-ent0003,52,11308032,0.81,1.258,0.0,0.7753,0.0,0.0,0.0,0.0,1.0,0.835
w11-ent0003-s52,w11-ent0003,52,11338752,0.82,1.224,0.0,0.8416,0.0,0.0,0.0,0.0,1.0,0.834
w11-ent0003-s52,w11-ent0003,52,11369472,0.76,1.178,0.0,0.7126,0.0,0.0,0.0,0.0,1.0,0.834
w11-ent0003-s52,w11-ent0003,52,11400192,0.78,1.227,0.0,1.0576,0.0,0.0,0.0,0.0,1.0,0.834
w11-ent0003-s52,w11-ent0003,52,11430912,0.75,1.221,0.0,0.9513,0.0,0.0,0.0,0.0,1.0,0.834
w11-ent0003-s52,w11-ent0003,52,11461632,0.78,1.198,0.0,0.9492,0.0,0.0,0.0,0.0,1.0,0.834
w11-ent0003-s52,w11-ent0003,52,11492352,0.85,1.284,0.0,0.8637,0.0,0.0,0.0,0.0,1.0,0.834
w11-ent0003-s52,w11-ent0003,52,11523072,0.82,1.234,0.0,0.8152,0.0,0.0,0.0,0.0,1.0,0.834
w11-ent0003-s52,w11-ent0003,52,11553792,0.78,1.209,0.0,0.8818,0.0,0.0,0.0,0.0,1.0,0.834
w11-ent0003-s52,w11-ent0003,52,11584512,0.8,1.245,0.0,0.8282,0.0,0.0,0.0,0.0,1.0,0.834
w11-ent0003-s52,w11-ent0003,52,11615232,0.82,1.235,0.0,0.9625,0.0,0.0,0.0,0.0,1.0,0.834
w11-ent0003-s52,w11-ent0003,52,11645952,0.82,1.225,0.0,0.6724,0.0,0.0,0.0,0.0,1.0,0.834
w11-ent0003-s52,w11-ent0003,52,11676672,0.82,1.238,0.0,0.8445,0.0,0.0,0.0,0.0,1.0,0.834
w11-ent0003-s52,w11-ent0003,52,11707392,0.7,1.157,0.0,0.9399,0.0,0.0,0.0,0.0,1.0,0.834
w11-ent0003-s52,w11-ent0003,52,11738112,0.85,1.275,0.0,0.8103,0.0,0.0,0.0,0.0,1.0,0.834
w11-ent0003-s52,w11-ent0003,52,11768832,0.74,1.175,0.0,0.8938,0.0,0.0,0.0,0.0,1.0,0.834
w11-ent0003-s52,w11-ent0003,52,11799552,0.81,1.218,0.0,0.8838,0.0,0.0,0.0,0.0,1.0,0.834
w11-ent0003-s52,w11-ent0003,52,11830272,0.8,1.235,0.0,0.892,0.0,0.0,0.0,0.0,1.0,0.834
w11-ent0003-s52,w11-ent0003,52,11860992,0.79,1.239,0.0,0.8446,0.0,0.0,0.0,0.0,1.0,0.834
w11-ent0003-s52,w11-ent0003,52,11891712,0.78,1.213,0.0,0.9809,0.0,0.0,0.0,0.0,1.0,0.833
w11-ent0003-s52,w11-ent0003,52,11922432,0.78,1.206,0.0,1.0438,0.0,0.0,0.0,0.0,1.0,0.833
w11-ent0003-s52,w11-ent0003,52,11953152,0.77,1.211,0.0,0.8395,0.0,0.0,0.0,0.0,1.0,0.833
w11-ent0003-s52,w11-ent0003,52,11983872,0.82,1.271,0.0,0.8104,0.0,0.0,0.0,0.0,1.0,0.833
w11-ent0003-s52,w11-ent0003,52,12014592,0.79,1.236,0.0,1.0173,0.0,0.0,0.0,0.0,1.0,0.833
w11-ent0003-s52,w11-ent0003,52,12045312,0.74,1.181,0.0,0.7063,0.0,0.0,0.0,0.0,1.0,0.833
w11-ent0003-s52,w11-ent0003,52,12076032,0.88,1.293,0.0,0.8802,0.0,0.0,0.0,0.0,1.0,0.833
w11-ent0003-s52,w11-ent0003,52,12106752,0.79,1.243,0.0,0.6927,0.0,0.0,0.0,0.0,1.0,0.833
w11-ent0003-s52,w11-ent0003,52,12137472,0.81,1.227,0.0,0.9128,0.0,0.0,0.0,0.0,1.0,0.833
w11-ent0003-s52,w11-ent0003,52,12168192,0.78,1.228,0.0,0.8415,0.0,0.0,0.0,0.0,1.0,0.833
w11-ent0003-s52,w11-ent0003,52,12198912,0.69,1.148,0.0,0.7348,0.0,0.0,0.0,0.0,1.0,0.833
w11-ent0003-s52,w11-ent0003,52,12229632,0.8,1.232,0.0,0.8604,0.0,0.0,0.0,0.0,1.0,0.833
w11-ent0003-s52,w11-ent0003,52,12260352,0.85,1.275,0.0,0.8482,0.0,0.0,0.0,0.0,1.0,0.833
w11-ent0003-s52,w11-ent0003,52,12291072,0.8,1.234,0.0,0.8925,0.0,0.0,0.0,0.0,1.0,0.833
w11-ent0003-s52,w11-ent0003,52,12321792,0.74,1.185,0.0,0.9725,0.0,0.0,0.0,0.0,1.0,0.833
w11-ent0003-s52,w11-ent0003,52,12352512,0.83,1.23,0.0,0.7077,0.0,0.0,0.0,0.0,1.0,0.833
w11-ent0003-s52,w11-ent0003,52,12383232,0.83,1.251,0.0,0.9541,0.0,0.0,0.0,0.0,1.0,0.833
w11-ent0003-s52,w11-ent0003,52,12413952,0.81,1.233,0.0,0.9017,0.0,0.0,0.0,0.0,1.0,0.832
w11-ent0003-s52,w11-ent0003,52,12444672,0.84,1.288,0.0,0.9324,0.0,0.0,0.0,0.0,1.0,0.832
w11-ent0003-s52,w11-ent0003,52,12475392,0.81,1.253,0.0,0.8659,0.0,0.0,0.0,0.0,1.0,0.832
w11-ent0003-s52,w11-ent0003,52,12506112,0.85,1.261,0.0,0.8827,0.0,0.0,0.0,0.0,1.0,0.832
w11-ent0003-s52,w11-ent0003,52,12536832,0.84,1.271,0.0,0.9565,0.0,0.0,0.0,0.0,1.0,0.832
w11-ent0003-s52,w11-ent0003,52,12567552,0.81,1.237,0.0,0.8012,0.0,0.0,0.0,0.0,1.0,0.832
w11-ent0003-s52,w11-ent0003,52,12598272,0.87,1.289,0.0,0.901,0.0,0.0,0.0,0.0,1.0,0.832
w11-ent0003-s52,w11-ent0003,52,12628992,0.84,1.263,0.0,0.9535,0.0,0.0,0.0,0.0,1.0,0.832
w11-ent0003-s52,w11-ent0003,52,12659712,0.85,1.281,0.0,1.0191,0.0,0.0,0.0,0.0,1.0,0.832
w11-ent0003-s52,w11-ent0003,52,12690432,0.77,1.222,0.0,1.0631,0.0,0.0,0.0,0.0,1.0,0.832
w11-ent0003-s52,w11-ent0003,52,12721152,0.85,1.267,0.0,1.0289,0.0,0.0,0.0,0.0,1.0,0.832
w11-ent0003-s52,w11-ent0003,52,12751872,0.73,1.184,0.0,0.8398,0.0,0.0,0.0,0.0,1.0,0.832
w11-ent0003-s52,w11-ent0003,52,12782592,0.82,1.254,0.0,0.8483,0.0,0.0,0.0,0.0,1.0,0.832
w11-ent0003-s52,w11-ent0003,52,12813312,0.84,1.277,0.0,0.8512,0.0,0.0,0.0,0.0,1.0,0.832
w11-ent0003-s52,w11-ent0003,52,12844032,0.9,1.324,0.0,0.8582,0.0,0.0,0.0,0.0,1.0,0.832
w11-ent0003-s52,w11-ent0003,52,12874752,0.77,1.235,0.0,0.9073,0.0,0.0,0.0,0.0,1.0,0.832
w11-ent0003-s52,w11-ent0003,52,12905472,0.86,1.299,0.0,0.8008,0.0,0.0,0.0,0.0,1.0,0.832
w11-ent0003-s52,w11-ent0003,52,12936192,0.83,1.246,0.0,0.9061,0.0,0.0,0.0,0.0,1.0,0.832
w11-ent0003-s52,w11-ent0003,52,12966912,0.85,1.279,0.0,0.9229,0.0,0.0,0.0,0.0,1.0,0.831
w11-ent0003-s52,w11-ent0003,52,12997632,0.74,1.194,0.0,0.9365,0.0,0.0,0.0,0.0,1.0,0.831
w11-ent0003-s52,w11-ent0003,52,13028352,0.88,1.297,0.0,0.9843,0.0,0.0,0.0,0.0,1.0,0.831
w11-ent0003-s52,w11-ent0003,52,13059072,0.78,1.217,0.0,1.0995,0.0,0.0,0.0,0.0,1.0,0.831
w11-ent0003-s52,w11-ent0003,52,13089792,0.85,1.285,0.0,0.8873,0.0,0.0,0.0,0.0,1.0,0.831
w11-ent0003-s52,w11-ent0003,52,13120512,0.75,1.209,0.0,0.9177,0.0,0.0,0.0,0.0,1.0,0.831
w11-ent0003-s52,w11-ent0003,52,13151232,0.81,1.246,0.0,0.8968,0.0,0.0,0.0,0.0,1.0,0.831
w11-ent0003-s52,w11-ent0003,52,13181952,0.84,1.273,0.0,0.8774,0.0,0.0,0.0,0.0,1.0,0.831
w11-ent0003-s52,w11-ent0003,52,13212672,0.86,1.29,0.0,0.9535,0.0,0.0,0.0,0.0,1.0,0.831
w11-ent0003-s52,w11-ent0003,52,13243392,0.88,1.298,0.0,0.8509,0.0,0.0,0.0,0.0,1.0,0.831
w11-ent0003-s52,w11-ent0003,52,13274112,0.85,1.257,0.0,1.0164,0.0,0.0,0.0,0.0,1.0,0.831
w11-ent0003-s52,w11-ent0003,52,13304832,0.79,1.249,0.0,0.809,0.0,0.0,0.0,0.0,1.0,0.831
w11-ent0003-s52,w11-ent0003,52,13335552,0.82,1.272,0.0,0.9223,0.0,0.0,0.0,0.0,1.0,0.831
w11-ent0003-s52,w11-ent0003,52,13366272,0.72,1.181,0.0,1.1046,0.0,0.0,0.0,0.0,1.0,0.831
w11-ent0003-s52,w11-ent0003,52,13396992,0.83,1.264,0.0,0.7385,0.0,0.0,0.0,0.0,1.0,0.831
w11-ent0003-s52,w11-ent0003,52,13427712,0.74,1.189,0.0,1.0001,0.0,0.0,0.0,0.0,1.0,0.831
w11-ent0003-s52,w11-ent0003,52,13458432,0.85,1.28,0.0,0.8495,0.0,0.0,0.0,0.0,1.0,0.831
w11-ent0003-s52,w11-ent0003,52,13489152,0.83,1.257,0.0,1.1219,0.0,0.0,0.0,0.0,1.0,0.831
w11-ent0003-s52,w11-ent0003,52,13519872,0.85,1.26,0.0,0.9963,0.0,0.0,0.0,0.0,1.0,0.831
w11-ent0003-s52,w11-ent0003,52,13550592,0.86,1.28,0.0,0.8688,0.0,0.0,0.0,0.0,1.0,0.831
w11-ent0003-s52,w11-ent0003,52,13581312,0.85,1.278,0.0,1.1287,0.0,0.0,0.0,0.0,1.0,0.83
w11-ent0003-s52,w11-ent0003,52,13612032,0.81,1.242,0.0,0.9782,0.0,0.0,0.0,0.0,1.0,0.83
w11-ent0003-s52,w11-ent0003,52,13642752,0.83,1.261,0.0,0.9556,0.0,0.0,0.0,0.0,1.0,0.83
w11-ent0003-s52,w11-ent0003,52,13673472,0.82,1.272,0.0,1.0203,0.0,0.0,0.0,0.0,1.0,0.83
w11-ent0003-s52,w11-ent0003,52,13704192,0.86,1.301,0.0,0.8505,0.0,0.0,0.0,0.0,1.0,0.83
w11-ent0003-s52,w11-ent0003,52,13734912,0.73,1.194,0.0,0.9997,0.0,0.0,0.0,0.0,1.0,0.83
w11-ent0003-s52,w11-ent0003,52,13765632,0.8,1.254,0.0,0.8851,0.0,0.0,0.0,0.0,1.0,0.83
w11-ent0003-s52,w11-ent0003,52,13796352,0.76,1.217,0.0,0.9229,0.0,0.0,0.0,0.0,1.0,0.83
w11-ent0003-s52,w11-ent0003,52,13827072,0.79,1.253,0.0,1.018,0.0,0.0,0.0,0.0,1.0,0.83
w11-ent0003-s52,w11-ent0003,52,13857792,0.85,1.297,0.0,0.9835,0.0,0.0,0.0,0.0,1.0,0.83
w11-ent0003-s52,w11-ent0003,52,13888512,0.84,1.269,0.0,0.9444,0.0,0.0,0.0,0.0,1.0,0.83
w11-ent0003-s52,w11-ent0003,52,13919232,0.8,1.229,0.0,0.8746,0.0,0.0,0.0,0.0,1.0,0.83
w11-ent0003-s52,w11-ent0003,52,13949952,0.87,1.285,0.0,0.7127,0.0,0.0,0.0,0.0,1.0,0.83
w11-ent0003-s52,w11-ent0003,52,13980672,0.8,1.254,0.0,0.756,0.0,0.0,0.0,0.0,1.0,0.83
w11-ent0003-s52,w11-ent0003,52,14011392,0.84,1.263,0.0,0.8337,0.0,0.0,0.0,0.0,1.0,0.83
w11-ent0003-s52,w11-ent0003,52,14042112,0.78,1.258,0.0,0.9963,0.0,0.0,0.0,0.0,1.0,0.83
w11-ent0003-s52,w11-ent0003,52,14072832,0.77,1.184,0.0,0.9418,0.0,0.0,0.0,0.0,1.0,0.83
w11-ent0003-s52,w11-ent0003,52,14103552,0.82,1.281,0.0,0.9547,0.0,0.0,0.0,0.0,1.0,0.83
w11-ent0003-s52,w11-ent0003,52,14134272,0.82,1.255,0.0,1.0149,0.0,0.0,0.0,0.0,1.0,0.83
w11-ent0003-s52,w11-ent0003,52,14164992,0.84,1.291,0.0,0.8497,0.0,0.0,0.0,0.0,1.0,0.83
w11-ent0003-s52,w11-ent0003,52,14195712,0.88,1.291,0.0,0.9685,0.0,0.0,0.0,0.0,1.0,0.83
w11-ent0003-s52,w11-ent0003,52,14226432,0.79,1.241,0.0,0.9996,0.0,0.0,0.0,0.0,1.0,0.83
w11-ent0003-s52,w11-ent0003,52,14257152,0.84,1.266,0.0,0.8772,0.0,0.0,0.0,0.0,1.0,0.83
w11-ent0003-s52,w11-ent0003,52,14287872,0.8,1.244,0.0,0.8742,0.0,0.0,0.0,0.0,1.0,0.83
w11-ent0003-s52,w11-ent0003,52,14318592,0.83,1.28,0.0,0.9211,0.0,0.0,0.0,0.0,1.0,0.829
w11-ent0003-s52,w11-ent0003,52,14349312,0.78,1.218,0.0,0.9163,0.0,0.0,0.0,0.0,1.0,0.829
w11-ent0003-s52,w11-ent0003,52,14380032,0.8,1.266,0.0,1.0836,0.0,0.0,0.0,0.0,1.0,0.829
w11-ent0003-s52,w11-ent0003,52,14410752,0.76,1.219,0.0,0.909,0.0,0.0,0.0,0.0,1.0,0.829
w11-ent0003-s52,w11-ent0003,52,14441472,0.82,1.258,0.0,0.8045,0.0,0.0,0.0,0.0,1.0,0.829
w11-ent0003-s52,w11-ent0003,52,14472192,0.89,1.303,0.0,0.9203,0.0,0.0,0.0,0.0,1.0,0.829
w11-ent0003-s52,w11-ent0003,52,14502912,0.8,1.267,0.0,0.8675,0.0,0.0,0.0,0.0,1.0,0.829
w11-ent0003-s52,w11-ent0003,52,14533632,0.81,1.261,0.0,1.1509,0.0,0.0,0.0,0.0,1.0,0.829
w11-ent0003-s52,w11-ent0003,52,14564352,0.84,1.241,0.0,0.7175,0.0,0.0,0.0,0.0,1.0,0.829
w11-ent0003-s52,w11-ent0003,52,14595072,0.78,1.234,0.0,0.8851,0.0,0.0,0.0,0.0,1.0,0.829
w11-ent0003-s52,w11-ent0003,52,14625792,0.84,1.261,0.0,1.0242,0.0,0.0,0.0,0.0,1.0,0.829
w11-ent0003-s52,w11-ent0003,52,14656512,0.88,1.297,0.0,0.885,0.0,0.0,0.0,0.0,1.0,0.829
w11-ent0003-s52,w11-ent0003,52,14687232,0.83,1.277,0.0,0.8389,0.0,0.0,0.0,0.0,1.0,0.829
w11-ent0003-s52,w11-ent0003,52,14717952,0.82,1.264,0.0,0.9799,0.0,0.0,0.0,0.0,1.0,0.829
w11-ent0003-s52,w11-ent0003,52,14748672,0.75,1.217,0.0,0.8945,0.0,0.0,0.0,0.0,1.0,0.829
w11-ent0003-s52,w11-ent0003,52,14779392,0.89,1.297,0.0,1.1096,0.0,0.0,0.0,0.0,1.0,0.829
w11-ent0003-s52,w11-ent0003,52,14810112,0.84,1.272,0.0,0.8389,0.0,0.0,0.0,0.0,1.0,0.829
w11-ent0003-s52,w11-ent0003,52,14840832,0.78,1.229,0.0,0.9001,0.0,0.0,0.0,0.0,1.0,0.829
w11-ent0003-s52,w11-ent0003,52,14871552,0.8,1.235,0.0,0.9861,0.0,0.0,0.0,0.0,1.0,0.829
w11-ent0003-s52,w11-ent0003,52,14902272,0.84,1.283,0.0,1.0439,0.0,0.0,0.0,0.0,1.0,0.829
w11-ent0003-s52,w11-ent0003,52,14932992,0.77,1.224,0.0,0.9338,0.0,0.0,0.0,0.0,1.0,0.829
w11-ent0003-s52,w11-ent0003,52,14963712,0.83,1.285,0.0,0.96,0.0,0.0,0.0,0.0,1.0,0.828
w11-ent0003-s52,w11-ent0003,52,14994432,0.88,1.303,0.0,1.0638,0.0,0.0,0.0,0.0,1.0,0.828
w11-ent0003-s52,w11-ent0003,52,14997504,0.82,1.26,0.0,0.9699,0.0,0.0,0.0,0.0,1.0,0.828
w11-ent0003-s53,w11-ent0003,53,3072,0.01,0.45,-1.0,,,,,,,
w11-ent0003-s53,w11-ent0003,53,33792,0.0,0.434,-1.0,-0.9773,0.0,0.0,0.0,0.0,0.964,0.935
w11-ent0003-s53,w11-ent0003,53,64512,0.02,0.513,-1.0,-0.9778,0.0,0.0,0.0,0.0,0.988,0.918
w11-ent0003-s53,w11-ent0003,53,95232,0.02,0.548,-1.0,-0.9289,0.0,0.0,0.0,0.0,0.995,0.912
w11-ent0003-s53,w11-ent0003,53,125952,0.04,0.577,-1.0,-0.975,0.0,0.0,0.0,0.0,0.997,0.905
w11-ent0003-s53,w11-ent0003,53,156672,0.05,0.595,-1.0,-0.9085,0.0,0.0,0.0,0.0,0.997,0.9
w11-ent0003-s53,w11-ent0003,53,187392,0.04,0.572,-1.0,-0.8793,0.0,0.0,0.0,0.0,0.998,0.895
w11-ent0003-s53,w11-ent0003,53,218112,0.03,0.588,-1.0,-0.9108,0.0,0.0,0.0,0.0,0.998,0.892
w11-ent0003-s53,w11-ent0003,53,248832,0.07,0.61,-1.0,-0.9107,0.0,0.0,0.0,0.0,0.999,0.891
w11-ent0003-s53,w11-ent0003,53,279552,0.03,0.589,-1.0,-0.8532,0.0,0.0,0.0,0.0,1.0,0.891
w11-ent0003-s53,w11-ent0003,53,310272,0.05,0.597,-1.0,-0.904,0.0,0.0,0.0,0.0,1.0,0.892
w11-ent0003-s53,w11-ent0003,53,340992,0.07,0.684,-1.0,-0.9545,0.0,0.0,0.0,0.0,1.0,0.893
w11-ent0003-s53,w11-ent0003,53,371712,0.03,0.656,-1.0,-0.8459,0.0,0.0,0.0,0.0,1.0,0.892
w11-ent0003-s53,w11-ent0003,53,402432,0.07,0.684,-1.0,-0.9069,0.0,0.0,0.0,0.0,1.0,0.892
w11-ent0003-s53,w11-ent0003,53,433152,0.05,0.638,-1.0,-0.7616,0.0,0.0,0.0,0.0,1.0,0.892
w11-ent0003-s53,w11-ent0003,53,463872,0.04,0.67,-1.0,-0.8806,0.0,0.0,0.0,0.0,1.0,0.892
w11-ent0003-s53,w11-ent0003,53,494592,0.05,0.672,-1.0,-0.8104,0.0,0.0,0.0,0.0,1.0,0.893
w11-ent0003-s53,w11-ent0003,53,525312,0.05,0.687,-1.0,-0.7359,0.0,0.0,0.0,0.0,1.0,0.894
w11-ent0003-s53,w11-ent0003,53,556032,0.07,0.704,-1.0,-0.8069,0.0,0.0,0.0,0.0,1.0,0.894
w11-ent0003-s53,w11-ent0003,53,586752,0.05,0.669,-1.0,-0.8793,0.0,0.0,0.0,0.0,1.0,0.893
w11-ent0003-s53,w11-ent0003,53,617472,0.07,0.694,-1.0,-0.8788,0.0,0.0,0.0,0.0,1.0,0.892
w11-ent0003-s53,w11-ent0003,53,648192,0.08,0.735,-1.0,-0.7853,0.0,0.0,0.0,0.0,1.0,0.891
w11-ent0003-s53,w11-ent0003,53,678912,0.09,0.716,-1.0,-0.9019,0.0,0.0,0.0,0.0,1.0,0.89
w11-ent0003-s53,w11-ent0003,53,709632,0.08,0.718,-1.0,-0.8314,0.0,0.0,0.0,0.0,1.0,0.889
w11-ent0003-s53,w11-ent0003,53,740352,0.08,0.735,-1.0,-0.7423,0.0,0.0,0.0,0.0,1.0,0.888
w11-ent0003-s53,w11-ent0003,53,771072,0.07,0.722,-1.0,-0.8338,0.0,0.0,0.0,0.0,1.0,0.887
w11-ent0003-s53,w11-ent0003,53,801792,0.07,0.739,-1.0,-0.6886,0.0,0.0,0.0,0.0,1.0,0.887
w11-ent0003-s53,w11-ent0003,53,832512,0.1,0.72,-1.0,-0.755,0.0,0.0,0.0,0.0,1.0,0.886
w11-ent0003-s53,w11-ent0003,53,863232,0.08,0.73,-1.0,-0.8102,0.0,0.0,0.0,0.0,1.0,0.886
w11-ent0003-s53,w11-ent0003,53,893952,0.12,0.754,-1.0,-0.7653,0.0,0.0,0.0,0.0,1.0,0.886
w11-ent0003-s53,w11-ent0003,53,924672,0.07,0.702,-1.0,-0.7362,0.0,0.0,0.0,0.0,1.0,0.886
w11-ent0003-s53,w11-ent0003,53,955392,0.08,0.718,-1.0,-0.7886,0.0,0.0,0.0,0.0,1.0,0.886
w11-ent0003-s53,w11-ent0003,53,986112,0.09,0.73,-1.0,-0.7152,0.0,0.0,0.0,0.0,1.0,0.886
w11-ent0003-s53,w11-ent0003,53,1016832,0.06,0.718,-1.0,-0.6858,0.0,0.0,0.0,0.0,1.0,0.886
w11-ent0003-s53,w11-ent0003,53,1047552,0.11,0.743,-1.0,-0.6681,0.0,0.0,0.0,0.0,1.0,0.885
w11-ent0003-s53,w11-ent0003,53,1078272,0.14,0.757,-1.0,-0.7279,0.0,0.0,0.0,0.0,1.0,0.885
w11-ent0003-s53,w11-ent0003,53,1108992,0.17,0.797,-1.0,-0.624,0.0,0.0,0.0,0.0,1.0,0.884
w11-ent0003-s53,w11-ent0003,53,1139712,0.15,0.812,-1.0,-0.7372,0.0,0.0,0.0,0.0,1.0,0.884
w11-ent0003-s53,w11-ent0003,53,1170432,0.18,0.81,-1.0,-0.4731,0.0,0.0,0.0,0.0,1.0,0.884
w11-ent0003-s53,w11-ent0003,53,1201152,0.12,0.767,-1.0,-0.7663,0.0,0.0,0.0,0.0,1.0,0.884
w11-ent0003-s53,w11-ent0003,53,1231872,0.17,0.804,-1.0,-0.6683,0.0,0.0,0.0,0.0,1.0,0.884
w11-ent0003-s53,w11-ent0003,53,1262592,0.16,0.801,-1.0,-0.7132,0.0,0.0,0.0,0.0,1.0,0.884
w11-ent0003-s53,w11-ent0003,53,1293312,0.16,0.823,-1.0,-0.6635,0.0,0.0,0.0,0.0,1.0,0.884
w11-ent0003-s53,w11-ent0003,53,1324032,0.18,0.816,-1.0,-0.6066,0.0,0.0,0.0,0.0,1.0,0.884
w11-ent0003-s53,w11-ent0003,53,1354752,0.14,0.789,-1.0,-0.5947,0.0,0.0,0.0,0.0,1.0,0.884
w11-ent0003-s53,w11-ent0003,53,1385472,0.2,0.832,-1.0,-0.5688,0.0,0.0,0.0,0.0,1.0,0.884
w11-ent0003-s53,w11-ent0003,53,1416192,0.22,0.812,-1.0,-0.5432,0.0,0.0,0.0,0.0,1.0,0.884
w11-ent0003-s53,w11-ent0003,53,1446912,0.16,0.785,-1.0,-0.6016,0.0,0.0,0.0,0.0,1.0,0.884
w11-ent0003-s53,w11-ent0003,53,1477632,0.24,0.844,-1.0,-0.5751,0.0,0.0,0.0,0.0,1.0,0.884
w11-ent0003-s53,w11-ent0003,53,1508352,0.12,0.756,-1.0,-0.7599,0.0,0.0,0.0,0.0,1.0,0.884
w11-ent0003-s53,w11-ent0003,53,1539072,0.19,0.804,-1.0,-0.6617,0.0,0.0,0.0,0.0,1.0,0.884
w11-ent0003-s53,w11-ent0003,53,1569792,0.24,0.88,-1.0,-0.5708,0.0,0.0,0.0,0.0,1.0,0.885
w11-ent0003-s53,w11-ent0003,53,1600512,0.27,0.862,-1.0,-0.6601,0.0,0.0,0.0,0.0,1.0,0.885
w11-ent0003-s53,w11-ent0003,53,1631232,0.15,0.773,-1.0,-0.3273,0.0,0.0,0.0,0.0,1.0,0.885
w11-ent0003-s53,w11-ent0003,53,1661952,0.17,0.787,-1.0,-0.5064,0.0,0.0,0.0,0.0,1.0,0.885
w11-ent0003-s53,w11-ent0003,53,1692672,0.18,0.807,-1.0,-0.6376,0.0,0.0,0.0,0.0,1.0,0.885
w11-ent0003-s53,w11-ent0003,53,1723392,0.18,0.831,-1.0,-0.4498,0.0,0.0,0.0,0.0,1.0,0.885
w11-ent0003-s53,w11-ent0003,53,1754112,0.18,0.811,-1.0,-0.5414,0.0,0.0,0.0,0.0,1.0,0.885
w11-ent0003-s53,w11-ent0003,53,1784832,0.2,0.812,-1.0,-0.6358,0.0,0.0,0.0,0.0,1.0,0.885
w11-ent0003-s53,w11-ent0003,53,1815552,0.23,0.869,-1.0,-0.4624,0.0,0.0,0.0,0.0,1.0,0.885
w11-ent0003-s53,w11-ent0003,53,1846272,0.11,0.762,-1.0,-0.4439,0.0,0.0,0.0,0.0,1.0,0.885
w11-ent0003-s53,w11-ent0003,53,1876992,0.21,0.855,-1.0,-0.2329,0.0,0.0,0.0,0.0,1.0,0.885
w11-ent0003-s53,w11-ent0003,53,1907712,0.27,0.879,-1.0,-0.4951,0.0,0.0,0.0,0.0,1.0,0.885
w11-ent0003-s53,w11-ent0003,53,1938432,0.14,0.784,-1.0,-0.4945,0.0,0.0,0.0,0.0,1.0,0.884
w11-ent0003-s53,w11-ent0003,53,1969152,0.26,0.83,-1.0,-0.2657,0.0,0.0,0.0,0.0,1.0,0.884
w11-ent0003-s53,w11-ent0003,53,1999872,0.16,0.783,-1.0,-0.4751,0.0,0.0,0.0,0.0,1.0,0.884
w11-ent0003-s53,w11-ent0003,53,2030592,0.23,0.852,-1.0,-0.2474,0.0,0.0,0.0,0.0,1.0,0.884
w11-ent0003-s53,w11-ent0003,53,2061312,0.29,0.869,-1.0,-0.3445,0.0,0.0,0.0,0.0,1.0,0.884
w11-ent0003-s53,w11-ent0003,53,2092032,0.28,0.89,-1.0,-0.3355,0.0,0.0,0.0,0.0,1.0,0.883
w11-ent0003-s53,w11-ent0003,53,2122752,0.24,0.885,-1.0,-0.3177,0.0,0.0,0.0,0.0,1.0,0.883
w11-ent0003-s53,w11-ent0003,53,2153472,0.24,0.878,-1.0,-0.3034,0.0,0.0,0.0,0.0,1.0,0.883
w11-ent0003-s53,w11-ent0003,53,2184192,0.27,0.849,-1.0,-0.4586,0.0,0.0,0.0,0.0,1.0,0.883
w11-ent0003-s53,w11-ent0003,53,2214912,0.29,0.862,-1.0,-0.4693,0.0,0.0,0.0,0.0,1.0,0.883
w11-ent0003-s53,w11-ent0003,53,2245632,0.33,0.922,-1.0,-0.3436,0.0,0.0,0.0,0.0,1.0,0.883
w11-ent0003-s53,w11-ent0003,53,2276352,0.26,0.864,-1.0,-0.5111,0.0,0.0,0.0,0.0,1.0,0.883
w11-ent0003-s53,w11-ent0003,53,2307072,0.25,0.851,-1.0,-0.1413,0.0,0.0,0.0,0.0,1.0,0.883
w11-ent0003-s53,w11-ent0003,53,2337792,0.33,0.884,-1.0,-0.2382,0.0,0.0,0.0,0.0,1.0,0.883
w11-ent0003-s53,w11-ent0003,53,2368512,0.32,0.892,-1.0,-0.3533,0.0,0.0,0.0,0.0,1.0,0.884
w11-ent0003-s53,w11-ent0003,53,2399232,0.29,0.89,-1.0,-0.0631,0.0,0.0,0.0,0.0,1.0,0.884
w11-ent0003-s53,w11-ent0003,53,2429952,0.32,0.914,-1.0,-0.2053,0.0,0.0,0.0,0.0,1.0,0.884
w11-ent0003-s53,w11-ent0003,53,2460672,0.29,0.871,-1.0,-0.348,0.0,0.0,0.0,0.0,1.0,0.884
w11-ent0003-s53,w11-ent0003,53,2491392,0.31,0.933,-1.0,-0.1437,0.0,0.0,0.0,0.0,1.0,0.884
w11-ent0003-s53,w11-ent0003,53,2522112,0.37,0.905,-1.0,-0.2034,0.0,0.0,0.0,0.0,1.0,0.884
w11-ent0003-s53,w11-ent0003,53,2552832,0.31,0.905,-1.0,-0.3402,0.0,0.0,0.0,0.0,1.0,0.884
w11-ent0003-s53,w11-ent0003,53,2583552,0.27,0.889,-1.0,-0.2637,0.0,0.0,0.0,0.0,1.0,0.885
w11-ent0003-s53,w11-ent0003,53,2614272,0.38,0.963,-1.0,-0.0381,0.0,0.0,0.0,0.0,1.0,0.885
w11-ent0003-s53,w11-ent0003,53,2644992,0.39,0.961,-1.0,-0.168,0.0,0.0,0.0,0.0,1.0,0.885
w11-ent0003-s53,w11-ent0003,53,2675712,0.29,0.849,-1.0,0.0379,0.0,0.0,0.0,0.0,1.0,0.885
w11-ent0003-s53,w11-ent0003,53,2706432,0.48,1.021,-1.0,-0.2192,0.0,0.0,0.0,0.0,1.0,0.885
w11-ent0003-s53,w11-ent0003,53,2737152,0.33,0.912,-1.0,-0.2093,0.0,0.0,0.0,0.0,1.0,0.885
w11-ent0003-s53,w11-ent0003,53,2767872,0.39,0.93,-1.0,-0.0046,0.0,0.0,0.0,0.0,1.0,0.886
w11-ent0003-s53,w11-ent0003,53,2798592,0.35,0.911,-1.0,0.0212,0.0,0.0,0.0,0.0,1.0,0.886
w11-ent0003-s53,w11-ent0003,53,2829312,0.37,0.934,-1.0,-0.1727,0.0,0.0,0.0,0.0,1.0,0.886
w11-ent0003-s53,w11-ent0003,53,2860032,0.38,0.974,-1.0,0.1392,0.0,0.0,0.0,0.0,1.0,0.886
w11-ent0003-s53,w11-ent0003,53,2890752,0.48,1.0,-1.0,-0.1577,0.0,0.0,0.0,0.0,1.0,0.886
w11-ent0003-s53,w11-ent0003,53,2921472,0.37,0.955,-1.0,-0.1576,0.0,0.0,0.0,0.0,1.0,0.887
w11-ent0003-s53,w11-ent0003,53,2952192,0.37,0.931,-1.0,-0.0674,0.0,0.0,0.0,0.0,1.0,0.887
w11-ent0003-s53,w11-ent0003,53,2982912,0.42,0.978,-1.0,-0.0915,0.0,0.0,0.0,0.0,1.0,0.887
w11-ent0003-s53,w11-ent0003,53,3013632,0.41,0.975,-1.0,0.1071,0.0,0.0,0.0,0.0,1.0,0.887
w11-ent0003-s53,w11-ent0003,53,3044352,0.48,1.015,-1.0,0.0939,0.0,0.0,0.0,0.0,1.0,0.887
w11-ent0003-s53,w11-ent0003,53,3075072,0.47,1.004,-1.0,-0.1886,0.0,0.0,0.0,0.0,1.0,0.887
w11-ent0003-s53,w11-ent0003,53,3105792,0.43,1.017,-1.0,-0.0375,0.0,0.0,0.0,0.0,1.0,0.887
w11-ent0003-s53,w11-ent0003,53,3136512,0.47,1.019,-1.0,0.1554,0.0,0.0,0.0,0.0,1.0,0.887
w11-ent0003-s53,w11-ent0003,53,3167232,0.44,0.994,-1.0,0.0857,0.0,0.0,0.0,0.0,1.0,0.888
w11-ent0003-s53,w11-ent0003,53,3197952,0.4,0.968,-1.0,-0.0808,0.0,0.0,0.0,0.0,1.0,0.888
w11-ent0003-s53,w11-ent0003,53,3228672,0.54,1.047,-1.0,-0.0176,0.0,0.0,0.0,0.0,1.0,0.888
w11-ent0003-s53,w11-ent0003,53,3259392,0.51,1.061,-1.0,0.229,0.0,0.0,0.0,0.0,1.0,0.888
w11-ent0003-s53,w11-ent0003,53,3290112,0.51,1.049,-1.0,-0.0889,0.0,0.0,0.0,0.0,1.0,0.888
w11-ent0003-s53,w11-ent0003,53,3320832,0.48,1.07,-1.0,0.1268,0.0,0.0,0.0,0.0,1.0,0.888
w11-ent0003-s53,w11-ent0003,53,3351552,0.48,1.027,-1.0,0.2992,0.0,0.0,0.0,0.0,1.0,0.888
w11-ent0003-s53,w11-ent0003,53,3382272,0.52,1.038,-1.0,0.2798,0.0,0.0,0.0,0.0,1.0,0.888
w11-ent0003-s53,w11-ent0003,53,3412992,0.55,1.087,-1.0,-0.0672,0.0,0.0,0.0,0.0,1.0,0.888
w11-ent0003-s53,w11-ent0003,53,3443712,0.39,0.955,-1.0,0.3704,0.0,0.0,0.0,0.0,1.0,0.888
w11-ent0003-s53,w11-ent0003,53,3474432,0.56,1.066,-1.0,-0.0129,0.0,0.0,0.0,0.0,1.0,0.888
w11-ent0003-s53,w11-ent0003,53,3505152,0.51,1.032,-0.988,0.1019,0.0,0.0,0.0,0.0,1.0,0.888
w11-ent0003-s53,w11-ent0003,53,3535872,0.56,1.043,-0.988,0.2742,0.0,0.0,0.0,0.0,1.0,0.888
w11-ent0003-s53,w11-ent0003,53,3566592,0.47,1.005,-1.0,0.2148,0.0,0.0,0.0,0.0,1.0,0.888
w11-ent0003-s53,w11-ent0003,53,3597312,0.49,1.026,-1.0,0.1648,0.0,0.0,0.0,0.0,1.0,0.888
w11-ent0003-s53,w11-ent0003,53,3628032,0.51,1.037,-0.989,-0.0209,0.0,0.0,0.0,0.0,1.0,0.888
w11-ent0003-s53,w11-ent0003,53,3658752,0.45,0.996,-0.989,0.1722,0.0,0.0,0.0,0.0,1.0,0.888
w11-ent0003-s53,w11-ent0003,53,3689472,0.49,1.025,-0.989,0.3542,0.0,0.0,0.0,0.0,1.0,0.888
w11-ent0003-s53,w11-ent0003,53,3720192,0.53,1.051,-0.989,0.251,0.0,0.0,0.0,0.0,1.0,0.888
w11-ent0003-s53,w11-ent0003,53,3750912,0.53,1.054,-0.967,0.2414,0.0,0.0,0.0,0.0,1.0,0.888
w11-ent0003-s53,w11-ent0003,53,3781632,0.5,1.037,-0.944,0.1395,0.0,0.0,0.0,0.0,1.0,0.888
w11-ent0003-s53,w11-ent0003,53,3812352,0.55,1.111,-0.944,0.2185,0.0,0.0,0.0,0.0,1.0,0.888
w11-ent0003-s53,w11-ent0003,53,3843072,0.49,1.027,-0.929,0.5595,0.0,0.0,0.0,0.0,1.0,0.888
w11-ent0003-s53,w11-ent0003,53,3873792,0.47,1.02,-0.91,0.2706,0.0,0.0,0.0,0.0,1.0,0.888
w11-ent0003-s53,w11-ent0003,53,3904512,0.5,1.034,-0.91,0.1694,0.0,0.0,0.0,0.0,1.0,0.888
w11-ent0003-s53,w11-ent0003,53,3935232,0.57,1.076,-0.91,0.1538,0.0,0.0,0.0,0.0,1.0,0.888
w11-ent0003-s53,w11-ent0003,53,3965952,0.5,1.036,-0.864,0.4953,0.0,0.0,0.0,0.0,1.0,0.888
w11-ent0003-s53,w11-ent0003,53,3996672,0.48,1.009,-0.851,0.1769,0.0,0.0,0.0,0.0,1.0,0.888
w11-ent0003-s53,w11-ent0003,53,4027392,0.54,1.07,-0.84,0.3232,0.0,0.0,0.0,0.0,1.0,0.888
w11-ent0003-s53,w11-ent0003,53,4058112,0.6,1.103,-0.824,0.5732,0.0,0.0,0.0,0.0,1.0,0.888
w11-ent0003-s53,w11-ent0003,53,4088832,0.59,1.114,-0.81,-0.0396,0.0,0.0,0.0,0.0,1.0,0.888
w11-ent0003-s53,w11-ent0003,53,4119552,0.52,1.092,-0.81,0.3078,0.0,0.0,0.0,0.0,1.0,0.888
w11-ent0003-s53,w11-ent0003,53,4150272,0.58,1.074,-0.781,0.2632,0.0,0.0,0.0,0.0,1.0,0.888
w11-ent0003-s53,w11-ent0003,53,4180992,0.52,1.055,-0.781,0.3002,0.0,0.0,0.0,0.0,1.0,0.888
w11-ent0003-s53,w11-ent0003,53,4211712,0.54,1.047,-0.758,0.1677,0.0,0.0,0.0,0.0,1.0,0.888
w11-ent0003-s53,w11-ent0003,53,4242432,0.47,0.998,-0.74,0.314,0.0,0.0,0.0,0.0,1.0,0.888
w11-ent0003-s53,w11-ent0003,53,4273152,0.49,1.043,-0.711,0.6364,0.0,0.0,0.0,0.0,1.0,0.888
w11-ent0003-s53,w11-ent0003,53,4303872,0.63,1.143,-0.697,0.1595,0.0,0.0,0.0,0.0,1.0,0.888
w11-ent0003-s53,w11-ent0003,53,4334592,0.59,1.105,-0.677,0.2759,0.0,0.0,0.0,0.0,1.0,0.888
w11-ent0003-s53,w11-ent0003,53,4365312,0.57,1.095,-0.652,0.428,0.0,0.0,0.0,0.0,1.0,0.888
w11-ent0003-s53,w11-ent0003,53,4396032,0.57,1.063,-0.652,0.3635,0.0,0.0,0.0,0.0,1.0,0.888
w11-ent0003-s53,w11-ent0003,53,4426752,0.47,1.011,-0.627,0.296,0.0,0.0,0.0,0.0,1.0,0.888
w11-ent0003-s53,w11-ent0003,53,4457472,0.53,1.049,-0.601,0.3566,0.0,0.0,0.0,0.0,1.0,0.888
w11-ent0003-s53,w11-ent0003,53,4488192,0.51,1.033,-0.568,0.4539,0.0,0.0,0.0,0.0,1.0,0.888
w11-ent0003-s53,w11-ent0003,53,4518912,0.59,1.086,-0.554,0.4211,0.0,0.0,0.0,0.0,1.0,0.888
w11-ent0003-s53,w11-ent0003,53,4549632,0.53,1.052,-0.516,0.3011,0.0,0.0,0.0,0.0,1.0,0.888
w11-ent0003-s53,w11-ent0003,53,4580352,0.55,1.079,-0.516,0.2702,0.0,0.0,0.0,0.0,1.0,0.888
w11-ent0003-s53,w11-ent0003,53,4611072,0.5,1.023,-0.49,0.5263,0.0,0.0,0.0,0.0,1.0,0.888
w11-ent0003-s53,w11-ent0003,53,4641792,0.49,1.055,-0.49,0.3172,0.0,0.0,0.0,0.0,1.0,0.887
w11-ent0003-s53,w11-ent0003,53,4672512,0.54,1.074,-0.463,0.3077,0.0,0.0,0.0,0.0,1.0,0.887
w11-ent0003-s53,w11-ent0003,53,4703232,0.52,1.028,-0.452,0.1615,0.0,0.0,0.0,0.0,1.0,0.887
w11-ent0003-s53,w11-ent0003,53,4733952,0.5,1.027,-0.441,0.4302,0.0,0.0,0.0,0.0,1.0,0.887
w11-ent0003-s53,w11-ent0003,53,4764672,0.55,1.035,-0.429,0.2367,0.0,0.0,0.0,0.0,1.0,0.887
w11-ent0003-s53,w11-ent0003,53,4795392,0.55,1.053,-0.429,0.3554,0.0,0.0,0.0,0.0,1.0,0.887
w11-ent0003-s53,w11-ent0003,53,4826112,0.55,1.031,-0.417,0.2957,0.0,0.0,0.0,0.0,1.0,0.887
w11-ent0003-s53,w11-ent0003,53,4856832,0.52,1.008,-0.417,0.3933,0.0,0.0,0.0,0.0,1.0,0.887
w11-ent0003-s53,w11-ent0003,53,4887552,0.57,1.084,-0.389,0.3422,0.0,0.0,0.0,0.0,1.0,0.887
w11-ent0003-s53,w11-ent0003,53,4918272,0.58,1.084,-0.35,0.3253,0.0,0.0,0.0,0.0,1.0,0.886
w11-ent0003-s53,w11-ent0003,53,4948992,0.63,1.117,-0.35,0.3753,0.0,0.0,0.0,0.0,1.0,0.886
w11-ent0003-s53,w11-ent0003,53,4979712,0.56,1.085,-0.309,0.3142,0.0,0.0,0.0,0.0,1.0,0.886
w11-ent0003-s53,w11-ent0003,53,5010432,0.44,0.989,-0.262,0.3475,0.0,0.0,0.0,0.0,1.0,0.886
w11-ent0003-s53,w11-ent0003,53,5041152,0.64,1.09,-0.213,0.2953,0.0,0.0,0.0,0.0,1.0,0.886
w11-ent0003-s53,w11-ent0003,53,5071872,0.55,1.036,-0.187,0.2648,0.0,0.0,0.0,0.0,1.0,0.886
w11-ent0003-s53,w11-ent0003,53,5102592,0.57,1.023,-0.173,0.2048,0.0,0.0,0.0,0.0,1.0,0.885
w11-ent0003-s53,w11-ent0003,53,5133312,0.48,0.989,-0.16,0.4008,0.0,0.0,0.0,0.0,1.0,0.885
w11-ent0003-s53,w11-ent0003,53,5164032,0.54,1.023,-0.16,0.2087,0.0,0.0,0.0,0.0,1.0,0.885
w11-ent0003-s53,w11-ent0003,53,5194752,0.58,1.043,-0.16,0.1279,0.0,0.0,0.0,0.0,1.0,0.885
w11-ent0003-s53,w11-ent0003,53,5225472,0.58,1.046,-0.16,0.3124,0.0,0.0,0.0,0.0,1.0,0.885
w11-ent0003-s53,w11-ent0003,53,5256192,0.57,1.055,-0.16,0.3626,0.0,0.0,0.0,0.0,1.0,0.885
w11-ent0003-s53,w11-ent0003,53,5286912,0.52,1.036,-0.122,0.3282,0.0,0.0,0.0,0.0,1.0,0.885
w11-ent0003-s53,w11-ent0003,53,5317632,0.56,1.071,-0.089,0.181,0.0,0.0,0.0,0.0,1.0,0.884
w11-ent0003-s53,w11-ent0003,53,5348352,0.55,1.057,-0.035,0.5098,0.0,0.0,0.0,0.0,1.0,0.884
w11-ent0003-s53,w11-ent0003,53,5379072,0.6,1.086,-0.022,0.2723,0.0,0.0,0.0,0.0,1.0,0.884
w11-ent0003-s53,w11-ent0003,53,5409792,0.57,1.056,-0.011,0.12,0.0,0.0,0.0,0.0,1.0,0.884
w11-ent0003-s53,w11-ent0003,53,5440512,0.54,1.028,0.0,0.3849,0.0,0.0,0.0,0.0,1.0,0.884
w11-ent0003-s53,w11-ent0003,53,5471232,0.5,1.008,0.0,0.2758,0.0,0.0,0.0,0.0,1.0,0.884
w11-ent0003-s53,w11-ent0003,53,5501952,0.56,1.016,0.0,0.1926,0.0,0.0,0.0,0.0,1.0,0.883
w11-ent0003-s53,w11-ent0003,53,5532672,0.49,1.017,0.0,0.2325,0.0,0.0,0.0,0.0,1.0,0.883
w11-ent0003-s53,w11-ent0003,53,5563392,0.57,1.031,0.0,0.3485,0.0,0.0,0.0,0.0,1.0,0.883
w11-ent0003-s53,w11-ent0003,53,5594112,0.58,1.071,0.0,0.2681,0.0,0.0,0.0,0.0,1.0,0.883
w11-ent0003-s53,w11-ent0003,53,5624832,0.54,1.037,0.0,0.2859,0.0,0.0,0.0,0.0,1.0,0.883
w11-ent0003-s53,w11-ent0003,53,5655552,0.57,1.046,0.0,0.5111,0.0,0.0,0.0,0.0,1.0,0.883
w11-ent0003-s53,w11-ent0003,53,5686272,0.51,0.997,0.0,0.3781,0.0,0.0,0.0,0.0,1.0,0.882
w11-ent0003-s53,w11-ent0003,53,5716992,0.61,1.101,0.0,0.2363,0.0,0.0,0.0,0.0,1.0,0.882
w11-ent0003-s53,w11-ent0003,53,5747712,0.6,1.074,0.0,0.242,0.0,0.0,0.0,0.0,1.0,0.882
w11-ent0003-s53,w11-ent0003,53,5778432,0.53,1.023,0.0,0.3187,0.0,0.0,0.0,0.0,1.0,0.882
w11-ent0003-s53,w11-ent0003,53,5809152,0.66,1.1,0.0,0.2379,0.0,0.0,0.0,0.0,1.0,0.882
w11-ent0003-s53,w11-ent0003,53,5839872,0.58,1.062,0.0,0.37,0.0,0.0,0.0,0.0,1.0,0.882
w11-ent0003-s53,w11-ent0003,53,5870592,0.47,0.968,0.0,0.4769,0.0,0.0,0.0,0.0,1.0,0.881
w11-ent0003-s53,w11-ent0003,53,5901312,0.54,1.035,0.0,0.2473,0.0,0.0,0.0,0.0,1.0,0.881
w11-ent0003-s53,w11-ent0003,53,5932032,0.54,1.032,0.0,0.3244,0.0,0.0,0.0,0.0,1.0,0.881
w11-ent0003-s53,w11-ent0003,53,5962752,0.59,1.079,0.0,0.19,0.0,0.0,0.0,0.0,1.0,0.881
w11-ent0003-s53,w11-ent0003,53,5993472,0.61,1.092,0.0,0.4217,0.0,0.0,0.0,0.0,1.0,0.881
w11-ent0003-s53,w11-ent0003,53,6024192,0.63,1.083,0.0,0.2411,0.0,0.0,0.0,0.0,1.0,0.88
w11-ent0003-s53,w11-ent0003,53,6054912,0.65,1.107,0.0,0.4748,0.0,0.0,0.0,0.0,1.0,0.88
w11-ent0003-s53,w11-ent0003,53,6085632,0.59,1.092,0.0,0.2304,0.0,0.0,0.0,0.0,1.0,0.88
w11-ent0003-s53,w11-ent0003,53,6116352,0.68,1.135,0.0,0.3783,0.0,0.0,0.0,0.0,1.0,0.88
w11-ent0003-s53,w11-ent0003,53,6147072,0.57,1.047,0.0,0.2505,0.0,0.0,0.0,0.0,1.0,0.88
w11-ent0003-s53,w11-ent0003,53,6177792,0.64,1.089,0.0,0.3416,0.0,0.0,0.0,0.0,1.0,0.88
w11-ent0003-s53,w11-ent0003,53,6208512,0.62,1.11,0.0,0.5001,0.0,0.0,0.0,0.0,1.0,0.879
w11-ent0003-s53,w11-ent0003,53,6239232,0.59,1.044,0.0,0.5988,0.0,0.0,0.0,0.0,1.0,0.879
w11-ent0003-s53,w11-ent0003,53,6269952,0.54,1.022,0.0,0.4613,0.0,0.0,0.0,0.0,1.0,0.879
w11-ent0003-s53,w11-ent0003,53,6300672,0.64,1.084,0.0,0.5365,0.0,0.0,0.0,0.0,1.0,0.879
w11-ent0003-s53,w11-ent0003,53,6331392,0.55,1.053,0.0,0.4286,0.0,0.0,0.0,0.0,1.0,0.879
w11-ent0003-s53,w11-ent0003,53,6362112,0.66,1.105,0.0,0.6406,0.0,0.0,0.0,0.0,1.0,0.879
w11-ent0003-s53,w11-ent0003,53,6392832,0.59,1.054,0.0,0.251,0.0,0.0,0.0,0.0,1.0,0.878
w11-ent0003-s53,w11-ent0003,53,6423552,0.62,1.069,0.0,0.6563,0.0,0.0,0.0,0.0,1.0,0.878
w11-ent0003-s53,w11-ent0003,53,6454272,0.6,1.079,0.0,0.5058,0.0,0.0,0.0,0.0,1.0,0.878
w11-ent0003-s53,w11-ent0003,53,6484992,0.62,1.108,0.0,0.4348,0.0,0.0,0.0,0.0,1.0,0.878
w11-ent0003-s53,w11-ent0003,53,6515712,0.56,1.054,0.0,0.3831,0.0,0.0,0.0,0.0,1.0,0.878
w11-ent0003-s53,w11-ent0003,53,6546432,0.73,1.17,0.0,0.3035,0.0,0.0,0.0,0.0,1.0,0.878
w11-ent0003-s53,w11-ent0003,53,6577152,0.54,1.051,0.0,0.428,0.0,0.0,0.0,0.0,1.0,0.877
w11-ent0003-s53,w11-ent0003,53,6607872,0.63,1.076,0.0,0.36,0.0,0.0,0.0,0.0,1.0,0.877
w11-ent0003-s53,w11-ent0003,53,6638592,0.73,1.153,0.0,0.5765,0.0,0.0,0.0,0.0,1.0,0.877
w11-ent0003-s53,w11-ent0003,53,6669312,0.65,1.133,0.0,0.5087,0.0,0.0,0.0,0.0,1.0,0.877
w11-ent0003-s53,w11-ent0003,53,6700032,0.64,1.106,0.0,0.6048,0.0,0.0,0.0,0.0,1.0,0.877
w11-ent0003-s53,w11-ent0003,53,6730752,0.62,1.078,0.0,0.166,0.0,0.0,0.0,0.0,1.0,0.877
w11-ent0003-s53,w11-ent0003,53,6761472,0.65,1.098,0.0,0.4248,0.0,0.0,0.0,0.0,1.0,0.876
w11-ent0003-s53,w11-ent0003,53,6792192,0.67,1.147,0.0,0.4028,0.0,0.0,0.0,0.0,1.0,0.876
w11-ent0003-s53,w11-ent0003,53,6822912,0.67,1.141,0.0,0.3798,0.0,0.0,0.0,0.0,1.0,0.876
w11-ent0003-s53,w11-ent0003,53,6853632,0.65,1.11,0.0,0.5254,0.0,0.0,0.0,0.0,1.0,0.876
w11-ent0003-s53,w11-ent0003,53,6884352,0.62,1.067,0.0,0.3842,0.0,0.0,0.0,0.0,1.0,0.876
w11-ent0003-s53,w11-ent0003,53,6915072,0.65,1.108,0.0,0.3982,0.0,0.0,0.0,0.0,1.0,0.876
w11-ent0003-s53,w11-ent0003,53,6945792,0.6,1.069,0.0,0.5021,0.0,0.0,0.0,0.0,1.0,0.875
w11-ent0003-s53,w11-ent0003,53,6976512,0.67,1.139,0.0,0.5401,0.0,0.0,0.0,0.0,1.0,0.875
w11-ent0003-s53,w11-ent0003,53,7007232,0.64,1.089,0.0,0.5492,0.0,0.0,0.0,0.0,1.0,0.875
w11-ent0003-s53,w11-ent0003,53,7037952,0.75,1.162,0.0,0.5363,0.0,0.0,0.0,0.0,1.0,0.875
w11-ent0003-s53,w11-ent0003,53,7068672,0.65,1.117,0.0,0.4106,0.0,0.0,0.0,0.0,1.0,0.875
w11-ent0003-s53,w11-ent0003,53,7099392,0.6,1.051,0.0,0.308,0.0,0.0,0.0,0.0,1.0,0.875
w11-ent0003-s53,w11-ent0003,53,7130112,0.58,1.076,0.0,0.7464,0.0,0.0,0.0,0.0,1.0,0.875
w11-ent0003-s53,w11-ent0003,53,7160832,0.68,1.132,0.0,0.704,0.0,0.0,0.0,0.0,1.0,0.874
w11-ent0003-s53,w11-ent0003,53,7191552,0.69,1.159,0.0,0.6357,0.0,0.0,0.0,0.0,1.0,0.874
w11-ent0003-s53,w11-ent0003,53,7222272,0.73,1.164,0.0,0.4568,0.0,0.0,0.0,0.0,1.0,0.874
w11-ent0003-s53,w11-ent0003,53,7252992,0.57,1.084,0.0,0.5758,0.0,0.0,0.0,0.0,1.0,0.874
w11-ent0003-s53,w11-ent0003,53,7283712,0.63,1.109,0.0,0.3485,0.0,0.0,0.0,0.0,1.0,0.874
w11-ent0003-s53,w11-ent0003,53,7314432,0.74,1.15,0.0,0.419,0.0,0.0,0.0,0.0,1.0,0.874
w11-ent0003-s53,w11-ent0003,53,7345152,0.63,1.077,0.0,0.6136,0.0,0.0,0.0,0.0,1.0,0.873
w11-ent0003-s53,w11-ent0003,53,7375872,0.72,1.172,0.0,0.6135,0.0,0.0,0.0,0.0,1.0,0.873
w11-ent0003-s53,w11-ent0003,53,7406592,0.6,1.068,0.0,0.5847,0.0,0.0,0.0,0.0,1.0,0.873
w11-ent0003-s53,w11-ent0003,53,7437312,0.6,1.091,0.0,0.666,0.0,0.0,0.0,0.0,1.0,0.873
w11-ent0003-s53,w11-ent0003,53,7468032,0.66,1.105,0.0,0.5167,0.0,0.0,0.0,0.0,1.0,0.873
w11-ent0003-s53,w11-ent0003,53,7498752,0.68,1.15,0.0,0.6032,0.0,0.0,0.0,0.0,1.0,0.873
w11-ent0003-s53,w11-ent0003,53,7529472,0.68,1.133,0.0,0.6196,0.0,0.0,0.0,0.0,1.0,0.873
w11-ent0003-s53,w11-ent0003,53,7560192,0.63,1.111,0.0,0.7333,0.0,0.0,0.0,0.0,1.0,0.872
w11-ent0003-s53,w11-ent0003,53,7590912,0.67,1.156,0.0,0.4764,0.0,0.0,0.0,0.0,1.0,0.872
w11-ent0003-s53,w11-ent0003,53,7621632,0.66,1.158,0.0,0.5627,0.0,0.0,0.0,0.0,1.0,0.872
w11-ent0003-s53,w11-ent0003,53,7652352,0.73,1.182,0.0,0.6604,0.0,0.0,0.0,0.0,1.0,0.872
w11-ent0003-s53,w11-ent0003,53,7683072,0.65,1.123,0.0,0.6025,0.0,0.0,0.0,0.0,1.0,0.872
w11-ent0003-s53,w11-ent0003,53,7713792,0.6,1.062,0.0,0.5535,0.0,0.0,0.0,0.0,1.0,0.872
w11-ent0003-s53,w11-ent0003,53,7744512,0.66,1.155,0.0,0.4885,0.0,0.0,0.0,0.0,1.0,0.871
w11-ent0003-s53,w11-ent0003,53,7775232,0.7,1.17,0.0,0.622,0.0,0.0,0.0,0.0,1.0,0.871
w11-ent0003-s53,w11-ent0003,53,7805952,0.7,1.155,0.0,0.6756,0.0,0.0,0.0,0.0,1.0,0.871
w11-ent0003-s53,w11-ent0003,53,7836672,0.66,1.158,0.0,0.6734,0.0,0.0,0.0,0.0,1.0,0.871
w11-ent0003-s53,w11-ent0003,53,7867392,0.66,1.126,0.0,0.5313,0.0,0.0,0.0,0.0,1.0,0.871
w11-ent0003-s53,w11-ent0003,53,7898112,0.67,1.142,0.0,0.424,0.0,0.0,0.0,0.0,1.0,0.871
w11-ent0003-s53,w11-ent0003,53,7928832,0.65,1.077,0.0,0.6582,0.0,0.0,0.0,0.0,1.0,0.871
w11-ent0003-s53,w11-ent0003,53,7959552,0.65,1.129,0.0,0.5476,0.0,0.0,0.0,0.0,1.0,0.87
w11-ent0003-s53,w11-ent0003,53,7990272,0.66,1.126,0.0,0.8019,0.0,0.0,0.0,0.0,1.0,0.87
w11-ent0003-s53,w11-ent0003,53,8020992,0.71,1.147,0.0,0.6704,0.0,0.0,0.0,0.0,1.0,0.87
w11-ent0003-s53,w11-ent0003,53,8051712,0.71,1.156,0.0,0.4782,0.0,0.0,0.0,0.0,1.0,0.87
w11-ent0003-s53,w11-ent0003,53,8082432,0.68,1.141,0.0,0.5219,0.0,0.0,0.0,0.0,1.0,0.87
w11-ent0003-s53,w11-ent0003,53,8113152,0.66,1.144,0.0,0.4197,0.0,0.0,0.0,0.0,1.0,0.87
w11-ent0003-s53,w11-ent0003,53,8143872,0.74,1.194,0.0,0.702,0.0,0.0,0.0,0.0,1.0,0.87
w11-ent0003-s53,w11-ent0003,53,8174592,0.73,1.18,0.0,0.5941,0.0,0.0,0.0,0.0,1.0,0.869
w11-ent0003-s53,w11-ent0003,53,8205312,0.68,1.146,0.0,0.5645,0.0,0.0,0.0,0.0,1.0,0.869
w11-ent0003-s53,w11-ent0003,53,8236032,0.7,1.164,0.0,0.7053,0.0,0.0,0.0,0.0,1.0,0.869
w11-ent0003-s53,w11-ent0003,53,8266752,0.62,1.094,0.0,0.5065,0.0,0.0,0.0,0.0,1.0,0.869
w11-ent0003-s53,w11-ent0003,53,8297472,0.65,1.123,0.0,0.3206,0.0,0.0,0.0,0.0,1.0,0.869
w11-ent0003-s53,w11-ent0003,53,8328192,0.7,1.153,0.0,0.6828,0.0,0.0,0.0,0.0,1.0,0.869
w11-ent0003-s53,w11-ent0003,53,8358912,0.63,1.107,0.0,0.7231,0.0,0.0,0.0,0.0,1.0,0.869
w11-ent0003-s53,w11-ent0003,53,8389632,0.65,1.13,0.0,0.7688,0.0,0.0,0.0,0.0,1.0,0.869
w11-ent0003-s53,w11-ent0003,53,8420352,0.65,1.124,0.0,0.58,0.0,0.0,0.0,0.0,1.0,0.868
w11-ent0003-s53,w11-ent0003,53,8451072,0.73,1.158,0.0,0.629,0.0,0.0,0.0,0.0,1.0,0.868
w11-ent0003-s53,w11-ent0003,53,8481792,0.68,1.153,0.0,0.5689,0.0,0.0,0.0,0.0,1.0,0.868
w11-ent0003-s53,w11-ent0003,53,8512512,0.74,1.191,0.0,0.679,0.0,0.0,0.0,0.0,1.0,0.868
w11-ent0003-s53,w11-ent0003,53,8543232,0.67,1.121,0.0,0.4984,0.0,0.0,0.0,0.0,1.0,0.868
w11-ent0003-s53,w11-ent0003,53,8573952,0.68,1.152,0.0,0.7936,0.0,0.0,0.0,0.0,1.0,0.868
w11-ent0003-s53,w11-ent0003,53,8604672,0.72,1.207,0.0,0.7798,0.0,0.0,0.0,0.0,1.0,0.868
w11-ent0003-s53,w11-ent0003,53,8635392,0.67,1.115,0.0,0.6937,0.0,0.0,0.0,0.0,1.0,0.868
w11-ent0003-s53,w11-ent0003,53,8666112,0.67,1.166,0.0,0.422,0.0,0.0,0.0,0.0,1.0,0.867
w11-ent0003-s53,w11-ent0003,53,8696832,0.76,1.22,0.0,0.4388,0.0,0.0,0.0,0.0,1.0,0.867
w11-ent0003-s53,w11-ent0003,53,8727552,0.68,1.149,0.0,0.6844,0.0,0.0,0.0,0.0,1.0,0.867
w11-ent0003-s53,w11-ent0003,53,8758272,0.66,1.15,0.0,0.7264,0.0,0.0,0.0,0.0,1.0,0.867
w11-ent0003-s53,w11-ent0003,53,8788992,0.69,1.146,0.0,0.862,0.0,0.0,0.0,0.0,1.0,0.867
w11-ent0003-s53,w11-ent0003,53,8819712,0.75,1.223,0.0,0.7634,0.0,0.0,0.0,0.0,1.0,0.867
w11-ent0003-s53,w11-ent0003,53,8850432,0.7,1.184,0.0,0.5706,0.0,0.0,0.0,0.0,1.0,0.867
w11-ent0003-s53,w11-ent0003,53,8881152,0.76,1.203,0.0,0.6701,0.0,0.0,0.0,0.0,1.0,0.866
w11-ent0003-s53,w11-ent0003,53,8911872,0.7,1.162,0.0,0.5023,0.0,0.0,0.0,0.0,1.0,0.866
w11-ent0003-s53,w11-ent0003,53,8942592,0.75,1.188,0.0,0.7135,0.0,0.0,0.0,0.0,1.0,0.866
w11-ent0003-s53,w11-ent0003,53,8973312,0.71,1.17,0.0,0.5411,0.0,0.0,0.0,0.0,1.0,0.866
w11-ent0003-s53,w11-ent0003,53,9004032,0.69,1.179,0.0,0.8121,0.0,0.0,0.0,0.0,1.0,0.866
w11-ent0003-s53,w11-ent0003,53,9034752,0.81,1.24,0.0,0.6684,0.0,0.0,0.0,0.0,1.0,0.866
w11-ent0003-s53,w11-ent0003,53,9065472,0.7,1.183,0.0,0.5722,0.0,0.0,0.0,0.0,1.0,0.866
w11-ent0003-s53,w11-ent0003,53,9096192,0.66,1.132,0.0,0.6898,0.0,0.0,0.0,0.0,1.0,0.866
w11-ent0003-s53,w11-ent0003,53,9126912,0.69,1.158,0.0,0.7919,0.0,0.0,0.0,0.0,1.0,0.866
w11-ent0003-s53,w11-ent0003,53,9157632,0.75,1.19,0.0,0.9079,0.0,0.0,0.0,0.0,1.0,0.866
w11-ent0003-s53,w11-ent0003,53,9188352,0.71,1.167,0.0,0.6255,0.0,0.0,0.0,0.0,1.0,0.865
w11-ent0003-s53,w11-ent0003,53,9219072,0.7,1.154,0.0,0.6157,0.0,0.0,0.0,0.0,1.0,0.865
w11-ent0003-s53,w11-ent0003,53,9249792,0.71,1.193,0.0,0.8288,0.0,0.0,0.0,0.0,1.0,0.865
w11-ent0003-s53,w11-ent0003,53,9280512,0.75,1.223,0.0,0.7147,0.0,0.0,0.0,0.0,1.0,0.865
w11-ent0003-s53,w11-ent0003,53,9311232,0.69,1.19,0.0,0.5028,0.0,0.0,0.0,0.0,1.0,0.865
w11-ent0003-s53,w11-ent0003,53,9341952,0.74,1.198,0.0,0.8217,0.0,0.0,0.0,0.0,1.0,0.865
w11-ent0003-s53,w11-ent0003,53,9372672,0.72,1.183,0.0,0.9653,0.0,0.0,0.0,0.0,1.0,0.865
w11-ent0003-s53,w11-ent0003,53,9403392,0.66,1.153,0.0,0.7986,0.0,0.0,0.0,0.0,1.0,0.865
w11-ent0003-s53,w11-ent0003,53,9434112,0.75,1.204,0.0,0.698,0.0,0.0,0.0,0.0,1.0,0.865
w11-ent0003-s53,w11-ent0003,53,9464832,0.74,1.192,0.0,0.7867,0.0,0.0,0.0,0.0,1.0,0.864
w11-ent0003-s53,w11-ent0003,53,9495552,0.81,1.239,0.0,0.8637,0.0,0.0,0.0,0.0,1.0,0.864
w11-ent0003-s53,w11-ent0003,53,9526272,0.72,1.189,0.0,0.5977,0.0,0.0,0.0,0.0,1.0,0.864
w11-ent0003-s53,w11-ent0003,53,9556992,0.7,1.194,0.0,0.8356,0.0,0.0,0.0,0.0,1.0,0.864
w11-ent0003-s53,w11-ent0003,53,9587712,0.75,1.187,0.0,0.6884,0.0,0.0,0.0,0.0,1.0,0.864
w11-ent0003-s53,w11-ent0003,53,9618432,0.74,1.203,0.0,0.7604,0.0,0.0,0.0,0.0,1.0,0.864
w11-ent0003-s53,w11-ent0003,53,9649152,0.76,1.21,0.0,0.704,0.0,0.0,0.0,0.0,1.0,0.864
w11-ent0003-s53,w11-ent0003,53,9679872,0.82,1.279,0.0,0.7391,0.0,0.0,0.0,0.0,1.0,0.864
w11-ent0003-s53,w11-ent0003,53,9710592,0.74,1.174,0.0,0.8875,0.0,0.0,0.0,0.0,1.0,0.864
w11-ent0003-s53,w11-ent0003,53,9741312,0.75,1.186,0.0,0.6997,0.0,0.0,0.0,0.0,1.0,0.863
w11-ent0003-s53,w11-ent0003,53,9772032,0.75,1.194,0.0,0.8482,0.0,0.0,0.0,0.0,1.0,0.863
w11-ent0003-s53,w11-ent0003,53,9802752,0.69,1.161,0.0,0.6861,0.0,0.0,0.0,0.0,1.0,0.863
w11-ent0003-s53,w11-ent0003,53,9833472,0.78,1.215,0.0,0.7582,0.0,0.0,0.0,0.0,1.0,0.863
w11-ent0003-s53,w11-ent0003,53,9864192,0.76,1.219,0.0,0.8559,0.0,0.0,0.0,0.0,1.0,0.863
w11-ent0003-s53,w11-ent0003,53,9894912,0.73,1.197,0.0,0.8913,0.0,0.0,0.0,0.0,1.0,0.863
w11-ent0003-s53,w11-ent0003,53,9925632,0.75,1.211,0.0,0.8516,0.0,0.0,0.0,0.0,1.0,0.863
w11-ent0003-s53,w11-ent0003,53,9956352,0.71,1.183,0.0,1.0048,0.0,0.0,0.0,0.0,1.0,0.863
w11-ent0003-s53,w11-ent0003,53,9987072,0.76,1.207,0.0,0.7357,0.0,0.0,0.0,0.0,1.0,0.863
w11-ent0003-s53,w11-ent0003,53,10017792,0.73,1.195,0.0,0.7945,0.0,0.0,0.0,0.0,1.0,0.863
w11-ent0003-s53,w11-ent0003,53,10048512,0.74,1.234,0.0,0.9342,0.0,0.0,0.0,0.0,1.0,0.863
w11-ent0003-s53,w11-ent0003,53,10079232,0.74,1.186,0.0,0.7923,0.0,0.0,0.0,0.0,1.0,0.862
w11-ent0003-s53,w11-ent0003,53,10109952,0.75,1.225,0.0,0.814,0.0,0.0,0.0,0.0,1.0,0.862
w11-ent0003-s53,w11-ent0003,53,10140672,0.76,1.208,0.0,0.6309,0.0,0.0,0.0,0.0,1.0,0.862
w11-ent0003-s53,w11-ent0003,53,10171392,0.75,1.229,0.0,0.7043,0.0,0.0,0.0,0.0,1.0,0.862
w11-ent0003-s53,w11-ent0003,53,10202112,0.71,1.211,0.0,0.8429,0.0,0.0,0.0,0.0,1.0,0.862
w11-ent0003-s53,w11-ent0003,53,10232832,0.78,1.241,0.0,0.8303,0.0,0.0,0.0,0.0,1.0,0.862
w11-ent0003-s53,w11-ent0003,53,10263552,0.77,1.234,0.0,0.6863,0.0,0.0,0.0,0.0,1.0,0.862
w11-ent0003-s53,w11-ent0003,53,10294272,0.78,1.218,0.0,0.7967,0.0,0.0,0.0,0.0,1.0,0.862
w11-ent0003-s53,w11-ent0003,53,10324992,0.67,1.175,0.0,0.6582,0.0,0.0,0.0,0.0,1.0,0.862
w11-ent0003-s53,w11-ent0003,53,10355712,0.81,1.284,0.0,0.8297,0.0,0.0,0.0,0.0,1.0,0.862
w11-ent0003-s53,w11-ent0003,53,10386432,0.71,1.168,0.0,0.7543,0.0,0.0,0.0,0.0,1.0,0.862
w11-ent0003-s53,w11-ent0003,53,10417152,0.74,1.218,0.0,0.7231,0.0,0.0,0.0,0.0,1.0,0.862
w11-ent0003-s53,w11-ent0003,53,10447872,0.72,1.202,0.0,0.8018,0.0,0.0,0.0,0.0,1.0,0.861
w11-ent0003-s53,w11-ent0003,53,10478592,0.75,1.194,0.0,0.8227,0.0,0.0,0.0,0.0,1.0,0.861
w11-ent0003-s53,w11-ent0003,53,10509312,0.76,1.249,0.0,0.6685,0.0,0.0,0.0,0.0,1.0,0.861
w11-ent0003-s53,w11-ent0003,53,10540032,0.8,1.263,0.0,0.8621,0.0,0.0,0.0,0.0,1.0,0.861
w11-ent0003-s53,w11-ent0003,53,10570752,0.75,1.218,0.0,0.7402,0.0,0.0,0.0,0.0,1.0,0.861
w11-ent0003-s53,w11-ent0003,53,10601472,0.75,1.221,0.0,0.989,0.0,0.0,0.0,0.0,1.0,0.861
w11-ent0003-s53,w11-ent0003,53,10632192,0.75,1.189,0.0,0.6397,0.0,0.0,0.0,0.0,1.0,0.861
w11-ent0003-s53,w11-ent0003,53,10662912,0.72,1.188,0.0,0.674,0.0,0.0,0.0,0.0,1.0,0.861
w11-ent0003-s53,w11-ent0003,53,10693632,0.77,1.23,0.0,0.7568,0.0,0.0,0.0,0.0,1.0,0.861
w11-ent0003-s53,w11-ent0003,53,10724352,0.7,1.202,0.0,0.8044,0.0,0.0,0.0,0.0,1.0,0.861
w11-ent0003-s53,w11-ent0003,53,10755072,0.76,1.232,0.0,0.6712,0.0,0.0,0.0,0.0,1.0,0.861
w11-ent0003-s53,w11-ent0003,53,10785792,0.67,1.161,0.0,0.8481,0.0,0.0,0.0,0.0,1.0,0.861
w11-ent0003-s53,w11-ent0003,53,10816512,0.69,1.137,0.0,0.9608,0.0,0.0,0.0,0.0,1.0,0.861
w11-ent0003-s53,w11-ent0003,53,10847232,0.82,1.27,0.0,0.7997,0.0,0.0,0.0,0.0,1.0,0.861
w11-ent0003-s53,w11-ent0003,53,10877952,0.75,1.207,0.0,0.8465,0.0,0.0,0.0,0.0,1.0,0.861
w11-ent0003-s53,w11-ent0003,53,10908672,0.76,1.229,0.0,0.7158,0.0,0.0,0.0,0.0,1.0,0.86
w11-ent0003-s53,w11-ent0003,53,10939392,0.73,1.201,0.0,0.9247,0.0,0.0,0.0,0.0,1.0,0.86
w11-ent0003-s53,w11-ent0003,53,10970112,0.72,1.21,0.0,0.9901,0.0,0.0,0.0,0.0,1.0,0.86
w11-ent0003-s53,w11-ent0003,53,11000832,0.74,1.196,0.0,0.9586,0.0,0.0,0.0,0.0,1.0,0.86
w11-ent0003-s53,w11-ent0003,53,11031552,0.77,1.208,0.0,0.864,0.0,0.0,0.0,0.0,1.0,0.86
w11-ent0003-s53,w11-ent0003,53,11062272,0.77,1.227,0.0,0.8053,0.0,0.0,0.0,0.0,1.0,0.86
w11-ent0003-s53,w11-ent0003,53,11092992,0.76,1.208,0.0,0.7809,0.0,0.0,0.0,0.0,1.0,0.86
w11-ent0003-s53,w11-ent0003,53,11123712,0.73,1.181,0.0,0.6479,0.0,0.0,0.0,0.0,1.0,0.86
w11-ent0003-s53,w11-ent0003,53,11154432,0.77,1.226,0.0,0.8301,0.0,0.0,0.0,0.0,1.0,0.86
w11-ent0003-s53,w11-ent0003,53,11185152,0.82,1.256,0.0,0.9062,0.0,0.0,0.0,0.0,1.0,0.86
w11-ent0003-s53,w11-ent0003,53,11215872,0.75,1.201,0.0,0.8891,0.0,0.0,0.0,0.0,1.0,0.86
w11-ent0003-s53,w11-ent0003,53,11246592,0.82,1.246,0.0,0.7841,0.0,0.0,0.0,0.0,1.0,0.86
w11-ent0003-s53,w11-ent0003,53,11277312,0.78,1.213,0.0,0.6196,0.0,0.0,0.0,0.0,1.0,0.86
w11-ent0003-s53,w11-ent0003,53,11308032,0.77,1.224,0.0,0.9517,0.0,0.0,0.0,0.0,1.0,0.86
w11-ent0003-s53,w11-ent0003,53,11338752,0.8,1.233,0.0,1.0079,0.0,0.0,0.0,0.0,1.0,0.86
w11-ent0003-s53,w11-ent0003,53,11369472,0.77,1.2,0.0,0.7336,0.0,0.0,0.0,0.0,1.0,0.86
w11-ent0003-s53,w11-ent0003,53,11400192,0.74,1.204,0.0,0.8844,0.0,0.0,0.0,0.0,1.0,0.86
w11-ent0003-s53,w11-ent0003,53,11430912,0.8,1.256,0.0,1.0378,0.0,0.0,0.0,0.0,1.0,0.86
w11-ent0003-s53,w11-ent0003,53,11461632,0.78,1.238,0.0,0.8381,0.0,0.0,0.0,0.0,1.0,0.86
w11-ent0003-s53,w11-ent0003,53,11492352,0.79,1.237,0.0,0.7957,0.0,0.0,0.0,0.0,1.0,0.86
w11-ent0003-s53,w11-ent0003,53,11523072,0.68,1.193,0.0,0.802,0.0,0.0,0.0,0.0,1.0,0.86
w11-ent0003-s53,w11-ent0003,53,11553792,0.77,1.218,0.0,0.7436,0.0,0.0,0.0,0.0,1.0,0.86
w11-ent0003-s53,w11-ent0003,53,11584512,0.8,1.248,0.0,0.8634,0.0,0.0,0.0,0.0,1.0,0.86
w11-ent0003-s53,w11-ent0003,53,11615232,0.82,1.25,0.0,0.8127,0.0,0.0,0.0,0.0,1.0,0.859
w11-ent0003-s53,w11-ent0003,53,11645952,0.84,1.272,0.0,0.7157,0.0,0.0,0.0,0.0,1.0,0.859
w11-ent0003-s53,w11-ent0003,53,11676672,0.83,1.271,0.0,0.9269,0.0,0.0,0.0,0.0,1.0,0.859
w11-ent0003-s53,w11-ent0003,53,11707392,0.8,1.245,0.0,0.8888,0.0,0.0,0.0,0.0,1.0,0.859
w11-ent0003-s53,w11-ent0003,53,11738112,0.74,1.221,0.0,0.9689,0.0,0.0,0.0,0.0,1.0,0.859
w11-ent0003-s53,w11-ent0003,53,11768832,0.82,1.268,0.0,0.8517,0.0,0.0,0.0,0.0,1.0,0.859
w11-ent0003-s53,w11-ent0003,53,11799552,0.86,1.314,0.0,0.926,0.0,0.0,0.0,0.0,1.0,0.859
w11-ent0003-s53,w11-ent0003,53,11830272,0.7,1.222,0.0,0.9127,0.0,0.0,0.0,0.0,1.0,0.859
w11-ent0003-s53,w11-ent0003,53,11860992,0.78,1.212,0.0,0.9371,0.0,0.0,0.0,0.0,1.0,0.859
w11-ent0003-s53,w11-ent0003,53,11891712,0.66,1.185,0.0,0.8705,0.0,0.0,0.0,0.0,1.0,0.859
w11-ent0003-s53,w11-ent0003,53,11922432,0.73,1.199,0.0,0.926,0.0,0.0,0.0,0.0,1.0,0.859
w11-ent0003-s53,w11-ent0003,53,11953152,0.8,1.259,0.0,0.8272,0.0,0.0,0.0,0.0,1.0,0.859
w11-ent0003-s53,w11-ent0003,53,11983872,0.87,1.286,0.0,0.6648,0.0,0.0,0.0,0.0,1.0,0.859
w11-ent0003-s53,w11-ent0003,53,12014592,0.85,1.263,0.0,0.9891,0.0,0.0,0.0,0.0,1.0,0.859
w11-ent0003-s53,w11-ent0003,53,12045312,0.8,1.241,0.0,0.9855,0.0,0.0,0.0,0.0,1.0,0.859
w11-ent0003-s53,w11-ent0003,53,12076032,0.77,1.228,0.0,0.8966,0.0,0.0,0.0,0.0,1.0,0.859
w11-ent0003-s53,w11-ent0003,53,12106752,0.85,1.265,0.0,0.9245,0.0,0.0,0.0,0.0,1.0,0.859
w11-ent0003-s53,w11-ent0003,53,12137472,0.8,1.252,0.0,0.8691,0.0,0.0,0.0,0.0,1.0,0.859
w11-ent0003-s53,w11-ent0003,53,12168192,0.82,1.281,0.0,0.9112,0.0,0.0,0.0,0.0,1.0,0.859
w11-ent0003-s53,w11-ent0003,53,12198912,0.8,1.256,0.0,0.891,0.0,0.0,0.0,0.0,1.0,0.859
w11-ent0003-s53,w11-ent0003,53,12229632,0.81,1.239,0.0,1.0332,0.0,0.0,0.0,0.0,1.0,0.859
w11-ent0003-s53,w11-ent0003,53,12260352,0.81,1.245,0.0,0.9471,0.0,0.0,0.0,0.0,1.0,0.859
w11-ent0003-s53,w11-ent0003,53,12291072,0.77,1.243,0.0,0.9658,0.0,0.0,0.0,0.0,1.0,0.859
w11-ent0003-s53,w11-ent0003,53,12321792,0.87,1.309,0.0,0.8216,0.0,0.0,0.0,0.0,1.0,0.859
w11-ent0003-s53,w11-ent0003,53,12352512,0.75,1.223,0.0,0.8304,0.0,0.0,0.0,0.0,1.0,0.859
w11-ent0003-s53,w11-ent0003,53,12383232,0.8,1.241,0.0,0.9851,0.0,0.0,0.0,0.0,1.0,0.858
w11-ent0003-s53,w11-ent0003,53,12413952,0.87,1.295,0.0,0.9331,0.0,0.0,0.0,0.0,1.0,0.858
w11-ent0003-s53,w11-ent0003,53,12444672,0.76,1.224,0.0,0.83,0.0,0.0,0.0,0.0,1.0,0.858
w11-ent0003-s53,w11-ent0003,53,12475392,0.83,1.263,0.0,0.9237,0.0,0.0,0.0,0.0,1.0,0.858
w11-ent0003-s53,w11-ent0003,53,12506112,0.81,1.256,0.0,1.0231,0.0,0.0,0.0,0.0,1.0,0.858
w11-ent0003-s53,w11-ent0003,53,12536832,0.79,1.241,0.0,0.8408,0.0,0.0,0.0,0.0,1.0,0.858
w11-ent0003-s53,w11-ent0003,53,12567552,0.78,1.247,0.0,1.1079,0.0,0.0,0.0,0.0,1.0,0.858
w11-ent0003-s53,w11-ent0003,53,12598272,0.81,1.252,0.0,0.8239,0.0,0.0,0.0,0.0,1.0,0.858
w11-ent0003-s53,w11-ent0003,53,12628992,0.78,1.249,0.0,0.9021,0.0,0.0,0.0,0.0,1.0,0.858
w11-ent0003-s53,w11-ent0003,53,12659712,0.71,1.193,0.0,0.7859,0.0,0.0,0.0,0.0,1.0,0.858
w11-ent0003-s53,w11-ent0003,53,12690432,0.82,1.269,0.0,0.8501,0.0,0.0,0.0,0.0,1.0,0.858
w11-ent0003-s53,w11-ent0003,53,12721152,0.73,1.216,0.0,0.9237,0.0,0.0,0.0,0.0,1.0,0.858
w11-ent0003-s53,w11-ent0003,53,12751872,0.77,1.238,0.0,0.8012,0.0,0.0,0.0,0.0,1.0,0.858
w11-ent0003-s53,w11-ent0003,53,12782592,0.74,1.203,0.0,0.9148,0.0,0.0,0.0,0.0,1.0,0.858
w11-ent0003-s53,w11-ent0003,53,12813312,0.85,1.294,0.0,0.9909,0.0,0.0,0.0,0.0,1.0,0.858
w11-ent0003-s53,w11-ent0003,53,12844032,0.86,1.301,0.0,0.7896,0.0,0.0,0.0,0.0,1.0,0.858
w11-ent0003-s53,w11-ent0003,53,12874752,0.83,1.273,0.0,0.9102,0.0,0.0,0.0,0.0,1.0,0.858
w11-ent0003-s53,w11-ent0003,53,12905472,0.81,1.278,0.0,0.9573,0.0,0.0,0.0,0.0,1.0,0.858
w11-ent0003-s53,w11-ent0003,53,12936192,0.76,1.23,0.0,0.9792,0.0,0.0,0.0,0.0,1.0,0.858
w11-ent0003-s53,w11-ent0003,53,12966912,0.75,1.228,0.0,1.1031,0.0,0.0,0.0,0.0,1.0,0.858
w11-ent0003-s53,w11-ent0003,53,12997632,0.81,1.279,0.0,0.9374,0.0,0.0,0.0,0.0,1.0,0.858
w11-ent0003-s53,w11-ent0003,53,13028352,0.81,1.247,0.0,1.0309,0.0,0.0,0.0,0.0,1.0,0.858
w11-ent0003-s53,w11-ent0003,53,13059072,0.84,1.276,0.0,0.9981,0.0,0.0,0.0,0.0,1.0,0.858
w11-ent0003-s53,w11-ent0003,53,13089792,0.74,1.205,0.0,0.9848,0.0,0.0,0.0,0.0,1.0,0.857
w11-ent0003-s53,w11-ent0003,53,13120512,0.77,1.216,0.0,0.8211,0.0,0.0,0.0,0.0,1.0,0.857
w11-ent0003-s53,w11-ent0003,53,13151232,0.76,1.256,0.0,0.981,0.0,0.0,0.0,0.0,1.0,0.857
w11-ent0003-s53,w11-ent0003,53,13181952,0.78,1.238,0.0,0.7984,0.0,0.0,0.0,0.0,1.0,0.857
w11-ent0003-s53,w11-ent0003,53,13212672,0.83,1.282,0.0,0.7685,0.0,0.0,0.0,0.0,1.0,0.857
w11-ent0003-s53,w11-ent0003,53,13243392,0.85,1.288,0.0,0.7557,0.0,0.0,0.0,0.0,1.0,0.857
w11-ent0003-s53,w11-ent0003,53,13274112,0.84,1.275,0.0,0.9738,0.0,0.0,0.0,0.0,1.0,0.857
w11-ent0003-s53,w11-ent0003,53,13304832,0.79,1.239,0.0,0.9919,0.0,0.0,0.0,0.0,1.0,0.857
w11-ent0003-s53,w11-ent0003,53,13335552,0.88,1.309,0.0,0.74,0.0,0.0,0.0,0.0,1.0,0.857
w11-ent0003-s53,w11-ent0003,53,13366272,0.78,1.242,0.0,1.0926,0.0,0.0,0.0,0.0,1.0,0.857
w11-ent0003-s53,w11-ent0003,53,13396992,0.75,1.211,0.0,0.9589,0.0,0.0,0.0,0.0,1.0,0.857
w11-ent0003-s53,w11-ent0003,53,13427712,0.8,1.24,0.0,1.0472,0.0,0.0,0.0,0.0,1.0,0.857
w11-ent0003-s53,w11-ent0003,53,13458432,0.82,1.275,0.0,0.986,0.0,0.0,0.0,0.0,1.0,0.857
w11-ent0003-s53,w11-ent0003,53,13489152,0.77,1.223,0.0,0.7703,0.0,0.0,0.0,0.0,1.0,0.857
w11-ent0003-s53,w11-ent0003,53,13519872,0.88,1.333,0.0,0.7732,0.0,0.0,0.0,0.0,1.0,0.857
w11-ent0003-s53,w11-ent0003,53,13550592,0.84,1.296,0.0,1.0172,0.0,0.0,0.0,0.0,1.0,0.857
w11-ent0003-s53,w11-ent0003,53,13581312,0.81,1.264,0.0,0.9231,0.0,0.0,0.0,0.0,1.0,0.857
w11-ent0003-s53,w11-ent0003,53,13612032,0.83,1.294,0.0,0.8215,0.0,0.0,0.0,0.0,1.0,0.857
w11-ent0003-s53,w11-ent0003,53,13642752,0.84,1.285,0.0,0.9605,0.0,0.0,0.0,0.0,1.0,0.857
w11-ent0003-s53,w11-ent0003,53,13673472,0.8,1.235,0.0,0.8368,0.0,0.0,0.0,0.0,1.0,0.857
w11-ent0003-s53,w11-ent0003,53,13704192,0.76,1.234,0.0,0.8475,0.0,0.0,0.0,0.0,1.0,0.857
w11-ent0003-s53,w11-ent0003,53,13734912,0.78,1.238,0.0,0.9069,0.0,0.0,0.0,0.0,1.0,0.857
w11-ent0003-s53,w11-ent0003,53,13765632,0.82,1.291,0.0,0.9018,0.0,0.0,0.0,0.0,1.0,0.856
w11-ent0003-s53,w11-ent0003,53,13796352,0.84,1.271,0.0,0.893,0.0,0.0,0.0,0.0,1.0,0.856
w11-ent0003-s53,w11-ent0003,53,13827072,0.82,1.281,0.0,0.9533,0.0,0.0,0.0,0.0,1.0,0.856
w11-ent0003-s53,w11-ent0003,53,13857792,0.81,1.274,0.0,1.0424,0.0,0.0,0.0,0.0,1.0,0.856
w11-ent0003-s53,w11-ent0003,53,13888512,0.79,1.246,0.0,0.9853,0.0,0.0,0.0,0.0,1.0,0.856
w11-ent0003-s53,w11-ent0003,53,13919232,0.73,1.218,0.0,0.9733,0.0,0.0,0.0,0.0,1.0,0.856
w11-ent0003-s53,w11-ent0003,53,13949952,0.78,1.242,0.0,1.045,0.0,0.0,0.0,0.0,1.0,0.856
w11-ent0003-s53,w11-ent0003,53,13980672,0.78,1.273,0.0,0.955,0.0,0.0,0.0,0.0,1.0,0.856
w11-ent0003-s53,w11-ent0003,53,14011392,0.78,1.246,0.0,0.9514,0.0,0.0,0.0,0.0,1.0,0.856
w11-ent0003-s53,w11-ent0003,53,14042112,0.83,1.284,0.0,0.9641,0.0,0.0,0.0,0.0,1.0,0.856
w11-ent0003-s53,w11-ent0003,53,14072832,0.75,1.22,0.0,1.0211,0.0,0.0,0.0,0.0,1.0,0.856
w11-ent0003-s53,w11-ent0003,53,14103552,0.78,1.23,0.0,0.8461,0.0,0.0,0.0,0.0,1.0,0.856
w11-ent0003-s53,w11-ent0003,53,14134272,0.77,1.241,0.0,0.7891,0.0,0.0,0.0,0.0,1.0,0.856
w11-ent0003-s53,w11-ent0003,53,14164992,0.82,1.291,0.0,0.9754,0.0,0.0,0.0,0.0,1.0,0.856
w11-ent0003-s53,w11-ent0003,53,14195712,0.85,1.288,0.0,1.0457,0.0,0.0,0.0,0.0,1.0,0.856
w11-ent0003-s53,w11-ent0003,53,14226432,0.82,1.302,0.0,0.9757,0.0,0.0,0.0,0.0,1.0,0.856
w11-ent0003-s53,w11-ent0003,53,14257152,0.8,1.276,0.0,0.9252,0.0,0.0,0.0,0.0,1.0,0.856
w11-ent0003-s53,w11-ent0003,53,14287872,0.84,1.287,0.0,1.0207,0.0,0.0,0.0,0.0,1.0,0.856
w11-ent0003-s53,w11-ent0003,53,14318592,0.72,1.21,0.0,0.9024,0.0,0.0,0.0,0.0,1.0,0.856
w11-ent0003-s53,w11-ent0003,53,14349312,0.83,1.276,0.0,0.9885,0.0,0.0,0.0,0.0,1.0,0.856
w11-ent0003-s53,w11-ent0003,53,14380032,0.82,1.28,0.0,0.9398,0.0,0.0,0.0,0.0,1.0,0.856
w11-ent0003-s53,w11-ent0003,53,14410752,0.77,1.23,0.0,0.8044,0.0,0.0,0.0,0.0,1.0,0.856
w11-ent0003-s53,w11-ent0003,53,14441472,0.76,1.239,0.0,1.04,0.0,0.0,0.0,0.0,1.0,0.856
w11-ent0003-s53,w11-ent0003,53,14472192,0.76,1.232,0.0,1.0303,0.0,0.0,0.0,0.0,1.0,0.856
w11-ent0003-s53,w11-ent0003,53,14502912,0.83,1.294,0.0,0.8966,0.0,0.0,0.0,0.0,1.0,0.856
w11-ent0003-s53,w11-ent0003,53,14533632,0.84,1.313,0.0,0.9862,0.0,0.0,0.0,0.0,1.0,0.856
w11-ent0003-s53,w11-ent0003,53,14564352,0.76,1.235,0.0,0.707,0.0,0.0,0.0,0.0,1.0,0.856
w11-ent0003-s53,w11-ent0003,53,14595072,0.89,1.334,0.0,0.9262,0.0,0.0,0.0,0.0,1.0,0.855
w11-ent0003-s53,w11-ent0003,53,14625792,0.86,1.31,0.0,0.9513,0.0,0.0,0.0,0.0,1.0,0.855
w11-ent0003-s53,w11-ent0003,53,14656512,0.84,1.285,0.0,0.9068,0.0,0.0,0.0,0.0,1.0,0.855
w11-ent0003-s53,w11-ent0003,53,14687232,0.77,1.239,0.0,0.8434,0.0,0.0,0.0,0.0,1.0,0.855
w11-ent0003-s53,w11-ent0003,53,14717952,0.82,1.283,0.0,0.8557,0.0,0.0,0.0,0.0,1.0,0.855
w11-ent0003-s53,w11-ent0003,53,14748672,0.81,1.259,0.0,0.9969,0.0,0.0,0.0,0.0,1.0,0.855
w11-ent0003-s53,w11-ent0003,53,14779392,0.78,1.25,0.0,0.9484,0.0,0.0,0.0,0.0,1.0,0.855
w11-ent0003-s53,w11-ent0003,53,14810112,0.77,1.244,0.0,0.8907,0.0,0.0,0.0,0.0,1.0,0.855
w11-ent0003-s53,w11-ent0003,53,14840832,0.78,1.253,0.0,0.9043,0.0,0.0,0.0,0.0,1.0,0.855
w11-ent0003-s53,w11-ent0003,53,14871552,0.77,1.273,0.0,0.904,0.0,0.0,0.0,0.0,1.0,0.855
w11-ent0003-s53,w11-ent0003,53,14902272,0.76,1.249,0.0,1.023,0.0,0.0,0.0,0.0,1.0,0.855
w11-ent0003-s53,w11-ent0003,53,14932992,0.78,1.285,0.0,0.9501,0.0,0.0,0.0,0.0,1.0,0.855
w11-ent0003-s53,w11-ent0003,53,14963712,0.82,1.294,0.0,0.9378,0.0,0.0,0.0,0.0,1.0,0.855
w11-ent0003-s53,w11-ent0003,53,14994432,0.8,1.265,0.0,1.0712,0.0,0.0,0.0,0.0,1.0,0.855
w11-ent0003-s53,w11-ent0003,53,14997504,0.85,1.308,0.0,1.0486,0.0,0.0,0.0,0.0,1.0,0.855
w11-ent001-s51,w11-ent001,51,3072,0.0,0.423,-1.0,,,,,,,
w11-ent001-s51,w11-ent001,51,33792,0.02,0.442,-1.0,-1.0,0.0,0.0,0.0,0.0,0.969,0.94
w11-ent001-s51,w11-ent001,51,64512,0.01,0.474,-1.0,-0.9522,0.0,0.0,0.0,0.0,0.992,0.925
w11-ent001-s51,w11-ent001,51,95232,0.0,0.51,-1.0,-0.8773,0.0,0.0,0.0,0.0,0.998,0.916
w11-ent001-s51,w11-ent001,51,125952,0.03,0.568,-1.0,-0.95,0.0,0.0,0.0,0.0,0.998,0.908
w11-ent001-s51,w11-ent001,51,156672,0.01,0.524,-1.0,-0.95,0.0,0.0,0.0,0.0,0.998,0.902
w11-ent001-s51,w11-ent001,51,187392,0.07,0.585,-1.0,-0.9547,0.0,0.0,0.0,0.0,0.999,0.898
w11-ent001-s51,w11-ent001,51,218112,0.04,0.573,-1.0,-0.9057,0.0,0.0,0.0,0.0,0.999,0.896
w11-ent001-s51,w11-ent001,51,248832,0.04,0.572,-1.0,-0.8775,0.0,0.0,0.0,0.0,0.999,0.896
w11-ent001-s51,w11-ent001,51,279552,0.03,0.557,-1.0,-0.9275,0.0,0.0,0.0,0.0,1.0,0.896
w11-ent001-s51,w11-ent001,51,310272,0.02,0.523,-1.0,-0.8294,0.0,0.0,0.0,0.0,1.0,0.898
w11-ent001-s51,w11-ent001,51,340992,0.01,0.59,-1.0,-0.828,0.0,0.0,0.0,0.0,1.0,0.899
w11-ent001-s51,w11-ent001,51,371712,0.03,0.638,-1.0,-0.9278,0.0,0.0,0.0,0.0,1.0,0.9
w11-ent001-s51,w11-ent001,51,402432,0.04,0.637,-1.0,-0.9063,0.0,0.0,0.0,0.0,1.0,0.902
w11-ent001-s51,w11-ent001,51,433152,0.03,0.64,-1.0,-0.8535,0.0,0.0,0.0,0.0,1.0,0.902
w11-ent001-s51,w11-ent001,51,463872,0.07,0.629,-1.0,-0.876,0.0,0.0,0.0,0.0,1.0,0.902
w11-ent001-s51,w11-ent001,51,494592,0.1,0.713,-1.0,-0.8047,0.0,0.0,0.0,0.0,1.0,0.903
w11-ent001-s51,w11-ent001,51,525312,0.09,0.659,-1.0,-0.9515,0.0,0.0,0.0,0.0,1.0,0.903
w11-ent001-s51,w11-ent001,51,556032,0.12,0.754,-1.0,-0.781,0.0,0.0,0.0,0.0,1.0,0.904
w11-ent001-s51,w11-ent001,51,586752,0.15,0.692,-1.0,-0.8062,0.0,0.0,0.0,0.0,1.0,0.905
w11-ent001-s51,w11-ent001,51,617472,0.07,0.657,-1.0,-0.6831,0.0,0.0,0.0,0.0,1.0,0.905
w11-ent001-s51,w11-ent001,51,648192,0.06,0.683,-1.0,-0.8381,0.0,0.0,0.0,0.0,1.0,0.906
w11-ent001-s51,w11-ent001,51,678912,0.09,0.666,-1.0,-0.786,0.0,0.0,0.0,0.0,1.0,0.907
w11-ent001-s51,w11-ent001,51,709632,0.08,0.69,-1.0,-0.8056,0.0,0.0,0.0,0.0,1.0,0.908
w11-ent001-s51,w11-ent001,51,740352,0.15,0.728,-1.0,-0.7558,0.0,0.0,0.0,0.0,1.0,0.908
w11-ent001-s51,w11-ent001,51,771072,0.14,0.758,-1.0,-0.8334,0.0,0.0,0.0,0.0,1.0,0.908
w11-ent001-s51,w11-ent001,51,801792,0.11,0.688,-1.0,-0.7943,0.0,0.0,0.0,0.0,1.0,0.908
w11-ent001-s51,w11-ent001,51,832512,0.06,0.696,-1.0,-0.7228,0.0,0.0,0.0,0.0,1.0,0.908
w11-ent001-s51,w11-ent001,51,863232,0.14,0.799,-1.0,-0.6594,0.0,0.0,0.0,0.0,1.0,0.908
w11-ent001-s51,w11-ent001,51,893952,0.12,0.715,-1.0,-0.7402,0.0,0.0,0.0,0.0,1.0,0.908
w11-ent001-s51,w11-ent001,51,924672,0.15,0.732,-1.0,-0.7588,0.0,0.0,0.0,0.0,1.0,0.908
w11-ent001-s51,w11-ent001,51,955392,0.1,0.755,-1.0,-0.7839,0.0,0.0,0.0,0.0,1.0,0.908
w11-ent001-s51,w11-ent001,51,986112,0.13,0.733,-1.0,-0.6601,0.0,0.0,0.0,0.0,1.0,0.908
w11-ent001-s51,w11-ent001,51,1016832,0.16,0.759,-1.0,-0.7376,0.0,0.0,0.0,0.0,1.0,0.908
w11-ent001-s51,w11-ent001,51,1047552,0.12,0.777,-1.0,-0.7265,0.0,0.0,0.0,0.0,1.0,0.909
w11-ent001-s51,w11-ent001,51,1078272,0.14,0.733,-1.0,-0.5881,0.0,0.0,0.0,0.0,1.0,0.909
w11-ent001-s51,w11-ent001,51,1108992,0.08,0.696,-1.0,-0.7337,0.0,0.0,0.0,0.0,1.0,0.91
w11-ent001-s51,w11-ent001,51,1139712,0.13,0.714,-1.0,-0.5948,0.0,0.0,0.0,0.0,1.0,0.91
w11-ent001-s51,w11-ent001,51,1170432,0.2,0.786,-1.0,-0.7583,0.0,0.0,0.0,0.0,1.0,0.909
w11-ent001-s51,w11-ent001,51,1201152,0.15,0.721,-1.0,-0.7121,0.0,0.0,0.0,0.0,1.0,0.909
w11-ent001-s51,w11-ent001,51,1231872,0.15,0.755,-1.0,-0.4123,0.0,0.0,0.0,0.0,1.0,0.909
w11-ent001-s51,w11-ent001,51,1262592,0.17,0.788,-1.0,-0.6208,0.0,0.0,0.0,0.0,1.0,0.908
w11-ent001-s51,w11-ent001,51,1293312,0.18,0.761,-1.0,-0.8334,0.0,0.0,0.0,0.0,1.0,0.908
w11-ent001-s51,w11-ent001,51,1324032,0.22,0.801,-1.0,-0.7442,0.0,0.0,0.0,0.0,1.0,0.908
w11-ent001-s51,w11-ent001,51,1354752,0.2,0.777,-1.0,-0.7216,0.0,0.0,0.0,0.0,1.0,0.909
w11-ent001-s51,w11-ent001,51,1385472,0.22,0.784,-1.0,-0.6718,0.0,0.0,0.0,0.0,1.0,0.909
w11-ent001-s51,w11-ent001,51,1416192,0.16,0.75,-1.0,-0.4794,0.0,0.0,0.0,0.0,1.0,0.909
w11-ent001-s51,w11-ent001,51,1446912,0.11,0.768,-1.0,-0.6121,0.0,0.0,0.0,0.0,1.0,0.908
w11-ent001-s51,w11-ent001,51,1477632,0.13,0.727,-1.0,-0.5247,0.0,0.0,0.0,0.0,1.0,0.908
w11-ent001-s51,w11-ent001,51,1508352,0.14,0.786,-1.0,-0.5867,0.0,0.0,0.0,0.0,1.0,0.908
w11-ent001-s51,w11-ent001,51,1539072,0.12,0.765,-1.0,-0.71,0.0,0.0,0.0,0.0,1.0,0.907
w11-ent001-s51,w11-ent001,51,1569792,0.19,0.77,-1.0,-0.5982,0.0,0.0,0.0,0.0,1.0,0.907
w11-ent001-s51,w11-ent001,51,1600512,0.16,0.744,-1.0,-0.7811,0.0,0.0,0.0,0.0,1.0,0.907
w11-ent001-s51,w11-ent001,51,1631232,0.19,0.762,-1.0,-0.445,0.0,0.0,0.0,0.0,1.0,0.907
w11-ent001-s51,w11-ent001,51,1661952,0.21,0.78,-1.0,-0.6177,0.0,0.0,0.0,0.0,1.0,0.907
w11-ent001-s51,w11-ent001,51,1692672,0.21,0.79,-1.0,-0.6198,0.0,0.0,0.0,0.0,1.0,0.908
w11-ent001-s51,w11-ent001,51,1723392,0.16,0.766,-1.0,-0.4755,0.0,0.0,0.0,0.0,1.0,0.908
w11-ent001-s51,w11-ent001,51,1754112,0.26,0.849,-1.0,-0.4514,0.0,0.0,0.0,0.0,1.0,0.908
w11-ent001-s51,w11-ent001,51,1784832,0.25,0.81,-1.0,-0.5341,0.0,0.0,0.0,0.0,1.0,0.908
w11-ent001-s51,w11-ent001,51,1815552,0.18,0.796,-1.0,-0.4841,0.0,0.0,0.0,0.0,1.0,0.908
w11-ent001-s51,w11-ent001,51,1846272,0.18,0.767,-1.0,-0.5241,0.0,0.0,0.0,0.0,1.0,0.908
w11-ent001-s51,w11-ent001,51,1876992,0.18,0.728,-1.0,-0.4333,0.0,0.0,0.0,0.0,1.0,0.908
w11-ent001-s51,w11-ent001,51,1907712,0.2,0.833,-1.0,-0.6422,0.0,0.0,0.0,0.0,1.0,0.908
w11-ent001-s51,w11-ent001,51,1938432,0.26,0.863,-1.0,-0.5686,0.0,0.0,0.0,0.0,1.0,0.908
w11-ent001-s51,w11-ent001,51,1969152,0.17,0.791,-1.0,-0.4974,0.0,0.0,0.0,0.0,1.0,0.908
w11-ent001-s51,w11-ent001,51,1999872,0.24,0.82,-1.0,-0.6268,0.0,0.0,0.0,0.0,1.0,0.908
w11-ent001-s51,w11-ent001,51,2030592,0.2,0.805,-1.0,-0.3277,0.0,0.0,0.0,0.0,1.0,0.908
w11-ent001-s51,w11-ent001,51,2061312,0.24,0.824,-1.0,-0.3549,0.0,0.0,0.0,0.0,1.0,0.908
w11-ent001-s51,w11-ent001,51,2092032,0.25,0.845,-1.0,-0.3805,0.0,0.0,0.0,0.0,1.0,0.908
w11-ent001-s51,w11-ent001,51,2122752,0.25,0.853,-1.0,-0.3583,0.0,0.0,0.0,0.0,1.0,0.908
w11-ent001-s51,w11-ent001,51,2153472,0.3,0.853,-1.0,-0.2888,0.0,0.0,0.0,0.0,1.0,0.908
w11-ent001-s51,w11-ent001,51,2184192,0.28,0.849,-1.0,-0.4309,0.0,0.0,0.0,0.0,1.0,0.908
w11-ent001-s51,w11-ent001,51,2214912,0.3,0.884,-1.0,-0.4462,0.0,0.0,0.0,0.0,1.0,0.908
w11-ent001-s51,w11-ent001,51,2245632,0.22,0.765,-1.0,-0.4695,0.0,0.0,0.0,0.0,1.0,0.908
w11-ent001-s51,w11-ent001,51,2276352,0.21,0.816,-1.0,-0.3151,0.0,0.0,0.0,0.0,1.0,0.908
w11-ent001-s51,w11-ent001,51,2307072,0.28,0.863,-1.0,-0.5632,0.0,0.0,0.0,0.0,1.0,0.907
w11-ent001-s51,w11-ent001,51,2337792,0.31,0.883,-1.0,-0.1445,0.0,0.0,0.0,0.0,1.0,0.907
w11-ent001-s51,w11-ent001,51,2368512,0.32,0.868,-1.0,-0.4548,0.0,0.0,0.0,0.0,1.0,0.907
w11-ent001-s51,w11-ent001,51,2399232,0.28,0.874,-1.0,-0.2568,0.0,0.0,0.0,0.0,1.0,0.907
w11-ent001-s51,w11-ent001,51,2429952,0.25,0.824,-1.0,-0.2716,0.0,0.0,0.0,0.0,1.0,0.907
w11-ent001-s51,w11-ent001,51,2460672,0.35,0.913,-1.0,-0.3692,0.0,0.0,0.0,0.0,1.0,0.907
w11-ent001-s51,w11-ent001,51,2491392,0.29,0.864,-1.0,-0.2797,0.0,0.0,0.0,0.0,1.0,0.907
w11-ent001-s51,w11-ent001,51,2522112,0.28,0.883,-1.0,-0.3502,0.0,0.0,0.0,0.0,1.0,0.907
w11-ent001-s51,w11-ent001,51,2552832,0.36,0.907,-1.0,-0.2089,0.0,0.0,0.0,0.0,1.0,0.907
w11-ent001-s51,w11-ent001,51,2583552,0.22,0.828,-1.0,-0.2484,0.0,0.0,0.0,0.0,1.0,0.907
w11-ent001-s51,w11-ent001,51,2614272,0.28,0.857,-1.0,-0.3688,0.0,0.0,0.0,0.0,1.0,0.906
w11-ent001-s51,w11-ent001,51,2644992,0.35,0.921,-1.0,-0.3752,0.0,0.0,0.0,0.0,1.0,0.906
w11-ent001-s51,w11-ent001,51,2675712,0.36,0.902,-1.0,-0.4306,0.0,0.0,0.0,0.0,1.0,0.906
w11-ent001-s51,w11-ent001,51,2706432,0.39,0.936,-1.0,-0.2606,0.0,0.0,0.0,0.0,1.0,0.906
w11-ent001-s51,w11-ent001,51,2737152,0.38,0.937,-1.0,-0.2019,0.0,0.0,0.0,0.0,1.0,0.906
w11-ent001-s51,w11-ent001,51,2767872,0.43,0.981,-1.0,-0.082,0.0,0.0,0.0,0.0,1.0,0.906
w11-ent001-s51,w11-ent001,51,2798592,0.39,0.927,-1.0,-0.1995,0.0,0.0,0.0,0.0,1.0,0.906
w11-ent001-s51,w11-ent001,51,2829312,0.4,0.946,-1.0,0.0814,0.0,0.0,0.0,0.0,1.0,0.906
w11-ent001-s51,w11-ent001,51,2860032,0.44,0.947,-1.0,-0.1626,0.0,0.0,0.0,0.0,1.0,0.906
w11-ent001-s51,w11-ent001,51,2890752,0.38,0.958,-1.0,-0.0699,0.0,0.0,0.0,0.0,1.0,0.906
w11-ent001-s51,w11-ent001,51,2921472,0.33,0.909,-1.0,0.1246,0.0,0.0,0.0,0.0,1.0,0.906
w11-ent001-s51,w11-ent001,51,2952192,0.33,0.934,-1.0,-0.0408,0.0,0.0,0.0,0.0,1.0,0.905
w11-ent001-s51,w11-ent001,51,2982912,0.41,0.958,-1.0,-0.1633,0.0,0.0,0.0,0.0,1.0,0.905
w11-ent001-s51,w11-ent001,51,3013632,0.35,0.914,-1.0,-0.2731,0.0,0.0,0.0,0.0,1.0,0.905
w11-ent001-s51,w11-ent001,51,3044352,0.37,0.939,-1.0,0.0585,0.0,0.0,0.0,0.0,1.0,0.905
w11-ent001-s51,w11-ent001,51,3075072,0.36,0.943,-1.0,0.0181,0.0,0.0,0.0,0.0,1.0,0.904
w11-ent001-s51,w11-ent001,51,3105792,0.5,1.031,-1.0,-0.0191,0.0,0.0,0.0,0.0,1.0,0.904
w11-ent001-s51,w11-ent001,51,3136512,0.4,0.97,-1.0,0.2783,0.0,0.0,0.0,0.0,1.0,0.904
w11-ent001-s51,w11-ent001,51,3167232,0.42,0.964,-1.0,0.0631,0.0,0.0,0.0,0.0,1.0,0.903
w11-ent001-s51,w11-ent001,51,3197952,0.43,0.989,-1.0,-0.0155,0.0,0.0,0.0,0.0,1.0,0.903
w11-ent001-s51,w11-ent001,51,3228672,0.42,0.961,-1.0,0.1783,0.0,0.0,0.0,0.0,1.0,0.903
w11-ent001-s51,w11-ent001,51,3259392,0.51,1.032,-1.0,0.0969,0.0,0.0,0.0,0.0,1.0,0.903
w11-ent001-s51,w11-ent001,51,3290112,0.41,0.979,-1.0,-0.037,0.0,0.0,0.0,0.0,1.0,0.903
w11-ent001-s51,w11-ent001,51,3320832,0.41,0.941,-1.0,0.0852,0.0,0.0,0.0,0.0,1.0,0.902
w11-ent001-s51,w11-ent001,51,3351552,0.44,0.983,-1.0,0.2642,0.0,0.0,0.0,0.0,1.0,0.902
w11-ent001-s51,w11-ent001,51,3382272,0.43,0.98,-1.0,0.0822,0.0,0.0,0.0,0.0,1.0,0.902
w11-ent001-s51,w11-ent001,51,3412992,0.45,1.019,-1.0,0.0535,0.0,0.0,0.0,0.0,1.0,0.901
w11-ent001-s51,w11-ent001,51,3443712,0.49,1.026,-1.0,0.0563,0.0,0.0,0.0,0.0,1.0,0.901
w11-ent001-s51,w11-ent001,51,3474432,0.52,1.064,-1.0,0.1685,0.0,0.0,0.0,0.0,1.0,0.901
w11-ent001-s51,w11-ent001,51,3505152,0.47,1.007,-1.0,0.4548,0.0,0.0,0.0,0.0,1.0,0.9
w11-ent001-s51,w11-ent001,51,3535872,0.46,0.993,-1.0,0.132,0.0,0.0,0.0,0.0,1.0,0.9
w11-ent001-s51,w11-ent001,51,3566592,0.48,1.027,-1.0,0.4289,0.0,0.0,0.0,0.0,1.0,0.9
w11-ent001-s51,w11-ent001,51,3597312,0.45,0.972,-1.0,0.3892,0.0,0.0,0.0,0.0,1.0,0.9
w11-ent001-s51,w11-ent001,51,3628032,0.57,1.073,-1.0,0.0488,0.0,0.0,0.0,0.0,1.0,0.899
w11-ent001-s51,w11-ent001,51,3658752,0.53,1.028,-0.987,0.2304,0.0,0.0,0.0,0.0,1.0,0.899
w11-ent001-s51,w11-ent001,51,3689472,0.48,1.019,-0.976,0.2989,0.0,0.0,0.0,0.0,1.0,0.899
w11-ent001-s51,w11-ent001,51,3720192,0.46,0.975,-0.976,0.2048,0.0,0.0,0.0,0.0,1.0,0.899
w11-ent001-s51,w11-ent001,51,3750912,0.4,0.97,-0.976,0.1361,0.0,0.0,0.0,0.0,1.0,0.898
w11-ent001-s51,w11-ent001,51,3781632,0.51,1.043,-0.987,0.3163,0.0,0.0,0.0,0.0,1.0,0.898
w11-ent001-s51,w11-ent001,51,3812352,0.5,1.028,-0.976,0.4119,0.0,0.0,0.0,0.0,1.0,0.898
w11-ent001-s51,w11-ent001,51,3843072,0.48,1.026,-0.941,0.0645,0.0,0.0,0.0,0.0,1.0,0.898
w11-ent001-s51,w11-ent001,51,3873792,0.57,1.081,-0.941,0.1275,0.0,0.0,0.0,0.0,1.0,0.898
w11-ent001-s51,w11-ent001,51,3904512,0.47,0.996,-0.941,0.4367,0.0,0.0,0.0,0.0,1.0,0.897
w11-ent001-s51,w11-ent001,51,3935232,0.49,1.01,-0.941,0.4418,0.0,0.0,0.0,0.0,1.0,0.897
w11-ent001-s51,w11-ent001,51,3965952,0.46,0.985,-0.941,0.2469,0.0,0.0,0.0,0.0,1.0,0.897
w11-ent001-s51,w11-ent001,51,3996672,0.53,1.045,-0.941,0.3789,0.0,0.0,0.0,0.0,1.0,0.897
w11-ent001-s51,w11-ent001,51,4027392,0.53,1.06,-0.941,0.3627,0.0,0.0,0.0,0.0,1.0,0.896
w11-ent001-s51,w11-ent001,51,4058112,0.53,1.029,-0.927,0.2577,0.0,0.0,0.0,0.0,1.0,0.896
w11-ent001-s51,w11-ent001,51,4088832,0.64,1.14,-0.89,0.1594,0.0,0.0,0.0,0.0,1.0,0.896
w11-ent001-s51,w11-ent001,51,4119552,0.61,1.089,-0.876,0.3297,0.0,0.0,0.0,0.0,1.0,0.896
w11-ent001-s51,w11-ent001,51,4150272,0.5,1.016,-0.851,0.2548,0.0,0.0,0.0,0.0,1.0,0.895
w11-ent001-s51,w11-ent001,51,4180992,0.47,0.948,-0.839,0.2716,0.0,0.0,0.0,0.0,1.0,0.895
w11-ent001-s51,w11-ent001,51,4211712,0.47,1.025,-0.813,0.3415,0.0,0.0,0.0,0.0,1.0,0.895
w11-ent001-s51,w11-ent001,51,4242432,0.57,1.052,-0.813,0.3357,0.0,0.0,0.0,0.0,1.0,0.895
w11-ent001-s51,w11-ent001,51,4273152,0.55,1.01,-0.798,0.0674,0.0,0.0,0.0,0.0,1.0,0.894
w11-ent001-s51,w11-ent001,51,4303872,0.45,0.937,-0.776,0.3568,0.0,0.0,0.0,0.0,1.0,0.894
w11-ent001-s51,w11-ent001,51,4334592,0.55,1.062,-0.776,0.2526,0.0,0.0,0.0,0.0,1.0,0.894
w11-ent001-s51,w11-ent001,51,4365312,0.46,0.99,-0.747,0.1871,0.0,0.0,0.0,0.0,1.0,0.894
w11-ent001-s51,w11-ent001,51,4396032,0.6,1.108,-0.758,0.148,0.0,0.0,0.0,0.0,1.0,0.893
w11-ent001-s51,w11-ent001,51,4426752,0.54,1.083,-0.73,0.2915,0.0,0.0,0.0,0.0,1.0,0.893
w11-ent001-s51,w11-ent001,51,4457472,0.5,0.998,-0.73,0.2686,0.0,0.0,0.0,0.0,1.0,0.893
w11-ent001-s51,w11-ent001,51,4488192,0.53,1.037,-0.69,0.3214,0.0,0.0,0.0,0.0,1.0,0.893
w11-ent001-s51,w11-ent001,51,4518912,0.45,0.961,-0.69,0.4232,0.0,0.0,0.0,0.0,1.0,0.892
w11-ent001-s51,w11-ent001,51,4549632,0.58,1.071,-0.668,0.4526,0.0,0.0,0.0,0.0,1.0,0.892
w11-ent001-s51,w11-ent001,51,4580352,0.52,1.01,-0.64,0.2778,0.0,0.0,0.0,0.0,1.0,0.892
w11-ent001-s51,w11-ent001,51,4611072,0.59,1.084,-0.599,0.2383,0.0,0.0,0.0,0.0,1.0,0.892
w11-ent001-s51,w11-ent001,51,4641792,0.5,1.003,-0.599,0.2087,0.0,0.0,0.0,0.0,1.0,0.892
w11-ent001-s51,w11-ent001,51,4672512,0.54,1.053,-0.588,0.2607,0.0,0.0,0.0,0.0,1.0,0.891
w11-ent001-s51,w11-ent001,51,4703232,0.59,1.091,-0.571,0.1041,0.0,0.0,0.0,0.0,1.0,0.891
w11-ent001-s51,w11-ent001,51,4733952,0.58,1.075,-0.571,0.2251,0.0,0.0,0.0,0.0,1.0,0.891
w11-ent001-s51,w11-ent001,51,4764672,0.45,0.997,-0.54,0.118,0.0,0.0,0.0,0.0,1.0,0.89
w11-ent001-s51,w11-ent001,51,4795392,0.56,1.065,-0.528,0.4239,0.0,0.0,0.0,0.0,1.0,0.89
w11-ent001-s51,w11-ent001,51,4826112,0.55,1.044,-0.476,0.2068,0.0,0.0,0.0,0.0,1.0,0.89
w11-ent001-s51,w11-ent001,51,4856832,0.57,1.077,-0.465,0.4511,0.0,0.0,0.0,0.0,1.0,0.89
w11-ent001-s51,w11-ent001,51,4887552,0.53,1.042,-0.437,0.2162,0.0,0.0,0.0,0.0,1.0,0.889
w11-ent001-s51,w11-ent001,51,4918272,0.55,1.021,-0.409,0.3592,0.0,0.0,0.0,0.0,1.0,0.889
w11-ent001-s51,w11-ent001,51,4948992,0.61,1.112,-0.377,0.3581,0.0,0.0,0.0,0.0,1.0,0.889
w11-ent001-s51,w11-ent001,51,4979712,0.63,1.099,-0.32,0.257,0.0,0.0,0.0,0.0,1.0,0.889
w11-ent001-s51,w11-ent001,51,5010432,0.54,1.014,-0.293,0.2143,0.0,0.0,0.0,0.0,1.0,0.889
w11-ent001-s51,w11-ent001,51,5041152,0.54,1.04,-0.282,0.4546,0.0,0.0,0.0,0.0,1.0,0.888
w11-ent001-s51,w11-ent001,51,5071872,0.53,1.022,-0.237,0.0602,0.0,0.0,0.0,0.0,1.0,0.888
w11-ent001-s51,w11-ent001,51,5102592,0.55,1.067,-0.226,0.1862,0.0,0.0,0.0,0.0,1.0,0.888
w11-ent001-s51,w11-ent001,51,5133312,0.55,1.034,-0.197,0.3211,0.0,0.0,0.0,0.0,1.0,0.888
w11-ent001-s51,w11-ent001,51,5164032,0.51,1.006,-0.168,0.2933,0.0,0.0,0.0,0.0,1.0,0.887
w11-ent001-s51,w11-ent001,51,5194752,0.59,1.085,-0.133,0.4255,0.0,0.0,0.0,0.0,1.0,0.887
w11-ent001-s51,w11-ent001,51,5225472,0.62,1.086,-0.116,0.4056,0.0,0.0,0.0,0.0,1.0,0.887
w11-ent001-s51,w11-ent001,51,5256192,0.64,1.117,-0.093,0.3243,0.0,0.0,0.0,0.0,1.0,0.887
w11-ent001-s51,w11-ent001,51,5286912,0.52,1.016,-0.062,0.2512,0.0,0.0,0.0,0.0,1.0,0.886
w11-ent001-s51,w11-ent001,51,5317632,0.59,1.051,-0.031,-0.0691,0.0,0.0,0.0,0.0,1.0,0.886
w11-ent001-s51,w11-ent001,51,5348352,0.61,1.064,-0.02,0.3227,0.0,0.0,0.0,0.0,1.0,0.886
w11-ent001-s51,w11-ent001,51,5379072,0.58,1.052,0.0,0.3256,0.0,0.0,0.0,0.0,1.0,0.886
w11-ent001-s51,w11-ent001,51,5409792,0.63,1.088,0.0,0.2193,0.0,0.0,0.0,0.0,1.0,0.885
w11-ent001-s51,w11-ent001,51,5440512,0.52,0.973,0.0,0.0775,0.0,0.0,0.0,0.0,1.0,0.885
w11-ent001-s51,w11-ent001,51,5471232,0.69,1.133,0.0,0.4418,0.0,0.0,0.0,0.0,1.0,0.885
w11-ent001-s51,w11-ent001,51,5501952,0.5,1.004,0.0,0.3059,0.0,0.0,0.0,0.0,1.0,0.885
w11-ent001-s51,w11-ent001,51,5532672,0.6,1.065,0.0,0.5924,0.0,0.0,0.0,0.0,1.0,0.884
w11-ent001-s51,w11-ent001,51,5563392,0.66,1.113,0.0,0.3792,0.0,0.0,0.0,0.0,1.0,0.884
w11-ent001-s51,w11-ent001,51,5594112,0.61,1.109,0.0,0.3378,0.0,0.0,0.0,0.0,1.0,0.884
w11-ent001-s51,w11-ent001,51,5624832,0.49,0.986,0.0,0.153,0.0,0.0,0.0,0.0,1.0,0.884
w11-ent001-s51,w11-ent001,51,5655552,0.58,1.024,0.0,0.1587,0.0,0.0,0.0,0.0,1.0,0.884
w11-ent001-s51,w11-ent001,51,5686272,0.61,1.086,0.0,0.2412,0.0,0.0,0.0,0.0,1.0,0.883
w11-ent001-s51,w11-ent001,51,5716992,0.62,1.059,0.0,0.3478,0.0,0.0,0.0,0.0,1.0,0.883
w11-ent001-s51,w11-ent001,51,5747712,0.59,1.038,0.0,0.1937,0.0,0.0,0.0,0.0,1.0,0.883
w11-ent001-s51,w11-ent001,51,5778432,0.56,1.028,0.0,0.3991,0.0,0.0,0.0,0.0,1.0,0.883
w11-ent001-s51,w11-ent001,51,5809152,0.58,1.037,0.0,0.5879,0.0,0.0,0.0,0.0,1.0,0.882
w11-ent001-s51,w11-ent001,51,5839872,0.6,1.065,0.0,0.3045,0.0,0.0,0.0,0.0,1.0,0.882
w11-ent001-s51,w11-ent001,51,5870592,0.54,1.003,0.0,0.2325,0.0,0.0,0.0,0.0,1.0,0.882
w11-ent001-s51,w11-ent001,51,5901312,0.67,1.131,0.0,0.3907,0.0,0.0,0.0,0.0,1.0,0.882
w11-ent001-s51,w11-ent001,51,5932032,0.62,1.045,0.0,0.3582,0.0,0.0,0.0,0.0,1.0,0.882
w11-ent001-s51,w11-ent001,51,5962752,0.55,1.03,0.0,0.4169,0.0,0.0,0.0,0.0,1.0,0.881
w11-ent001-s51,w11-ent001,51,5993472,0.66,1.095,0.0,0.3507,0.0,0.0,0.0,0.0,1.0,0.881
w11-ent001-s51,w11-ent001,51,6024192,0.55,1.024,0.0,0.3508,0.0,0.0,0.0,0.0,1.0,0.881
w11-ent001-s51,w11-ent001,51,6054912,0.63,1.079,0.0,0.5794,0.0,0.0,0.0,0.0,1.0,0.881
w11-ent001-s51,w11-ent001,51,6085632,0.66,1.116,0.0,0.3338,0.0,0.0,0.0,0.0,1.0,0.88
w11-ent001-s51,w11-ent001,51,6116352,0.58,1.034,0.0,0.526,0.0,0.0,0.0,0.0,1.0,0.88
w11-ent001-s51,w11-ent001,51,6147072,0.6,1.079,0.0,0.5777,0.0,0.0,0.0,0.0,1.0,0.88
w11-ent001-s51,w11-ent001,51,6177792,0.58,1.049,0.0,0.4128,0.0,0.0,0.0,0.0,1.0,0.88
w11-ent001-s51,w11-ent001,51,6208512,0.69,1.139,0.0,0.4501,0.0,0.0,0.0,0.0,1.0,0.88
w11-ent001-s51,w11-ent001,51,6239232,0.6,1.027,0.0,0.502,0.0,0.0,0.0,0.0,1.0,0.879
w11-ent001-s51,w11-ent001,51,6269952,0.67,1.102,0.0,0.5151,0.0,0.0,0.0,0.0,1.0,0.879
w11-ent001-s51,w11-ent001,51,6300672,0.67,1.123,0.0,0.5026,0.0,0.0,0.0,0.0,1.0,0.879
w11-ent001-s51,w11-ent001,51,6331392,0.68,1.118,0.0,0.4544,0.0,0.0,0.0,0.0,1.0,0.879
w11-ent001-s51,w11-ent001,51,6362112,0.6,1.074,0.0,0.3381,0.0,0.0,0.0,0.0,1.0,0.879
w11-ent001-s51,w11-ent001,51,6392832,0.63,1.079,0.0,0.5234,0.0,0.0,0.0,0.0,1.0,0.879
w11-ent001-s51,w11-ent001,51,6423552,0.67,1.136,0.0,0.4874,0.0,0.0,0.0,0.0,1.0,0.878
w11-ent001-s51,w11-ent001,51,6454272,0.62,1.069,0.0,0.5511,0.0,0.0,0.0,0.0,1.0,0.878
w11-ent001-s51,w11-ent001,51,6484992,0.67,1.107,0.0,0.589,0.0,0.0,0.0,0.0,1.0,0.878
w11-ent001-s51,w11-ent001,51,6515712,0.58,1.04,0.0,0.7285,0.0,0.0,0.0,0.0,1.0,0.878
w11-ent001-s51,w11-ent001,51,6546432,0.73,1.149,0.0,0.4495,0.0,0.0,0.0,0.0,1.0,0.878
w11-ent001-s51,w11-ent001,51,6577152,0.63,1.064,0.0,0.7537,0.0,0.0,0.0,0.0,1.0,0.877
w11-ent001-s51,w11-ent001,51,6607872,0.65,1.096,0.0,0.607,0.0,0.0,0.0,0.0,1.0,0.877
w11-ent001-s51,w11-ent001,51,6638592,0.66,1.113,0.0,0.6686,0.0,0.0,0.0,0.0,1.0,0.877
w11-ent001-s51,w11-ent001,51,6669312,0.79,1.211,0.0,0.5293,0.0,0.0,0.0,0.0,1.0,0.877
w11-ent001-s51,w11-ent001,51,6700032,0.76,1.186,0.0,0.6166,0.0,0.0,0.0,0.0,1.0,0.877
w11-ent001-s51,w11-ent001,51,6730752,0.67,1.138,0.0,0.7728,0.0,0.0,0.0,0.0,1.0,0.877
w11-ent001-s51,w11-ent001,51,6761472,0.6,1.07,0.0,0.5552,0.0,0.0,0.0,0.0,1.0,0.876
w11-ent001-s51,w11-ent001,51,6792192,0.69,1.129,0.0,0.8524,0.0,0.0,0.0,0.0,1.0,0.876
w11-ent001-s51,w11-ent001,51,6822912,0.59,1.029,0.0,0.7109,0.0,0.0,0.0,0.0,1.0,0.876
w11-ent001-s51,w11-ent001,51,6853632,0.66,1.103,0.0,0.7697,0.0,0.0,0.0,0.0,1.0,0.876
w11-ent001-s51,w11-ent001,51,6884352,0.71,1.125,0.0,0.5305,0.0,0.0,0.0,0.0,1.0,0.876
w11-ent001-s51,w11-ent001,51,6915072,0.68,1.11,0.0,0.6332,0.0,0.0,0.0,0.0,1.0,0.876
w11-ent001-s51,w11-ent001,51,6945792,0.75,1.179,0.0,0.6818,0.0,0.0,0.0,0.0,1.0,0.876
w11-ent001-s51,w11-ent001,51,6976512,0.61,1.087,0.0,0.5321,0.0,0.0,0.0,0.0,1.0,0.875
w11-ent001-s51,w11-ent001,51,7007232,0.69,1.087,0.0,0.4888,0.0,0.0,0.0,0.0,1.0,0.875
w11-ent001-s51,w11-ent001,51,7037952,0.62,1.071,0.0,0.7053,0.0,0.0,0.0,0.0,1.0,0.875
w11-ent001-s51,w11-ent001,51,7068672,0.68,1.105,0.0,0.6078,0.0,0.0,0.0,0.0,1.0,0.875
w11-ent001-s51,w11-ent001,51,7099392,0.65,1.106,0.0,0.5711,0.0,0.0,0.0,0.0,1.0,0.875
w11-ent001-s51,w11-ent001,51,7130112,0.64,1.09,0.0,0.4316,0.0,0.0,0.0,0.0,1.0,0.875
w11-ent001-s51,w11-ent001,51,7160832,0.7,1.107,0.0,0.5357,0.0,0.0,0.0,0.0,1.0,0.875
w11-ent001-s51,w11-ent001,51,7191552,0.67,1.154,0.0,0.7176,0.0,0.0,0.0,0.0,1.0,0.874
w11-ent001-s51,w11-ent001,51,7222272,0.73,1.163,0.0,0.5601,0.0,0.0,0.0,0.0,1.0,0.874
w11-ent001-s51,w11-ent001,51,7252992,0.61,1.071,0.0,0.5687,0.0,0.0,0.0,0.0,1.0,0.874
w11-ent001-s51,w11-ent001,51,7283712,0.67,1.132,0.0,0.8933,0.0,0.0,0.0,0.0,1.0,0.874
w11-ent001-s51,w11-ent001,51,7314432,0.7,1.161,0.0,0.5198,0.0,0.0,0.0,0.0,1.0,0.874
w11-ent001-s51,w11-ent001,51,7345152,0.78,1.177,0.0,0.8137,0.0,0.0,0.0,0.0,1.0,0.874
w11-ent001-s51,w11-ent001,51,7375872,0.74,1.156,0.0,0.6724,0.0,0.0,0.0,0.0,1.0,0.873
w11-ent001-s51,w11-ent001,51,7406592,0.68,1.136,0.0,0.9107,0.0,0.0,0.0,0.0,1.0,0.873
w11-ent001-s51,w11-ent001,51,7437312,0.8,1.221,0.0,0.6698,0.0,0.0,0.0,0.0,1.0,0.873
w11-ent001-s51,w11-ent001,51,7468032,0.68,1.148,0.0,0.8387,0.0,0.0,0.0,0.0,1.0,0.873
w11-ent001-s51,w11-ent001,51,7498752,0.7,1.141,0.0,0.7256,0.0,0.0,0.0,0.0,1.0,0.873
w11-ent001-s51,w11-ent001,51,7529472,0.71,1.157,0.0,0.7957,0.0,0.0,0.0,0.0,1.0,0.873
w11-ent001-s51,w11-ent001,51,7560192,0.71,1.14,0.0,0.7166,0.0,0.0,0.0,0.0,1.0,0.872
w11-ent001-s51,w11-ent001,51,7590912,0.74,1.183,0.0,0.711,0.0,0.0,0.0,0.0,1.0,0.872
w11-ent001-s51,w11-ent001,51,7621632,0.76,1.198,0.0,0.633,0.0,0.0,0.0,0.0,1.0,0.872
w11-ent001-s51,w11-ent001,51,7652352,0.76,1.211,0.0,0.7878,0.0,0.0,0.0,0.0,1.0,0.872
w11-ent001-s51,w11-ent001,51,7683072,0.71,1.183,0.0,0.8079,0.0,0.0,0.0,0.0,1.0,0.872
w11-ent001-s51,w11-ent001,51,7713792,0.71,1.133,0.0,0.7071,0.0,0.0,0.0,0.0,1.0,0.872
w11-ent001-s51,w11-ent001,51,7744512,0.7,1.144,0.0,0.7371,0.0,0.0,0.0,0.0,1.0,0.871
w11-ent001-s51,w11-ent001,51,7775232,0.8,1.222,0.0,0.5422,0.0,0.0,0.0,0.0,1.0,0.871
w11-ent001-s51,w11-ent001,51,7805952,0.7,1.135,0.0,0.696,0.0,0.0,0.0,0.0,1.0,0.871
w11-ent001-s51,w11-ent001,51,7836672,0.67,1.121,0.0,0.6397,0.0,0.0,0.0,0.0,1.0,0.871
w11-ent001-s51,w11-ent001,51,7867392,0.75,1.19,0.0,0.681,0.0,0.0,0.0,0.0,1.0,0.871
w11-ent001-s51,w11-ent001,51,7898112,0.71,1.137,0.0,0.8552,0.0,0.0,0.0,0.0,1.0,0.871
w11-ent001-s51,w11-ent001,51,7928832,0.82,1.237,0.0,0.7884,0.0,0.0,0.0,0.0,1.0,0.871
w11-ent001-s51,w11-ent001,51,7959552,0.75,1.194,0.0,0.8938,0.0,0.0,0.0,0.0,1.0,0.87
w11-ent001-s51,w11-ent001,51,7990272,0.73,1.184,0.0,0.7125,0.0,0.0,0.0,0.0,1.0,0.87
w11-ent001-s51,w11-ent001,51,8020992,0.78,1.19,0.0,1.018,0.0,0.0,0.0,0.0,1.0,0.87
w11-ent001-s51,w11-ent001,51,8051712,0.73,1.189,0.0,0.7025,0.0,0.0,0.0,0.0,1.0,0.87
w11-ent001-s51,w11-ent001,51,8082432,0.67,1.125,0.0,0.6072,0.0,0.0,0.0,0.0,1.0,0.87
w11-ent001-s51,w11-ent001,51,8113152,0.77,1.211,0.0,0.8374,0.0,0.0,0.0,0.0,1.0,0.87
w11-ent001-s51,w11-ent001,51,8143872,0.78,1.21,0.0,0.5979,0.0,0.0,0.0,0.0,1.0,0.87
w11-ent001-s51,w11-ent001,51,8174592,0.81,1.239,0.0,0.7495,0.0,0.0,0.0,0.0,1.0,0.869
w11-ent001-s51,w11-ent001,51,8205312,0.71,1.167,0.0,0.7961,0.0,0.0,0.0,0.0,1.0,0.869
w11-ent001-s51,w11-ent001,51,8236032,0.73,1.178,0.0,0.7538,0.0,0.0,0.0,0.0,1.0,0.869
w11-ent001-s51,w11-ent001,51,8266752,0.76,1.182,0.0,0.9037,0.0,0.0,0.0,0.0,1.0,0.869
w11-ent001-s51,w11-ent001,51,8297472,0.73,1.193,0.0,0.7936,0.0,0.0,0.0,0.0,1.0,0.869
w11-ent001-s51,w11-ent001,51,8328192,0.77,1.206,0.0,0.777,0.0,0.0,0.0,0.0,1.0,0.869
w11-ent001-s51,w11-ent001,51,8358912,0.79,1.225,0.0,0.9295,0.0,0.0,0.0,0.0,1.0,0.869
w11-ent001-s51,w11-ent001,51,8389632,0.81,1.218,0.0,0.7439,0.0,0.0,0.0,0.0,1.0,0.868
w11-ent001-s51,w11-ent001,51,8420352,0.75,1.165,0.0,0.8547,0.0,0.0,0.0,0.0,1.0,0.868
w11-ent001-s51,w11-ent001,51,8451072,0.75,1.179,0.0,0.9125,0.0,0.0,0.0,0.0,1.0,0.868
w11-ent001-s51,w11-ent001,51,8481792,0.74,1.208,0.0,0.6944,0.0,0.0,0.0,0.0,1.0,0.868
w11-ent001-s51,w11-ent001,51,8512512,0.85,1.24,0.0,0.8078,0.0,0.0,0.0,0.0,1.0,0.868
w11-ent001-s51,w11-ent001,51,8543232,0.75,1.16,0.0,0.8412,0.0,0.0,0.0,0.0,1.0,0.868
w11-ent001-s51,w11-ent001,51,8573952,0.81,1.231,0.0,0.8694,0.0,0.0,0.0,0.0,1.0,0.868
w11-ent001-s51,w11-ent001,51,8604672,0.79,1.222,0.0,0.8591,0.0,0.0,0.0,0.0,1.0,0.868
w11-ent001-s51,w11-ent001,51,8635392,0.86,1.265,0.0,0.8238,0.0,0.0,0.0,0.0,1.0,0.868
w11-ent001-s51,w11-ent001,51,8666112,0.72,1.148,0.0,0.8587,0.0,0.0,0.0,0.0,1.0,0.867
w11-ent001-s51,w11-ent001,51,8696832,0.74,1.176,0.0,0.6219,0.0,0.0,0.0,0.0,1.0,0.867
w11-ent001-s51,w11-ent001,51,8727552,0.78,1.222,0.0,1.0379,0.0,0.0,0.0,0.0,1.0,0.867
w11-ent001-s51,w11-ent001,51,8758272,0.77,1.191,0.0,0.8239,0.0,0.0,0.0,0.0,1.0,0.867
w11-ent001-s51,w11-ent001,51,8788992,0.8,1.189,0.0,0.8605,0.0,0.0,0.0,0.0,1.0,0.867
w11-ent001-s51,w11-ent001,51,8819712,0.85,1.247,0.0,0.7389,0.0,0.0,0.0,0.0,1.0,0.867
w11-ent001-s51,w11-ent001,51,8850432,0.87,1.29,0.0,0.8324,0.0,0.0,0.0,0.0,1.0,0.867
w11-ent001-s51,w11-ent001,51,8881152,0.72,1.197,0.0,0.973,0.0,0.0,0.0,0.0,1.0,0.867
w11-ent001-s51,w11-ent001,51,8911872,0.8,1.204,0.0,0.8715,0.0,0.0,0.0,0.0,1.0,0.867
w11-ent001-s51,w11-ent001,51,8942592,0.84,1.258,0.0,0.761,0.0,0.0,0.0,0.0,1.0,0.866
w11-ent001-s51,w11-ent001,51,8973312,0.79,1.198,0.0,0.8685,0.0,0.0,0.0,0.0,1.0,0.866
w11-ent001-s51,w11-ent001,51,9004032,0.79,1.236,0.0,0.9074,0.0,0.0,0.0,0.0,1.0,0.866
w11-ent001-s51,w11-ent001,51,9034752,0.79,1.236,0.0,0.8221,0.0,0.0,0.0,0.0,1.0,0.866
w11-ent001-s51,w11-ent001,51,9065472,0.8,1.221,0.0,0.9369,0.0,0.0,0.0,0.0,1.0,0.866
w11-ent001-s51,w11-ent001,51,9096192,0.77,1.201,0.0,0.9417,0.0,0.0,0.0,0.0,1.0,0.866
w11-ent001-s51,w11-ent001,51,9126912,0.83,1.246,0.0,0.8552,0.0,0.0,0.0,0.0,1.0,0.866
w11-ent001-s51,w11-ent001,51,9157632,0.86,1.281,0.0,0.866,0.0,0.0,0.0,0.0,1.0,0.866
w11-ent001-s51,w11-ent001,51,9188352,0.78,1.207,0.0,0.8962,0.0,0.0,0.0,0.0,1.0,0.866
w11-ent001-s51,w11-ent001,51,9219072,0.83,1.254,0.0,1.1953,0.0,0.0,0.0,0.0,1.0,0.866
w11-ent001-s51,w11-ent001,51,9249792,0.86,1.257,0.0,1.0592,0.0,0.0,0.0,0.0,1.0,0.866
w11-ent001-s51,w11-ent001,51,9280512,0.8,1.211,0.0,0.8992,0.0,0.0,0.0,0.0,1.0,0.865
w11-ent001-s51,w11-ent001,51,9311232,0.82,1.247,0.0,0.8612,0.0,0.0,0.0,0.0,1.0,0.865
w11-ent001-s51,w11-ent001,51,9341952,0.76,1.185,0.0,0.9831,0.0,0.0,0.0,0.0,1.0,0.865
w11-ent001-s51,w11-ent001,51,9372672,0.93,1.299,0.0,0.8885,0.0,0.0,0.0,0.0,1.0,0.865
w11-ent001-s51,w11-ent001,51,9403392,0.77,1.223,0.0,1.0214,0.0,0.0,0.0,0.0,1.0,0.865
w11-ent001-s51,w11-ent001,51,9434112,0.81,1.234,0.0,1.066,0.0,0.0,0.0,0.0,1.0,0.865
w11-ent001-s51,w11-ent001,51,9464832,0.89,1.287,0.0,0.9091,0.0,0.0,0.0,0.0,1.0,0.865
w11-ent001-s51,w11-ent001,51,9495552,0.79,1.219,0.0,0.9823,0.0,0.0,0.0,0.0,1.0,0.865
w11-ent001-s51,w11-ent001,51,9526272,0.83,1.237,0.0,0.9459,0.0,0.0,0.0,0.0,1.0,0.865
w11-ent001-s51,w11-ent001,51,9556992,0.83,1.245,0.0,0.9963,0.0,0.0,0.0,0.0,1.0,0.864
w11-ent001-s51,w11-ent001,51,9587712,0.78,1.22,0.0,0.8639,0.0,0.0,0.0,0.0,1.0,0.864
w11-ent001-s51,w11-ent001,51,9618432,0.83,1.255,0.0,0.9794,0.0,0.0,0.0,0.0,1.0,0.864
w11-ent001-s51,w11-ent001,51,9649152,0.83,1.233,0.0,1.0896,0.0,0.0,0.0,0.0,1.0,0.864
w11-ent001-s51,w11-ent001,51,9679872,0.79,1.206,0.0,1.0684,0.0,0.0,0.0,0.0,1.0,0.864
w11-ent001-s51,w11-ent001,51,9710592,0.79,1.193,0.0,1.0965,0.0,0.0,0.0,0.0,1.0,0.864
w11-ent001-s51,w11-ent001,51,9741312,0.85,1.249,0.0,0.9579,0.0,0.0,0.0,0.0,1.0,0.864
w11-ent001-s51,w11-ent001,51,9772032,0.81,1.242,0.0,1.0309,0.0,0.0,0.0,0.0,1.0,0.864
w11-ent001-s51,w11-ent001,51,9802752,0.85,1.263,0.0,0.9476,0.0,0.0,0.0,0.0,1.0,0.864
w11-ent001-s51,w11-ent001,51,9833472,0.76,1.21,0.0,1.0194,0.0,0.0,0.0,0.0,1.0,0.863
w11-ent001-s51,w11-ent001,51,9864192,0.75,1.179,0.0,1.0267,0.0,0.0,0.0,0.0,1.0,0.863
w11-ent001-s51,w11-ent001,51,9894912,0.75,1.18,0.0,0.8645,0.0,0.0,0.0,0.0,1.0,0.863
w11-ent001-s51,w11-ent001,51,9925632,0.81,1.251,0.0,0.9386,0.0,0.0,0.0,0.0,1.0,0.863
w11-ent001-s51,w11-ent001,51,9956352,0.86,1.286,0.0,0.9212,0.0,0.0,0.0,0.0,1.0,0.863
w11-ent001-s51,w11-ent001,51,9987072,0.83,1.232,0.0,0.8223,0.0,0.0,0.0,0.0,1.0,0.863
w11-ent001-s51,w11-ent001,51,10017792,0.82,1.27,0.0,1.0764,0.0,0.0,0.0,0.0,1.0,0.863
w11-ent001-s51,w11-ent001,51,10048512,0.7,1.138,0.0,0.9332,0.0,0.0,0.0,0.0,1.0,0.863
w11-ent001-s51,w11-ent001,51,10079232,0.78,1.206,0.0,0.9122,0.0,0.0,0.0,0.0,1.0,0.863
w11-ent001-s51,w11-ent001,51,10109952,0.9,1.282,0.0,1.1532,0.0,0.0,0.0,0.0,1.0,0.863
w11-ent001-s51,w11-ent001,51,10140672,0.81,1.213,0.0,0.9368,0.0,0.0,0.0,0.0,1.0,0.862
w11-ent001-s51,w11-ent001,51,10171392,0.82,1.24,0.0,0.9589,0.0,0.0,0.0,0.0,1.0,0.862
w11-ent001-s51,w11-ent001,51,10202112,0.81,1.237,0.0,0.9193,0.0,0.0,0.0,0.0,1.0,0.862
w11-ent001-s51,w11-ent001,51,10232832,0.77,1.214,0.0,0.8903,0.0,0.0,0.0,0.0,1.0,0.862
w11-ent001-s51,w11-ent001,51,10263552,0.86,1.255,0.0,0.8963,0.0,0.0,0.0,0.0,1.0,0.862
w11-ent001-s51,w11-ent001,51,10294272,0.86,1.273,0.0,0.9665,0.0,0.0,0.0,0.0,1.0,0.862
w11-ent001-s51,w11-ent001,51,10324992,0.77,1.186,0.0,0.9348,0.0,0.0,0.0,0.0,1.0,0.862
w11-ent001-s51,w11-ent001,51,10355712,0.78,1.213,0.0,1.0372,0.0,0.0,0.0,0.0,1.0,0.862
w11-ent001-s51,w11-ent001,51,10386432,0.85,1.251,0.0,1.137,0.0,0.0,0.0,0.0,1.0,0.862
w11-ent001-s51,w11-ent001,51,10417152,0.85,1.258,0.0,1.0382,0.0,0.0,0.0,0.0,1.0,0.862
w11-ent001-s51,w11-ent001,51,10447872,0.88,1.292,0.0,1.1094,0.0,0.0,0.0,0.0,1.0,0.861
w11-ent001-s51,w11-ent001,51,10478592,0.8,1.205,0.0,0.9519,0.0,0.0,0.0,0.0,1.0,0.861
w11-ent001-s51,w11-ent001,51,10509312,0.89,1.304,0.0,1.1552,0.0,0.0,0.0,0.0,1.0,0.861
w11-ent001-s51,w11-ent001,51,10540032,0.8,1.215,0.0,1.0423,0.0,0.0,0.0,0.0,1.0,0.861
w11-ent001-s51,w11-ent001,51,10570752,0.89,1.317,0.0,1.1515,0.0,0.0,0.0,0.0,1.0,0.861
w11-ent001-s51,w11-ent001,51,10601472,0.79,1.216,0.0,0.9695,0.0,0.0,0.0,0.0,1.0,0.861
w11-ent001-s51,w11-ent001,51,10632192,0.85,1.268,0.0,1.014,0.0,0.0,0.0,0.0,1.0,0.861
w11-ent001-s51,w11-ent001,51,10662912,0.77,1.225,0.0,0.9395,0.0,0.0,0.0,0.0,1.0,0.861
w11-ent001-s51,w11-ent001,51,10693632,0.76,1.188,0.0,1.1146,0.0,0.0,0.0,0.0,1.0,0.861
w11-ent001-s51,w11-ent001,51,10724352,0.86,1.273,0.0,0.9038,0.0,0.0,0.0,0.0,1.0,0.861
w11-ent001-s51,w11-ent001,51,10755072,0.83,1.248,0.0,0.8079,0.0,0.0,0.0,0.0,1.0,0.861
w11-ent001-s51,w11-ent001,51,10785792,0.82,1.231,0.0,1.0555,0.0,0.0,0.0,0.0,1.0,0.861
w11-ent001-s51,w11-ent001,51,10816512,0.83,1.259,0.0,1.0165,0.0,0.0,0.0,0.0,1.0,0.86
w11-ent001-s51,w11-ent001,51,10847232,0.87,1.283,0.0,1.0416,0.0,0.0,0.0,0.0,1.0,0.86
w11-ent001-s51,w11-ent001,51,10877952,0.86,1.256,0.0,0.9405,0.0,0.0,0.0,0.0,1.0,0.86
w11-ent001-s51,w11-ent001,51,10908672,0.83,1.267,0.0,0.9202,0.0,0.0,0.0,0.0,1.0,0.86
w11-ent001-s51,w11-ent001,51,10939392,0.88,1.307,0.0,1.0666,0.0,0.0,0.0,0.0,1.0,0.86
w11-ent001-s51,w11-ent001,51,10970112,0.85,1.273,0.0,0.9265,0.0,0.0,0.0,0.0,1.0,0.86
w11-ent001-s51,w11-ent001,51,11000832,0.86,1.284,0.0,0.9173,0.0,0.0,0.0,0.0,1.0,0.86
w11-ent001-s51,w11-ent001,51,11031552,0.89,1.314,0.0,0.8566,0.0,0.0,0.0,0.0,1.0,0.86
w11-ent001-s51,w11-ent001,51,11062272,0.83,1.242,0.0,1.0429,0.0,0.0,0.0,0.0,1.0,0.86
w11-ent001-s51,w11-ent001,51,11092992,0.9,1.316,0.0,1.0265,0.0,0.0,0.0,0.0,1.0,0.86
w11-ent001-s51,w11-ent001,51,11123712,0.81,1.216,0.0,1.1758,0.0,0.0,0.0,0.0,1.0,0.86
w11-ent001-s51,w11-ent001,51,11154432,0.84,1.269,0.0,1.0573,0.0,0.0,0.0,0.0,1.0,0.859
w11-ent001-s51,w11-ent001,51,11185152,0.85,1.256,0.0,1.0775,0.0,0.0,0.0,0.0,1.0,0.859
w11-ent001-s51,w11-ent001,51,11215872,0.84,1.242,0.0,1.0044,0.0,0.0,0.0,0.0,1.0,0.859
w11-ent001-s51,w11-ent001,51,11246592,0.94,1.345,0.0,1.1851,0.0,0.0,0.0,0.0,1.0,0.859
w11-ent001-s51,w11-ent001,51,11277312,0.85,1.257,0.0,1.0468,0.0,0.0,0.0,0.0,1.0,0.859
w11-ent001-s51,w11-ent001,51,11308032,0.83,1.255,0.0,1.1636,0.0,0.0,0.0,0.0,1.0,0.859
w11-ent001-s51,w11-ent001,51,11338752,0.86,1.286,0.0,1.0098,0.0,0.0,0.0,0.0,1.0,0.859
w11-ent001-s51,w11-ent001,51,11369472,0.83,1.265,0.0,1.0256,0.0,0.0,0.0,0.0,1.0,0.859
w11-ent001-s51,w11-ent001,51,11400192,0.83,1.249,0.0,1.0756,0.0,0.0,0.0,0.0,1.0,0.859
w11-ent001-s51,w11-ent001,51,11430912,0.87,1.276,0.0,0.9436,0.0,0.0,0.0,0.0,1.0,0.859
w11-ent001-s51,w11-ent001,51,11461632,0.85,1.263,0.0,1.0671,0.0,0.0,0.0,0.0,1.0,0.859
w11-ent001-s51,w11-ent001,51,11492352,0.8,1.249,0.0,1.0875,0.0,0.0,0.0,0.0,1.0,0.859
w11-ent001-s51,w11-ent001,51,11523072,0.87,1.295,0.0,0.8411,0.0,0.0,0.0,0.0,1.0,0.858
w11-ent001-s51,w11-ent001,51,11553792,0.89,1.311,0.0,0.9642,0.0,0.0,0.0,0.0,1.0,0.858
w11-ent001-s51,w11-ent001,51,11584512,0.87,1.294,0.0,1.1057,0.0,0.0,0.0,0.0,1.0,0.858
w11-ent001-s51,w11-ent001,51,11615232,0.88,1.315,0.0,1.1071,0.0,0.0,0.0,0.0,1.0,0.858
w11-ent001-s51,w11-ent001,51,11645952,0.85,1.275,0.0,1.0733,0.0,0.0,0.0,0.0,1.0,0.858
w11-ent001-s51,w11-ent001,51,11676672,0.87,1.283,0.0,1.0151,0.0,0.0,0.0,0.0,1.0,0.858
w11-ent001-s51,w11-ent001,51,11707392,0.87,1.309,0.0,1.1175,0.0,0.0,0.0,0.0,1.0,0.858
w11-ent001-s51,w11-ent001,51,11738112,0.85,1.272,0.0,1.0473,0.0,0.0,0.0,0.0,1.0,0.858
w11-ent001-s51,w11-ent001,51,11768832,0.86,1.276,0.0,1.0809,0.0,0.0,0.0,0.0,1.0,0.858
w11-ent001-s51,w11-ent001,51,11799552,0.81,1.225,0.0,1.0787,0.0,0.0,0.0,0.0,1.0,0.858
w11-ent001-s51,w11-ent001,51,11830272,0.83,1.259,0.0,1.0058,0.0,0.0,0.0,0.0,1.0,0.858
w11-ent001-s51,w11-ent001,51,11860992,0.92,1.347,0.0,1.0767,0.0,0.0,0.0,0.0,1.0,0.858
w11-ent001-s51,w11-ent001,51,11891712,0.87,1.287,0.0,1.1047,0.0,0.0,0.0,0.0,1.0,0.857
w11-ent001-s51,w11-ent001,51,11922432,0.9,1.303,0.0,0.9687,0.0,0.0,0.0,0.0,1.0,0.857
w11-ent001-s51,w11-ent001,51,11953152,0.85,1.265,0.0,1.0733,0.0,0.0,0.0,0.0,1.0,0.857
w11-ent001-s51,w11-ent001,51,11983872,0.86,1.289,0.0,1.1081,0.0,0.0,0.0,0.0,1.0,0.857
w11-ent001-s51,w11-ent001,51,12014592,0.88,1.292,0.0,0.951,0.0,0.0,0.0,0.0,1.0,0.857
w11-ent001-s51,w11-ent001,51,12045312,0.9,1.335,0.0,1.044,0.0,0.0,0.0,0.0,1.0,0.857
w11-ent001-s51,w11-ent001,51,12076032,0.86,1.289,0.0,1.2928,0.0,0.0,0.0,0.0,1.0,0.857
w11-ent001-s51,w11-ent001,51,12106752,0.87,1.278,0.0,1.0384,0.0,0.0,0.0,0.0,1.0,0.857
w11-ent001-s51,w11-ent001,51,12137472,0.89,1.306,0.0,1.012,0.0,0.0,0.0,0.0,1.0,0.857
w11-ent001-s51,w11-ent001,51,12168192,0.84,1.276,0.0,1.0126,0.0,0.0,0.0,0.0,1.0,0.857
w11-ent001-s51,w11-ent001,51,12198912,0.84,1.283,0.0,0.8919,0.0,0.0,0.0,0.0,1.0,0.857
w11-ent001-s51,w11-ent001,51,12229632,0.89,1.328,0.0,0.9952,0.0,0.0,0.0,0.0,1.0,0.857
w11-ent001-s51,w11-ent001,51,12260352,0.89,1.318,0.0,1.0459,0.0,0.0,0.0,0.0,1.0,0.857
w11-ent001-s51,w11-ent001,51,12291072,0.88,1.305,0.0,0.9865,0.0,0.0,0.0,0.0,1.0,0.857
w11-ent001-s51,w11-ent001,51,12321792,0.91,1.34,0.0,1.1173,0.0,0.0,0.0,0.0,1.0,0.856
w11-ent001-s51,w11-ent001,51,12352512,0.92,1.34,0.0,1.02,0.0,0.0,0.0,0.0,1.0,0.856
w11-ent001-s51,w11-ent001,51,12383232,0.89,1.309,0.0,1.0431,0.0,0.0,0.0,0.0,1.0,0.856
w11-ent001-s51,w11-ent001,51,12413952,0.85,1.291,0.0,1.1247,0.0,0.0,0.0,0.0,1.0,0.856
w11-ent001-s51,w11-ent001,51,12444672,0.95,1.38,0.0,1.0268,0.0,0.0,0.0,0.0,1.0,0.856
w11-ent001-s51,w11-ent001,51,12475392,0.81,1.253,0.0,1.2369,0.0,0.0,0.0,0.0,1.0,0.856
w11-ent001-s51,w11-ent001,51,12506112,0.93,1.33,0.0,1.1049,0.0,0.0,0.0,0.0,1.0,0.856
w11-ent001-s51,w11-ent001,51,12536832,0.91,1.318,0.0,1.1038,0.0,0.0,0.0,0.0,1.0,0.856
w11-ent001-s51,w11-ent001,51,12567552,0.86,1.287,0.0,1.0602,0.0,0.0,0.0,0.0,1.0,0.856
w11-ent001-s51,w11-ent001,51,12598272,0.83,1.281,0.0,1.036,0.0,0.0,0.0,0.0,1.0,0.856
w11-ent001-s51,w11-ent001,51,12628992,0.93,1.359,0.0,1.0496,0.0,0.0,0.0,0.0,1.0,0.856
w11-ent001-s51,w11-ent001,51,12659712,0.91,1.315,0.0,1.1858,0.0,0.0,0.0,0.0,1.0,0.856
w11-ent001-s51,w11-ent001,51,12690432,0.89,1.312,0.0,1.0848,0.0,0.0,0.0,0.0,1.0,0.856
w11-ent001-s51,w11-ent001,51,12721152,0.91,1.315,0.0,1.1688,0.0,0.0,0.0,0.0,1.0,0.856
w11-ent001-s51,w11-ent001,51,12751872,0.85,1.278,0.0,1.1715,0.0,0.0,0.0,0.0,1.0,0.855
w11-ent001-s51,w11-ent001,51,12782592,0.93,1.351,0.0,1.027,0.0,0.0,0.0,0.0,1.0,0.855
w11-ent001-s51,w11-ent001,51,12813312,0.91,1.312,0.0,0.949,0.0,0.0,0.0,0.0,1.0,0.855
w11-ent001-s51,w11-ent001,51,12844032,0.87,1.314,0.0,1.0687,0.0,0.0,0.0,0.0,1.0,0.855
w11-ent001-s51,w11-ent001,51,12874752,0.84,1.283,0.0,1.1609,0.0,0.0,0.0,0.0,1.0,0.855
w11-ent001-s51,w11-ent001,51,12905472,0.9,1.316,0.0,1.2042,0.0,0.0,0.0,0.0,1.0,0.855
w11-ent001-s51,w11-ent001,51,12936192,0.85,1.269,0.0,0.98,0.0,0.0,0.0,0.0,1.0,0.855
w11-ent001-s51,w11-ent001,51,12966912,0.89,1.296,0.0,1.04,0.0,0.0,0.0,0.0,1.0,0.855
w11-ent001-s51,w11-ent001,51,12997632,0.93,1.328,0.0,1.0759,0.0,0.0,0.0,0.0,1.0,0.855
w11-ent001-s51,w11-ent001,51,13028352,0.92,1.313,0.0,1.0214,0.0,0.0,0.0,0.0,1.0,0.855
w11-ent001-s51,w11-ent001,51,13059072,0.85,1.285,0.0,1.0992,0.0,0.0,0.0,0.0,1.0,0.855
w11-ent001-s51,w11-ent001,51,13089792,0.9,1.324,0.0,1.2035,0.0,0.0,0.0,0.0,1.0,0.855
w11-ent001-s51,w11-ent001,51,13120512,0.85,1.261,0.0,1.0607,0.0,0.0,0.0,0.0,1.0,0.855
w11-ent001-s51,w11-ent001,51,13151232,0.81,1.246,0.0,1.2284,0.0,0.0,0.0,0.0,1.0,0.855
w11-ent001-s51,w11-ent001,51,13181952,0.87,1.272,0.0,1.0258,0.0,0.0,0.0,0.0,1.0,0.854
w11-ent001-s51,w11-ent001,51,13212672,0.9,1.314,0.0,1.1045,0.0,0.0,0.0,0.0,1.0,0.854
w11-ent001-s51,w11-ent001,51,13243392,0.89,1.3,0.0,1.0135,0.0,0.0,0.0,0.0,1.0,0.854
w11-ent001-s51,w11-ent001,51,13274112,0.89,1.333,0.0,1.0531,0.0,0.0,0.0,0.0,1.0,0.854
w11-ent001-s51,w11-ent001,51,13304832,0.87,1.286,0.0,1.1029,0.0,0.0,0.0,0.0,1.0,0.854
w11-ent001-s51,w11-ent001,51,13335552,0.87,1.305,0.0,1.1688,0.0,0.0,0.0,0.0,1.0,0.854
w11-ent001-s51,w11-ent001,51,13366272,0.88,1.306,0.0,1.0901,0.0,0.0,0.0,0.0,1.0,0.854
w11-ent001-s51,w11-ent001,51,13396992,0.87,1.324,0.0,0.957,0.0,0.0,0.0,0.0,1.0,0.854
w11-ent001-s51,w11-ent001,51,13427712,0.87,1.315,0.0,1.2969,0.0,0.0,0.0,0.0,1.0,0.854
w11-ent001-s51,w11-ent001,51,13458432,0.88,1.317,0.0,1.0956,0.0,0.0,0.0,0.0,1.0,0.854
w11-ent001-s51,w11-ent001,51,13489152,0.87,1.261,0.0,1.0312,0.0,0.0,0.0,0.0,1.0,0.854
w11-ent001-s51,w11-ent001,51,13519872,0.89,1.3,0.0,1.2445,0.0,0.0,0.0,0.0,1.0,0.854
w11-ent001-s51,w11-ent001,51,13550592,0.88,1.301,0.0,0.9432,0.0,0.0,0.0,0.0,1.0,0.854
w11-ent001-s51,w11-ent001,51,13581312,0.87,1.285,0.0,1.1528,0.0,0.0,0.0,0.0,1.0,0.854
w11-ent001-s51,w11-ent001,51,13612032,0.9,1.317,0.0,1.1432,0.0,0.0,0.0,0.0,1.0,0.854
w11-ent001-s51,w11-ent001,51,13642752,0.87,1.313,0.0,1.0096,0.0,0.0,0.0,0.0,1.0,0.853
w11-ent001-s51,w11-ent001,51,13673472,0.88,1.287,0.0,1.1896,0.0,0.0,0.0,0.0,1.0,0.853
w11-ent001-s51,w11-ent001,51,13704192,0.92,1.348,0.0,1.0075,0.0,0.0,0.0,0.0,1.0,0.853
w11-ent001-s51,w11-ent001,51,13734912,0.9,1.322,0.0,1.134,0.0,0.0,0.0,0.0,1.0,0.853
w11-ent001-s51,w11-ent001,51,13765632,0.85,1.283,0.0,1.0233,0.0,0.0,0.0,0.0,1.0,0.853
w11-ent001-s51,w11-ent001,51,13796352,0.95,1.341,0.0,1.0681,0.0,0.0,0.0,0.0,1.0,0.853
w11-ent001-s51,w11-ent001,51,13827072,0.92,1.324,0.0,1.071,0.0,0.0,0.0,0.0,1.0,0.853
w11-ent001-s51,w11-ent001,51,13857792,0.9,1.337,0.0,1.154,0.0,0.0,0.0,0.0,1.0,0.853
w11-ent001-s51,w11-ent001,51,13888512,0.84,1.262,0.0,0.9165,0.0,0.0,0.0,0.0,1.0,0.853
w11-ent001-s51,w11-ent001,51,13919232,0.91,1.323,0.0,0.9572,0.0,0.0,0.0,0.0,1.0,0.853
w11-ent001-s51,w11-ent001,51,13949952,0.86,1.284,0.0,1.0558,0.0,0.0,0.0,0.0,1.0,0.853
w11-ent001-s51,w11-ent001,51,13980672,0.91,1.318,0.0,1.173,0.0,0.0,0.0,0.0,1.0,0.853
w11-ent001-s51,w11-ent001,51,14011392,0.9,1.324,0.0,1.1311,0.0,0.0,0.0,0.0,1.0,0.853
w11-ent001-s51,w11-ent001,51,14042112,0.89,1.341,0.0,1.0977,0.0,0.0,0.0,0.0,1.0,0.853
w11-ent001-s51,w11-ent001,51,14072832,0.91,1.341,0.0,1.2246,0.0,0.0,0.0,0.0,1.0,0.853
w11-ent001-s51,w11-ent001,51,14103552,0.91,1.333,0.0,1.0666,0.0,0.0,0.0,0.0,1.0,0.853
w11-ent001-s51,w11-ent001,51,14134272,0.92,1.349,0.0,1.1162,0.0,0.0,0.0,0.0,1.0,0.852
w11-ent001-s51,w11-ent001,51,14164992,0.88,1.31,0.0,1.09,0.0,0.0,0.0,0.0,1.0,0.852
w11-ent001-s51,w11-ent001,51,14195712,0.91,1.354,0.0,1.2513,0.0,0.0,0.0,0.0,1.0,0.852
w11-ent001-s51,w11-ent001,51,14226432,0.87,1.294,0.0,1.0238,0.0,0.0,0.0,0.0,1.0,0.852
w11-ent001-s51,w11-ent001,51,14257152,0.83,1.256,0.0,1.1134,0.0,0.0,0.0,0.0,1.0,0.852
w11-ent001-s51,w11-ent001,51,14287872,0.87,1.326,0.0,1.048,0.0,0.0,0.0,0.0,1.0,0.852
w11-ent001-s51,w11-ent001,51,14318592,0.86,1.276,0.0,1.1506,0.0,0.0,0.0,0.0,1.0,0.852
w11-ent001-s51,w11-ent001,51,14349312,0.88,1.328,0.0,1.0622,0.0,0.0,0.0,0.0,1.0,0.852
w11-ent001-s51,w11-ent001,51,14380032,0.92,1.34,0.0,1.1306,0.0,0.0,0.0,0.0,1.0,0.852
w11-ent001-s51,w11-ent001,51,14410752,0.88,1.271,0.0,1.0227,0.0,0.0,0.0,0.0,1.0,0.852
w11-ent001-s51,w11-ent001,51,14441472,0.89,1.32,0.0,1.2,0.0,0.0,0.0,0.0,1.0,0.852
w11-ent001-s51,w11-ent001,51,14472192,0.84,1.286,0.0,1.2638,0.0,0.0,0.0,0.0,1.0,0.852
w11-ent001-s51,w11-ent001,51,14502912,0.91,1.335,0.0,1.1867,0.0,0.0,0.0,0.0,1.0,0.852
w11-ent001-s51,w11-ent001,51,14533632,0.9,1.332,0.0,1.1717,0.0,0.0,0.0,0.0,1.0,0.852
w11-ent001-s51,w11-ent001,51,14564352,0.94,1.34,0.0,1.1961,0.0,0.0,0.0,0.0,1.0,0.852
w11-ent001-s51,w11-ent001,51,14595072,0.9,1.317,0.0,1.0142,0.0,0.0,0.0,0.0,1.0,0.852
w11-ent001-s51,w11-ent001,51,14625792,0.88,1.342,0.0,1.0819,0.0,0.0,0.0,0.0,1.0,0.852
w11-ent001-s51,w11-ent001,51,14656512,0.88,1.315,0.0,1.1404,0.0,0.0,0.0,0.0,1.0,0.851
w11-ent001-s51,w11-ent001,51,14687232,0.93,1.368,0.0,1.2987,0.0,0.0,0.0,0.0,1.0,0.851
w11-ent001-s51,w11-ent001,51,14717952,0.91,1.349,0.0,1.1674,0.0,0.0,0.0,0.0,1.0,0.851
w11-ent001-s51,w11-ent001,51,14748672,0.84,1.278,0.0,1.0932,0.0,0.0,0.0,0.0,1.0,0.851
w11-ent001-s51,w11-ent001,51,14779392,0.86,1.293,0.0,1.0646,0.0,0.0,0.0,0.0,1.0,0.851
w11-ent001-s51,w11-ent001,51,14810112,0.87,1.278,0.0,1.0706,0.0,0.0,0.0,0.0,1.0,0.851
w11-ent001-s51,w11-ent001,51,14840832,0.93,1.352,0.0,1.0978,0.0,0.0,0.0,0.0,1.0,0.851
w11-ent001-s51,w11-ent001,51,14871552,0.92,1.344,0.0,1.1726,0.0,0.0,0.0,0.0,1.0,0.851
w11-ent001-s51,w11-ent001,51,14902272,0.84,1.269,0.0,1.1396,0.0,0.0,0.0,0.0,1.0,0.851
w11-ent001-s51,w11-ent001,51,14932992,0.85,1.295,0.0,1.2171,0.0,0.0,0.0,0.0,1.0,0.851
w11-ent001-s51,w11-ent001,51,14963712,0.89,1.328,0.0,1.2469,0.0,0.0,0.0,0.0,1.0,0.851
w11-ent001-s51,w11-ent001,51,14994432,0.92,1.333,0.0,1.0642,0.0,0.0,0.0,0.0,1.0,0.851
w11-ent001-s51,w11-ent001,51,14997504,0.87,1.304,0.0,1.1014,0.0,0.0,0.0,0.0,1.0,0.851
w11-ent001-s52,w11-ent001,52,3072,0.01,0.421,-1.0,,,,,,,
w11-ent001-s52,w11-ent001,52,33792,0.01,0.426,-1.0,-0.95,0.0,0.0,0.0,0.0,0.967,0.927
w11-ent001-s52,w11-ent001,52,64512,0.02,0.507,-1.0,-0.9754,0.0,0.0,0.0,0.0,0.994,0.92
w11-ent001-s52,w11-ent001,52,95232,0.02,0.526,-1.0,-0.9752,0.0,0.0,0.0,0.0,0.998,0.916
w11-ent001-s52,w11-ent001,52,125952,0.04,0.582,-1.0,-0.975,0.0,0.0,0.0,0.0,0.999,0.914
w11-ent001-s52,w11-ent001,52,156672,0.01,0.515,-1.0,-0.9529,0.0,0.0,0.0,0.0,1.0,0.913
w11-ent001-s52,w11-ent001,52,187392,0.02,0.583,-1.0,-0.9297,0.0,0.0,0.0,0.0,1.0,0.912
w11-ent001-s52,w11-ent001,52,218112,0.03,0.602,-1.0,-0.8558,0.0,0.0,0.0,0.0,1.0,0.91
w11-ent001-s52,w11-ent001,52,248832,0.03,0.597,-1.0,-0.9521,0.0,0.0,0.0,0.0,1.0,0.907
w11-ent001-s52,w11-ent001,52,279552,0.08,0.675,-1.0,-0.8843,0.0,0.0,0.0,0.0,1.0,0.905
w11-ent001-s52,w11-ent001,52,310272,0.04,0.638,-1.0,-0.9254,0.0,0.0,0.0,0.0,1.0,0.904
w11-ent001-s52,w11-ent001,52,340992,0.03,0.655,-1.0,-0.8351,0.0,0.0,0.0,0.0,1.0,0.903
w11-ent001-s52,w11-ent001,52,371712,0.03,0.625,-1.0,-0.9104,0.0,0.0,0.0,0.0,1.0,0.902
w11-ent001-s52,w11-ent001,52,402432,0.04,0.649,-1.0,-0.8513,0.0,0.0,0.0,0.0,1.0,0.902
w11-ent001-s52,w11-ent001,52,433152,0.05,0.657,-1.0,-0.8355,0.0,0.0,0.0,0.0,1.0,0.902
w11-ent001-s52,w11-ent001,52,463872,0.06,0.644,-1.0,-0.9077,0.0,0.0,0.0,0.0,1.0,0.902
w11-ent001-s52,w11-ent001,52,494592,0.09,0.704,-1.0,-0.9,0.0,0.0,0.0,0.0,1.0,0.902
w11-ent001-s52,w11-ent001,52,525312,0.08,0.703,-1.0,-0.7829,0.0,0.0,0.0,0.0,1.0,0.902
w11-ent001-s52,w11-ent001,52,556032,0.08,0.742,-1.0,-0.8584,0.0,0.0,0.0,0.0,1.0,0.901
w11-ent001-s52,w11-ent001,52,586752,0.11,0.721,-1.0,-0.9049,0.0,0.0,0.0,0.0,1.0,0.901
w11-ent001-s52,w11-ent001,52,617472,0.07,0.692,-1.0,-0.8556,0.0,0.0,0.0,0.0,1.0,0.902
w11-ent001-s52,w11-ent001,52,648192,0.09,0.701,-1.0,-0.7299,0.0,0.0,0.0,0.0,1.0,0.902
w11-ent001-s52,w11-ent001,52,678912,0.08,0.73,-1.0,-0.755,0.0,0.0,0.0,0.0,1.0,0.902
w11-ent001-s52,w11-ent001,52,709632,0.1,0.71,-1.0,-0.7329,0.0,0.0,0.0,0.0,1.0,0.902
w11-ent001-s52,w11-ent001,52,740352,0.11,0.742,-1.0,-0.7144,0.0,0.0,0.0,0.0,1.0,0.902
w11-ent001-s52,w11-ent001,52,771072,0.13,0.76,-1.0,-0.7776,0.0,0.0,0.0,0.0,1.0,0.902
w11-ent001-s52,w11-ent001,52,801792,0.11,0.707,-1.0,-0.7127,0.0,0.0,0.0,0.0,1.0,0.901
w11-ent001-s52,w11-ent001,52,832512,0.14,0.734,-1.0,-0.8041,0.0,0.0,0.0,0.0,1.0,0.901
w11-ent001-s52,w11-ent001,52,863232,0.16,0.811,-1.0,-0.6881,0.0,0.0,0.0,0.0,1.0,0.9
w11-ent001-s52,w11-ent001,52,893952,0.07,0.708,-1.0,-0.6344,0.0,0.0,0.0,0.0,1.0,0.9
w11-ent001-s52,w11-ent001,52,924672,0.09,0.662,-1.0,-0.7355,0.0,0.0,0.0,0.0,1.0,0.9
w11-ent001-s52,w11-ent001,52,955392,0.1,0.712,-1.0,-0.6704,0.0,0.0,0.0,0.0,1.0,0.9
w11-ent001-s52,w11-ent001,52,986112,0.07,0.713,-1.0,-0.7382,0.0,0.0,0.0,0.0,1.0,0.9
w11-ent001-s52,w11-ent001,52,1016832,0.15,0.741,-1.0,-0.6739,0.0,0.0,0.0,0.0,1.0,0.901
w11-ent001-s52,w11-ent001,52,1047552,0.15,0.772,-1.0,-0.6378,0.0,0.0,0.0,0.0,1.0,0.901
w11-ent001-s52,w11-ent001,52,1078272,0.15,0.748,-1.0,-0.575,0.0,0.0,0.0,0.0,1.0,0.901
w11-ent001-s52,w11-ent001,52,1108992,0.16,0.743,-1.0,-0.6179,0.0,0.0,0.0,0.0,1.0,0.901
w11-ent001-s52,w11-ent001,52,1139712,0.13,0.754,-1.0,-0.569,0.0,0.0,0.0,0.0,1.0,0.901
w11-ent001-s52,w11-ent001,52,1170432,0.08,0.737,-1.0,-0.5538,0.0,0.0,0.0,0.0,1.0,0.902
w11-ent001-s52,w11-ent001,52,1201152,0.13,0.699,-1.0,-0.7337,0.0,0.0,0.0,0.0,1.0,0.902
w11-ent001-s52,w11-ent001,52,1231872,0.22,0.826,-1.0,-0.6203,0.0,0.0,0.0,0.0,1.0,0.902
w11-ent001-s52,w11-ent001,52,1262592,0.16,0.787,-1.0,-0.6384,0.0,0.0,0.0,0.0,1.0,0.902
w11-ent001-s52,w11-ent001,52,1293312,0.13,0.79,-1.0,-0.7402,0.0,0.0,0.0,0.0,1.0,0.902
w11-ent001-s52,w11-ent001,52,1324032,0.15,0.79,-1.0,-0.6917,0.0,0.0,0.0,0.0,1.0,0.902
w11-ent001-s52,w11-ent001,52,1354752,0.17,0.783,-1.0,-0.6166,0.0,0.0,0.0,0.0,1.0,0.901
w11-ent001-s52,w11-ent001,52,1385472,0.21,0.825,-1.0,-0.7575,0.0,0.0,0.0,0.0,1.0,0.902
w11-ent001-s52,w11-ent001,52,1416192,0.14,0.774,-1.0,-0.7464,0.0,0.0,0.0,0.0,1.0,0.901
w11-ent001-s52,w11-ent001,52,1446912,0.19,0.806,-1.0,-0.6775,0.0,0.0,0.0,0.0,1.0,0.901
w11-ent001-s52,w11-ent001,52,1477632,0.11,0.715,-1.0,-0.5717,0.0,0.0,0.0,0.0,1.0,0.901
w11-ent001-s52,w11-ent001,52,1508352,0.08,0.684,-1.0,-0.6156,0.0,0.0,0.0,0.0,1.0,0.901
w11-ent001-s52,w11-ent001,52,1539072,0.19,0.806,-1.0,-0.6122,0.0,0.0,0.0,0.0,1.0,0.901
w11-ent001-s52,w11-ent001,52,1569792,0.15,0.733,-1.0,-0.6067,0.0,0.0,0.0,0.0,1.0,0.901
w11-ent001-s52,w11-ent001,52,1600512,0.13,0.778,-1.0,-0.7094,0.0,0.0,0.0,0.0,1.0,0.902
w11-ent001-s52,w11-ent001,52,1631232,0.18,0.769,-1.0,-0.5029,0.0,0.0,0.0,0.0,1.0,0.902
w11-ent001-s52,w11-ent001,52,1661952,0.14,0.725,-1.0,-0.5505,0.0,0.0,0.0,0.0,1.0,0.902
w11-ent001-s52,w11-ent001,52,1692672,0.17,0.812,-1.0,-0.3916,0.0,0.0,0.0,0.0,1.0,0.902
w11-ent001-s52,w11-ent001,52,1723392,0.26,0.855,-1.0,-0.5685,0.0,0.0,0.0,0.0,1.0,0.903
w11-ent001-s52,w11-ent001,52,1754112,0.22,0.803,-1.0,-0.5402,0.0,0.0,0.0,0.0,1.0,0.903
w11-ent001-s52,w11-ent001,52,1784832,0.2,0.808,-1.0,-0.5018,0.0,0.0,0.0,0.0,1.0,0.903
w11-ent001-s52,w11-ent001,52,1815552,0.24,0.8,-1.0,-0.6705,0.0,0.0,0.0,0.0,1.0,0.904
w11-ent001-s52,w11-ent001,52,1846272,0.25,0.853,-1.0,-0.598,0.0,0.0,0.0,0.0,1.0,0.904
w11-ent001-s52,w11-ent001,52,1876992,0.23,0.811,-1.0,-0.4499,0.0,0.0,0.0,0.0,1.0,0.904
w11-ent001-s52,w11-ent001,52,1907712,0.17,0.796,-1.0,-0.4638,0.0,0.0,0.0,0.0,1.0,0.905
w11-ent001-s52,w11-ent001,52,1938432,0.16,0.762,-1.0,-0.5435,0.0,0.0,0.0,0.0,1.0,0.905
w11-ent001-s52,w11-ent001,52,1969152,0.19,0.799,-1.0,-0.5244,0.0,0.0,0.0,0.0,1.0,0.905
w11-ent001-s52,w11-ent001,52,1999872,0.23,0.858,-1.0,-0.5357,0.0,0.0,0.0,0.0,1.0,0.905
w11-ent001-s52,w11-ent001,52,2030592,0.26,0.845,-1.0,-0.5942,0.0,0.0,0.0,0.0,1.0,0.905
w11-ent001-s52,w11-ent001,52,2061312,0.15,0.765,-1.0,-0.6125,0.0,0.0,0.0,0.0,1.0,0.905
w11-ent001-s52,w11-ent001,52,2092032,0.3,0.873,-1.0,-0.5942,0.0,0.0,0.0,0.0,1.0,0.905
w11-ent001-s52,w11-ent001,52,2122752,0.22,0.808,-1.0,-0.2336,0.0,0.0,0.0,0.0,1.0,0.905
w11-ent001-s52,w11-ent001,52,2153472,0.23,0.833,-1.0,-0.3947,0.0,0.0,0.0,0.0,1.0,0.905
w11-ent001-s52,w11-ent001,52,2184192,0.32,0.907,-1.0,-0.2707,0.0,0.0,0.0,0.0,1.0,0.905
w11-ent001-s52,w11-ent001,52,2214912,0.28,0.883,-1.0,-0.3013,0.0,0.0,0.0,0.0,1.0,0.905
w11-ent001-s52,w11-ent001,52,2245632,0.27,0.845,-1.0,-0.4447,0.0,0.0,0.0,0.0,1.0,0.905
w11-ent001-s52,w11-ent001,52,2276352,0.32,0.925,-1.0,-0.2468,0.0,0.0,0.0,0.0,1.0,0.905
w11-ent001-s52,w11-ent001,52,2307072,0.3,0.856,-1.0,-0.2903,0.0,0.0,0.0,0.0,1.0,0.905
w11-ent001-s52,w11-ent001,52,2337792,0.28,0.851,-1.0,-0.4531,0.0,0.0,0.0,0.0,1.0,0.905
w11-ent001-s52,w11-ent001,52,2368512,0.4,0.939,-1.0,-0.3084,0.0,0.0,0.0,0.0,1.0,0.905
w11-ent001-s52,w11-ent001,52,2399232,0.29,0.915,-1.0,-0.2234,0.0,0.0,0.0,0.0,1.0,0.905
w11-ent001-s52,w11-ent001,52,2429952,0.35,0.903,-1.0,-0.2223,0.0,0.0,0.0,0.0,1.0,0.905
w11-ent001-s52,w11-ent001,52,2460672,0.36,0.901,-1.0,-0.359,0.0,0.0,0.0,0.0,1.0,0.905
w11-ent001-s52,w11-ent001,52,2491392,0.31,0.856,-1.0,-0.386,0.0,0.0,0.0,0.0,1.0,0.905
w11-ent001-s52,w11-ent001,52,2522112,0.35,0.904,-1.0,-0.178,0.0,0.0,0.0,0.0,1.0,0.904
w11-ent001-s52,w11-ent001,52,2552832,0.32,0.899,-1.0,-0.3272,0.0,0.0,0.0,0.0,1.0,0.904
w11-ent001-s52,w11-ent001,52,2583552,0.36,0.897,-1.0,-0.0139,0.0,0.0,0.0,0.0,1.0,0.904
w11-ent001-s52,w11-ent001,52,2614272,0.28,0.866,-1.0,-0.2598,0.0,0.0,0.0,0.0,1.0,0.904
w11-ent001-s52,w11-ent001,52,2644992,0.32,0.899,-1.0,-0.2264,0.0,0.0,0.0,0.0,1.0,0.904
w11-ent001-s52,w11-ent001,52,2675712,0.42,0.986,-1.0,0.285,0.0,0.0,0.0,0.0,1.0,0.904
w11-ent001-s52,w11-ent001,52,2706432,0.38,0.964,-1.0,-0.2807,0.0,0.0,0.0,0.0,1.0,0.904
w11-ent001-s52,w11-ent001,52,2737152,0.43,0.947,-1.0,-0.0933,0.0,0.0,0.0,0.0,1.0,0.904
w11-ent001-s52,w11-ent001,52,2767872,0.36,0.94,-1.0,-0.2407,0.0,0.0,0.0,0.0,1.0,0.905
w11-ent001-s52,w11-ent001,52,2798592,0.45,0.994,-1.0,-0.2099,0.0,0.0,0.0,0.0,1.0,0.905
w11-ent001-s52,w11-ent001,52,2829312,0.37,0.936,-1.0,-0.2772,0.0,0.0,0.0,0.0,1.0,0.905
w11-ent001-s52,w11-ent001,52,2860032,0.43,0.952,-1.0,0.012,0.0,0.0,0.0,0.0,1.0,0.904
w11-ent001-s52,w11-ent001,52,2890752,0.3,0.895,-1.0,-0.3617,0.0,0.0,0.0,0.0,1.0,0.904
w11-ent001-s52,w11-ent001,52,2921472,0.34,0.903,-1.0,-0.2938,0.0,0.0,0.0,0.0,1.0,0.904
w11-ent001-s52,w11-ent001,52,2952192,0.37,0.925,-1.0,-0.3124,0.0,0.0,0.0,0.0,1.0,0.904
w11-ent001-s52,w11-ent001,52,2982912,0.48,1.003,-1.0,-0.06,0.0,0.0,0.0,0.0,1.0,0.904
w11-ent001-s52,w11-ent001,52,3013632,0.36,0.936,-1.0,-0.0975,0.0,0.0,0.0,0.0,1.0,0.904
w11-ent001-s52,w11-ent001,52,3044352,0.39,0.972,-1.0,-0.1364,0.0,0.0,0.0,0.0,1.0,0.904
w11-ent001-s52,w11-ent001,52,3075072,0.48,1.051,-1.0,-0.1446,0.0,0.0,0.0,0.0,1.0,0.904
w11-ent001-s52,w11-ent001,52,3105792,0.41,0.964,-1.0,0.1745,0.0,0.0,0.0,0.0,1.0,0.903
w11-ent001-s52,w11-ent001,52,3136512,0.44,0.998,-1.0,-0.098,0.0,0.0,0.0,0.0,1.0,0.903
w11-ent001-s52,w11-ent001,52,3167232,0.38,0.914,-1.0,0.2081,0.0,0.0,0.0,0.0,1.0,0.903
w11-ent001-s52,w11-ent001,52,3197952,0.46,0.971,-1.0,-0.1417,0.0,0.0,0.0,0.0,1.0,0.903
w11-ent001-s52,w11-ent001,52,3228672,0.42,1.007,-1.0,-0.0959,0.0,0.0,0.0,0.0,1.0,0.903
w11-ent001-s52,w11-ent001,52,3259392,0.43,0.947,-1.0,0.176,0.0,0.0,0.0,0.0,1.0,0.903
w11-ent001-s52,w11-ent001,52,3290112,0.43,0.982,-1.0,0.0352,0.0,0.0,0.0,0.0,1.0,0.903
w11-ent001-s52,w11-ent001,52,3320832,0.48,1.034,-1.0,-0.0289,0.0,0.0,0.0,0.0,1.0,0.903
w11-ent001-s52,w11-ent001,52,3351552,0.47,1.02,-1.0,0.0127,0.0,0.0,0.0,0.0,1.0,0.903
w11-ent001-s52,w11-ent001,52,3382272,0.44,1.015,-1.0,0.2765,0.0,0.0,0.0,0.0,1.0,0.903
w11-ent001-s52,w11-ent001,52,3412992,0.46,1.016,-1.0,0.2492,0.0,0.0,0.0,0.0,1.0,0.903
w11-ent001-s52,w11-ent001,52,3443712,0.41,0.943,-0.989,0.4184,0.0,0.0,0.0,0.0,1.0,0.903
w11-ent001-s52,w11-ent001,52,3474432,0.43,0.99,-0.989,0.2019,0.0,0.0,0.0,0.0,1.0,0.903
w11-ent001-s52,w11-ent001,52,3505152,0.49,1.024,-0.989,-0.0232,0.0,0.0,0.0,0.0,1.0,0.903
w11-ent001-s52,w11-ent001,52,3535872,0.46,1.028,-0.989,0.2618,0.0,0.0,0.0,0.0,1.0,0.903
w11-ent001-s52,w11-ent001,52,3566592,0.57,1.109,-0.989,0.2355,0.0,0.0,0.0,0.0,1.0,0.903
w11-ent001-s52,w11-ent001,52,3597312,0.48,1.03,-0.977,0.142,0.0,0.0,0.0,0.0,1.0,0.902
w11-ent001-s52,w11-ent001,52,3628032,0.51,1.063,-0.965,0.1186,0.0,0.0,0.0,0.0,1.0,0.902
w11-ent001-s52,w11-ent001,52,3658752,0.51,1.076,-0.947,0.6228,0.0,0.0,0.0,0.0,1.0,0.902
w11-ent001-s52,w11-ent001,52,3689472,0.49,1.054,-0.947,0.3003,0.0,0.0,0.0,0.0,1.0,0.902
w11-ent001-s52,w11-ent001,52,3720192,0.5,1.011,-0.936,0.2075,0.0,0.0,0.0,0.0,1.0,0.902
w11-ent001-s52,w11-ent001,52,3750912,0.41,0.957,-0.936,0.3485,0.0,0.0,0.0,0.0,1.0,0.901
w11-ent001-s52,w11-ent001,52,3781632,0.56,1.092,-0.936,0.4497,0.0,0.0,0.0,0.0,1.0,0.901
w11-ent001-s52,w11-ent001,52,3812352,0.61,1.118,-0.891,0.4933,0.0,0.0,0.0,0.0,1.0,0.901
w11-ent001-s52,w11-ent001,52,3843072,0.57,1.09,-0.856,0.4697,0.0,0.0,0.0,0.0,1.0,0.901
w11-ent001-s52,w11-ent001,52,3873792,0.5,1.033,-0.856,0.3259,0.0,0.0,0.0,0.0,1.0,0.901
w11-ent001-s52,w11-ent001,52,3904512,0.58,1.115,-0.843,0.1773,0.0,0.0,0.0,0.0,1.0,0.9
w11-ent001-s52,w11-ent001,52,3935232,0.53,1.052,-0.813,0.3132,0.0,0.0,0.0,0.0,1.0,0.9
w11-ent001-s52,w11-ent001,52,3965952,0.55,1.062,-0.813,0.2473,0.0,0.0,0.0,0.0,1.0,0.9
w11-ent001-s52,w11-ent001,52,3996672,0.63,1.101,-0.787,0.1822,0.0,0.0,0.0,0.0,1.0,0.9
w11-ent001-s52,w11-ent001,52,4027392,0.61,1.111,-0.762,0.1673,0.0,0.0,0.0,0.0,1.0,0.899
w11-ent001-s52,w11-ent001,52,4058112,0.5,1.042,-0.751,0.311,0.0,0.0,0.0,0.0,1.0,0.899
w11-ent001-s52,w11-ent001,52,4088832,0.57,1.085,-0.751,0.3222,0.0,0.0,0.0,0.0,1.0,0.899
w11-ent001-s52,w11-ent001,52,4119552,0.42,0.951,-0.695,0.1461,0.0,0.0,0.0,0.0,1.0,0.899
w11-ent001-s52,w11-ent001,52,4150272,0.59,1.089,-0.684,0.3066,0.0,0.0,0.0,0.0,1.0,0.898
w11-ent001-s52,w11-ent001,52,4180992,0.55,1.079,-0.668,0.187,0.0,0.0,0.0,0.0,1.0,0.898
w11-ent001-s52,w11-ent001,52,4211712,0.54,1.081,-0.657,0.2143,0.0,0.0,0.0,0.0,1.0,0.898
w11-ent001-s52,w11-ent001,52,4242432,0.59,1.097,-0.657,0.432,0.0,0.0,0.0,0.0,1.0,0.898
w11-ent001-s52,w11-ent001,52,4273152,0.49,1.048,-0.657,0.1845,0.0,0.0,0.0,0.0,1.0,0.898
w11-ent001-s52,w11-ent001,52,4303872,0.5,1.04,-0.631,0.3321,0.0,0.0,0.0,0.0,1.0,0.897
w11-ent001-s52,w11-ent001,52,4334592,0.63,1.131,-0.604,0.2144,0.0,0.0,0.0,0.0,1.0,0.897
w11-ent001-s52,w11-ent001,52,4365312,0.6,1.091,-0.577,0.3294,0.0,0.0,0.0,0.0,1.0,0.897
w11-ent001-s52,w11-ent001,52,4396032,0.53,1.062,-0.528,0.4746,0.0,0.0,0.0,0.0,1.0,0.897
w11-ent001-s52,w11-ent001,52,4426752,0.53,1.068,-0.528,0.124,0.0,0.0,0.0,0.0,1.0,0.896
w11-ent001-s52,w11-ent001,52,4457472,0.58,1.083,-0.498,0.1723,0.0,0.0,0.0,0.0,1.0,0.896
w11-ent001-s52,w11-ent001,52,4488192,0.51,1.023,-0.487,0.0698,0.0,0.0,0.0,0.0,1.0,0.896
w11-ent001-s52,w11-ent001,52,4518912,0.55,1.045,-0.458,0.6173,0.0,0.0,0.0,0.0,1.0,0.896
w11-ent001-s52,w11-ent001,52,4549632,0.53,1.032,-0.44,0.0647,0.0,0.0,0.0,0.0,1.0,0.896
w11-ent001-s52,w11-ent001,52,4580352,0.6,1.108,-0.426,0.5342,0.0,0.0,0.0,0.0,1.0,0.896
w11-ent001-s52,w11-ent001,52,4611072,0.56,1.064,-0.415,0.3551,0.0,0.0,0.0,0.0,1.0,0.896
w11-ent001-s52,w11-ent001,52,4641792,0.63,1.108,-0.404,0.1673,0.0,0.0,0.0,0.0,1.0,0.895
w11-ent001-s52,w11-ent001,52,4672512,0.53,1.027,-0.379,0.2094,0.0,0.0,0.0,0.0,1.0,0.895
w11-ent001-s52,w11-ent001,52,4703232,0.57,1.076,-0.355,0.4736,0.0,0.0,0.0,0.0,1.0,0.895
w11-ent001-s52,w11-ent001,52,4733952,0.65,1.115,-0.355,0.2216,0.0,0.0,0.0,0.0,1.0,0.895
w11-ent001-s52,w11-ent001,52,4764672,0.63,1.085,-0.326,0.274,0.0,0.0,0.0,0.0,1.0,0.894
w11-ent001-s52,w11-ent001,52,4795392,0.57,1.06,-0.288,0.3523,0.0,0.0,0.0,0.0,1.0,0.894
w11-ent001-s52,w11-ent001,52,4826112,0.54,1.026,-0.244,0.0746,0.0,0.0,0.0,0.0,1.0,0.894
w11-ent001-s52,w11-ent001,52,4856832,0.64,1.087,-0.233,0.4064,0.0,0.0,0.0,0.0,1.0,0.894
w11-ent001-s52,w11-ent001,52,4887552,0.52,1.064,-0.219,0.2798,0.0,0.0,0.0,0.0,1.0,0.894
w11-ent001-s52,w11-ent001,52,4918272,0.51,1.025,-0.219,0.2413,0.0,0.0,0.0,0.0,1.0,0.894
w11-ent001-s52,w11-ent001,52,4948992,0.54,1.028,-0.202,0.2044,0.0,0.0,0.0,0.0,1.0,0.893
w11-ent001-s52,w11-ent001,52,4979712,0.6,1.075,-0.202,0.1905,0.0,0.0,0.0,0.0,1.0,0.893
w11-ent001-s52,w11-ent001,52,5010432,0.58,1.09,-0.202,0.3635,0.0,0.0,0.0,0.0,1.0,0.893
w11-ent001-s52,w11-ent001,52,5041152,0.64,1.098,-0.173,0.2063,0.0,0.0,0.0,0.0,1.0,0.893
w11-ent001-s52,w11-ent001,52,5071872,0.56,1.067,-0.159,0.3619,0.0,0.0,0.0,0.0,1.0,0.892
w11-ent001-s52,w11-ent001,52,5102592,0.57,1.055,-0.132,0.5515,0.0,0.0,0.0,0.0,1.0,0.892
w11-ent001-s52,w11-ent001,52,5133312,0.65,1.105,-0.075,0.2867,0.0,0.0,0.0,0.0,1.0,0.892
w11-ent001-s52,w11-ent001,52,5164032,0.63,1.068,0.0,0.2198,0.0,0.0,0.0,0.0,1.0,0.892
w11-ent001-s52,w11-ent001,52,5194752,0.55,1.051,0.0,0.3908,0.0,0.0,0.0,0.0,1.0,0.892
w11-ent001-s52,w11-ent001,52,5225472,0.62,1.089,0.0,0.3501,0.0,0.0,0.0,0.0,1.0,0.892
w11-ent001-s52,w11-ent001,52,5256192,0.59,1.036,0.0,0.2851,0.0,0.0,0.0,0.0,1.0,0.892
w11-ent001-s52,w11-ent001,52,5286912,0.62,1.079,0.0,0.4522,0.0,0.0,0.0,0.0,1.0,0.891
w11-ent001-s52,w11-ent001,52,5317632,0.61,1.071,0.0,0.5795,0.0,0.0,0.0,0.0,1.0,0.891
w11-ent001-s52,w11-ent001,52,5348352,0.53,1.013,0.0,0.2678,0.0,0.0,0.0,0.0,1.0,0.891
w11-ent001-s52,w11-ent001,52,5379072,0.65,1.085,0.0,0.3586,0.0,0.0,0.0,0.0,1.0,0.891
w11-ent001-s52,w11-ent001,52,5409792,0.6,1.066,0.0,0.5151,0.0,0.0,0.0,0.0,1.0,0.891
w11-ent001-s52,w11-ent001,52,5440512,0.58,1.071,0.0,0.4778,0.0,0.0,0.0,0.0,1.0,0.891
w11-ent001-s52,w11-ent001,52,5471232,0.6,1.052,0.0,0.2268,0.0,0.0,0.0,0.0,1.0,0.891
w11-ent001-s52,w11-ent001,52,5501952,0.51,0.992,0.0,0.5672,0.0,0.0,0.0,0.0,1.0,0.891
w11-ent001-s52,w11-ent001,52,5532672,0.68,1.126,0.0,0.3521,0.0,0.0,0.0,0.0,1.0,0.89
w11-ent001-s52,w11-ent001,52,5563392,0.62,1.06,0.0,0.6065,0.0,0.0,0.0,0.0,1.0,0.89
w11-ent001-s52,w11-ent001,52,5594112,0.66,1.083,0.0,0.3629,0.0,0.0,0.0,0.0,1.0,0.89
w11-ent001-s52,w11-ent001,52,5624832,0.58,1.027,0.0,0.4032,0.0,0.0,0.0,0.0,1.0,0.89
w11-ent001-s52,w11-ent001,52,5655552,0.59,1.072,0.0,0.4442,0.0,0.0,0.0,0.0,1.0,0.89
w11-ent001-s52,w11-ent001,52,5686272,0.52,0.984,0.0,0.2848,0.0,0.0,0.0,0.0,1.0,0.89
w11-ent001-s52,w11-ent001,52,5716992,0.6,1.083,0.0,0.7662,0.0,0.0,0.0,0.0,1.0,0.89
w11-ent001-s52,w11-ent001,52,5747712,0.65,1.071,0.0,0.2686,0.0,0.0,0.0,0.0,1.0,0.89
w11-ent001-s52,w11-ent001,52,5778432,0.66,1.126,0.0,0.4777,0.0,0.0,0.0,0.0,1.0,0.889
w11-ent001-s52,w11-ent001,52,5809152,0.63,1.094,0.0,0.4796,0.0,0.0,0.0,0.0,1.0,0.889
w11-ent001-s52,w11-ent001,52,5839872,0.63,1.088,0.0,0.3923,0.0,0.0,0.0,0.0,1.0,0.889
w11-ent001-s52,w11-ent001,52,5870592,0.7,1.158,0.0,0.531,0.0,0.0,0.0,0.0,1.0,0.889
w11-ent001-s52,w11-ent001,52,5901312,0.64,1.092,0.0,0.5098,0.0,0.0,0.0,0.0,1.0,0.889
w11-ent001-s52,w11-ent001,52,5932032,0.66,1.14,0.0,0.5338,0.0,0.0,0.0,0.0,1.0,0.889
w11-ent001-s52,w11-ent001,52,5962752,0.56,1.005,0.0,0.3236,0.0,0.0,0.0,0.0,1.0,0.889
w11-ent001-s52,w11-ent001,52,5993472,0.67,1.1,0.0,0.4502,0.0,0.0,0.0,0.0,1.0,0.888
w11-ent001-s52,w11-ent001,52,6024192,0.64,1.099,0.0,0.3613,0.0,0.0,0.0,0.0,1.0,0.888
w11-ent001-s52,w11-ent001,52,6054912,0.61,1.068,0.0,0.6048,0.0,0.0,0.0,0.0,1.0,0.888
w11-ent001-s52,w11-ent001,52,6085632,0.67,1.108,0.0,0.5536,0.0,0.0,0.0,0.0,1.0,0.888
w11-ent001-s52,w11-ent001,52,6116352,0.71,1.145,0.0,0.3479,0.0,0.0,0.0,0.0,1.0,0.888
w11-ent001-s52,w11-ent001,52,6147072,0.66,1.113,0.0,0.6508,0.0,0.0,0.0,0.0,1.0,0.888
w11-ent001-s52,w11-ent001,52,6177792,0.75,1.162,0.0,0.6784,0.0,0.0,0.0,0.0,1.0,0.888
w11-ent001-s52,w11-ent001,52,6208512,0.68,1.127,0.0,0.5055,0.0,0.0,0.0,0.0,1.0,0.888
w11-ent001-s52,w11-ent001,52,6239232,0.6,1.051,0.0,0.4676,0.0,0.0,0.0,0.0,1.0,0.887
w11-ent001-s52,w11-ent001,52,6269952,0.67,1.131,0.0,0.6704,0.0,0.0,0.0,0.0,1.0,0.887
w11-ent001-s52,w11-ent001,52,6300672,0.63,1.077,0.0,0.6069,0.0,0.0,0.0,0.0,1.0,0.887
w11-ent001-s52,w11-ent001,52,6331392,0.66,1.127,0.0,0.4805,0.0,0.0,0.0,0.0,1.0,0.887
w11-ent001-s52,w11-ent001,52,6362112,0.61,1.101,0.0,0.666,0.0,0.0,0.0,0.0,1.0,0.887
w11-ent001-s52,w11-ent001,52,6392832,0.67,1.122,0.0,0.5352,0.0,0.0,0.0,0.0,1.0,0.887
w11-ent001-s52,w11-ent001,52,6423552,0.74,1.196,0.0,0.4696,0.0,0.0,0.0,0.0,1.0,0.887
w11-ent001-s52,w11-ent001,52,6454272,0.74,1.14,0.0,0.4113,0.0,0.0,0.0,0.0,1.0,0.887
w11-ent001-s52,w11-ent001,52,6484992,0.66,1.123,0.0,0.6622,0.0,0.0,0.0,0.0,1.0,0.886
w11-ent001-s52,w11-ent001,52,6515712,0.73,1.167,0.0,0.7627,0.0,0.0,0.0,0.0,1.0,0.886
w11-ent001-s52,w11-ent001,52,6546432,0.62,1.088,0.0,0.4754,0.0,0.0,0.0,0.0,1.0,0.886
w11-ent001-s52,w11-ent001,52,6577152,0.7,1.12,0.0,0.6108,0.0,0.0,0.0,0.0,1.0,0.886
w11-ent001-s52,w11-ent001,52,6607872,0.69,1.139,0.0,0.7548,0.0,0.0,0.0,0.0,1.0,0.886
w11-ent001-s52,w11-ent001,52,6638592,0.74,1.196,0.0,0.7228,0.0,0.0,0.0,0.0,1.0,0.886
w11-ent001-s52,w11-ent001,52,6669312,0.77,1.185,0.0,0.6363,0.0,0.0,0.0,0.0,1.0,0.885
w11-ent001-s52,w11-ent001,52,6700032,0.69,1.172,0.0,0.6381,0.0,0.0,0.0,0.0,1.0,0.885
w11-ent001-s52,w11-ent001,52,6730752,0.71,1.142,0.0,0.6693,0.0,0.0,0.0,0.0,1.0,0.885
w11-ent001-s52,w11-ent001,52,6761472,0.74,1.166,0.0,0.6862,0.0,0.0,0.0,0.0,1.0,0.885
w11-ent001-s52,w11-ent001,52,6792192,0.74,1.156,0.0,0.6895,0.0,0.0,0.0,0.0,1.0,0.885
w11-ent001-s52,w11-ent001,52,6822912,0.74,1.147,0.0,0.7763,0.0,0.0,0.0,0.0,1.0,0.885
w11-ent001-s52,w11-ent001,52,6853632,0.6,1.059,0.0,0.8316,0.0,0.0,0.0,0.0,1.0,0.885
w11-ent001-s52,w11-ent001,52,6884352,0.72,1.162,0.0,0.6399,0.0,0.0,0.0,0.0,1.0,0.884
w11-ent001-s52,w11-ent001,52,6915072,0.64,1.071,0.0,0.5097,0.0,0.0,0.0,0.0,1.0,0.884
w11-ent001-s52,w11-ent001,52,6945792,0.69,1.157,0.0,0.5497,0.0,0.0,0.0,0.0,1.0,0.884
w11-ent001-s52,w11-ent001,52,6976512,0.72,1.134,0.0,0.6448,0.0,0.0,0.0,0.0,1.0,0.884
w11-ent001-s52,w11-ent001,52,7007232,0.69,1.153,0.0,0.6751,0.0,0.0,0.0,0.0,1.0,0.884
w11-ent001-s52,w11-ent001,52,7037952,0.67,1.125,0.0,0.6216,0.0,0.0,0.0,0.0,1.0,0.884
w11-ent001-s52,w11-ent001,52,7068672,0.71,1.133,0.0,0.643,0.0,0.0,0.0,0.0,1.0,0.884
w11-ent001-s52,w11-ent001,52,7099392,0.76,1.204,0.0,0.7731,0.0,0.0,0.0,0.0,1.0,0.884
w11-ent001-s52,w11-ent001,52,7130112,0.77,1.225,0.0,0.8606,0.0,0.0,0.0,0.0,1.0,0.884
w11-ent001-s52,w11-ent001,52,7160832,0.7,1.153,0.0,0.6431,0.0,0.0,0.0,0.0,1.0,0.883
w11-ent001-s52,w11-ent001,52,7191552,0.65,1.106,0.0,0.6476,0.0,0.0,0.0,0.0,1.0,0.883
w11-ent001-s52,w11-ent001,52,7222272,0.72,1.165,0.0,0.6423,0.0,0.0,0.0,0.0,1.0,0.883
w11-ent001-s52,w11-ent001,52,7252992,0.67,1.136,0.0,0.6911,0.0,0.0,0.0,0.0,1.0,0.883
w11-ent001-s52,w11-ent001,52,7283712,0.71,1.129,0.0,0.6208,0.0,0.0,0.0,0.0,1.0,0.883
w11-ent001-s52,w11-ent001,52,7314432,0.73,1.173,0.0,0.5147,0.0,0.0,0.0,0.0,1.0,0.883
w11-ent001-s52,w11-ent001,52,7345152,0.76,1.18,0.0,0.5872,0.0,0.0,0.0,0.0,1.0,0.883
w11-ent001-s52,w11-ent001,52,7375872,0.79,1.209,0.0,0.7787,0.0,0.0,0.0,0.0,1.0,0.883
w11-ent001-s52,w11-ent001,52,7406592,0.71,1.135,0.0,0.6509,0.0,0.0,0.0,0.0,1.0,0.883
w11-ent001-s52,w11-ent001,52,7437312,0.72,1.17,0.0,0.7333,0.0,0.0,0.0,0.0,1.0,0.883
w11-ent001-s52,w11-ent001,52,7468032,0.75,1.218,0.0,0.7323,0.0,0.0,0.0,0.0,1.0,0.883
w11-ent001-s52,w11-ent001,52,7498752,0.71,1.161,0.0,0.7864,0.0,0.0,0.0,0.0,1.0,0.882
w11-ent001-s52,w11-ent001,52,7529472,0.76,1.193,0.0,0.8028,0.0,0.0,0.0,0.0,1.0,0.882
w11-ent001-s52,w11-ent001,52,7560192,0.71,1.133,0.0,0.8183,0.0,0.0,0.0,0.0,1.0,0.882
w11-ent001-s52,w11-ent001,52,7590912,0.75,1.185,0.0,0.7899,0.0,0.0,0.0,0.0,1.0,0.882
w11-ent001-s52,w11-ent001,52,7621632,0.77,1.191,0.0,0.7546,0.0,0.0,0.0,0.0,1.0,0.882
w11-ent001-s52,w11-ent001,52,7652352,0.73,1.176,0.0,0.9923,0.0,0.0,0.0,0.0,1.0,0.882
w11-ent001-s52,w11-ent001,52,7683072,0.75,1.196,0.0,0.5303,0.0,0.0,0.0,0.0,1.0,0.882
w11-ent001-s52,w11-ent001,52,7713792,0.74,1.179,0.0,0.715,0.0,0.0,0.0,0.0,1.0,0.882
w11-ent001-s52,w11-ent001,52,7744512,0.77,1.173,0.0,0.579,0.0,0.0,0.0,0.0,1.0,0.882
w11-ent001-s52,w11-ent001,52,7775232,0.69,1.145,0.0,0.8996,0.0,0.0,0.0,0.0,1.0,0.882
w11-ent001-s52,w11-ent001,52,7805952,0.79,1.204,0.0,0.7649,0.0,0.0,0.0,0.0,1.0,0.882
w11-ent001-s52,w11-ent001,52,7836672,0.72,1.156,0.0,0.7966,0.0,0.0,0.0,0.0,1.0,0.882
w11-ent001-s52,w11-ent001,52,7867392,0.8,1.231,0.0,0.8772,0.0,0.0,0.0,0.0,1.0,0.882
w11-ent001-s52,w11-ent001,52,7898112,0.72,1.158,0.0,0.8191,0.0,0.0,0.0,0.0,1.0,0.882
w11-ent001-s52,w11-ent001,52,7928832,0.8,1.226,0.0,0.8503,0.0,0.0,0.0,0.0,1.0,0.882
w11-ent001-s52,w11-ent001,52,7959552,0.77,1.223,0.0,0.9061,0.0,0.0,0.0,0.0,1.0,0.881
w11-ent001-s52,w11-ent001,52,7990272,0.72,1.165,0.0,0.9212,0.0,0.0,0.0,0.0,1.0,0.881
w11-ent001-s52,w11-ent001,52,8020992,0.85,1.244,0.0,0.9183,0.0,0.0,0.0,0.0,1.0,0.881
w11-ent001-s52,w11-ent001,52,8051712,0.8,1.218,0.0,0.725,0.0,0.0,0.0,0.0,1.0,0.881
w11-ent001-s52,w11-ent001,52,8082432,0.8,1.241,0.0,0.6507,0.0,0.0,0.0,0.0,1.0,0.881
w11-ent001-s52,w11-ent001,52,8113152,0.76,1.192,0.0,0.943,0.0,0.0,0.0,0.0,1.0,0.881
w11-ent001-s52,w11-ent001,52,8143872,0.76,1.221,0.0,0.8934,0.0,0.0,0.0,0.0,1.0,0.881
w11-ent001-s52,w11-ent001,52,8174592,0.66,1.104,0.0,0.8413,0.0,0.0,0.0,0.0,1.0,0.881
w11-ent001-s52,w11-ent001,52,8205312,0.72,1.152,0.0,0.9716,0.0,0.0,0.0,0.0,1.0,0.881
w11-ent001-s52,w11-ent001,52,8236032,0.75,1.206,0.0,0.7999,0.0,0.0,0.0,0.0,1.0,0.881
w11-ent001-s52,w11-ent001,52,8266752,0.79,1.21,0.0,0.753,0.0,0.0,0.0,0.0,1.0,0.88
w11-ent001-s52,w11-ent001,52,8297472,0.77,1.217,0.0,0.8503,0.0,0.0,0.0,0.0,1.0,0.88
w11-ent001-s52,w11-ent001,52,8328192,0.69,1.153,0.0,0.8192,0.0,0.0,0.0,0.0,1.0,0.88
w11-ent001-s52,w11-ent001,52,8358912,0.8,1.251,0.0,1.0014,0.0,0.0,0.0,0.0,1.0,0.88
w11-ent001-s52,w11-ent001,52,8389632,0.76,1.203,0.0,0.9057,0.0,0.0,0.0,0.0,1.0,0.88
w11-ent001-s52,w11-ent001,52,8420352,0.75,1.177,0.0,0.7371,0.0,0.0,0.0,0.0,1.0,0.88
w11-ent001-s52,w11-ent001,52,8451072,0.8,1.194,0.0,0.7055,0.0,0.0,0.0,0.0,1.0,0.88
w11-ent001-s52,w11-ent001,52,8481792,0.71,1.18,0.0,0.7841,0.0,0.0,0.0,0.0,1.0,0.88
w11-ent001-s52,w11-ent001,52,8512512,0.83,1.232,0.0,0.8933,0.0,0.0,0.0,0.0,1.0,0.88
w11-ent001-s52,w11-ent001,52,8543232,0.75,1.211,0.0,0.9679,0.0,0.0,0.0,0.0,1.0,0.88
w11-ent001-s52,w11-ent001,52,8573952,0.79,1.225,0.0,0.8768,0.0,0.0,0.0,0.0,1.0,0.879
w11-ent001-s52,w11-ent001,52,8604672,0.8,1.224,0.0,0.799,0.0,0.0,0.0,0.0,1.0,0.879
w11-ent001-s52,w11-ent001,52,8635392,0.82,1.219,0.0,1.026,0.0,0.0,0.0,0.0,1.0,0.879
w11-ent001-s52,w11-ent001,52,8666112,0.78,1.235,0.0,0.783,0.0,0.0,0.0,0.0,1.0,0.879
w11-ent001-s52,w11-ent001,52,8696832,0.76,1.203,0.0,0.9856,0.0,0.0,0.0,0.0,1.0,0.879
w11-ent001-s52,w11-ent001,52,8727552,0.83,1.245,0.0,0.8154,0.0,0.0,0.0,0.0,1.0,0.879
w11-ent001-s52,w11-ent001,52,8758272,0.75,1.192,0.0,0.9479,0.0,0.0,0.0,0.0,1.0,0.879
w11-ent001-s52,w11-ent001,52,8788992,0.86,1.28,0.0,1.0269,0.0,0.0,0.0,0.0,1.0,0.879
w11-ent001-s52,w11-ent001,52,8819712,0.77,1.19,0.0,0.8856,0.0,0.0,0.0,0.0,1.0,0.879
w11-ent001-s52,w11-ent001,52,8850432,0.73,1.211,0.0,0.8481,0.0,0.0,0.0,0.0,1.0,0.879
w11-ent001-s52,w11-ent001,52,8881152,0.86,1.262,0.0,0.9892,0.0,0.0,0.0,0.0,1.0,0.879
w11-ent001-s52,w11-ent001,52,8911872,0.79,1.231,0.0,0.9671,0.0,0.0,0.0,0.0,1.0,0.878
w11-ent001-s52,w11-ent001,52,8942592,0.7,1.156,0.0,0.9091,0.0,0.0,0.0,0.0,1.0,0.878
w11-ent001-s52,w11-ent001,52,8973312,0.81,1.235,0.0,0.9452,0.0,0.0,0.0,0.0,1.0,0.878
w11-ent001-s52,w11-ent001,52,9004032,0.74,1.183,0.0,0.9466,0.0,0.0,0.0,0.0,1.0,0.878
w11-ent001-s52,w11-ent001,52,9034752,0.76,1.203,0.0,1.0176,0.0,0.0,0.0,0.0,1.0,0.878
w11-ent001-s52,w11-ent001,52,9065472,0.82,1.223,0.0,0.9366,0.0,0.0,0.0,0.0,1.0,0.878
w11-ent001-s52,w11-ent001,52,9096192,0.72,1.161,0.0,1.0221,0.0,0.0,0.0,0.0,1.0,0.878
w11-ent001-s52,w11-ent001,52,9126912,0.78,1.225,0.0,0.9614,0.0,0.0,0.0,0.0,1.0,0.878
w11-ent001-s52,w11-ent001,52,9157632,0.69,1.166,0.0,1.1085,0.0,0.0,0.0,0.0,1.0,0.878
w11-ent001-s52,w11-ent001,52,9188352,0.79,1.227,0.0,0.8925,0.0,0.0,0.0,0.0,1.0,0.878
w11-ent001-s52,w11-ent001,52,9219072,0.81,1.225,0.0,1.0362,0.0,0.0,0.0,0.0,1.0,0.878
w11-ent001-s52,w11-ent001,52,9249792,0.84,1.265,0.0,0.8065,0.0,0.0,0.0,0.0,1.0,0.878
w11-ent001-s52,w11-ent001,52,9280512,0.76,1.196,0.0,0.8058,0.0,0.0,0.0,0.0,1.0,0.877
w11-ent001-s52,w11-ent001,52,9311232,0.81,1.213,0.0,0.8938,0.0,0.0,0.0,0.0,1.0,0.877
w11-ent001-s52,w11-ent001,52,9341952,0.78,1.222,0.0,0.9072,0.0,0.0,0.0,0.0,1.0,0.877
w11-ent001-s52,w11-ent001,52,9372672,0.83,1.275,0.0,1.0207,0.0,0.0,0.0,0.0,1.0,0.877
w11-ent001-s52,w11-ent001,52,9403392,0.81,1.239,0.0,0.8556,0.0,0.0,0.0,0.0,1.0,0.877
w11-ent001-s52,w11-ent001,52,9434112,0.79,1.208,0.0,0.8186,0.0,0.0,0.0,0.0,1.0,0.877
w11-ent001-s52,w11-ent001,52,9464832,0.79,1.217,0.0,0.7866,0.0,0.0,0.0,0.0,1.0,0.877
w11-ent001-s52,w11-ent001,52,9495552,0.79,1.225,0.0,0.8542,0.0,0.0,0.0,0.0,1.0,0.877
w11-ent001-s52,w11-ent001,52,9526272,0.77,1.164,0.0,0.9469,0.0,0.0,0.0,0.0,1.0,0.877
w11-ent001-s52,w11-ent001,52,9556992,0.81,1.256,0.0,0.9647,0.0,0.0,0.0,0.0,1.0,0.876
w11-ent001-s52,w11-ent001,52,9587712,0.85,1.27,0.0,0.9065,0.0,0.0,0.0,0.0,1.0,0.876
w11-ent001-s52,w11-ent001,52,9618432,0.87,1.266,0.0,0.8533,0.0,0.0,0.0,0.0,1.0,0.876
w11-ent001-s52,w11-ent001,52,9649152,0.86,1.29,0.0,0.8974,0.0,0.0,0.0,0.0,1.0,0.876
w11-ent001-s52,w11-ent001,52,9679872,0.79,1.232,0.0,0.9369,0.0,0.0,0.0,0.0,1.0,0.876
w11-ent001-s52,w11-ent001,52,9710592,0.71,1.156,0.0,0.9415,0.0,0.0,0.0,0.0,1.0,0.876
w11-ent001-s52,w11-ent001,52,9741312,0.76,1.232,0.0,0.7018,0.0,0.0,0.0,0.0,1.0,0.876
w11-ent001-s52,w11-ent001,52,9772032,0.85,1.266,0.0,0.7988,0.0,0.0,0.0,0.0,1.0,0.876
w11-ent001-s52,w11-ent001,52,9802752,0.84,1.264,0.0,1.0485,0.0,0.0,0.0,0.0,1.0,0.876
w11-ent001-s52,w11-ent001,52,9833472,0.84,1.266,0.0,0.9853,0.0,0.0,0.0,0.0,1.0,0.876
w11-ent001-s52,w11-ent001,52,9864192,0.84,1.228,0.0,0.9936,0.0,0.0,0.0,0.0,1.0,0.875
w11-ent001-s52,w11-ent001,52,9894912,0.79,1.206,0.0,0.9108,0.0,0.0,0.0,0.0,1.0,0.875
w11-ent001-s52,w11-ent001,52,9925632,0.83,1.256,0.0,1.0676,0.0,0.0,0.0,0.0,1.0,0.875
w11-ent001-s52,w11-ent001,52,9956352,0.89,1.299,0.0,0.8703,0.0,0.0,0.0,0.0,1.0,0.875
w11-ent001-s52,w11-ent001,52,9987072,0.77,1.199,0.0,0.8903,0.0,0.0,0.0,0.0,1.0,0.875
w11-ent001-s52,w11-ent001,52,10017792,0.83,1.245,0.0,0.9661,0.0,0.0,0.0,0.0,1.0,0.875
w11-ent001-s52,w11-ent001,52,10048512,0.76,1.215,0.0,0.8419,0.0,0.0,0.0,0.0,1.0,0.875
w11-ent001-s52,w11-ent001,52,10079232,0.79,1.211,0.0,0.8975,0.0,0.0,0.0,0.0,1.0,0.875
w11-ent001-s52,w11-ent001,52,10109952,0.85,1.263,0.0,1.0256,0.0,0.0,0.0,0.0,1.0,0.875
w11-ent001-s52,w11-ent001,52,10140672,0.83,1.241,0.0,0.9683,0.0,0.0,0.0,0.0,1.0,0.874
w11-ent001-s52,w11-ent001,52,10171392,0.79,1.206,0.0,1.0164,0.0,0.0,0.0,0.0,1.0,0.874
w11-ent001-s52,w11-ent001,52,10202112,0.85,1.251,0.0,0.9648,0.0,0.0,0.0,0.0,1.0,0.874
w11-ent001-s52,w11-ent001,52,10232832,0.87,1.292,0.0,0.9576,0.0,0.0,0.0,0.0,1.0,0.874
w11-ent001-s52,w11-ent001,52,10263552,0.82,1.248,0.0,0.8714,0.0,0.0,0.0,0.0,1.0,0.874
w11-ent001-s52,w11-ent001,52,10294272,0.8,1.248,0.0,0.9867,0.0,0.0,0.0,0.0,1.0,0.874
w11-ent001-s52,w11-ent001,52,10324992,0.84,1.273,0.0,1.0694,0.0,0.0,0.0,0.0,1.0,0.874
w11-ent001-s52,w11-ent001,52,10355712,0.8,1.248,0.0,1.0232,0.0,0.0,0.0,0.0,1.0,0.874
w11-ent001-s52,w11-ent001,52,10386432,0.89,1.274,0.0,1.0483,0.0,0.0,0.0,0.0,1.0,0.874
w11-ent001-s52,w11-ent001,52,10417152,0.84,1.257,0.0,0.8106,0.0,0.0,0.0,0.0,1.0,0.874
w11-ent001-s52,w11-ent001,52,10447872,0.84,1.244,0.0,0.76,0.0,0.0,0.0,0.0,1.0,0.874
w11-ent001-s52,w11-ent001,52,10478592,0.82,1.262,0.0,0.9463,0.0,0.0,0.0,0.0,1.0,0.873
w11-ent001-s52,w11-ent001,52,10509312,0.82,1.249,0.0,0.934,0.0,0.0,0.0,0.0,1.0,0.873
w11-ent001-s52,w11-ent001,52,10540032,0.83,1.253,0.0,0.9619,0.0,0.0,0.0,0.0,1.0,0.873
w11-ent001-s52,w11-ent001,52,10570752,0.81,1.232,0.0,1.0383,0.0,0.0,0.0,0.0,1.0,0.873
w11-ent001-s52,w11-ent001,52,10601472,0.84,1.272,0.0,1.1931,0.0,0.0,0.0,0.0,1.0,0.873
w11-ent001-s52,w11-ent001,52,10632192,0.81,1.257,0.0,1.0103,0.0,0.0,0.0,0.0,1.0,0.873
w11-ent001-s52,w11-ent001,52,10662912,0.82,1.276,0.0,1.0631,0.0,0.0,0.0,0.0,1.0,0.873
w11-ent001-s52,w11-ent001,52,10693632,0.82,1.253,0.0,0.9648,0.0,0.0,0.0,0.0,1.0,0.873
w11-ent001-s52,w11-ent001,52,10724352,0.84,1.274,0.0,0.9789,0.0,0.0,0.0,0.0,1.0,0.873
w11-ent001-s52,w11-ent001,52,10755072,0.86,1.286,0.0,0.7836,0.0,0.0,0.0,0.0,1.0,0.873
w11-ent001-s52,w11-ent001,52,10785792,0.82,1.264,0.0,1.0715,0.0,0.0,0.0,0.0,1.0,0.873
w11-ent001-s52,w11-ent001,52,10816512,0.84,1.275,0.0,0.9986,0.0,0.0,0.0,0.0,1.0,0.872
w11-ent001-s52,w11-ent001,52,10847232,0.88,1.287,0.0,0.8762,0.0,0.0,0.0,0.0,1.0,0.872
w11-ent001-s52,w11-ent001,52,10877952,0.9,1.3,0.0,1.0935,0.0,0.0,0.0,0.0,1.0,0.872
w11-ent001-s52,w11-ent001,52,10908672,0.84,1.279,0.0,1.0609,0.0,0.0,0.0,0.0,1.0,0.872
w11-ent001-s52,w11-ent001,52,10939392,0.83,1.25,0.0,0.9246,0.0,0.0,0.0,0.0,1.0,0.872
w11-ent001-s52,w11-ent001,52,10970112,0.83,1.275,0.0,0.958,0.0,0.0,0.0,0.0,1.0,0.872
w11-ent001-s52,w11-ent001,52,11000832,0.88,1.309,0.0,1.0443,0.0,0.0,0.0,0.0,1.0,0.872
w11-ent001-s52,w11-ent001,52,11031552,0.88,1.298,0.0,0.9857,0.0,0.0,0.0,0.0,1.0,0.872
w11-ent001-s52,w11-ent001,52,11062272,0.79,1.235,0.0,1.063,0.0,0.0,0.0,0.0,1.0,0.872
w11-ent001-s52,w11-ent001,52,11092992,0.88,1.292,0.0,0.9541,0.0,0.0,0.0,0.0,1.0,0.872
w11-ent001-s52,w11-ent001,52,11123712,0.86,1.283,0.0,1.0873,0.0,0.0,0.0,0.0,1.0,0.872
w11-ent001-s52,w11-ent001,52,11154432,0.81,1.242,0.0,1.025,0.0,0.0,0.0,0.0,1.0,0.871
w11-ent001-s52,w11-ent001,52,11185152,0.85,1.272,0.0,1.1239,0.0,0.0,0.0,0.0,1.0,0.871
w11-ent001-s52,w11-ent001,52,11215872,0.8,1.245,0.0,0.735,0.0,0.0,0.0,0.0,1.0,0.871
w11-ent001-s52,w11-ent001,52,11246592,0.86,1.291,0.0,1.0743,0.0,0.0,0.0,0.0,1.0,0.871
w11-ent001-s52,w11-ent001,52,11277312,0.84,1.271,0.0,0.9702,0.0,0.0,0.0,0.0,1.0,0.871
w11-ent001-s52,w11-ent001,52,11308032,0.9,1.32,0.0,0.9635,0.0,0.0,0.0,0.0,1.0,0.871
w11-ent001-s52,w11-ent001,52,11338752,0.84,1.299,0.0,0.8745,0.0,0.0,0.0,0.0,1.0,0.871
w11-ent001-s52,w11-ent001,52,11369472,0.78,1.249,0.0,0.9039,0.0,0.0,0.0,0.0,1.0,0.871
w11-ent001-s52,w11-ent001,52,11400192,0.81,1.256,0.0,1.0399,0.0,0.0,0.0,0.0,1.0,0.871
w11-ent001-s52,w11-ent001,52,11430912,0.83,1.266,0.0,1.0231,0.0,0.0,0.0,0.0,1.0,0.871
w11-ent001-s52,w11-ent001,52,11461632,0.9,1.31,0.0,0.9942,0.0,0.0,0.0,0.0,1.0,0.871
w11-ent001-s52,w11-ent001,52,11492352,0.86,1.276,0.0,1.1237,0.0,0.0,0.0,0.0,1.0,0.871
w11-ent001-s52,w11-ent001,52,11523072,0.85,1.272,0.0,0.9992,0.0,0.0,0.0,0.0,1.0,0.87
w11-ent001-s52,w11-ent001,52,11553792,0.84,1.287,0.0,1.2007,0.0,0.0,0.0,0.0,1.0,0.87
w11-ent001-s52,w11-ent001,52,11584512,0.9,1.329,0.0,1.1642,0.0,0.0,0.0,0.0,1.0,0.87
w11-ent001-s52,w11-ent001,52,11615232,0.82,1.259,0.0,1.0398,0.0,0.0,0.0,0.0,1.0,0.87
w11-ent001-s52,w11-ent001,52,11645952,0.82,1.271,0.0,1.0408,0.0,0.0,0.0,0.0,1.0,0.87
w11-ent001-s52,w11-ent001,52,11676672,0.9,1.33,0.0,1.0423,0.0,0.0,0.0,0.0,1.0,0.87
w11-ent001-s52,w11-ent001,52,11707392,0.87,1.308,0.0,1.1616,0.0,0.0,0.0,0.0,1.0,0.87
w11-ent001-s52,w11-ent001,52,11738112,0.83,1.243,0.0,1.0599,0.0,0.0,0.0,0.0,1.0,0.87
w11-ent001-s52,w11-ent001,52,11768832,0.87,1.306,0.0,1.0357,0.0,0.0,0.0,0.0,1.0,0.87
w11-ent001-s52,w11-ent001,52,11799552,0.88,1.318,0.0,1.1008,0.0,0.0,0.0,0.0,1.0,0.87
w11-ent001-s52,w11-ent001,52,11830272,0.82,1.238,0.0,1.1276,0.0,0.0,0.0,0.0,1.0,0.87
w11-ent001-s52,w11-ent001,52,11860992,0.88,1.322,0.0,1.0363,0.0,0.0,0.0,0.0,1.0,0.87
w11-ent001-s52,w11-ent001,52,11891712,0.88,1.323,0.0,0.9316,0.0,0.0,0.0,0.0,1.0,0.869
w11-ent001-s52,w11-ent001,52,11922432,0.87,1.302,0.0,1.1678,0.0,0.0,0.0,0.0,1.0,0.869
w11-ent001-s52,w11-ent001,52,11953152,0.87,1.291,0.0,0.9867,0.0,0.0,0.0,0.0,1.0,0.869
w11-ent001-s52,w11-ent001,52,11983872,0.8,1.265,0.0,1.0264,0.0,0.0,0.0,0.0,1.0,0.869
w11-ent001-s52,w11-ent001,52,12014592,0.84,1.28,0.0,0.938,0.0,0.0,0.0,0.0,1.0,0.869
w11-ent001-s52,w11-ent001,52,12045312,0.82,1.252,0.0,1.137,0.0,0.0,0.0,0.0,1.0,0.869
w11-ent001-s52,w11-ent001,52,12076032,0.83,1.281,0.0,1.03,0.0,0.0,0.0,0.0,1.0,0.869
w11-ent001-s52,w11-ent001,52,12106752,0.85,1.263,0.0,0.9583,0.0,0.0,0.0,0.0,1.0,0.869
w11-ent001-s52,w11-ent001,52,12137472,0.84,1.272,0.0,0.9416,0.0,0.0,0.0,0.0,1.0,0.869
w11-ent001-s52,w11-ent001,52,12168192,0.81,1.265,0.0,0.9694,0.0,0.0,0.0,0.0,1.0,0.869
w11-ent001-s52,w11-ent001,52,12198912,0.84,1.27,0.0,0.8636,0.0,0.0,0.0,0.0,1.0,0.869
w11-ent001-s52,w11-ent001,52,12229632,0.73,1.169,0.0,1.1256,0.0,0.0,0.0,0.0,1.0,0.869
w11-ent001-s52,w11-ent001,52,12260352,0.77,1.226,0.0,0.9377,0.0,0.0,0.0,0.0,1.0,0.869
w11-ent001-s52,w11-ent001,52,12291072,0.83,1.276,0.0,0.9998,0.0,0.0,0.0,0.0,1.0,0.868
w11-ent001-s52,w11-ent001,52,12321792,0.8,1.26,0.0,1.0976,0.0,0.0,0.0,0.0,1.0,0.868
w11-ent001-s52,w11-ent001,52,12352512,0.92,1.367,0.0,1.1607,0.0,0.0,0.0,0.0,1.0,0.868
w11-ent001-s52,w11-ent001,52,12383232,0.86,1.289,0.0,1.0205,0.0,0.0,0.0,0.0,1.0,0.868
w11-ent001-s52,w11-ent001,52,12413952,0.81,1.272,0.0,1.0147,0.0,0.0,0.0,0.0,1.0,0.868
w11-ent001-s52,w11-ent001,52,12444672,0.86,1.305,0.0,0.9972,0.0,0.0,0.0,0.0,1.0,0.868
w11-ent001-s52,w11-ent001,52,12475392,0.84,1.261,0.0,1.0231,0.0,0.0,0.0,0.0,1.0,0.868
w11-ent001-s52,w11-ent001,52,12506112,0.86,1.302,0.0,1.0059,0.0,0.0,0.0,0.0,1.0,0.868
w11-ent001-s52,w11-ent001,52,12536832,0.85,1.29,0.0,0.8494,0.0,0.0,0.0,0.0,1.0,0.868
w11-ent001-s52,w11-ent001,52,12567552,0.91,1.336,0.0,0.9859,0.0,0.0,0.0,0.0,1.0,0.868
w11-ent001-s52,w11-ent001,52,12598272,0.86,1.298,0.0,1.1792,0.0,0.0,0.0,0.0,1.0,0.868
w11-ent001-s52,w11-ent001,52,12628992,0.9,1.311,0.0,1.0177,0.0,0.0,0.0,0.0,1.0,0.868
w11-ent001-s52,w11-ent001,52,12659712,0.82,1.248,0.0,1.1058,0.0,0.0,0.0,0.0,1.0,0.868
w11-ent001-s52,w11-ent001,52,12690432,0.83,1.289,0.0,0.9355,0.0,0.0,0.0,0.0,1.0,0.867
w11-ent001-s52,w11-ent001,52,12721152,0.85,1.29,0.0,1.0916,0.0,0.0,0.0,0.0,1.0,0.867
w11-ent001-s52,w11-ent001,52,12751872,0.86,1.302,0.0,1.1609,0.0,0.0,0.0,0.0,1.0,0.867
w11-ent001-s52,w11-ent001,52,12782592,0.84,1.273,0.0,1.0765,0.0,0.0,0.0,0.0,1.0,0.867
w11-ent001-s52,w11-ent001,52,12813312,0.83,1.261,0.0,0.9774,0.0,0.0,0.0,0.0,1.0,0.867
w11-ent001-s52,w11-ent001,52,12844032,0.87,1.289,0.0,1.1193,0.0,0.0,0.0,0.0,1.0,0.867
w11-ent001-s52,w11-ent001,52,12874752,0.9,1.32,0.0,1.1018,0.0,0.0,0.0,0.0,1.0,0.867
w11-ent001-s52,w11-ent001,52,12905472,0.92,1.333,0.0,1.1142,0.0,0.0,0.0,0.0,1.0,0.867
w11-ent001-s52,w11-ent001,52,12936192,0.84,1.277,0.0,0.9604,0.0,0.0,0.0,0.0,1.0,0.867
w11-ent001-s52,w11-ent001,52,12966912,0.84,1.301,0.0,1.0355,0.0,0.0,0.0,0.0,1.0,0.867
w11-ent001-s52,w11-ent001,52,12997632,0.89,1.336,0.0,0.9568,0.0,0.0,0.0,0.0,1.0,0.867
w11-ent001-s52,w11-ent001,52,13028352,0.85,1.295,0.0,1.0404,0.0,0.0,0.0,0.0,1.0,0.867
w11-ent001-s52,w11-ent001,52,13059072,0.82,1.273,0.0,1.1988,0.0,0.0,0.0,0.0,1.0,0.867
w11-ent001-s52,w11-ent001,52,13089792,0.93,1.348,0.0,1.0165,0.0,0.0,0.0,0.0,1.0,0.867
w11-ent001-s52,w11-ent001,52,13120512,0.9,1.317,0.0,0.9706,0.0,0.0,0.0,0.0,1.0,0.866
w11-ent001-s52,w11-ent001,52,13151232,0.91,1.355,0.0,1.0707,0.0,0.0,0.0,0.0,1.0,0.866
w11-ent001-s52,w11-ent001,52,13181952,0.9,1.309,0.0,1.0843,0.0,0.0,0.0,0.0,1.0,0.866
w11-ent001-s52,w11-ent001,52,13212672,0.82,1.264,0.0,1.1148,0.0,0.0,0.0,0.0,1.0,0.866
w11-ent001-s52,w11-ent001,52,13243392,0.95,1.357,0.0,1.0325,0.0,0.0,0.0,0.0,1.0,0.866
w11-ent001-s52,w11-ent001,52,13274112,0.83,1.294,0.0,1.0352,0.0,0.0,0.0,0.0,1.0,0.866
w11-ent001-s52,w11-ent001,52,13304832,0.81,1.277,0.0,0.9747,0.0,0.0,0.0,0.0,1.0,0.866
w11-ent001-s52,w11-ent001,52,13335552,0.83,1.267,0.0,1.0678,0.0,0.0,0.0,0.0,1.0,0.866
w11-ent001-s52,w11-ent001,52,13366272,0.89,1.327,0.0,1.1025,0.0,0.0,0.0,0.0,1.0,0.866
w11-ent001-s52,w11-ent001,52,13396992,0.87,1.312,0.0,1.1532,0.0,0.0,0.0,0.0,1.0,0.866
w11-ent001-s52,w11-ent001,52,13427712,0.92,1.339,0.0,1.1218,0.0,0.0,0.0,0.0,1.0,0.866
w11-ent001-s52,w11-ent001,52,13458432,0.85,1.286,0.0,1.0002,0.0,0.0,0.0,0.0,1.0,0.866
w11-ent001-s52,w11-ent001,52,13489152,0.85,1.272,0.0,1.2202,0.0,0.0,0.0,0.0,1.0,0.866
w11-ent001-s52,w11-ent001,52,13519872,0.88,1.302,0.0,1.1386,0.0,0.0,0.0,0.0,1.0,0.866
w11-ent001-s52,w11-ent001,52,13550592,0.86,1.282,0.0,1.0551,0.0,0.0,0.0,0.0,1.0,0.865
w11-ent001-s52,w11-ent001,52,13581312,0.81,1.255,0.0,0.9247,0.0,0.0,0.0,0.0,1.0,0.865
w11-ent001-s52,w11-ent001,52,13612032,0.85,1.285,0.0,0.9333,0.0,0.0,0.0,0.0,1.0,0.865
w11-ent001-s52,w11-ent001,52,13642752,0.84,1.293,0.0,1.1829,0.0,0.0,0.0,0.0,1.0,0.865
w11-ent001-s52,w11-ent001,52,13673472,0.89,1.316,0.0,1.0274,0.0,0.0,0.0,0.0,1.0,0.865
w11-ent001-s52,w11-ent001,52,13704192,0.88,1.291,0.0,0.8383,0.0,0.0,0.0,0.0,1.0,0.865
w11-ent001-s52,w11-ent001,52,13734912,0.8,1.25,0.0,1.0018,0.0,0.0,0.0,0.0,1.0,0.865
w11-ent001-s52,w11-ent001,52,13765632,0.91,1.322,0.0,1.0451,0.0,0.0,0.0,0.0,1.0,0.865
w11-ent001-s52,w11-ent001,52,13796352,0.82,1.262,0.0,1.152,0.0,0.0,0.0,0.0,1.0,0.865
w11-ent001-s52,w11-ent001,52,13827072,0.92,1.327,0.0,0.9763,0.0,0.0,0.0,0.0,1.0,0.865
w11-ent001-s52,w11-ent001,52,13857792,0.91,1.343,0.0,1.0196,0.0,0.0,0.0,0.0,1.0,0.865
w11-ent001-s52,w11-ent001,52,13888512,0.83,1.243,0.0,0.9586,0.0,0.0,0.0,0.0,1.0,0.865
w11-ent001-s52,w11-ent001,52,13919232,0.84,1.289,0.0,1.0027,0.0,0.0,0.0,0.0,1.0,0.865
w11-ent001-s52,w11-ent001,52,13949952,0.85,1.278,0.0,1.2252,0.0,0.0,0.0,0.0,1.0,0.865
w11-ent001-s52,w11-ent001,52,13980672,0.82,1.245,0.0,0.9037,0.0,0.0,0.0,0.0,1.0,0.865
w11-ent001-s52,w11-ent001,52,14011392,0.89,1.331,0.0,0.9995,0.0,0.0,0.0,0.0,1.0,0.865
w11-ent001-s52,w11-ent001,52,14042112,0.88,1.301,0.0,0.9343,0.0,0.0,0.0,0.0,1.0,0.864
w11-ent001-s52,w11-ent001,52,14072832,0.87,1.311,0.0,1.1789,0.0,0.0,0.0,0.0,1.0,0.864
w11-ent001-s52,w11-ent001,52,14103552,0.89,1.336,0.0,1.1179,0.0,0.0,0.0,0.0,1.0,0.864
w11-ent001-s52,w11-ent001,52,14134272,0.9,1.324,0.0,1.1594,0.0,0.0,0.0,0.0,1.0,0.864
w11-ent001-s52,w11-ent001,52,14164992,0.86,1.274,0.0,0.9977,0.0,0.0,0.0,0.0,1.0,0.864
w11-ent001-s52,w11-ent001,52,14195712,0.91,1.362,0.0,1.1559,0.0,0.0,0.0,0.0,1.0,0.864
w11-ent001-s52,w11-ent001,52,14226432,0.92,1.357,0.0,1.0294,0.0,0.0,0.0,0.0,1.0,0.864
w11-ent001-s52,w11-ent001,52,14257152,0.88,1.307,0.0,1.148,0.0,0.0,0.0,0.0,1.0,0.864
w11-ent001-s52,w11-ent001,52,14287872,0.8,1.264,0.0,1.1599,0.0,0.0,0.0,0.0,1.0,0.864
w11-ent001-s52,w11-ent001,52,14318592,0.84,1.273,0.0,1.1923,0.0,0.0,0.0,0.0,1.0,0.864
w11-ent001-s52,w11-ent001,52,14349312,0.89,1.33,0.0,1.0447,0.0,0.0,0.0,0.0,1.0,0.864
w11-ent001-s52,w11-ent001,52,14380032,0.87,1.281,0.0,0.9818,0.0,0.0,0.0,0.0,1.0,0.864
w11-ent001-s52,w11-ent001,52,14410752,0.85,1.275,0.0,0.9864,0.0,0.0,0.0,0.0,1.0,0.864
w11-ent001-s52,w11-ent001,52,14441472,0.88,1.297,0.0,1.0535,0.0,0.0,0.0,0.0,1.0,0.864
w11-ent001-s52,w11-ent001,52,14472192,0.81,1.27,0.0,1.0725,0.0,0.0,0.0,0.0,1.0,0.864
w11-ent001-s52,w11-ent001,52,14502912,0.92,1.32,0.0,1.0328,0.0,0.0,0.0,0.0,1.0,0.864
w11-ent001-s52,w11-ent001,52,14533632,0.89,1.305,0.0,1.0635,0.0,0.0,0.0,0.0,1.0,0.864
w11-ent001-s52,w11-ent001,52,14564352,0.87,1.295,0.0,1.0067,0.0,0.0,0.0,0.0,1.0,0.863
w11-ent001-s52,w11-ent001,52,14595072,0.86,1.315,0.0,1.1489,0.0,0.0,0.0,0.0,1.0,0.863
w11-ent001-s52,w11-ent001,52,14625792,0.8,1.23,0.0,1.0902,0.0,0.0,0.0,0.0,1.0,0.863
w11-ent001-s52,w11-ent001,52,14656512,0.86,1.313,0.0,1.1337,0.0,0.0,0.0,0.0,1.0,0.863
w11-ent001-s52,w11-ent001,52,14687232,0.88,1.321,0.0,1.1713,0.0,0.0,0.0,0.0,1.0,0.863
w11-ent001-s52,w11-ent001,52,14717952,0.87,1.314,0.0,1.2286,0.0,0.0,0.0,0.0,1.0,0.863
w11-ent001-s52,w11-ent001,52,14748672,0.86,1.288,0.0,1.1665,0.0,0.0,0.0,0.0,1.0,0.863
w11-ent001-s52,w11-ent001,52,14779392,0.84,1.287,0.0,1.0624,0.0,0.0,0.0,0.0,1.0,0.863
w11-ent001-s52,w11-ent001,52,14810112,0.86,1.295,0.0,1.1617,0.0,0.0,0.0,0.0,1.0,0.863
w11-ent001-s52,w11-ent001,52,14840832,0.83,1.275,0.0,1.1608,0.0,0.0,0.0,0.0,1.0,0.863
w11-ent001-s52,w11-ent001,52,14871552,0.86,1.285,0.0,1.1263,0.0,0.0,0.0,0.0,1.0,0.863
w11-ent001-s52,w11-ent001,52,14902272,0.91,1.323,0.0,1.1123,0.0,0.0,0.0,0.0,1.0,0.863
w11-ent001-s52,w11-ent001,52,14932992,0.86,1.323,0.0,1.1978,0.0,0.0,0.0,0.0,1.0,0.863
w11-ent001-s52,w11-ent001,52,14963712,0.86,1.298,0.0,1.0994,0.0,0.0,0.0,0.0,1.0,0.863
w11-ent001-s52,w11-ent001,52,14994432,0.9,1.317,0.0,1.1337,0.0,0.0,0.0,0.0,1.0,0.863
w11-ent001-s52,w11-ent001,52,14997504,0.83,1.273,0.0,0.9875,0.0,0.0,0.0,0.0,1.0,0.863
w11-ent001-s53,w11-ent001,53,3072,0.01,0.45,-1.0,,,,,,,
w11-ent001-s53,w11-ent001,53,33792,0.0,0.407,-1.0,-0.975,0.0,0.0,0.0,0.0,0.959,0.931
w11-ent001-s53,w11-ent001,53,64512,0.02,0.503,-1.0,-1.0,0.0,0.0,0.0,0.0,0.986,0.909
w11-ent001-s53,w11-ent001,53,95232,0.0,0.455,-1.0,-0.975,0.0,0.0,0.0,0.0,0.994,0.894
w11-ent001-s53,w11-ent001,53,125952,0.02,0.48,-1.0,-0.975,0.0,0.0,0.0,0.0,0.997,0.891
w11-ent001-s53,w11-ent001,53,156672,0.01,0.508,-1.0,-0.9774,0.0,0.0,0.0,0.0,0.999,0.894
w11-ent001-s53,w11-ent001,53,187392,0.02,0.523,-1.0,-0.9504,0.0,0.0,0.0,0.0,1.0,0.898
w11-ent001-s53,w11-ent001,53,218112,0.04,0.565,-1.0,-0.9531,0.0,0.0,0.0,0.0,1.0,0.902
w11-ent001-s53,w11-ent001,53,248832,0.06,0.611,-1.0,-1.0,0.0,0.0,0.0,0.0,1.0,0.907
w11-ent001-s53,w11-ent001,53,279552,0.03,0.607,-1.0,-0.953,0.0,0.0,0.0,0.0,1.0,0.911
w11-ent001-s53,w11-ent001,53,310272,0.03,0.617,-1.0,-0.8549,0.0,0.0,0.0,0.0,1.0,0.914
w11-ent001-s53,w11-ent001,53,340992,0.06,0.653,-1.0,-0.8312,0.0,0.0,0.0,0.0,1.0,0.916
w11-ent001-s53,w11-ent001,53,371712,0.05,0.647,-1.0,-0.8086,0.0,0.0,0.0,0.0,1.0,0.917
w11-ent001-s53,w11-ent001,53,402432,0.07,0.642,-1.0,-0.8776,0.0,0.0,0.0,0.0,1.0,0.918
w11-ent001-s53,w11-ent001,53,433152,0.02,0.65,-1.0,-0.8608,0.0,0.0,0.0,0.0,1.0,0.918
w11-ent001-s53,w11-ent001,53,463872,0.06,0.633,-1.0,-0.8843,0.0,0.0,0.0,0.0,1.0,0.918
w11-ent001-s53,w11-ent001,53,494592,0.06,0.66,-1.0,-0.8278,0.0,0.0,0.0,0.0,1.0,0.918
w11-ent001-s53,w11-ent001,53,525312,0.08,0.642,-1.0,-0.9011,0.0,0.0,0.0,0.0,1.0,0.918
w11-ent001-s53,w11-ent001,53,556032,0.07,0.694,-1.0,-0.9296,0.0,0.0,0.0,0.0,1.0,0.917
w11-ent001-s53,w11-ent001,53,586752,0.1,0.702,-1.0,-0.8838,0.0,0.0,0.0,0.0,1.0,0.917
w11-ent001-s53,w11-ent001,53,617472,0.08,0.677,-1.0,-0.8303,0.0,0.0,0.0,0.0,1.0,0.917
w11-ent001-s53,w11-ent001,53,648192,0.06,0.652,-1.0,-0.8304,0.0,0.0,0.0,0.0,1.0,0.917
w11-ent001-s53,w11-ent001,53,678912,0.11,0.722,-1.0,-0.8573,0.0,0.0,0.0,0.0,1.0,0.917
w11-ent001-s53,w11-ent001,53,709632,0.15,0.788,-1.0,-0.7645,0.0,0.0,0.0,0.0,1.0,0.916
w11-ent001-s53,w11-ent001,53,740352,0.05,0.678,-1.0,-0.8142,0.0,0.0,0.0,0.0,1.0,0.916
w11-ent001-s53,w11-ent001,53,771072,0.07,0.701,-1.0,-0.7562,0.0,0.0,0.0,0.0,1.0,0.916
w11-ent001-s53,w11-ent001,53,801792,0.1,0.722,-1.0,-0.8299,0.0,0.0,0.0,0.0,1.0,0.916
w11-ent001-s53,w11-ent001,53,832512,0.1,0.716,-1.0,-0.7363,0.0,0.0,0.0,0.0,1.0,0.916
w11-ent001-s53,w11-ent001,53,863232,0.05,0.671,-1.0,-0.6646,0.0,0.0,0.0,0.0,1.0,0.916
w11-ent001-s53,w11-ent001,53,893952,0.09,0.703,-1.0,-0.8585,0.0,0.0,0.0,0.0,1.0,0.916
w11-ent001-s53,w11-ent001,53,924672,0.13,0.748,-1.0,-0.5896,0.0,0.0,0.0,0.0,1.0,0.916
w11-ent001-s53,w11-ent001,53,955392,0.1,0.752,-1.0,-0.688,0.0,0.0,0.0,0.0,1.0,0.916
w11-ent001-s53,w11-ent001,53,986112,0.17,0.822,-1.0,-0.7605,0.0,0.0,0.0,0.0,1.0,0.916
w11-ent001-s53,w11-ent001,53,1016832,0.15,0.759,-1.0,-0.9007,0.0,0.0,0.0,0.0,1.0,0.916
w11-ent001-s53,w11-ent001,53,1047552,0.1,0.749,-1.0,-0.6224,0.0,0.0,0.0,0.0,1.0,0.916
w11-ent001-s53,w11-ent001,53,1078272,0.08,0.726,-1.0,-0.6405,0.0,0.0,0.0,0.0,1.0,0.916
w11-ent001-s53,w11-ent001,53,1108992,0.18,0.744,-1.0,-0.6846,0.0,0.0,0.0,0.0,1.0,0.915
w11-ent001-s53,w11-ent001,53,1139712,0.09,0.769,-1.0,-0.6359,0.0,0.0,0.0,0.0,1.0,0.916
w11-ent001-s53,w11-ent001,53,1170432,0.14,0.741,-1.0,-0.6957,0.0,0.0,0.0,0.0,1.0,0.916
w11-ent001-s53,w11-ent001,53,1201152,0.15,0.757,-1.0,-0.691,0.0,0.0,0.0,0.0,1.0,0.916
w11-ent001-s53,w11-ent001,53,1231872,0.19,0.774,-1.0,-0.6586,0.0,0.0,0.0,0.0,1.0,0.916
w11-ent001-s53,w11-ent001,53,1262592,0.22,0.853,-1.0,-0.7849,0.0,0.0,0.0,0.0,1.0,0.916
w11-ent001-s53,w11-ent001,53,1293312,0.17,0.765,-1.0,-0.7123,0.0,0.0,0.0,0.0,1.0,0.917
w11-ent001-s53,w11-ent001,53,1324032,0.08,0.774,-1.0,-0.6547,0.0,0.0,0.0,0.0,1.0,0.917
w11-ent001-s53,w11-ent001,53,1354752,0.12,0.774,-1.0,-0.4911,0.0,0.0,0.0,0.0,1.0,0.917
w11-ent001-s53,w11-ent001,53,1385472,0.14,0.778,-1.0,-0.7371,0.0,0.0,0.0,0.0,1.0,0.918
w11-ent001-s53,w11-ent001,53,1416192,0.13,0.739,-1.0,-0.698,0.0,0.0,0.0,0.0,1.0,0.918
w11-ent001-s53,w11-ent001,53,1446912,0.14,0.748,-1.0,-0.7869,0.0,0.0,0.0,0.0,1.0,0.918
w11-ent001-s53,w11-ent001,53,1477632,0.13,0.735,-1.0,-0.6691,0.0,0.0,0.0,0.0,1.0,0.918
w11-ent001-s53,w11-ent001,53,1508352,0.12,0.761,-1.0,-0.7118,0.0,0.0,0.0,0.0,1.0,0.918
w11-ent001-s53,w11-ent001,53,1539072,0.16,0.772,-1.0,-0.4635,0.0,0.0,0.0,0.0,1.0,0.919
w11-ent001-s53,w11-ent001,53,1569792,0.13,0.698,-1.0,-0.5429,0.0,0.0,0.0,0.0,1.0,0.919
w11-ent001-s53,w11-ent001,53,1600512,0.1,0.721,-1.0,-0.7157,0.0,0.0,0.0,0.0,1.0,0.919
w11-ent001-s53,w11-ent001,53,1631232,0.18,0.764,-1.0,-0.6027,0.0,0.0,0.0,0.0,1.0,0.919
w11-ent001-s53,w11-ent001,53,1661952,0.15,0.785,-1.0,-0.6448,0.0,0.0,0.0,0.0,1.0,0.919
w11-ent001-s53,w11-ent001,53,1692672,0.21,0.825,-1.0,-0.6221,0.0,0.0,0.0,0.0,1.0,0.92
w11-ent001-s53,w11-ent001,53,1723392,0.15,0.755,-1.0,-0.5199,0.0,0.0,0.0,0.0,1.0,0.92
w11-ent001-s53,w11-ent001,53,1754112,0.15,0.777,-1.0,-0.4781,0.0,0.0,0.0,0.0,1.0,0.92
w11-ent001-s53,w11-ent001,53,1784832,0.29,0.902,-1.0,-0.4697,0.0,0.0,0.0,0.0,1.0,0.92
w11-ent001-s53,w11-ent001,53,1815552,0.22,0.837,-1.0,-0.5223,0.0,0.0,0.0,0.0,1.0,0.919
w11-ent001-s53,w11-ent001,53,1846272,0.2,0.813,-1.0,-0.4586,0.0,0.0,0.0,0.0,1.0,0.919
w11-ent001-s53,w11-ent001,53,1876992,0.29,0.873,-1.0,-0.5628,0.0,0.0,0.0,0.0,1.0,0.919
w11-ent001-s53,w11-ent001,53,1907712,0.18,0.814,-1.0,-0.382,0.0,0.0,0.0,0.0,1.0,0.919
w11-ent001-s53,w11-ent001,53,1938432,0.22,0.86,-1.0,-0.5289,0.0,0.0,0.0,0.0,1.0,0.919
w11-ent001-s53,w11-ent001,53,1969152,0.19,0.819,-1.0,-0.4665,0.0,0.0,0.0,0.0,1.0,0.919
w11-ent001-s53,w11-ent001,53,1999872,0.19,0.827,-1.0,-0.4549,0.0,0.0,0.0,0.0,1.0,0.919
w11-ent001-s53,w11-ent001,53,2030592,0.24,0.835,-1.0,-0.3718,0.0,0.0,0.0,0.0,1.0,0.919
w11-ent001-s53,w11-ent001,53,2061312,0.29,0.871,-1.0,-0.1854,0.0,0.0,0.0,0.0,1.0,0.919
w11-ent001-s53,w11-ent001,53,2092032,0.19,0.789,-1.0,-0.4015,0.0,0.0,0.0,0.0,1.0,0.919
w11-ent001-s53,w11-ent001,53,2122752,0.23,0.816,-1.0,-0.4534,0.0,0.0,0.0,0.0,1.0,0.919
w11-ent001-s53,w11-ent001,53,2153472,0.21,0.831,-1.0,-0.4659,0.0,0.0,0.0,0.0,1.0,0.919
w11-ent001-s53,w11-ent001,53,2184192,0.26,0.873,-1.0,-0.5444,0.0,0.0,0.0,0.0,1.0,0.919
w11-ent001-s53,w11-ent001,53,2214912,0.27,0.883,-1.0,-0.4506,0.0,0.0,0.0,0.0,1.0,0.919
w11-ent001-s53,w11-ent001,53,2245632,0.35,0.883,-1.0,-0.4035,0.0,0.0,0.0,0.0,1.0,0.919
w11-ent001-s53,w11-ent001,53,2276352,0.17,0.808,-1.0,-0.3185,0.0,0.0,0.0,0.0,1.0,0.919
w11-ent001-s53,w11-ent001,53,2307072,0.28,0.905,-1.0,-0.372,0.0,0.0,0.0,0.0,1.0,0.919
w11-ent001-s53,w11-ent001,53,2337792,0.31,0.896,-1.0,-0.3107,0.0,0.0,0.0,0.0,1.0,0.919
w11-ent001-s53,w11-ent001,53,2368512,0.3,0.9,-1.0,-0.2762,0.0,0.0,0.0,0.0,1.0,0.919
w11-ent001-s53,w11-ent001,53,2399232,0.22,0.846,-1.0,-0.3222,0.0,0.0,0.0,0.0,1.0,0.919
w11-ent001-s53,w11-ent001,53,2429952,0.29,0.903,-1.0,-0.3811,0.0,0.0,0.0,0.0,1.0,0.918
w11-ent001-s53,w11-ent001,53,2460672,0.27,0.882,-1.0,-0.3016,0.0,0.0,0.0,0.0,1.0,0.918
w11-ent001-s53,w11-ent001,53,2491392,0.28,0.903,-1.0,-0.1582,0.0,0.0,0.0,0.0,1.0,0.918
w11-ent001-s53,w11-ent001,53,2522112,0.22,0.845,-1.0,-0.2799,0.0,0.0,0.0,0.0,1.0,0.918
w11-ent001-s53,w11-ent001,53,2552832,0.28,0.895,-1.0,-0.1582,0.0,0.0,0.0,0.0,1.0,0.918
w11-ent001-s53,w11-ent001,53,2583552,0.35,0.934,-1.0,-0.2531,0.0,0.0,0.0,0.0,1.0,0.918
w11-ent001-s53,w11-ent001,53,2614272,0.4,0.967,-1.0,-0.2378,0.0,0.0,0.0,0.0,1.0,0.918
w11-ent001-s53,w11-ent001,53,2644992,0.24,0.836,-1.0,-0.0144,0.0,0.0,0.0,0.0,1.0,0.918
w11-ent001-s53,w11-ent001,53,2675712,0.36,0.934,-1.0,-0.3278,0.0,0.0,0.0,0.0,1.0,0.918
w11-ent001-s53,w11-ent001,53,2706432,0.38,0.945,-1.0,-0.11,0.0,0.0,0.0,0.0,1.0,0.917
w11-ent001-s53,w11-ent001,53,2737152,0.38,0.96,-1.0,-0.0868,0.0,0.0,0.0,0.0,1.0,0.917
w11-ent001-s53,w11-ent001,53,2767872,0.36,0.949,-1.0,-0.106,0.0,0.0,0.0,0.0,1.0,0.917
w11-ent001-s53,w11-ent001,53,2798592,0.41,0.969,-1.0,-0.3589,0.0,0.0,0.0,0.0,1.0,0.917
w11-ent001-s53,w11-ent001,53,2829312,0.42,0.988,-1.0,0.044,0.0,0.0,0.0,0.0,1.0,0.917
w11-ent001-s53,w11-ent001,53,2860032,0.41,0.96,-1.0,-0.0261,0.0,0.0,0.0,0.0,1.0,0.916
w11-ent001-s53,w11-ent001,53,2890752,0.45,1.022,-1.0,-0.0457,0.0,0.0,0.0,0.0,1.0,0.916
w11-ent001-s53,w11-ent001,53,2921472,0.42,0.949,-1.0,0.1133,0.0,0.0,0.0,0.0,1.0,0.916
w11-ent001-s53,w11-ent001,53,2952192,0.36,0.91,-1.0,-0.1026,0.0,0.0,0.0,0.0,1.0,0.916
w11-ent001-s53,w11-ent001,53,2982912,0.44,0.995,-1.0,0.0294,0.0,0.0,0.0,0.0,1.0,0.916
w11-ent001-s53,w11-ent001,53,3013632,0.42,0.989,-1.0,0.033,0.0,0.0,0.0,0.0,1.0,0.916
w11-ent001-s53,w11-ent001,53,3044352,0.43,0.982,-1.0,-0.1591,0.0,0.0,0.0,0.0,1.0,0.915
w11-ent001-s53,w11-ent001,53,3075072,0.45,1.004,-1.0,-0.1615,0.0,0.0,0.0,0.0,1.0,0.915
w11-ent001-s53,w11-ent001,53,3105792,0.38,0.977,-1.0,0.0288,0.0,0.0,0.0,0.0,1.0,0.915
w11-ent001-s53,w11-ent001,53,3136512,0.5,1.068,-1.0,0.0029,0.0,0.0,0.0,0.0,1.0,0.915
w11-ent001-s53,w11-ent001,53,3167232,0.42,0.996,-1.0,-0.0594,0.0,0.0,0.0,0.0,1.0,0.915
w11-ent001-s53,w11-ent001,53,3197952,0.48,1.067,-1.0,0.0648,0.0,0.0,0.0,0.0,1.0,0.914
w11-ent001-s53,w11-ent001,53,3228672,0.48,1.02,-1.0,0.1947,0.0,0.0,0.0,0.0,1.0,0.914
w11-ent001-s53,w11-ent001,53,3259392,0.45,1.027,-1.0,0.1679,0.0,0.0,0.0,0.0,1.0,0.914
w11-ent001-s53,w11-ent001,53,3290112,0.48,1.062,-1.0,0.0493,0.0,0.0,0.0,0.0,1.0,0.914
w11-ent001-s53,w11-ent001,53,3320832,0.45,1.027,-1.0,-0.1122,0.0,0.0,0.0,0.0,1.0,0.914
w11-ent001-s53,w11-ent001,53,3351552,0.39,0.982,-1.0,0.2484,0.0,0.0,0.0,0.0,1.0,0.914
w11-ent001-s53,w11-ent001,53,3382272,0.51,1.047,-0.989,0.0921,0.0,0.0,0.0,0.0,1.0,0.913
w11-ent001-s53,w11-ent001,53,3412992,0.59,1.126,-0.978,0.4699,0.0,0.0,0.0,0.0,1.0,0.913
w11-ent001-s53,w11-ent001,53,3443712,0.46,1.035,-0.978,0.1627,0.0,0.0,0.0,0.0,1.0,0.913
w11-ent001-s53,w11-ent001,53,3474432,0.5,1.04,-0.978,0.4018,0.0,0.0,0.0,0.0,1.0,0.913
w11-ent001-s53,w11-ent001,53,3505152,0.53,1.074,-0.978,0.2413,0.0,0.0,0.0,0.0,1.0,0.913
w11-ent001-s53,w11-ent001,53,3535872,0.38,0.955,-0.978,0.3484,0.0,0.0,0.0,0.0,1.0,0.913
w11-ent001-s53,w11-ent001,53,3566592,0.52,1.087,-1.0,0.2383,0.0,0.0,0.0,0.0,1.0,0.913
w11-ent001-s53,w11-ent001,53,3597312,0.56,1.081,-1.0,0.2982,0.0,0.0,0.0,0.0,1.0,0.912
w11-ent001-s53,w11-ent001,53,3628032,0.53,1.058,-1.0,0.2124,0.0,0.0,0.0,0.0,1.0,0.912
w11-ent001-s53,w11-ent001,53,3658752,0.62,1.137,-1.0,0.391,0.0,0.0,0.0,0.0,1.0,0.912
w11-ent001-s53,w11-ent001,53,3689472,0.56,1.087,-0.975,0.4298,0.0,0.0,0.0,0.0,1.0,0.912
w11-ent001-s53,w11-ent001,53,3720192,0.51,1.043,-0.975,0.4148,0.0,0.0,0.0,0.0,1.0,0.912
w11-ent001-s53,w11-ent001,53,3750912,0.55,1.072,-0.975,0.3541,0.0,0.0,0.0,0.0,1.0,0.912
w11-ent001-s53,w11-ent001,53,3781632,0.57,1.053,-0.964,0.4618,0.0,0.0,0.0,0.0,1.0,0.912
w11-ent001-s53,w11-ent001,53,3812352,0.61,1.085,-0.964,0.3213,0.0,0.0,0.0,0.0,1.0,0.912
w11-ent001-s53,w11-ent001,53,3843072,0.59,1.118,-0.93,0.2696,0.0,0.0,0.0,0.0,1.0,0.912
w11-ent001-s53,w11-ent001,53,3873792,0.54,1.053,-0.916,0.5349,0.0,0.0,0.0,0.0,1.0,0.911
w11-ent001-s53,w11-ent001,53,3904512,0.66,1.166,-0.893,0.3426,0.0,0.0,0.0,0.0,1.0,0.911
w11-ent001-s53,w11-ent001,53,3935232,0.58,1.1,-0.852,0.2251,0.0,0.0,0.0,0.0,1.0,0.911
w11-ent001-s53,w11-ent001,53,3965952,0.52,1.037,-0.84,0.4262,0.0,0.0,0.0,0.0,1.0,0.911
w11-ent001-s53,w11-ent001,53,3996672,0.63,1.114,-0.813,0.2212,0.0,0.0,0.0,0.0,1.0,0.911
w11-ent001-s53,w11-ent001,53,4027392,0.59,1.088,-0.776,0.2945,0.0,0.0,0.0,0.0,1.0,0.911
w11-ent001-s53,w11-ent001,53,4058112,0.57,1.08,-0.762,0.2153,0.0,0.0,0.0,0.0,1.0,0.911
w11-ent001-s53,w11-ent001,53,4088832,0.6,1.106,-0.736,0.3481,0.0,0.0,0.0,0.0,1.0,0.91
w11-ent001-s53,w11-ent001,53,4119552,0.55,1.052,-0.72,0.2492,0.0,0.0,0.0,0.0,1.0,0.91
w11-ent001-s53,w11-ent001,53,4150272,0.53,1.06,-0.685,0.4536,0.0,0.0,0.0,0.0,1.0,0.91
w11-ent001-s53,w11-ent001,53,4180992,0.52,1.035,-0.659,0.3034,0.0,0.0,0.0,0.0,1.0,0.91
w11-ent001-s53,w11-ent001,53,4211712,0.58,1.1,-0.67,0.3983,0.0,0.0,0.0,0.0,1.0,0.91
w11-ent001-s53,w11-ent001,53,4242432,0.48,0.993,-0.647,0.1602,0.0,0.0,0.0,0.0,1.0,0.909
w11-ent001-s53,w11-ent001,53,4273152,0.52,0.995,-0.647,0.3281,0.0,0.0,0.0,0.0,1.0,0.909
w11-ent001-s53,w11-ent001,53,4303872,0.54,1.063,-0.636,0.2956,0.0,0.0,0.0,0.0,1.0,0.909
w11-ent001-s53,w11-ent001,53,4334592,0.48,0.97,-0.59,0.1561,0.0,0.0,0.0,0.0,1.0,0.909
w11-ent001-s53,w11-ent001,53,4365312,0.56,1.047,-0.577,0.3605,0.0,0.0,0.0,0.0,1.0,0.909
w11-ent001-s53,w11-ent001,53,4396032,0.54,1.046,-0.577,0.3716,0.0,0.0,0.0,0.0,1.0,0.909
w11-ent001-s53,w11-ent001,53,4426752,0.58,1.078,-0.546,0.6475,0.0,0.0,0.0,0.0,1.0,0.909
w11-ent001-s53,w11-ent001,53,4457472,0.5,1.014,-0.514,0.3935,0.0,0.0,0.0,0.0,1.0,0.908
w11-ent001-s53,w11-ent001,53,4488192,0.6,1.076,-0.487,0.2684,0.0,0.0,0.0,0.0,1.0,0.908
w11-ent001-s53,w11-ent001,53,4518912,0.54,1.017,-0.487,0.2974,0.0,0.0,0.0,0.0,1.0,0.908
w11-ent001-s53,w11-ent001,53,4549632,0.61,1.114,-0.45,0.3058,0.0,0.0,0.0,0.0,1.0,0.908
w11-ent001-s53,w11-ent001,53,4580352,0.5,1.017,-0.406,0.2339,0.0,0.0,0.0,0.0,1.0,0.908
w11-ent001-s53,w11-ent001,53,4611072,0.6,1.087,-0.406,0.228,0.0,0.0,0.0,0.0,1.0,0.908
w11-ent001-s53,w11-ent001,53,4641792,0.52,1.063,-0.393,0.368,0.0,0.0,0.0,0.0,1.0,0.908
w11-ent001-s53,w11-ent001,53,4672512,0.54,1.041,-0.393,0.2652,0.0,0.0,0.0,0.0,1.0,0.908
w11-ent001-s53,w11-ent001,53,4703232,0.54,1.046,-0.356,0.2079,0.0,0.0,0.0,0.0,1.0,0.907
w11-ent001-s53,w11-ent001,53,4733952,0.6,1.053,-0.356,0.4228,0.0,0.0,0.0,0.0,1.0,0.907
w11-ent001-s53,w11-ent001,53,4764672,0.62,1.111,-0.342,0.2803,0.0,0.0,0.0,0.0,1.0,0.907
w11-ent001-s53,w11-ent001,53,4795392,0.52,1.027,-0.318,0.1879,0.0,0.0,0.0,0.0,1.0,0.907
w11-ent001-s53,w11-ent001,53,4826112,0.57,1.072,-0.295,0.2279,0.0,0.0,0.0,0.0,1.0,0.907
w11-ent001-s53,w11-ent001,53,4856832,0.43,0.968,-0.295,0.2461,0.0,0.0,0.0,0.0,1.0,0.907
w11-ent001-s53,w11-ent001,53,4887552,0.61,1.089,-0.271,0.3332,0.0,0.0,0.0,0.0,1.0,0.907
w11-ent001-s53,w11-ent001,53,4918272,0.55,1.04,-0.26,0.271,0.0,0.0,0.0,0.0,1.0,0.906
w11-ent001-s53,w11-ent001,53,4948992,0.55,1.055,-0.236,0.21,0.0,0.0,0.0,0.0,1.0,0.906
w11-ent001-s53,w11-ent001,53,4979712,0.47,0.975,-0.2,0.3892,0.0,0.0,0.0,0.0,1.0,0.906
w11-ent001-s53,w11-ent001,53,5010432,0.6,1.059,-0.189,0.1682,0.0,0.0,0.0,0.0,1.0,0.906
w11-ent001-s53,w11-ent001,53,5041152,0.51,0.982,-0.178,0.3472,0.0,0.0,0.0,0.0,1.0,0.906
w11-ent001-s53,w11-ent001,53,5071872,0.6,1.067,-0.161,0.4063,0.0,0.0,0.0,0.0,1.0,0.906
w11-ent001-s53,w11-ent001,53,5102592,0.55,1.052,-0.148,0.2589,0.0,0.0,0.0,0.0,1.0,0.905
w11-ent001-s53,w11-ent001,53,5133312,0.6,1.084,-0.124,0.3308,0.0,0.0,0.0,0.0,1.0,0.905
w11-ent001-s53,w11-ent001,53,5164032,0.57,1.057,-0.07,0.4949,0.0,0.0,0.0,0.0,1.0,0.905
w11-ent001-s53,w11-ent001,53,5194752,0.65,1.104,-0.02,0.2209,0.0,0.0,0.0,0.0,1.0,0.905
w11-ent001-s53,w11-ent001,53,5225472,0.58,1.061,0.0,0.4654,0.0,0.0,0.0,0.0,1.0,0.905
w11-ent001-s53,w11-ent001,53,5256192,0.52,1.032,0.0,0.1227,0.0,0.0,0.0,0.0,1.0,0.904
w11-ent001-s53,w11-ent001,53,5286912,0.57,1.053,0.0,0.3585,0.0,0.0,0.0,0.0,1.0,0.904
w11-ent001-s53,w11-ent001,53,5317632,0.51,1.001,0.0,0.4094,0.0,0.0,0.0,0.0,1.0,0.904
w11-ent001-s53,w11-ent001,53,5348352,0.61,1.064,0.0,0.4516,0.0,0.0,0.0,0.0,1.0,0.904
w11-ent001-s53,w11-ent001,53,5379072,0.65,1.137,0.0,0.3194,0.0,0.0,0.0,0.0,1.0,0.904
w11-ent001-s53,w11-ent001,53,5409792,0.61,1.069,0.0,0.4923,0.0,0.0,0.0,0.0,1.0,0.904
w11-ent001-s53,w11-ent001,53,5440512,0.61,1.082,0.0,0.4353,0.0,0.0,0.0,0.0,1.0,0.903
w11-ent001-s53,w11-ent001,53,5471232,0.7,1.147,0.0,0.2695,0.0,0.0,0.0,0.0,1.0,0.903
w11-ent001-s53,w11-ent001,53,5501952,0.57,1.06,0.0,0.3238,0.0,0.0,0.0,0.0,1.0,0.903
w11-ent001-s53,w11-ent001,53,5532672,0.61,1.104,0.0,0.5363,0.0,0.0,0.0,0.0,1.0,0.903
w11-ent001-s53,w11-ent001,53,5563392,0.59,1.057,0.0,0.4955,0.0,0.0,0.0,0.0,1.0,0.903
w11-ent001-s53,w11-ent001,53,5594112,0.57,1.048,0.0,0.3561,0.0,0.0,0.0,0.0,1.0,0.903
w11-ent001-s53,w11-ent001,53,5624832,0.63,1.101,0.0,0.4342,0.0,0.0,0.0,0.0,1.0,0.902
w11-ent001-s53,w11-ent001,53,5655552,0.64,1.075,0.0,0.5195,0.0,0.0,0.0,0.0,1.0,0.902
w11-ent001-s53,w11-ent001,53,5686272,0.7,1.152,0.0,0.3647,0.0,0.0,0.0,0.0,1.0,0.902
w11-ent001-s53,w11-ent001,53,5716992,0.72,1.15,0.0,0.4278,0.0,0.0,0.0,0.0,1.0,0.902
w11-ent001-s53,w11-ent001,53,5747712,0.56,1.013,0.0,0.4155,0.0,0.0,0.0,0.0,1.0,0.902
w11-ent001-s53,w11-ent001,53,5778432,0.67,1.109,0.0,0.596,0.0,0.0,0.0,0.0,1.0,0.902
w11-ent001-s53,w11-ent001,53,5809152,0.61,1.06,0.0,0.5905,0.0,0.0,0.0,0.0,1.0,0.901
w11-ent001-s53,w11-ent001,53,5839872,0.66,1.109,0.0,0.5884,0.0,0.0,0.0,0.0,1.0,0.901
w11-ent001-s53,w11-ent001,53,5870592,0.58,1.036,0.0,0.3639,0.0,0.0,0.0,0.0,1.0,0.901
w11-ent001-s53,w11-ent001,53,5901312,0.64,1.092,0.0,0.5352,0.0,0.0,0.0,0.0,1.0,0.901
w11-ent001-s53,w11-ent001,53,5932032,0.63,1.105,0.0,0.4784,0.0,0.0,0.0,0.0,1.0,0.901
w11-ent001-s53,w11-ent001,53,5962752,0.65,1.092,0.0,0.5404,0.0,0.0,0.0,0.0,1.0,0.9
w11-ent001-s53,w11-ent001,53,5993472,0.66,1.109,0.0,0.6194,0.0,0.0,0.0,0.0,1.0,0.9
w11-ent001-s53,w11-ent001,53,6024192,0.66,1.077,0.0,0.2851,0.0,0.0,0.0,0.0,1.0,0.9
w11-ent001-s53,w11-ent001,53,6054912,0.56,1.042,0.0,0.4603,0.0,0.0,0.0,0.0,1.0,0.9
w11-ent001-s53,w11-ent001,53,6085632,0.75,1.18,0.0,0.6467,0.0,0.0,0.0,0.0,1.0,0.9
w11-ent001-s53,w11-ent001,53,6116352,0.73,1.17,0.0,0.4145,0.0,0.0,0.0,0.0,1.0,0.899
w11-ent001-s53,w11-ent001,53,6147072,0.64,1.094,0.0,0.6249,0.0,0.0,0.0,0.0,1.0,0.899
w11-ent001-s53,w11-ent001,53,6177792,0.61,1.058,0.0,0.665,0.0,0.0,0.0,0.0,1.0,0.899
w11-ent001-s53,w11-ent001,53,6208512,0.65,1.106,0.0,0.6213,0.0,0.0,0.0,0.0,1.0,0.899
w11-ent001-s53,w11-ent001,53,6239232,0.6,1.028,0.0,0.5853,0.0,0.0,0.0,0.0,1.0,0.899
w11-ent001-s53,w11-ent001,53,6269952,0.68,1.123,0.0,0.5953,0.0,0.0,0.0,0.0,1.0,0.899
w11-ent001-s53,w11-ent001,53,6300672,0.69,1.134,0.0,0.4747,0.0,0.0,0.0,0.0,1.0,0.898
w11-ent001-s53,w11-ent001,53,6331392,0.62,1.089,0.0,0.4551,0.0,0.0,0.0,0.0,1.0,0.898
w11-ent001-s53,w11-ent001,53,6362112,0.68,1.12,0.0,0.8337,0.0,0.0,0.0,0.0,1.0,0.898
w11-ent001-s53,w11-ent001,53,6392832,0.74,1.161,0.0,0.7299,0.0,0.0,0.0,0.0,1.0,0.898
w11-ent001-s53,w11-ent001,53,6423552,0.69,1.111,0.0,0.5268,0.0,0.0,0.0,0.0,1.0,0.898
w11-ent001-s53,w11-ent001,53,6454272,0.62,1.055,0.0,0.6736,0.0,0.0,0.0,0.0,1.0,0.897
w11-ent001-s53,w11-ent001,53,6484992,0.66,1.082,0.0,0.7,0.0,0.0,0.0,0.0,1.0,0.897
w11-ent001-s53,w11-ent001,53,6515712,0.69,1.098,0.0,0.551,0.0,0.0,0.0,0.0,1.0,0.897
w11-ent001-s53,w11-ent001,53,6546432,0.74,1.171,0.0,0.6805,0.0,0.0,0.0,0.0,1.0,0.897
w11-ent001-s53,w11-ent001,53,6577152,0.69,1.138,0.0,0.8145,0.0,0.0,0.0,0.0,1.0,0.897
w11-ent001-s53,w11-ent001,53,6607872,0.67,1.131,0.0,0.725,0.0,0.0,0.0,0.0,1.0,0.896
w11-ent001-s53,w11-ent001,53,6638592,0.65,1.108,0.0,0.5378,0.0,0.0,0.0,0.0,1.0,0.896
w11-ent001-s53,w11-ent001,53,6669312,0.68,1.109,0.0,0.8964,0.0,0.0,0.0,0.0,1.0,0.896
w11-ent001-s53,w11-ent001,53,6700032,0.74,1.149,0.0,0.5935,0.0,0.0,0.0,0.0,1.0,0.896
w11-ent001-s53,w11-ent001,53,6730752,0.75,1.188,0.0,0.6274,0.0,0.0,0.0,0.0,1.0,0.896
w11-ent001-s53,w11-ent001,53,6761472,0.61,1.07,0.0,0.7831,0.0,0.0,0.0,0.0,1.0,0.896
w11-ent001-s53,w11-ent001,53,6792192,0.79,1.207,0.0,0.6982,0.0,0.0,0.0,0.0,1.0,0.895
w11-ent001-s53,w11-ent001,53,6822912,0.72,1.15,0.0,0.9582,0.0,0.0,0.0,0.0,1.0,0.895
w11-ent001-s53,w11-ent001,53,6853632,0.66,1.08,0.0,0.5122,0.0,0.0,0.0,0.0,1.0,0.895
w11-ent001-s53,w11-ent001,53,6884352,0.7,1.13,0.0,0.8452,0.0,0.0,0.0,0.0,1.0,0.895
w11-ent001-s53,w11-ent001,53,6915072,0.65,1.097,0.0,0.7755,0.0,0.0,0.0,0.0,1.0,0.895
w11-ent001-s53,w11-ent001,53,6945792,0.71,1.169,0.0,0.7198,0.0,0.0,0.0,0.0,1.0,0.895
w11-ent001-s53,w11-ent001,53,6976512,0.69,1.138,0.0,0.799,0.0,0.0,0.0,0.0,1.0,0.894
w11-ent001-s53,w11-ent001,53,7007232,0.68,1.142,0.0,0.5147,0.0,0.0,0.0,0.0,1.0,0.894
w11-ent001-s53,w11-ent001,53,7037952,0.72,1.138,0.0,0.6689,0.0,0.0,0.0,0.0,1.0,0.894
w11-ent001-s53,w11-ent001,53,7068672,0.79,1.19,0.0,0.8385,0.0,0.0,0.0,0.0,1.0,0.894
w11-ent001-s53,w11-ent001,53,7099392,0.76,1.187,0.0,0.5795,0.0,0.0,0.0,0.0,1.0,0.894
w11-ent001-s53,w11-ent001,53,7130112,0.76,1.215,0.0,0.6907,0.0,0.0,0.0,0.0,1.0,0.894
w11-ent001-s53,w11-ent001,53,7160832,0.74,1.171,0.0,0.6894,0.0,0.0,0.0,0.0,1.0,0.893
w11-ent001-s53,w11-ent001,53,7191552,0.73,1.172,0.0,0.8084,0.0,0.0,0.0,0.0,1.0,0.893
w11-ent001-s53,w11-ent001,53,7222272,0.69,1.128,0.0,0.7732,0.0,0.0,0.0,0.0,1.0,0.893
w11-ent001-s53,w11-ent001,53,7252992,0.66,1.116,0.0,0.7875,0.0,0.0,0.0,0.0,1.0,0.893
w11-ent001-s53,w11-ent001,53,7283712,0.8,1.206,0.0,0.687,0.0,0.0,0.0,0.0,1.0,0.893
w11-ent001-s53,w11-ent001,53,7314432,0.73,1.159,0.0,0.5875,0.0,0.0,0.0,0.0,1.0,0.893
w11-ent001-s53,w11-ent001,53,7345152,0.68,1.113,0.0,0.8135,0.0,0.0,0.0,0.0,1.0,0.892
w11-ent001-s53,w11-ent001,53,7375872,0.81,1.222,0.0,0.8363,0.0,0.0,0.0,0.0,1.0,0.892
w11-ent001-s53,w11-ent001,53,7406592,0.7,1.149,0.0,0.7803,0.0,0.0,0.0,0.0,1.0,0.892
w11-ent001-s53,w11-ent001,53,7437312,0.73,1.158,0.0,0.8209,0.0,0.0,0.0,0.0,1.0,0.892
w11-ent001-s53,w11-ent001,53,7468032,0.69,1.149,0.0,0.8213,0.0,0.0,0.0,0.0,1.0,0.892
w11-ent001-s53,w11-ent001,53,7498752,0.75,1.168,0.0,0.8229,0.0,0.0,0.0,0.0,1.0,0.892
w11-ent001-s53,w11-ent001,53,7529472,0.78,1.204,0.0,0.5835,0.0,0.0,0.0,0.0,1.0,0.891
w11-ent001-s53,w11-ent001,53,7560192,0.7,1.143,0.0,0.6678,0.0,0.0,0.0,0.0,1.0,0.891
w11-ent001-s53,w11-ent001,53,7590912,0.79,1.206,0.0,0.7708,0.0,0.0,0.0,0.0,1.0,0.891
w11-ent001-s53,w11-ent001,53,7621632,0.79,1.193,0.0,0.7213,0.0,0.0,0.0,0.0,1.0,0.891
w11-ent001-s53,w11-ent001,53,7652352,0.69,1.136,0.0,0.9202,0.0,0.0,0.0,0.0,1.0,0.891
w11-ent001-s53,w11-ent001,53,7683072,0.74,1.159,0.0,0.7065,0.0,0.0,0.0,0.0,1.0,0.891
w11-ent001-s53,w11-ent001,53,7713792,0.76,1.2,0.0,0.7209,0.0,0.0,0.0,0.0,1.0,0.891
w11-ent001-s53,w11-ent001,53,7744512,0.75,1.194,0.0,0.672,0.0,0.0,0.0,0.0,1.0,0.89
w11-ent001-s53,w11-ent001,53,7775232,0.66,1.104,0.0,0.8257,0.0,0.0,0.0,0.0,1.0,0.89
w11-ent001-s53,w11-ent001,53,7805952,0.74,1.194,0.0,0.629,0.0,0.0,0.0,0.0,1.0,0.89
w11-ent001-s53,w11-ent001,53,7836672,0.81,1.231,0.0,0.7867,0.0,0.0,0.0,0.0,1.0,0.89
w11-ent001-s53,w11-ent001,53,7867392,0.82,1.233,0.0,0.8305,0.0,0.0,0.0,0.0,1.0,0.89
w11-ent001-s53,w11-ent001,53,7898112,0.77,1.156,0.0,0.7045,0.0,0.0,0.0,0.0,1.0,0.89
w11-ent001-s53,w11-ent001,53,7928832,0.71,1.165,0.0,0.9474,0.0,0.0,0.0,0.0,1.0,0.89
w11-ent001-s53,w11-ent001,53,7959552,0.77,1.203,0.0,0.7787,0.0,0.0,0.0,0.0,1.0,0.889
w11-ent001-s53,w11-ent001,53,7990272,0.68,1.146,0.0,0.5913,0.0,0.0,0.0,0.0,1.0,0.889
w11-ent001-s53,w11-ent001,53,8020992,0.74,1.197,0.0,0.6251,0.0,0.0,0.0,0.0,1.0,0.889
w11-ent001-s53,w11-ent001,53,8051712,0.8,1.22,0.0,0.9481,0.0,0.0,0.0,0.0,1.0,0.889
w11-ent001-s53,w11-ent001,53,8082432,0.76,1.188,0.0,0.8025,0.0,0.0,0.0,0.0,1.0,0.889
w11-ent001-s53,w11-ent001,53,8113152,0.82,1.18,0.0,0.6714,0.0,0.0,0.0,0.0,1.0,0.889
w11-ent001-s53,w11-ent001,53,8143872,0.75,1.207,0.0,0.7438,0.0,0.0,0.0,0.0,1.0,0.889
w11-ent001-s53,w11-ent001,53,8174592,0.81,1.216,0.0,0.8559,0.0,0.0,0.0,0.0,1.0,0.889
w11-ent001-s53,w11-ent001,53,8205312,0.78,1.215,0.0,0.8984,0.0,0.0,0.0,0.0,1.0,0.888
w11-ent001-s53,w11-ent001,53,8236032,0.8,1.228,0.0,0.8556,0.0,0.0,0.0,0.0,1.0,0.888
w11-ent001-s53,w11-ent001,53,8266752,0.77,1.209,0.0,0.6889,0.0,0.0,0.0,0.0,1.0,0.888
w11-ent001-s53,w11-ent001,53,8297472,0.77,1.208,0.0,0.7259,0.0,0.0,0.0,0.0,1.0,0.888
w11-ent001-s53,w11-ent001,53,8328192,0.78,1.176,0.0,0.7748,0.0,0.0,0.0,0.0,1.0,0.888
w11-ent001-s53,w11-ent001,53,8358912,0.8,1.211,0.0,1.0009,0.0,0.0,0.0,0.0,1.0,0.888
w11-ent001-s53,w11-ent001,53,8389632,0.81,1.222,0.0,0.6786,0.0,0.0,0.0,0.0,1.0,0.888
w11-ent001-s53,w11-ent001,53,8420352,0.82,1.24,0.0,0.7932,0.0,0.0,0.0,0.0,1.0,0.888
w11-ent001-s53,w11-ent001,53,8451072,0.78,1.2,0.0,0.7893,0.0,0.0,0.0,0.0,1.0,0.888
w11-ent001-s53,w11-ent001,53,8481792,0.86,1.279,0.0,0.7755,0.0,0.0,0.0,0.0,1.0,0.887
w11-ent001-s53,w11-ent001,53,8512512,0.76,1.181,0.0,0.7671,0.0,0.0,0.0,0.0,1.0,0.887
w11-ent001-s53,w11-ent001,53,8543232,0.76,1.198,0.0,0.6171,0.0,0.0,0.0,0.0,1.0,0.887
w11-ent001-s53,w11-ent001,53,8573952,0.79,1.205,0.0,0.9963,0.0,0.0,0.0,0.0,1.0,0.887
w11-ent001-s53,w11-ent001,53,8604672,0.77,1.178,0.0,0.6823,0.0,0.0,0.0,0.0,1.0,0.887
w11-ent001-s53,w11-ent001,53,8635392,0.78,1.183,0.0,0.6558,0.0,0.0,0.0,0.0,1.0,0.887
w11-ent001-s53,w11-ent001,53,8666112,0.79,1.205,0.0,0.9893,0.0,0.0,0.0,0.0,1.0,0.887
w11-ent001-s53,w11-ent001,53,8696832,0.79,1.219,0.0,0.8505,0.0,0.0,0.0,0.0,1.0,0.887
w11-ent001-s53,w11-ent001,53,8727552,0.79,1.199,0.0,0.7157,0.0,0.0,0.0,0.0,1.0,0.887
w11-ent001-s53,w11-ent001,53,8758272,0.79,1.209,0.0,0.691,0.0,0.0,0.0,0.0,1.0,0.886
w11-ent001-s53,w11-ent001,53,8788992,0.74,1.171,0.0,0.7147,0.0,0.0,0.0,0.0,1.0,0.886
w11-ent001-s53,w11-ent001,53,8819712,0.74,1.172,0.0,0.9517,0.0,0.0,0.0,0.0,1.0,0.886
w11-ent001-s53,w11-ent001,53,8850432,0.76,1.22,0.0,0.8751,0.0,0.0,0.0,0.0,1.0,0.886
w11-ent001-s53,w11-ent001,53,8881152,0.81,1.23,0.0,0.8589,0.0,0.0,0.0,0.0,1.0,0.886
w11-ent001-s53,w11-ent001,53,8911872,0.79,1.22,0.0,0.6953,0.0,0.0,0.0,0.0,1.0,0.886
w11-ent001-s53,w11-ent001,53,8942592,0.77,1.202,0.0,0.9215,0.0,0.0,0.0,0.0,1.0,0.886
w11-ent001-s53,w11-ent001,53,8973312,0.81,1.216,0.0,0.8716,0.0,0.0,0.0,0.0,1.0,0.886
w11-ent001-s53,w11-ent001,53,9004032,0.78,1.206,0.0,0.8724,0.0,0.0,0.0,0.0,1.0,0.885
w11-ent001-s53,w11-ent001,53,9034752,0.78,1.24,0.0,0.6326,0.0,0.0,0.0,0.0,1.0,0.885
w11-ent001-s53,w11-ent001,53,9065472,0.83,1.244,0.0,0.8634,0.0,0.0,0.0,0.0,1.0,0.885
w11-ent001-s53,w11-ent001,53,9096192,0.79,1.239,0.0,0.8888,0.0,0.0,0.0,0.0,1.0,0.885
w11-ent001-s53,w11-ent001,53,9126912,0.77,1.194,0.0,0.8615,0.0,0.0,0.0,0.0,1.0,0.885
w11-ent001-s53,w11-ent001,53,9157632,0.75,1.182,0.0,0.8896,0.0,0.0,0.0,0.0,1.0,0.885
w11-ent001-s53,w11-ent001,53,9188352,0.73,1.153,0.0,0.8129,0.0,0.0,0.0,0.0,1.0,0.885
w11-ent001-s53,w11-ent001,53,9219072,0.8,1.23,0.0,0.9038,0.0,0.0,0.0,0.0,1.0,0.885
w11-ent001-s53,w11-ent001,53,9249792,0.75,1.189,0.0,0.8702,0.0,0.0,0.0,0.0,1.0,0.884
w11-ent001-s53,w11-ent001,53,9280512,0.81,1.239,0.0,0.8033,0.0,0.0,0.0,0.0,1.0,0.884
w11-ent001-s53,w11-ent001,53,9311232,0.82,1.237,0.0,0.8708,0.0,0.0,0.0,0.0,1.0,0.884
w11-ent001-s53,w11-ent001,53,9341952,0.85,1.264,0.0,0.9619,0.0,0.0,0.0,0.0,1.0,0.884
w11-ent001-s53,w11-ent001,53,9372672,0.7,1.137,0.0,0.9054,0.0,0.0,0.0,0.0,1.0,0.884
w11-ent001-s53,w11-ent001,53,9403392,0.86,1.273,0.0,0.9393,0.0,0.0,0.0,0.0,1.0,0.884
w11-ent001-s53,w11-ent001,53,9434112,0.74,1.172,0.0,0.7723,0.0,0.0,0.0,0.0,1.0,0.884
w11-ent001-s53,w11-ent001,53,9464832,0.68,1.138,0.0,0.7821,0.0,0.0,0.0,0.0,1.0,0.884
w11-ent001-s53,w11-ent001,53,9495552,0.76,1.198,0.0,0.7948,0.0,0.0,0.0,0.0,1.0,0.883
w11-ent001-s53,w11-ent001,53,9526272,0.79,1.217,0.0,0.9728,0.0,0.0,0.0,0.0,1.0,0.883
w11-ent001-s53,w11-ent001,53,9556992,0.76,1.153,0.0,0.7933,0.0,0.0,0.0,0.0,1.0,0.883
w11-ent001-s53,w11-ent001,53,9587712,0.81,1.258,0.0,0.9715,0.0,0.0,0.0,0.0,1.0,0.883
w11-ent001-s53,w11-ent001,53,9618432,0.79,1.207,0.0,0.8903,0.0,0.0,0.0,0.0,1.0,0.883
w11-ent001-s53,w11-ent001,53,9649152,0.75,1.166,0.0,0.7958,0.0,0.0,0.0,0.0,1.0,0.883
w11-ent001-s53,w11-ent001,53,9679872,0.8,1.228,0.0,0.8128,0.0,0.0,0.0,0.0,1.0,0.883
w11-ent001-s53,w11-ent001,53,9710592,0.8,1.225,0.0,0.8818,0.0,0.0,0.0,0.0,1.0,0.883
w11-ent001-s53,w11-ent001,53,9741312,0.8,1.223,0.0,0.8723,0.0,0.0,0.0,0.0,1.0,0.883
w11-ent001-s53,w11-ent001,53,9772032,0.81,1.253,0.0,0.9981,0.0,0.0,0.0,0.0,1.0,0.882
w11-ent001-s53,w11-ent001,53,9802752,0.84,1.237,0.0,0.9013,0.0,0.0,0.0,0.0,1.0,0.882
w11-ent001-s53,w11-ent001,53,9833472,0.81,1.249,0.0,1.1016,0.0,0.0,0.0,0.0,1.0,0.882
w11-ent001-s53,w11-ent001,53,9864192,0.82,1.244,0.0,0.9524,0.0,0.0,0.0,0.0,1.0,0.882
w11-ent001-s53,w11-ent001,53,9894912,0.84,1.256,0.0,0.8504,0.0,0.0,0.0,0.0,1.0,0.882
w11-ent001-s53,w11-ent001,53,9925632,0.82,1.257,0.0,0.8864,0.0,0.0,0.0,0.0,1.0,0.882
w11-ent001-s53,w11-ent001,53,9956352,0.87,1.272,0.0,0.8421,0.0,0.0,0.0,0.0,1.0,0.882
w11-ent001-s53,w11-ent001,53,9987072,0.79,1.206,0.0,0.8051,0.0,0.0,0.0,0.0,1.0,0.882
w11-ent001-s53,w11-ent001,53,10017792,0.78,1.202,0.0,0.8587,0.0,0.0,0.0,0.0,1.0,0.882
w11-ent001-s53,w11-ent001,53,10048512,0.83,1.266,0.0,0.8863,0.0,0.0,0.0,0.0,1.0,0.881
w11-ent001-s53,w11-ent001,53,10079232,0.82,1.259,0.0,0.7253,0.0,0.0,0.0,0.0,1.0,0.881
w11-ent001-s53,w11-ent001,53,10109952,0.8,1.233,0.0,1.0276,0.0,0.0,0.0,0.0,1.0,0.881
w11-ent001-s53,w11-ent001,53,10140672,0.84,1.262,0.0,0.8282,0.0,0.0,0.0,0.0,1.0,0.881
w11-ent001-s53,w11-ent001,53,10171392,0.78,1.217,0.0,0.8911,0.0,0.0,0.0,0.0,1.0,0.881
w11-ent001-s53,w11-ent001,53,10202112,0.82,1.251,0.0,0.899,0.0,0.0,0.0,0.0,1.0,0.881
w11-ent001-s53,w11-ent001,53,10232832,0.81,1.27,0.0,0.9479,0.0,0.0,0.0,0.0,1.0,0.881
w11-ent001-s53,w11-ent001,53,10263552,0.77,1.197,0.0,0.8773,0.0,0.0,0.0,0.0,1.0,0.881
w11-ent001-s53,w11-ent001,53,10294272,0.77,1.248,0.0,1.0049,0.0,0.0,0.0,0.0,1.0,0.88
w11-ent001-s53,w11-ent001,53,10324992,0.78,1.23,0.0,0.9152,0.0,0.0,0.0,0.0,1.0,0.88
w11-ent001-s53,w11-ent001,53,10355712,0.82,1.224,0.0,0.9214,0.0,0.0,0.0,0.0,1.0,0.88
w11-ent001-s53,w11-ent001,53,10386432,0.8,1.236,0.0,0.809,0.0,0.0,0.0,0.0,1.0,0.88
w11-ent001-s53,w11-ent001,53,10417152,0.79,1.238,0.0,0.8219,0.0,0.0,0.0,0.0,1.0,0.88
w11-ent001-s53,w11-ent001,53,10447872,0.77,1.218,0.0,0.9446,0.0,0.0,0.0,0.0,1.0,0.88
w11-ent001-s53,w11-ent001,53,10478592,0.77,1.193,0.0,1.0232,0.0,0.0,0.0,0.0,1.0,0.88
w11-ent001-s53,w11-ent001,53,10509312,0.82,1.244,0.0,0.9078,0.0,0.0,0.0,0.0,1.0,0.88
w11-ent001-s53,w11-ent001,53,10540032,0.82,1.233,0.0,1.0162,0.0,0.0,0.0,0.0,1.0,0.88
w11-ent001-s53,w11-ent001,53,10570752,0.85,1.282,0.0,0.9101,0.0,0.0,0.0,0.0,1.0,0.88
w11-ent001-s53,w11-ent001,53,10601472,0.83,1.256,0.0,0.9613,0.0,0.0,0.0,0.0,1.0,0.879
w11-ent001-s53,w11-ent001,53,10632192,0.78,1.232,0.0,0.9493,0.0,0.0,0.0,0.0,1.0,0.879
w11-ent001-s53,w11-ent001,53,10662912,0.75,1.203,0.0,1.0798,0.0,0.0,0.0,0.0,1.0,0.879
w11-ent001-s53,w11-ent001,53,10693632,0.77,1.191,0.0,0.975,0.0,0.0,0.0,0.0,1.0,0.879
w11-ent001-s53,w11-ent001,53,10724352,0.75,1.186,0.0,1.0513,0.0,0.0,0.0,0.0,1.0,0.879
w11-ent001-s53,w11-ent001,53,10755072,0.85,1.249,0.0,0.9366,0.0,0.0,0.0,0.0,1.0,0.879
w11-ent001-s53,w11-ent001,53,10785792,0.87,1.286,0.0,0.8516,0.0,0.0,0.0,0.0,1.0,0.879
w11-ent001-s53,w11-ent001,53,10816512,0.85,1.294,0.0,1.0086,0.0,0.0,0.0,0.0,1.0,0.879
w11-ent001-s53,w11-ent001,53,10847232,0.81,1.212,0.0,1.0367,0.0,0.0,0.0,0.0,1.0,0.879
w11-ent001-s53,w11-ent001,53,10877952,0.75,1.196,0.0,1.0452,0.0,0.0,0.0,0.0,1.0,0.879
w11-ent001-s53,w11-ent001,53,10908672,0.9,1.321,0.0,0.9023,0.0,0.0,0.0,0.0,1.0,0.878
w11-ent001-s53,w11-ent001,53,10939392,0.82,1.245,0.0,0.9663,0.0,0.0,0.0,0.0,1.0,0.878
w11-ent001-s53,w11-ent001,53,10970112,0.83,1.259,0.0,0.9218,0.0,0.0,0.0,0.0,1.0,0.878
w11-ent001-s53,w11-ent001,53,11000832,0.82,1.251,0.0,0.879,0.0,0.0,0.0,0.0,1.0,0.878
w11-ent001-s53,w11-ent001,53,11031552,0.86,1.279,0.0,0.8194,0.0,0.0,0.0,0.0,1.0,0.878
w11-ent001-s53,w11-ent001,53,11062272,0.81,1.264,0.0,1.053,0.0,0.0,0.0,0.0,1.0,0.878
w11-ent001-s53,w11-ent001,53,11092992,0.84,1.275,0.0,1.0952,0.0,0.0,0.0,0.0,1.0,0.878
w11-ent001-s53,w11-ent001,53,11123712,0.8,1.239,0.0,1.067,0.0,0.0,0.0,0.0,1.0,0.878
w11-ent001-s53,w11-ent001,53,11154432,0.85,1.273,0.0,1.1317,0.0,0.0,0.0,0.0,1.0,0.878
w11-ent001-s53,w11-ent001,53,11185152,0.8,1.244,0.0,1.147,0.0,0.0,0.0,0.0,1.0,0.878
w11-ent001-s53,w11-ent001,53,11215872,0.82,1.25,0.0,0.9091,0.0,0.0,0.0,0.0,1.0,0.877
w11-ent001-s53,w11-ent001,53,11246592,0.82,1.278,0.0,1.0626,0.0,0.0,0.0,0.0,1.0,0.877
w11-ent001-s53,w11-ent001,53,11277312,0.87,1.31,0.0,0.976,0.0,0.0,0.0,0.0,1.0,0.877
w11-ent001-s53,w11-ent001,53,11308032,0.87,1.295,0.0,0.9949,0.0,0.0,0.0,0.0,1.0,0.877
w11-ent001-s53,w11-ent001,53,11338752,0.82,1.272,0.0,0.9594,0.0,0.0,0.0,0.0,1.0,0.877
w11-ent001-s53,w11-ent001,53,11369472,0.85,1.286,0.0,0.9132,0.0,0.0,0.0,0.0,1.0,0.877
w11-ent001-s53,w11-ent001,53,11400192,0.81,1.249,0.0,0.9256,0.0,0.0,0.0,0.0,1.0,0.877
w11-ent001-s53,w11-ent001,53,11430912,0.84,1.292,0.0,1.1902,0.0,0.0,0.0,0.0,1.0,0.877
w11-ent001-s53,w11-ent001,53,11461632,0.85,1.277,0.0,0.9655,0.0,0.0,0.0,0.0,1.0,0.877
w11-ent001-s53,w11-ent001,53,11492352,0.83,1.271,0.0,0.9743,0.0,0.0,0.0,0.0,1.0,0.876
w11-ent001-s53,w11-ent001,53,11523072,0.84,1.279,0.0,0.9678,0.0,0.0,0.0,0.0,1.0,0.876
w11-ent001-s53,w11-ent001,53,11553792,0.82,1.24,0.0,0.9442,0.0,0.0,0.0,0.0,1.0,0.876
w11-ent001-s53,w11-ent001,53,11584512,0.84,1.29,0.0,1.0792,0.0,0.0,0.0,0.0,1.0,0.876
w11-ent001-s53,w11-ent001,53,11615232,0.87,1.294,0.0,1.0815,0.0,0.0,0.0,0.0,1.0,0.876
w11-ent001-s53,w11-ent001,53,11645952,0.85,1.29,0.0,1.0295,0.0,0.0,0.0,0.0,1.0,0.876
w11-ent001-s53,w11-ent001,53,11676672,0.81,1.248,0.0,0.9012,0.0,0.0,0.0,0.0,1.0,0.876
w11-ent001-s53,w11-ent001,53,11707392,0.9,1.317,0.0,1.0516,0.0,0.0,0.0,0.0,1.0,0.876
w11-ent001-s53,w11-ent001,53,11738112,0.83,1.28,0.0,1.1313,0.0,0.0,0.0,0.0,1.0,0.876
w11-ent001-s53,w11-ent001,53,11768832,0.88,1.29,0.0,0.9597,0.0,0.0,0.0,0.0,1.0,0.876
w11-ent001-s53,w11-ent001,53,11799552,0.79,1.243,0.0,0.937,0.0,0.0,0.0,0.0,1.0,0.875
w11-ent001-s53,w11-ent001,53,11830272,0.84,1.27,0.0,1.1359,0.0,0.0,0.0,0.0,1.0,0.875
w11-ent001-s53,w11-ent001,53,11860992,0.89,1.298,0.0,1.1287,0.0,0.0,0.0,0.0,1.0,0.875
w11-ent001-s53,w11-ent001,53,11891712,0.82,1.249,0.0,1.0875,0.0,0.0,0.0,0.0,1.0,0.875
w11-ent001-s53,w11-ent001,53,11922432,0.85,1.295,0.0,0.9189,0.0,0.0,0.0,0.0,1.0,0.875
w11-ent001-s53,w11-ent001,53,11953152,0.82,1.24,0.0,1.0361,0.0,0.0,0.0,0.0,1.0,0.875
w11-ent001-s53,w11-ent001,53,11983872,0.76,1.19,0.0,0.9232,0.0,0.0,0.0,0.0,1.0,0.875
w11-ent001-s53,w11-ent001,53,12014592,0.81,1.266,0.0,1.0181,0.0,0.0,0.0,0.0,1.0,0.875
w11-ent001-s53,w11-ent001,53,12045312,0.84,1.284,0.0,1.0783,0.0,0.0,0.0,0.0,1.0,0.875
w11-ent001-s53,w11-ent001,53,12076032,0.79,1.243,0.0,1.0767,0.0,0.0,0.0,0.0,1.0,0.875
w11-ent001-s53,w11-ent001,53,12106752,0.86,1.307,0.0,1.0918,0.0,0.0,0.0,0.0,1.0,0.875
w11-ent001-s53,w11-ent001,53,12137472,0.82,1.27,0.0,1.0007,0.0,0.0,0.0,0.0,1.0,0.874
w11-ent001-s53,w11-ent001,53,12168192,0.83,1.253,0.0,0.9765,0.0,0.0,0.0,0.0,1.0,0.874
w11-ent001-s53,w11-ent001,53,12198912,0.86,1.321,0.0,1.0979,0.0,0.0,0.0,0.0,1.0,0.874
w11-ent001-s53,w11-ent001,53,12229632,0.86,1.309,0.0,1.0545,0.0,0.0,0.0,0.0,1.0,0.874
w11-ent001-s53,w11-ent001,53,12260352,0.81,1.258,0.0,1.087,0.0,0.0,0.0,0.0,1.0,0.874
w11-ent001-s53,w11-ent001,53,12291072,0.86,1.284,0.0,0.9567,0.0,0.0,0.0,0.0,1.0,0.874
w11-ent001-s53,w11-ent001,53,12321792,0.86,1.27,0.0,0.9271,0.0,0.0,0.0,0.0,1.0,0.874
w11-ent001-s53,w11-ent001,53,12352512,0.87,1.317,0.0,0.9995,0.0,0.0,0.0,0.0,1.0,0.874
w11-ent001-s53,w11-ent001,53,12383232,0.83,1.268,0.0,0.9581,0.0,0.0,0.0,0.0,1.0,0.874
w11-ent001-s53,w11-ent001,53,12413952,0.91,1.323,0.0,1.0941,0.0,0.0,0.0,0.0,1.0,0.874
w11-ent001-s53,w11-ent001,53,12444672,0.81,1.26,0.0,1.032,0.0,0.0,0.0,0.0,1.0,0.874
w11-ent001-s53,w11-ent001,53,12475392,0.85,1.29,0.0,1.1049,0.0,0.0,0.0,0.0,1.0,0.873
w11-ent001-s53,w11-ent001,53,12506112,0.81,1.249,0.0,1.1191,0.0,0.0,0.0,0.0,1.0,0.873
w11-ent001-s53,w11-ent001,53,12536832,0.83,1.285,0.0,0.9636,0.0,0.0,0.0,0.0,1.0,0.873
w11-ent001-s53,w11-ent001,53,12567552,0.78,1.228,0.0,1.0502,0.0,0.0,0.0,0.0,1.0,0.873
w11-ent001-s53,w11-ent001,53,12598272,0.82,1.268,0.0,0.9317,0.0,0.0,0.0,0.0,1.0,0.873
w11-ent001-s53,w11-ent001,53,12628992,0.89,1.334,0.0,1.0414,0.0,0.0,0.0,0.0,1.0,0.873
w11-ent001-s53,w11-ent001,53,12659712,0.82,1.252,0.0,1.1596,0.0,0.0,0.0,0.0,1.0,0.873
w11-ent001-s53,w11-ent001,53,12690432,0.83,1.282,0.0,1.1904,0.0,0.0,0.0,0.0,1.0,0.873
w11-ent001-s53,w11-ent001,53,12721152,0.74,1.209,0.0,1.0031,0.0,0.0,0.0,0.0,1.0,0.873
w11-ent001-s53,w11-ent001,53,12751872,0.86,1.291,0.0,0.9931,0.0,0.0,0.0,0.0,1.0,0.873
w11-ent001-s53,w11-ent001,53,12782592,0.81,1.272,0.0,1.0037,0.0,0.0,0.0,0.0,1.0,0.873
w11-ent001-s53,w11-ent001,53,12813312,0.87,1.304,0.0,1.0167,0.0,0.0,0.0,0.0,1.0,0.873
w11-ent001-s53,w11-ent001,53,12844032,0.83,1.273,0.0,1.0744,0.0,0.0,0.0,0.0,1.0,0.872
w11-ent001-s53,w11-ent001,53,12874752,0.84,1.28,0.0,1.0265,0.0,0.0,0.0,0.0,1.0,0.872
w11-ent001-s53,w11-ent001,53,12905472,0.85,1.332,0.0,0.9807,0.0,0.0,0.0,0.0,1.0,0.872
w11-ent001-s53,w11-ent001,53,12936192,0.92,1.345,0.0,1.0623,0.0,0.0,0.0,0.0,1.0,0.872
w11-ent001-s53,w11-ent001,53,12966912,0.84,1.295,0.0,0.8809,0.0,0.0,0.0,0.0,1.0,0.872
w11-ent001-s53,w11-ent001,53,12997632,0.88,1.305,0.0,0.9862,0.0,0.0,0.0,0.0,1.0,0.872
w11-ent001-s53,w11-ent001,53,13028352,0.86,1.305,0.0,0.9614,0.0,0.0,0.0,0.0,1.0,0.872
w11-ent001-s53,w11-ent001,53,13059072,0.85,1.298,0.0,1.1204,0.0,0.0,0.0,0.0,1.0,0.872
w11-ent001-s53,w11-ent001,53,13089792,0.85,1.307,0.0,0.8975,0.0,0.0,0.0,0.0,1.0,0.872
w11-ent001-s53,w11-ent001,53,13120512,0.87,1.335,0.0,1.2123,0.0,0.0,0.0,0.0,1.0,0.872
w11-ent001-s53,w11-ent001,53,13151232,0.86,1.295,0.0,1.1322,0.0,0.0,0.0,0.0,1.0,0.872
w11-ent001-s53,w11-ent001,53,13181952,0.9,1.325,0.0,0.7416,0.0,0.0,0.0,0.0,1.0,0.871
w11-ent001-s53,w11-ent001,53,13212672,0.88,1.294,0.0,0.8678,0.0,0.0,0.0,0.0,1.0,0.871
w11-ent001-s53,w11-ent001,53,13243392,0.85,1.3,0.0,1.0898,0.0,0.0,0.0,0.0,1.0,0.871
w11-ent001-s53,w11-ent001,53,13274112,0.85,1.279,0.0,1.0746,0.0,0.0,0.0,0.0,1.0,0.871
w11-ent001-s53,w11-ent001,53,13304832,0.87,1.307,0.0,1.0483,0.0,0.0,0.0,0.0,1.0,0.871
w11-ent001-s53,w11-ent001,53,13335552,0.84,1.283,0.0,1.1379,0.0,0.0,0.0,0.0,1.0,0.871
w11-ent001-s53,w11-ent001,53,13366272,0.86,1.309,0.0,1.0692,0.0,0.0,0.0,0.0,1.0,0.871
w11-ent001-s53,w11-ent001,53,13396992,0.84,1.281,0.0,1.2218,0.0,0.0,0.0,0.0,1.0,0.871
w11-ent001-s53,w11-ent001,53,13427712,0.87,1.298,0.0,1.0856,0.0,0.0,0.0,0.0,1.0,0.871
w11-ent001-s53,w11-ent001,53,13458432,0.88,1.286,0.0,1.0146,0.0,0.0,0.0,0.0,1.0,0.871
w11-ent001-s53,w11-ent001,53,13489152,0.89,1.332,0.0,0.9841,0.0,0.0,0.0,0.0,1.0,0.871
w11-ent001-s53,w11-ent001,53,13519872,0.84,1.298,0.0,0.9296,0.0,0.0,0.0,0.0,1.0,0.871
w11-ent001-s53,w11-ent001,53,13550592,0.81,1.278,0.0,1.0754,0.0,0.0,0.0,0.0,1.0,0.87
w11-ent001-s53,w11-ent001,53,13581312,0.87,1.297,0.0,0.8484,0.0,0.0,0.0,0.0,1.0,0.87
w11-ent001-s53,w11-ent001,53,13612032,0.93,1.368,0.0,1.0884,0.0,0.0,0.0,0.0,1.0,0.87
w11-ent001-s53,w11-ent001,53,13642752,0.86,1.293,0.0,1.0666,0.0,0.0,0.0,0.0,1.0,0.87
w11-ent001-s53,w11-ent001,53,13673472,0.86,1.284,0.0,0.9958,0.0,0.0,0.0,0.0,1.0,0.87
w11-ent001-s53,w11-ent001,53,13704192,0.85,1.298,0.0,0.9555,0.0,0.0,0.0,0.0,1.0,0.87
w11-ent001-s53,w11-ent001,53,13734912,0.87,1.312,0.0,1.2198,0.0,0.0,0.0,0.0,1.0,0.87
w11-ent001-s53,w11-ent001,53,13765632,0.86,1.304,0.0,1.1767,0.0,0.0,0.0,0.0,1.0,0.87
w11-ent001-s53,w11-ent001,53,13796352,0.83,1.269,0.0,1.0528,0.0,0.0,0.0,0.0,1.0,0.87
w11-ent001-s53,w11-ent001,53,13827072,0.82,1.27,0.0,1.0469,0.0,0.0,0.0,0.0,1.0,0.87
w11-ent001-s53,w11-ent001,53,13857792,0.86,1.317,0.0,1.1165,0.0,0.0,0.0,0.0,1.0,0.87
w11-ent001-s53,w11-ent001,53,13888512,0.85,1.272,0.0,1.112,0.0,0.0,0.0,0.0,1.0,0.87
w11-ent001-s53,w11-ent001,53,13919232,0.9,1.323,0.0,1.1465,0.0,0.0,0.0,0.0,1.0,0.87
w11-ent001-s53,w11-ent001,53,13949952,0.86,1.309,0.0,1.0993,0.0,0.0,0.0,0.0,1.0,0.869
w11-ent001-s53,w11-ent001,53,13980672,0.82,1.263,0.0,1.1928,0.0,0.0,0.0,0.0,1.0,0.869
w11-ent001-s53,w11-ent001,53,14011392,0.91,1.33,0.0,1.0641,0.0,0.0,0.0,0.0,1.0,0.869
w11-ent001-s53,w11-ent001,53,14042112,0.93,1.354,0.0,1.1231,0.0,0.0,0.0,0.0,1.0,0.869
w11-ent001-s53,w11-ent001,53,14072832,0.9,1.345,0.0,1.1552,0.0,0.0,0.0,0.0,1.0,0.869
w11-ent001-s53,w11-ent001,53,14103552,0.85,1.305,0.0,1.0412,0.0,0.0,0.0,0.0,1.0,0.869
w11-ent001-s53,w11-ent001,53,14134272,0.82,1.291,0.0,1.0848,0.0,0.0,0.0,0.0,1.0,0.869
w11-ent001-s53,w11-ent001,53,14164992,0.88,1.301,0.0,1.0903,0.0,0.0,0.0,0.0,1.0,0.869
w11-ent001-s53,w11-ent001,53,14195712,0.86,1.287,0.0,0.904,0.0,0.0,0.0,0.0,1.0,0.869
w11-ent001-s53,w11-ent001,53,14226432,0.87,1.298,0.0,1.041,0.0,0.0,0.0,0.0,1.0,0.869
w11-ent001-s53,w11-ent001,53,14257152,0.9,1.334,0.0,1.1398,0.0,0.0,0.0,0.0,1.0,0.869
w11-ent001-s53,w11-ent001,53,14287872,0.9,1.339,0.0,1.1757,0.0,0.0,0.0,0.0,1.0,0.869
w11-ent001-s53,w11-ent001,53,14318592,0.81,1.25,0.0,1.2432,0.0,0.0,0.0,0.0,1.0,0.869
w11-ent001-s53,w11-ent001,53,14349312,0.9,1.341,0.0,1.0208,0.0,0.0,0.0,0.0,1.0,0.869
w11-ent001-s53,w11-ent001,53,14380032,0.88,1.32,0.0,0.9337,0.0,0.0,0.0,0.0,1.0,0.868
w11-ent001-s53,w11-ent001,53,14410752,0.82,1.27,0.0,1.0793,0.0,0.0,0.0,0.0,1.0,0.868
w11-ent001-s53,w11-ent001,53,14441472,0.87,1.33,0.0,0.9012,0.0,0.0,0.0,0.0,1.0,0.868
w11-ent001-s53,w11-ent001,53,14472192,0.8,1.245,0.0,1.1937,0.0,0.0,0.0,0.0,1.0,0.868
w11-ent001-s53,w11-ent001,53,14502912,0.82,1.28,0.0,1.1495,0.0,0.0,0.0,0.0,1.0,0.868
w11-ent001-s53,w11-ent001,53,14533632,0.84,1.258,0.0,1.0893,0.0,0.0,0.0,0.0,1.0,0.868
w11-ent001-s53,w11-ent001,53,14564352,0.95,1.372,0.0,1.0058,0.0,0.0,0.0,0.0,1.0,0.868
w11-ent001-s53,w11-ent001,53,14595072,0.85,1.277,0.0,1.0442,0.0,0.0,0.0,0.0,1.0,0.868
w11-ent001-s53,w11-ent001,53,14625792,0.87,1.323,0.0,0.9716,0.0,0.0,0.0,0.0,1.0,0.868
w11-ent001-s53,w11-ent001,53,14656512,0.82,1.268,0.0,1.081,0.0,0.0,0.0,0.0,1.0,0.868
w11-ent001-s53,w11-ent001,53,14687232,0.85,1.283,0.0,0.9093,0.0,0.0,0.0,0.0,1.0,0.868
w11-ent001-s53,w11-ent001,53,14717952,0.88,1.315,0.0,1.1118,0.0,0.0,0.0,0.0,1.0,0.868
w11-ent001-s53,w11-ent001,53,14748672,0.82,1.254,0.0,1.105,0.0,0.0,0.0,0.0,1.0,0.868
w11-ent001-s53,w11-ent001,53,14779392,0.83,1.286,0.0,1.1041,0.0,0.0,0.0,0.0,1.0,0.868
w11-ent001-s53,w11-ent001,53,14810112,0.91,1.335,0.0,1.0089,0.0,0.0,0.0,0.0,1.0,0.867
w11-ent001-s53,w11-ent001,53,14840832,0.78,1.232,0.0,1.143,0.0,0.0,0.0,0.0,1.0,0.867
w11-ent001-s53,w11-ent001,53,14871552,0.88,1.322,0.0,1.1277,0.0,0.0,0.0,0.0,1.0,0.867
w11-ent001-s53,w11-ent001,53,14902272,0.92,1.366,0.0,1.0776,0.0,0.0,0.0,0.0,1.0,0.867
w11-ent001-s53,w11-ent001,53,14932992,0.85,1.291,0.0,1.0856,0.0,0.0,0.0,0.0,1.0,0.867
w11-ent001-s53,w11-ent001,53,14963712,0.85,1.312,0.0,1.1472,0.0,0.0,0.0,0.0,1.0,0.867
w11-ent001-s53,w11-ent001,53,14994432,0.9,1.342,0.0,1.0667,0.0,0.0,0.0,0.0,1.0,0.867
w11-ent001-s53,w11-ent001,53,14997504,0.92,1.334,0.0,1.2,0.0,0.0,0.0,0.0,1.0,0.867
w11-ent003-s51,w11-ent003,51,3072,0.0,0.423,-1.0,,,,,,,
w11-ent003-s51,w11-ent003,51,33792,0.0,0.427,-1.0,-1.0,0.0,0.0,0.0,0.0,0.971,0.941
w11-ent003-s51,w11-ent003,51,64512,0.01,0.495,-1.0,-0.9504,0.0,0.0,0.0,0.0,0.988,0.94
w11-ent003-s51,w11-ent003,51,95232,0.0,0.515,-1.0,-0.9751,0.0,0.0,0.0,0.0,0.995,0.94
w11-ent003-s51,w11-ent003,51,125952,0.02,0.536,-1.0,-0.9255,0.0,0.0,0.0,0.0,0.997,0.941
w11-ent003-s51,w11-ent003,51,156672,0.0,0.503,-1.0,-0.9256,0.0,0.0,0.0,0.0,0.998,0.94
w11-ent003-s51,w11-ent003,51,187392,0.03,0.526,-1.0,-0.903,0.0,0.0,0.0,0.0,1.0,0.94
w11-ent003-s51,w11-ent003,51,218112,0.04,0.564,-1.0,-0.8763,0.0,0.0,0.0,0.0,1.0,0.941
w11-ent003-s51,w11-ent003,51,248832,0.02,0.502,-1.0,-1.0,0.0,0.0,0.0,0.0,1.0,0.942
w11-ent003-s51,w11-ent003,51,279552,0.04,0.558,-1.0,-1.0,0.0,0.0,0.0,0.0,1.0,0.942
w11-ent003-s51,w11-ent003,51,310272,0.02,0.56,-1.0,-0.9043,0.0,0.0,0.0,0.0,1.0,0.943
w11-ent003-s51,w11-ent003,51,340992,0.06,0.59,-1.0,-0.9502,0.0,0.0,0.0,0.0,1.0,0.943
w11-ent003-s51,w11-ent003,51,371712,0.05,0.58,-1.0,-0.9068,0.0,0.0,0.0,0.0,1.0,0.943
w11-ent003-s51,w11-ent003,51,402432,0.01,0.537,-1.0,-0.8788,0.0,0.0,0.0,0.0,1.0,0.944
w11-ent003-s51,w11-ent003,51,433152,0.04,0.561,-1.0,-0.9257,0.0,0.0,0.0,0.0,1.0,0.944
w11-ent003-s51,w11-ent003,51,463872,0.02,0.559,-1.0,-0.8372,0.0,0.0,0.0,0.0,1.0,0.944
w11-ent003-s51,w11-ent003,51,494592,0.03,0.553,-1.0,-0.9106,0.0,0.0,0.0,0.0,1.0,0.945
w11-ent003-s51,w11-ent003,51,525312,0.04,0.559,-1.0,-0.9142,0.0,0.0,0.0,0.0,1.0,0.945
w11-ent003-s51,w11-ent003,51,556032,0.04,0.585,-1.0,-0.9281,0.0,0.0,0.0,0.0,1.0,0.945
w11-ent003-s51,w11-ent003,51,586752,0.01,0.535,-1.0,-0.88,0.0,0.0,0.0,0.0,1.0,0.945
w11-ent003-s51,w11-ent003,51,617472,0.07,0.609,-1.0,-0.8294,0.0,0.0,0.0,0.0,1.0,0.945
w11-ent003-s51,w11-ent003,51,648192,0.07,0.631,-1.0,-0.8158,0.0,0.0,0.0,0.0,1.0,0.945
w11-ent003-s51,w11-ent003,51,678912,0.05,0.606,-1.0,-0.7616,0.0,0.0,0.0,0.0,1.0,0.945
w11-ent003-s51,w11-ent003,51,709632,0.03,0.586,-1.0,-0.9048,0.0,0.0,0.0,0.0,1.0,0.945
w11-ent003-s51,w11-ent003,51,740352,0.04,0.583,-1.0,-0.8572,0.0,0.0,0.0,0.0,1.0,0.945
w11-ent003-s51,w11-ent003,51,771072,0.05,0.593,-1.0,-0.8287,0.0,0.0,0.0,0.0,1.0,0.945
w11-ent003-s51,w11-ent003,51,801792,0.04,0.563,-1.0,-0.9325,0.0,0.0,0.0,0.0,1.0,0.945
w11-ent003-s51,w11-ent003,51,832512,0.07,0.583,-1.0,-0.8011,0.0,0.0,0.0,0.0,1.0,0.946
w11-ent003-s51,w11-ent003,51,863232,0.05,0.593,-1.0,-0.7812,0.0,0.0,0.0,0.0,1.0,0.946
w11-ent003-s51,w11-ent003,51,893952,0.1,0.678,-1.0,-0.7622,0.0,0.0,0.0,0.0,1.0,0.946
w11-ent003-s51,w11-ent003,51,924672,0.11,0.658,-1.0,-0.8543,0.0,0.0,0.0,0.0,1.0,0.947
w11-ent003-s51,w11-ent003,51,955392,0.03,0.584,-1.0,-0.7943,0.0,0.0,0.0,0.0,1.0,0.947
w11-ent003-s51,w11-ent003,51,986112,0.11,0.633,-1.0,-0.7596,0.0,0.0,0.0,0.0,1.0,0.947
w11-ent003-s51,w11-ent003,51,1016832,0.06,0.662,-1.0,-0.7093,0.0,0.0,0.0,0.0,1.0,0.947
w11-ent003-s51,w11-ent003,51,1047552,0.06,0.63,-1.0,-0.7831,0.0,0.0,0.0,0.0,1.0,0.947
w11-ent003-s51,w11-ent003,51,1078272,0.08,0.584,-1.0,-0.8614,0.0,0.0,0.0,0.0,1.0,0.948
w11-ent003-s51,w11-ent003,51,1108992,0.06,0.621,-1.0,-0.6857,0.0,0.0,0.0,0.0,1.0,0.948
w11-ent003-s51,w11-ent003,51,1139712,0.08,0.637,-1.0,-0.8078,0.0,0.0,0.0,0.0,1.0,0.948
w11-ent003-s51,w11-ent003,51,1170432,0.05,0.614,-1.0,-0.6394,0.0,0.0,0.0,0.0,1.0,0.948
w11-ent003-s51,w11-ent003,51,1201152,0.08,0.624,-1.0,-0.7865,0.0,0.0,0.0,0.0,1.0,0.948
w11-ent003-s51,w11-ent003,51,1231872,0.07,0.618,-1.0,-0.8365,0.0,0.0,0.0,0.0,1.0,0.948
w11-ent003-s51,w11-ent003,51,1262592,0.06,0.627,-1.0,-0.8147,0.0,0.0,0.0,0.0,1.0,0.948
w11-ent003-s51,w11-ent003,51,1293312,0.04,0.605,-1.0,-0.8133,0.0,0.0,0.0,0.0,1.0,0.948
w11-ent003-s51,w11-ent003,51,1324032,0.08,0.63,-1.0,-0.8532,0.0,0.0,0.0,0.0,1.0,0.948
w11-ent003-s51,w11-ent003,51,1354752,0.06,0.612,-1.0,-0.8275,0.0,0.0,0.0,0.0,1.0,0.948
w11-ent003-s51,w11-ent003,51,1385472,0.14,0.645,-1.0,-0.8064,0.0,0.0,0.0,0.0,1.0,0.948
w11-ent003-s51,w11-ent003,51,1416192,0.04,0.57,-1.0,-0.7815,0.0,0.0,0.0,0.0,1.0,0.948
w11-ent003-s51,w11-ent003,51,1446912,0.11,0.627,-1.0,-0.7387,0.0,0.0,0.0,0.0,1.0,0.949
w11-ent003-s51,w11-ent003,51,1477632,0.11,0.668,-1.0,-0.7401,0.0,0.0,0.0,0.0,1.0,0.949
w11-ent003-s51,w11-ent003,51,1508352,0.11,0.689,-1.0,-0.6116,0.0,0.0,0.0,0.0,1.0,0.949
w11-ent003-s51,w11-ent003,51,1539072,0.08,0.636,-1.0,-0.9049,0.0,0.0,0.0,0.0,1.0,0.949
w11-ent003-s51,w11-ent003,51,1569792,0.14,0.673,-1.0,-0.6666,0.0,0.0,0.0,0.0,1.0,0.949
w11-ent003-s51,w11-ent003,51,1600512,0.15,0.69,-1.0,-0.7544,0.0,0.0,0.0,0.0,1.0,0.949
w11-ent003-s51,w11-ent003,51,1631232,0.07,0.655,-1.0,-0.8532,0.0,0.0,0.0,0.0,1.0,0.949
w11-ent003-s51,w11-ent003,51,1661952,0.08,0.652,-1.0,-0.7664,0.0,0.0,0.0,0.0,1.0,0.949
w11-ent003-s51,w11-ent003,51,1692672,0.13,0.66,-1.0,-0.8795,0.0,0.0,0.0,0.0,1.0,0.949
w11-ent003-s51,w11-ent003,51,1723392,0.1,0.634,-1.0,-0.704,0.0,0.0,0.0,0.0,1.0,0.949
w11-ent003-s51,w11-ent003,51,1754112,0.1,0.635,-1.0,-0.7796,0.0,0.0,0.0,0.0,1.0,0.949
w11-ent003-s51,w11-ent003,51,1784832,0.07,0.632,-1.0,-0.6817,0.0,0.0,0.0,0.0,1.0,0.949
w11-ent003-s51,w11-ent003,51,1815552,0.17,0.721,-1.0,-0.7142,0.0,0.0,0.0,0.0,1.0,0.949
w11-ent003-s51,w11-ent003,51,1846272,0.13,0.628,-1.0,-0.5959,0.0,0.0,0.0,0.0,1.0,0.949
w11-ent003-s51,w11-ent003,51,1876992,0.09,0.61,-1.0,-0.6371,0.0,0.0,0.0,0.0,1.0,0.949
w11-ent003-s51,w11-ent003,51,1907712,0.12,0.672,-1.0,-0.6368,0.0,0.0,0.0,0.0,1.0,0.949
w11-ent003-s51,w11-ent003,51,1938432,0.16,0.677,-1.0,-0.6076,0.0,0.0,0.0,0.0,1.0,0.949
w11-ent003-s51,w11-ent003,51,1969152,0.16,0.701,-1.0,-0.7612,0.0,0.0,0.0,0.0,1.0,0.949
w11-ent003-s51,w11-ent003,51,1999872,0.19,0.705,-1.0,-0.6389,0.0,0.0,0.0,0.0,1.0,0.95
w11-ent003-s51,w11-ent003,51,2030592,0.15,0.675,-1.0,-0.5928,0.0,0.0,0.0,0.0,1.0,0.95
w11-ent003-s51,w11-ent003,51,2061312,0.12,0.628,-1.0,-0.511,0.0,0.0,0.0,0.0,1.0,0.95
w11-ent003-s51,w11-ent003,51,2092032,0.11,0.615,-1.0,-0.6377,0.0,0.0,0.0,0.0,1.0,0.95
w11-ent003-s51,w11-ent003,51,2122752,0.15,0.661,-1.0,-0.5593,0.0,0.0,0.0,0.0,1.0,0.95
w11-ent003-s51,w11-ent003,51,2153472,0.17,0.705,-1.0,-0.7398,0.0,0.0,0.0,0.0,1.0,0.95
w11-ent003-s51,w11-ent003,51,2184192,0.17,0.71,-1.0,-0.6183,0.0,0.0,0.0,0.0,1.0,0.95
w11-ent003-s51,w11-ent003,51,2214912,0.15,0.716,-1.0,-0.6947,0.0,0.0,0.0,0.0,1.0,0.95
w11-ent003-s51,w11-ent003,51,2245632,0.24,0.753,-1.0,-0.7095,0.0,0.0,0.0,0.0,1.0,0.95
w11-ent003-s51,w11-ent003,51,2276352,0.19,0.692,-1.0,-0.5744,0.0,0.0,0.0,0.0,1.0,0.951
w11-ent003-s51,w11-ent003,51,2307072,0.15,0.645,-1.0,-0.4307,0.0,0.0,0.0,0.0,1.0,0.951
w11-ent003-s51,w11-ent003,51,2337792,0.24,0.779,-1.0,-0.5414,0.0,0.0,0.0,0.0,1.0,0.951
w11-ent003-s51,w11-ent003,51,2368512,0.11,0.634,-1.0,-0.5227,0.0,0.0,0.0,0.0,1.0,0.951
w11-ent003-s51,w11-ent003,51,2399232,0.2,0.676,-1.0,-0.6976,0.0,0.0,0.0,0.0,1.0,0.951
w11-ent003-s51,w11-ent003,51,2429952,0.18,0.684,-1.0,-0.6886,0.0,0.0,0.0,0.0,1.0,0.951
w11-ent003-s51,w11-ent003,51,2460672,0.18,0.733,-1.0,-0.5042,0.0,0.0,0.0,0.0,1.0,0.951
w11-ent003-s51,w11-ent003,51,2491392,0.14,0.667,-1.0,-0.6909,0.0,0.0,0.0,0.0,1.0,0.951
w11-ent003-s51,w11-ent003,51,2522112,0.14,0.641,-1.0,-0.6556,0.0,0.0,0.0,0.0,1.0,0.951
w11-ent003-s51,w11-ent003,51,2552832,0.3,0.803,-1.0,-0.5172,0.0,0.0,0.0,0.0,1.0,0.951
w11-ent003-s51,w11-ent003,51,2583552,0.18,0.705,-1.0,-0.5174,0.0,0.0,0.0,0.0,1.0,0.951
w11-ent003-s51,w11-ent003,51,2614272,0.2,0.755,-1.0,-0.5909,0.0,0.0,0.0,0.0,1.0,0.951
w11-ent003-s51,w11-ent003,51,2644992,0.17,0.722,-1.0,-0.6415,0.0,0.0,0.0,0.0,1.0,0.951
w11-ent003-s51,w11-ent003,51,2675712,0.26,0.762,-1.0,-0.5616,0.0,0.0,0.0,0.0,1.0,0.951
w11-ent003-s51,w11-ent003,51,2706432,0.26,0.775,-1.0,-0.451,0.0,0.0,0.0,0.0,1.0,0.951
w11-ent003-s51,w11-ent003,51,2737152,0.25,0.769,-1.0,-0.3423,0.0,0.0,0.0,0.0,1.0,0.951
w11-ent003-s51,w11-ent003,51,2767872,0.33,0.806,-1.0,-0.4064,0.0,0.0,0.0,0.0,1.0,0.951
w11-ent003-s51,w11-ent003,51,2798592,0.17,0.649,-1.0,-0.4951,0.0,0.0,0.0,0.0,1.0,0.951
w11-ent003-s51,w11-ent003,51,2829312,0.19,0.687,-1.0,-0.6209,0.0,0.0,0.0,0.0,1.0,0.951
w11-ent003-s51,w11-ent003,51,2860032,0.13,0.631,-1.0,-0.5941,0.0,0.0,0.0,0.0,1.0,0.951
w11-ent003-s51,w11-ent003,51,2890752,0.22,0.768,-1.0,-0.3579,0.0,0.0,0.0,0.0,1.0,0.951
w11-ent003-s51,w11-ent003,51,2921472,0.23,0.721,-1.0,-0.3927,0.0,0.0,0.0,0.0,1.0,0.951
w11-ent003-s51,w11-ent003,51,2952192,0.17,0.708,-1.0,-0.4292,0.0,0.0,0.0,0.0,1.0,0.951
w11-ent003-s51,w11-ent003,51,2982912,0.2,0.704,-1.0,-0.3851,0.0,0.0,0.0,0.0,1.0,0.951
w11-ent003-s51,w11-ent003,51,3013632,0.25,0.797,-1.0,-0.4759,0.0,0.0,0.0,0.0,1.0,0.951
w11-ent003-s51,w11-ent003,51,3044352,0.29,0.803,-1.0,-0.4153,0.0,0.0,0.0,0.0,1.0,0.951
w11-ent003-s51,w11-ent003,51,3075072,0.3,0.786,-1.0,-0.4052,0.0,0.0,0.0,0.0,1.0,0.951
w11-ent003-s51,w11-ent003,51,3105792,0.28,0.789,-1.0,-0.1569,0.0,0.0,0.0,0.0,1.0,0.951
w11-ent003-s51,w11-ent003,51,3136512,0.3,0.778,-1.0,-0.1594,0.0,0.0,0.0,0.0,1.0,0.951
w11-ent003-s51,w11-ent003,51,3167232,0.25,0.761,-1.0,-0.3381,0.0,0.0,0.0,0.0,1.0,0.951
w11-ent003-s51,w11-ent003,51,3197952,0.32,0.82,-1.0,-0.227,0.0,0.0,0.0,0.0,1.0,0.951
w11-ent003-s51,w11-ent003,51,3228672,0.32,0.805,-1.0,-0.2044,0.0,0.0,0.0,0.0,1.0,0.951
w11-ent003-s51,w11-ent003,51,3259392,0.28,0.779,-1.0,-0.181,0.0,0.0,0.0,0.0,1.0,0.951
w11-ent003-s51,w11-ent003,51,3290112,0.29,0.742,-1.0,-0.3575,0.0,0.0,0.0,0.0,1.0,0.951
w11-ent003-s51,w11-ent003,51,3320832,0.23,0.73,-1.0,-0.2883,0.0,0.0,0.0,0.0,1.0,0.951
w11-ent003-s51,w11-ent003,51,3351552,0.3,0.858,-1.0,-0.3593,0.0,0.0,0.0,0.0,1.0,0.951
w11-ent003-s51,w11-ent003,51,3382272,0.34,0.803,-1.0,-0.3753,0.0,0.0,0.0,0.0,1.0,0.951
w11-ent003-s51,w11-ent003,51,3412992,0.29,0.802,-1.0,-0.4138,0.0,0.0,0.0,0.0,1.0,0.951
w11-ent003-s51,w11-ent003,51,3443712,0.27,0.758,-1.0,-0.226,0.0,0.0,0.0,0.0,1.0,0.951
w11-ent003-s51,w11-ent003,51,3474432,0.34,0.838,-1.0,-0.2411,0.0,0.0,0.0,0.0,1.0,0.951
w11-ent003-s51,w11-ent003,51,3505152,0.31,0.85,-1.0,-0.341,0.0,0.0,0.0,0.0,1.0,0.951
w11-ent003-s51,w11-ent003,51,3535872,0.39,0.884,-1.0,-0.339,0.0,0.0,0.0,0.0,1.0,0.951
w11-ent003-s51,w11-ent003,51,3566592,0.34,0.803,-1.0,-0.283,0.0,0.0,0.0,0.0,1.0,0.951
w11-ent003-s51,w11-ent003,51,3597312,0.33,0.84,-1.0,-0.324,0.0,0.0,0.0,0.0,1.0,0.951
w11-ent003-s51,w11-ent003,51,3628032,0.36,0.856,-1.0,-0.1677,0.0,0.0,0.0,0.0,1.0,0.951
w11-ent003-s51,w11-ent003,51,3658752,0.36,0.876,-1.0,-0.2356,0.0,0.0,0.0,0.0,1.0,0.951
w11-ent003-s51,w11-ent003,51,3689472,0.23,0.772,-1.0,0.0511,0.0,0.0,0.0,0.0,1.0,0.951
w11-ent003-s51,w11-ent003,51,3720192,0.36,0.872,-1.0,-0.2967,0.0,0.0,0.0,0.0,1.0,0.951
w11-ent003-s51,w11-ent003,51,3750912,0.37,0.831,-1.0,-0.222,0.0,0.0,0.0,0.0,1.0,0.951
w11-ent003-s51,w11-ent003,51,3781632,0.32,0.817,-1.0,-0.2174,0.0,0.0,0.0,0.0,1.0,0.951
w11-ent003-s51,w11-ent003,51,3812352,0.3,0.802,-1.0,-0.1363,0.0,0.0,0.0,0.0,1.0,0.951
w11-ent003-s51,w11-ent003,51,3843072,0.27,0.776,-1.0,-0.2533,0.0,0.0,0.0,0.0,1.0,0.951
w11-ent003-s51,w11-ent003,51,3873792,0.34,0.842,-1.0,-0.2101,0.0,0.0,0.0,0.0,1.0,0.951
w11-ent003-s51,w11-ent003,51,3904512,0.36,0.838,-1.0,-0.1601,0.0,0.0,0.0,0.0,1.0,0.951
w11-ent003-s51,w11-ent003,51,3935232,0.36,0.863,-1.0,-0.0891,0.0,0.0,0.0,0.0,1.0,0.951
w11-ent003-s51,w11-ent003,51,3965952,0.24,0.745,-1.0,-0.0458,0.0,0.0,0.0,0.0,1.0,0.951
w11-ent003-s51,w11-ent003,51,3996672,0.36,0.879,-1.0,-0.2981,0.0,0.0,0.0,0.0,1.0,0.951
w11-ent003-s51,w11-ent003,51,4027392,0.39,0.869,-1.0,-0.1607,0.0,0.0,0.0,0.0,1.0,0.951
w11-ent003-s51,w11-ent003,51,4058112,0.43,0.917,-1.0,-0.0862,0.0,0.0,0.0,0.0,1.0,0.951
w11-ent003-s51,w11-ent003,51,4088832,0.35,0.799,-1.0,-0.2072,0.0,0.0,0.0,0.0,1.0,0.951
w11-ent003-s51,w11-ent003,51,4119552,0.4,0.899,-1.0,-0.3225,0.0,0.0,0.0,0.0,1.0,0.951
w11-ent003-s51,w11-ent003,51,4150272,0.43,0.901,-1.0,-0.1136,0.0,0.0,0.0,0.0,1.0,0.951
w11-ent003-s51,w11-ent003,51,4180992,0.42,0.939,-1.0,-0.0868,0.0,0.0,0.0,0.0,1.0,0.951
w11-ent003-s51,w11-ent003,51,4211712,0.4,0.861,-1.0,-0.1097,0.0,0.0,0.0,0.0,1.0,0.951
w11-ent003-s51,w11-ent003,51,4242432,0.42,0.917,-1.0,-0.11,0.0,0.0,0.0,0.0,1.0,0.951
w11-ent003-s51,w11-ent003,51,4273152,0.37,0.88,-1.0,0.0748,0.0,0.0,0.0,0.0,1.0,0.951
w11-ent003-s51,w11-ent003,51,4303872,0.44,0.929,-1.0,-0.1147,0.0,0.0,0.0,0.0,1.0,0.951
w11-ent003-s51,w11-ent003,51,4334592,0.33,0.783,-1.0,0.0362,0.0,0.0,0.0,0.0,1.0,0.95
w11-ent003-s51,w11-ent003,51,4365312,0.49,0.945,-1.0,0.1263,0.0,0.0,0.0,0.0,1.0,0.95
w11-ent003-s51,w11-ent003,51,4396032,0.45,0.932,-1.0,0.2304,0.0,0.0,0.0,0.0,1.0,0.95
w11-ent003-s51,w11-ent003,51,4426752,0.5,0.995,-1.0,-0.0008,0.0,0.0,0.0,0.0,1.0,0.95
w11-ent003-s51,w11-ent003,51,4457472,0.42,0.902,-1.0,0.1183,0.0,0.0,0.0,0.0,1.0,0.95
w11-ent003-s51,w11-ent003,51,4488192,0.38,0.84,-1.0,-0.0052,0.0,0.0,0.0,0.0,1.0,0.95
w11-ent003-s51,w11-ent003,51,4518912,0.44,0.902,-1.0,0.1773,0.0,0.0,0.0,0.0,1.0,0.95
w11-ent003-s51,w11-ent003,51,4549632,0.36,0.87,-1.0,0.2513,0.0,0.0,0.0,0.0,1.0,0.95
w11-ent003-s51,w11-ent003,51,4580352,0.48,0.939,-1.0,-0.0637,0.0,0.0,0.0,0.0,1.0,0.95
w11-ent003-s51,w11-ent003,51,4611072,0.45,0.919,-1.0,0.1543,0.0,0.0,0.0,0.0,1.0,0.95
w11-ent003-s51,w11-ent003,51,4641792,0.48,0.956,-1.0,0.2246,0.0,0.0,0.0,0.0,1.0,0.95
w11-ent003-s51,w11-ent003,51,4672512,0.43,0.908,-1.0,-0.1184,0.0,0.0,0.0,0.0,1.0,0.95
w11-ent003-s51,w11-ent003,51,4703232,0.46,0.965,-1.0,0.2758,0.0,0.0,0.0,0.0,1.0,0.95
w11-ent003-s51,w11-ent003,51,4733952,0.34,0.802,-1.0,0.2286,0.0,0.0,0.0,0.0,1.0,0.949
w11-ent003-s51,w11-ent003,51,4764672,0.42,0.925,-1.0,0.2534,0.0,0.0,0.0,0.0,1.0,0.949
w11-ent003-s51,w11-ent003,51,4795392,0.51,1.01,-1.0,0.1087,0.0,0.0,0.0,0.0,1.0,0.949
w11-ent003-s51,w11-ent003,51,4826112,0.47,0.959,-1.0,0.1144,0.0,0.0,0.0,0.0,1.0,0.949
w11-ent003-s51,w11-ent003,51,4856832,0.47,0.973,-1.0,0.2983,0.0,0.0,0.0,0.0,1.0,0.949
w11-ent003-s51,w11-ent003,51,4887552,0.45,0.937,-1.0,0.1474,0.0,0.0,0.0,0.0,1.0,0.949
w11-ent003-s51,w11-ent003,51,4918272,0.57,1.038,-1.0,0.1124,0.0,0.0,0.0,0.0,1.0,0.949
w11-ent003-s51,w11-ent003,51,4948992,0.49,0.984,-1.0,0.0072,0.0,0.0,0.0,0.0,1.0,0.949
w11-ent003-s51,w11-ent003,51,4979712,0.5,0.963,-1.0,0.2661,0.0,0.0,0.0,0.0,1.0,0.948
w11-ent003-s51,w11-ent003,51,5010432,0.51,0.988,-1.0,0.341,0.0,0.0,0.0,0.0,1.0,0.948
w11-ent003-s51,w11-ent003,51,5041152,0.53,1.024,-1.0,0.1663,0.0,0.0,0.0,0.0,1.0,0.948
w11-ent003-s51,w11-ent003,51,5071872,0.52,1.002,-0.989,0.0732,0.0,0.0,0.0,0.0,1.0,0.948
w11-ent003-s51,w11-ent003,51,5102592,0.61,1.09,-0.974,0.075,0.0,0.0,0.0,0.0,1.0,0.948
w11-ent003-s51,w11-ent003,51,5133312,0.51,1.0,-0.963,0.0644,0.0,0.0,0.0,0.0,1.0,0.948
w11-ent003-s51,w11-ent003,51,5164032,0.51,1.009,-0.963,0.0749,0.0,0.0,0.0,0.0,1.0,0.948
w11-ent003-s51,w11-ent003,51,5194752,0.52,1.033,-0.963,0.0558,0.0,0.0,0.0,0.0,1.0,0.948
w11-ent003-s51,w11-ent003,51,5225472,0.47,0.963,-0.963,0.3721,0.0,0.0,0.0,0.0,1.0,0.947
w11-ent003-s51,w11-ent003,51,5256192,0.57,1.051,-0.938,0.4672,0.0,0.0,0.0,0.0,1.0,0.947
w11-ent003-s51,w11-ent003,51,5286912,0.57,1.058,-0.938,0.3921,0.0,0.0,0.0,0.0,1.0,0.947
w11-ent003-s51,w11-ent003,51,5317632,0.47,0.954,-0.896,0.5719,0.0,0.0,0.0,0.0,1.0,0.947
w11-ent003-s51,w11-ent003,51,5348352,0.48,0.98,-0.884,0.4931,0.0,0.0,0.0,0.0,1.0,0.947
w11-ent003-s51,w11-ent003,51,5379072,0.53,1.022,-0.872,0.2005,0.0,0.0,0.0,0.0,1.0,0.946
w11-ent003-s51,w11-ent003,51,5409792,0.58,1.043,-0.857,0.3052,0.0,0.0,0.0,0.0,1.0,0.946
w11-ent003-s51,w11-ent003,51,5440512,0.52,0.988,-0.842,0.1312,0.0,0.0,0.0,0.0,1.0,0.946
w11-ent003-s51,w11-ent003,51,5471232,0.53,1.002,-0.831,0.4711,0.0,0.0,0.0,0.0,1.0,0.946
w11-ent003-s51,w11-ent003,51,5501952,0.48,0.934,-0.82,0.45,0.0,0.0,0.0,0.0,1.0,0.946
w11-ent003-s51,w11-ent003,51,5532672,0.49,0.942,-0.82,0.1361,0.0,0.0,0.0,0.0,1.0,0.946
w11-ent003-s51,w11-ent003,51,5563392,0.6,1.042,-0.82,0.1059,0.0,0.0,0.0,0.0,1.0,0.946
w11-ent003-s51,w11-ent003,51,5594112,0.51,1.038,-0.809,0.1033,0.0,0.0,0.0,0.0,1.0,0.946
w11-ent003-s51,w11-ent003,51,5624832,0.48,0.983,-0.809,0.1394,0.0,0.0,0.0,0.0,1.0,0.945
w11-ent003-s51,w11-ent003,51,5655552,0.56,1.018,-0.795,0.1432,0.0,0.0,0.0,0.0,1.0,0.945
w11-ent003-s51,w11-ent003,51,5686272,0.57,1.055,-0.795,0.4152,0.0,0.0,0.0,0.0,1.0,0.945
w11-ent003-s51,w11-ent003,51,5716992,0.48,0.972,-0.782,0.3862,0.0,0.0,0.0,0.0,1.0,0.945
w11-ent003-s51,w11-ent003,51,5747712,0.6,1.041,-0.759,0.2957,0.0,0.0,0.0,0.0,1.0,0.945
w11-ent003-s51,w11-ent003,51,5778432,0.52,0.99,-0.759,0.2574,0.0,0.0,0.0,0.0,1.0,0.945
w11-ent003-s51,w11-ent003,51,5809152,0.6,1.057,-0.759,0.2004,0.0,0.0,0.0,0.0,1.0,0.945
w11-ent003-s51,w11-ent003,51,5839872,0.58,1.056,-0.759,0.2923,0.0,0.0,0.0,0.0,1.0,0.944
w11-ent003-s51,w11-ent003,51,5870592,0.58,1.056,-0.734,0.3967,0.0,0.0,0.0,0.0,1.0,0.944
w11-ent003-s51,w11-ent003,51,5901312,0.62,1.094,-0.734,0.3922,0.0,0.0,0.0,0.0,1.0,0.944
w11-ent003-s51,w11-ent003,51,5932032,0.61,1.064,-0.695,0.4605,0.0,0.0,0.0,0.0,1.0,0.944
w11-ent003-s51,w11-ent003,51,5962752,0.42,0.9,-0.659,0.2652,0.0,0.0,0.0,0.0,1.0,0.944
w11-ent003-s51,w11-ent003,51,5993472,0.51,0.987,-0.643,0.1773,0.0,0.0,0.0,0.0,1.0,0.944
w11-ent003-s51,w11-ent003,51,6024192,0.54,1.002,-0.643,0.0381,0.0,0.0,0.0,0.0,1.0,0.944
w11-ent003-s51,w11-ent003,51,6054912,0.56,1.032,-0.624,0.4355,0.0,0.0,0.0,0.0,1.0,0.944
w11-ent003-s51,w11-ent003,51,6085632,0.51,0.968,-0.599,0.3368,0.0,0.0,0.0,0.0,1.0,0.943
w11-ent003-s51,w11-ent003,51,6116352,0.53,1.013,-0.599,0.3883,0.0,0.0,0.0,0.0,1.0,0.943
w11-ent003-s51,w11-ent003,51,6147072,0.57,1.018,-0.599,0.2619,0.0,0.0,0.0,0.0,1.0,0.943
w11-ent003-s51,w11-ent003,51,6177792,0.54,1.031,-0.588,0.4344,0.0,0.0,0.0,0.0,1.0,0.943
w11-ent003-s51,w11-ent003,51,6208512,0.47,0.945,-0.547,0.1977,0.0,0.0,0.0,0.0,1.0,0.943
w11-ent003-s51,w11-ent003,51,6239232,0.57,1.025,-0.547,0.2758,0.0,0.0,0.0,0.0,1.0,0.943
w11-ent003-s51,w11-ent003,51,6269952,0.55,1.024,-0.523,0.4951,0.0,0.0,0.0,0.0,1.0,0.943
w11-ent003-s51,w11-ent003,51,6300672,0.65,1.107,-0.482,0.5072,0.0,0.0,0.0,0.0,1.0,0.942
w11-ent003-s51,w11-ent003,51,6331392,0.49,0.973,-0.44,0.5714,0.0,0.0,0.0,0.0,1.0,0.942
w11-ent003-s51,w11-ent003,51,6362112,0.58,1.03,-0.44,0.3001,0.0,0.0,0.0,0.0,1.0,0.942
w11-ent003-s51,w11-ent003,51,6392832,0.64,1.09,-0.418,0.2418,0.0,0.0,0.0,0.0,1.0,0.942
w11-ent003-s51,w11-ent003,51,6423552,0.57,1.038,-0.393,0.454,0.0,0.0,0.0,0.0,1.0,0.942
w11-ent003-s51,w11-ent003,51,6454272,0.59,1.047,-0.381,0.3056,0.0,0.0,0.0,0.0,1.0,0.942
w11-ent003-s51,w11-ent003,51,6484992,0.5,0.961,-0.381,0.1715,0.0,0.0,0.0,0.0,1.0,0.942
w11-ent003-s51,w11-ent003,51,6515712,0.59,1.055,-0.365,0.5581,0.0,0.0,0.0,0.0,1.0,0.941
w11-ent003-s51,w11-ent003,51,6546432,0.57,1.022,-0.325,0.124,0.0,0.0,0.0,0.0,1.0,0.941
w11-ent003-s51,w11-ent003,51,6577152,0.52,0.982,-0.299,0.2346,0.0,0.0,0.0,0.0,1.0,0.941
w11-ent003-s51,w11-ent003,51,6607872,0.55,1.004,-0.275,0.4924,0.0,0.0,0.0,0.0,1.0,0.941
w11-ent003-s51,w11-ent003,51,6638592,0.5,0.978,-0.263,0.2247,0.0,0.0,0.0,0.0,1.0,0.941
w11-ent003-s51,w11-ent003,51,6669312,0.58,1.034,-0.25,0.1444,0.0,0.0,0.0,0.0,1.0,0.941
w11-ent003-s51,w11-ent003,51,6700032,0.47,0.928,-0.22,0.1541,0.0,0.0,0.0,0.0,1.0,0.941
w11-ent003-s51,w11-ent003,51,6730752,0.54,0.996,-0.22,0.3802,0.0,0.0,0.0,0.0,1.0,0.94
w11-ent003-s51,w11-ent003,51,6761472,0.64,1.092,-0.207,0.2382,0.0,0.0,0.0,0.0,1.0,0.94
w11-ent003-s51,w11-ent003,51,6792192,0.62,1.061,-0.181,0.2446,0.0,0.0,0.0,0.0,1.0,0.94
w11-ent003-s51,w11-ent003,51,6822912,0.59,1.037,-0.156,0.478,0.0,0.0,0.0,0.0,1.0,0.94
w11-ent003-s51,w11-ent003,51,6853632,0.53,0.96,-0.128,0.1442,0.0,0.0,0.0,0.0,1.0,0.94
w11-ent003-s51,w11-ent003,51,6884352,0.53,1.008,-0.128,0.1833,0.0,0.0,0.0,0.0,1.0,0.94
w11-ent003-s51,w11-ent003,51,6915072,0.44,0.924,-0.089,0.5381,0.0,0.0,0.0,0.0,1.0,0.94
w11-ent003-s51,w11-ent003,51,6945792,0.51,0.949,-0.059,0.508,0.0,0.0,0.0,0.0,1.0,0.94
w11-ent003-s51,w11-ent003,51,6976512,0.52,0.977,-0.035,0.2907,0.0,0.0,0.0,0.0,1.0,0.939
w11-ent003-s51,w11-ent003,51,7007232,0.41,0.886,-0.01,0.369,0.0,0.0,0.0,0.0,1.0,0.939
w11-ent003-s51,w11-ent003,51,7037952,0.59,1.017,0.0,0.2107,0.0,0.0,0.0,0.0,1.0,0.939
w11-ent003-s51,w11-ent003,51,7068672,0.62,1.056,0.0,0.2513,0.0,0.0,0.0,0.0,1.0,0.939
w11-ent003-s51,w11-ent003,51,7099392,0.47,0.918,0.0,0.3349,0.0,0.0,0.0,0.0,1.0,0.939
w11-ent003-s51,w11-ent003,51,7130112,0.64,1.041,0.0,0.3777,0.0,0.0,0.0,0.0,1.0,0.939
w11-ent003-s51,w11-ent003,51,7160832,0.54,0.967,0.0,0.5318,0.0,0.0,0.0,0.0,1.0,0.939
w11-ent003-s51,w11-ent003,51,7191552,0.5,0.978,0.0,0.3598,0.0,0.0,0.0,0.0,1.0,0.939
w11-ent003-s51,w11-ent003,51,7222272,0.48,0.951,0.0,0.3922,0.0,0.0,0.0,0.0,1.0,0.939
w11-ent003-s51,w11-ent003,51,7252992,0.54,0.963,0.0,0.3575,0.0,0.0,0.0,0.0,1.0,0.938
w11-ent003-s51,w11-ent003,51,7283712,0.62,1.06,0.0,0.318,0.0,0.0,0.0,0.0,1.0,0.938
w11-ent003-s51,w11-ent003,51,7314432,0.56,1.002,0.0,0.37,0.0,0.0,0.0,0.0,1.0,0.938
w11-ent003-s51,w11-ent003,51,7345152,0.65,1.065,0.0,0.377,0.0,0.0,0.0,0.0,1.0,0.938
w11-ent003-s51,w11-ent003,51,7375872,0.58,1.022,0.0,0.4701,0.0,0.0,0.0,0.0,1.0,0.938
w11-ent003-s51,w11-ent003,51,7406592,0.59,1.01,0.0,0.4751,0.0,0.0,0.0,0.0,1.0,0.938
w11-ent003-s51,w11-ent003,51,7437312,0.58,1.016,0.0,0.3615,0.0,0.0,0.0,0.0,1.0,0.938
w11-ent003-s51,w11-ent003,51,7468032,0.61,1.02,0.0,0.4667,0.0,0.0,0.0,0.0,1.0,0.938
w11-ent003-s51,w11-ent003,51,7498752,0.63,1.067,0.0,0.5843,0.0,0.0,0.0,0.0,1.0,0.937
w11-ent003-s51,w11-ent003,51,7529472,0.54,0.97,0.0,0.4274,0.0,0.0,0.0,0.0,1.0,0.937
w11-ent003-s51,w11-ent003,51,7560192,0.63,1.036,0.0,0.308,0.0,0.0,0.0,0.0,1.0,0.937
w11-ent003-s51,w11-ent003,51,7590912,0.62,1.039,0.0,0.3427,0.0,0.0,0.0,0.0,1.0,0.937
w11-ent003-s51,w11-ent003,51,7621632,0.63,1.051,0.0,0.556,0.0,0.0,0.0,0.0,1.0,0.937
w11-ent003-s51,w11-ent003,51,7652352,0.57,0.977,0.0,0.3909,0.0,0.0,0.0,0.0,1.0,0.937
w11-ent003-s51,w11-ent003,51,7683072,0.56,0.976,0.0,0.5885,0.0,0.0,0.0,0.0,1.0,0.937
w11-ent003-s51,w11-ent003,51,7713792,0.62,1.059,0.0,0.3021,0.0,0.0,0.0,0.0,1.0,0.937
w11-ent003-s51,w11-ent003,51,7744512,0.65,1.04,0.0,0.4394,0.0,0.0,0.0,0.0,1.0,0.936
w11-ent003-s51,w11-ent003,51,7775232,0.65,1.039,0.0,0.2958,0.0,0.0,0.0,0.0,1.0,0.936
w11-ent003-s51,w11-ent003,51,7805952,0.6,1.027,0.0,0.5313,0.0,0.0,0.0,0.0,1.0,0.936
w11-ent003-s51,w11-ent003,51,7836672,0.59,1.009,0.0,0.4384,0.0,0.0,0.0,0.0,1.0,0.936
w11-ent003-s51,w11-ent003,51,7867392,0.62,1.022,0.0,0.3785,0.0,0.0,0.0,0.0,1.0,0.936
w11-ent003-s51,w11-ent003,51,7898112,0.59,1.035,0.0,0.4161,0.0,0.0,0.0,0.0,1.0,0.936
w11-ent003-s51,w11-ent003,51,7928832,0.69,1.114,0.0,0.2313,0.0,0.0,0.0,0.0,1.0,0.936
w11-ent003-s51,w11-ent003,51,7959552,0.52,0.952,0.0,0.1,0.0,0.0,0.0,0.0,1.0,0.936
w11-ent003-s51,w11-ent003,51,7990272,0.54,1.0,0.0,0.3804,0.0,0.0,0.0,0.0,1.0,0.936
w11-ent003-s51,w11-ent003,51,8020992,0.72,1.153,0.0,0.385,0.0,0.0,0.0,0.0,1.0,0.936
w11-ent003-s51,w11-ent003,51,8051712,0.55,0.986,0.0,0.2749,0.0,0.0,0.0,0.0,1.0,0.936
w11-ent003-s51,w11-ent003,51,8082432,0.65,1.069,0.0,0.1702,0.0,0.0,0.0,0.0,1.0,0.935
w11-ent003-s51,w11-ent003,51,8113152,0.54,0.95,0.0,0.3099,0.0,0.0,0.0,0.0,1.0,0.935
w11-ent003-s51,w11-ent003,51,8143872,0.61,1.018,0.0,0.3092,0.0,0.0,0.0,0.0,1.0,0.935
w11-ent003-s51,w11-ent003,51,8174592,0.56,1.011,0.0,0.2849,0.0,0.0,0.0,0.0,1.0,0.935
w11-ent003-s51,w11-ent003,51,8205312,0.57,0.999,0.0,0.4219,0.0,0.0,0.0,0.0,1.0,0.935
w11-ent003-s51,w11-ent003,51,8236032,0.64,1.03,0.0,0.4045,0.0,0.0,0.0,0.0,1.0,0.935
w11-ent003-s51,w11-ent003,51,8266752,0.62,1.044,0.0,0.4793,0.0,0.0,0.0,0.0,1.0,0.935
w11-ent003-s51,w11-ent003,51,8297472,0.62,1.079,0.0,0.4802,0.0,0.0,0.0,0.0,1.0,0.935
w11-ent003-s51,w11-ent003,51,8328192,0.67,1.058,0.0,0.4498,0.0,0.0,0.0,0.0,1.0,0.935
w11-ent003-s51,w11-ent003,51,8358912,0.69,1.121,0.0,0.5252,0.0,0.0,0.0,0.0,1.0,0.934
w11-ent003-s51,w11-ent003,51,8389632,0.64,1.045,0.0,0.3319,0.0,0.0,0.0,0.0,1.0,0.934
w11-ent003-s51,w11-ent003,51,8420352,0.7,1.09,0.0,0.3139,0.0,0.0,0.0,0.0,1.0,0.934
w11-ent003-s51,w11-ent003,51,8451072,0.68,1.084,0.0,0.4273,0.0,0.0,0.0,0.0,1.0,0.934
w11-ent003-s51,w11-ent003,51,8481792,0.62,1.045,0.0,0.3385,0.0,0.0,0.0,0.0,1.0,0.934
w11-ent003-s51,w11-ent003,51,8512512,0.68,1.068,0.0,0.3853,0.0,0.0,0.0,0.0,1.0,0.934
w11-ent003-s51,w11-ent003,51,8543232,0.61,1.021,0.0,0.3936,0.0,0.0,0.0,0.0,1.0,0.934
w11-ent003-s51,w11-ent003,51,8573952,0.62,1.067,0.0,0.6683,0.0,0.0,0.0,0.0,1.0,0.934
w11-ent003-s51,w11-ent003,51,8604672,0.64,1.058,0.0,0.4483,0.0,0.0,0.0,0.0,1.0,0.934
w11-ent003-s51,w11-ent003,51,8635392,0.63,1.059,0.0,0.6269,0.0,0.0,0.0,0.0,1.0,0.934
w11-ent003-s51,w11-ent003,51,8666112,0.59,1.025,0.0,0.4228,0.0,0.0,0.0,0.0,1.0,0.933
w11-ent003-s51,w11-ent003,51,8696832,0.59,1.012,0.0,0.659,0.0,0.0,0.0,0.0,1.0,0.933
w11-ent003-s51,w11-ent003,51,8727552,0.59,0.989,0.0,0.7007,0.0,0.0,0.0,0.0,1.0,0.933
w11-ent003-s51,w11-ent003,51,8758272,0.64,1.044,0.0,0.5359,0.0,0.0,0.0,0.0,1.0,0.933
w11-ent003-s51,w11-ent003,51,8788992,0.61,1.079,0.0,0.4903,0.0,0.0,0.0,0.0,1.0,0.933
w11-ent003-s51,w11-ent003,51,8819712,0.62,1.011,0.0,0.5477,0.0,0.0,0.0,0.0,1.0,0.933
w11-ent003-s51,w11-ent003,51,8850432,0.62,1.047,0.0,0.399,0.0,0.0,0.0,0.0,1.0,0.933
w11-ent003-s51,w11-ent003,51,8881152,0.66,1.025,0.0,0.4237,0.0,0.0,0.0,0.0,1.0,0.933
w11-ent003-s51,w11-ent003,51,8911872,0.64,1.074,0.0,0.4279,0.0,0.0,0.0,0.0,1.0,0.933
w11-ent003-s51,w11-ent003,51,8942592,0.64,1.064,0.0,0.5576,0.0,0.0,0.0,0.0,1.0,0.933
w11-ent003-s51,w11-ent003,51,8973312,0.6,0.998,0.0,0.5281,0.0,0.0,0.0,0.0,1.0,0.932
w11-ent003-s51,w11-ent003,51,9004032,0.67,1.108,0.0,0.6109,0.0,0.0,0.0,0.0,1.0,0.932
w11-ent003-s51,w11-ent003,51,9034752,0.58,1.016,0.0,0.4264,0.0,0.0,0.0,0.0,1.0,0.932
w11-ent003-s51,w11-ent003,51,9065472,0.61,1.004,0.0,0.4326,0.0,0.0,0.0,0.0,1.0,0.932
w11-ent003-s51,w11-ent003,51,9096192,0.68,1.07,0.0,0.4222,0.0,0.0,0.0,0.0,1.0,0.932
w11-ent003-s51,w11-ent003,51,9126912,0.69,1.129,0.0,0.4893,0.0,0.0,0.0,0.0,1.0,0.932
w11-ent003-s51,w11-ent003,51,9157632,0.71,1.146,0.0,0.7468,0.0,0.0,0.0,0.0,1.0,0.932
w11-ent003-s51,w11-ent003,51,9188352,0.66,1.08,0.0,0.6617,0.0,0.0,0.0,0.0,1.0,0.932
w11-ent003-s51,w11-ent003,51,9219072,0.67,1.066,0.0,0.5844,0.0,0.0,0.0,0.0,1.0,0.932
w11-ent003-s51,w11-ent003,51,9249792,0.68,1.087,0.0,0.6228,0.0,0.0,0.0,0.0,1.0,0.932
w11-ent003-s51,w11-ent003,51,9280512,0.69,1.108,0.0,0.6888,0.0,0.0,0.0,0.0,1.0,0.931
w11-ent003-s51,w11-ent003,51,9311232,0.71,1.118,0.0,0.3863,0.0,0.0,0.0,0.0,1.0,0.931
w11-ent003-s51,w11-ent003,51,9341952,0.68,1.087,0.0,0.6857,0.0,0.0,0.0,0.0,1.0,0.931
w11-ent003-s51,w11-ent003,51,9372672,0.66,1.082,0.0,0.4979,0.0,0.0,0.0,0.0,1.0,0.931
w11-ent003-s51,w11-ent003,51,9403392,0.64,1.069,0.0,0.7548,0.0,0.0,0.0,0.0,1.0,0.931
w11-ent003-s51,w11-ent003,51,9434112,0.68,1.099,0.0,0.4671,0.0,0.0,0.0,0.0,1.0,0.931
w11-ent003-s51,w11-ent003,51,9464832,0.68,1.087,0.0,0.5622,0.0,0.0,0.0,0.0,1.0,0.931
w11-ent003-s51,w11-ent003,51,9495552,0.71,1.139,0.0,0.5782,0.0,0.0,0.0,0.0,1.0,0.931
w11-ent003-s51,w11-ent003,51,9526272,0.73,1.138,0.0,0.3746,0.0,0.0,0.0,0.0,1.0,0.931
w11-ent003-s51,w11-ent003,51,9556992,0.67,1.086,0.0,0.5807,0.0,0.0,0.0,0.0,1.0,0.931
w11-ent003-s51,w11-ent003,51,9587712,0.61,1.041,0.0,0.7195,0.0,0.0,0.0,0.0,1.0,0.93
w11-ent003-s51,w11-ent003,51,9618432,0.67,1.071,0.0,0.5523,0.0,0.0,0.0,0.0,1.0,0.93
w11-ent003-s51,w11-ent003,51,9649152,0.68,1.079,0.0,0.5598,0.0,0.0,0.0,0.0,1.0,0.93
w11-ent003-s51,w11-ent003,51,9679872,0.67,1.088,0.0,0.5966,0.0,0.0,0.0,0.0,1.0,0.93
w11-ent003-s51,w11-ent003,51,9710592,0.68,1.088,0.0,0.5782,0.0,0.0,0.0,0.0,1.0,0.93
w11-ent003-s51,w11-ent003,51,9741312,0.75,1.149,0.0,0.3865,0.0,0.0,0.0,0.0,1.0,0.93
w11-ent003-s51,w11-ent003,51,9772032,0.63,1.058,0.0,0.776,0.0,0.0,0.0,0.0,1.0,0.93
w11-ent003-s51,w11-ent003,51,9802752,0.63,1.052,0.0,0.416,0.0,0.0,0.0,0.0,1.0,0.93
w11-ent003-s51,w11-ent003,51,9833472,0.59,1.008,0.0,0.6321,0.0,0.0,0.0,0.0,1.0,0.93
w11-ent003-s51,w11-ent003,51,9864192,0.58,1.004,0.0,0.4968,0.0,0.0,0.0,0.0,1.0,0.93
w11-ent003-s51,w11-ent003,51,9894912,0.67,1.064,0.0,0.5825,0.0,0.0,0.0,0.0,1.0,0.929
w11-ent003-s51,w11-ent003,51,9925632,0.63,1.043,0.0,0.5832,0.0,0.0,0.0,0.0,1.0,0.929
w11-ent003-s51,w11-ent003,51,9956352,0.72,1.139,0.0,0.5549,0.0,0.0,0.0,0.0,1.0,0.929
w11-ent003-s51,w11-ent003,51,9987072,0.68,1.068,0.0,0.5669,0.0,0.0,0.0,0.0,1.0,0.929
w11-ent003-s51,w11-ent003,51,10017792,0.71,1.109,0.0,0.5443,0.0,0.0,0.0,0.0,1.0,0.929
w11-ent003-s51,w11-ent003,51,10048512,0.7,1.112,0.0,0.5976,0.0,0.0,0.0,0.0,1.0,0.929
w11-ent003-s51,w11-ent003,51,10079232,0.68,1.1,0.0,0.5767,0.0,0.0,0.0,0.0,1.0,0.929
w11-ent003-s51,w11-ent003,51,10109952,0.73,1.17,0.0,0.3575,0.0,0.0,0.0,0.0,1.0,0.929
w11-ent003-s51,w11-ent003,51,10140672,0.72,1.133,0.0,0.6744,0.0,0.0,0.0,0.0,1.0,0.929
w11-ent003-s51,w11-ent003,51,10171392,0.71,1.127,0.0,0.5641,0.0,0.0,0.0,0.0,1.0,0.929
w11-ent003-s51,w11-ent003,51,10202112,0.7,1.111,0.0,0.6272,0.0,0.0,0.0,0.0,1.0,0.929
w11-ent003-s51,w11-ent003,51,10232832,0.64,1.029,0.0,0.5362,0.0,0.0,0.0,0.0,1.0,0.929
w11-ent003-s51,w11-ent003,51,10263552,0.69,1.109,0.0,0.4471,0.0,0.0,0.0,0.0,1.0,0.929
w11-ent003-s51,w11-ent003,51,10294272,0.63,1.065,0.0,0.467,0.0,0.0,0.0,0.0,1.0,0.928
w11-ent003-s51,w11-ent003,51,10324992,0.68,1.101,0.0,0.6142,0.0,0.0,0.0,0.0,1.0,0.928
w11-ent003-s51,w11-ent003,51,10355712,0.76,1.151,0.0,0.5639,0.0,0.0,0.0,0.0,1.0,0.928
w11-ent003-s51,w11-ent003,51,10386432,0.7,1.124,0.0,0.6646,0.0,0.0,0.0,0.0,1.0,0.928
w11-ent003-s51,w11-ent003,51,10417152,0.69,1.082,0.0,0.6337,0.0,0.0,0.0,0.0,1.0,0.928
w11-ent003-s51,w11-ent003,51,10447872,0.66,1.071,0.0,0.4859,0.0,0.0,0.0,0.0,1.0,0.928
w11-ent003-s51,w11-ent003,51,10478592,0.69,1.109,0.0,0.6868,0.0,0.0,0.0,0.0,1.0,0.928
w11-ent003-s51,w11-ent003,51,10509312,0.66,1.088,0.0,0.4682,0.0,0.0,0.0,0.0,1.0,0.928
w11-ent003-s51,w11-ent003,51,10540032,0.65,1.069,0.0,0.4127,0.0,0.0,0.0,0.0,1.0,0.928
w11-ent003-s51,w11-ent003,51,10570752,0.63,1.037,0.0,0.5309,0.0,0.0,0.0,0.0,1.0,0.928
w11-ent003-s51,w11-ent003,51,10601472,0.68,1.093,0.0,0.5226,0.0,0.0,0.0,0.0,1.0,0.928
w11-ent003-s51,w11-ent003,51,10632192,0.73,1.142,0.0,0.7341,0.0,0.0,0.0,0.0,1.0,0.928
w11-ent003-s51,w11-ent003,51,10662912,0.69,1.094,0.0,0.4811,0.0,0.0,0.0,0.0,1.0,0.928
w11-ent003-s51,w11-ent003,51,10693632,0.7,1.121,0.0,0.5612,0.0,0.0,0.0,0.0,1.0,0.928
w11-ent003-s51,w11-ent003,51,10724352,0.67,1.134,0.0,0.4401,0.0,0.0,0.0,0.0,1.0,0.927
w11-ent003-s51,w11-ent003,51,10755072,0.71,1.112,0.0,0.5879,0.0,0.0,0.0,0.0,1.0,0.927
w11-ent003-s51,w11-ent003,51,10785792,0.61,1.012,0.0,0.5697,0.0,0.0,0.0,0.0,1.0,0.927
w11-ent003-s51,w11-ent003,51,10816512,0.73,1.12,0.0,0.4956,0.0,0.0,0.0,0.0,1.0,0.927
w11-ent003-s51,w11-ent003,51,10847232,0.61,1.054,0.0,0.561,0.0,0.0,0.0,0.0,1.0,0.927
w11-ent003-s51,w11-ent003,51,10877952,0.65,1.077,0.0,0.6066,0.0,0.0,0.0,0.0,1.0,0.927
w11-ent003-s51,w11-ent003,51,10908672,0.69,1.131,0.0,0.6465,0.0,0.0,0.0,0.0,1.0,0.927
w11-ent003-s51,w11-ent003,51,10939392,0.74,1.148,0.0,0.5969,0.0,0.0,0.0,0.0,1.0,0.927
w11-ent003-s51,w11-ent003,51,10970112,0.64,1.062,0.0,0.6294,0.0,0.0,0.0,0.0,1.0,0.927
w11-ent003-s51,w11-ent003,51,11000832,0.75,1.162,0.0,0.5768,0.0,0.0,0.0,0.0,1.0,0.927
w11-ent003-s51,w11-ent003,51,11031552,0.66,1.087,0.0,0.4735,0.0,0.0,0.0,0.0,1.0,0.927
w11-ent003-s51,w11-ent003,51,11062272,0.73,1.144,0.0,0.7731,0.0,0.0,0.0,0.0,1.0,0.927
w11-ent003-s51,w11-ent003,51,11092992,0.64,1.091,0.0,0.5226,0.0,0.0,0.0,0.0,1.0,0.927
w11-ent003-s51,w11-ent003,51,11123712,0.63,1.087,0.0,0.7809,0.0,0.0,0.0,0.0,1.0,0.927
w11-ent003-s51,w11-ent003,51,11154432,0.74,1.147,0.0,0.6343,0.0,0.0,0.0,0.0,1.0,0.927
w11-ent003-s51,w11-ent003,51,11185152,0.69,1.096,0.0,0.3993,0.0,0.0,0.0,0.0,1.0,0.926
w11-ent003-s51,w11-ent003,51,11215872,0.72,1.149,0.0,0.8337,0.0,0.0,0.0,0.0,1.0,0.926
w11-ent003-s51,w11-ent003,51,11246592,0.68,1.097,0.0,0.6069,0.0,0.0,0.0,0.0,1.0,0.926
w11-ent003-s51,w11-ent003,51,11277312,0.75,1.165,0.0,0.3035,0.0,0.0,0.0,0.0,1.0,0.926
w11-ent003-s51,w11-ent003,51,11308032,0.64,1.078,0.0,0.6583,0.0,0.0,0.0,0.0,1.0,0.926
w11-ent003-s51,w11-ent003,51,11338752,0.7,1.164,0.0,0.5823,0.0,0.0,0.0,0.0,1.0,0.926
w11-ent003-s51,w11-ent003,51,11369472,0.63,1.04,0.0,0.6584,0.0,0.0,0.0,0.0,1.0,0.926
w11-ent003-s51,w11-ent003,51,11400192,0.65,1.069,0.0,0.6797,0.0,0.0,0.0,0.0,1.0,0.926
w11-ent003-s51,w11-ent003,51,11430912,0.77,1.208,0.0,0.5884,0.0,0.0,0.0,0.0,1.0,0.926
w11-ent003-s51,w11-ent003,51,11461632,0.68,1.101,0.0,0.5991,0.0,0.0,0.0,0.0,1.0,0.926
w11-ent003-s51,w11-ent003,51,11492352,0.73,1.148,0.0,0.5628,0.0,0.0,0.0,0.0,1.0,0.926
w11-ent003-s51,w11-ent003,51,11523072,0.73,1.162,0.0,0.6691,0.0,0.0,0.0,0.0,1.0,0.926
w11-ent003-s51,w11-ent003,51,11553792,0.66,1.077,0.0,0.8151,0.0,0.0,0.0,0.0,1.0,0.926
w11-ent003-s51,w11-ent003,51,11584512,0.72,1.125,0.0,0.7167,0.0,0.0,0.0,0.0,1.0,0.926
w11-ent003-s51,w11-ent003,51,11615232,0.68,1.106,0.0,0.7323,0.0,0.0,0.0,0.0,1.0,0.926
w11-ent003-s51,w11-ent003,51,11645952,0.71,1.163,0.0,0.6689,0.0,0.0,0.0,0.0,1.0,0.926
w11-ent003-s51,w11-ent003,51,11676672,0.72,1.139,0.0,0.7438,0.0,0.0,0.0,0.0,1.0,0.925
w11-ent003-s51,w11-ent003,51,11707392,0.68,1.079,0.0,0.6481,0.0,0.0,0.0,0.0,1.0,0.925
w11-ent003-s51,w11-ent003,51,11738112,0.76,1.181,0.0,0.5113,0.0,0.0,0.0,0.0,1.0,0.925
w11-ent003-s51,w11-ent003,51,11768832,0.75,1.173,0.0,0.6762,0.0,0.0,0.0,0.0,1.0,0.925
w11-ent003-s51,w11-ent003,51,11799552,0.69,1.134,0.0,0.6055,0.0,0.0,0.0,0.0,1.0,0.925
w11-ent003-s51,w11-ent003,51,11830272,0.77,1.17,0.0,0.6849,0.0,0.0,0.0,0.0,1.0,0.925
w11-ent003-s51,w11-ent003,51,11860992,0.78,1.181,0.0,0.6942,0.0,0.0,0.0,0.0,1.0,0.925
w11-ent003-s51,w11-ent003,51,11891712,0.68,1.131,0.0,0.7911,0.0,0.0,0.0,0.0,1.0,0.925
w11-ent003-s51,w11-ent003,51,11922432,0.65,1.064,0.0,0.4435,0.0,0.0,0.0,0.0,1.0,0.925
w11-ent003-s51,w11-ent003,51,11953152,0.73,1.151,0.0,0.4033,0.0,0.0,0.0,0.0,1.0,0.925
w11-ent003-s51,w11-ent003,51,11983872,0.6,1.045,0.0,0.7379,0.0,0.0,0.0,0.0,1.0,0.925
w11-ent003-s51,w11-ent003,51,12014592,0.72,1.135,0.0,0.5151,0.0,0.0,0.0,0.0,1.0,0.925
w11-ent003-s51,w11-ent003,51,12045312,0.72,1.14,0.0,0.7892,0.0,0.0,0.0,0.0,1.0,0.925
w11-ent003-s51,w11-ent003,51,12076032,0.73,1.149,0.0,0.702,0.0,0.0,0.0,0.0,1.0,0.925
w11-ent003-s51,w11-ent003,51,12106752,0.7,1.114,0.0,0.567,0.0,0.0,0.0,0.0,1.0,0.925
w11-ent003-s51,w11-ent003,51,12137472,0.63,1.065,0.0,0.6379,0.0,0.0,0.0,0.0,1.0,0.925
w11-ent003-s51,w11-ent003,51,12168192,0.63,1.054,0.0,0.6907,0.0,0.0,0.0,0.0,1.0,0.924
w11-ent003-s51,w11-ent003,51,12198912,0.64,1.048,0.0,0.5801,0.0,0.0,0.0,0.0,1.0,0.924
w11-ent003-s51,w11-ent003,51,12229632,0.63,1.083,0.0,0.7369,0.0,0.0,0.0,0.0,1.0,0.924
w11-ent003-s51,w11-ent003,51,12260352,0.74,1.174,0.0,0.7132,0.0,0.0,0.0,0.0,1.0,0.924
w11-ent003-s51,w11-ent003,51,12291072,0.67,1.096,0.0,0.6304,0.0,0.0,0.0,0.0,1.0,0.924
w11-ent003-s51,w11-ent003,51,12321792,0.76,1.183,0.0,0.6482,0.0,0.0,0.0,0.0,1.0,0.924
w11-ent003-s51,w11-ent003,51,12352512,0.74,1.145,0.0,0.5515,0.0,0.0,0.0,0.0,1.0,0.924
w11-ent003-s51,w11-ent003,51,12383232,0.74,1.186,0.0,0.7186,0.0,0.0,0.0,0.0,1.0,0.924
w11-ent003-s51,w11-ent003,51,12413952,0.68,1.121,0.0,0.5413,0.0,0.0,0.0,0.0,1.0,0.924
w11-ent003-s51,w11-ent003,51,12444672,0.62,1.039,0.0,0.5788,0.0,0.0,0.0,0.0,1.0,0.924
w11-ent003-s51,w11-ent003,51,12475392,0.68,1.122,0.0,0.7168,0.0,0.0,0.0,0.0,1.0,0.924
w11-ent003-s51,w11-ent003,51,12506112,0.75,1.177,0.0,0.8774,0.0,0.0,0.0,0.0,1.0,0.924
w11-ent003-s51,w11-ent003,51,12536832,0.74,1.128,0.0,0.7833,0.0,0.0,0.0,0.0,1.0,0.924
w11-ent003-s51,w11-ent003,51,12567552,0.69,1.11,0.0,0.6681,0.0,0.0,0.0,0.0,1.0,0.924
w11-ent003-s51,w11-ent003,51,12598272,0.67,1.113,0.0,0.569,0.0,0.0,0.0,0.0,1.0,0.924
w11-ent003-s51,w11-ent003,51,12628992,0.79,1.206,0.0,0.7511,0.0,0.0,0.0,0.0,1.0,0.924
w11-ent003-s51,w11-ent003,51,12659712,0.71,1.126,0.0,0.6215,0.0,0.0,0.0,0.0,1.0,0.924
w11-ent003-s51,w11-ent003,51,12690432,0.7,1.091,0.0,0.6979,0.0,0.0,0.0,0.0,1.0,0.924
w11-ent003-s51,w11-ent003,51,12721152,0.64,1.042,0.0,0.6729,0.0,0.0,0.0,0.0,1.0,0.924
w11-ent003-s51,w11-ent003,51,12751872,0.78,1.183,0.0,0.9318,0.0,0.0,0.0,0.0,1.0,0.923
w11-ent003-s51,w11-ent003,51,12782592,0.76,1.183,0.0,0.5307,0.0,0.0,0.0,0.0,1.0,0.923
w11-ent003-s51,w11-ent003,51,12813312,0.71,1.136,0.0,0.7336,0.0,0.0,0.0,0.0,1.0,0.923
w11-ent003-s51,w11-ent003,51,12844032,0.74,1.137,0.0,0.7217,0.0,0.0,0.0,0.0,1.0,0.923
w11-ent003-s51,w11-ent003,51,12874752,0.8,1.226,0.0,0.5199,0.0,0.0,0.0,0.0,1.0,0.923
w11-ent003-s51,w11-ent003,51,12905472,0.66,1.098,0.0,0.8315,0.0,0.0,0.0,0.0,1.0,0.923
w11-ent003-s51,w11-ent003,51,12936192,0.75,1.172,0.0,0.5486,0.0,0.0,0.0,0.0,1.0,0.923
w11-ent003-s51,w11-ent003,51,12966912,0.72,1.155,0.0,0.6739,0.0,0.0,0.0,0.0,1.0,0.923
w11-ent003-s51,w11-ent003,51,12997632,0.73,1.153,0.0,0.5416,0.0,0.0,0.0,0.0,1.0,0.923
w11-ent003-s51,w11-ent003,51,13028352,0.75,1.191,0.0,0.8184,0.0,0.0,0.0,0.0,1.0,0.923
w11-ent003-s51,w11-ent003,51,13059072,0.77,1.177,0.0,0.629,0.0,0.0,0.0,0.0,1.0,0.923
w11-ent003-s51,w11-ent003,51,13089792,0.75,1.188,0.0,0.7479,0.0,0.0,0.0,0.0,1.0,0.923
w11-ent003-s51,w11-ent003,51,13120512,0.76,1.192,0.0,0.7531,0.0,0.0,0.0,0.0,1.0,0.923
w11-ent003-s51,w11-ent003,51,13151232,0.77,1.166,0.0,0.606,0.0,0.0,0.0,0.0,1.0,0.923
w11-ent003-s51,w11-ent003,51,13181952,0.74,1.156,0.0,0.8247,0.0,0.0,0.0,0.0,1.0,0.923
w11-ent003-s51,w11-ent003,51,13212672,0.78,1.204,0.0,0.5351,0.0,0.0,0.0,0.0,1.0,0.923
w11-ent003-s51,w11-ent003,51,13243392,0.77,1.196,0.0,0.5003,0.0,0.0,0.0,0.0,1.0,0.923
w11-ent003-s51,w11-ent003,51,13274112,0.71,1.12,0.0,0.7049,0.0,0.0,0.0,0.0,1.0,0.923
w11-ent003-s51,w11-ent003,51,13304832,0.69,1.126,0.0,0.7941,0.0,0.0,0.0,0.0,1.0,0.923
w11-ent003-s51,w11-ent003,51,13335552,0.71,1.186,0.0,0.7942,0.0,0.0,0.0,0.0,1.0,0.922
w11-ent003-s51,w11-ent003,51,13366272,0.61,1.051,0.0,0.701,0.0,0.0,0.0,0.0,1.0,0.922
w11-ent003-s51,w11-ent003,51,13396992,0.76,1.165,0.0,0.7199,0.0,0.0,0.0,0.0,1.0,0.922
w11-ent003-s51,w11-ent003,51,13427712,0.82,1.222,0.0,0.5925,0.0,0.0,0.0,0.0,1.0,0.922
w11-ent003-s51,w11-ent003,51,13458432,0.8,1.232,0.0,0.6175,0.0,0.0,0.0,0.0,1.0,0.922
w11-ent003-s51,w11-ent003,51,13489152,0.74,1.185,0.0,1.0681,0.0,0.0,0.0,0.0,1.0,0.922
w11-ent003-s51,w11-ent003,51,13519872,0.69,1.143,0.0,0.6851,0.0,0.0,0.0,0.0,1.0,0.922
w11-ent003-s51,w11-ent003,51,13550592,0.76,1.185,0.0,0.6511,0.0,0.0,0.0,0.0,1.0,0.922
w11-ent003-s51,w11-ent003,51,13581312,0.74,1.172,0.0,0.7985,0.0,0.0,0.0,0.0,1.0,0.922
w11-ent003-s51,w11-ent003,51,13612032,0.75,1.195,0.0,0.8115,0.0,0.0,0.0,0.0,1.0,0.922
w11-ent003-s51,w11-ent003,51,13642752,0.74,1.194,0.0,0.6971,0.0,0.0,0.0,0.0,1.0,0.922
w11-ent003-s51,w11-ent003,51,13673472,0.73,1.198,0.0,0.8202,0.0,0.0,0.0,0.0,1.0,0.922
w11-ent003-s51,w11-ent003,51,13704192,0.73,1.171,0.0,0.8484,0.0,0.0,0.0,0.0,1.0,0.922
w11-ent003-s51,w11-ent003,51,13734912,0.76,1.191,0.0,1.0536,0.0,0.0,0.0,0.0,1.0,0.922
w11-ent003-s51,w11-ent003,51,13765632,0.77,1.199,0.0,0.7821,0.0,0.0,0.0,0.0,1.0,0.922
w11-ent003-s51,w11-ent003,51,13796352,0.77,1.219,0.0,0.8938,0.0,0.0,0.0,0.0,1.0,0.922
w11-ent003-s51,w11-ent003,51,13827072,0.79,1.234,0.0,0.7273,0.0,0.0,0.0,0.0,1.0,0.922
w11-ent003-s51,w11-ent003,51,13857792,0.79,1.247,0.0,0.7998,0.0,0.0,0.0,0.0,1.0,0.921
w11-ent003-s51,w11-ent003,51,13888512,0.79,1.243,0.0,0.964,0.0,0.0,0.0,0.0,1.0,0.921
w11-ent003-s51,w11-ent003,51,13919232,0.74,1.194,0.0,0.8824,0.0,0.0,0.0,0.0,1.0,0.921
w11-ent003-s51,w11-ent003,51,13949952,0.72,1.149,0.0,0.6385,0.0,0.0,0.0,0.0,1.0,0.921
w11-ent003-s51,w11-ent003,51,13980672,0.74,1.208,0.0,0.9816,0.0,0.0,0.0,0.0,1.0,0.921
w11-ent003-s51,w11-ent003,51,14011392,0.7,1.169,0.0,0.9087,0.0,0.0,0.0,0.0,1.0,0.921
w11-ent003-s51,w11-ent003,51,14042112,0.78,1.238,0.0,0.9829,0.0,0.0,0.0,0.0,1.0,0.921
w11-ent003-s51,w11-ent003,51,14072832,0.78,1.241,0.0,0.7568,0.0,0.0,0.0,0.0,1.0,0.921
w11-ent003-s51,w11-ent003,51,14103552,0.83,1.268,0.0,0.8919,0.0,0.0,0.0,0.0,1.0,0.921
w11-ent003-s51,w11-ent003,51,14134272,0.83,1.271,0.0,0.7883,0.0,0.0,0.0,0.0,1.0,0.921
w11-ent003-s51,w11-ent003,51,14164992,0.8,1.256,0.0,0.7555,0.0,0.0,0.0,0.0,1.0,0.921
w11-ent003-s51,w11-ent003,51,14195712,0.8,1.246,0.0,0.8542,0.0,0.0,0.0,0.0,1.0,0.921
w11-ent003-s51,w11-ent003,51,14226432,0.8,1.252,0.0,0.8478,0.0,0.0,0.0,0.0,1.0,0.921
w11-ent003-s51,w11-ent003,51,14257152,0.75,1.222,0.0,1.1167,0.0,0.0,0.0,0.0,1.0,0.921
w11-ent003-s51,w11-ent003,51,14287872,0.79,1.248,0.0,0.9531,0.0,0.0,0.0,0.0,1.0,0.921
w11-ent003-s51,w11-ent003,51,14318592,0.73,1.225,0.0,0.7446,0.0,0.0,0.0,0.0,1.0,0.92
w11-ent003-s51,w11-ent003,51,14349312,0.8,1.249,0.0,0.9366,0.0,0.0,0.0,0.0,1.0,0.92
w11-ent003-s51,w11-ent003,51,14380032,0.82,1.261,0.0,0.8757,0.0,0.0,0.0,0.0,1.0,0.92
w11-ent003-s51,w11-ent003,51,14410752,0.78,1.241,0.0,0.772,0.0,0.0,0.0,0.0,1.0,0.92
w11-ent003-s51,w11-ent003,51,14441472,0.75,1.211,0.0,1.0052,0.0,0.0,0.0,0.0,1.0,0.92
w11-ent003-s51,w11-ent003,51,14472192,0.71,1.203,0.0,0.7625,0.0,0.0,0.0,0.0,1.0,0.92
w11-ent003-s51,w11-ent003,51,14502912,0.79,1.254,0.0,0.8342,0.0,0.0,0.0,0.0,1.0,0.92
w11-ent003-s51,w11-ent003,51,14533632,0.79,1.266,0.0,0.7935,0.0,0.0,0.0,0.0,1.0,0.92
w11-ent003-s51,w11-ent003,51,14564352,0.77,1.237,0.0,1.1333,0.0,0.0,0.0,0.0,1.0,0.92
w11-ent003-s51,w11-ent003,51,14595072,0.84,1.256,0.0,0.8127,0.0,0.0,0.0,0.0,1.0,0.92
w11-ent003-s51,w11-ent003,51,14625792,0.77,1.212,0.0,0.7918,0.0,0.0,0.0,0.0,1.0,0.92
w11-ent003-s51,w11-ent003,51,14656512,0.81,1.258,0.0,0.9852,0.0,0.0,0.0,0.0,1.0,0.92
w11-ent003-s51,w11-ent003,51,14687232,0.81,1.263,0.0,0.8448,0.0,0.0,0.0,0.0,1.0,0.92
w11-ent003-s51,w11-ent003,51,14717952,0.84,1.264,0.0,0.87,0.0,0.0,0.0,0.0,1.0,0.92
w11-ent003-s51,w11-ent003,51,14748672,0.84,1.286,0.0,0.9154,0.0,0.0,0.0,0.0,1.0,0.919
w11-ent003-s51,w11-ent003,51,14779392,0.82,1.265,0.0,0.9894,0.0,0.0,0.0,0.0,1.0,0.919
w11-ent003-s51,w11-ent003,51,14810112,0.8,1.233,0.0,0.9881,0.0,0.0,0.0,0.0,1.0,0.919
w11-ent003-s51,w11-ent003,51,14840832,0.85,1.301,0.0,1.0056,0.0,0.0,0.0,0.0,1.0,0.919
w11-ent003-s51,w11-ent003,51,14871552,0.82,1.253,0.0,0.9064,0.0,0.0,0.0,0.0,1.0,0.919
w11-ent003-s51,w11-ent003,51,14902272,0.81,1.267,0.0,0.8608,0.0,0.0,0.0,0.0,1.0,0.919
w11-ent003-s51,w11-ent003,51,14932992,0.83,1.293,0.0,0.8478,0.0,0.0,0.0,0.0,1.0,0.919
w11-ent003-s51,w11-ent003,51,14963712,0.83,1.264,0.0,1.0245,0.0,0.0,0.0,0.0,1.0,0.919
w11-ent003-s51,w11-ent003,51,14994432,0.75,1.226,0.0,0.8755,0.0,0.0,0.0,0.0,1.0,0.919
w11-ent003-s51,w11-ent003,51,14997504,0.81,1.276,0.0,0.95,0.0,0.0,0.0,0.0,1.0,0.919
w11-ent003-s52,w11-ent003,52,3072,0.01,0.421,-1.0,,,,,,,
w11-ent003-s52,w11-ent003,52,33792,0.0,0.417,-1.0,-0.925,0.0,0.0,0.0,0.0,0.968,0.931
w11-ent003-s52,w11-ent003,52,64512,0.01,0.519,-1.0,-1.0,0.0,0.0,0.0,0.0,0.991,0.926
w11-ent003-s52,w11-ent003,52,95232,0.0,0.46,-1.0,-0.9766,0.0,0.0,0.0,0.0,0.998,0.926
w11-ent003-s52,w11-ent003,52,125952,0.02,0.455,-1.0,-0.9502,0.0,0.0,0.0,0.0,0.999,0.93
w11-ent003-s52,w11-ent003,52,156672,0.04,0.539,-1.0,-0.975,0.0,0.0,0.0,0.0,1.0,0.934
w11-ent003-s52,w11-ent003,52,187392,0.02,0.556,-1.0,-0.95,0.0,0.0,0.0,0.0,1.0,0.936
w11-ent003-s52,w11-ent003,52,218112,0.02,0.542,-1.0,-0.9519,0.0,0.0,0.0,0.0,1.0,0.937
w11-ent003-s52,w11-ent003,52,248832,0.0,0.539,-1.0,-0.9529,0.0,0.0,0.0,0.0,1.0,0.939
w11-ent003-s52,w11-ent003,52,279552,0.02,0.561,-1.0,-0.9017,0.0,0.0,0.0,0.0,1.0,0.94
w11-ent003-s52,w11-ent003,52,310272,0.04,0.544,-1.0,-1.0,0.0,0.0,0.0,0.0,1.0,0.941
w11-ent003-s52,w11-ent003,52,340992,0.06,0.563,-1.0,-0.882,0.0,0.0,0.0,0.0,1.0,0.942
w11-ent003-s52,w11-ent003,52,371712,0.07,0.608,-1.0,-0.8326,0.0,0.0,0.0,0.0,1.0,0.944
w11-ent003-s52,w11-ent003,52,402432,0.05,0.58,-1.0,-0.8366,0.0,0.0,0.0,0.0,1.0,0.944
w11-ent003-s52,w11-ent003,52,433152,0.0,0.521,-1.0,-0.9527,0.0,0.0,0.0,0.0,1.0,0.946
w11-ent003-s52,w11-ent003,52,463872,0.02,0.565,-1.0,-0.8518,0.0,0.0,0.0,0.0,1.0,0.947
w11-ent003-s52,w11-ent003,52,494592,0.04,0.563,-1.0,-0.95,0.0,0.0,0.0,0.0,1.0,0.948
w11-ent003-s52,w11-ent003,52,525312,0.05,0.554,-1.0,-0.95,0.0,0.0,0.0,0.0,1.0,0.948
w11-ent003-s52,w11-ent003,52,556032,0.04,0.571,-1.0,-0.8822,0.0,0.0,0.0,0.0,1.0,0.949
w11-ent003-s52,w11-ent003,52,586752,0.06,0.594,-1.0,-0.8771,0.0,0.0,0.0,0.0,1.0,0.95
w11-ent003-s52,w11-ent003,52,617472,0.02,0.56,-1.0,-0.8539,0.0,0.0,0.0,0.0,1.0,0.95
w11-ent003-s52,w11-ent003,52,648192,0.08,0.628,-1.0,-0.8582,0.0,0.0,0.0,0.0,1.0,0.951
w11-ent003-s52,w11-ent003,52,678912,0.05,0.531,-1.0,-0.8826,0.0,0.0,0.0,0.0,1.0,0.951
w11-ent003-s52,w11-ent003,52,709632,0.05,0.582,-1.0,-0.8813,0.0,0.0,0.0,0.0,1.0,0.951
w11-ent003-s52,w11-ent003,52,740352,0.02,0.536,-1.0,-0.9329,0.0,0.0,0.0,0.0,1.0,0.952
w11-ent003-s52,w11-ent003,52,771072,0.07,0.611,-1.0,-0.95,0.0,0.0,0.0,0.0,1.0,0.953
w11-ent003-s52,w11-ent003,52,801792,0.08,0.632,-1.0,-0.8284,0.0,0.0,0.0,0.0,1.0,0.953
w11-ent003-s52,w11-ent003,52,832512,0.11,0.654,-1.0,-0.9054,0.0,0.0,0.0,0.0,1.0,0.953
w11-ent003-s52,w11-ent003,52,863232,0.05,0.574,-1.0,-0.9127,0.0,0.0,0.0,0.0,1.0,0.953
w11-ent003-s52,w11-ent003,52,893952,0.05,0.589,-1.0,-0.8065,0.0,0.0,0.0,0.0,1.0,0.953
w11-ent003-s52,w11-ent003,52,924672,0.05,0.585,-1.0,-0.8777,0.0,0.0,0.0,0.0,1.0,0.953
w11-ent003-s52,w11-ent003,52,955392,0.05,0.591,-1.0,-0.9544,0.0,0.0,0.0,0.0,1.0,0.953
w11-ent003-s52,w11-ent003,52,986112,0.07,0.647,-1.0,-0.8522,0.0,0.0,0.0,0.0,1.0,0.953
w11-ent003-s52,w11-ent003,52,1016832,0.09,0.618,-1.0,-0.8071,0.0,0.0,0.0,0.0,1.0,0.953
w11-ent003-s52,w11-ent003,52,1047552,0.04,0.613,-1.0,-0.7879,0.0,0.0,0.0,0.0,1.0,0.953
w11-ent003-s52,w11-ent003,52,1078272,0.08,0.648,-1.0,-0.9271,0.0,0.0,0.0,0.0,1.0,0.953
w11-ent003-s52,w11-ent003,52,1108992,0.09,0.673,-1.0,-0.8177,0.0,0.0,0.0,0.0,1.0,0.954
w11-ent003-s52,w11-ent003,52,1139712,0.03,0.57,-1.0,-0.909,0.0,0.0,0.0,0.0,1.0,0.954
w11-ent003-s52,w11-ent003,52,1170432,0.07,0.631,-1.0,-0.7906,0.0,0.0,0.0,0.0,1.0,0.954
w11-ent003-s52,w11-ent003,52,1201152,0.09,0.617,-1.0,-0.8554,0.0,0.0,0.0,0.0,1.0,0.953
w11-ent003-s52,w11-ent003,52,1231872,0.04,0.58,-1.0,-0.7123,0.0,0.0,0.0,0.0,1.0,0.954
w11-ent003-s52,w11-ent003,52,1262592,0.07,0.619,-1.0,-0.8591,0.0,0.0,0.0,0.0,1.0,0.954
w11-ent003-s52,w11-ent003,52,1293312,0.08,0.609,-1.0,-0.8394,0.0,0.0,0.0,0.0,1.0,0.954
w11-ent003-s52,w11-ent003,52,1324032,0.18,0.681,-1.0,-0.8103,0.0,0.0,0.0,0.0,1.0,0.954
w11-ent003-s52,w11-ent003,52,1354752,0.04,0.57,-1.0,-0.7835,0.0,0.0,0.0,0.0,1.0,0.954
w11-ent003-s52,w11-ent003,52,1385472,0.1,0.607,-1.0,-0.8109,0.0,0.0,0.0,0.0,1.0,0.954
w11-ent003-s52,w11-ent003,52,1416192,0.08,0.604,-1.0,-0.833,0.0,0.0,0.0,0.0,1.0,0.955
w11-ent003-s52,w11-ent003,52,1446912,0.09,0.625,-1.0,-0.927,0.0,0.0,0.0,0.0,1.0,0.955
w11-ent003-s52,w11-ent003,52,1477632,0.09,0.617,-1.0,-0.7875,0.0,0.0,0.0,0.0,1.0,0.955
w11-ent003-s52,w11-ent003,52,1508352,0.11,0.631,-1.0,-0.875,0.0,0.0,0.0,0.0,1.0,0.955
w11-ent003-s52,w11-ent003,52,1539072,0.03,0.563,-1.0,-0.8559,0.0,0.0,0.0,0.0,1.0,0.955
w11-ent003-s52,w11-ent003,52,1569792,0.07,0.602,-1.0,-0.7351,0.0,0.0,0.0,0.0,1.0,0.955
w11-ent003-s52,w11-ent003,52,1600512,0.08,0.634,-1.0,-0.8083,0.0,0.0,0.0,0.0,1.0,0.955
w11-ent003-s52,w11-ent003,52,1631232,0.09,0.599,-1.0,-0.7205,0.0,0.0,0.0,0.0,1.0,0.955
w11-ent003-s52,w11-ent003,52,1661952,0.08,0.658,-1.0,-0.7663,0.0,0.0,0.0,0.0,1.0,0.955
w11-ent003-s52,w11-ent003,52,1692672,0.12,0.644,-1.0,-0.8652,0.0,0.0,0.0,0.0,1.0,0.955
w11-ent003-s52,w11-ent003,52,1723392,0.12,0.637,-1.0,-0.8076,0.0,0.0,0.0,0.0,1.0,0.955
w11-ent003-s52,w11-ent003,52,1754112,0.04,0.621,-1.0,-0.6833,0.0,0.0,0.0,0.0,1.0,0.955
w11-ent003-s52,w11-ent003,52,1784832,0.05,0.627,-1.0,-0.7845,0.0,0.0,0.0,0.0,1.0,0.955
w11-ent003-s52,w11-ent003,52,1815552,0.1,0.63,-1.0,-0.8611,0.0,0.0,0.0,0.0,1.0,0.954
w11-ent003-s52,w11-ent003,52,1846272,0.12,0.66,-1.0,-0.7309,0.0,0.0,0.0,0.0,1.0,0.954
w11-ent003-s52,w11-ent003,52,1876992,0.1,0.639,-1.0,-0.8044,0.0,0.0,0.0,0.0,1.0,0.954
w11-ent003-s52,w11-ent003,52,1907712,0.09,0.672,-1.0,-0.6691,0.0,0.0,0.0,0.0,1.0,0.954
w11-ent003-s52,w11-ent003,52,1938432,0.12,0.647,-1.0,-0.858,0.0,0.0,0.0,0.0,1.0,0.954
w11-ent003-s52,w11-ent003,52,1969152,0.1,0.681,-1.0,-0.7065,0.0,0.0,0.0,0.0,1.0,0.954
w11-ent003-s52,w11-ent003,52,1999872,0.12,0.637,-1.0,-0.7417,0.0,0.0,0.0,0.0,1.0,0.954
w11-ent003-s52,w11-ent003,52,2030592,0.12,0.662,-1.0,-0.5935,0.0,0.0,0.0,0.0,1.0,0.954
w11-ent003-s52,w11-ent003,52,2061312,0.11,0.601,-1.0,-0.5405,0.0,0.0,0.0,0.0,1.0,0.954
w11-ent003-s52,w11-ent003,52,2092032,0.15,0.695,-1.0,-0.74,0.0,0.0,0.0,0.0,1.0,0.954
w11-ent003-s52,w11-ent003,52,2122752,0.17,0.714,-1.0,-0.7859,0.0,0.0,0.0,0.0,1.0,0.954
w11-ent003-s52,w11-ent003,52,2153472,0.1,0.633,-1.0,-0.7439,0.0,0.0,0.0,0.0,1.0,0.954
w11-ent003-s52,w11-ent003,52,2184192,0.16,0.627,-1.0,-0.5053,0.0,0.0,0.0,0.0,1.0,0.954
w11-ent003-s52,w11-ent003,52,2214912,0.1,0.622,-1.0,-0.6644,0.0,0.0,0.0,0.0,1.0,0.954
w11-ent003-s52,w11-ent003,52,2245632,0.16,0.684,-1.0,-0.5688,0.0,0.0,0.0,0.0,1.0,0.954
w11-ent003-s52,w11-ent003,52,2276352,0.13,0.646,-1.0,-0.5155,0.0,0.0,0.0,0.0,1.0,0.954
w11-ent003-s52,w11-ent003,52,2307072,0.15,0.689,-1.0,-0.6182,0.0,0.0,0.0,0.0,1.0,0.954
w11-ent003-s52,w11-ent003,52,2337792,0.13,0.668,-1.0,-0.5477,0.0,0.0,0.0,0.0,1.0,0.954
w11-ent003-s52,w11-ent003,52,2368512,0.12,0.654,-1.0,-0.7125,0.0,0.0,0.0,0.0,1.0,0.954
w11-ent003-s52,w11-ent003,52,2399232,0.12,0.65,-1.0,-0.6364,0.0,0.0,0.0,0.0,1.0,0.954
w11-ent003-s52,w11-ent003,52,2429952,0.17,0.691,-1.0,-0.6069,0.0,0.0,0.0,0.0,1.0,0.954
w11-ent003-s52,w11-ent003,52,2460672,0.08,0.672,-1.0,-0.5871,0.0,0.0,0.0,0.0,1.0,0.954
w11-ent003-s52,w11-ent003,52,2491392,0.22,0.714,-1.0,-0.6506,0.0,0.0,0.0,0.0,1.0,0.954
w11-ent003-s52,w11-ent003,52,2522112,0.1,0.699,-1.0,-0.6198,0.0,0.0,0.0,0.0,1.0,0.954
w11-ent003-s52,w11-ent003,52,2552832,0.16,0.702,-1.0,-0.7047,0.0,0.0,0.0,0.0,1.0,0.954
w11-ent003-s52,w11-ent003,52,2583552,0.13,0.694,-1.0,-0.7358,0.0,0.0,0.0,0.0,1.0,0.954
w11-ent003-s52,w11-ent003,52,2614272,0.16,0.689,-1.0,-0.6081,0.0,0.0,0.0,0.0,1.0,0.954
w11-ent003-s52,w11-ent003,52,2644992,0.13,0.69,-1.0,-0.5986,0.0,0.0,0.0,0.0,1.0,0.954
w11-ent003-s52,w11-ent003,52,2675712,0.21,0.718,-1.0,-0.5619,0.0,0.0,0.0,0.0,1.0,0.954
w11-ent003-s52,w11-ent003,52,2706432,0.18,0.709,-1.0,-0.3265,0.0,0.0,0.0,0.0,1.0,0.954
w11-ent003-s52,w11-ent003,52,2737152,0.24,0.756,-1.0,-0.5474,0.0,0.0,0.0,0.0,1.0,0.954
w11-ent003-s52,w11-ent003,52,2767872,0.25,0.787,-1.0,-0.543,0.0,0.0,0.0,0.0,1.0,0.954
w11-ent003-s52,w11-ent003,52,2798592,0.2,0.708,-1.0,-0.564,0.0,0.0,0.0,0.0,1.0,0.954
w11-ent003-s52,w11-ent003,52,2829312,0.18,0.723,-1.0,-0.4128,0.0,0.0,0.0,0.0,1.0,0.955
w11-ent003-s52,w11-ent003,52,2860032,0.16,0.685,-1.0,-0.6363,0.0,0.0,0.0,0.0,1.0,0.955
w11-ent003-s52,w11-ent003,52,2890752,0.17,0.665,-1.0,-0.5183,0.0,0.0,0.0,0.0,1.0,0.955
w11-ent003-s52,w11-ent003,52,2921472,0.18,0.712,-1.0,-0.5565,0.0,0.0,0.0,0.0,1.0,0.955
w11-ent003-s52,w11-ent003,52,2952192,0.16,0.664,-1.0,-0.5014,0.0,0.0,0.0,0.0,1.0,0.955
w11-ent003-s52,w11-ent003,52,2982912,0.14,0.653,-1.0,-0.4652,0.0,0.0,0.0,0.0,1.0,0.955
w11-ent003-s52,w11-ent003,52,3013632,0.13,0.669,-1.0,-0.4259,0.0,0.0,0.0,0.0,1.0,0.955
w11-ent003-s52,w11-ent003,52,3044352,0.23,0.72,-1.0,-0.6312,0.0,0.0,0.0,0.0,1.0,0.955
w11-ent003-s52,w11-ent003,52,3075072,0.24,0.752,-1.0,-0.5262,0.0,0.0,0.0,0.0,1.0,0.955
w11-ent003-s52,w11-ent003,52,3105792,0.27,0.806,-1.0,-0.508,0.0,0.0,0.0,0.0,1.0,0.955
w11-ent003-s52,w11-ent003,52,3136512,0.2,0.691,-1.0,-0.3768,0.0,0.0,0.0,0.0,1.0,0.955
w11-ent003-s52,w11-ent003,52,3167232,0.22,0.711,-1.0,-0.3197,0.0,0.0,0.0,0.0,1.0,0.955
w11-ent003-s52,w11-ent003,52,3197952,0.14,0.713,-1.0,-0.6421,0.0,0.0,0.0,0.0,1.0,0.955
w11-ent003-s52,w11-ent003,52,3228672,0.26,0.774,-1.0,-0.182,0.0,0.0,0.0,0.0,1.0,0.955
w11-ent003-s52,w11-ent003,52,3259392,0.22,0.749,-1.0,-0.4939,0.0,0.0,0.0,0.0,1.0,0.955
w11-ent003-s52,w11-ent003,52,3290112,0.21,0.724,-1.0,-0.3025,0.0,0.0,0.0,0.0,1.0,0.955
w11-ent003-s52,w11-ent003,52,3320832,0.33,0.826,-1.0,-0.3299,0.0,0.0,0.0,0.0,1.0,0.955
w11-ent003-s52,w11-ent003,52,3351552,0.22,0.731,-1.0,-0.5043,0.0,0.0,0.0,0.0,1.0,0.955
w11-ent003-s52,w11-ent003,52,3382272,0.25,0.753,-1.0,-0.472,0.0,0.0,0.0,0.0,1.0,0.954
w11-ent003-s52,w11-ent003,52,3412992,0.21,0.752,-1.0,-0.3186,0.0,0.0,0.0,0.0,1.0,0.954
w11-ent003-s52,w11-ent003,52,3443712,0.28,0.831,-1.0,-0.4144,0.0,0.0,0.0,0.0,1.0,0.954
w11-ent003-s52,w11-ent003,52,3474432,0.31,0.786,-1.0,-0.4282,0.0,0.0,0.0,0.0,1.0,0.954
w11-ent003-s52,w11-ent003,52,3505152,0.37,0.901,-1.0,-0.5077,0.0,0.0,0.0,0.0,1.0,0.954
w11-ent003-s52,w11-ent003,52,3535872,0.24,0.785,-1.0,-0.3311,0.0,0.0,0.0,0.0,1.0,0.954
w11-ent003-s52,w11-ent003,52,3566592,0.28,0.811,-1.0,-0.3003,0.0,0.0,0.0,0.0,1.0,0.954
w11-ent003-s52,w11-ent003,52,3597312,0.32,0.817,-1.0,-0.2669,0.0,0.0,0.0,0.0,1.0,0.954
w11-ent003-s52,w11-ent003,52,3628032,0.3,0.811,-1.0,-0.3714,0.0,0.0,0.0,0.0,1.0,0.954
w11-ent003-s52,w11-ent003,52,3658752,0.3,0.797,-1.0,-0.4545,0.0,0.0,0.0,0.0,1.0,0.954
w11-ent003-s52,w11-ent003,52,3689472,0.33,0.866,-1.0,-0.3366,0.0,0.0,0.0,0.0,1.0,0.954
w11-ent003-s52,w11-ent003,52,3720192,0.29,0.802,-1.0,-0.2113,0.0,0.0,0.0,0.0,1.0,0.954
w11-ent003-s52,w11-ent003,52,3750912,0.29,0.825,-1.0,-0.3501,0.0,0.0,0.0,0.0,1.0,0.953
w11-ent003-s52,w11-ent003,52,3781632,0.27,0.808,-1.0,-0.1611,0.0,0.0,0.0,0.0,1.0,0.953
w11-ent003-s52,w11-ent003,52,3812352,0.34,0.867,-1.0,-0.1125,0.0,0.0,0.0,0.0,1.0,0.953
w11-ent003-s52,w11-ent003,52,3843072,0.33,0.849,-1.0,-0.2401,0.0,0.0,0.0,0.0,1.0,0.953
w11-ent003-s52,w11-ent003,52,3873792,0.35,0.903,-1.0,-0.1953,0.0,0.0,0.0,0.0,1.0,0.953
w11-ent003-s52,w11-ent003,52,3904512,0.33,0.86,-1.0,-0.0385,0.0,0.0,0.0,0.0,1.0,0.953
w11-ent003-s52,w11-ent003,52,3935232,0.29,0.847,-1.0,-0.3394,0.0,0.0,0.0,0.0,1.0,0.953
w11-ent003-s52,w11-ent003,52,3965952,0.3,0.842,-1.0,-0.0024,0.0,0.0,0.0,0.0,1.0,0.952
w11-ent003-s52,w11-ent003,52,3996672,0.47,0.99,-1.0,-0.0058,0.0,0.0,0.0,0.0,1.0,0.952
w11-ent003-s52,w11-ent003,52,4027392,0.35,0.877,-1.0,0.1403,0.0,0.0,0.0,0.0,1.0,0.952
w11-ent003-s52,w11-ent003,52,4058112,0.35,0.911,-1.0,-0.1265,0.0,0.0,0.0,0.0,1.0,0.952
w11-ent003-s52,w11-ent003,52,4088832,0.41,0.933,-1.0,-0.0287,0.0,0.0,0.0,0.0,1.0,0.952
w11-ent003-s52,w11-ent003,52,4119552,0.46,0.957,-1.0,-0.0043,0.0,0.0,0.0,0.0,1.0,0.951
w11-ent003-s52,w11-ent003,52,4150272,0.32,0.853,-1.0,-0.1243,0.0,0.0,0.0,0.0,1.0,0.951
w11-ent003-s52,w11-ent003,52,4180992,0.36,0.868,-1.0,0.0422,0.0,0.0,0.0,0.0,1.0,0.951
w11-ent003-s52,w11-ent003,52,4211712,0.4,0.938,-1.0,-0.0496,0.0,0.0,0.0,0.0,1.0,0.951
w11-ent003-s52,w11-ent003,52,4242432,0.34,0.878,-1.0,-0.052,0.0,0.0,0.0,0.0,1.0,0.951
w11-ent003-s52,w11-ent003,52,4273152,0.39,0.887,-1.0,0.1457,0.0,0.0,0.0,0.0,1.0,0.951
w11-ent003-s52,w11-ent003,52,4303872,0.47,0.97,-1.0,0.1567,0.0,0.0,0.0,0.0,1.0,0.951
w11-ent003-s52,w11-ent003,52,4334592,0.31,0.876,-1.0,-0.0951,0.0,0.0,0.0,0.0,1.0,0.95
w11-ent003-s52,w11-ent003,52,4365312,0.45,0.954,-1.0,0.1317,0.0,0.0,0.0,0.0,1.0,0.95
w11-ent003-s52,w11-ent003,52,4396032,0.36,0.886,-1.0,0.0046,0.0,0.0,0.0,0.0,1.0,0.95
w11-ent003-s52,w11-ent003,52,4426752,0.43,0.918,-1.0,-0.1646,0.0,0.0,0.0,0.0,1.0,0.95
w11-ent003-s52,w11-ent003,52,4457472,0.43,0.93,-1.0,-0.0139,0.0,0.0,0.0,0.0,1.0,0.95
w11-ent003-s52,w11-ent003,52,4488192,0.48,0.984,-1.0,0.0923,0.0,0.0,0.0,0.0,1.0,0.95
w11-ent003-s52,w11-ent003,52,4518912,0.4,0.883,-1.0,0.2853,0.0,0.0,0.0,0.0,1.0,0.95
w11-ent003-s52,w11-ent003,52,4549632,0.39,0.931,-1.0,0.0293,0.0,0.0,0.0,0.0,1.0,0.949
w11-ent003-s52,w11-ent003,52,4580352,0.46,1.0,-1.0,0.1428,0.0,0.0,0.0,0.0,1.0,0.949
w11-ent003-s52,w11-ent003,52,4611072,0.39,0.92,-1.0,0.1994,0.0,0.0,0.0,0.0,1.0,0.949
w11-ent003-s52,w11-ent003,52,4641792,0.43,0.918,-1.0,-0.0302,0.0,0.0,0.0,0.0,1.0,0.949
w11-ent003-s52,w11-ent003,52,4672512,0.41,0.93,-1.0,0.0342,0.0,0.0,0.0,0.0,1.0,0.949
w11-ent003-s52,w11-ent003,52,4703232,0.49,1.015,-1.0,0.2774,0.0,0.0,0.0,0.0,1.0,0.949
w11-ent003-s52,w11-ent003,52,4733952,0.47,0.987,-1.0,0.0591,0.0,0.0,0.0,0.0,1.0,0.949
w11-ent003-s52,w11-ent003,52,4764672,0.47,0.968,-1.0,0.3463,0.0,0.0,0.0,0.0,1.0,0.948
w11-ent003-s52,w11-ent003,52,4795392,0.48,0.924,-1.0,0.2181,0.0,0.0,0.0,0.0,1.0,0.948
w11-ent003-s52,w11-ent003,52,4826112,0.46,0.96,-0.973,0.2428,0.0,0.0,0.0,0.0,1.0,0.948
w11-ent003-s52,w11-ent003,52,4856832,0.49,0.993,-0.973,0.3727,0.0,0.0,0.0,0.0,1.0,0.948
w11-ent003-s52,w11-ent003,52,4887552,0.51,1.004,-0.962,0.2732,0.0,0.0,0.0,0.0,1.0,0.948
w11-ent003-s52,w11-ent003,52,4918272,0.51,1.031,-0.962,0.3113,0.0,0.0,0.0,0.0,1.0,0.948
w11-ent003-s52,w11-ent003,52,4948992,0.52,1.071,-0.962,0.0884,0.0,0.0,0.0,0.0,1.0,0.947
w11-ent003-s52,w11-ent003,52,4979712,0.53,1.032,-0.962,0.2776,0.0,0.0,0.0,0.0,1.0,0.947
w11-ent003-s52,w11-ent003,52,5010432,0.55,1.011,-0.962,0.3672,0.0,0.0,0.0,0.0,1.0,0.947
w11-ent003-s52,w11-ent003,52,5041152,0.51,0.98,-0.962,0.2973,0.0,0.0,0.0,0.0,1.0,0.947
w11-ent003-s52,w11-ent003,52,5071872,0.54,1.057,-0.936,0.5299,0.0,0.0,0.0,0.0,1.0,0.947
w11-ent003-s52,w11-ent003,52,5102592,0.56,1.079,-0.925,0.3753,0.0,0.0,0.0,0.0,1.0,0.947
w11-ent003-s52,w11-ent003,52,5133312,0.57,1.065,-0.909,0.2144,0.0,0.0,0.0,0.0,1.0,0.947
w11-ent003-s52,w11-ent003,52,5164032,0.52,1.027,-0.871,0.3659,0.0,0.0,0.0,0.0,1.0,0.946
w11-ent003-s52,w11-ent003,52,5194752,0.63,1.12,-0.86,0.3004,0.0,0.0,0.0,0.0,1.0,0.946
w11-ent003-s52,w11-ent003,52,5225472,0.58,1.047,-0.831,0.328,0.0,0.0,0.0,0.0,1.0,0.946
w11-ent003-s52,w11-ent003,52,5256192,0.55,1.074,-0.809,0.3668,0.0,0.0,0.0,0.0,1.0,0.946
w11-ent003-s52,w11-ent003,52,5286912,0.63,1.093,-0.798,0.1988,0.0,0.0,0.0,0.0,1.0,0.946
w11-ent003-s52,w11-ent003,52,5317632,0.54,1.058,-0.763,0.3368,0.0,0.0,0.0,0.0,1.0,0.945
w11-ent003-s52,w11-ent003,52,5348352,0.49,0.996,-0.739,0.2529,0.0,0.0,0.0,0.0,1.0,0.945
w11-ent003-s52,w11-ent003,52,5379072,0.5,1.024,-0.716,0.2966,0.0,0.0,0.0,0.0,1.0,0.945
w11-ent003-s52,w11-ent003,52,5409792,0.44,0.969,-0.716,0.2973,0.0,0.0,0.0,0.0,1.0,0.945
w11-ent003-s52,w11-ent003,52,5440512,0.54,1.034,-0.681,0.4616,0.0,0.0,0.0,0.0,1.0,0.945
w11-ent003-s52,w11-ent003,52,5471232,0.59,1.084,-0.652,0.3968,0.0,0.0,0.0,0.0,1.0,0.944
w11-ent003-s52,w11-ent003,52,5501952,0.59,1.094,-0.607,0.4501,0.0,0.0,0.0,0.0,1.0,0.944
w11-ent003-s52,w11-ent003,52,5532672,0.61,1.085,-0.569,0.2191,0.0,0.0,0.0,0.0,1.0,0.944
w11-ent003-s52,w11-ent003,52,5563392,0.56,1.054,-0.522,0.2408,0.0,0.0,0.0,0.0,1.0,0.944
w11-ent003-s52,w11-ent003,52,5594112,0.62,1.149,-0.508,0.2626,0.0,0.0,0.0,0.0,1.0,0.944
w11-ent003-s52,w11-ent003,52,5624832,0.6,1.08,-0.469,0.4157,0.0,0.0,0.0,0.0,1.0,0.943
w11-ent003-s52,w11-ent003,52,5655552,0.5,1.007,-0.443,0.3252,0.0,0.0,0.0,0.0,1.0,0.943
w11-ent003-s52,w11-ent003,52,5686272,0.58,1.095,-0.443,0.3414,0.0,0.0,0.0,0.0,1.0,0.943
w11-ent003-s52,w11-ent003,52,5716992,0.6,1.104,-0.416,0.5408,0.0,0.0,0.0,0.0,1.0,0.943
w11-ent003-s52,w11-ent003,52,5747712,0.62,1.089,-0.363,0.5003,0.0,0.0,0.0,0.0,1.0,0.943
w11-ent003-s52,w11-ent003,52,5778432,0.57,1.074,-0.34,0.244,0.0,0.0,0.0,0.0,1.0,0.942
w11-ent003-s52,w11-ent003,52,5809152,0.57,1.057,-0.316,0.388,0.0,0.0,0.0,0.0,1.0,0.942
w11-ent003-s52,w11-ent003,52,5839872,0.57,1.064,-0.275,0.2335,0.0,0.0,0.0,0.0,1.0,0.942
w11-ent003-s52,w11-ent003,52,5870592,0.58,1.097,-0.263,0.3297,0.0,0.0,0.0,0.0,1.0,0.942
w11-ent003-s52,w11-ent003,52,5901312,0.48,0.945,-0.251,0.2957,0.0,0.0,0.0,0.0,1.0,0.942
w11-ent003-s52,w11-ent003,52,5932032,0.59,1.109,-0.223,0.5323,0.0,0.0,0.0,0.0,1.0,0.941
w11-ent003-s52,w11-ent003,52,5962752,0.58,1.067,-0.198,0.5071,0.0,0.0,0.0,0.0,1.0,0.941
w11-ent003-s52,w11-ent003,52,5993472,0.49,0.992,-0.185,0.2025,0.0,0.0,0.0,0.0,1.0,0.941
w11-ent003-s52,w11-ent003,52,6024192,0.72,1.133,-0.173,0.2996,0.0,0.0,0.0,0.0,1.0,0.941
w11-ent003-s52,w11-ent003,52,6054912,0.66,1.117,-0.11,0.4227,0.0,0.0,0.0,0.0,1.0,0.94
w11-ent003-s52,w11-ent003,52,6085632,0.54,1.002,-0.043,0.3713,0.0,0.0,0.0,0.0,1.0,0.94
w11-ent003-s52,w11-ent003,52,6116352,0.58,1.038,-0.029,0.2625,0.0,0.0,0.0,0.0,1.0,0.94
w11-ent003-s52,w11-ent003,52,6147072,0.61,1.032,-0.029,0.1944,0.0,0.0,0.0,0.0,1.0,0.94
w11-ent003-s52,w11-ent003,52,6177792,0.58,1.05,0.0,0.3162,0.0,0.0,0.0,0.0,1.0,0.939
w11-ent003-s52,w11-ent003,52,6208512,0.52,1.009,0.0,0.3328,0.0,0.0,0.0,0.0,1.0,0.939
w11-ent003-s52,w11-ent003,52,6239232,0.62,1.075,0.0,0.354,0.0,0.0,0.0,0.0,1.0,0.939
w11-ent003-s52,w11-ent003,52,6269952,0.67,1.111,0.0,0.392,0.0,0.0,0.0,0.0,1.0,0.939
w11-ent003-s52,w11-ent003,52,6300672,0.62,1.103,0.0,0.3551,0.0,0.0,0.0,0.0,1.0,0.938
w11-ent003-s52,w11-ent003,52,6331392,0.61,1.063,0.0,0.557,0.0,0.0,0.0,0.0,1.0,0.938
w11-ent003-s52,w11-ent003,52,6362112,0.62,1.081,0.0,0.3896,0.0,0.0,0.0,0.0,1.0,0.938
w11-ent003-s52,w11-ent003,52,6392832,0.65,1.087,0.0,0.4459,0.0,0.0,0.0,0.0,1.0,0.938
w11-ent003-s52,w11-ent003,52,6423552,0.56,1.005,0.0,0.2913,0.0,0.0,0.0,0.0,1.0,0.938
w11-ent003-s52,w11-ent003,52,6454272,0.63,1.05,0.0,0.3154,0.0,0.0,0.0,0.0,1.0,0.937
w11-ent003-s52,w11-ent003,52,6484992,0.55,1.038,0.0,0.5669,0.0,0.0,0.0,0.0,1.0,0.937
w11-ent003-s52,w11-ent003,52,6515712,0.65,1.084,0.0,0.3672,0.0,0.0,0.0,0.0,1.0,0.937
w11-ent003-s52,w11-ent003,52,6546432,0.66,1.117,0.0,0.4293,0.0,0.0,0.0,0.0,1.0,0.937
w11-ent003-s52,w11-ent003,52,6577152,0.67,1.102,0.0,0.1835,0.0,0.0,0.0,0.0,1.0,0.937
w11-ent003-s52,w11-ent003,52,6607872,0.69,1.129,0.0,0.7426,0.0,0.0,0.0,0.0,1.0,0.936
w11-ent003-s52,w11-ent003,52,6638592,0.71,1.129,0.0,0.552,0.0,0.0,0.0,0.0,1.0,0.936
w11-ent003-s52,w11-ent003,52,6669312,0.6,1.086,0.0,0.4016,0.0,0.0,0.0,0.0,1.0,0.936
w11-ent003-s52,w11-ent003,52,6700032,0.66,1.118,0.0,0.4591,0.0,0.0,0.0,0.0,1.0,0.936
w11-ent003-s52,w11-ent003,52,6730752,0.66,1.1,0.0,0.4352,0.0,0.0,0.0,0.0,1.0,0.935
w11-ent003-s52,w11-ent003,52,6761472,0.59,1.07,0.0,0.3089,0.0,0.0,0.0,0.0,1.0,0.935
w11-ent003-s52,w11-ent003,52,6792192,0.61,1.074,0.0,0.4181,0.0,0.0,0.0,0.0,1.0,0.935
w11-ent003-s52,w11-ent003,52,6822912,0.54,1.013,0.0,0.5496,0.0,0.0,0.0,0.0,1.0,0.935
w11-ent003-s52,w11-ent003,52,6853632,0.65,1.058,0.0,0.3327,0.0,0.0,0.0,0.0,1.0,0.935
w11-ent003-s52,w11-ent003,52,6884352,0.66,1.102,0.0,0.562,0.0,0.0,0.0,0.0,1.0,0.934
w11-ent003-s52,w11-ent003,52,6915072,0.6,1.071,0.0,0.5549,0.0,0.0,0.0,0.0,1.0,0.934
w11-ent003-s52,w11-ent003,52,6945792,0.69,1.13,0.0,0.4984,0.0,0.0,0.0,0.0,1.0,0.934
w11-ent003-s52,w11-ent003,52,6976512,0.68,1.153,0.0,0.6344,0.0,0.0,0.0,0.0,1.0,0.934
w11-ent003-s52,w11-ent003,52,7007232,0.57,1.037,0.0,0.4559,0.0,0.0,0.0,0.0,1.0,0.934
w11-ent003-s52,w11-ent003,52,7037952,0.7,1.124,0.0,0.6595,0.0,0.0,0.0,0.0,1.0,0.933
w11-ent003-s52,w11-ent003,52,7068672,0.73,1.167,0.0,0.5124,0.0,0.0,0.0,0.0,1.0,0.933
w11-ent003-s52,w11-ent003,52,7099392,0.76,1.183,0.0,0.4744,0.0,0.0,0.0,0.0,1.0,0.933
w11-ent003-s52,w11-ent003,52,7130112,0.69,1.14,0.0,0.3465,0.0,0.0,0.0,0.0,1.0,0.933
w11-ent003-s52,w11-ent003,52,7160832,0.65,1.08,0.0,0.3757,0.0,0.0,0.0,0.0,1.0,0.933
w11-ent003-s52,w11-ent003,52,7191552,0.73,1.142,0.0,0.533,0.0,0.0,0.0,0.0,1.0,0.932
w11-ent003-s52,w11-ent003,52,7222272,0.72,1.156,0.0,0.3088,0.0,0.0,0.0,0.0,1.0,0.932
w11-ent003-s52,w11-ent003,52,7252992,0.7,1.134,0.0,0.5383,0.0,0.0,0.0,0.0,1.0,0.932
w11-ent003-s52,w11-ent003,52,7283712,0.64,1.064,0.0,0.441,0.0,0.0,0.0,0.0,1.0,0.932
w11-ent003-s52,w11-ent003,52,7314432,0.54,1.007,0.0,0.701,0.0,0.0,0.0,0.0,1.0,0.932
w11-ent003-s52,w11-ent003,52,7345152,0.72,1.143,0.0,0.5875,0.0,0.0,0.0,0.0,1.0,0.931
w11-ent003-s52,w11-ent003,52,7375872,0.67,1.117,0.0,0.5521,0.0,0.0,0.0,0.0,1.0,0.931
w11-ent003-s52,w11-ent003,52,7406592,0.73,1.175,0.0,0.4291,0.0,0.0,0.0,0.0,1.0,0.931
w11-ent003-s52,w11-ent003,52,7437312,0.71,1.145,0.0,0.7723,0.0,0.0,0.0,0.0,1.0,0.931
w11-ent003-s52,w11-ent003,52,7468032,0.69,1.125,0.0,0.6196,0.0,0.0,0.0,0.0,1.0,0.931
w11-ent003-s52,w11-ent003,52,7498752,0.67,1.112,0.0,0.5672,0.0,0.0,0.0,0.0,1.0,0.93
w11-ent003-s52,w11-ent003,52,7529472,0.84,1.239,0.0,0.5373,0.0,0.0,0.0,0.0,1.0,0.93
w11-ent003-s52,w11-ent003,52,7560192,0.67,1.093,0.0,0.592,0.0,0.0,0.0,0.0,1.0,0.93
w11-ent003-s52,w11-ent003,52,7590912,0.81,1.215,0.0,0.7858,0.0,0.0,0.0,0.0,1.0,0.93
w11-ent003-s52,w11-ent003,52,7621632,0.69,1.106,0.0,0.6456,0.0,0.0,0.0,0.0,1.0,0.93
w11-ent003-s52,w11-ent003,52,7652352,0.63,1.09,0.0,0.5863,0.0,0.0,0.0,0.0,1.0,0.93
w11-ent003-s52,w11-ent003,52,7683072,0.71,1.153,0.0,0.6296,0.0,0.0,0.0,0.0,1.0,0.929
w11-ent003-s52,w11-ent003,52,7713792,0.64,1.054,0.0,0.5415,0.0,0.0,0.0,0.0,1.0,0.929
w11-ent003-s52,w11-ent003,52,7744512,0.78,1.196,0.0,0.6594,0.0,0.0,0.0,0.0,1.0,0.929
w11-ent003-s52,w11-ent003,52,7775232,0.75,1.167,0.0,0.7351,0.0,0.0,0.0,0.0,1.0,0.929
w11-ent003-s52,w11-ent003,52,7805952,0.78,1.175,0.0,0.6858,0.0,0.0,0.0,0.0,1.0,0.929
w11-ent003-s52,w11-ent003,52,7836672,0.82,1.226,0.0,0.6642,0.0,0.0,0.0,0.0,1.0,0.929
w11-ent003-s52,w11-ent003,52,7867392,0.75,1.183,0.0,0.7203,0.0,0.0,0.0,0.0,1.0,0.928
w11-ent003-s52,w11-ent003,52,7898112,0.64,1.082,0.0,0.7156,0.0,0.0,0.0,0.0,1.0,0.928
w11-ent003-s52,w11-ent003,52,7928832,0.73,1.137,0.0,0.5387,0.0,0.0,0.0,0.0,1.0,0.928
w11-ent003-s52,w11-ent003,52,7959552,0.75,1.199,0.0,0.8657,0.0,0.0,0.0,0.0,1.0,0.928
w11-ent003-s52,w11-ent003,52,7990272,0.71,1.143,0.0,0.535,0.0,0.0,0.0,0.0,1.0,0.928
w11-ent003-s52,w11-ent003,52,8020992,0.73,1.173,0.0,0.791,0.0,0.0,0.0,0.0,1.0,0.928
w11-ent003-s52,w11-ent003,52,8051712,0.74,1.17,0.0,0.815,0.0,0.0,0.0,0.0,1.0,0.927
w11-ent003-s52,w11-ent003,52,8082432,0.7,1.153,0.0,0.7041,0.0,0.0,0.0,0.0,1.0,0.927
w11-ent003-s52,w11-ent003,52,8113152,0.77,1.162,0.0,0.7418,0.0,0.0,0.0,0.0,1.0,0.927
w11-ent003-s52,w11-ent003,52,8143872,0.72,1.189,0.0,0.5863,0.0,0.0,0.0,0.0,1.0,0.927
w11-ent003-s52,w11-ent003,52,8174592,0.67,1.081,0.0,0.902,0.0,0.0,0.0,0.0,1.0,0.927
w11-ent003-s52,w11-ent003,52,8205312,0.77,1.179,0.0,0.7937,0.0,0.0,0.0,0.0,1.0,0.927
w11-ent003-s52,w11-ent003,52,8236032,0.75,1.16,0.0,0.7528,0.0,0.0,0.0,0.0,1.0,0.926
w11-ent003-s52,w11-ent003,52,8266752,0.73,1.17,0.0,0.6774,0.0,0.0,0.0,0.0,1.0,0.926
w11-ent003-s52,w11-ent003,52,8297472,0.73,1.189,0.0,0.913,0.0,0.0,0.0,0.0,1.0,0.926
w11-ent003-s52,w11-ent003,52,8328192,0.8,1.227,0.0,0.8209,0.0,0.0,0.0,0.0,1.0,0.926
w11-ent003-s52,w11-ent003,52,8358912,0.79,1.219,0.0,0.5098,0.0,0.0,0.0,0.0,1.0,0.926
w11-ent003-s52,w11-ent003,52,8389632,0.78,1.194,0.0,0.768,0.0,0.0,0.0,0.0,1.0,0.926
w11-ent003-s52,w11-ent003,52,8420352,0.79,1.212,0.0,0.7841,0.0,0.0,0.0,0.0,1.0,0.925
w11-ent003-s52,w11-ent003,52,8451072,0.74,1.174,0.0,0.6452,0.0,0.0,0.0,0.0,1.0,0.925
w11-ent003-s52,w11-ent003,52,8481792,0.81,1.191,0.0,0.8679,0.0,0.0,0.0,0.0,1.0,0.925
w11-ent003-s52,w11-ent003,52,8512512,0.72,1.149,0.0,0.8108,0.0,0.0,0.0,0.0,1.0,0.925
w11-ent003-s52,w11-ent003,52,8543232,0.75,1.151,0.0,0.802,0.0,0.0,0.0,0.0,1.0,0.925
w11-ent003-s52,w11-ent003,52,8573952,0.76,1.184,0.0,0.7923,0.0,0.0,0.0,0.0,1.0,0.925
w11-ent003-s52,w11-ent003,52,8604672,0.76,1.184,0.0,0.8106,0.0,0.0,0.0,0.0,1.0,0.924
w11-ent003-s52,w11-ent003,52,8635392,0.8,1.194,0.0,0.7745,0.0,0.0,0.0,0.0,1.0,0.924
w11-ent003-s52,w11-ent003,52,8666112,0.65,1.136,0.0,0.6682,0.0,0.0,0.0,0.0,1.0,0.924
w11-ent003-s52,w11-ent003,52,8696832,0.8,1.199,0.0,0.656,0.0,0.0,0.0,0.0,1.0,0.924
w11-ent003-s52,w11-ent003,52,8727552,0.75,1.165,0.0,0.7774,0.0,0.0,0.0,0.0,1.0,0.924
w11-ent003-s52,w11-ent003,52,8758272,0.65,1.1,0.0,0.7452,0.0,0.0,0.0,0.0,1.0,0.924
w11-ent003-s52,w11-ent003,52,8788992,0.77,1.227,0.0,0.8176,0.0,0.0,0.0,0.0,1.0,0.924
w11-ent003-s52,w11-ent003,52,8819712,0.77,1.202,0.0,1.0086,0.0,0.0,0.0,0.0,1.0,0.923
w11-ent003-s52,w11-ent003,52,8850432,0.79,1.233,0.0,0.7292,0.0,0.0,0.0,0.0,1.0,0.923
w11-ent003-s52,w11-ent003,52,8881152,0.74,1.158,0.0,0.8648,0.0,0.0,0.0,0.0,1.0,0.923
w11-ent003-s52,w11-ent003,52,8911872,0.69,1.118,0.0,0.9053,0.0,0.0,0.0,0.0,1.0,0.923
w11-ent003-s52,w11-ent003,52,8942592,0.74,1.143,0.0,0.6589,0.0,0.0,0.0,0.0,1.0,0.923
w11-ent003-s52,w11-ent003,52,8973312,0.79,1.206,0.0,0.7452,0.0,0.0,0.0,0.0,1.0,0.923
w11-ent003-s52,w11-ent003,52,9004032,0.78,1.203,0.0,0.7913,0.0,0.0,0.0,0.0,1.0,0.923
w11-ent003-s52,w11-ent003,52,9034752,0.73,1.159,0.0,0.8554,0.0,0.0,0.0,0.0,1.0,0.923
w11-ent003-s52,w11-ent003,52,9065472,0.82,1.22,0.0,0.8026,0.0,0.0,0.0,0.0,1.0,0.922
w11-ent003-s52,w11-ent003,52,9096192,0.76,1.172,0.0,0.8323,0.0,0.0,0.0,0.0,1.0,0.922
w11-ent003-s52,w11-ent003,52,9126912,0.77,1.202,0.0,0.8254,0.0,0.0,0.0,0.0,1.0,0.922
w11-ent003-s52,w11-ent003,52,9157632,0.72,1.164,0.0,0.7369,0.0,0.0,0.0,0.0,1.0,0.922
w11-ent003-s52,w11-ent003,52,9188352,0.76,1.195,0.0,0.824,0.0,0.0,0.0,0.0,1.0,0.922
w11-ent003-s52,w11-ent003,52,9219072,0.81,1.211,0.0,0.9073,0.0,0.0,0.0,0.0,1.0,0.922
w11-ent003-s52,w11-ent003,52,9249792,0.66,1.109,0.0,1.0059,0.0,0.0,0.0,0.0,1.0,0.922
w11-ent003-s52,w11-ent003,52,9280512,0.82,1.217,0.0,0.7929,0.0,0.0,0.0,0.0,1.0,0.922
w11-ent003-s52,w11-ent003,52,9311232,0.75,1.167,0.0,0.767,0.0,0.0,0.0,0.0,1.0,0.921
w11-ent003-s52,w11-ent003,52,9341952,0.81,1.22,0.0,0.6437,0.0,0.0,0.0,0.0,1.0,0.921
w11-ent003-s52,w11-ent003,52,9372672,0.77,1.173,0.0,0.8501,0.0,0.0,0.0,0.0,1.0,0.921
w11-ent003-s52,w11-ent003,52,9403392,0.83,1.221,0.0,0.7922,0.0,0.0,0.0,0.0,1.0,0.921
w11-ent003-s52,w11-ent003,52,9434112,0.79,1.215,0.0,0.8584,0.0,0.0,0.0,0.0,1.0,0.921
w11-ent003-s52,w11-ent003,52,9464832,0.65,1.06,0.0,0.949,0.0,0.0,0.0,0.0,1.0,0.921
w11-ent003-s52,w11-ent003,52,9495552,0.77,1.203,0.0,0.7868,0.0,0.0,0.0,0.0,1.0,0.921
w11-ent003-s52,w11-ent003,52,9526272,0.79,1.2,0.0,0.9394,0.0,0.0,0.0,0.0,1.0,0.921
w11-ent003-s52,w11-ent003,52,9556992,0.73,1.16,0.0,0.8803,0.0,0.0,0.0,0.0,1.0,0.921
w11-ent003-s52,w11-ent003,52,9587712,0.68,1.122,0.0,1.0292,0.0,0.0,0.0,0.0,1.0,0.92
w11-ent003-s52,w11-ent003,52,9618432,0.78,1.215,0.0,0.955,0.0,0.0,0.0,0.0,1.0,0.92
w11-ent003-s52,w11-ent003,52,9649152,0.75,1.155,0.0,0.7978,0.0,0.0,0.0,0.0,1.0,0.92
w11-ent003-s52,w11-ent003,52,9679872,0.79,1.231,0.0,0.9464,0.0,0.0,0.0,0.0,1.0,0.92
w11-ent003-s52,w11-ent003,52,9710592,0.73,1.182,0.0,0.9641,0.0,0.0,0.0,0.0,1.0,0.92
w11-ent003-s52,w11-ent003,52,9741312,0.78,1.21,0.0,0.8338,0.0,0.0,0.0,0.0,1.0,0.92
w11-ent003-s52,w11-ent003,52,9772032,0.78,1.213,0.0,0.8473,0.0,0.0,0.0,0.0,1.0,0.92
w11-ent003-s52,w11-ent003,52,9802752,0.8,1.212,0.0,0.9301,0.0,0.0,0.0,0.0,1.0,0.92
w11-ent003-s52,w11-ent003,52,9833472,0.81,1.224,0.0,0.7798,0.0,0.0,0.0,0.0,1.0,0.92
w11-ent003-s52,w11-ent003,52,9864192,0.77,1.184,0.0,0.9956,0.0,0.0,0.0,0.0,1.0,0.92
w11-ent003-s52,w11-ent003,52,9894912,0.82,1.236,0.0,0.85,0.0,0.0,0.0,0.0,1.0,0.919
w11-ent003-s52,w11-ent003,52,9925632,0.75,1.141,0.0,0.6937,0.0,0.0,0.0,0.0,1.0,0.919
w11-ent003-s52,w11-ent003,52,9956352,0.84,1.25,0.0,0.8989,0.0,0.0,0.0,0.0,1.0,0.919
w11-ent003-s52,w11-ent003,52,9987072,0.77,1.183,0.0,0.8544,0.0,0.0,0.0,0.0,1.0,0.919
w11-ent003-s52,w11-ent003,52,10017792,0.84,1.251,0.0,0.919,0.0,0.0,0.0,0.0,1.0,0.919
w11-ent003-s52,w11-ent003,52,10048512,0.77,1.195,0.0,0.9531,0.0,0.0,0.0,0.0,1.0,0.919
w11-ent003-s52,w11-ent003,52,10079232,0.73,1.17,0.0,0.7368,0.0,0.0,0.0,0.0,1.0,0.919
w11-ent003-s52,w11-ent003,52,10109952,0.75,1.187,0.0,0.9888,0.0,0.0,0.0,0.0,1.0,0.919
w11-ent003-s52,w11-ent003,52,10140672,0.8,1.213,0.0,0.917,0.0,0.0,0.0,0.0,1.0,0.919
w11-ent003-s52,w11-ent003,52,10171392,0.76,1.185,0.0,1.0412,0.0,0.0,0.0,0.0,1.0,0.919
w11-ent003-s52,w11-ent003,52,10202112,0.73,1.178,0.0,0.858,0.0,0.0,0.0,0.0,1.0,0.919
w11-ent003-s52,w11-ent003,52,10232832,0.85,1.255,0.0,0.9357,0.0,0.0,0.0,0.0,1.0,0.918
w11-ent003-s52,w11-ent003,52,10263552,0.81,1.203,0.0,0.7775,0.0,0.0,0.0,0.0,1.0,0.918
w11-ent003-s52,w11-ent003,52,10294272,0.69,1.166,0.0,0.8609,0.0,0.0,0.0,0.0,1.0,0.918
w11-ent003-s52,w11-ent003,52,10324992,0.72,1.151,0.0,0.8344,0.0,0.0,0.0,0.0,1.0,0.918
w11-ent003-s52,w11-ent003,52,10355712,0.71,1.17,0.0,0.83,0.0,0.0,0.0,0.0,1.0,0.918
w11-ent003-s52,w11-ent003,52,10386432,0.62,1.088,0.0,0.9345,0.0,0.0,0.0,0.0,1.0,0.918
w11-ent003-s52,w11-ent003,52,10417152,0.73,1.159,0.0,0.653,0.0,0.0,0.0,0.0,1.0,0.918
w11-ent003-s52,w11-ent003,52,10447872,0.83,1.242,0.0,0.8628,0.0,0.0,0.0,0.0,1.0,0.918
w11-ent003-s52,w11-ent003,52,10478592,0.8,1.195,0.0,0.8855,0.0,0.0,0.0,0.0,1.0,0.918
w11-ent003-s52,w11-ent003,52,10509312,0.66,1.099,0.0,0.873,0.0,0.0,0.0,0.0,1.0,0.917
w11-ent003-s52,w11-ent003,52,10540032,0.76,1.184,0.0,0.891,0.0,0.0,0.0,0.0,1.0,0.917
w11-ent003-s52,w11-ent003,52,10570752,0.83,1.259,0.0,0.8383,0.0,0.0,0.0,0.0,1.0,0.917
w11-ent003-s52,w11-ent003,52,10601472,0.82,1.213,0.0,0.9196,0.0,0.0,0.0,0.0,1.0,0.917
w11-ent003-s52,w11-ent003,52,10632192,0.84,1.24,0.0,0.9693,0.0,0.0,0.0,0.0,1.0,0.917
w11-ent003-s52,w11-ent003,52,10662912,0.85,1.253,0.0,0.9522,0.0,0.0,0.0,0.0,1.0,0.917
w11-ent003-s52,w11-ent003,52,10693632,0.81,1.239,0.0,0.9145,0.0,0.0,0.0,0.0,1.0,0.917
w11-ent003-s52,w11-ent003,52,10724352,0.79,1.211,0.0,0.8469,0.0,0.0,0.0,0.0,1.0,0.917
w11-ent003-s52,w11-ent003,52,10755072,0.71,1.124,0.0,0.8834,0.0,0.0,0.0,0.0,1.0,0.917
w11-ent003-s52,w11-ent003,52,10785792,0.72,1.151,0.0,0.9955,0.0,0.0,0.0,0.0,1.0,0.917
w11-ent003-s52,w11-ent003,52,10816512,0.71,1.137,0.0,1.0395,0.0,0.0,0.0,0.0,1.0,0.916
w11-ent003-s52,w11-ent003,52,10847232,0.81,1.223,0.0,0.8945,0.0,0.0,0.0,0.0,1.0,0.916
w11-ent003-s52,w11-ent003,52,10877952,0.8,1.209,0.0,0.8641,0.0,0.0,0.0,0.0,1.0,0.916
w11-ent003-s52,w11-ent003,52,10908672,0.84,1.256,0.0,0.8515,0.0,0.0,0.0,0.0,1.0,0.916
w11-ent003-s52,w11-ent003,52,10939392,0.8,1.216,0.0,0.8302,0.0,0.0,0.0,0.0,1.0,0.916
w11-ent003-s52,w11-ent003,52,10970112,0.73,1.157,0.0,0.9031,0.0,0.0,0.0,0.0,1.0,0.916
w11-ent003-s52,w11-ent003,52,11000832,0.78,1.217,0.0,0.8813,0.0,0.0,0.0,0.0,1.0,0.916
w11-ent003-s52,w11-ent003,52,11031552,0.85,1.25,0.0,0.7448,0.0,0.0,0.0,0.0,1.0,0.916
w11-ent003-s52,w11-ent003,52,11062272,0.75,1.181,0.0,1.0635,0.0,0.0,0.0,0.0,1.0,0.916
w11-ent003-s52,w11-ent003,52,11092992,0.71,1.147,0.0,0.9427,0.0,0.0,0.0,0.0,1.0,0.916
w11-ent003-s52,w11-ent003,52,11123712,0.76,1.209,0.0,0.9503,0.0,0.0,0.0,0.0,1.0,0.916
w11-ent003-s52,w11-ent003,52,11154432,0.84,1.276,0.0,0.8397,0.0,0.0,0.0,0.0,1.0,0.916
w11-ent003-s52,w11-ent003,52,11185152,0.84,1.247,0.0,0.9009,0.0,0.0,0.0,0.0,1.0,0.916
w11-ent003-s52,w11-ent003,52,11215872,0.79,1.209,0.0,0.9361,0.0,0.0,0.0,0.0,1.0,0.915
w11-ent003-s52,w11-ent003,52,11246592,0.74,1.201,0.0,0.8533,0.0,0.0,0.0,0.0,1.0,0.915
w11-ent003-s52,w11-ent003,52,11277312,0.8,1.195,0.0,0.8318,0.0,0.0,0.0,0.0,1.0,0.915
w11-ent003-s52,w11-ent003,52,11308032,0.89,1.3,0.0,0.8768,0.0,0.0,0.0,0.0,1.0,0.915
w11-ent003-s52,w11-ent003,52,11338752,0.82,1.231,0.0,0.9353,0.0,0.0,0.0,0.0,1.0,0.915
w11-ent003-s52,w11-ent003,52,11369472,0.82,1.216,0.0,0.9757,0.0,0.0,0.0,0.0,1.0,0.915
w11-ent003-s52,w11-ent003,52,11400192,0.78,1.194,0.0,0.9031,0.0,0.0,0.0,0.0,1.0,0.915
w11-ent003-s52,w11-ent003,52,11430912,0.82,1.219,0.0,1.1044,0.0,0.0,0.0,0.0,1.0,0.915
w11-ent003-s52,w11-ent003,52,11461632,0.8,1.196,0.0,0.8295,0.0,0.0,0.0,0.0,1.0,0.915
w11-ent003-s52,w11-ent003,52,11492352,0.82,1.235,0.0,0.9561,0.0,0.0,0.0,0.0,1.0,0.915
w11-ent003-s52,w11-ent003,52,11523072,0.81,1.212,0.0,0.8356,0.0,0.0,0.0,0.0,1.0,0.915
w11-ent003-s52,w11-ent003,52,11553792,0.82,1.205,0.0,0.8437,0.0,0.0,0.0,0.0,1.0,0.915
w11-ent003-s52,w11-ent003,52,11584512,0.8,1.229,0.0,0.8368,0.0,0.0,0.0,0.0,1.0,0.915
w11-ent003-s52,w11-ent003,52,11615232,0.82,1.23,0.0,0.7837,0.0,0.0,0.0,0.0,1.0,0.915
w11-ent003-s52,w11-ent003,52,11645952,0.76,1.181,0.0,0.9854,0.0,0.0,0.0,0.0,1.0,0.914
w11-ent003-s52,w11-ent003,52,11676672,0.8,1.225,0.0,1.0201,0.0,0.0,0.0,0.0,1.0,0.914
w11-ent003-s52,w11-ent003,52,11707392,0.81,1.24,0.0,1.0226,0.0,0.0,0.0,0.0,1.0,0.914
w11-ent003-s52,w11-ent003,52,11738112,0.91,1.304,0.0,0.9278,0.0,0.0,0.0,0.0,1.0,0.914
w11-ent003-s52,w11-ent003,52,11768832,0.77,1.216,0.0,0.8857,0.0,0.0,0.0,0.0,1.0,0.914
w11-ent003-s52,w11-ent003,52,11799552,0.83,1.284,0.0,0.9736,0.0,0.0,0.0,0.0,1.0,0.914
w11-ent003-s52,w11-ent003,52,11830272,0.84,1.27,0.0,0.9745,0.0,0.0,0.0,0.0,1.0,0.914
w11-ent003-s52,w11-ent003,52,11860992,0.8,1.195,0.0,0.905,0.0,0.0,0.0,0.0,1.0,0.914
w11-ent003-s52,w11-ent003,52,11891712,0.86,1.278,0.0,0.9376,0.0,0.0,0.0,0.0,1.0,0.914
w11-ent003-s52,w11-ent003,52,11922432,0.79,1.204,0.0,1.0959,0.0,0.0,0.0,0.0,1.0,0.914
w11-ent003-s52,w11-ent003,52,11953152,0.77,1.191,0.0,0.8624,0.0,0.0,0.0,0.0,1.0,0.914
w11-ent003-s52,w11-ent003,52,11983872,0.77,1.237,0.0,0.9235,0.0,0.0,0.0,0.0,1.0,0.914
w11-ent003-s52,w11-ent003,52,12014592,0.79,1.208,0.0,0.9785,0.0,0.0,0.0,0.0,1.0,0.914
w11-ent003-s52,w11-ent003,52,12045312,0.81,1.244,0.0,0.8439,0.0,0.0,0.0,0.0,1.0,0.913
w11-ent003-s52,w11-ent003,52,12076032,0.83,1.241,0.0,0.8867,0.0,0.0,0.0,0.0,1.0,0.913
w11-ent003-s52,w11-ent003,52,12106752,0.87,1.267,0.0,0.8598,0.0,0.0,0.0,0.0,1.0,0.913
w11-ent003-s52,w11-ent003,52,12137472,0.88,1.276,0.0,0.8622,0.0,0.0,0.0,0.0,1.0,0.913
w11-ent003-s52,w11-ent003,52,12168192,0.83,1.254,0.0,0.9377,0.0,0.0,0.0,0.0,1.0,0.913
w11-ent003-s52,w11-ent003,52,12198912,0.88,1.288,0.0,1.0166,0.0,0.0,0.0,0.0,1.0,0.913
w11-ent003-s52,w11-ent003,52,12229632,0.84,1.292,0.0,0.9065,0.0,0.0,0.0,0.0,1.0,0.913
w11-ent003-s52,w11-ent003,52,12260352,0.86,1.288,0.0,0.9769,0.0,0.0,0.0,0.0,1.0,0.913
w11-ent003-s52,w11-ent003,52,12291072,0.85,1.262,0.0,1.0036,0.0,0.0,0.0,0.0,1.0,0.913
w11-ent003-s52,w11-ent003,52,12321792,0.83,1.249,0.0,1.0575,0.0,0.0,0.0,0.0,1.0,0.913
w11-ent003-s52,w11-ent003,52,12352512,0.84,1.276,0.0,0.9213,0.0,0.0,0.0,0.0,1.0,0.913
w11-ent003-s52,w11-ent003,52,12383232,0.84,1.24,0.0,1.1826,0.0,0.0,0.0,0.0,1.0,0.913
w11-ent003-s52,w11-ent003,52,12413952,0.86,1.272,0.0,1.04,0.0,0.0,0.0,0.0,1.0,0.912
w11-ent003-s52,w11-ent003,52,12444672,0.83,1.241,0.0,1.0069,0.0,0.0,0.0,0.0,1.0,0.912
w11-ent003-s52,w11-ent003,52,12475392,0.88,1.307,0.0,0.8427,0.0,0.0,0.0,0.0,1.0,0.912
w11-ent003-s52,w11-ent003,52,12506112,0.86,1.292,0.0,0.9678,0.0,0.0,0.0,0.0,1.0,0.912
w11-ent003-s52,w11-ent003,52,12536832,0.8,1.265,0.0,1.0071,0.0,0.0,0.0,0.0,1.0,0.912
w11-ent003-s52,w11-ent003,52,12567552,0.86,1.283,0.0,1.168,0.0,0.0,0.0,0.0,1.0,0.912
w11-ent003-s52,w11-ent003,52,12598272,0.81,1.252,0.0,1.0493,0.0,0.0,0.0,0.0,1.0,0.912
w11-ent003-s52,w11-ent003,52,12628992,0.8,1.242,0.0,1.0385,0.0,0.0,0.0,0.0,1.0,0.912
w11-ent003-s52,w11-ent003,52,12659712,0.77,1.221,0.0,0.8275,0.0,0.0,0.0,0.0,1.0,0.912
w11-ent003-s52,w11-ent003,52,12690432,0.79,1.251,0.0,1.0786,0.0,0.0,0.0,0.0,1.0,0.912
w11-ent003-s52,w11-ent003,52,12721152,0.92,1.317,0.0,0.8789,0.0,0.0,0.0,0.0,1.0,0.912
w11-ent003-s52,w11-ent003,52,12751872,0.85,1.293,0.0,1.1529,0.0,0.0,0.0,0.0,1.0,0.912
w11-ent003-s52,w11-ent003,52,12782592,0.81,1.25,0.0,0.7263,0.0,0.0,0.0,0.0,1.0,0.912
w11-ent003-s52,w11-ent003,52,12813312,0.88,1.302,0.0,0.9134,0.0,0.0,0.0,0.0,1.0,0.912
w11-ent003-s52,w11-ent003,52,12844032,0.81,1.25,0.0,0.9586,0.0,0.0,0.0,0.0,1.0,0.911
w11-ent003-s52,w11-ent003,52,12874752,0.81,1.253,0.0,0.8615,0.0,0.0,0.0,0.0,1.0,0.911
w11-ent003-s52,w11-ent003,52,12905472,0.88,1.287,0.0,0.989,0.0,0.0,0.0,0.0,1.0,0.911
w11-ent003-s52,w11-ent003,52,12936192,0.89,1.31,0.0,0.9741,0.0,0.0,0.0,0.0,1.0,0.911
w11-ent003-s52,w11-ent003,52,12966912,0.86,1.317,0.0,1.0248,0.0,0.0,0.0,0.0,1.0,0.911
w11-ent003-s52,w11-ent003,52,12997632,0.84,1.289,0.0,1.1902,0.0,0.0,0.0,0.0,1.0,0.911
w11-ent003-s52,w11-ent003,52,13028352,0.83,1.27,0.0,1.0226,0.0,0.0,0.0,0.0,1.0,0.911
w11-ent003-s52,w11-ent003,52,13059072,0.89,1.315,0.0,0.9644,0.0,0.0,0.0,0.0,1.0,0.911
w11-ent003-s52,w11-ent003,52,13089792,0.86,1.268,0.0,1.0422,0.0,0.0,0.0,0.0,1.0,0.911
w11-ent003-s52,w11-ent003,52,13120512,0.84,1.296,0.0,1.1506,0.0,0.0,0.0,0.0,1.0,0.911
w11-ent003-s52,w11-ent003,52,13151232,0.9,1.304,0.0,1.0984,0.0,0.0,0.0,0.0,1.0,0.911
w11-ent003-s52,w11-ent003,52,13181952,0.85,1.285,0.0,1.1096,0.0,0.0,0.0,0.0,1.0,0.911
w11-ent003-s52,w11-ent003,52,13212672,0.84,1.304,0.0,1.0565,0.0,0.0,0.0,0.0,1.0,0.911
w11-ent003-s52,w11-ent003,52,13243392,0.85,1.29,0.0,1.0343,0.0,0.0,0.0,0.0,1.0,0.911
w11-ent003-s52,w11-ent003,52,13274112,0.83,1.273,0.0,0.9337,0.0,0.0,0.0,0.0,1.0,0.91
w11-ent003-s52,w11-ent003,52,13304832,0.88,1.31,0.0,0.9747,0.0,0.0,0.0,0.0,1.0,0.91
w11-ent003-s52,w11-ent003,52,13335552,0.88,1.302,0.0,1.1142,0.0,0.0,0.0,0.0,1.0,0.91
w11-ent003-s52,w11-ent003,52,13366272,0.8,1.242,0.0,0.9606,0.0,0.0,0.0,0.0,1.0,0.91
w11-ent003-s52,w11-ent003,52,13396992,0.9,1.334,0.0,1.0014,0.0,0.0,0.0,0.0,1.0,0.91
w11-ent003-s52,w11-ent003,52,13427712,0.91,1.34,0.0,0.9183,0.0,0.0,0.0,0.0,1.0,0.91
w11-ent003-s52,w11-ent003,52,13458432,0.81,1.234,0.0,1.1702,0.0,0.0,0.0,0.0,1.0,0.91
w11-ent003-s52,w11-ent003,52,13489152,0.82,1.27,0.0,1.1215,0.0,0.0,0.0,0.0,1.0,0.91
w11-ent003-s52,w11-ent003,52,13519872,0.84,1.275,0.0,1.1104,0.0,0.0,0.0,0.0,1.0,0.91
w11-ent003-s52,w11-ent003,52,13550592,0.84,1.29,0.0,1.0996,0.0,0.0,0.0,0.0,1.0,0.91
w11-ent003-s52,w11-ent003,52,13581312,0.91,1.327,0.0,1.1061,0.0,0.0,0.0,0.0,1.0,0.91
w11-ent003-s52,w11-ent003,52,13612032,0.85,1.292,0.0,1.1602,0.0,0.0,0.0,0.0,1.0,0.91
w11-ent003-s52,w11-ent003,52,13642752,0.85,1.303,0.0,1.1407,0.0,0.0,0.0,0.0,1.0,0.91
w11-ent003-s52,w11-ent003,52,13673472,0.87,1.279,0.0,1.1832,0.0,0.0,0.0,0.0,1.0,0.91
w11-ent003-s52,w11-ent003,52,13704192,0.87,1.292,0.0,1.0831,0.0,0.0,0.0,0.0,1.0,0.909
w11-ent003-s52,w11-ent003,52,13734912,0.87,1.308,0.0,1.0674,0.0,0.0,0.0,0.0,1.0,0.909
w11-ent003-s52,w11-ent003,52,13765632,0.89,1.323,0.0,1.0757,0.0,0.0,0.0,0.0,1.0,0.909
w11-ent003-s52,w11-ent003,52,13796352,0.92,1.34,0.0,1.0366,0.0,0.0,0.0,0.0,1.0,0.909
w11-ent003-s52,w11-ent003,52,13827072,0.86,1.284,0.0,1.1988,0.0,0.0,0.0,0.0,1.0,0.909
w11-ent003-s52,w11-ent003,52,13857792,0.87,1.278,0.0,1.0447,0.0,0.0,0.0,0.0,1.0,0.909
w11-ent003-s52,w11-ent003,52,13888512,0.87,1.314,0.0,1.2021,0.0,0.0,0.0,0.0,1.0,0.909
w11-ent003-s52,w11-ent003,52,13919232,0.88,1.31,0.0,1.147,0.0,0.0,0.0,0.0,1.0,0.909
w11-ent003-s52,w11-ent003,52,13949952,0.91,1.323,0.0,1.1941,0.0,0.0,0.0,0.0,1.0,0.909
w11-ent003-s52,w11-ent003,52,13980672,0.85,1.28,0.0,1.1342,0.0,0.0,0.0,0.0,1.0,0.909
w11-ent003-s52,w11-ent003,52,14011392,0.84,1.266,0.0,1.1883,0.0,0.0,0.0,0.0,1.0,0.909
w11-ent003-s52,w11-ent003,52,14042112,0.86,1.302,0.0,1.0796,0.0,0.0,0.0,0.0,1.0,0.909
w11-ent003-s52,w11-ent003,52,14072832,0.85,1.298,0.0,1.0601,0.0,0.0,0.0,0.0,1.0,0.909
w11-ent003-s52,w11-ent003,52,14103552,0.92,1.333,0.0,1.0589,0.0,0.0,0.0,0.0,1.0,0.909
w11-ent003-s52,w11-ent003,52,14134272,0.89,1.318,0.0,1.1706,0.0,0.0,0.0,0.0,1.0,0.908
w11-ent003-s52,w11-ent003,52,14164992,0.92,1.31,0.0,1.2243,0.0,0.0,0.0,0.0,1.0,0.908
w11-ent003-s52,w11-ent003,52,14195712,0.91,1.311,0.0,1.0405,0.0,0.0,0.0,0.0,1.0,0.908
w11-ent003-s52,w11-ent003,52,14226432,0.89,1.32,0.0,1.103,0.0,0.0,0.0,0.0,1.0,0.908
w11-ent003-s52,w11-ent003,52,14257152,0.93,1.343,0.0,1.2194,0.0,0.0,0.0,0.0,1.0,0.908
w11-ent003-s52,w11-ent003,52,14287872,0.91,1.313,0.0,1.1814,0.0,0.0,0.0,0.0,1.0,0.908
w11-ent003-s52,w11-ent003,52,14318592,0.9,1.332,0.0,1.1688,0.0,0.0,0.0,0.0,1.0,0.908
w11-ent003-s52,w11-ent003,52,14349312,0.88,1.301,0.0,1.1742,0.0,0.0,0.0,0.0,1.0,0.908
w11-ent003-s52,w11-ent003,52,14380032,0.81,1.245,0.0,1.0384,0.0,0.0,0.0,0.0,1.0,0.908
w11-ent003-s52,w11-ent003,52,14410752,0.92,1.337,0.0,1.238,0.0,0.0,0.0,0.0,1.0,0.908
w11-ent003-s52,w11-ent003,52,14441472,0.93,1.335,0.0,1.0847,0.0,0.0,0.0,0.0,1.0,0.908
w11-ent003-s52,w11-ent003,52,14472192,0.88,1.302,0.0,1.1698,0.0,0.0,0.0,0.0,1.0,0.908
w11-ent003-s52,w11-ent003,52,14502912,0.88,1.308,0.0,1.0708,0.0,0.0,0.0,0.0,1.0,0.908
w11-ent003-s52,w11-ent003,52,14533632,0.89,1.336,0.0,1.1184,0.0,0.0,0.0,0.0,1.0,0.908
w11-ent003-s52,w11-ent003,52,14564352,0.89,1.319,0.0,1.1452,0.0,0.0,0.0,0.0,1.0,0.908
w11-ent003-s52,w11-ent003,52,14595072,0.85,1.292,0.0,1.2441,0.0,0.0,0.0,0.0,1.0,0.907
w11-ent003-s52,w11-ent003,52,14625792,0.91,1.325,0.0,0.9986,0.0,0.0,0.0,0.0,1.0,0.907
w11-ent003-s52,w11-ent003,52,14656512,0.96,1.372,0.0,1.2025,0.0,0.0,0.0,0.0,1.0,0.907
w11-ent003-s52,w11-ent003,52,14687232,0.9,1.319,0.0,1.1146,0.0,0.0,0.0,0.0,1.0,0.907
w11-ent003-s52,w11-ent003,52,14717952,0.94,1.358,0.0,1.2556,0.0,0.0,0.0,0.0,1.0,0.907
w11-ent003-s52,w11-ent003,52,14748672,0.9,1.322,0.0,1.2266,0.0,0.0,0.0,0.0,1.0,0.907
w11-ent003-s52,w11-ent003,52,14779392,0.85,1.267,0.0,1.2491,0.0,0.0,0.0,0.0,1.0,0.907
w11-ent003-s52,w11-ent003,52,14810112,0.88,1.316,0.0,1.1476,0.0,0.0,0.0,0.0,1.0,0.907
w11-ent003-s52,w11-ent003,52,14840832,0.92,1.314,0.0,1.1348,0.0,0.0,0.0,0.0,1.0,0.907
w11-ent003-s52,w11-ent003,52,14871552,0.9,1.323,0.0,1.1463,0.0,0.0,0.0,0.0,1.0,0.907
w11-ent003-s52,w11-ent003,52,14902272,0.89,1.289,0.0,1.1625,0.0,0.0,0.0,0.0,1.0,0.907
w11-ent003-s52,w11-ent003,52,14932992,0.92,1.317,0.0,1.1872,0.0,0.0,0.0,0.0,1.0,0.907
w11-ent003-s52,w11-ent003,52,14963712,0.89,1.304,0.0,1.1172,0.0,0.0,0.0,0.0,1.0,0.907
w11-ent003-s52,w11-ent003,52,14994432,0.89,1.306,0.0,1.2565,0.0,0.0,0.0,0.0,1.0,0.906
w11-ent003-s52,w11-ent003,52,14997504,0.89,1.3,0.0,1.121,0.0,0.0,0.0,0.0,1.0,0.906
w11-ent003-s53,w11-ent003,53,3072,0.01,0.45,-1.0,,,,,,,
w11-ent003-s53,w11-ent003,53,33792,0.0,0.437,-1.0,-0.975,0.0,0.0,0.0,0.0,0.954,0.939
w11-ent003-s53,w11-ent003,53,64512,0.02,0.515,-1.0,-0.975,0.0,0.0,0.0,0.0,0.984,0.937
w11-ent003-s53,w11-ent003,53,95232,0.02,0.514,-1.0,-0.9521,0.0,0.0,0.0,0.0,0.994,0.938
w11-ent003-s53,w11-ent003,53,125952,0.01,0.519,-1.0,-0.8542,0.0,0.0,0.0,0.0,0.998,0.938
w11-ent003-s53,w11-ent003,53,156672,0.01,0.486,-1.0,-0.9278,0.0,0.0,0.0,0.0,0.999,0.94
w11-ent003-s53,w11-ent003,53,187392,0.02,0.543,-1.0,-1.0,0.0,0.0,0.0,0.0,1.0,0.943
w11-ent003-s53,w11-ent003,53,218112,0.03,0.559,-1.0,-0.9263,0.0,0.0,0.0,0.0,1.0,0.945
w11-ent003-s53,w11-ent003,53,248832,0.03,0.546,-1.0,-0.9053,0.0,0.0,0.0,0.0,1.0,0.946
w11-ent003-s53,w11-ent003,53,279552,0.02,0.558,-1.0,-0.9523,0.0,0.0,0.0,0.0,1.0,0.946
w11-ent003-s53,w11-ent003,53,310272,0.01,0.526,-1.0,-0.925,0.0,0.0,0.0,0.0,1.0,0.948
w11-ent003-s53,w11-ent003,53,340992,0.02,0.545,-1.0,-0.9269,0.0,0.0,0.0,0.0,1.0,0.949
w11-ent003-s53,w11-ent003,53,371712,0.06,0.584,-1.0,-0.8831,0.0,0.0,0.0,0.0,1.0,0.95
w11-ent003-s53,w11-ent003,53,402432,0.03,0.569,-1.0,-0.9039,0.0,0.0,0.0,0.0,1.0,0.95
w11-ent003-s53,w11-ent003,53,433152,0.03,0.525,-1.0,-0.877,0.0,0.0,0.0,0.0,1.0,0.951
w11-ent003-s53,w11-ent003,53,463872,0.01,0.505,-1.0,-1.0,0.0,0.0,0.0,0.0,1.0,0.952
w11-ent003-s53,w11-ent003,53,494592,0.08,0.62,-1.0,-0.8827,0.0,0.0,0.0,0.0,1.0,0.952
w11-ent003-s53,w11-ent003,53,525312,0.03,0.577,-1.0,-0.8576,0.0,0.0,0.0,0.0,1.0,0.953
w11-ent003-s53,w11-ent003,53,556032,0.02,0.564,-1.0,-0.9046,0.0,0.0,0.0,0.0,1.0,0.953
w11-ent003-s53,w11-ent003,53,586752,0.02,0.544,-1.0,-0.9254,0.0,0.0,0.0,0.0,1.0,0.953
w11-ent003-s53,w11-ent003,53,617472,0.03,0.569,-1.0,-0.9343,0.0,0.0,0.0,0.0,1.0,0.953
w11-ent003-s53,w11-ent003,53,648192,0.06,0.621,-1.0,-0.9289,0.0,0.0,0.0,0.0,1.0,0.953
w11-ent003-s53,w11-ent003,53,678912,0.05,0.612,-1.0,-0.8082,0.0,0.0,0.0,0.0,1.0,0.953
w11-ent003-s53,w11-ent003,53,709632,0.03,0.609,-1.0,-0.875,0.0,0.0,0.0,0.0,1.0,0.952
w11-ent003-s53,w11-ent003,53,740352,0.13,0.64,-1.0,-0.8138,0.0,0.0,0.0,0.0,1.0,0.953
w11-ent003-s53,w11-ent003,53,771072,0.05,0.599,-1.0,-0.8777,0.0,0.0,0.0,0.0,1.0,0.953
w11-ent003-s53,w11-ent003,53,801792,0.06,0.634,-1.0,-0.928,0.0,0.0,0.0,0.0,1.0,0.953
w11-ent003-s53,w11-ent003,53,832512,0.09,0.649,-1.0,-0.9291,0.0,0.0,0.0,0.0,1.0,0.953
w11-ent003-s53,w11-ent003,53,863232,0.07,0.597,-1.0,-0.9029,0.0,0.0,0.0,0.0,1.0,0.953
w11-ent003-s53,w11-ent003,53,893952,0.09,0.658,-1.0,-0.75,0.0,0.0,0.0,0.0,1.0,0.954
w11-ent003-s53,w11-ent003,53,924672,0.07,0.639,-1.0,-0.8798,0.0,0.0,0.0,0.0,1.0,0.954
w11-ent003-s53,w11-ent003,53,955392,0.08,0.574,-1.0,-0.8585,0.0,0.0,0.0,0.0,1.0,0.954
w11-ent003-s53,w11-ent003,53,986112,0.08,0.659,-1.0,-0.761,0.0,0.0,0.0,0.0,1.0,0.954
w11-ent003-s53,w11-ent003,53,1016832,0.05,0.575,-1.0,-0.8814,0.0,0.0,0.0,0.0,1.0,0.954
w11-ent003-s53,w11-ent003,53,1047552,0.06,0.608,-1.0,-0.8324,0.0,0.0,0.0,0.0,1.0,0.954
w11-ent003-s53,w11-ent003,53,1078272,0.15,0.685,-1.0,-0.8557,0.0,0.0,0.0,0.0,1.0,0.954
w11-ent003-s53,w11-ent003,53,1108992,0.06,0.598,-1.0,-0.8153,0.0,0.0,0.0,0.0,1.0,0.954
w11-ent003-s53,w11-ent003,53,1139712,0.11,0.676,-1.0,-0.7597,0.0,0.0,0.0,0.0,1.0,0.954
w11-ent003-s53,w11-ent003,53,1170432,0.08,0.655,-1.0,-0.7834,0.0,0.0,0.0,0.0,1.0,0.955
w11-ent003-s53,w11-ent003,53,1201152,0.11,0.675,-1.0,-0.7342,0.0,0.0,0.0,0.0,1.0,0.955
w11-ent003-s53,w11-ent003,53,1231872,0.06,0.613,-1.0,-0.8527,0.0,0.0,0.0,0.0,1.0,0.955
w11-ent003-s53,w11-ent003,53,1262592,0.06,0.609,-1.0,-0.7395,0.0,0.0,0.0,0.0,1.0,0.955
w11-ent003-s53,w11-ent003,53,1293312,0.11,0.613,-1.0,-0.8806,0.0,0.0,0.0,0.0,1.0,0.956
w11-ent003-s53,w11-ent003,53,1324032,0.09,0.613,-1.0,-0.908,0.0,0.0,0.0,0.0,1.0,0.956
w11-ent003-s53,w11-ent003,53,1354752,0.06,0.604,-1.0,-0.9061,0.0,0.0,0.0,0.0,1.0,0.956
w11-ent003-s53,w11-ent003,53,1385472,0.1,0.611,-1.0,-0.8787,0.0,0.0,0.0,0.0,1.0,0.956
w11-ent003-s53,w11-ent003,53,1416192,0.07,0.581,-1.0,-0.7102,0.0,0.0,0.0,0.0,1.0,0.956
w11-ent003-s53,w11-ent003,53,1446912,0.09,0.633,-1.0,-0.9092,0.0,0.0,0.0,0.0,1.0,0.956
w11-ent003-s53,w11-ent003,53,1477632,0.1,0.638,-1.0,-0.7309,0.0,0.0,0.0,0.0,1.0,0.956
w11-ent003-s53,w11-ent003,53,1508352,0.11,0.662,-1.0,-0.834,0.0,0.0,0.0,0.0,1.0,0.956
w11-ent003-s53,w11-ent003,53,1539072,0.08,0.629,-1.0,-0.9002,0.0,0.0,0.0,0.0,1.0,0.957
w11-ent003-s53,w11-ent003,53,1569792,0.09,0.63,-1.0,-0.7877,0.0,0.0,0.0,0.0,1.0,0.957
w11-ent003-s53,w11-ent003,53,1600512,0.09,0.644,-1.0,-0.9061,0.0,0.0,0.0,0.0,1.0,0.957
w11-ent003-s53,w11-ent003,53,1631232,0.12,0.693,-1.0,-0.8354,0.0,0.0,0.0,0.0,1.0,0.957
w11-ent003-s53,w11-ent003,53,1661952,0.15,0.658,-1.0,-0.6631,0.0,0.0,0.0,0.0,1.0,0.957
w11-ent003-s53,w11-ent003,53,1692672,0.15,0.667,-1.0,-0.779,0.0,0.0,0.0,0.0,1.0,0.957
w11-ent003-s53,w11-ent003,53,1723392,0.14,0.696,-1.0,-0.6253,0.0,0.0,0.0,0.0,1.0,0.957
w11-ent003-s53,w11-ent003,53,1754112,0.1,0.612,-1.0,-0.7589,0.0,0.0,0.0,0.0,1.0,0.957
w11-ent003-s53,w11-ent003,53,1784832,0.1,0.643,-1.0,-0.8318,0.0,0.0,0.0,0.0,1.0,0.957
w11-ent003-s53,w11-ent003,53,1815552,0.16,0.684,-1.0,-0.7599,0.0,0.0,0.0,0.0,1.0,0.958
w11-ent003-s53,w11-ent003,53,1846272,0.1,0.625,-1.0,-0.569,0.0,0.0,0.0,0.0,1.0,0.958
w11-ent003-s53,w11-ent003,53,1876992,0.15,0.714,-1.0,-0.6835,0.0,0.0,0.0,0.0,1.0,0.958
w11-ent003-s53,w11-ent003,53,1907712,0.12,0.669,-1.0,-0.5664,0.0,0.0,0.0,0.0,1.0,0.958
w11-ent003-s53,w11-ent003,53,1938432,0.2,0.715,-1.0,-0.731,0.0,0.0,0.0,0.0,1.0,0.958
w11-ent003-s53,w11-ent003,53,1969152,0.11,0.642,-1.0,-0.6632,0.0,0.0,0.0,0.0,1.0,0.958
w11-ent003-s53,w11-ent003,53,1999872,0.06,0.618,-1.0,-0.7059,0.0,0.0,0.0,0.0,1.0,0.958
w11-ent003-s53,w11-ent003,53,2030592,0.17,0.673,-1.0,-0.6937,0.0,0.0,0.0,0.0,1.0,0.958
w11-ent003-s53,w11-ent003,53,2061312,0.18,0.718,-1.0,-0.7123,0.0,0.0,0.0,0.0,1.0,0.958
w11-ent003-s53,w11-ent003,53,2092032,0.11,0.644,-1.0,-0.5399,0.0,0.0,0.0,0.0,1.0,0.958
w11-ent003-s53,w11-ent003,53,2122752,0.13,0.622,-1.0,-0.6177,0.0,0.0,0.0,0.0,1.0,0.958
w11-ent003-s53,w11-ent003,53,2153472,0.15,0.679,-1.0,-0.6097,0.0,0.0,0.0,0.0,1.0,0.958
w11-ent003-s53,w11-ent003,53,2184192,0.12,0.651,-1.0,-0.6624,0.0,0.0,0.0,0.0,1.0,0.958
w11-ent003-s53,w11-ent003,53,2214912,0.16,0.669,-1.0,-0.7349,0.0,0.0,0.0,0.0,1.0,0.958
w11-ent003-s53,w11-ent003,53,2245632,0.18,0.697,-1.0,-0.6051,0.0,0.0,0.0,0.0,1.0,0.958
w11-ent003-s53,w11-ent003,53,2276352,0.16,0.653,-1.0,-0.6524,0.0,0.0,0.0,0.0,1.0,0.958
w11-ent003-s53,w11-ent003,53,2307072,0.16,0.66,-1.0,-0.666,0.0,0.0,0.0,0.0,1.0,0.958
w11-ent003-s53,w11-ent003,53,2337792,0.22,0.724,-1.0,-0.4728,0.0,0.0,0.0,0.0,1.0,0.958
w11-ent003-s53,w11-ent003,53,2368512,0.23,0.707,-1.0,-0.55,0.0,0.0,0.0,0.0,1.0,0.958
w11-ent003-s53,w11-ent003,53,2399232,0.1,0.603,-1.0,-0.6454,0.0,0.0,0.0,0.0,1.0,0.958
w11-ent003-s53,w11-ent003,53,2429952,0.18,0.68,-1.0,-0.545,0.0,0.0,0.0,0.0,1.0,0.958
w11-ent003-s53,w11-ent003,53,2460672,0.1,0.627,-1.0,-0.4957,0.0,0.0,0.0,0.0,1.0,0.958
w11-ent003-s53,w11-ent003,53,2491392,0.16,0.724,-1.0,-0.4936,0.0,0.0,0.0,0.0,1.0,0.958
w11-ent003-s53,w11-ent003,53,2522112,0.28,0.754,-1.0,-0.5958,0.0,0.0,0.0,0.0,1.0,0.958
w11-ent003-s53,w11-ent003,53,2552832,0.26,0.806,-1.0,-0.5984,0.0,0.0,0.0,0.0,1.0,0.958
w11-ent003-s53,w11-ent003,53,2583552,0.29,0.808,-1.0,-0.5149,0.0,0.0,0.0,0.0,1.0,0.958
w11-ent003-s53,w11-ent003,53,2614272,0.26,0.768,-1.0,-0.4074,0.0,0.0,0.0,0.0,1.0,0.958
w11-ent003-s53,w11-ent003,53,2644992,0.19,0.788,-1.0,-0.2591,0.0,0.0,0.0,0.0,1.0,0.957
w11-ent003-s53,w11-ent003,53,2675712,0.27,0.799,-1.0,-0.4501,0.0,0.0,0.0,0.0,1.0,0.957
w11-ent003-s53,w11-ent003,53,2706432,0.24,0.764,-1.0,-0.5272,0.0,0.0,0.0,0.0,1.0,0.957
w11-ent003-s53,w11-ent003,53,2737152,0.13,0.656,-1.0,-0.4466,0.0,0.0,0.0,0.0,1.0,0.957
w11-ent003-s53,w11-ent003,53,2767872,0.19,0.717,-1.0,-0.1356,0.0,0.0,0.0,0.0,1.0,0.957
w11-ent003-s53,w11-ent003,53,2798592,0.2,0.721,-1.0,-0.3504,0.0,0.0,0.0,0.0,1.0,0.957
w11-ent003-s53,w11-ent003,53,2829312,0.34,0.84,-1.0,-0.4931,0.0,0.0,0.0,0.0,1.0,0.957
w11-ent003-s53,w11-ent003,53,2860032,0.3,0.831,-1.0,-0.4424,0.0,0.0,0.0,0.0,1.0,0.957
w11-ent003-s53,w11-ent003,53,2890752,0.24,0.772,-1.0,-0.4653,0.0,0.0,0.0,0.0,1.0,0.957
w11-ent003-s53,w11-ent003,53,2921472,0.22,0.772,-1.0,-0.3089,0.0,0.0,0.0,0.0,1.0,0.957
w11-ent003-s53,w11-ent003,53,2952192,0.34,0.861,-1.0,-0.3991,0.0,0.0,0.0,0.0,1.0,0.957
w11-ent003-s53,w11-ent003,53,2982912,0.21,0.735,-1.0,-0.4436,0.0,0.0,0.0,0.0,1.0,0.956
w11-ent003-s53,w11-ent003,53,3013632,0.27,0.783,-1.0,-0.4952,0.0,0.0,0.0,0.0,1.0,0.956
w11-ent003-s53,w11-ent003,53,3044352,0.19,0.729,-1.0,-0.4544,0.0,0.0,0.0,0.0,1.0,0.956
w11-ent003-s53,w11-ent003,53,3075072,0.24,0.764,-1.0,-0.3348,0.0,0.0,0.0,0.0,1.0,0.956
w11-ent003-s53,w11-ent003,53,3105792,0.28,0.779,-1.0,-0.5271,0.0,0.0,0.0,0.0,1.0,0.956
w11-ent003-s53,w11-ent003,53,3136512,0.32,0.822,-1.0,-0.2547,0.0,0.0,0.0,0.0,1.0,0.956
w11-ent003-s53,w11-ent003,53,3167232,0.31,0.848,-1.0,-0.1573,0.0,0.0,0.0,0.0,1.0,0.956
w11-ent003-s53,w11-ent003,53,3197952,0.21,0.763,-1.0,-0.2945,0.0,0.0,0.0,0.0,1.0,0.956
w11-ent003-s53,w11-ent003,53,3228672,0.3,0.806,-1.0,-0.3047,0.0,0.0,0.0,0.0,1.0,0.956
w11-ent003-s53,w11-ent003,53,3259392,0.37,0.854,-1.0,-0.3392,0.0,0.0,0.0,0.0,1.0,0.956
w11-ent003-s53,w11-ent003,53,3290112,0.27,0.798,-1.0,-0.334,0.0,0.0,0.0,0.0,1.0,0.956
w11-ent003-s53,w11-ent003,53,3320832,0.3,0.818,-1.0,-0.3424,0.0,0.0,0.0,0.0,1.0,0.956
w11-ent003-s53,w11-ent003,53,3351552,0.27,0.782,-1.0,-0.2762,0.0,0.0,0.0,0.0,1.0,0.956
w11-ent003-s53,w11-ent003,53,3382272,0.35,0.854,-1.0,-0.456,0.0,0.0,0.0,0.0,1.0,0.956
w11-ent003-s53,w11-ent003,53,3412992,0.39,0.877,-1.0,-0.4008,0.0,0.0,0.0,0.0,1.0,0.956
w11-ent003-s53,w11-ent003,53,3443712,0.4,0.903,-1.0,-0.0888,0.0,0.0,0.0,0.0,1.0,0.956
w11-ent003-s53,w11-ent003,53,3474432,0.26,0.754,-1.0,-0.2808,0.0,0.0,0.0,0.0,1.0,0.955
w11-ent003-s53,w11-ent003,53,3505152,0.34,0.842,-1.0,-0.2518,0.0,0.0,0.0,0.0,1.0,0.955
w11-ent003-s53,w11-ent003,53,3535872,0.27,0.78,-1.0,-0.3411,0.0,0.0,0.0,0.0,1.0,0.955
w11-ent003-s53,w11-ent003,53,3566592,0.31,0.807,-1.0,-0.2567,0.0,0.0,0.0,0.0,1.0,0.955
w11-ent003-s53,w11-ent003,53,3597312,0.4,0.891,-1.0,-0.3576,0.0,0.0,0.0,0.0,1.0,0.955
w11-ent003-s53,w11-ent003,53,3628032,0.34,0.838,-1.0,-0.1895,0.0,0.0,0.0,0.0,1.0,0.955
w11-ent003-s53,w11-ent003,53,3658752,0.38,0.895,-1.0,-0.2098,0.0,0.0,0.0,0.0,1.0,0.955
w11-ent003-s53,w11-ent003,53,3689472,0.28,0.756,-1.0,-0.1126,0.0,0.0,0.0,0.0,1.0,0.955
w11-ent003-s53,w11-ent003,53,3720192,0.25,0.758,-1.0,-0.3453,0.0,0.0,0.0,0.0,1.0,0.955
w11-ent003-s53,w11-ent003,53,3750912,0.42,0.931,-1.0,-0.1546,0.0,0.0,0.0,0.0,1.0,0.955
w11-ent003-s53,w11-ent003,53,3781632,0.37,0.846,-1.0,-0.0967,0.0,0.0,0.0,0.0,1.0,0.955
w11-ent003-s53,w11-ent003,53,3812352,0.37,0.839,-1.0,-0.3027,0.0,0.0,0.0,0.0,1.0,0.955
w11-ent003-s53,w11-ent003,53,3843072,0.36,0.836,-1.0,0.1326,0.0,0.0,0.0,0.0,1.0,0.955
w11-ent003-s53,w11-ent003,53,3873792,0.35,0.838,-1.0,-0.1143,0.0,0.0,0.0,0.0,1.0,0.955
w11-ent003-s53,w11-ent003,53,3904512,0.33,0.805,-1.0,-0.2277,0.0,0.0,0.0,0.0,1.0,0.955
w11-ent003-s53,w11-ent003,53,3935232,0.42,0.907,-1.0,-0.1182,0.0,0.0,0.0,0.0,1.0,0.954
w11-ent003-s53,w11-ent003,53,3965952,0.48,0.94,-1.0,0.1613,0.0,0.0,0.0,0.0,1.0,0.954
w11-ent003-s53,w11-ent003,53,3996672,0.4,0.898,-1.0,-0.1403,0.0,0.0,0.0,0.0,1.0,0.954
w11-ent003-s53,w11-ent003,53,4027392,0.49,0.971,-1.0,0.0393,0.0,0.0,0.0,0.0,1.0,0.954
w11-ent003-s53,w11-ent003,53,4058112,0.41,0.907,-1.0,0.1453,0.0,0.0,0.0,0.0,1.0,0.954
w11-ent003-s53,w11-ent003,53,4088832,0.43,0.972,-1.0,-0.023,0.0,0.0,0.0,0.0,1.0,0.954
w11-ent003-s53,w11-ent003,53,4119552,0.45,0.973,-1.0,-0.0608,0.0,0.0,0.0,0.0,1.0,0.954
w11-ent003-s53,w11-ent003,53,4150272,0.49,0.957,-1.0,-0.0433,0.0,0.0,0.0,0.0,1.0,0.954
w11-ent003-s53,w11-ent003,53,4180992,0.39,0.845,-1.0,-0.0621,0.0,0.0,0.0,0.0,1.0,0.954
w11-ent003-s53,w11-ent003,53,4211712,0.35,0.849,-1.0,0.2282,0.0,0.0,0.0,0.0,1.0,0.954
w11-ent003-s53,w11-ent003,53,4242432,0.45,0.939,-1.0,-0.0662,0.0,0.0,0.0,0.0,1.0,0.954
w11-ent003-s53,w11-ent003,53,4273152,0.45,0.918,-1.0,-0.0029,0.0,0.0,0.0,0.0,1.0,0.954
w11-ent003-s53,w11-ent003,53,4303872,0.45,0.938,-1.0,0.0908,0.0,0.0,0.0,0.0,1.0,0.954
w11-ent003-s53,w11-ent003,53,4334592,0.47,0.979,-1.0,0.1813,0.0,0.0,0.0,0.0,1.0,0.953
w11-ent003-s53,w11-ent003,53,4365312,0.51,0.994,-1.0,0.3499,0.0,0.0,0.0,0.0,1.0,0.953
w11-ent003-s53,w11-ent003,53,4396032,0.46,0.962,-1.0,0.1375,0.0,0.0,0.0,0.0,1.0,0.953
w11-ent003-s53,w11-ent003,53,4426752,0.43,0.937,-1.0,0.2327,0.0,0.0,0.0,0.0,1.0,0.953
w11-ent003-s53,w11-ent003,53,4457472,0.47,0.975,-0.988,-0.0013,0.0,0.0,0.0,0.0,1.0,0.953
w11-ent003-s53,w11-ent003,53,4488192,0.48,0.945,-0.988,0.36,0.0,0.0,0.0,0.0,1.0,0.953
w11-ent003-s53,w11-ent003,53,4518912,0.52,1.026,-0.988,0.1743,0.0,0.0,0.0,0.0,1.0,0.953
w11-ent003-s53,w11-ent003,53,4549632,0.48,0.992,-0.988,0.3458,0.0,0.0,0.0,0.0,1.0,0.953
w11-ent003-s53,w11-ent003,53,4580352,0.47,0.937,-0.989,-0.095,0.0,0.0,0.0,0.0,1.0,0.953
w11-ent003-s53,w11-ent003,53,4611072,0.45,0.97,-0.989,0.1026,0.0,0.0,0.0,0.0,1.0,0.953
w11-ent003-s53,w11-ent003,53,4641792,0.56,1.037,-0.989,0.3444,0.0,0.0,0.0,0.0,1.0,0.952
w11-ent003-s53,w11-ent003,53,4672512,0.55,1.06,-0.989,0.1544,0.0,0.0,0.0,0.0,1.0,0.952
w11-ent003-s53,w11-ent003,53,4703232,0.55,1.063,-0.95,0.5386,0.0,0.0,0.0,0.0,1.0,0.952
w11-ent003-s53,w11-ent003,53,4733952,0.51,1.036,-0.95,0.2603,0.0,0.0,0.0,0.0,1.0,0.952
w11-ent003-s53,w11-ent003,53,4764672,0.57,1.074,-0.915,-0.0279,0.0,0.0,0.0,0.0,1.0,0.952
w11-ent003-s53,w11-ent003,53,4795392,0.53,1.037,-0.915,0.1672,0.0,0.0,0.0,0.0,1.0,0.952
w11-ent003-s53,w11-ent003,53,4826112,0.54,1.028,-0.915,0.2536,0.0,0.0,0.0,0.0,1.0,0.952
w11-ent003-s53,w11-ent003,53,4856832,0.54,1.043,-0.915,0.2601,0.0,0.0,0.0,0.0,1.0,0.952
w11-ent003-s53,w11-ent003,53,4887552,0.57,1.085,-0.903,0.4837,0.0,0.0,0.0,0.0,1.0,0.952
w11-ent003-s53,w11-ent003,53,4918272,0.57,1.098,-0.892,0.4194,0.0,0.0,0.0,0.0,1.0,0.951
w11-ent003-s53,w11-ent003,53,4948992,0.53,1.044,-0.868,0.3734,0.0,0.0,0.0,0.0,1.0,0.951
w11-ent003-s53,w11-ent003,53,4979712,0.5,1.0,-0.839,0.242,0.0,0.0,0.0,0.0,1.0,0.951
w11-ent003-s53,w11-ent003,53,5010432,0.58,1.065,-0.839,0.2243,0.0,0.0,0.0,0.0,1.0,0.951
w11-ent003-s53,w11-ent003,53,5041152,0.39,0.913,-0.815,0.299,0.0,0.0,0.0,0.0,1.0,0.951
w11-ent003-s53,w11-ent003,53,5071872,0.52,1.01,-0.813,0.2092,0.0,0.0,0.0,0.0,1.0,0.951
w11-ent003-s53,w11-ent003,53,5102592,0.64,1.116,-0.801,0.2988,0.0,0.0,0.0,0.0,1.0,0.951
w11-ent003-s53,w11-ent003,53,5133312,0.55,1.06,-0.787,0.2362,0.0,0.0,0.0,0.0,1.0,0.951
w11-ent003-s53,w11-ent003,53,5164032,0.69,1.163,-0.774,0.2197,0.0,0.0,0.0,0.0,1.0,0.951
w11-ent003-s53,w11-ent003,53,5194752,0.58,1.076,-0.744,0.2669,0.0,0.0,0.0,0.0,1.0,0.95
w11-ent003-s53,w11-ent003,53,5225472,0.63,1.083,-0.732,0.1745,0.0,0.0,0.0,0.0,1.0,0.95
w11-ent003-s53,w11-ent003,53,5256192,0.6,1.108,-0.68,0.5617,0.0,0.0,0.0,0.0,1.0,0.95
w11-ent003-s53,w11-ent003,53,5286912,0.48,1.006,-0.654,0.253,0.0,0.0,0.0,0.0,1.0,0.95
w11-ent003-s53,w11-ent003,53,5317632,0.5,1.014,-0.637,0.3547,0.0,0.0,0.0,0.0,1.0,0.95
w11-ent003-s53,w11-ent003,53,5348352,0.64,1.123,-0.598,0.2275,0.0,0.0,0.0,0.0,1.0,0.949
w11-ent003-s53,w11-ent003,53,5379072,0.52,0.99,-0.559,0.5089,0.0,0.0,0.0,0.0,1.0,0.949
w11-ent003-s53,w11-ent003,53,5409792,0.55,1.026,-0.559,0.3654,0.0,0.0,0.0,0.0,1.0,0.949
w11-ent003-s53,w11-ent003,53,5440512,0.56,1.031,-0.545,0.0426,0.0,0.0,0.0,0.0,1.0,0.949
w11-ent003-s53,w11-ent003,53,5471232,0.49,0.994,-0.545,0.3056,0.0,0.0,0.0,0.0,1.0,0.949
w11-ent003-s53,w11-ent003,53,5501952,0.57,1.023,-0.545,0.0497,0.0,0.0,0.0,0.0,1.0,0.949
w11-ent003-s53,w11-ent003,53,5532672,0.5,1.008,-0.508,0.2922,0.0,0.0,0.0,0.0,1.0,0.948
w11-ent003-s53,w11-ent003,53,5563392,0.58,1.087,-0.449,0.1912,0.0,0.0,0.0,0.0,1.0,0.948
w11-ent003-s53,w11-ent003,53,5594112,0.58,1.057,-0.422,0.1612,0.0,0.0,0.0,0.0,1.0,0.948
w11-ent003-s53,w11-ent003,53,5624832,0.5,0.972,-0.408,0.3941,0.0,0.0,0.0,0.0,1.0,0.948
w11-ent003-s53,w11-ent003,53,5655552,0.53,1.003,-0.38,0.3517,0.0,0.0,0.0,0.0,1.0,0.948
w11-ent003-s53,w11-ent003,53,5686272,0.68,1.133,-0.354,0.3781,0.0,0.0,0.0,0.0,1.0,0.948
w11-ent003-s53,w11-ent003,53,5716992,0.48,0.968,-0.336,0.2907,0.0,0.0,0.0,0.0,1.0,0.947
w11-ent003-s53,w11-ent003,53,5747712,0.5,0.966,-0.323,0.1645,0.0,0.0,0.0,0.0,1.0,0.947
w11-ent003-s53,w11-ent003,53,5778432,0.52,1.0,-0.31,0.3645,0.0,0.0,0.0,0.0,1.0,0.947
w11-ent003-s53,w11-ent003,53,5809152,0.54,1.005,-0.284,0.1786,0.0,0.0,0.0,0.0,1.0,0.947
w11-ent003-s53,w11-ent003,53,5839872,0.59,1.043,-0.284,0.2502,0.0,0.0,0.0,0.0,1.0,0.947
w11-ent003-s53,w11-ent003,53,5870592,0.63,1.066,-0.261,0.2433,0.0,0.0,0.0,0.0,1.0,0.947
w11-ent003-s53,w11-ent003,53,5901312,0.69,1.138,-0.233,0.2532,0.0,0.0,0.0,0.0,1.0,0.947
w11-ent003-s53,w11-ent003,53,5932032,0.51,1.009,-0.2,0.418,0.0,0.0,0.0,0.0,1.0,0.946
w11-ent003-s53,w11-ent003,53,5962752,0.55,1.051,-0.188,0.304,0.0,0.0,0.0,0.0,1.0,0.946
w11-ent003-s53,w11-ent003,53,5993472,0.62,1.07,-0.176,0.2473,0.0,0.0,0.0,0.0,1.0,0.946
w11-ent003-s53,w11-ent003,53,6024192,0.6,1.066,-0.135,0.3314,0.0,0.0,0.0,0.0,1.0,0.946
w11-ent003-s53,w11-ent003,53,6054912,0.63,1.066,-0.11,0.2171,0.0,0.0,0.0,0.0,1.0,0.946
w11-ent003-s53,w11-ent003,53,6085632,0.66,1.067,-0.07,0.0661,0.0,0.0,0.0,0.0,1.0,0.945
w11-ent003-s53,w11-ent003,53,6116352,0.51,1.004,-0.029,0.1815,0.0,0.0,0.0,0.0,1.0,0.945
w11-ent003-s53,w11-ent003,53,6147072,0.56,1.023,-0.003,0.3918,0.0,0.0,0.0,0.0,1.0,0.945
w11-ent003-s53,w11-ent003,53,6177792,0.57,1.069,0.0,0.4347,0.0,0.0,0.0,0.0,1.0,0.945
w11-ent003-s53,w11-ent003,53,6208512,0.62,1.047,0.0,0.2482,0.0,0.0,0.0,0.0,1.0,0.945
w11-ent003-s53,w11-ent003,53,6239232,0.61,1.045,0.0,0.3704,0.0,0.0,0.0,0.0,1.0,0.945
w11-ent003-s53,w11-ent003,53,6269952,0.62,1.049,0.0,0.3579,0.0,0.0,0.0,0.0,1.0,0.945
w11-ent003-s53,w11-ent003,53,6300672,0.56,1.017,0.0,0.1697,0.0,0.0,0.0,0.0,1.0,0.944
w11-ent003-s53,w11-ent003,53,6331392,0.65,1.094,0.0,0.474,0.0,0.0,0.0,0.0,1.0,0.944
w11-ent003-s53,w11-ent003,53,6362112,0.65,1.07,0.0,0.2225,0.0,0.0,0.0,0.0,1.0,0.944
w11-ent003-s53,w11-ent003,53,6392832,0.67,1.094,0.0,0.272,0.0,0.0,0.0,0.0,1.0,0.944
w11-ent003-s53,w11-ent003,53,6423552,0.55,1.01,0.0,0.2719,0.0,0.0,0.0,0.0,1.0,0.944
w11-ent003-s53,w11-ent003,53,6454272,0.63,1.051,0.0,0.3918,0.0,0.0,0.0,0.0,1.0,0.944
w11-ent003-s53,w11-ent003,53,6484992,0.57,1.019,0.0,0.4884,0.0,0.0,0.0,0.0,1.0,0.944
w11-ent003-s53,w11-ent003,53,6515712,0.66,1.072,0.0,0.3581,0.0,0.0,0.0,0.0,1.0,0.943
w11-ent003-s53,w11-ent003,53,6546432,0.51,0.978,0.0,0.294,0.0,0.0,0.0,0.0,1.0,0.943
w11-ent003-s53,w11-ent003,53,6577152,0.59,1.045,0.0,0.3983,0.0,0.0,0.0,0.0,1.0,0.943
w11-ent003-s53,w11-ent003,53,6607872,0.53,0.96,0.0,0.4904,0.0,0.0,0.0,0.0,1.0,0.943
w11-ent003-s53,w11-ent003,53,6638592,0.63,1.029,0.0,0.309,0.0,0.0,0.0,0.0,1.0,0.943
w11-ent003-s53,w11-ent003,53,6669312,0.69,1.109,0.0,0.2623,0.0,0.0,0.0,0.0,1.0,0.943
w11-ent003-s53,w11-ent003,53,6700032,0.59,1.022,0.0,0.4203,0.0,0.0,0.0,0.0,1.0,0.943
w11-ent003-s53,w11-ent003,53,6730752,0.67,1.092,0.0,0.5289,0.0,0.0,0.0,0.0,1.0,0.942
w11-ent003-s53,w11-ent003,53,6761472,0.64,1.08,0.0,0.5807,0.0,0.0,0.0,0.0,1.0,0.942
w11-ent003-s53,w11-ent003,53,6792192,0.6,1.031,0.0,0.5062,0.0,0.0,0.0,0.0,1.0,0.942
w11-ent003-s53,w11-ent003,53,6822912,0.63,1.035,0.0,0.6004,0.0,0.0,0.0,0.0,1.0,0.942
w11-ent003-s53,w11-ent003,53,6853632,0.57,1.02,0.0,0.466,0.0,0.0,0.0,0.0,1.0,0.942
w11-ent003-s53,w11-ent003,53,6884352,0.61,1.059,0.0,0.3613,0.0,0.0,0.0,0.0,1.0,0.942
w11-ent003-s53,w11-ent003,53,6915072,0.57,1.027,0.0,0.4855,0.0,0.0,0.0,0.0,1.0,0.941
w11-ent003-s53,w11-ent003,53,6945792,0.62,1.072,0.0,0.6484,0.0,0.0,0.0,0.0,1.0,0.941
w11-ent003-s53,w11-ent003,53,6976512,0.67,1.123,0.0,0.5027,0.0,0.0,0.0,0.0,1.0,0.941
w11-ent003-s53,w11-ent003,53,7007232,0.62,1.046,0.0,0.5661,0.0,0.0,0.0,0.0,1.0,0.941
w11-ent003-s53,w11-ent003,53,7037952,0.63,1.04,0.0,0.4063,0.0,0.0,0.0,0.0,1.0,0.941
w11-ent003-s53,w11-ent003,53,7068672,0.65,1.083,0.0,0.5908,0.0,0.0,0.0,0.0,1.0,0.941
w11-ent003-s53,w11-ent003,53,7099392,0.61,1.05,0.0,0.604,0.0,0.0,0.0,0.0,1.0,0.94
w11-ent003-s53,w11-ent003,53,7130112,0.63,1.069,0.0,0.4636,0.0,0.0,0.0,0.0,1.0,0.94
w11-ent003-s53,w11-ent003,53,7160832,0.59,1.003,0.0,0.412,0.0,0.0,0.0,0.0,1.0,0.94
w11-ent003-s53,w11-ent003,53,7191552,0.63,1.05,0.0,0.4551,0.0,0.0,0.0,0.0,1.0,0.94
w11-ent003-s53,w11-ent003,53,7222272,0.68,1.098,0.0,0.6042,0.0,0.0,0.0,0.0,1.0,0.94
w11-ent003-s53,w11-ent003,53,7252992,0.66,1.078,0.0,0.7,0.0,0.0,0.0,0.0,1.0,0.94
w11-ent003-s53,w11-ent003,53,7283712,0.6,1.037,0.0,0.6196,0.0,0.0,0.0,0.0,1.0,0.939
w11-ent003-s53,w11-ent003,53,7314432,0.58,0.999,0.0,0.585,0.0,0.0,0.0,0.0,1.0,0.939
w11-ent003-s53,w11-ent003,53,7345152,0.69,1.124,0.0,0.3323,0.0,0.0,0.0,0.0,1.0,0.939
w11-ent003-s53,w11-ent003,53,7375872,0.65,1.094,0.0,0.5734,0.0,0.0,0.0,0.0,1.0,0.939
w11-ent003-s53,w11-ent003,53,7406592,0.7,1.112,0.0,0.3809,0.0,0.0,0.0,0.0,1.0,0.939
w11-ent003-s53,w11-ent003,53,7437312,0.69,1.158,0.0,0.5467,0.0,0.0,0.0,0.0,1.0,0.939
w11-ent003-s53,w11-ent003,53,7468032,0.72,1.111,0.0,0.4227,0.0,0.0,0.0,0.0,1.0,0.939
w11-ent003-s53,w11-ent003,53,7498752,0.65,1.109,0.0,0.6095,0.0,0.0,0.0,0.0,1.0,0.938
w11-ent003-s53,w11-ent003,53,7529472,0.64,1.078,0.0,0.6453,0.0,0.0,0.0,0.0,1.0,0.938
w11-ent003-s53,w11-ent003,53,7560192,0.7,1.123,0.0,0.5978,0.0,0.0,0.0,0.0,1.0,0.938
w11-ent003-s53,w11-ent003,53,7590912,0.7,1.109,0.0,0.5081,0.0,0.0,0.0,0.0,1.0,0.938
w11-ent003-s53,w11-ent003,53,7621632,0.7,1.112,0.0,0.6925,0.0,0.0,0.0,0.0,1.0,0.938
w11-ent003-s53,w11-ent003,53,7652352,0.64,1.064,0.0,0.4955,0.0,0.0,0.0,0.0,1.0,0.938
w11-ent003-s53,w11-ent003,53,7683072,0.73,1.157,0.0,0.5895,0.0,0.0,0.0,0.0,1.0,0.937
w11-ent003-s53,w11-ent003,53,7713792,0.72,1.113,0.0,0.8169,0.0,0.0,0.0,0.0,1.0,0.937
w11-ent003-s53,w11-ent003,53,7744512,0.64,1.1,0.0,0.4465,0.0,0.0,0.0,0.0,1.0,0.937
w11-ent003-s53,w11-ent003,53,7775232,0.64,1.042,0.0,0.6001,0.0,0.0,0.0,0.0,1.0,0.937
w11-ent003-s53,w11-ent003,53,7805952,0.74,1.143,0.0,0.6479,0.0,0.0,0.0,0.0,1.0,0.937
w11-ent003-s53,w11-ent003,53,7836672,0.61,1.056,0.0,0.2947,0.0,0.0,0.0,0.0,1.0,0.937
w11-ent003-s53,w11-ent003,53,7867392,0.69,1.132,0.0,0.4454,0.0,0.0,0.0,0.0,1.0,0.937
w11-ent003-s53,w11-ent003,53,7898112,0.66,1.093,0.0,0.5479,0.0,0.0,0.0,0.0,1.0,0.936
w11-ent003-s53,w11-ent003,53,7928832,0.69,1.091,0.0,0.5423,0.0,0.0,0.0,0.0,1.0,0.936
w11-ent003-s53,w11-ent003,53,7959552,0.73,1.12,0.0,0.4803,0.0,0.0,0.0,0.0,1.0,0.936
w11-ent003-s53,w11-ent003,53,7990272,0.71,1.114,0.0,0.3698,0.0,0.0,0.0,0.0,1.0,0.936
w11-ent003-s53,w11-ent003,53,8020992,0.75,1.164,0.0,0.5664,0.0,0.0,0.0,0.0,1.0,0.936
w11-ent003-s53,w11-ent003,53,8051712,0.68,1.089,0.0,0.578,0.0,0.0,0.0,0.0,1.0,0.936
w11-ent003-s53,w11-ent003,53,8082432,0.68,1.08,0.0,0.6213,0.0,0.0,0.0,0.0,1.0,0.935
w11-ent003-s53,w11-ent003,53,8113152,0.76,1.183,0.0,0.4837,0.0,0.0,0.0,0.0,1.0,0.935
w11-ent003-s53,w11-ent003,53,8143872,0.61,1.085,0.0,0.6517,0.0,0.0,0.0,0.0,1.0,0.935
w11-ent003-s53,w11-ent003,53,8174592,0.58,0.996,0.0,0.3184,0.0,0.0,0.0,0.0,1.0,0.935
w11-ent003-s53,w11-ent003,53,8205312,0.6,1.089,0.0,0.642,0.0,0.0,0.0,0.0,1.0,0.935
w11-ent003-s53,w11-ent003,53,8236032,0.69,1.125,0.0,0.6661,0.0,0.0,0.0,0.0,1.0,0.935
w11-ent003-s53,w11-ent003,53,8266752,0.69,1.148,0.0,0.2994,0.0,0.0,0.0,0.0,1.0,0.935
w11-ent003-s53,w11-ent003,53,8297472,0.75,1.18,0.0,0.3333,0.0,0.0,0.0,0.0,1.0,0.935
w11-ent003-s53,w11-ent003,53,8328192,0.74,1.157,0.0,0.6328,0.0,0.0,0.0,0.0,1.0,0.934
w11-ent003-s53,w11-ent003,53,8358912,0.73,1.132,0.0,0.5509,0.0,0.0,0.0,0.0,1.0,0.934
w11-ent003-s53,w11-ent003,53,8389632,0.72,1.148,0.0,0.8245,0.0,0.0,0.0,0.0,1.0,0.934
w11-ent003-s53,w11-ent003,53,8420352,0.71,1.142,0.0,0.5679,0.0,0.0,0.0,0.0,1.0,0.934
w11-ent003-s53,w11-ent003,53,8451072,0.72,1.166,0.0,0.4006,0.0,0.0,0.0,0.0,1.0,0.934
w11-ent003-s53,w11-ent003,53,8481792,0.77,1.177,0.0,0.6075,0.0,0.0,0.0,0.0,1.0,0.934
w11-ent003-s53,w11-ent003,53,8512512,0.75,1.18,0.0,0.716,0.0,0.0,0.0,0.0,1.0,0.934
w11-ent003-s53,w11-ent003,53,8543232,0.75,1.174,0.0,0.5401,0.0,0.0,0.0,0.0,1.0,0.934
w11-ent003-s53,w11-ent003,53,8573952,0.73,1.14,0.0,0.7384,0.0,0.0,0.0,0.0,1.0,0.934
w11-ent003-s53,w11-ent003,53,8604672,0.69,1.129,0.0,0.574,0.0,0.0,0.0,0.0,1.0,0.933
w11-ent003-s53,w11-ent003,53,8635392,0.69,1.115,0.0,0.728,0.0,0.0,0.0,0.0,1.0,0.933
w11-ent003-s53,w11-ent003,53,8666112,0.67,1.096,0.0,0.6256,0.0,0.0,0.0,0.0,1.0,0.933
w11-ent003-s53,w11-ent003,53,8696832,0.67,1.106,0.0,0.5022,0.0,0.0,0.0,0.0,1.0,0.933
w11-ent003-s53,w11-ent003,53,8727552,0.68,1.097,0.0,0.7628,0.0,0.0,0.0,0.0,1.0,0.933
w11-ent003-s53,w11-ent003,53,8758272,0.73,1.147,0.0,0.7416,0.0,0.0,0.0,0.0,1.0,0.933
w11-ent003-s53,w11-ent003,53,8788992,0.7,1.129,0.0,0.6813,0.0,0.0,0.0,0.0,1.0,0.933
w11-ent003-s53,w11-ent003,53,8819712,0.76,1.197,0.0,0.8538,0.0,0.0,0.0,0.0,1.0,0.932
w11-ent003-s53,w11-ent003,53,8850432,0.65,1.078,0.0,0.728,0.0,0.0,0.0,0.0,1.0,0.932
w11-ent003-s53,w11-ent003,53,8881152,0.74,1.164,0.0,0.7298,0.0,0.0,0.0,0.0,1.0,0.932
w11-ent003-s53,w11-ent003,53,8911872,0.76,1.163,0.0,0.838,0.0,0.0,0.0,0.0,1.0,0.932
w11-ent003-s53,w11-ent003,53,8942592,0.67,1.099,0.0,0.7513,0.0,0.0,0.0,0.0,1.0,0.932
w11-ent003-s53,w11-ent003,53,8973312,0.74,1.128,0.0,0.775,0.0,0.0,0.0,0.0,1.0,0.932
w11-ent003-s53,w11-ent003,53,9004032,0.72,1.134,0.0,0.9174,0.0,0.0,0.0,0.0,1.0,0.932
w11-ent003-s53,w11-ent003,53,9034752,0.66,1.119,0.0,0.7626,0.0,0.0,0.0,0.0,1.0,0.932
w11-ent003-s53,w11-ent003,53,9065472,0.74,1.159,0.0,0.6175,0.0,0.0,0.0,0.0,1.0,0.931
w11-ent003-s53,w11-ent003,53,9096192,0.83,1.206,0.0,0.6914,0.0,0.0,0.0,0.0,1.0,0.931
w11-ent003-s53,w11-ent003,53,9126912,0.77,1.198,0.0,0.6737,0.0,0.0,0.0,0.0,1.0,0.931
w11-ent003-s53,w11-ent003,53,9157632,0.79,1.18,0.0,0.5611,0.0,0.0,0.0,0.0,1.0,0.931
w11-ent003-s53,w11-ent003,53,9188352,0.75,1.173,0.0,0.739,0.0,0.0,0.0,0.0,1.0,0.931
w11-ent003-s53,w11-ent003,53,9219072,0.72,1.148,0.0,0.7646,0.0,0.0,0.0,0.0,1.0,0.931
w11-ent003-s53,w11-ent003,53,9249792,0.74,1.162,0.0,0.8332,0.0,0.0,0.0,0.0,1.0,0.931
w11-ent003-s53,w11-ent003,53,9280512,0.75,1.151,0.0,0.7656,0.0,0.0,0.0,0.0,1.0,0.931
w11-ent003-s53,w11-ent003,53,9311232,0.71,1.133,0.0,0.7269,0.0,0.0,0.0,0.0,1.0,0.93
w11-ent003-s53,w11-ent003,53,9341952,0.63,1.091,0.0,0.7609,0.0,0.0,0.0,0.0,1.0,0.93
w11-ent003-s53,w11-ent003,53,9372672,0.66,1.066,0.0,0.9107,0.0,0.0,0.0,0.0,1.0,0.93
w11-ent003-s53,w11-ent003,53,9403392,0.75,1.196,0.0,0.4808,0.0,0.0,0.0,0.0,1.0,0.93
w11-ent003-s53,w11-ent003,53,9434112,0.7,1.134,0.0,0.7383,0.0,0.0,0.0,0.0,1.0,0.93
w11-ent003-s53,w11-ent003,53,9464832,0.72,1.166,0.0,0.8989,0.0,0.0,0.0,0.0,1.0,0.93
w11-ent003-s53,w11-ent003,53,9495552,0.68,1.094,0.0,0.8012,0.0,0.0,0.0,0.0,1.0,0.93
w11-ent003-s53,w11-ent003,53,9526272,0.79,1.208,0.0,0.775,0.0,0.0,0.0,0.0,1.0,0.93
w11-ent003-s53,w11-ent003,53,9556992,0.7,1.105,0.0,0.8753,0.0,0.0,0.0,0.0,1.0,0.929
w11-ent003-s53,w11-ent003,53,9587712,0.74,1.127,0.0,0.9571,0.0,0.0,0.0,0.0,1.0,0.929
w11-ent003-s53,w11-ent003,53,9618432,0.77,1.172,0.0,0.7423,0.0,0.0,0.0,0.0,1.0,0.929
w11-ent003-s53,w11-ent003,53,9649152,0.72,1.138,0.0,0.7277,0.0,0.0,0.0,0.0,1.0,0.929
w11-ent003-s53,w11-ent003,53,9679872,0.76,1.174,0.0,0.709,0.0,0.0,0.0,0.0,1.0,0.929
w11-ent003-s53,w11-ent003,53,9710592,0.75,1.142,0.0,0.7835,0.0,0.0,0.0,0.0,1.0,0.929
w11-ent003-s53,w11-ent003,53,9741312,0.79,1.185,0.0,0.7151,0.0,0.0,0.0,0.0,1.0,0.929
w11-ent003-s53,w11-ent003,53,9772032,0.74,1.126,0.0,0.8455,0.0,0.0,0.0,0.0,1.0,0.929
w11-ent003-s53,w11-ent003,53,9802752,0.72,1.121,0.0,0.6348,0.0,0.0,0.0,0.0,1.0,0.929
w11-ent003-s53,w11-ent003,53,9833472,0.69,1.104,0.0,0.7777,0.0,0.0,0.0,0.0,1.0,0.928
w11-ent003-s53,w11-ent003,53,9864192,0.73,1.138,0.0,0.7661,0.0,0.0,0.0,0.0,1.0,0.928
w11-ent003-s53,w11-ent003,53,9894912,0.77,1.166,0.0,0.7593,0.0,0.0,0.0,0.0,1.0,0.928
w11-ent003-s53,w11-ent003,53,9925632,0.61,1.044,0.0,0.6957,0.0,0.0,0.0,0.0,1.0,0.928
w11-ent003-s53,w11-ent003,53,9956352,0.66,1.075,0.0,0.7282,0.0,0.0,0.0,0.0,1.0,0.928
w11-ent003-s53,w11-ent003,53,9987072,0.66,1.075,0.0,0.671,0.0,0.0,0.0,0.0,1.0,0.928
w11-ent003-s53,w11-ent003,53,10017792,0.8,1.198,0.0,0.8224,0.0,0.0,0.0,0.0,1.0,0.928
w11-ent003-s53,w11-ent003,53,10048512,0.68,1.08,0.0,0.8172,0.0,0.0,0.0,0.0,1.0,0.928
w11-ent003-s53,w11-ent003,53,10079232,0.77,1.202,0.0,0.8616,0.0,0.0,0.0,0.0,1.0,0.928
w11-ent003-s53,w11-ent003,53,10109952,0.76,1.187,0.0,0.8491,0.0,0.0,0.0,0.0,1.0,0.928
w11-ent003-s53,w11-ent003,53,10140672,0.78,1.195,0.0,0.7811,0.0,0.0,0.0,0.0,1.0,0.927
w11-ent003-s53,w11-ent003,53,10171392,0.67,1.109,0.0,0.5875,0.0,0.0,0.0,0.0,1.0,0.927
w11-ent003-s53,w11-ent003,53,10202112,0.81,1.22,0.0,0.8479,0.0,0.0,0.0,0.0,1.0,0.927
w11-ent003-s53,w11-ent003,53,10232832,0.73,1.131,0.0,0.7562,0.0,0.0,0.0,0.0,1.0,0.927
w11-ent003-s53,w11-ent003,53,10263552,0.67,1.089,0.0,0.7405,0.0,0.0,0.0,0.0,1.0,0.927
w11-ent003-s53,w11-ent003,53,10294272,0.69,1.103,0.0,0.8638,0.0,0.0,0.0,0.0,1.0,0.927
w11-ent003-s53,w11-ent003,53,10324992,0.7,1.147,0.0,0.7966,0.0,0.0,0.0,0.0,1.0,0.927
w11-ent003-s53,w11-ent003,53,10355712,0.73,1.177,0.0,0.722,0.0,0.0,0.0,0.0,1.0,0.927
w11-ent003-s53,w11-ent003,53,10386432,0.79,1.197,0.0,0.6457,0.0,0.0,0.0,0.0,1.0,0.927
w11-ent003-s53,w11-ent003,53,10417152,0.72,1.142,0.0,0.809,0.0,0.0,0.0,0.0,1.0,0.927
w11-ent003-s53,w11-ent003,53,10447872,0.74,1.191,0.0,0.7775,0.0,0.0,0.0,0.0,1.0,0.926
w11-ent003-s53,w11-ent003,53,10478592,0.76,1.166,0.0,0.6619,0.0,0.0,0.0,0.0,1.0,0.926
w11-ent003-s53,w11-ent003,53,10509312,0.67,1.103,0.0,0.7809,0.0,0.0,0.0,0.0,1.0,0.926
w11-ent003-s53,w11-ent003,53,10540032,0.75,1.169,0.0,0.7971,0.0,0.0,0.0,0.0,1.0,0.926
w11-ent003-s53,w11-ent003,53,10570752,0.87,1.287,0.0,0.7229,0.0,0.0,0.0,0.0,1.0,0.926
w11-ent003-s53,w11-ent003,53,10601472,0.71,1.107,0.0,0.6162,0.0,0.0,0.0,0.0,1.0,0.926
w11-ent003-s53,w11-ent003,53,10632192,0.74,1.18,0.0,0.6823,0.0,0.0,0.0,0.0,1.0,0.926
w11-ent003-s53,w11-ent003,53,10662912,0.67,1.093,0.0,0.6717,0.0,0.0,0.0,0.0,1.0,0.926
w11-ent003-s53,w11-ent003,53,10693632,0.71,1.164,0.0,0.7827,0.0,0.0,0.0,0.0,1.0,0.926
w11-ent003-s53,w11-ent003,53,10724352,0.75,1.145,0.0,0.6731,0.0,0.0,0.0,0.0,1.0,0.926
w11-ent003-s53,w11-ent003,53,10755072,0.73,1.157,0.0,0.7311,0.0,0.0,0.0,0.0,1.0,0.926
w11-ent003-s53,w11-ent003,53,10785792,0.78,1.187,0.0,0.8431,0.0,0.0,0.0,0.0,1.0,0.925
w11-ent003-s53,w11-ent003,53,10816512,0.7,1.105,0.0,0.9822,0.0,0.0,0.0,0.0,1.0,0.925
w11-ent003-s53,w11-ent003,53,10847232,0.78,1.192,0.0,0.9293,0.0,0.0,0.0,0.0,1.0,0.925
w11-ent003-s53,w11-ent003,53,10877952,0.71,1.113,0.0,0.7978,0.0,0.0,0.0,0.0,1.0,0.925
w11-ent003-s53,w11-ent003,53,10908672,0.79,1.211,0.0,0.748,0.0,0.0,0.0,0.0,1.0,0.925
w11-ent003-s53,w11-ent003,53,10939392,0.77,1.174,0.0,0.7691,0.0,0.0,0.0,0.0,1.0,0.925
w11-ent003-s53,w11-ent003,53,10970112,0.86,1.254,0.0,0.6782,0.0,0.0,0.0,0.0,1.0,0.925
w11-ent003-s53,w11-ent003,53,11000832,0.67,1.13,0.0,0.848,0.0,0.0,0.0,0.0,1.0,0.925
w11-ent003-s53,w11-ent003,53,11031552,0.66,1.072,0.0,0.7878,0.0,0.0,0.0,0.0,1.0,0.925
w11-ent003-s53,w11-ent003,53,11062272,0.75,1.17,0.0,0.8498,0.0,0.0,0.0,0.0,1.0,0.925
w11-ent003-s53,w11-ent003,53,11092992,0.76,1.178,0.0,0.7112,0.0,0.0,0.0,0.0,1.0,0.924
w11-ent003-s53,w11-ent003,53,11123712,0.86,1.257,0.0,0.7097,0.0,0.0,0.0,0.0,1.0,0.924
w11-ent003-s53,w11-ent003,53,11154432,0.77,1.168,0.0,0.8348,0.0,0.0,0.0,0.0,1.0,0.924
w11-ent003-s53,w11-ent003,53,11185152,0.75,1.184,0.0,1.0187,0.0,0.0,0.0,0.0,1.0,0.924
w11-ent003-s53,w11-ent003,53,11215872,0.65,1.076,0.0,0.7788,0.0,0.0,0.0,0.0,1.0,0.924
w11-ent003-s53,w11-ent003,53,11246592,0.83,1.234,0.0,0.8171,0.0,0.0,0.0,0.0,1.0,0.924
w11-ent003-s53,w11-ent003,53,11277312,0.77,1.191,0.0,0.7316,0.0,0.0,0.0,0.0,1.0,0.924
w11-ent003-s53,w11-ent003,53,11308032,0.66,1.1,0.0,0.7359,0.0,0.0,0.0,0.0,1.0,0.924
w11-ent003-s53,w11-ent003,53,11338752,0.69,1.089,0.0,0.9164,0.0,0.0,0.0,0.0,1.0,0.924
w11-ent003-s53,w11-ent003,53,11369472,0.73,1.131,0.0,0.7408,0.0,0.0,0.0,0.0,1.0,0.924
w11-ent003-s53,w11-ent003,53,11400192,0.7,1.123,0.0,0.7043,0.0,0.0,0.0,0.0,1.0,0.924
w11-ent003-s53,w11-ent003,53,11430912,0.74,1.164,0.0,0.9333,0.0,0.0,0.0,0.0,1.0,0.924
w11-ent003-s53,w11-ent003,53,11461632,0.76,1.186,0.0,0.7769,0.0,0.0,0.0,0.0,1.0,0.923
w11-ent003-s53,w11-ent003,53,11492352,0.73,1.173,0.0,0.804,0.0,0.0,0.0,0.0,1.0,0.923
w11-ent003-s53,w11-ent003,53,11523072,0.8,1.216,0.0,0.6805,0.0,0.0,0.0,0.0,1.0,0.923
w11-ent003-s53,w11-ent003,53,11553792,0.68,1.118,0.0,0.6182,0.0,0.0,0.0,0.0,1.0,0.923
w11-ent003-s53,w11-ent003,53,11584512,0.77,1.18,0.0,0.677,0.0,0.0,0.0,0.0,1.0,0.923
w11-ent003-s53,w11-ent003,53,11615232,0.79,1.194,0.0,0.6871,0.0,0.0,0.0,0.0,1.0,0.923
w11-ent003-s53,w11-ent003,53,11645952,0.75,1.175,0.0,0.7945,0.0,0.0,0.0,0.0,1.0,0.923
w11-ent003-s53,w11-ent003,53,11676672,0.71,1.097,0.0,0.7868,0.0,0.0,0.0,0.0,1.0,0.923
w11-ent003-s53,w11-ent003,53,11707392,0.75,1.15,0.0,0.7679,0.0,0.0,0.0,0.0,1.0,0.923
w11-ent003-s53,w11-ent003,53,11738112,0.73,1.151,0.0,0.877,0.0,0.0,0.0,0.0,1.0,0.923
w11-ent003-s53,w11-ent003,53,11768832,0.78,1.197,0.0,0.8365,0.0,0.0,0.0,0.0,1.0,0.923
w11-ent003-s53,w11-ent003,53,11799552,0.8,1.227,0.0,0.8552,0.0,0.0,0.0,0.0,1.0,0.922
w11-ent003-s53,w11-ent003,53,11830272,0.77,1.197,0.0,0.8648,0.0,0.0,0.0,0.0,1.0,0.922
w11-ent003-s53,w11-ent003,53,11860992,0.76,1.19,0.0,0.8391,0.0,0.0,0.0,0.0,1.0,0.922
w11-ent003-s53,w11-ent003,53,11891712,0.82,1.229,0.0,0.8783,0.0,0.0,0.0,0.0,1.0,0.922
w11-ent003-s53,w11-ent003,53,11922432,0.74,1.157,0.0,0.7526,0.0,0.0,0.0,0.0,1.0,0.922
w11-ent003-s53,w11-ent003,53,11953152,0.73,1.18,0.0,0.8258,0.0,0.0,0.0,0.0,1.0,0.922
w11-ent003-s53,w11-ent003,53,11983872,0.74,1.176,0.0,0.8997,0.0,0.0,0.0,0.0,1.0,0.922
w11-ent003-s53,w11-ent003,53,12014592,0.72,1.146,0.0,0.8513,0.0,0.0,0.0,0.0,1.0,0.922
w11-ent003-s53,w11-ent003,53,12045312,0.75,1.14,0.0,1.0387,0.0,0.0,0.0,0.0,1.0,0.922
w11-ent003-s53,w11-ent003,53,12076032,0.81,1.22,0.0,0.8066,0.0,0.0,0.0,0.0,1.0,0.922
w11-ent003-s53,w11-ent003,53,12106752,0.81,1.177,0.0,0.7248,0.0,0.0,0.0,0.0,1.0,0.922
w11-ent003-s53,w11-ent003,53,12137472,0.85,1.256,0.0,0.8588,0.0,0.0,0.0,0.0,1.0,0.922
w11-ent003-s53,w11-ent003,53,12168192,0.74,1.154,0.0,0.9547,0.0,0.0,0.0,0.0,1.0,0.921
w11-ent003-s53,w11-ent003,53,12198912,0.76,1.16,0.0,0.9102,0.0,0.0,0.0,0.0,1.0,0.921
w11-ent003-s53,w11-ent003,53,12229632,0.74,1.156,0.0,0.8434,0.0,0.0,0.0,0.0,1.0,0.921
w11-ent003-s53,w11-ent003,53,12260352,0.8,1.205,0.0,0.7246,0.0,0.0,0.0,0.0,1.0,0.921
w11-ent003-s53,w11-ent003,53,12291072,0.78,1.191,0.0,0.7675,0.0,0.0,0.0,0.0,1.0,0.921
w11-ent003-s53,w11-ent003,53,12321792,0.76,1.162,0.0,0.9456,0.0,0.0,0.0,0.0,1.0,0.921
w11-ent003-s53,w11-ent003,53,12352512,0.74,1.175,0.0,0.8215,0.0,0.0,0.0,0.0,1.0,0.921
w11-ent003-s53,w11-ent003,53,12383232,0.81,1.211,0.0,0.8525,0.0,0.0,0.0,0.0,1.0,0.921
w11-ent003-s53,w11-ent003,53,12413952,0.81,1.225,0.0,0.6889,0.0,0.0,0.0,0.0,1.0,0.921
w11-ent003-s53,w11-ent003,53,12444672,0.76,1.152,0.0,0.7784,0.0,0.0,0.0,0.0,1.0,0.921
w11-ent003-s53,w11-ent003,53,12475392,0.79,1.193,0.0,0.8332,0.0,0.0,0.0,0.0,1.0,0.921
w11-ent003-s53,w11-ent003,53,12506112,0.79,1.209,0.0,0.8227,0.0,0.0,0.0,0.0,1.0,0.921
w11-ent003-s53,w11-ent003,53,12536832,0.73,1.174,0.0,0.7636,0.0,0.0,0.0,0.0,1.0,0.921
w11-ent003-s53,w11-ent003,53,12567552,0.84,1.24,0.0,0.7342,0.0,0.0,0.0,0.0,1.0,0.921
w11-ent003-s53,w11-ent003,53,12598272,0.72,1.145,0.0,0.8372,0.0,0.0,0.0,0.0,1.0,0.92
w11-ent003-s53,w11-ent003,53,12628992,0.78,1.155,0.0,0.8232,0.0,0.0,0.0,0.0,1.0,0.92
w11-ent003-s53,w11-ent003,53,12659712,0.81,1.209,0.0,1.011,0.0,0.0,0.0,0.0,1.0,0.92
w11-ent003-s53,w11-ent003,53,12690432,0.77,1.195,0.0,0.8199,0.0,0.0,0.0,0.0,1.0,0.92
w11-ent003-s53,w11-ent003,53,12721152,0.78,1.188,0.0,0.9466,0.0,0.0,0.0,0.0,1.0,0.92
w11-ent003-s53,w11-ent003,53,12751872,0.83,1.238,0.0,0.8417,0.0,0.0,0.0,0.0,1.0,0.92
w11-ent003-s53,w11-ent003,53,12782592,0.75,1.17,0.0,0.7699,0.0,0.0,0.0,0.0,1.0,0.92
w11-ent003-s53,w11-ent003,53,12813312,0.78,1.188,0.0,0.9108,0.0,0.0,0.0,0.0,1.0,0.92
w11-ent003-s53,w11-ent003,53,12844032,0.81,1.205,0.0,0.7874,0.0,0.0,0.0,0.0,1.0,0.92
w11-ent003-s53,w11-ent003,53,12874752,0.8,1.218,0.0,0.82,0.0,0.0,0.0,0.0,1.0,0.92
w11-ent003-s53,w11-ent003,53,12905472,0.83,1.222,0.0,0.7088,0.0,0.0,0.0,0.0,1.0,0.92
w11-ent003-s53,w11-ent003,53,12936192,0.75,1.146,0.0,0.7645,0.0,0.0,0.0,0.0,1.0,0.92
w11-ent003-s53,w11-ent003,53,12966912,0.79,1.21,0.0,0.8026,0.0,0.0,0.0,0.0,1.0,0.92
w11-ent003-s53,w11-ent003,53,12997632,0.83,1.236,0.0,0.7072,0.0,0.0,0.0,0.0,1.0,0.92
w11-ent003-s53,w11-ent003,53,13028352,0.82,1.24,0.0,0.8738,0.0,0.0,0.0,0.0,1.0,0.919
w11-ent003-s53,w11-ent003,53,13059072,0.8,1.232,0.0,0.9603,0.0,0.0,0.0,0.0,1.0,0.919
w11-ent003-s53,w11-ent003,53,13089792,0.78,1.223,0.0,0.8686,0.0,0.0,0.0,0.0,1.0,0.919
w11-ent003-s53,w11-ent003,53,13120512,0.72,1.148,0.0,0.7919,0.0,0.0,0.0,0.0,1.0,0.919
w11-ent003-s53,w11-ent003,53,13151232,0.77,1.156,0.0,0.9816,0.0,0.0,0.0,0.0,1.0,0.919
w11-ent003-s53,w11-ent003,53,13181952,0.79,1.212,0.0,1.082,0.0,0.0,0.0,0.0,1.0,0.919
w11-ent003-s53,w11-ent003,53,13212672,0.82,1.24,0.0,0.9179,0.0,0.0,0.0,0.0,1.0,0.919
w11-ent003-s53,w11-ent003,53,13243392,0.78,1.171,0.0,0.8565,0.0,0.0,0.0,0.0,1.0,0.919
w11-ent003-s53,w11-ent003,53,13274112,0.76,1.145,0.0,0.7765,0.0,0.0,0.0,0.0,1.0,0.919
w11-ent003-s53,w11-ent003,53,13304832,0.77,1.195,0.0,0.8985,0.0,0.0,0.0,0.0,1.0,0.919
w11-ent003-s53,w11-ent003,53,13335552,0.76,1.184,0.0,0.9334,0.0,0.0,0.0,0.0,1.0,0.919
w11-ent003-s53,w11-ent003,53,13366272,0.83,1.211,0.0,0.9384,0.0,0.0,0.0,0.0,1.0,0.919
w11-ent003-s53,w11-ent003,53,13396992,0.8,1.194,0.0,0.9597,0.0,0.0,0.0,0.0,1.0,0.919
w11-ent003-s53,w11-ent003,53,13427712,0.74,1.145,0.0,0.9791,0.0,0.0,0.0,0.0,1.0,0.919
w11-ent003-s53,w11-ent003,53,13458432,0.8,1.203,0.0,0.8628,0.0,0.0,0.0,0.0,1.0,0.918
w11-ent003-s53,w11-ent003,53,13489152,0.73,1.154,0.0,0.8492,0.0,0.0,0.0,0.0,1.0,0.918
w11-ent003-s53,w11-ent003,53,13519872,0.79,1.197,0.0,0.7807,0.0,0.0,0.0,0.0,1.0,0.918
w11-ent003-s53,w11-ent003,53,13550592,0.75,1.143,0.0,0.7807,0.0,0.0,0.0,0.0,1.0,0.918
w11-ent003-s53,w11-ent003,53,13581312,0.8,1.205,0.0,0.9544,0.0,0.0,0.0,0.0,1.0,0.918
w11-ent003-s53,w11-ent003,53,13612032,0.73,1.131,0.0,0.8423,0.0,0.0,0.0,0.0,1.0,0.918
w11-ent003-s53,w11-ent003,53,13642752,0.81,1.222,0.0,0.8227,0.0,0.0,0.0,0.0,1.0,0.918
w11-ent003-s53,w11-ent003,53,13673472,0.77,1.172,0.0,1.0011,0.0,0.0,0.0,0.0,1.0,0.918
w11-ent003-s53,w11-ent003,53,13704192,0.76,1.195,0.0,0.9429,0.0,0.0,0.0,0.0,1.0,0.918
w11-ent003-s53,w11-ent003,53,13734912,0.72,1.173,0.0,0.6938,0.0,0.0,0.0,0.0,1.0,0.918
w11-ent003-s53,w11-ent003,53,13765632,0.77,1.193,0.0,0.8377,0.0,0.0,0.0,0.0,1.0,0.918
w11-ent003-s53,w11-ent003,53,13796352,0.77,1.183,0.0,0.7198,0.0,0.0,0.0,0.0,1.0,0.918
w11-ent003-s53,w11-ent003,53,13827072,0.78,1.189,0.0,0.9658,0.0,0.0,0.0,0.0,1.0,0.918
w11-ent003-s53,w11-ent003,53,13857792,0.77,1.177,0.0,0.8419,0.0,0.0,0.0,0.0,1.0,0.918
w11-ent003-s53,w11-ent003,53,13888512,0.73,1.162,0.0,0.8175,0.0,0.0,0.0,0.0,1.0,0.917
w11-ent003-s53,w11-ent003,53,13919232,0.81,1.231,0.0,0.8596,0.0,0.0,0.0,0.0,1.0,0.917
w11-ent003-s53,w11-ent003,53,13949952,0.83,1.265,0.0,0.9841,0.0,0.0,0.0,0.0,1.0,0.917
w11-ent003-s53,w11-ent003,53,13980672,0.86,1.295,0.0,0.8731,0.0,0.0,0.0,0.0,1.0,0.917
w11-ent003-s53,w11-ent003,53,14011392,0.83,1.235,0.0,0.8888,0.0,0.0,0.0,0.0,1.0,0.917
w11-ent003-s53,w11-ent003,53,14042112,0.86,1.253,0.0,0.8389,0.0,0.0,0.0,0.0,1.0,0.917
w11-ent003-s53,w11-ent003,53,14072832,0.82,1.24,0.0,1.0035,0.0,0.0,0.0,0.0,1.0,0.917
w11-ent003-s53,w11-ent003,53,14103552,0.78,1.204,0.0,0.7871,0.0,0.0,0.0,0.0,1.0,0.917
w11-ent003-s53,w11-ent003,53,14134272,0.86,1.252,0.0,1.0054,0.0,0.0,0.0,0.0,1.0,0.917
w11-ent003-s53,w11-ent003,53,14164992,0.83,1.262,0.0,0.9209,0.0,0.0,0.0,0.0,1.0,0.917
w11-ent003-s53,w11-ent003,53,14195712,0.86,1.289,0.0,0.9183,0.0,0.0,0.0,0.0,1.0,0.917
w11-ent003-s53,w11-ent003,53,14226432,0.89,1.328,0.0,1.1095,0.0,0.0,0.0,0.0,1.0,0.917
w11-ent003-s53,w11-ent003,53,14257152,0.88,1.279,0.0,1.1029,0.0,0.0,0.0,0.0,1.0,0.917
w11-ent003-s53,w11-ent003,53,14287872,0.82,1.279,0.0,0.9048,0.0,0.0,0.0,0.0,1.0,0.917
w11-ent003-s53,w11-ent003,53,14318592,0.79,1.257,0.0,0.9541,0.0,0.0,0.0,0.0,1.0,0.916
w11-ent003-s53,w11-ent003,53,14349312,0.79,1.225,0.0,0.871,0.0,0.0,0.0,0.0,1.0,0.916
w11-ent003-s53,w11-ent003,53,14380032,0.83,1.304,0.0,1.0498,0.0,0.0,0.0,0.0,1.0,0.916
w11-ent003-s53,w11-ent003,53,14410752,0.82,1.269,0.0,0.973,0.0,0.0,0.0,0.0,1.0,0.916
w11-ent003-s53,w11-ent003,53,14441472,0.8,1.263,0.0,1.0415,0.0,0.0,0.0,0.0,1.0,0.916
w11-ent003-s53,w11-ent003,53,14472192,0.83,1.309,0.0,1.0114,0.0,0.0,0.0,0.0,1.0,0.916
w11-ent003-s53,w11-ent003,53,14502912,0.85,1.297,0.0,0.9994,0.0,0.0,0.0,0.0,1.0,0.916
w11-ent003-s53,w11-ent003,53,14533632,0.86,1.297,0.0,1.0287,0.0,0.0,0.0,0.0,1.0,0.916
w11-ent003-s53,w11-ent003,53,14564352,0.85,1.284,0.0,1.1574,0.0,0.0,0.0,0.0,1.0,0.916
w11-ent003-s53,w11-ent003,53,14595072,0.89,1.317,0.0,1.1127,0.0,0.0,0.0,0.0,1.0,0.916
w11-ent003-s53,w11-ent003,53,14625792,0.87,1.347,0.0,1.1412,0.0,0.0,0.0,0.0,1.0,0.916
w11-ent003-s53,w11-ent003,53,14656512,0.82,1.255,0.0,1.0992,0.0,0.0,0.0,0.0,1.0,0.916
w11-ent003-s53,w11-ent003,53,14687232,0.86,1.311,0.0,1.0827,0.0,0.0,0.0,0.0,1.0,0.915
w11-ent003-s53,w11-ent003,53,14717952,0.87,1.305,0.0,1.0386,0.0,0.0,0.0,0.0,1.0,0.915
w11-ent003-s53,w11-ent003,53,14748672,0.83,1.298,0.0,1.1064,0.0,0.0,0.0,0.0,1.0,0.915
w11-ent003-s53,w11-ent003,53,14779392,0.91,1.33,0.0,1.2286,0.0,0.0,0.0,0.0,1.0,0.915
w11-ent003-s53,w11-ent003,53,14810112,0.85,1.276,0.0,1.0876,0.0,0.0,0.0,0.0,1.0,0.915
w11-ent003-s53,w11-ent003,53,14840832,0.88,1.288,0.0,1.0354,0.0,0.0,0.0,0.0,1.0,0.915
w11-ent003-s53,w11-ent003,53,14871552,0.84,1.277,0.0,1.2244,0.0,0.0,0.0,0.0,1.0,0.915
w11-ent003-s53,w11-ent003,53,14902272,0.88,1.327,0.0,0.9692,0.0,0.0,0.0,0.0,1.0,0.915
w11-ent003-s53,w11-ent003,53,14932992,0.91,1.353,0.0,1.0867,0.0,0.0,0.0,0.0,1.0,0.915
w11-ent003-s53,w11-ent003,53,14963712,0.92,1.331,0.0,1.029,0.0,0.0,0.0,0.0,1.0,0.915
w11-ent003-s53,w11-ent003,53,14994432,0.96,1.381,0.0,1.1642,0.0,0.0,0.0,0.0,1.0,0.915
w11-ent003-s53,w11-ent003,53,14997504,0.85,1.295,0.0,1.0337,0.0,0.0,0.0,0.0,1.0,0.915
