run,arm,seed,step,train_win_rate,train_score,difficulty,r_objective,r_alpha,r_beta,r_zeta,r_delta,coverage,visit_entropy
director-on-s31,director-on,31,3072,0.01,,-1.0,,,,,,,
director-on-s31,director-on,31,33792,0.0,,-1.0,,,,,,,
director-on-s31,director-on,31,64512,0.01,,-1.0,,,,,,,
director-on-s31,director-on,31,95232,0.0,,-1.0,,,,,,,
director-on-s31,director-on,31,125952,0.03,,-1.0,,,,,,,
director-on-s31,director-on,31,156672,0.03,,-1.0,,,,,,,
director-on-s31,director-on,31,187392,0.06,,-1.0,,,,,,,
director-on-s31,director-on,31,218112,0.01,,-1.0,,,,,,,
director-on-s31,director-on,31,248832,0.03,,-1.0,,,,,,,
director-on-s31,director-on,31,279552,0.06,,-1.0,,,,,,,
director-on-s31,director-on,31,310272,0.03,,-1.0,,,,,,,
director-on-s31,director-on,31,340992,0.03,,-1.0,,,,,,,
director-on-s31,director-on,31,371712,0.01,,-1.0,,,,,,,
director-on-s31,director-on,31,402432,0.08,,-1.0,,,,,,,
director-on-s31,director-on,31,433152,0.06,,-1.0,,,,,,,
director-on-s31,director-on,31,463872,0.07,,-1.0,,,,,,,
director-on-s31,director-on,31,494592,0.07,,-1.0,,,,,,,
director-on-s31,director-on,31,525312,0.07,,-1.0,,,,,,,
director-on-s31,director-on,31,556032,0.06,,-1.0,,,,,,,
director-on-s31,director-on,31,586752,0.04,,-1.0,,,,,,,
director-on-s31,director-on,31,617472,0.05,,-1.0,,,,,,,
director-on-s31,director-on,31,648192,0.03,,-1.0,,,,,,,
director-on-s31,director-on,31,678912,0.05,,-1.0,,,,,,,
director-on-s31,director-on,31,709632,0.06,,-1.0,,,,,,,
director-on-s31,director-on,31,740352,0.06,,-1.0,,,,,,,
director-on-s31,director-on,31,771072,0.14,,-1.0,,,,,,,
director-on-s31,director-on,31,801792,0.17,,-1.0,,,,,,,
director-on-s31,director-on,31,832512,0.11,,-1.0,,,,,,,
director-on-s31,director-on,31,863232,0.09,,-1.0,,,,,,,
director-on-s31,director-on,31,893952,0.12,,-1.0,,,,,,,
director-on-s31,director-on,31,924672,0.09,,-1.0,,,,,,,
director-on-s31,director-on,31,955392,0.06,,-1.0,,,,,,,
director-on-s31,director-on,31,986112,0.08,,-1.0,,,,,,,
director-on-s31,director-on,31,1016832,0.2,,-1.0,,,,,,,
director-on-s31,director-on,31,1047552,0.11,,-1.0,,,,,,,
director-on-s31,director-on,31,1078272,0.09,,-1.0,,,,,,,
director-on-s31,director-on,31,1108992,0.09,,-1.0,,,,,,,
director-on-s31,director-on,31,1139712,0.1,,-1.0,,,,,,,
director-on-s31,director-on,31,1170432,0.09,,-1.0,,,,,,,
director-on-s31,director-on,31,1201152,0.15,,-1.0,,,,,,,
director-on-s31,director-on,31,1231872,0.13,,-1.0,,,,,,,
director-on-s31,director-on,31,1262592,0.13,,-1.0,,,,,,,
director-on-s31,director-on,31,1293312,0.12,,-1.0,,,,,,,
director-on-s31,director-on,31,1324032,0.12,,-1.0,,,,,,,
director-on-s31,director-on,31,1354752,0.07,,-1.0,,,,,,,
director-on-s31,director-on,31,1385472,0.18,,-1.0,,,,,,,
director-on-s31,director-on,31,1416192,0.12,,-1.0,,,,,,,
director-on-s31,director-on,31,1446912,0.11,,-1.0,,,,,,,
director-on-s31,director-on,31,1477632,0.13,,-1.0,,,,,,,
director-on-s31,director-on,31,1508352,0.11,,-1.0,,,,,,,
director-on-s31,director-on,31,1539072,0.16,,-1.0,,,,,,,
director-on-s31,director-on,31,1569792,0.11,,-1.0,,,,,,,
director-on-s31,director-on,31,1600512,0.2,,-1.0,,,,,,,
director-on-s31,director-on,31,1631232,0.13,,-1.0,,,,,,,
director-on-s31,director-on,31,1661952,0.22,,-1.0,,,,,,,
director-on-s31,director-on,31,1692672,0.17,,-1.0,,,,,,,
director-on-s31,director-on,31,1723392,0.14,,-1.0,,,,,,,
director-on-s31,director-on,31,1754112,0.21,,-1.0,,,,,,,
director-on-s31,director-on,31,1784832,0.15,,-1.0,,,,,,,
director-on-s31,director-on,31,1815552,0.14,,-1.0,,,,,,,
director-on-s31,director-on,31,1846272,0.18,,-1.0,,,,,,,
director-on-s31,director-on,31,1876992,0.2,,-1.0,,,,,,,
director-on-s31,director-on,31,1907712,0.24,,-1.0,,,,,,,
director-on-s31,director-on,31,1938432,0.17,,-1.0,,,,,,,
director-on-s31,director-on,31,1969152,0.15,,-1.0,,,,,,,
director-on-s31,director-on,31,1999872,0.19,,-1.0,,,,,,,
director-on-s31,director-on,31,2030592,0.23,,-1.0,,,,,,,
director-on-s31,director-on,31,2061312,0.12,,-1.0,,,,,,,
director-on-s31,director-on,31,2092032,0.17,,-1.0,,,,,,,
director-on-s31,director-on,31,2122752,0.14,,-1.0,,,,,,,
director-on-s31,director-on,31,2153472,0.22,,-1.0,,,,,,,
director-on-s31,director-on,31,2184192,0.23,,-1.0,,,,,,,
director-on-s31,director-on,31,2214912,0.22,,-1.0,,,,,,,
director-on-s31,director-on,31,2245632,0.25,,-1.0,,,,,,,
director-on-s31,director-on,31,2276352,0.22,,-1.0,,,,,,,
director-on-s31,director-on,31,2307072,0.28,,-1.0,,,,,,,
director-on-s31,director-on,31,2337792,0.26,,-1.0,,,,,,,
director-on-s31,director-on,31,2368512,0.27,,-1.0,,,,,,,
director-on-s31,director-on,31,2399232,0.25,,-1.0,,,,,,,
director-on-s31,director-on,31,2429952,0.26,,-1.0,,,,,,,
director-on-s31,director-on,31,2460672,0.29,,-1.0,,,,,,,
director-on-s31,director-on,31,2491392,0.21,,-1.0,,,,,,,
director-on-s31,director-on,31,2522112,0.24,,-1.0,,,,,,,
director-on-s31,director-on,31,2552832,0.27,,-1.0,,,,,,,
director-on-s31,director-on,31,2583552,0.3,,-1.0,,,,,,,
director-on-s31,director-on,31,2614272,0.25,,-1.0,,,,,,,
director-on-s31,director-on,31,2644992,0.33,,-1.0,,,,,,,
director-on-s31,director-on,31,2675712,0.21,,-1.0,,,,,,,
director-on-s31,director-on,31,2706432,0.29,,-1.0,,,,,,,
director-on-s31,director-on,31,2737152,0.33,,-1.0,,,,,,,
director-on-s31,director-on,31,2767872,0.27,,-1.0,,,,,,,
director-on-s31,director-on,31,2798592,0.32,,-1.0,,,,,,,
director-on-s31,director-on,31,2829312,0.32,,-1.0,,,,,,,
director-on-s31,director-on,31,2860032,0.26,,-1.0,,,,,,,
director-on-s31,director-on,31,2890752,0.34,,-1.0,,,,,,,
director-on-s31,director-on,31,2921472,0.31,,-1.0,,,,,,,
director-on-s31,director-on,31,2952192,0.29,,-1.0,,,,,,,
director-on-s31,director-on,31,2982912,0.37,,-1.0,,,,,,,
director-on-s31,director-on,31,3013632,0.35,,-1.0,,,,,,,
director-on-s31,director-on,31,3044352,0.28,,-1.0,,,,,,,
director-on-s31,director-on,31,3075072,0.36,,-1.0,,,,,,,
director-on-s31,director-on,31,3105792,0.35,,-1.0,,,,,,,
director-on-s31,director-on,31,3136512,0.4,,-1.0,,,,,,,
director-on-s31,director-on,31,3167232,0.42,,-1.0,,,,,,,
director-on-s31,director-on,31,3197952,0.4,,-1.0,,,,,,,
director-on-s31,director-on,31,3228672,0.26,,-1.0,,,,,,,
director-on-s31,director-on,31,3259392,0.46,,-1.0,,,,,,,
director-on-s31,director-on,31,3290112,0.32,,-1.0,,,,,,,
director-on-s31,director-on,31,3320832,0.35,,-1.0,,,,,,,
director-on-s31,director-on,31,3351552,0.38,,-1.0,,,,,,,
director-on-s31,director-on,31,3382272,0.4,,-1.0,,,,,,,
director-on-s31,director-on,31,3412992,0.43,,-1.0,,,,,,,
director-on-s31,director-on,31,3443712,0.39,,-1.0,,,,,,,
director-on-s31,director-on,31,3474432,0.33,,-1.0,,,,,,,
director-on-s31,director-on,31,3505152,0.37,,-1.0,,,,,,,
director-on-s31,director-on,31,3535872,0.38,,-1.0,,,,,,,
director-on-s31,director-on,31,3566592,0.47,,-1.0,,,,,,,
director-on-s31,director-on,31,3597312,0.39,,-1.0,,,,,,,
director-on-s31,director-on,31,3628032,0.42,,-1.0,,,,,,,
director-on-s31,director-on,31,3658752,0.44,,-1.0,,,,,,,
director-on-s31,director-on,31,3689472,0.42,,-1.0,,,,,,,
director-on-s31,director-on,31,3720192,0.44,,-1.0,,,,,,,
director-on-s31,director-on,31,3750912,0.44,,-1.0,,,,,,,
director-on-s31,director-on,31,3781632,0.46,,-1.0,,,,,,,
director-on-s31,director-on,31,3812352,0.45,,-0.987,,,,,,,
director-on-s31,director-on,31,3843072,0.41,,-1.0,,,,,,,
director-on-s31,director-on,31,3873792,0.5,,-1.0,,,,,,,
director-on-s31,director-on,31,3904512,0.49,,-1.0,,,,,,,
director-on-s31,director-on,31,3935232,0.46,,-1.0,,,,,,,
director-on-s31,director-on,31,3965952,0.49,,-1.0,,,,,,,
director-on-s31,director-on,31,3996672,0.5,,-1.0,,,,,,,
director-on-s31,director-on,31,4027392,0.55,,-0.989,,,,,,,
director-on-s31,director-on,31,4058112,0.44,,-0.989,,,,,,,
director-on-s31,director-on,31,4088832,0.5,,-0.989,,,,,,,
director-on-s31,director-on,31,4119552,0.58,,-0.989,,,,,,,
director-on-s31,director-on,31,4150272,0.59,,-0.974,,,,,,,
director-on-s31,director-on,31,4180992,0.49,,-0.974,,,,,,,
director-on-s31,director-on,31,4211712,0.53,,-0.961,,,,,,,
director-on-s31,director-on,31,4242432,0.53,,-0.936,,,,,,,
director-on-s31,director-on,31,4273152,0.62,,-0.936,,,,,,,
director-on-s31,director-on,31,4303872,0.56,,-0.902,,,,,,,
director-on-s31,director-on,31,4334592,0.61,,-0.889,,,,,,,
director-on-s31,director-on,31,4365312,0.63,,-0.878,,,,,,,
director-on-s31,director-on,31,4396032,0.59,,-0.851,,,,,,,
director-on-s31,director-on,31,4426752,0.59,,-0.851,,,,,,,
director-on-s31,director-on,31,4457472,0.63,,-0.809,,,,,,,
director-on-s31,director-on,31,4488192,0.5,,-0.785,,,,,,,
director-on-s31,director-on,31,4518912,0.48,,-0.785,,,,,,,
director-on-s31,director-on,31,4549632,0.55,,-0.785,,,,,,,
director-on-s31,director-on,31,4580352,0.68,,-0.785,,,,,,,
director-on-s31,director-on,31,4611072,0.5,,-0.767,,,,,,,
director-on-s31,director-on,31,4641792,0.57,,-0.74,,,,,,,
director-on-s31,director-on,31,4672512,0.57,,-0.74,,,,,,,
director-on-s31,director-on,31,4703232,0.58,,-0.718,,,,,,,
director-on-s31,director-on,31,4733952,0.56,,-0.679,,,,,,,
director-on-s31,director-on,31,4764672,0.61,,-0.647,,,,,,,
director-on-s31,director-on,31,4795392,0.51,,-0.636,,,,,,,
director-on-s31,director-on,31,4826112,0.59,,-0.598,,,,,,,
director-on-s31,director-on,31,4856832,0.56,,-0.58,,,,,,,
director-on-s31,director-on,31,4887552,0.57,,-0.54,,,,,,,
director-on-s31,director-on,31,4918272,0.5,,-0.513,,,,,,,
director-on-s31,director-on,31,4948992,0.57,,-0.513,,,,,,,
director-on-s31,director-on,31,4979712,0.48,,-0.489,,,,,,,
director-on-s31,director-on,31,5010432,0.5,,-0.462,,,,,,,
director-on-s31,director-on,31,5041152,0.57,,-0.44,,,,,,,
director-on-s31,director-on,31,5071872,0.56,,-0.44,,,,,,,
director-on-s31,director-on,31,5102592,0.58,,-0.424,,,,,,,
director-on-s31,director-on,31,5133312,0.58,,-0.384,,,,,,,
director-on-s31,director-on,31,5164032,0.64,,-0.361,,,,,,,
director-on-s31,director-on,31,5194752,0.53,,-0.319,,,,,,,
director-on-s31,director-on,31,5225472,0.53,,-0.279,,,,,,,
director-on-s31,director-on,31,5256192,0.55,,-0.232,,,,,,,
director-on-s31,director-on,31,5286912,0.54,,-0.22,,,,,,,
director-on-s31,director-on,31,5317632,0.57,,-0.206,,,,,,,
director-on-s31,director-on,31,5348352,0.59,,-0.168,,,,,,,
director-on-s31,director-on,31,5379072,0.56,,-0.146,,,,,,,
director-on-s31,director-on,31,5409792,0.54,,-0.116,,,,,,,
director-on-s31,director-on,31,5440512,0.6,,-0.093,,,,,,,
director-on-s31,director-on,31,5471232,0.64,,-0.071,,,,,,,
director-on-s31,director-on,31,5501952,0.63,,-0.057,,,,,,,
director-on-s31,director-on,31,5532672,0.71,,-0.015,,,,,,,
director-on-s31,director-on,31,5563392,0.64,,0.0,,,,,,,
director-on-s31,director-on,31,5594112,0.52,,0.0,,,,,,,
director-on-s31,director-on,31,5624832,0.59,,0.0,,,,,,,
director-on-s31,director-on,31,5655552,0.52,,0.0,,,,,,,
director-on-s31,director-on,31,5686272,0.54,,0.0,,,,,,,
director-on-s31,director-on,31,5716992,0.61,,0.0,,,,,,,
director-on-s31,director-on,31,5747712,0.65,,0.0,,,,,,,
director-on-s31,director-on,31,5778432,0.62,,0.0,,,,,,,
director-on-s31,director-on,31,5809152,0.58,,0.0,,,,,,,
director-on-s31,director-on,31,5839872,0.63,,0.0,,,,,,,
director-on-s31,director-on,31,5870592,0.54,,0.0,,,,,,,
director-on-s31,director-on,31,5901312,0.65,,0.0,,,,,,,
director-on-s31,director-on,31,5932032,0.66,,0.0,,,,,,,
director-on-s31,director-on,31,5962752,0.65,,0.0,,,,,,,
director-on-s31,director-on,31,5993472,0.54,,0.0,,,,,,,
director-on-s31,director-on,31,6024192,0.61,,0.0,,,,,,,
director-on-s31,director-on,31,6054912,0.61,,0.0,,,,,,,
director-on-s31,director-on,31,6085632,0.72,,0.0,,,,,,,
director-on-s31,director-on,31,6116352,0.68,,0.0,,,,,,,
director-on-s31,director-on,31,6147072,0.62,,0.0,,,,,,,
director-on-s31,director-on,31,6177792,0.56,,0.0,,,,,,,
director-on-s31,director-on,31,6208512,0.68,,0.0,,,,,,,
director-on-s31,director-on,31,6239232,0.65,,0.0,,,,,,,
director-on-s31,director-on,31,6269952,0.64,,0.0,,,,,,,
director-on-s31,director-on,31,6300672,0.66,,0.0,,,,,,,
director-on-s31,director-on,31,6331392,0.65,,0.0,,,,,,,
director-on-s31,director-on,31,6362112,0.64,,0.0,,,,,,,
director-on-s31,director-on,31,6392832,0.72,,0.0,,,,,,,
director-on-s31,director-on,31,6423552,0.72,,0.0,,,,,,,
director-on-s31,director-on,31,6454272,0.6,,0.0,,,,,,,
director-on-s31,director-on,31,6484992,0.67,,0.0,,,,,,,
director-on-s31,director-on,31,6515712,0.66,,0.0,,,,,,,
director-on-s31,director-on,31,6546432,0.7,,0.0,,,,,,,
director-on-s31,director-on,31,6577152,0.66,,0.0,,,,,,,
director-on-s31,director-on,31,6607872,0.76,,0.0,,,,,,,
director-on-s31,director-on,31,6638592,0.62,,0.0,,,,,,,
director-on-s31,director-on,31,6669312,0.71,,0.0,,,,,,,
director-on-s31,director-on,31,6700032,0.73,,0.0,,,,,,,
director-on-s31,director-on,31,6730752,0.6,,0.0,,,,,,,
director-on-s31,director-on,31,6761472,0.65,,0.0,,,,,,,
director-on-s31,director-on,31,6792192,0.66,,0.0,,,,,,,
director-on-s31,director-on,31,6822912,0.69,,0.0,,,,,,,
director-on-s31,director-on,31,6853632,0.72,,0.0,,,,,,,
director-on-s31,director-on,31,6884352,0.66,,0.0,,,,,,,
director-on-s31,director-on,31,6915072,0.64,,0.0,,,,,,,
director-on-s31,director-on,31,6945792,0.71,,0.0,,,,,,,
director-on-s31,director-on,31,6976512,0.73,,0.0,,,,,,,
director-on-s31,director-on,31,7007232,0.68,,0.0,,,,,,,
director-on-s31,director-on,31,7037952,0.77,,0.0,,,,,,,
director-on-s31,director-on,31,7068672,0.68,,0.0,,,,,,,
director-on-s31,director-on,31,7099392,0.7,,0.0,,,,,,,
director-on-s31,director-on,31,7130112,0.73,,0.0,,,,,,,
director-on-s31,director-on,31,7160832,0.69,,0.0,,,,,,,
director-on-s31,director-on,31,7191552,0.69,,0.0,,,,,,,
director-on-s31,director-on,31,7222272,0.74,,0.0,,,,,,,
director-on-s31,director-on,31,7252992,0.68,,0.0,,,,,,,
director-on-s31,director-on,31,7283712,0.75,,0.0,,,,,,,
director-on-s31,director-on,31,7314432,0.72,,0.0,,,,,,,
director-on-s31,director-on,31,7345152,0.75,,0.0,,,,,,,
director-on-s31,director-on,31,7375872,0.65,,0.0,,,,,,,
director-on-s31,director-on,31,7406592,0.72,,0.0,,,,,,,
director-on-s31,director-on,31,7437312,0.79,,0.0,,,,,,,
director-on-s31,director-on,31,7468032,0.83,,0.0,,,,,,,
director-on-s31,director-on,31,7498752,0.7,,0.0,,,,,,,
director-on-s31,director-on,31,7529472,0.67,,0.0,,,,,,,
director-on-s31,director-on,31,7560192,0.76,,0.0,,,,,,,
director-on-s31,director-on,31,7590912,0.68,,0.0,,,,,,,
director-on-s31,director-on,31,7621632,0.67,,0.0,,,,,,,
director-on-s31,director-on,31,7652352,0.74,,0.0,,,,,,,
director-on-s31,director-on,31,7683072,0.73,,0.0,,,,,,,
director-on-s31,director-on,31,7713792,0.67,,0.0,,,,,,,
director-on-s31,director-on,31,7744512,0.73,,0.0,,,,,,,
director-on-s31,director-on,31,7775232,0.75,,0.0,,,,,,,
director-on-s31,director-on,31,7805952,0.79,,0.0,,,,,,,
director-on-s31,director-on,31,7836672,0.76,,0.0,,,,,,,
director-on-s31,director-on,31,7867392,0.74,,0.0,,,,,,,
director-on-s31,director-on,31,7898112,0.75,,0.0,,,,,,,
director-on-s31,director-on,31,7928832,0.78,,0.0,,,,,,,
director-on-s31,director-on,31,7959552,0.75,,0.0,,,,,,,
director-on-s31,director-on,31,7990272,0.74,,0.0,,,,,,,
director-on-s31,director-on,31,8020992,0.81,,0.0,,,,,,,
director-on-s31,director-on,31,8051712,0.78,,0.0,,,,,,,
director-on-s31,director-on,31,8082432,0.73,,0.0,,,,,,,
director-on-s31,director-on,31,8113152,0.72,,0.0,,,,,,,
director-on-s31,director-on,31,8143872,0.7,,0.0,,,,,,,
director-on-s31,director-on,31,8174592,0.75,,0.0,,,,,,,
director-on-s31,director-on,31,8205312,0.77,,0.0,,,,,,,
director-on-s31,director-on,31,8236032,0.83,,0.0,,,,,,,
director-on-s31,director-on,31,8266752,0.77,,0.0,,,,,,,
director-on-s31,director-on,31,8297472,0.71,,0.0,,,,,,,
director-on-s31,director-on,31,8328192,0.69,,0.0,,,,,,,
director-on-s31,director-on,31,8358912,0.76,,0.0,,,,,,,
director-on-s31,director-on,31,8389632,0.71,,0.0,,,,,,,
director-on-s31,director-on,31,8420352,0.84,,0.0,,,,,,,
director-on-s31,director-on,31,8451072,0.87,,0.0,,,,,,,
director-on-s31,director-on,31,8481792,0.78,,0.0,,,,,,,
director-on-s31,director-on,31,8512512,0.66,,0.0,,,,,,,
director-on-s31,director-on,31,8543232,0.68,,0.0,,,,,,,
director-on-s31,director-on,31,8573952,0.66,,0.0,,,,,,,
director-on-s31,director-on,31,8604672,0.73,,0.0,,,,,,,
director-on-s31,director-on,31,8635392,0.75,,0.0,,,,,,,
director-on-s31,director-on,31,8666112,0.78,,0.0,,,,,,,
director-on-s31,director-on,31,8696832,0.61,,0.0,,,,,,,
director-on-s31,director-on,31,8727552,0.67,,0.0,,,,,,,
director-on-s31,director-on,31,8758272,0.69,,0.0,,,,,,,
director-on-s31,director-on,31,8788992,0.7,,0.0,,,,,,,
director-on-s31,director-on,31,8819712,0.71,,0.0,,,,,,,
director-on-s31,director-on,31,8850432,0.72,,0.0,,,,,,,
director-on-s31,director-on,31,8881152,0.74,,0.0,,,,,,,
director-on-s31,director-on,31,8911872,0.82,,0.0,,,,,,,
director-on-s31,director-on,31,8942592,0.85,,0.0,,,,,,,
director-on-s31,director-on,31,8973312,0.81,,0.0,,,,,,,
director-on-s31,director-on,31,9004032,0.7,,0.0,,,,,,,
director-on-s31,director-on,31,9034752,0.8,,0.0,,,,,,,
director-on-s31,director-on,31,9065472,0.82,,0.0,,,,,,,
director-on-s31,director-on,31,9096192,0.77,,0.0,,,,,,,
director-on-s31,director-on,31,9126912,0.74,,0.0,,,,,,,
director-on-s31,director-on,31,9157632,0.79,,0.0,,,,,,,
director-on-s31,director-on,31,9188352,0.83,,0.0,,,,,,,
director-on-s31,director-on,31,9219072,0.77,,0.0,,,,,,,
director-on-s31,director-on,31,9249792,0.8,,0.0,,,,,,,
director-on-s31,director-on,31,9280512,0.85,,0.0,,,,,,,
director-on-s31,director-on,31,9311232,0.81,,0.0,,,,,,,
director-on-s31,director-on,31,9341952,0.84,,0.0,,,,,,,
director-on-s31,director-on,31,9372672,0.78,,0.0,,,,,,,
director-on-s31,director-on,31,9403392,0.78,,0.0,,,,,,,
director-on-s31,director-on,31,9434112,0.7,,0.0,,,,,,,
director-on-s31,director-on,31,9464832,0.81,,0.0,,,,,,,
director-on-s31,director-on,31,9495552,0.78,,0.0,,,,,,,
director-on-s31,director-on,31,9526272,0.73,,0.0,,,,,,,
director-on-s31,director-on,31,9556992,0.8,,0.0,,,,,,,
director-on-s31,director-on,31,9587712,0.81,,0.0,,,,,,,
director-on-s31,director-on,31,9618432,0.75,,0.0,,,,,,,
director-on-s31,director-on,31,9649152,0.81,,0.0,,,,,,,
director-on-s31,director-on,31,9679872,0.78,,0.0,,,,,,,
director-on-s31,director-on,31,9710592,0.77,,0.0,,,,,,,
director-on-s31,director-on,31,9741312,0.79,,0.0,,,,,,,
director-on-s31,director-on,31,9772032,0.82,,0.0,,,,,,,
director-on-s31,director-on,31,9802752,0.83,,0.0,,,,,,,
director-on-s31,director-on,31,9833472,0.77,,0.0,,,,,,,
director-on-s31,director-on,31,9864192,0.84,,0.0,,,,,,,
director-on-s31,director-on,31,9894912,0.79,,0.0,,,,,,,
director-on-s31,director-on,31,9925632,0.8,,0.0,,,,,,,
director-on-s31,director-on,31,9956352,0.83,,0.0,,,,,,,
director-on-s31,director-on,31,9987072,0.79,,0.0,,,,,,,
director-on-s31,director-on,31,10017792,0.79,,0.0,,,,,,,
director-on-s31,director-on,31,10048512,0.79,,0.0,,,,,,,
director-on-s31,director-on,31,10079232,0.81,,0.0,,,,,,,
director-on-s31,director-on,31,10109952,0.82,,0.0,,,,,,,
director-on-s31,director-on,31,10140672,0.84,,0.0,,,,,,,
director-on-s31,director-on,31,10171392,0.79,,0.0,,,,,,,
director-on-s31,director-on,31,10202112,0.72,,0.0,,,,,,,
director-on-s31,director-on,31,10232832,0.69,,0.0,,,,,,,
director-on-s31,director-on,31,10263552,0.73,,0.0,,,,,,,
director-on-s31,director-on,31,10294272,0.79,,0.0,,,,,,,
director-on-s31,director-on,31,10324992,0.74,,0.0,,,,,,,
director-on-s31,director-on,31,10355712,0.84,,0.0,,,,,,,
director-on-s31,director-on,31,10386432,0.77,,0.0,,,,,,,
director-on-s31,director-on,31,10417152,0.77,,0.0,,,,,,,
director-on-s31,director-on,31,10447872,0.86,,0.0,,,,,,,
director-on-s31,director-on,31,10478592,0.79,,0.0,,,,,,,
director-on-s31,director-on,31,10509312,0.77,,0.0,,,,,,,
director-on-s31,director-on,31,10540032,0.79,,0.0,,,,,,,
director-on-s31,director-on,31,10570752,0.87,,0.0,,,,,,,
director-on-s31,director-on,31,10601472,0.79,,0.0,,,,,,,
director-on-s31,director-on,31,10632192,0.85,,0.0,,,,,,,
director-on-s31,director-on,31,10662912,0.82,,0.0,,,,,,,
director-on-s31,director-on,31,10693632,0.84,,0.0,,,,,,,
director-on-s31,director-on,31,10724352,0.84,,0.0,,,,,,,
director-on-s31,director-on,31,10755072,0.85,,0.0,,,,,,,
director-on-s31,director-on,31,10785792,0.85,,0.0,,,,,,,
director-on-s31,director-on,31,10816512,0.82,,0.0,,,,,,,
director-on-s31,director-on,31,10847232,0.66,,0.0,,,,,,,
director-on-s31,director-on,31,10877952,0.81,,0.0,,,,,,,
director-on-s31,director-on,31,10908672,0.88,,0.0,,,,,,,
director-on-s31,director-on,31,10939392,0.85,,0.0,,,,,,,
director-on-s31,director-on,31,10970112,0.8,,0.0,,,,,,,
director-on-s31,director-on,31,11000832,0.89,,0.0,,,,,,,
director-on-s31,director-on,31,11031552,0.83,,0.0,,,,,,,
director-on-s31,director-on,31,11062272,0.76,,0.0,,,,,,,
director-on-s31,director-on,31,11092992,0.87,,0.0,,,,,,,
director-on-s31,director-on,31,11123712,0.84,,0.0,,,,,,,
director-on-s31,director-on,31,11154432,0.76,,0.0,,,,,,,
director-on-s31,director-on,31,11185152,0.74,,0.0,,,,,,,
director-on-s31,director-on,31,11215872,0.87,,0.0,,,,,,,
director-on-s31,director-on,31,11246592,0.84,,0.0,,,,,,,
director-on-s31,director-on,31,11277312,0.82,,0.0,,,,,,,
director-on-s31,director-on,31,11308032,0.82,,0.0,,,,,,,
director-on-s31,director-on,31,11338752,0.86,,0.0,,,,,,,
director-on-s31,director-on,31,11369472,0.85,,0.0,,,,,,,
director-on-s31,director-on,31,11400192,0.8,,0.0,,,,,,,
director-on-s31,director-on,31,11430912,0.78,,0.0,,,,,,,
director-on-s31,director-on,31,11461632,0.8,,0.0,,,,,,,
director-on-s31,director-on,31,11492352,0.88,,0.0,,,,,,,
director-on-s31,director-on,31,11523072,0.84,,0.0,,,,,,,
director-on-s31,director-on,31,11553792,0.8,,0.0,,,,,,,
director-on-s31,director-on,31,11584512,0.81,,0.0,,,,,,,
director-on-s31,director-on,31,11615232,0.84,,0.0,,,,,,,
director-on-s31,director-on,31,11645952,0.79,,0.0,,,,,,,
director-on-s31,director-on,31,11676672,0.82,,0.0,,,,,,,
director-on-s31,director-on,31,11707392,0.92,,0.0,,,,,,,
director-on-s31,director-on,31,11738112,0.83,,0.0,,,,,,,
director-on-s31,director-on,31,11768832,0.81,,0.0,,,,,,,
director-on-s31,director-on,31,11799552,0.83,,0.0,,,,,,,
director-on-s31,director-on,31,11830272,0.82,,0.0,,,,,,,
director-on-s31,director-on,31,11860992,0.83,,0.0,,,,,,,
director-on-s31,director-on,31,11891712,0.84,,0.0,,,,,,,
director-on-s31,director-on,31,11922432,0.86,,0.0,,,,,,,
director-on-s31,director-on,31,11953152,0.83,,0.0,,,,,,,
director-on-s31,director-on,31,11983872,0.85,,0.0,,,,,,,
director-on-s31,director-on,31,12014592,0.82,,0.0,,,,,,,
director-on-s31,director-on,31,12045312,0.85,,0.0,,,,,,,
director-on-s31,director-on,31,12076032,0.83,,0.0,,,,,,,
director-on-s31,director-on,31,12106752,0.82,,0.0,,,,,,,
director-on-s31,director-on,31,12137472,0.8,,0.0,,,,,,,
director-on-s31,director-on,31,12168192,0.82,,0.0,,,,,,,
director-on-s31,director-on,31,12198912,0.78,,0.0,,,,,,,
director-on-s31,director-on,31,12229632,0.8,,0.0,,,,,,,
director-on-s31,director-on,31,12260352,0.85,,0.0,,,,,,,
director-on-s31,director-on,31,12291072,0.87,,0.0,,,,,,,
director-on-s31,director-on,31,12321792,0.79,,0.0,,,,,,,
director-on-s31,director-on,31,12352512,0.87,,0.0,,,,,,,
director-on-s31,director-on,31,12383232,0.88,,0.0,,,,,,,
director-on-s31,director-on,31,12413952,0.81,,0.0,,,,,,,
director-on-s31,director-on,31,12444672,0.95,,0.0,,,,,,,
director-on-s31,director-on,31,12475392,0.91,,0.0,,,,,,,
director-on-s31,director-on,31,12506112,0.91,,0.0,,,,,,,
director-on-s31,director-on,31,12536832,0.85,,0.0,,,,,,,
director-on-s31,director-on,31,12567552,0.82,,0.0,,,,,,,
director-on-s31,director-on,31,12598272,0.86,,0.0,,,,,,,
director-on-s31,director-on,31,12628992,0.9,,0.0,,,,,,,
director-on-s31,director-on,31,12659712,0.85,,0.0,,,,,,,
director-on-s31,director-on,31,12690432,0.88,,0.0,,,,,,,
director-on-s31,director-on,31,12721152,0.89,,0.0,,,,,,,
director-on-s31,director-on,31,12751872,0.82,,0.0,,,,,,,
director-on-s31,director-on,31,12782592,0.89,,0.0,,,,,,,
director-on-s31,director-on,31,12813312,0.84,,0.0,,,,,,,
director-on-s31,director-on,31,12844032,0.85,,0.0,,,,,,,
director-on-s31,director-on,31,12874752,0.86,,0.0,,,,,,,
director-on-s31,director-on,31,12905472,0.87,,0.0,,,,,,,
director-on-s31,director-on,31,12936192,0.86,,0.0,,,,,,,
director-on-s31,director-on,31,12966912,0.86,,0.0,,,,,,,
director-on-s31,director-on,31,12997632,0.82,,0.0,,,,,,,
director-on-s31,director-on,31,13028352,0.79,,0.0,,,,,,,
director-on-s31,director-on,31,13059072,0.85,,0.0,,,,,,,
director-on-s31,director-on,31,13089792,0.82,,0.0,,,,,,,
director-on-s31,director-on,31,13120512,0.93,,0.0,,,,,,,
director-on-s31,director-on,31,13151232,0.83,,0.0,,,,,,,
director-on-s31,director-on,31,13181952,0.89,,0.0,,,,,,,
director-on-s31,director-on,31,13212672,0.93,,0.0,,,,,,,
director-on-s31,director-on,31,13243392,0.88,,0.0,,,,,,,
director-on-s31,director-on,31,13274112,0.83,,0.0,,,,,,,
director-on-s31,director-on,31,13304832,0.92,,0.0,,,,,,,
director-on-s31,director-on,31,13335552,0.85,,0.0,,,,,,,
director-on-s31,director-on,31,13366272,0.85,,0.0,,,,,,,
director-on-s31,director-on,31,13396992,0.95,,0.0,,,,,,,
director-on-s31,director-on,31,13427712,0.84,,0.0,,,,,,,
director-on-s31,director-on,31,13458432,0.84,,0.0,,,,,,,
director-on-s31,director-on,31,13489152,0.83,,0.0,,,,,,,
director-on-s31,director-on,31,13519872,0.86,,0.0,,,,,,,
director-on-s31,director-on,31,13550592,0.86,,0.0,,,,,,,
director-on-s31,director-on,31,13581312,0.84,,0.0,,,,,,,
director-on-s31,director-on,31,13612032,0.83,,0.0,,,,,,,
director-on-s31,director-on,31,13642752,0.9,,0.0,,,,,,,
director-on-s31,director-on,31,13673472,0.87,,0.0,,,,,,,
director-on-s31,director-on,31,13704192,0.91,,0.0,,,,,,,
director-on-s31,director-on,31,13734912,0.86,,0.0,,,,,,,
director-on-s31,director-on,31,13765632,0.86,,0.0,,,,,,,
director-on-s31,director-on,31,13796352,0.94,,0.0,,,,,,,
director-on-s31,director-on,31,13827072,0.9,,0.0,,,,,,,
director-on-s31,director-on,31,13857792,0.82,,0.0,,,,,,,
director-on-s31,director-on,31,13888512,0.83,,0.0,,,,,,,
director-on-s31,director-on,31,13919232,0.92,,0.0,,,,,,,
director-on-s31,director-on,31,13949952,0.85,,0.0,,,,,,,
director-on-s31,director-on,31,13980672,0.89,,0.0,,,,,,,
director-on-s31,director-on,31,14011392,0.89,,0.0,,,,,,,
director-on-s31,director-on,31,14042112,0.92,,0.0,,,,,,,
director-on-s31,director-on,31,14072832,0.86,,0.0,,,,,,,
director-on-s31,director-on,31,14103552,0.9,,0.0,,,,,,,
director-on-s31,director-on,31,14134272,0.92,,0.0,,,,,,,
director-on-s31,director-on,31,14164992,0.88,,0.0,,,,,,,
director-on-s31,director-on,31,14195712,0.9,,0.0,,,,,,,
director-on-s31,director-on,31,14226432,0.87,,0.0,,,,,,,
director-on-s31,director-on,31,14257152,0.93,,0.0,,,,,,,
director-on-s31,director-on,31,14287872,0.92,,0.0,,,,,,,
director-on-s31,director-on,31,14318592,0.89,,0.0,,,,,,,
director-on-s31,director-on,31,14349312,0.91,,0.0,,,,,,,
director-on-s31,director-on,31,14380032,0.83,,0.0,,,,,,,
director-on-s31,director-on,31,14410752,0.92,,0.0,,,,,,,
director-on-s31,director-on,31,14441472,0.92,,0.0,,,,,,,
director-on-s31,director-on,31,14472192,0.92,,0.0,,,,,,,
director-on-s31,director-on,31,14502912,0.89,,0.0,,,,,,,
director-on-s31,director-on,31,14533632,0.95,,0.0,,,,,,,
director-on-s31,director-on,31,14564352,0.91,,0.0,,,,,,,
director-on-s31,director-on,31,14595072,0.93,,0.0,,,,,,,
director-on-s31,director-on,31,14625792,0.91,,0.0,,,,,,,
director-on-s31,director-on,31,14656512,0.87,,0.0,,,,,,,
director-on-s31,director-on,31,14687232,0.87,,0.0,,,,,,,
director-on-s31,director-on,31,14717952,0.87,,0.0,,,,,,,
director-on-s31,director-on,31,14748672,0.89,,0.0,,,,,,,
director-on-s31,director-on,31,14779392,0.93,,0.0,,,,,,,
director-on-s31,director-on,31,14810112,0.91,,0.0,,,,,,,
director-on-s31,director-on,31,14840832,0.94,,0.0,,,,,,,
director-on-s31,director-on,31,14871552,0.87,,0.0,,,,,,,
director-on-s31,director-on,31,14902272,0.89,,0.0,,,,,,,
director-on-s31,director-on,31,14932992,0.88,,0.0,,,,,,,
director-on-s31,director-on,31,14963712,0.93,,0.0,,,,,,,
director-on-s31,director-on,31,14994432,0.92,,0.0,,,,,,,
director-on-s31,director-on,31,14997504,0.89,,0.0,,,,,,,
director-on-s32,director-on,32,3072,0.01,,-1.0,,,,,,,
director-on-s32,director-on,32,33792,0.0,,-1.0,,,,,,,
director-on-s32,director-on,32,64512,0.0,,-1.0,,,,,,,
director-on-s32,director-on,32,95232,0.02,,-1.0,,,,,,,
director-on-s32,director-on,32,125952,0.03,,-1.0,,,,,,,
director-on-s32,director-on,32,156672,0.06,,-1.0,,,,,,,
director-on-s32,director-on,32,187392,0.05,,-1.0,,,,,,,
director-on-s32,director-on,32,218112,0.05,,-1.0,,,,,,,
director-on-s32,director-on,32,248832,0.02,,-1.0,,,,,,,
director-on-s32,director-on,32,279552,0.0,,-1.0,,,,,,,
director-on-s32,director-on,32,310272,0.07,,-1.0,,,,,,,
director-on-s32,director-on,32,340992,0.04,,-1.0,,,,,,,
director-on-s32,director-on,32,371712,0.08,,-1.0,,,,,,,
director-on-s32,director-on,32,402432,0.12,,-1.0,,,,,,,
director-on-s32,director-on,32,433152,0.07,,-1.0,,,,,,,
director-on-s32,director-on,32,463872,0.12,,-1.0,,,,,,,
director-on-s32,director-on,32,494592,0.05,,-1.0,,,,,,,
director-on-s32,director-on,32,525312,0.08,,-1.0,,,,,,,
director-on-s32,director-on,32,556032,0.09,,-1.0,,,,,,,
director-on-s32,director-on,32,586752,0.08,,-1.0,,,,,,,
director-on-s32,director-on,32,617472,0.05,,-1.0,,,,,,,
director-on-s32,director-on,32,648192,0.08,,-1.0,,,,,,,
director-on-s32,director-on,32,678912,0.08,,-1.0,,,,,,,
director-on-s32,director-on,32,709632,0.07,,-1.0,,,,,,,
director-on-s32,director-on,32,740352,0.1,,-1.0,,,,,,,
director-on-s32,director-on,32,771072,0.08,,-1.0,,,,,,,
director-on-s32,director-on,32,801792,0.1,,-1.0,,,,,,,
director-on-s32,director-on,32,832512,0.07,,-1.0,,,,,,,
director-on-s32,director-on,32,863232,0.06,,-1.0,,,,,,,
director-on-s32,director-on,32,893952,0.06,,-1.0,,,,,,,
director-on-s32,director-on,32,924672,0.05,,-1.0,,,,,,,
director-on-s32,director-on,32,955392,0.1,,-1.0,,,,,,,
director-on-s32,director-on,32,986112,0.09,,-1.0,,,,,,,
director-on-s32,director-on,32,1016832,0.06,,-1.0,,,,,,,
director-on-s32,director-on,32,1047552,0.09,,-1.0,,,,,,,
director-on-s32,director-on,32,1078272,0.12,,-1.0,,,,,,,
director-on-s32,director-on,32,1108992,0.08,,-1.0,,,,,,,
director-on-s32,director-on,32,1139712,0.05,,-1.0,,,,,,,
director-on-s32,director-on,32,1170432,0.1,,-1.0,,,,,,,
director-on-s32,director-on,32,1201152,0.12,,-1.0,,,,,,,
director-on-s32,director-on,32,1231872,0.06,,-1.0,,,,,,,
director-on-s32,director-on,32,1262592,0.09,,-1.0,,,,,,,
director-on-s32,director-on,32,1293312,0.15,,-1.0,,,,,,,
director-on-s32,director-on,32,1324032,0.12,,-1.0,,,,,,,
director-on-s32,director-on,32,1354752,0.13,,-1.0,,,,,,,
director-on-s32,director-on,32,1385472,0.15,,-1.0,,,,,,,
director-on-s32,director-on,32,1416192,0.15,,-1.0,,,,,,,
director-on-s32,director-on,32,1446912,0.13,,-1.0,,,,,,,
director-on-s32,director-on,32,1477632,0.15,,-1.0,,,,,,,
director-on-s32,director-on,32,1508352,0.16,,-1.0,,,,,,,
director-on-s32,director-on,32,1539072,0.07,,-1.0,,,,,,,
director-on-s32,director-on,32,1569792,0.15,,-1.0,,,,,,,
director-on-s32,director-on,32,1600512,0.11,,-1.0,,,,,,,
director-on-s32,director-on,32,1631232,0.16,,-1.0,,,,,,,
director-on-s32,director-on,32,1661952,0.17,,-1.0,,,,,,,
director-on-s32,director-on,32,1692672,0.19,,-1.0,,,,,,,
director-on-s32,director-on,32,1723392,0.16,,-1.0,,,,,,,
director-on-s32,director-on,32,1754112,0.15,,-1.0,,,,,,,
director-on-s32,director-on,32,1784832,0.17,,-1.0,,,,,,,
director-on-s32,director-on,32,1815552,0.1,,-1.0,,,,,,,
director-on-s32,director-on,32,1846272,0.19,,-1.0,,,,,,,
director-on-s32,director-on,32,1876992,0.12,,-1.0,,,,,,,
director-on-s32,director-on,32,1907712,0.18,,-1.0,,,,,,,
director-on-s32,director-on,32,1938432,0.14,,-1.0,,,,,,,
director-on-s32,director-on,32,1969152,0.19,,-1.0,,,,,,,
director-on-s32,director-on,32,1999872,0.23,,-1.0,,,,,,,
director-on-s32,director-on,32,2030592,0.16,,-1.0,,,,,,,
director-on-s32,director-on,32,2061312,0.13,,-1.0,,,,,,,
director-on-s32,director-on,32,2092032,0.21,,-1.0,,,,,,,
director-on-s32,director-on,32,2122752,0.17,,-1.0,,,,,,,
director-on-s32,director-on,32,2153472,0.22,,-1.0,,,,,,,
director-on-s32,director-on,32,2184192,0.13,,-1.0,,,,,,,
director-on-s32,director-on,32,2214912,0.19,,-1.0,,,,,,,
director-on-s32,director-on,32,2245632,0.14,,-1.0,,,,,,,
director-on-s32,director-on,32,2276352,0.23,,-1.0,,,,,,,
director-on-s32,director-on,32,2307072,0.18,,-1.0,,,,,,,
director-on-s32,director-on,32,2337792,0.22,,-1.0,,,,,,,
director-on-s32,director-on,32,2368512,0.16,,-1.0,,,,,,,
director-on-s32,director-on,32,2399232,0.3,,-1.0,,,,,,,
director-on-s32,director-on,32,2429952,0.22,,-1.0,,,,,,,
director-on-s32,director-on,32,2460672,0.22,,-1.0,,,,,,,
director-on-s32,director-on,32,2491392,0.21,,-1.0,,,,,,,
director-on-s32,director-on,32,2522112,0.23,,-1.0,,,,,,,
director-on-s32,director-on,32,2552832,0.28,,-1.0,,,,,,,
director-on-s32,director-on,32,2583552,0.28,,-1.0,,,,,,,
director-on-s32,director-on,32,2614272,0.31,,-1.0,,,,,,,
director-on-s32,director-on,32,2644992,0.16,,-1.0,,,,,,,
director-on-s32,director-on,32,2675712,0.28,,-1.0,,,,,,,
director-on-s32,director-on,32,2706432,0.28,,-1.0,,,,,,,
director-on-s32,director-on,32,2737152,0.32,,-1.0,,,,,,,
director-on-s32,director-on,32,2767872,0.31,,-1.0,,,,,,,
director-on-s32,director-on,32,2798592,0.33,,-1.0,,,,,,,
director-on-s32,director-on,32,2829312,0.33,,-1.0,,,,,,,
director-on-s32,director-on,32,2860032,0.25,,-1.0,,,,,,,
director-on-s32,director-on,32,2890752,0.33,,-1.0,,,,,,,
director-on-s32,director-on,32,2921472,0.36,,-1.0,,,,,,,
director-on-s32,director-on,32,2952192,0.3,,-1.0,,,,,,,
director-on-s32,director-on,32,2982912,0.27,,-1.0,,,,,,,
director-on-s32,director-on,32,3013632,0.29,,-1.0,,,,,,,
director-on-s32,director-on,32,3044352,0.34,,-1.0,,,,,,,
director-on-s32,director-on,32,3075072,0.44,,-1.0,,,,,,,
director-on-s32,director-on,32,3105792,0.29,,-1.0,,,,,,,
director-on-s32,director-on,32,3136512,0.33,,-1.0,,,,,,,
director-on-s32,director-on,32,3167232,0.28,,-1.0,,,,,,,
director-on-s32,director-on,32,3197952,0.3,,-1.0,,,,,,,
director-on-s32,director-on,32,3228672,0.43,,-1.0,,,,,,,
director-on-s32,director-on,32,3259392,0.56,,-1.0,,,,,,,
director-on-s32,director-on,32,3290112,0.4,,-1.0,,,,,,,
director-on-s32,director-on,32,3320832,0.47,,-1.0,,,,,,,
director-on-s32,director-on,32,3351552,0.4,,-1.0,,,,,,,
director-on-s32,director-on,32,3382272,0.4,,-1.0,,,,,,,
director-on-s32,director-on,32,3412992,0.42,,-1.0,,,,,,,
director-on-s32,director-on,32,3443712,0.37,,-1.0,,,,,,,
director-on-s32,director-on,32,3474432,0.44,,-1.0,,,,,,,
director-on-s32,director-on,32,3505152,0.44,,-1.0,,,,,,,
director-on-s32,director-on,32,3535872,0.35,,-1.0,,,,,,,
director-on-s32,director-on,32,3566592,0.38,,-1.0,,,,,,,
director-on-s32,director-on,32,3597312,0.41,,-1.0,,,,,,,
director-on-s32,director-on,32,3628032,0.49,,-1.0,,,,,,,
director-on-s32,director-on,32,3658752,0.57,,-1.0,,,,,,,
director-on-s32,director-on,32,3689472,0.41,,-1.0,,,,,,,
director-on-s32,director-on,32,3720192,0.48,,-1.0,,,,,,,
director-on-s32,director-on,32,3750912,0.57,,-1.0,,,,,,,
director-on-s32,director-on,32,3781632,0.45,,-1.0,,,,,,,
director-on-s32,director-on,32,3812352,0.45,,-1.0,,,,,,,
director-on-s32,director-on,32,3843072,0.51,,-1.0,,,,,,,
director-on-s32,director-on,32,3873792,0.48,,-1.0,,,,,,,
director-on-s32,director-on,32,3904512,0.46,,-1.0,,,,,,,
director-on-s32,director-on,32,3935232,0.57,,-1.0,,,,,,,
director-on-s32,director-on,32,3965952,0.6,,-1.0,,,,,,,
director-on-s32,director-on,32,3996672,0.52,,-1.0,,,,,,,
director-on-s32,director-on,32,4027392,0.6,,-1.0,,,,,,,
director-on-s32,director-on,32,4058112,0.5,,-0.989,,,,,,,
director-on-s32,director-on,32,4088832,0.52,,-0.989,,,,,,,
director-on-s32,director-on,32,4119552,0.46,,-0.965,,,,,,,
director-on-s32,director-on,32,4150272,0.47,,-0.954,,,,,,,
director-on-s32,director-on,32,4180992,0.57,,-0.954,,,,,,,
director-on-s32,director-on,32,4211712,0.57,,-0.954,,,,,,,
director-on-s32,director-on,32,4242432,0.49,,-0.943,,,,,,,
director-on-s32,director-on,32,4273152,0.45,,-0.943,,,,,,,
director-on-s32,director-on,32,4303872,0.52,,-0.909,,,,,,,
director-on-s32,director-on,32,4334592,0.54,,-0.883,,,,,,,
director-on-s32,director-on,32,4365312,0.59,,-0.883,,,,,,,
director-on-s32,director-on,32,4396032,0.5,,-0.871,,,,,,,
director-on-s32,director-on,32,4426752,0.65,,-0.871,,,,,,,
director-on-s32,director-on,32,4457472,0.62,,-0.843,,,,,,,
director-on-s32,director-on,32,4488192,0.59,,-0.82,,,,,,,
director-on-s32,director-on,32,4518912,0.59,,-0.779,,,,,,,
director-on-s32,director-on,32,4549632,0.56,,-0.762,,,,,,,
director-on-s32,director-on,32,4580352,0.51,,-0.725,,,,,,,
director-on-s32,director-on,32,4611072,0.55,,-0.697,,,,,,,
director-on-s32,director-on,32,4641792,0.59,,-0.661,,,,,,,
director-on-s32,director-on,32,4672512,0.53,,-0.636,,,,,,,
director-on-s32,director-on,32,4703232,0.48,,-0.625,,,,,,,
director-on-s32,director-on,32,4733952,0.54,,-0.613,,,,,,,
director-on-s32,director-on,32,4764672,0.59,,-0.6,,,,,,,
director-on-s32,director-on,32,4795392,0.58,,-0.6,,,,,,,
director-on-s32,director-on,32,4826112,0.53,,-0.589,,,,,,,
director-on-s32,director-on,32,4856832,0.55,,-0.567,,,,,,,
director-on-s32,director-on,32,4887552,0.6,,-0.542,,,,,,,
director-on-s32,director-on,32,4918272,0.55,,-0.53,,,,,,,
director-on-s32,director-on,32,4948992,0.44,,-0.518,,,,,,,
director-on-s32,director-on,32,4979712,0.46,,-0.495,,,,,,,
director-on-s32,director-on,32,5010432,0.53,,-0.467,,,,,,,
director-on-s32,director-on,32,5041152,0.57,,-0.467,,,,,,,
director-on-s32,director-on,32,5071872,0.56,,-0.467,,,,,,,
director-on-s32,director-on,32,5102592,0.62,,-0.467,,,,,,,
director-on-s32,director-on,32,5133312,0.56,,-0.443,,,,,,,
director-on-s32,director-on,32,5164032,0.57,,-0.443,,,,,,,
director-on-s32,director-on,32,5194752,0.6,,-0.421,,,,,,,
director-on-s32,director-on,32,5225472,0.66,,-0.41,,,,,,,
director-on-s32,director-on,32,5256192,0.57,,-0.374,,,,,,,
director-on-s32,director-on,32,5286912,0.59,,-0.357,,,,,,,
director-on-s32,director-on,32,5317632,0.66,,-0.346,,,,,,,
director-on-s32,director-on,32,5348352,0.5,,-0.285,,,,,,,
director-on-s32,director-on,32,5379072,0.63,,-0.273,,,,,,,
director-on-s32,director-on,32,5409792,0.56,,-0.225,,,,,,,
director-on-s32,director-on,32,5440512,0.58,,-0.156,,,,,,,
director-on-s32,director-on,32,5471232,0.64,,-0.144,,,,,,,
director-on-s32,director-on,32,5501952,0.43,,-0.13,,,,,,,
director-on-s32,director-on,32,5532672,0.63,,-0.13,,,,,,,
director-on-s32,director-on,32,5563392,0.48,,-0.105,,,,,,,
director-on-s32,director-on,32,5594112,0.58,,-0.064,,,,,,,
director-on-s32,director-on,32,5624832,0.56,,-0.038,,,,,,,
director-on-s32,director-on,32,5655552,0.57,,-0.021,,,,,,,
director-on-s32,director-on,32,5686272,0.55,,-0.021,,,,,,,
director-on-s32,director-on,32,5716992,0.66,,-0.01,,,,,,,
director-on-s32,director-on,32,5747712,0.46,,0.0,,,,,,,
director-on-s32,director-on,32,5778432,0.52,,0.0,,,,,,,
director-on-s32,director-on,32,5809152,0.46,,0.0,,,,,,,
director-on-s32,director-on,32,5839872,0.54,,0.0,,,,,,,
director-on-s32,director-on,32,5870592,0.58,,0.0,,,,,,,
director-on-s32,director-on,32,5901312,0.56,,0.0,,,,,,,
director-on-s32,director-on,32,5932032,0.69,,0.0,,,,,,,
director-on-s32,director-on,32,5962752,0.65,,0.0,,,,,,,
director-on-s32,director-on,32,5993472,0.61,,0.0,,,,,,,
director-on-s32,director-on,32,6024192,0.55,,0.0,,,,,,,
director-on-s32,director-on,32,6054912,0.64,,0.0,,,,,,,
director-on-s32,director-on,32,6085632,0.58,,0.0,,,,,,,
director-on-s32,director-on,32,6116352,0.66,,0.0,,,,,,,
director-on-s32,director-on,32,6147072,0.74,,0.0,,,,,,,
director-on-s32,director-on,32,6177792,0.61,,0.0,,,,,,,
director-on-s32,director-on,32,6208512,0.64,,0.0,,,,,,,
director-on-s32,director-on,32,6239232,0.68,,0.0,,,,,,,
director-on-s32,director-on,32,6269952,0.62,,0.0,,,,,,,
director-on-s32,director-on,32,6300672,0.6,,0.0,,,,,,,
director-on-s32,director-on,32,6331392,0.6,,0.0,,,,,,,
director-on-s32,director-on,32,6362112,0.55,,0.0,,,,,,,
director-on-s32,director-on,32,6392832,0.63,,0.0,,,,,,,
director-on-s32,director-on,32,6423552,0.62,,0.0,,,,,,,
director-on-s32,director-on,32,6454272,0.66,,0.0,,,,,,,
director-on-s32,director-on,32,6484992,0.71,,0.0,,,,,,,
director-on-s32,director-on,32,6515712,0.67,,0.0,,,,,,,
director-on-s32,director-on,32,6546432,0.62,,0.0,,,,,,,
director-on-s32,director-on,32,6577152,0.75,,0.0,,,,,,,
director-on-s32,director-on,32,6607872,0.67,,0.0,,,,,,,
director-on-s32,director-on,32,6638592,0.71,,0.0,,,,,,,
director-on-s32,director-on,32,6669312,0.56,,0.0,,,,,,,
director-on-s32,director-on,32,6700032,0.65,,0.0,,,,,,,
director-on-s32,director-on,32,6730752,0.74,,0.0,,,,,,,
director-on-s32,director-on,32,6761472,0.67,,0.0,,,,,,,
director-on-s32,director-on,32,6792192,0.64,,0.0,,,,,,,
director-on-s32,director-on,32,6822912,0.72,,0.0,,,,,,,
director-on-s32,director-on,32,6853632,0.66,,0.0,,,,,,,
director-on-s32,director-on,32,6884352,0.7,,0.0,,,,,,,
director-on-s32,director-on,32,6915072,0.64,,0.0,,,,,,,
director-on-s32,director-on,32,6945792,0.67,,0.0,,,,,,,
director-on-s32,director-on,32,6976512,0.65,,0.0,,,,,,,
director-on-s32,director-on,32,7007232,0.71,,0.0,,,,,,,
director-on-s32,director-on,32,7037952,0.69,,0.0,,,,,,,
director-on-s32,director-on,32,7068672,0.67,,0.0,,,,,,,
director-on-s32,director-on,32,7099392,0.67,,0.0,,,,,,,
director-on-s32,director-on,32,7130112,0.74,,0.0,,,,,,,
director-on-s32,director-on,32,7160832,0.68,,0.0,,,,,,,
director-on-s32,director-on,32,7191552,0.67,,0.0,,,,,,,
director-on-s32,director-on,32,7222272,0.59,,0.0,,,,,,,
director-on-s32,director-on,32,7252992,0.72,,0.0,,,,,,,
director-on-s32,director-on,32,7283712,0.64,,0.0,,,,,,,
director-on-s32,director-on,32,7314432,0.73,,0.0,,,,,,,
director-on-s32,director-on,32,7345152,0.64,,0.0,,,,,,,
director-on-s32,director-on,32,7375872,0.69,,0.0,,,,,,,
director-on-s32,director-on,32,7406592,0.77,,0.0,,,,,,,
director-on-s32,director-on,32,7437312,0.65,,0.0,,,,,,,
director-on-s32,director-on,32,7468032,0.66,,0.0,,,,,,,
director-on-s32,director-on,32,7498752,0.61,,0.0,,,,,,,
director-on-s32,director-on,32,7529472,0.7,,0.0,,,,,,,
director-on-s32,director-on,32,7560192,0.78,,0.0,,,,,,,
director-on-s32,director-on,32,7590912,0.72,,0.0,,,,,,,
director-on-s32,director-on,32,7621632,0.67,,0.0,,,,,,,
director-on-s32,director-on,32,7652352,0.61,,0.0,,,,,,,
director-on-s32,director-on,32,7683072,0.72,,0.0,,,,,,,
director-on-s32,director-on,32,7713792,0.72,,0.0,,,,,,,
director-on-s32,director-on,32,7744512,0.71,,0.0,,,,,,,
director-on-s32,director-on,32,7775232,0.64,,0.0,,,,,,,
director-on-s32,director-on,32,7805952,0.75,,0.0,,,,,,,
director-on-s32,director-on,32,7836672,0.69,,0.0,,,,,,,
director-on-s32,director-on,32,7867392,0.71,,0.0,,,,,,,
director-on-s32,director-on,32,7898112,0.75,,0.0,,,,,,,
director-on-s32,director-on,32,7928832,0.73,,0.0,,,,,,,
director-on-s32,director-on,32,7959552,0.68,,0.0,,,,,,,
director-on-s32,director-on,32,7990272,0.68,,0.0,,,,,,,
director-on-s32,director-on,32,8020992,0.7,,0.0,,,,,,,
director-on-s32,director-on,32,8051712,0.74,,0.0,,,,,,,
director-on-s32,director-on,32,8082432,0.72,,0.0,,,,,,,
director-on-s32,director-on,32,8113152,0.77,,0.0,,,,,,,
director-on-s32,director-on,32,8143872,0.66,,0.0,,,,,,,
director-on-s32,director-on,32,8174592,0.64,,0.0,,,,,,,
director-on-s32,director-on,32,8205312,0.7,,0.0,,,,,,,
director-on-s32,director-on,32,8236032,0.8,,0.0,,,,,,,
director-on-s32,director-on,32,8266752,0.73,,0.0,,,,,,,
director-on-s32,director-on,32,8297472,0.78,,0.0,,,,,,,
director-on-s32,director-on,32,8328192,0.76,,0.0,,,,,,,
director-on-s32,director-on,32,8358912,0.79,,0.0,,,,,,,
director-on-s32,director-on,32,8389632,0.85,,0.0,,,,,,,
director-on-s32,director-on,32,8420352,0.77,,0.0,,,,,,,
director-on-s32,director-on,32,8451072,0.76,,0.0,,,,,,,
director-on-s32,director-on,32,8481792,0.79,,0.0,,,,,,,
director-on-s32,director-on,32,8512512,0.78,,0.0,,,,,,,
director-on-s32,director-on,32,8543232,0.73,,0.0,,,,,,,
director-on-s32,director-on,32,8573952,0.77,,0.0,,,,,,,
director-on-s32,director-on,32,8604672,0.8,,0.0,,,,,,,
director-on-s32,director-on,32,8635392,0.81,,0.0,,,,,,,
director-on-s32,director-on,32,8666112,0.71,,0.0,,,,,,,
director-on-s32,director-on,32,8696832,0.73,,0.0,,,,,,,
director-on-s32,director-on,32,8727552,0.75,,0.0,,,,,,,
director-on-s32,director-on,32,8758272,0.73,,0.0,,,,,,,
director-on-s32,director-on,32,8788992,0.73,,0.0,,,,,,,
director-on-s32,director-on,32,8819712,0.68,,0.0,,,,,,,
director-on-s32,director-on,32,8850432,0.83,,0.0,,,,,,,
director-on-s32,director-on,32,8881152,0.71,,0.0,,,,,,,
director-on-s32,director-on,32,8911872,0.79,,0.0,,,,,,,
director-on-s32,director-on,32,8942592,0.67,,0.0,,,,,,,
director-on-s32,director-on,32,8973312,0.81,,0.0,,,,,,,
director-on-s32,director-on,32,9004032,0.87,,0.0,,,,,,,
director-on-s32,director-on,32,9034752,0.78,,0.0,,,,,,,
director-on-s32,director-on,32,9065472,0.85,,0.0,,,,,,,
director-on-s32,director-on,32,9096192,0.8,,0.0,,,,,,,
director-on-s32,director-on,32,9126912,0.78,,0.0,,,,,,,
director-on-s32,director-on,32,9157632,0.79,,0.0,,,,,,,
director-on-s32,director-on,32,9188352,0.71,,0.0,,,,,,,
director-on-s32,director-on,32,9219072,0.81,,0.0,,,,,,,
director-on-s32,director-on,32,9249792,0.85,,0.0,,,,,,,
director-on-s32,director-on,32,9280512,0.78,,0.0,,,,,,,
director-on-s32,director-on,32,9311232,0.77,,0.0,,,,,,,
director-on-s32,director-on,32,9341952,0.79,,0.0,,,,,,,
director-on-s32,director-on,32,9372672,0.74,,0.0,,,,,,,
director-on-s32,director-on,32,9403392,0.84,,0.0,,,,,,,
director-on-s32,director-on,32,9434112,0.8,,0.0,,,,,,,
director-on-s32,director-on,32,9464832,0.81,,0.0,,,,,,,
director-on-s32,director-on,32,9495552,0.71,,0.0,,,,,,,
director-on-s32,director-on,32,9526272,0.75,,0.0,,,,,,,
director-on-s32,director-on,32,9556992,0.82,,0.0,,,,,,,
director-on-s32,director-on,32,9587712,0.84,,0.0,,,,,,,
director-on-s32,director-on,32,9618432,0.77,,0.0,,,,,,,
director-on-s32,director-on,32,9649152,0.79,,0.0,,,,,,,
director-on-s32,director-on,32,9679872,0.77,,0.0,,,,,,,
director-on-s32,director-on,32,9710592,0.82,,0.0,,,,,,,
director-on-s32,director-on,32,9741312,0.77,,0.0,,,,,,,
director-on-s32,director-on,32,9772032,0.82,,0.0,,,,,,,
director-on-s32,director-on,32,9802752,0.8,,0.0,,,,,,,
director-on-s32,director-on,32,9833472,0.84,,0.0,,,,,,,
director-on-s32,director-on,32,9864192,0.74,,0.0,,,,,,,
director-on-s32,director-on,32,9894912,0.83,,0.0,,,,,,,
director-on-s32,director-on,32,9925632,0.82,,0.0,,,,,,,
director-on-s32,director-on,32,9956352,0.79,,0.0,,,,,,,
director-on-s32,director-on,32,9987072,0.68,,0.0,,,,,,,
director-on-s32,director-on,32,10017792,0.82,,0.0,,,,,,,
director-on-s32,director-on,32,10048512,0.81,,0.0,,,,,,,
director-on-s32,director-on,32,10079232,0.85,,0.0,,,,,,,
director-on-s32,director-on,32,10109952,0.72,,0.0,,,,,,,
director-on-s32,director-on,32,10140672,0.85,,0.0,,,,,,,
director-on-s32,director-on,32,10171392,0.82,,0.0,,,,,,,
director-on-s32,director-on,32,10202112,0.81,,0.0,,,,,,,
director-on-s32,director-on,32,10232832,0.79,,0.0,,,,,,,
director-on-s32,director-on,32,10263552,0.8,,0.0,,,,,,,
director-on-s32,director-on,32,10294272,0.83,,0.0,,,,,,,
director-on-s32,director-on,32,10324992,0.78,,0.0,,,,,,,
director-on-s32,director-on,32,10355712,0.78,,0.0,,,,,,,
director-on-s32,director-on,32,10386432,0.79,,0.0,,,,,,,
director-on-s32,director-on,32,10417152,0.84,,0.0,,,,,,,
director-on-s32,director-on,32,10447872,0.84,,0.0,,,,,,,
director-on-s32,director-on,32,10478592,0.85,,0.0,,,,,,,
director-on-s32,director-on,32,10509312,0.77,,0.0,,,,,,,
director-on-s32,director-on,32,10540032,0.73,,0.0,,,,,,,
director-on-s32,director-on,32,10570752,0.82,,0.0,,,,,,,
director-on-s32,director-on,32,10601472,0.83,,0.0,,,,,,,
director-on-s32,director-on,32,10632192,0.74,,0.0,,,,,,,
director-on-s32,director-on,32,10662912,0.82,,0.0,,,,,,,
director-on-s32,director-on,32,10693632,0.88,,0.0,,,,,,,
director-on-s32,director-on,32,10724352,0.83,,0.0,,,,,,,
director-on-s32,director-on,32,10755072,0.9,,0.0,,,,,,,
director-on-s32,director-on,32,10785792,0.83,,0.0,,,,,,,
director-on-s32,director-on,32,10816512,0.77,,0.0,,,,,,,
director-on-s32,director-on,32,10847232,0.8,,0.0,,,,,,,
director-on-s32,director-on,32,10877952,0.81,,0.0,,,,,,,
director-on-s32,director-on,32,10908672,0.76,,0.0,,,,,,,
director-on-s32,director-on,32,10939392,0.87,,0.0,,,,,,,
director-on-s32,director-on,32,10970112,0.86,,0.0,,,,,,,
director-on-s32,director-on,32,11000832,0.76,,0.0,,,,,,,
director-on-s32,director-on,32,11031552,0.9,,0.0,,,,,,,
director-on-s32,director-on,32,11062272,0.81,,0.0,,,,,,,
director-on-s32,director-on,32,11092992,0.87,,0.0,,,,,,,
director-on-s32,director-on,32,11123712,0.87,,0.0,,,,,,,
director-on-s32,director-on,32,11154432,0.91,,0.0,,,,,,,
director-on-s32,director-on,32,11185152,0.76,,0.0,,,,,,,
director-on-s32,director-on,32,11215872,0.82,,0.0,,,,,,,
director-on-s32,director-on,32,11246592,0.84,,0.0,,,,,,,
director-on-s32,director-on,32,11277312,0.83,,0.0,,,,,,,
director-on-s32,director-on,32,11308032,0.81,,0.0,,,,,,,
director-on-s32,director-on,32,11338752,0.74,,0.0,,,,,,,
director-on-s32,director-on,32,11369472,0.93,,0.0,,,,,,,
director-on-s32,director-on,32,11400192,0.8,,0.0,,,,,,,
director-on-s32,director-on,32,11430912,0.81,,0.0,,,,,,,
director-on-s32,director-on,32,11461632,0.8,,0.0,,,,,,,
director-on-s32,director-on,32,11492352,0.78,,0.0,,,,,,,
director-on-s32,director-on,32,11523072,0.87,,0.0,,,,,,,
director-on-s32,director-on,32,11553792,0.84,,0.0,,,,,,,
director-on-s32,director-on,32,11584512,0.82,,0.0,,,,,,,
director-on-s32,director-on,32,11615232,0.89,,0.0,,,,,,,
director-on-s32,director-on,32,11645952,0.87,,0.0,,,,,,,
director-on-s32,director-on,32,11676672,0.89,,0.0,,,,,,,
director-on-s32,director-on,32,11707392,0.79,,0.0,,,,,,,
director-on-s32,director-on,32,11738112,0.87,,0.0,,,,,,,
director-on-s32,director-on,32,11768832,0.81,,0.0,,,,,,,
director-on-s32,director-on,32,11799552,0.87,,0.0,,,,,,,
director-on-s32,director-on,32,11830272,0.8,,0.0,,,,,,,
director-on-s32,director-on,32,11860992,0.87,,0.0,,,,,,,
director-on-s32,director-on,32,11891712,0.78,,0.0,,,,,,,
director-on-s32,director-on,32,11922432,0.79,,0.0,,,,,,,
director-on-s32,director-on,32,11953152,0.83,,0.0,,,,,,,
director-on-s32,director-on,32,11983872,0.9,,0.0,,,,,,,
director-on-s32,director-on,32,12014592,0.79,,0.0,,,,,,,
director-on-s32,director-on,32,12045312,0.86,,0.0,,,,,,,
director-on-s32,director-on,32,12076032,0.87,,0.0,,,,,,,
director-on-s32,director-on,32,12106752,0.84,,0.0,,,,,,,
director-on-s32,director-on,32,12137472,0.86,,0.0,,,,,,,
director-on-s32,director-on,32,12168192,0.9,,0.0,,,,,,,
director-on-s32,director-on,32,12198912,0.89,,0.0,,,,,,,
director-on-s32,director-on,32,12229632,0.82,,0.0,,,,,,,
director-on-s32,director-on,32,12260352,0.85,,0.0,,,,,,,
director-on-s32,director-on,32,12291072,0.86,,0.0,,,,,,,
director-on-s32,director-on,32,12321792,0.81,,0.0,,,,,,,
director-on-s32,director-on,32,12352512,0.79,,0.0,,,,,,,
director-on-s32,director-on,32,12383232,0.87,,0.0,,,,,,,
director-on-s32,director-on,32,12413952,0.74,,0.0,,,,,,,
director-on-s32,director-on,32,12444672,0.78,,0.0,,,,,,,
director-on-s32,director-on,32,12475392,0.81,,0.0,,,,,,,
director-on-s32,director-on,32,12506112,0.82,,0.0,,,,,,,
director-on-s32,director-on,32,12536832,0.84,,0.0,,,,,,,
director-on-s32,director-on,32,12567552,0.82,,0.0,,,,,,,
director-on-s32,director-on,32,12598272,0.9,,0.0,,,,,,,
director-on-s32,director-on,32,12628992,0.83,,0.0,,,,,,,
director-on-s32,director-on,32,12659712,0.87,,0.0,,,,,,,
director-on-s32,director-on,32,12690432,0.81,,0.0,,,,,,,
director-on-s32,director-on,32,12721152,0.9,,0.0,,,,,,,
director-on-s32,director-on,32,12751872,0.8,,0.0,,,,,,,
director-on-s32,director-on,32,12782592,0.82,,0.0,,,,,,,
director-on-s32,director-on,32,12813312,0.9,,0.0,,,,,,,
director-on-s32,director-on,32,12844032,0.79,,0.0,,,,,,,
director-on-s32,director-on,32,12874752,0.82,,0.0,,,,,,,
director-on-s32,director-on,32,12905472,0.81,,0.0,,,,,,,
director-on-s32,director-on,32,12936192,0.84,,0.0,,,,,,,
director-on-s32,director-on,32,12966912,0.87,,0.0,,,,,,,
director-on-s32,director-on,32,12997632,0.85,,0.0,,,,,,,
director-on-s32,director-on,32,13028352,0.87,,0.0,,,,,,,
director-on-s32,director-on,32,13059072,0.81,,0.0,,,,,,,
director-on-s32,director-on,32,13089792,0.88,,0.0,,,,,,,
director-on-s32,director-on,32,13120512,0.82,,0.0,,,,,,,
director-on-s32,director-on,32,13151232,0.86,,0.0,,,,,,,
director-on-s32,director-on,32,13181952,0.87,,0.0,,,,,,,
director-on-s32,director-on,32,13212672,0.83,,0.0,,,,,,,
director-on-s32,director-on,32,13243392,0.86,,0.0,,,,,,,
director-on-s32,director-on,32,13274112,0.86,,0.0,,,,,,,
director-on-s32,director-on,32,13304832,0.86,,0.0,,,,,,,
director-on-s32,director-on,32,13335552,0.84,,0.0,,,,,,,
director-on-s32,director-on,32,13366272,0.86,,0.0,,,,,,,
director-on-s32,director-on,32,13396992,0.85,,0.0,,,,,,,
director-on-s32,director-on,32,13427712,0.83,,0.0,,,,,,,
director-on-s32,director-on,32,13458432,0.85,,0.0,,,,,,,
director-on-s32,director-on,32,13489152,0.94,,0.0,,,,,,,
director-on-s32,director-on,32,13519872,0.85,,0.0,,,,,,,
director-on-s32,director-on,32,13550592,0.87,,0.0,,,,,,,
director-on-s32,director-on,32,13581312,0.82,,0.0,,,,,,,
director-on-s32,director-on,32,13612032,0.89,,0.0,,,,,,,
director-on-s32,director-on,32,13642752,0.85,,0.0,,,,,,,
director-on-s32,director-on,32,13673472,0.86,,0.0,,,,,,,
director-on-s32,director-on,32,13704192,0.9,,0.0,,,,,,,
director-on-s32,director-on,32,13734912,0.83,,0.0,,,,,,,
director-on-s32,director-on,32,13765632,0.83,,0.0,,,,,,,
director-on-s32,director-on,32,13796352,0.89,,0.0,,,,,,,
director-on-s32,director-on,32,13827072,0.87,,0.0,,,,,,,
director-on-s32,director-on,32,13857792,0.91,,0.0,,,,,,,
director-on-s32,director-on,32,13888512,0.91,,0.0,,,,,,,
director-on-s32,director-on,32,13919232,0.84,,0.0,,,,,,,
director-on-s32,director-on,32,13949952,0.9,,0.0,,,,,,,
director-on-s32,director-on,32,13980672,0.89,,0.0,,,,,,,
director-on-s32,director-on,32,14011392,0.93,,0.0,,,,,,,
director-on-s32,director-on,32,14042112,0.85,,0.0,,,,,,,
director-on-s32,director-on,32,14072832,0.92,,0.0,,,,,,,
director-on-s32,director-on,32,14103552,0.94,,0.0,,,,,,,
director-on-s32,director-on,32,14134272,0.89,,0.0,,,,,,,
director-on-s32,director-on,32,14164992,0.84,,0.0,,,,,,,
director-on-s32,director-on,32,14195712,0.94,,0.0,,,,,,,
director-on-s32,director-on,32,14226432,0.87,,0.0,,,,,,,
director-on-s32,director-on,32,14257152,0.86,,0.0,,,,,,,
director-on-s32,director-on,32,14287872,0.86,,0.0,,,,,,,
director-on-s32,director-on,32,14318592,0.9,,0.0,,,,,,,
director-on-s32,director-on,32,14349312,0.93,,0.0,,,,,,,
director-on-s32,director-on,32,14380032,0.88,,0.0,,,,,,,
director-on-s32,director-on,32,14410752,0.84,,0.0,,,,,,,
director-on-s32,director-on,32,14441472,0.89,,0.0,,,,,,,
director-on-s32,director-on,32,14472192,0.86,,0.0,,,,,,,
director-on-s32,director-on,32,14502912,0.91,,0.0,,,,,,,
director-on-s32,director-on,32,14533632,0.91,,0.0,,,,,,,
director-on-s32,director-on,32,14564352,0.9,,0.0,,,,,,,
director-on-s32,director-on,32,14595072,0.9,,0.0,,,,,,,
director-on-s32,director-on,32,14625792,0.92,,0.0,,,,,,,
director-on-s32,director-on,32,14656512,0.91,,0.0,,,,,,,
director-on-s32,director-on,32,14687232,0.93,,0.0,,,,,,,
director-on-s32,director-on,32,14717952,0.9,,0.0,,,,,,,
director-on-s32,director-on,32,14748672,0.93,,0.0,,,,,,,
director-on-s32,director-on,32,14779392,0.92,,0.0,,,,,,,
director-on-s32,director-on,32,14810112,0.91,,0.0,,,,,,,
director-on-s32,director-on,32,14840832,0.93,,0.0,,,,,,,
director-on-s32,director-on,32,14871552,0.96,,0.0,,,,,,,
director-on-s32,director-on,32,14902272,0.91,,0.0,,,,,,,
director-on-s32,director-on,32,14932992,0.93,,0.0,,,,,,,
director-on-s32,director-on,32,14963712,0.94,,0.0,,,,,,,
director-on-s32,director-on,32,14994432,0.93,,0.0,,,,,,,
director-on-s32,director-on,32,14997504,0.93,,0.0,,,,,,,
director-on-s33,director-on,33,3072,0.0,,-1.0,,,,,,,
director-on-s33,director-on,33,33792,0.01,,-1.0,,,,,,,
director-on-s33,director-on,33,64512,0.02,,-1.0,,,,,,,
director-on-s33,director-on,33,95232,0.01,,-1.0,,,,,,,
director-on-s33,director-on,33,125952,0.02,,-1.0,,,,,,,
director-on-s33,director-on,33,156672,0.03,,-1.0,,,,,,,
director-on-s33,director-on,33,187392,0.02,,-1.0,,,,,,,
director-on-s33,director-on,33,218112,0.03,,-1.0,,,,,,,
director-on-s33,director-on,33,248832,0.06,,-1.0,,,,,,,
director-on-s33,director-on,33,279552,0.07,,-1.0,,,,,,,
director-on-s33,director-on,33,310272,0.03,,-1.0,,,,,,,
director-on-s33,director-on,33,340992,0.07,,-1.0,,,,,,,
director-on-s33,director-on,33,371712,0.04,,-1.0,,,,,,,
director-on-s33,director-on,33,402432,0.05,,-1.0,,,,,,,
director-on-s33,director-on,33,433152,0.06,,-1.0,,,,,,,
director-on-s33,director-on,33,463872,0.06,,-1.0,,,,,,,
director-on-s33,director-on,33,494592,0.07,,-1.0,,,,,,,
director-on-s33,director-on,33,525312,0.06,,-1.0,,,,,,,
director-on-s33,director-on,33,556032,0.07,,-1.0,,,,,,,
director-on-s33,director-on,33,586752,0.11,,-1.0,,,,,,,
director-on-s33,director-on,33,617472,0.08,,-1.0,,,,,,,
director-on-s33,director-on,33,648192,0.08,,-1.0,,,,,,,
director-on-s33,director-on,33,678912,0.05,,-1.0,,,,,,,
director-on-s33,director-on,33,709632,0.06,,-1.0,,,,,,,
director-on-s33,director-on,33,740352,0.07,,-1.0,,,,,,,
director-on-s33,director-on,33,771072,0.09,,-1.0,,,,,,,
director-on-s33,director-on,33,801792,0.1,,-1.0,,,,,,,
director-on-s33,director-on,33,832512,0.1,,-1.0,,,,,,,
director-on-s33,director-on,33,863232,0.09,,-1.0,,,,,,,
director-on-s33,director-on,33,893952,0.11,,-1.0,,,,,,,
director-on-s33,director-on,33,924672,0.1,,-1.0,,,,,,,
director-on-s33,director-on,33,955392,0.09,,-1.0,,,,,,,
director-on-s33,director-on,33,986112,0.1,,-1.0,,,,,,,
director-on-s33,director-on,33,1016832,0.06,,-1.0,,,,,,,
director-on-s33,director-on,33,1047552,0.11,,-1.0,,,,,,,
director-on-s33,director-on,33,1078272,0.15,,-1.0,,,,,,,
director-on-s33,director-on,33,1108992,0.13,,-1.0,,,,,,,
director-on-s33,director-on,33,1139712,0.07,,-1.0,,,,,,,
director-on-s33,director-on,33,1170432,0.07,,-1.0,,,,,,,
director-on-s33,director-on,33,1201152,0.14,,-1.0,,,,,,,
director-on-s33,director-on,33,1231872,0.14,,-1.0,,,,,,,
director-on-s33,director-on,33,1262592,0.12,,-1.0,,,,,,,
director-on-s33,director-on,33,1293312,0.14,,-1.0,,,,,,,
director-on-s33,director-on,33,1324032,0.13,,-1.0,,,,,,,
director-on-s33,director-on,33,1354752,0.17,,-1.0,,,,,,,
director-on-s33,director-on,33,1385472,0.13,,-1.0,,,,,,,
director-on-s33,director-on,33,1416192,0.17,,-1.0,,,,,,,
director-on-s33,director-on,33,1446912,0.1,,-1.0,,,,,,,
director-on-s33,director-on,33,1477632,0.08,,-1.0,,,,,,,
director-on-s33,director-on,33,1508352,0.14,,-1.0,,,,,,,
director-on-s33,director-on,33,1539072,0.17,,-1.0,,,,,,,
director-on-s33,director-on,33,1569792,0.11,,-1.0,,,,,,,
director-on-s33,director-on,33,1600512,0.1,,-1.0,,,,,,,
director-on-s33,director-on,33,1631232,0.2,,-1.0,,,,,,,
director-on-s33,director-on,33,1661952,0.15,,-1.0,,,,,,,
director-on-s33,director-on,33,1692672,0.19,,-1.0,,,,,,,
director-on-s33,director-on,33,1723392,0.14,,-1.0,,,,,,,
director-on-s33,director-on,33,1754112,0.15,,-1.0,,,,,,,
director-on-s33,director-on,33,1784832,0.1,,-1.0,,,,,,,
director-on-s33,director-on,33,1815552,0.18,,-1.0,,,,,,,
director-on-s33,director-on,33,1846272,0.17,,-1.0,,,,,,,
director-on-s33,director-on,33,1876992,0.19,,-1.0,,,,,,,
director-on-s33,director-on,33,1907712,0.18,,-1.0,,,,,,,
director-on-s33,director-on,33,1938432,0.2,,-1.0,,,,,,,
director-on-s33,director-on,33,1969152,0.21,,-1.0,,,,,,,
director-on-s33,director-on,33,1999872,0.11,,-1.0,,,,,,,
director-on-s33,director-on,33,2030592,0.19,,-1.0,,,,,,,
director-on-s33,director-on,33,2061312,0.17,,-1.0,,,,,,,
director-on-s33,director-on,33,2092032,0.15,,-1.0,,,,,,,
director-on-s33,director-on,33,2122752,0.13,,-1.0,,,,,,,
director-on-s33,director-on,33,2153472,0.16,,-1.0,,,,,,,
director-on-s33,director-on,33,2184192,0.14,,-1.0,,,,,,,
director-on-s33,director-on,33,2214912,0.17,,-1.0,,,,,,,
director-on-s33,director-on,33,2245632,0.25,,-1.0,,,,,,,
director-on-s33,director-on,33,2276352,0.23,,-1.0,,,,,,,
director-on-s33,director-on,33,2307072,0.11,,-1.0,,,,,,,
director-on-s33,director-on,33,2337792,0.18,,-1.0,,,,,,,
director-on-s33,director-on,33,2368512,0.28,,-1.0,,,,,,,
director-on-s33,director-on,33,2399232,0.25,,-1.0,,,,,,,
director-on-s33,director-on,33,2429952,0.2,,-1.0,,,,,,,
director-on-s33,director-on,33,2460672,0.16,,-1.0,,,,,,,
director-on-s33,director-on,33,2491392,0.28,,-1.0,,,,,,,
director-on-s33,director-on,33,2522112,0.2,,-1.0,,,,,,,
director-on-s33,director-on,33,2552832,0.26,,-1.0,,,,,,,
director-on-s33,director-on,33,2583552,0.22,,-1.0,,,,,,,
director-on-s33,director-on,33,2614272,0.24,,-1.0,,,,,,,
director-on-s33,director-on,33,2644992,0.2,,-1.0,,,,,,,
director-on-s33,director-on,33,2675712,0.27,,-1.0,,,,,,,
director-on-s33,director-on,33,2706432,0.2,,-1.0,,,,,,,
director-on-s33,director-on,33,2737152,0.22,,-1.0,,,,,,,
director-on-s33,director-on,33,2767872,0.32,,-1.0,,,,,,,
director-on-s33,director-on,33,2798592,0.26,,-1.0,,,,,,,
director-on-s33,director-on,33,2829312,0.37,,-1.0,,,,,,,
director-on-s33,director-on,33,2860032,0.22,,-1.0,,,,,,,
director-on-s33,director-on,33,2890752,0.29,,-1.0,,,,,,,
director-on-s33,director-on,33,2921472,0.23,,-1.0,,,,,,,
director-on-s33,director-on,33,2952192,0.29,,-1.0,,,,,,,
director-on-s33,director-on,33,2982912,0.23,,-1.0,,,,,,,
director-on-s33,director-on,33,3013632,0.27,,-1.0,,,,,,,
director-on-s33,director-on,33,3044352,0.29,,-1.0,,,,,,,
director-on-s33,director-on,33,3075072,0.26,,-1.0,,,,,,,
director-on-s33,director-on,33,3105792,0.3,,-1.0,,,,,,,
director-on-s33,director-on,33,3136512,0.27,,-1.0,,,,,,,
director-on-s33,director-on,33,3167232,0.3,,-1.0,,,,,,,
director-on-s33,director-on,33,3197952,0.3,,-1.0,,,,,,,
director-on-s33,director-on,33,3228672,0.31,,-1.0,,,,,,,
director-on-s33,director-on,33,3259392,0.28,,-1.0,,,,,,,
director-on-s33,director-on,33,3290112,0.26,,-1.0,,,,,,,
director-on-s33,director-on,33,3320832,0.37,,-1.0,,,,,,,
director-on-s33,director-on,33,3351552,0.34,,-1.0,,,,,,,
director-on-s33,director-on,33,3382272,0.41,,-1.0,,,,,,,
director-on-s33,director-on,33,3412992,0.29,,-1.0,,,,,,,
director-on-s33,director-on,33,3443712,0.35,,-1.0,,,,,,,
director-on-s33,director-on,33,3474432,0.33,,-1.0,,,,,,,
director-on-s33,director-on,33,3505152,0.34,,-1.0,,,,,,,
director-on-s33,director-on,33,3535872,0.33,,-1.0,,,,,,,
director-on-s33,director-on,33,3566592,0.38,,-1.0,,,,,,,
director-on-s33,director-on,33,3597312,0.32,,-1.0,,,,,,,
director-on-s33,director-on,33,3628032,0.34,,-1.0,,,,,,,
director-on-s33,director-on,33,3658752,0.26,,-1.0,,,,,,,
director-on-s33,director-on,33,3689472,0.35,,-1.0,,,,,,,
director-on-s33,director-on,33,3720192,0.45,,-1.0,,,,,,,
director-on-s33,director-on,33,3750912,0.33,,-1.0,,,,,,,
director-on-s33,director-on,33,3781632,0.43,,-1.0,,,,,,,
director-on-s33,director-on,33,3812352,0.42,,-1.0,,,,,,,
director-on-s33,director-on,33,3843072,0.4,,-1.0,,,,,,,
director-on-s33,director-on,33,3873792,0.48,,-1.0,,,,,,,
director-on-s33,director-on,33,3904512,0.38,,-1.0,,,,,,,
director-on-s33,director-on,33,3935232,0.47,,-1.0,,,,,,,
director-on-s33,director-on,33,3965952,0.44,,-1.0,,,,,,,
director-on-s33,director-on,33,3996672,0.45,,-1.0,,,,,,,
director-on-s33,director-on,33,4027392,0.4,,-1.0,,,,,,,
director-on-s33,director-on,33,4058112,0.46,,-1.0,,,,,,,
director-on-s33,director-on,33,4088832,0.42,,-1.0,,,,,,,
director-on-s33,director-on,33,4119552,0.47,,-1.0,,,,,,,
director-on-s33,director-on,33,4150272,0.53,,-1.0,,,,,,,
director-on-s33,director-on,33,4180992,0.42,,-1.0,,,,,,,
director-on-s33,director-on,33,4211712,0.55,,-1.0,,,,,,,
director-on-s33,director-on,33,4242432,0.46,,-1.0,,,,,,,
director-on-s33,director-on,33,4273152,0.53,,-1.0,,,,,,,
director-on-s33,director-on,33,4303872,0.52,,-0.988,,,,,,,
director-on-s33,director-on,33,4334592,0.57,,-0.988,,,,,,,
director-on-s33,director-on,33,4365312,0.55,,-0.988,,,,,,,
director-on-s33,director-on,33,4396032,0.48,,-0.988,,,,,,,
director-on-s33,director-on,33,4426752,0.55,,-0.988,,,,,,,
director-on-s33,director-on,33,4457472,0.52,,-0.988,,,,,,,
director-on-s33,director-on,33,4488192,0.51,,-0.964,,,,,,,
director-on-s33,director-on,33,4518912,0.48,,-0.952,,,,,,,
director-on-s33,director-on,33,4549632,0.51,,-0.939,,,,,,,
director-on-s33,director-on,33,4580352,0.54,,-0.939,,,,,,,
director-on-s33,director-on,33,4611072,0.48,,-0.913,,,,,,,
director-on-s33,director-on,33,4641792,0.52,,-0.9,,,,,,,
director-on-s33,director-on,33,4672512,0.48,,-0.875,,,,,,,
director-on-s33,director-on,33,4703232,0.43,,-0.863,,,,,,,
director-on-s33,director-on,33,4733952,0.52,,-0.863,,,,,,,
director-on-s33,director-on,33,4764672,0.44,,-0.838,,,,,,,
director-on-s33,director-on,33,4795392,0.53,,-0.838,,,,,,,
director-on-s33,director-on,33,4826112,0.54,,-0.827,,,,,,,
director-on-s33,director-on,33,4856832,0.59,,-0.8,,,,,,,
director-on-s33,director-on,33,4887552,0.44,,-0.8,,,,,,,
director-on-s33,director-on,33,4918272,0.52,,-0.8,,,,,,,
director-on-s33,director-on,33,4948992,0.44,,-0.788,,,,,,,
director-on-s33,director-on,33,4979712,0.56,,-0.774,,,,,,,
director-on-s33,director-on,33,5010432,0.51,,-0.733,,,,,,,
director-on-s33,director-on,33,5041152,0.58,,-0.733,,,,,,,
director-on-s33,director-on,33,5071872,0.48,,-0.733,,,,,,,
director-on-s33,director-on,33,5102592,0.49,,-0.708,,,,,,,
director-on-s33,director-on,33,5133312,0.54,,-0.679,,,,,,,
director-on-s33,director-on,33,5164032,0.63,,-0.679,,,,,,,
director-on-s33,director-on,33,5194752,0.48,,-0.666,,,,,,,
director-on-s33,director-on,33,5225472,0.54,,-0.666,,,,,,,
director-on-s33,director-on,33,5256192,0.63,,-0.666,,,,,,,
director-on-s33,director-on,33,5286912,0.55,,-0.64,,,,,,,
director-on-s33,director-on,33,5317632,0.62,,-0.64,,,,,,,
director-on-s33,director-on,33,5348352,0.57,,-0.603,,,,,,,
director-on-s33,director-on,33,5379072,0.52,,-0.577,,,,,,,
director-on-s33,director-on,33,5409792,0.63,,-0.555,,,,,,,
director-on-s33,director-on,33,5440512,0.52,,-0.505,,,,,,,
director-on-s33,director-on,33,5471232,0.6,,-0.505,,,,,,,
director-on-s33,director-on,33,5501952,0.52,,-0.482,,,,,,,
director-on-s33,director-on,33,5532672,0.62,,-0.482,,,,,,,
director-on-s33,director-on,33,5563392,0.49,,-0.457,,,,,,,
director-on-s33,director-on,33,5594112,0.58,,-0.428,,,,,,,
director-on-s33,director-on,33,5624832,0.57,,-0.416,,,,,,,
director-on-s33,director-on,33,5655552,0.63,,-0.386,,,,,,,
director-on-s33,director-on,33,5686272,0.62,,-0.357,,,,,,,
director-on-s33,director-on,33,5716992,0.48,,-0.333,,,,,,,
director-on-s33,director-on,33,5747712,0.57,,-0.319,,,,,,,
director-on-s33,director-on,33,5778432,0.56,,-0.268,,,,,,,
director-on-s33,director-on,33,5809152,0.53,,-0.233,,,,,,,
director-on-s33,director-on,33,5839872,0.54,,-0.222,,,,,,,
director-on-s33,director-on,33,5870592,0.61,,-0.208,,,,,,,
director-on-s33,director-on,33,5901312,0.54,,-0.178,,,,,,,
director-on-s33,director-on,33,5932032,0.56,,-0.166,,,,,,,
director-on-s33,director-on,33,5962752,0.59,,-0.14,,,,,,,
director-on-s33,director-on,33,5993472,0.45,,-0.109,,,,,,,
director-on-s33,director-on,33,6024192,0.56,,-0.109,,,,,,,
director-on-s33,director-on,33,6054912,0.5,,-0.109,,,,,,,
director-on-s33,director-on,33,6085632,0.56,,-0.109,,,,,,,
director-on-s33,director-on,33,6116352,0.54,,-0.084,,,,,,,
director-on-s33,director-on,33,6147072,0.53,,-0.054,,,,,,,
director-on-s33,director-on,33,6177792,0.59,,-0.016,,,,,,,
director-on-s33,director-on,33,6208512,0.66,,0.0,,,,,,,
director-on-s33,director-on,33,6239232,0.61,,0.0,,,,,,,
director-on-s33,director-on,33,6269952,0.6,,0.0,,,,,,,
director-on-s33,director-on,33,6300672,0.56,,0.0,,,,,,,
director-on-s33,director-on,33,6331392,0.59,,0.0,,,,,,,
director-on-s33,director-on,33,6362112,0.59,,0.0,,,,,,,
director-on-s33,director-on,33,6392832,0.58,,0.0,,,,,,,
director-on-s33,director-on,33,6423552,0.61,,0.0,,,,,,,
director-on-s33,director-on,33,6454272,0.61,,0.0,,,,,,,
director-on-s33,director-on,33,6484992,0.62,,0.0,,,,,,,
director-on-s33,director-on,33,6515712,0.65,,0.0,,,,,,,
director-on-s33,director-on,33,6546432,0.69,,0.0,,,,,,,
director-on-s33,director-on,33,6577152,0.52,,0.0,,,,,,,
director-on-s33,director-on,33,6607872,0.61,,0.0,,,,,,,
director-on-s33,director-on,33,6638592,0.61,,0.0,,,,,,,
director-on-s33,director-on,33,6669312,0.55,,0.0,,,,,,,
director-on-s33,director-on,33,6700032,0.63,,0.0,,,,,,,
director-on-s33,director-on,33,6730752,0.56,,0.0,,,,,,,
director-on-s33,director-on,33,6761472,0.49,,0.0,,,,,,,
director-on-s33,director-on,33,6792192,0.71,,0.0,,,,,,,
director-on-s33,director-on,33,6822912,0.56,,0.0,,,,,,,
director-on-s33,director-on,33,6853632,0.68,,0.0,,,,,,,
director-on-s33,director-on,33,6884352,0.54,,0.0,,,,,,,
director-on-s33,director-on,33,6915072,0.57,,0.0,,,,,,,
director-on-s33,director-on,33,6945792,0.7,,0.0,,,,,,,
director-on-s33,director-on,33,6976512,0.65,,0.0,,,,,,,
director-on-s33,director-on,33,7007232,0.66,,0.0,,,,,,,
director-on-s33,director-on,33,7037952,0.65,,0.0,,,,,,,
director-on-s33,director-on,33,7068672,0.66,,0.0,,,,,,,
director-on-s33,director-on,33,7099392,0.69,,0.0,,,,,,,
director-on-s33,director-on,33,7130112,0.59,,0.0,,,,,,,
director-on-s33,director-on,33,7160832,0.67,,0.0,,,,,,,
director-on-s33,director-on,33,7191552,0.61,,0.0,,,,,,,
director-on-s33,director-on,33,7222272,0.55,,0.0,,,,,,,
director-on-s33,director-on,33,7252992,0.61,,0.0,,,,,,,
director-on-s33,director-on,33,7283712,0.63,,0.0,,,,,,,
director-on-s33,director-on,33,7314432,0.62,,0.0,,,,,,,
director-on-s33,director-on,33,7345152,0.72,,0.0,,,,,,,
director-on-s33,director-on,33,7375872,0.66,,0.0,,,,,,,
director-on-s33,director-on,33,7406592,0.7,,0.0,,,,,,,
director-on-s33,director-on,33,7437312,0.6,,0.0,,,,,,,
director-on-s33,director-on,33,7468032,0.61,,0.0,,,,,,,
director-on-s33,director-on,33,7498752,0.67,,0.0,,,,,,,
director-on-s33,director-on,33,7529472,0.64,,0.0,,,,,,,
director-on-s33,director-on,33,7560192,0.59,,0.0,,,,,,,
director-on-s33,director-on,33,7590912,0.69,,0.0,,,,,,,
director-on-s33,director-on,33,7621632,0.61,,0.0,,,,,,,
director-on-s33,director-on,33,7652352,0.71,,0.0,,,,,,,
director-on-s33,director-on,33,7683072,0.72,,0.0,,,,,,,
director-on-s33,director-on,33,7713792,0.72,,0.0,,,,,,,
director-on-s33,director-on,33,7744512,0.73,,0.0,,,,,,,
director-on-s33,director-on,33,7775232,0.67,,0.0,,,,,,,
director-on-s33,director-on,33,7805952,0.69,,0.0,,,,,,,
director-on-s33,director-on,33,7836672,0.66,,0.0,,,,,,,
director-on-s33,director-on,33,7867392,0.67,,0.0,,,,,,,
director-on-s33,director-on,33,7898112,0.65,,0.0,,,,,,,
director-on-s33,director-on,33,7928832,0.59,,0.0,,,,,,,
director-on-s33,director-on,33,7959552,0.69,,0.0,,,,,,,
director-on-s33,director-on,33,7990272,0.61,,0.0,,,,,,,
director-on-s33,director-on,33,8020992,0.7,,0.0,,,,,,,
director-on-s33,director-on,33,8051712,0.72,,0.0,,,,,,,
director-on-s33,director-on,33,8082432,0.67,,0.0,,,,,,,
director-on-s33,director-on,33,8113152,0.67,,0.0,,,,,,,
director-on-s33,director-on,33,8143872,0.67,,0.0,,,,,,,
director-on-s33,director-on,33,8174592,0.61,,0.0,,,,,,,
director-on-s33,director-on,33,8205312,0.66,,0.0,,,,,,,
director-on-s33,director-on,33,8236032,0.77,,0.0,,,,,,,
director-on-s33,director-on,33,8266752,0.7,,0.0,,,,,,,
director-on-s33,director-on,33,8297472,0.66,,0.0,,,,,,,
director-on-s33,director-on,33,8328192,0.71,,0.0,,,,,,,
director-on-s33,director-on,33,8358912,0.69,,0.0,,,,,,,
director-on-s33,director-on,33,8389632,0.7,,0.0,,,,,,,
director-on-s33,director-on,33,8420352,0.66,,0.0,,,,,,,
director-on-s33,director-on,33,8451072,0.72,,0.0,,,,,,,
director-on-s33,director-on,33,8481792,0.66,,0.0,,,,,,,
director-on-s33,director-on,33,8512512,0.7,,0.0,,,,,,,
director-on-s33,director-on,33,8543232,0.75,,0.0,,,,,,,
director-on-s33,director-on,33,8573952,0.73,,0.0,,,,,,,
director-on-s33,director-on,33,8604672,0.7,,0.0,,,,,,,
director-on-s33,director-on,33,8635392,0.75,,0.0,,,,,,,
director-on-s33,director-on,33,8666112,0.64,,0.0,,,,,,,
director-on-s33,director-on,33,8696832,0.74,,0.0,,,,,,,
director-on-s33,director-on,33,8727552,0.64,,0.0,,,,,,,
director-on-s33,director-on,33,8758272,0.76,,0.0,,,,,,,
director-on-s33,director-on,33,8788992,0.64,,0.0,,,,,,,
director-on-s33,director-on,33,8819712,0.7,,0.0,,,,,,,
director-on-s33,director-on,33,8850432,0.74,,0.0,,,,,,,
director-on-s33,director-on,33,8881152,0.71,,0.0,,,,,,,
director-on-s33,director-on,33,8911872,0.69,,0.0,,,,,,,
director-on-s33,director-on,33,8942592,0.74,,0.0,,,,,,,
director-on-s33,director-on,33,8973312,0.75,,0.0,,,,,,,
director-on-s33,director-on,33,9004032,0.59,,0.0,,,,,,,
director-on-s33,director-on,33,9034752,0.68,,0.0,,,,,,,
director-on-s33,director-on,33,9065472,0.71,,0.0,,,,,,,
director-on-s33,director-on,33,9096192,0.68,,0.0,,,,,,,
director-on-s33,director-on,33,9126912,0.73,,0.0,,,,,,,
director-on-s33,director-on,33,9157632,0.75,,0.0,,,,,,,
director-on-s33,director-on,33,9188352,0.8,,0.0,,,,,,,
director-on-s33,director-on,33,9219072,0.7,,0.0,,,,,,,
director-on-s33,director-on,33,9249792,0.72,,0.0,,,,,,,
director-on-s33,director-on,33,9280512,0.71,,0.0,,,,,,,
director-on-s33,director-on,33,9311232,0.74,,0.0,,,,,,,
director-on-s33,director-on,33,9341952,0.77,,0.0,,,,,,,
director-on-s33,director-on,33,9372672,0.75,,0.0,,,,,,,
director-on-s33,director-on,33,9403392,0.73,,0.0,,,,,,,
director-on-s33,director-on,33,9434112,0.67,,0.0,,,,,,,
director-on-s33,director-on,33,9464832,0.69,,0.0,,,,,,,
director-on-s33,director-on,33,9495552,0.8,,0.0,,,,,,,
director-on-s33,director-on,33,9526272,0.69,,0.0,,,,,,,
director-on-s33,director-on,33,9556992,0.71,,0.0,,,,,,,
director-on-s33,director-on,33,9587712,0.8,,0.0,,,,,,,
director-on-s33,director-on,33,9618432,0.73,,0.0,,,,,,,
director-on-s33,director-on,33,9649152,0.76,,0.0,,,,,,,
director-on-s33,director-on,33,9679872,0.64,,0.0,,,,,,,
director-on-s33,director-on,33,9710592,0.84,,0.0,,,,,,,
director-on-s33,director-on,33,9741312,0.68,,0.0,,,,,,,
director-on-s33,director-on,33,9772032,0.76,,0.0,,,,,,,
director-on-s33,director-on,33,9802752,0.74,,0.0,,,,,,,
director-on-s33,director-on,33,9833472,0.72,,0.0,,,,,,,
director-on-s33,director-on,33,9864192,0.8,,0.0,,,,,,,
director-on-s33,director-on,33,9894912,0.8,,0.0,,,,,,,
director-on-s33,director-on,33,9925632,0.76,,0.0,,,,,,,
director-on-s33,director-on,33,9956352,0.76,,0.0,,,,,,,
director-on-s33,director-on,33,9987072,0.77,,0.0,,,,,,,
director-on-s33,director-on,33,10017792,0.68,,0.0,,,,,,,
director-on-s33,director-on,33,10048512,0.81,,0.0,,,,,,,
director-on-s33,director-on,33,10079232,0.67,,0.0,,,,,,,
director-on-s33,director-on,33,10109952,0.69,,0.0,,,,,,,
director-on-s33,director-on,33,10140672,0.76,,0.0,,,,,,,
director-on-s33,director-on,33,10171392,0.78,,0.0,,,,,,,
director-on-s33,director-on,33,10202112,0.82,,0.0,,,,,,,
director-on-s33,director-on,33,10232832,0.87,,0.0,,,,,,,
director-on-s33,director-on,33,10263552,0.77,,0.0,,,,,,,
director-on-s33,director-on,33,10294272,0.81,,0.0,,,,,,,
director-on-s33,director-on,33,10324992,0.82,,0.0,,,,,,,
director-on-s33,director-on,33,10355712,0.85,,0.0,,,,,,,
director-on-s33,director-on,33,10386432,0.74,,0.0,,,,,,,
director-on-s33,director-on,33,10417152,0.81,,0.0,,,,,,,
director-on-s33,director-on,33,10447872,0.78,,0.0,,,,,,,
director-on-s33,director-on,33,10478592,0.74,,0.0,,,,,,,
director-on-s33,director-on,33,10509312,0.74,,0.0,,,,,,,
director-on-s33,director-on,33,10540032,0.83,,0.0,,,,,,,
director-on-s33,director-on,33,10570752,0.73,,0.0,,,,,,,
director-on-s33,director-on,33,10601472,0.72,,0.0,,,,,,,
director-on-s33,director-on,33,10632192,0.85,,0.0,,,,,,,
director-on-s33,director-on,33,10662912,0.83,,0.0,,,,,,,
director-on-s33,director-on,33,10693632,0.8,,0.0,,,,,,,
director-on-s33,director-on,33,10724352,0.84,,0.0,,,,,,,
director-on-s33,director-on,33,10755072,0.82,,0.0,,,,,,,
director-on-s33,director-on,33,10785792,0.78,,0.0,,,,,,,
director-on-s33,director-on,33,10816512,0.73,,0.0,,,,,,,
director-on-s33,director-on,33,10847232,0.88,,0.0,,,,,,,
director-on-s33,director-on,33,10877952,0.82,,0.0,,,,,,,
director-on-s33,director-on,33,10908672,0.78,,0.0,,,,,,,
director-on-s33,director-on,33,10939392,0.84,,0.0,,,,,,,
director-on-s33,director-on,33,10970112,0.81,,0.0,,,,,,,
director-on-s33,director-on,33,11000832,0.81,,0.0,,,,,,,
director-on-s33,director-on,33,11031552,0.77,,0.0,,,,,,,
director-on-s33,director-on,33,11062272,0.81,,0.0,,,,,,,
director-on-s33,director-on,33,11092992,0.75,,0.0,,,,,,,
director-on-s33,director-on,33,11123712,0.81,,0.0,,,,,,,
director-on-s33,director-on,33,11154432,0.72,,0.0,,,,,,,
director-on-s33,director-on,33,11185152,0.75,,0.0,,,,,,,
director-on-s33,director-on,33,11215872,0.8,,0.0,,,,,,,
director-on-s33,director-on,33,11246592,0.79,,0.0,,,,,,,
director-on-s33,director-on,33,11277312,0.73,,0.0,,,,,,,
director-on-s33,director-on,33,11308032,0.78,,0.0,,,,,,,
director-on-s33,director-on,33,11338752,0.81,,0.0,,,,,,,
director-on-s33,director-on,33,11369472,0.78,,0.0,,,,,,,
director-on-s33,director-on,33,11400192,0.84,,0.0,,,,,,,
director-on-s33,director-on,33,11430912,0.79,,0.0,,,,,,,
director-on-s33,director-on,33,11461632,0.82,,0.0,,,,,,,
director-on-s33,director-on,33,11492352,0.85,,0.0,,,,,,,
director-on-s33,director-on,33,11523072,0.8,,0.0,,,,,,,
director-on-s33,director-on,33,11553792,0.85,,0.0,,,,,,,
director-on-s33,director-on,33,11584512,0.8,,0.0,,,,,,,
director-on-s33,director-on,33,11615232,0.87,,0.0,,,,,,,
director-on-s33,director-on,33,11645952,0.8,,0.0,,,,,,,
director-on-s33,director-on,33,11676672,0.77,,0.0,,,,,,,
director-on-s33,director-on,33,11707392,0.8,,0.0,,,,,,,
director-on-s33,director-on,33,11738112,0.86,,0.0,,,,,,,
director-on-s33,director-on,33,11768832,0.79,,0.0,,,,,,,
director-on-s33,director-on,33,11799552,0.86,,0.0,,,,,,,
director-on-s33,director-on,33,11830272,0.84,,0.0,,,,,,,
director-on-s33,director-on,33,11860992,0.85,,0.0,,,,,,,
director-on-s33,director-on,33,11891712,0.78,,0.0,,,,,,,
director-on-s33,director-on,33,11922432,0.88,,0.0,,,,,,,
director-on-s33,director-on,33,11953152,0.82,,0.0,,,,,,,
director-on-s33,director-on,33,11983872,0.8,,0.0,,,,,,,
director-on-s33,director-on,33,12014592,0.84,,0.0,,,,,,,
director-on-s33,director-on,33,12045312,0.83,,0.0,,,,,,,
director-on-s33,director-on,33,12076032,0.87,,0.0,,,,,,,
director-on-s33,director-on,33,12106752,0.82,,0.0,,,,,,,
director-on-s33,director-on,33,12137472,0.75,,0.0,,,,,,,
director-on-s33,director-on,33,12168192,0.83,,0.0,,,,,,,
director-on-s33,director-on,33,12198912,0.84,,0.0,,,,,,,
director-on-s33,director-on,33,12229632,0.79,,0.0,,,,,,,
director-on-s33,director-on,33,12260352,0.87,,0.0,,,,,,,
director-on-s33,director-on,33,12291072,0.81,,0.0,,,,,,,
director-on-s33,director-on,33,12321792,0.88,,0.0,,,,,,,
director-on-s33,director-on,33,12352512,0.86,,0.0,,,,,,,
director-on-s33,director-on,33,12383232,0.83,,0.0,,,,,,,
director-on-s33,director-on,33,12413952,0.84,,0.0,,,,,,,
director-on-s33,director-on,33,12444672,0.76,,0.0,,,,,,,
director-on-s33,director-on,33,12475392,0.77,,0.0,,,,,,,
director-on-s33,director-on,33,12506112,0.84,,0.0,,,,,,,
director-on-s33,director-on,33,12536832,0.84,,0.0,,,,,,,
director-on-s33,director-on,33,12567552,0.85,,0.0,,,,,,,
director-on-s33,director-on,33,12598272,0.87,,0.0,,,,,,,
director-on-s33,director-on,33,12628992,0.87,,0.0,,,,,,,
director-on-s33,director-on,33,12659712,0.81,,0.0,,,,,,,
director-on-s33,director-on,33,12690432,0.81,,0.0,,,,,,,
director-on-s33,director-on,33,12721152,0.79,,0.0,,,,,,,
director-on-s33,director-on,33,12751872,0.87,,0.0,,,,,,,
director-on-s33,director-on,33,12782592,0.83,,0.0,,,,,,,
director-on-s33,director-on,33,12813312,0.83,,0.0,,,,,,,
director-on-s33,director-on,33,12844032,0.78,,0.0,,,,,,,
director-on-s33,director-on,33,12874752,0.84,,0.0,,,,,,,
director-on-s33,director-on,33,12905472,0.84,,0.0,,,,,,,
director-on-s33,director-on,33,12936192,0.85,,0.0,,,,,,,
director-on-s33,director-on,33,12966912,0.85,,0.0,,,,,,,
director-on-s33,director-on,33,12997632,0.84,,0.0,,,,,,,
director-on-s33,director-on,33,13028352,0.85,,0.0,,,,,,,
director-on-s33,director-on,33,13059072,0.87,,0.0,,,,,,,
director-on-s33,director-on,33,13089792,0.83,,0.0,,,,,,,
director-on-s33,director-on,33,13120512,0.85,,0.0,,,,,,,
director-on-s33,director-on,33,13151232,0.89,,0.0,,,,,,,
director-on-s33,director-on,33,13181952,0.88,,0.0,,,,,,,
director-on-s33,director-on,33,13212672,0.89,,0.0,,,,,,,
director-on-s33,director-on,33,13243392,0.83,,0.0,,,,,,,
director-on-s33,director-on,33,13274112,0.88,,0.0,,,,,,,
director-on-s33,director-on,33,13304832,0.83,,0.0,,,,,,,
director-on-s33,director-on,33,13335552,0.76,,0.0,,,,,,,
director-on-s33,director-on,33,13366272,0.82,,0.0,,,,,,,
director-on-s33,director-on,33,13396992,0.86,,0.0,,,,,,,
director-on-s33,director-on,33,13427712,0.84,,0.0,,,,,,,
director-on-s33,director-on,33,13458432,0.86,,0.0,,,,,,,
director-on-s33,director-on,33,13489152,0.85,,0.0,,,,,,,
director-on-s33,director-on,33,13519872,0.89,,0.0,,,,,,,
director-on-s33,director-on,33,13550592,0.87,,0.0,,,,,,,
director-on-s33,director-on,33,13581312,0.86,,0.0,,,,,,,
director-on-s33,director-on,33,13612032,0.89,,0.0,,,,,,,
director-on-s33,director-on,33,13642752,0.89,,0.0,,,,,,,
director-on-s33,director-on,33,13673472,0.88,,0.0,,,,,,,
director-on-s33,director-on,33,13704192,0.86,,0.0,,,,,,,
director-on-s33,director-on,33,13734912,0.87,,0.0,,,,,,,
director-on-s33,director-on,33,13765632,0.88,,0.0,,,,,,,
director-on-s33,director-on,33,13796352,0.87,,0.0,,,,,,,
director-on-s33,director-on,33,13827072,0.87,,0.0,,,,,,,
director-on-s33,director-on,33,13857792,0.88,,0.0,,,,,,,
director-on-s33,director-on,33,13888512,0.89,,0.0,,,,,,,
director-on-s33,director-on,33,13919232,0.83,,0.0,,,,,,,
director-on-s33,director-on,33,13949952,0.87,,0.0,,,,,,,
director-on-s33,director-on,33,13980672,0.9,,0.0,,,,,,,
director-on-s33,director-on,33,14011392,0.84,,0.0,,,,,,,
director-on-s33,director-on,33,14042112,0.88,,0.0,,,,,,,
director-on-s33,director-on,33,14072832,0.91,,0.0,,,,,,,
director-on-s33,director-on,33,14103552,0.91,,0.0,,,,,,,
director-on-s33,director-on,33,14134272,0.86,,0.0,,,,,,,
director-on-s33,director-on,33,14164992,0.88,,0.0,,,,,,,
director-on-s33,director-on,33,14195712,0.92,,0.0,,,,,,,
director-on-s33,director-on,33,14226432,0.89,,0.0,,,,,,,
director-on-s33,director-on,33,14257152,0.89,,0.0,,,,,,,
director-on-s33,director-on,33,14287872,0.91,,0.0,,,,,,,
director-on-s33,director-on,33,14318592,0.9,,0.0,,,,,,,
director-on-s33,director-on,33,14349312,0.89,,0.0,,,,,,,
director-on-s33,director-on,33,14380032,0.87,,0.0,,,,,,,
director-on-s33,director-on,33,14410752,0.9,,0.0,,,,,,,
director-on-s33,director-on,33,14441472,0.87,,0.0,,,,,,,
director-on-s33,director-on,33,14472192,0.9,,0.0,,,,,,,
director-on-s33,director-on,33,14502912,0.91,,0.0,,,,,,,
director-on-s33,director-on,33,14533632,0.88,,0.0,,,,,,,
director-on-s33,director-on,33,14564352,0.87,,0.0,,,,,,,
director-on-s33,director-on,33,14595072,0.95,,0.0,,,,,,,
director-on-s33,director-on,33,14625792,0.93,,0.0,,,,,,,
director-on-s33,director-on,33,14656512,0.87,,0.0,,,,,,,
director-on-s33,director-on,33,14687232,0.91,,0.0,,,,,,,
director-on-s33,director-on,33,14717952,0.85,,0.0,,,,,,,
director-on-s33,director-on,33,14748672,0.92,,0.0,,,,,,,
director-on-s33,director-on,33,14779392,0.94,,0.0,,,,,,,
director-on-s33,director-on,33,14810112,0.83,,0.0,,,,,,,
director-on-s33,director-on,33,14840832,0.87,,0.0,,,,,,,
director-on-s33,director-on,33,14871552,0.86,,0.0,,,,,,,
director-on-s33,director-on,33,14902272,0.98,,0.0,,,,,,,
director-on-s33,director-on,33,14932992,0.96,,0.0,,,,,,,
director-on-s33,director-on,33,14963712,0.86,,0.0,,,,,,,
director-on-s33,director-on,33,14994432,0.89,,0.0,,,,,,,
director-on-s33,director-on,33,14997504,0.88,,0.0,,,,,,,
director-off-s31,director-off,31,3072,0.0,,-1.0,,,,,,,
director-off-s31,director-off,31,33792,0.0,,-1.0,,,,,,,
director-off-s31,director-off,31,64512,0.0,,-1.0,,,,,,,
director-off-s31,director-off,31,95232,0.01,,-1.0,,,,,,,
director-off-s31,director-off,31,125952,0.0,,-1.0,,,,,,,
director-off-s31,director-off,31,156672,0.01,,-1.0,,,,,,,
director-off-s31,director-off,31,187392,0.02,,-1.0,,,,,,,
director-off-s31,director-off,31,218112,0.02,,-1.0,,,,,,,
director-off-s31,director-off,31,248832,0.02,,-1.0,,,,,,,
director-off-s31,director-off,31,279552,0.0,,-1.0,,,,,,,
director-off-s31,director-off,31,310272,0.03,,-1.0,,,,,,,
director-off-s31,director-off,31,340992,0.02,,-1.0,,,,,,,
director-off-s31,director-off,31,371712,0.06,,-1.0,,,,,,,
director-off-s31,director-off,31,402432,0.08,,-1.0,,,,,,,
director-off-s31,director-off,31,433152,0.02,,-1.0,,,,,,,
director-off-s31,director-off,31,463872,0.02,,-1.0,,,,,,,
director-off-s31,director-off,31,494592,0.03,,-1.0,,,,,,,
director-off-s31,director-off,31,525312,0.01,,-1.0,,,,,,,
director-off-s31,director-off,31,556032,0.05,,-1.0,,,,,,,
director-off-s31,director-off,31,586752,0.01,,-1.0,,,,,,,
director-off-s31,director-off,31,617472,0.02,,-1.0,,,,,,,
director-off-s31,director-off,31,648192,0.01,,-1.0,,,,,,,
director-off-s31,director-off,31,678912,0.06,,-1.0,,,,,,,
director-off-s31,director-off,31,709632,0.03,,-1.0,,,,,,,
director-off-s31,director-off,31,740352,0.01,,-1.0,,,,,,,
director-off-s31,director-off,31,771072,0.01,,-1.0,,,,,,,
director-off-s31,director-off,31,801792,0.01,,-1.0,,,,,,,
director-off-s31,director-off,31,832512,0.05,,-1.0,,,,,,,
director-off-s31,director-off,31,863232,0.03,,-1.0,,,,,,,
director-off-s31,director-off,31,893952,0.05,,-1.0,,,,,,,
director-off-s31,director-off,31,924672,0.05,,-1.0,,,,,,,
director-off-s31,director-off,31,955392,0.02,,-1.0,,,,,,,
director-off-s31,director-off,31,986112,0.04,,-1.0,,,,,,,
director-off-s31,director-off,31,1016832,0.04,,-1.0,,,,,,,
director-off-s31,director-off,31,1047552,0.04,,-1.0,,,,,,,
director-off-s31,director-off,31,1078272,0.05,,-1.0,,,,,,,
director-off-s31,director-off,31,1108992,0.06,,-1.0,,,,,,,
director-off-s31,director-off,31,1139712,0.04,,-1.0,,,,,,,
director-off-s31,director-off,31,1170432,0.02,,-1.0,,,,,,,
director-off-s31,director-off,31,1201152,0.03,,-1.0,,,,,,,
director-off-s31,director-off,31,1231872,0.03,,-1.0,,,,,,,
director-off-s31,director-off,31,1262592,0.03,,-1.0,,,,,,,
director-off-s31,director-off,31,1293312,0.03,,-1.0,,,,,,,
director-off-s31,director-off,31,1324032,0.04,,-1.0,,,,,,,
director-off-s31,director-off,31,1354752,0.12,,-1.0,,,,,,,
director-off-s31,director-off,31,1385472,0.03,,-1.0,,,,,,,
director-off-s31,director-off,31,1416192,0.05,,-1.0,,,,,,,
director-off-s31,director-off,31,1446912,0.07,,-1.0,,,,,,,
director-off-s31,director-off,31,1477632,0.06,,-1.0,,,,,,,
director-off-s31,director-off,31,1508352,0.09,,-1.0,,,,,,,
director-off-s31,director-off,31,1539072,0.05,,-1.0,,,,,,,
director-off-s31,director-off,31,1569792,0.06,,-1.0,,,,,,,
director-off-s31,director-off,31,1600512,0.07,,-1.0,,,,,,,
director-off-s31,director-off,31,1631232,0.03,,-1.0,,,,,,,
director-off-s31,director-off,31,1661952,0.06,,-1.0,,,,,,,
director-off-s31,director-off,31,1692672,0.03,,-1.0,,,,,,,
director-off-s31,director-off,31,1723392,0.07,,-1.0,,,,,,,
director-off-s31,director-off,31,1754112,0.05,,-1.0,,,,,,,
director-off-s31,director-off,31,1784832,0.05,,-1.0,,,,,,,
director-off-s31,director-off,31,1815552,0.11,,-1.0,,,,,,,
director-off-s31,director-off,31,1846272,0.05,,-1.0,,,,,,,
director-off-s31,director-off,31,1876992,0.09,,-1.0,,,,,,,
director-off-s31,director-off,31,1907712,0.06,,-1.0,,,,,,,
director-off-s31,director-off,31,1938432,0.06,,-1.0,,,,,,,
director-off-s31,director-off,31,1969152,0.06,,-1.0,,,,,,,
director-off-s31,director-off,31,1999872,0.06,,-1.0,,,,,,,
director-off-s31,director-off,31,2030592,0.05,,-1.0,,,,,,,
director-off-s31,director-off,31,2061312,0.09,,-1.0,,,,,,,
director-off-s31,director-off,31,2092032,0.08,,-1.0,,,,,,,
director-off-s31,director-off,31,2122752,0.07,,-1.0,,,,,,,
director-off-s31,director-off,31,2153472,0.03,,-1.0,,,,,,,
director-off-s31,director-off,31,2184192,0.05,,-1.0,,,,,,,
director-off-s31,director-off,31,2214912,0.07,,-1.0,,,,,,,
director-off-s31,director-off,31,2245632,0.1,,-1.0,,,,,,,
director-off-s31,director-off,31,2276352,0.05,,-1.0,,,,,,,
director-off-s31,director-off,31,2307072,0.07,,-1.0,,,,,,,
director-off-s31,director-off,31,2337792,0.11,,-1.0,,,,,,,
director-off-s31,director-off,31,2368512,0.12,,-1.0,,,,,,,
director-off-s31,director-off,31,2399232,0.13,,-1.0,,,,,,,
director-off-s31,director-off,31,2429952,0.06,,-1.0,,,,,,,
director-off-s31,director-off,31,2460672,0.09,,-1.0,,,,,,,
director-off-s31,director-off,31,2491392,0.12,,-1.0,,,,,,,
director-off-s31,director-off,31,2522112,0.09,,-1.0,,,,,,,
director-off-s31,director-off,31,2552832,0.15,,-1.0,,,,,,,
director-off-s31,director-off,31,2583552,0.11,,-1.0,,,,,,,
director-off-s31,director-off,31,2614272,0.13,,-1.0,,,,,,,
director-off-s31,director-off,31,2644992,0.08,,-1.0,,,,,,,
director-off-s31,director-off,31,2675712,0.12,,-1.0,,,,,,,
director-off-s31,director-off,31,2706432,0.07,,-1.0,,,,,,,
director-off-s31,director-off,31,2737152,0.1,,-1.0,,,,,,,
director-off-s31,director-off,31,2767872,0.13,,-1.0,,,,,,,
director-off-s31,director-off,31,2798592,0.06,,-1.0,,,,,,,
director-off-s31,director-off,31,2829312,0.12,,-1.0,,,,,,,
director-off-s31,director-off,31,2860032,0.08,,-1.0,,,,,,,
director-off-s31,director-off,31,2890752,0.16,,-1.0,,,,,,,
director-off-s31,director-off,31,2921472,0.14,,-1.0,,,,,,,
director-off-s31,director-off,31,2952192,0.09,,-1.0,,,,,,,
director-off-s31,director-off,31,2982912,0.06,,-1.0,,,,,,,
director-off-s31,director-off,31,3013632,0.13,,-1.0,,,,,,,
director-off-s31,director-off,31,3044352,0.14,,-1.0,,,,,,,
director-off-s31,director-off,31,3075072,0.18,,-1.0,,,,,,,
director-off-s31,director-off,31,3105792,0.1,,-1.0,,,,,,,
director-off-s31,director-off,31,3136512,0.14,,-1.0,,,,,,,
director-off-s31,director-off,31,3167232,0.09,,-1.0,,,,,,,
director-off-s31,director-off,31,3197952,0.1,,-1.0,,,,,,,
director-off-s31,director-off,31,3228672,0.11,,-1.0,,,,,,,
director-off-s31,director-off,31,3259392,0.18,,-1.0,,,,,,,
director-off-s31,director-off,31,3290112,0.1,,-1.0,,,,,,,
director-off-s31,director-off,31,3320832,0.15,,-1.0,,,,,,,
director-off-s31,director-off,31,3351552,0.16,,-1.0,,,,,,,
director-off-s31,director-off,31,3382272,0.18,,-1.0,,,,,,,
director-off-s31,director-off,31,3412992,0.17,,-1.0,,,,,,,
director-off-s31,director-off,31,3443712,0.2,,-1.0,,,,,,,
director-off-s31,director-off,31,3474432,0.18,,-1.0,,,,,,,
director-off-s31,director-off,31,3505152,0.18,,-1.0,,,,,,,
director-off-s31,director-off,31,3535872,0.14,,-1.0,,,,,,,
director-off-s31,director-off,31,3566592,0.19,,-1.0,,,,,,,
director-off-s31,director-off,31,3597312,0.2,,-1.0,,,,,,,
director-off-s31,director-off,31,3628032,0.09,,-1.0,,,,,,,
director-off-s31,director-off,31,3658752,0.23,,-1.0,,,,,,,
director-off-s31,director-off,31,3689472,0.12,,-1.0,,,,,,,
director-off-s31,director-off,31,3720192,0.17,,-1.0,,,,,,,
director-off-s31,director-off,31,3750912,0.17,,-1.0,,,,,,,
director-off-s31,director-off,31,3781632,0.13,,-1.0,,,,,,,
director-off-s31,director-off,31,3812352,0.19,,-1.0,,,,,,,
director-off-s31,director-off,31,3843072,0.19,,-1.0,,,,,,,
director-off-s31,director-off,31,3873792,0.22,,-1.0,,,,,,,
director-off-s31,director-off,31,3904512,0.23,,-1.0,,,,,,,
director-off-s31,director-off,31,3935232,0.19,,-1.0,,,,,,,
director-off-s31,director-off,31,3965952,0.2,,-1.0,,,,,,,
director-off-s31,director-off,31,3996672,0.22,,-1.0,,,,,,,
director-off-s31,director-off,31,4027392,0.26,,-1.0,,,,,,,
director-off-s31,director-off,31,4058112,0.31,,-1.0,,,,,,,
director-off-s31,director-off,31,4088832,0.2,,-1.0,,,,,,,
director-off-s31,director-off,31,4119552,0.25,,-1.0,,,,,,,
director-off-s31,director-off,31,4150272,0.15,,-1.0,,,,,,,
director-off-s31,director-off,31,4180992,0.21,,-1.0,,,,,,,
director-off-s31,director-off,31,4211712,0.17,,-1.0,,,,,,,
director-off-s31,director-off,31,4242432,0.24,,-1.0,,,,,,,
director-off-s31,director-off,31,4273152,0.18,,-1.0,,,,,,,
director-off-s31,director-off,31,4303872,0.24,,-1.0,,,,,,,
director-off-s31,director-off,31,4334592,0.27,,-1.0,,,,,,,
director-off-s31,director-off,31,4365312,0.31,,-1.0,,,,,,,
director-off-s31,director-off,31,4396032,0.26,,-1.0,,,,,,,
director-off-s31,director-off,31,4426752,0.24,,-1.0,,,,,,,
director-off-s31,director-off,31,4457472,0.27,,-1.0,,,,,,,
director-off-s31,director-off,31,4488192,0.32,,-1.0,,,,,,,
director-off-s31,director-off,31,4518912,0.25,,-1.0,,,,,,,
director-off-s31,director-off,31,4549632,0.3,,-1.0,,,,,,,
director-off-s31,director-off,31,4580352,0.27,,-1.0,,,,,,,
director-off-s31,director-off,31,4611072,0.29,,-1.0,,,,,,,
director-off-s31,director-off,31,4641792,0.4,,-1.0,,,,,,,
director-off-s31,director-off,31,4672512,0.37,,-1.0,,,,,,,
director-off-s31,director-off,31,4703232,0.26,,-1.0,,,,,,,
director-off-s31,director-off,31,4733952,0.37,,-1.0,,,,,,,
director-off-s31,director-off,31,4764672,0.29,,-1.0,,,,,,,
director-off-s31,director-off,31,4795392,0.26,,-1.0,,,,,,,
director-off-s31,director-off,31,4826112,0.32,,-1.0,,,,,,,
director-off-s31,director-off,31,4856832,0.34,,-1.0,,,,,,,
director-off-s31,director-off,31,4887552,0.38,,-1.0,,,,,,,
director-off-s31,director-off,31,4918272,0.35,,-1.0,,,,,,,
director-off-s31,director-off,31,4948992,0.4,,-1.0,,,,,,,
director-off-s31,director-off,31,4979712,0.28,,-1.0,,,,,,,
director-off-s31,director-off,31,5010432,0.3,,-1.0,,,,,,,
director-off-s31,director-off,31,5041152,0.28,,-1.0,,,,,,,
director-off-s31,director-off,31,5071872,0.34,,-1.0,,,,,,,
director-off-s31,director-off,31,5102592,0.34,,-1.0,,,,,,,
director-off-s31,director-off,31,5133312,0.35,,-1.0,,,,,,,
director-off-s31,director-off,31,5164032,0.34,,-1.0,,,,,,,
director-off-s31,director-off,31,5194752,0.39,,-1.0,,,,,,,
director-off-s31,director-off,31,5225472,0.32,,-1.0,,,,,,,
director-off-s31,director-off,31,5256192,0.4,,-1.0,,,,,,,
director-off-s31,director-off,31,5286912,0.38,,-1.0,,,,,,,
director-off-s31,director-off,31,5317632,0.33,,-1.0,,,,,,,
director-off-s31,director-off,31,5348352,0.41,,-1.0,,,,,,,
director-off-s31,director-off,31,5379072,0.42,,-1.0,,,,,,,
director-off-s31,director-off,31,5409792,0.43,,-1.0,,,,,,,
director-off-s31,director-off,31,5440512,0.4,,-1.0,,,,,,,
director-off-s31,director-off,31,5471232,0.4,,-1.0,,,,,,,
director-off-s31,director-off,31,5501952,0.41,,-1.0,,,,,,,
director-off-s31,director-off,31,5532672,0.38,,-1.0,,,,,,,
director-off-s31,director-off,31,5563392,0.45,,-1.0,,,,,,,
director-off-s31,director-off,31,5594112,0.4,,-1.0,,,,,,,
director-off-s31,director-off,31,5624832,0.45,,-1.0,,,,,,,
director-off-s31,director-off,31,5655552,0.44,,-1.0,,,,,,,
director-off-s31,director-off,31,5686272,0.52,,-1.0,,,,,,,
director-off-s31,director-off,31,5716992,0.38,,-1.0,,,,,,,
director-off-s31,director-off,31,5747712,0.4,,-1.0,,,,,,,
director-off-s31,director-off,31,5778432,0.41,,-1.0,,,,,,,
director-off-s31,director-off,31,5809152,0.44,,-1.0,,,,,,,
director-off-s31,director-off,31,5839872,0.43,,-1.0,,,,,,,
director-off-s31,director-off,31,5870592,0.41,,-1.0,,,,,,,
director-off-s31,director-off,31,5901312,0.42,,-1.0,,,,,,,
director-off-s31,director-off,31,5932032,0.42,,-1.0,,,,,,,
director-off-s31,director-off,31,5962752,0.4,,-1.0,,,,,,,
director-off-s31,director-off,31,5993472,0.47,,-1.0,,,,,,,
director-off-s31,director-off,31,6024192,0.39,,-1.0,,,,,,,
director-off-s31,director-off,31,6054912,0.5,,-1.0,,,,,,,
director-off-s31,director-off,31,6085632,0.5,,-1.0,,,,,,,
director-off-s31,director-off,31,6116352,0.44,,-1.0,,,,,,,
director-off-s31,director-off,31,6147072,0.44,,-1.0,,,,,,,
director-off-s31,director-off,31,6177792,0.43,,-1.0,,,,,,,
director-off-s31,director-off,31,6208512,0.44,,-1.0,,,,,,,
director-off-s31,director-off,31,6239232,0.45,,-1.0,,,,,,,
director-off-s31,director-off,31,6269952,0.45,,-1.0,,,,,,,
director-off-s31,director-off,31,6300672,0.59,,-1.0,,,,,,,
director-off-s31,director-off,31,6331392,0.48,,-1.0,,,,,,,
director-off-s31,director-off,31,6362112,0.62,,-1.0,,,,,,,
director-off-s31,director-off,31,6392832,0.51,,-1.0,,,,,,,
director-off-s31,director-off,31,6423552,0.44,,-1.0,,,,,,,
director-off-s31,director-off,31,6454272,0.46,,-1.0,,,,,,,
director-off-s31,director-off,31,6484992,0.43,,-1.0,,,,,,,
director-off-s31,director-off,31,6515712,0.39,,-1.0,,,,,,,
director-off-s31,director-off,31,6546432,0.45,,-1.0,,,,,,,
director-off-s31,director-off,31,6577152,0.5,,-1.0,,,,,,,
director-off-s31,director-off,31,6607872,0.6,,-1.0,,,,,,,
director-off-s31,director-off,31,6638592,0.47,,-1.0,,,,,,,
director-off-s31,director-off,31,6669312,0.5,,-1.0,,,,,,,
director-off-s31,director-off,31,6700032,0.56,,-1.0,,,,,,,
director-off-s31,director-off,31,6730752,0.52,,-1.0,,,,,,,
director-off-s31,director-off,31,6761472,0.58,,-1.0,,,,,,,
director-off-s31,director-off,31,6792192,0.55,,-1.0,,,,,,,
director-off-s31,director-off,31,6822912,0.43,,-1.0,,,,,,,
director-off-s31,director-off,31,6853632,0.53,,-1.0,,,,,,,
director-off-s31,director-off,31,6884352,0.54,,-1.0,,,,,,,
director-off-s31,director-off,31,6915072,0.44,,-1.0,,,,,,,
director-off-s31,director-off,31,6945792,0.53,,-1.0,,,,,,,
director-off-s31,director-off,31,6976512,0.5,,-1.0,,,,,,,
director-off-s31,director-off,31,7007232,0.48,,-1.0,,,,,,,
director-off-s31,director-off,31,7037952,0.46,,-1.0,,,,,,,
director-off-s31,director-off,31,7068672,0.5,,-1.0,,,,,,,
director-off-s31,director-off,31,7099392,0.48,,-1.0,,,,,,,
director-off-s31,director-off,31,7130112,0.51,,-1.0,,,,,,,
director-off-s31,director-off,31,7160832,0.51,,-1.0,,,,,,,
director-off-s31,director-off,31,7191552,0.53,,-1.0,,,,,,,
director-off-s31,director-off,31,7222272,0.65,,-1.0,,,,,,,
director-off-s31,director-off,31,7252992,0.53,,-1.0,,,,,,,
director-off-s31,director-off,31,7283712,0.52,,-1.0,,,,,,,
director-off-s31,director-off,31,7314432,0.49,,-1.0,,,,,,,
director-off-s31,director-off,31,7345152,0.57,,-1.0,,,,,,,
director-off-s31,director-off,31,7375872,0.57,,-1.0,,,,,,,
director-off-s31,director-off,31,7406592,0.63,,-1.0,,,,,,,
director-off-s31,director-off,31,7437312,0.55,,-1.0,,,,,,,
director-off-s31,director-off,31,7468032,0.54,,-1.0,,,,,,,
director-off-s31,director-off,31,7498752,0.54,,-1.0,,,,,,,
director-off-s31,director-off,31,7529472,0.57,,-1.0,,,,,,,
director-off-s31,director-off,31,7560192,0.61,,-1.0,,,,,,,
director-off-s31,director-off,31,7590912,0.58,,-1.0,,,,,,,
director-off-s31,director-off,31,7621632,0.57,,-1.0,,,,,,,
director-off-s31,director-off,31,7652352,0.55,,-1.0,,,,,,,
director-off-s31,director-off,31,7683072,0.63,,-1.0,,,,,,,
director-off-s31,director-off,31,7713792,0.58,,-1.0,,,,,,,
director-off-s31,director-off,31,7744512,0.54,,-1.0,,,,,,,
director-off-s31,director-off,31,7775232,0.52,,-1.0,,,,,,,
director-off-s31,director-off,31,7805952,0.52,,-1.0,,,,,,,
director-off-s31,director-off,31,7836672,0.49,,-1.0,,,,,,,
director-off-s31,director-off,31,7867392,0.63,,-1.0,,,,,,,
director-off-s31,director-off,31,7898112,0.66,,-1.0,,,,,,,
director-off-s31,director-off,31,7928832,0.54,,-1.0,,,,,,,
director-off-s31,director-off,31,7959552,0.56,,-1.0,,,,,,,
director-off-s31,director-off,31,7990272,0.61,,-1.0,,,,,,,
director-off-s31,director-off,31,8020992,0.59,,-1.0,,,,,,,
director-off-s31,director-off,31,8051712,0.61,,-1.0,,,,,,,
director-off-s31,director-off,31,8082432,0.63,,-1.0,,,,,,,
director-off-s31,director-off,31,8113152,0.65,,-1.0,,,,,,,
director-off-s31,director-off,31,8143872,0.61,,-1.0,,,,,,,
director-off-s31,director-off,31,8174592,0.57,,-1.0,,,,,,,
director-off-s31,director-off,31,8205312,0.62,,-1.0,,,,,,,
director-off-s31,director-off,31,8236032,0.62,,-1.0,,,,,,,
director-off-s31,director-off,31,8266752,0.64,,-1.0,,,,,,,
director-off-s31,director-off,31,8297472,0.63,,-1.0,,,,,,,
director-off-s31,director-off,31,8328192,0.54,,-1.0,,,,,,,
director-off-s31,director-off,31,8358912,0.5,,-1.0,,,,,,,
director-off-s31,director-off,31,8389632,0.61,,-1.0,,,,,,,
director-off-s31,director-off,31,8420352,0.62,,-1.0,,,,,,,
director-off-s31,director-off,31,8451072,0.63,,-1.0,,,,,,,
director-off-s31,director-off,31,8481792,0.67,,-1.0,,,,,,,
director-off-s31,director-off,31,8512512,0.59,,-1.0,,,,,,,
director-off-s31,director-off,31,8543232,0.56,,-1.0,,,,,,,
director-off-s31,director-off,31,8573952,0.64,,-1.0,,,,,,,
director-off-s31,director-off,31,8604672,0.66,,-1.0,,,,,,,
director-off-s31,director-off,31,8635392,0.66,,-1.0,,,,,,,
director-off-s31,director-off,31,8666112,0.6,,-1.0,,,,,,,
director-off-s31,director-off,31,8696832,0.64,,-1.0,,,,,,,
director-off-s31,director-off,31,8727552,0.57,,-1.0,,,,,,,
director-off-s31,director-off,31,8758272,0.69,,-1.0,,,,,,,
director-off-s31,director-off,31,8788992,0.61,,-1.0,,,,,,,
director-off-s31,director-off,31,8819712,0.72,,-1.0,,,,,,,
director-off-s31,director-off,31,8850432,0.66,,-1.0,,,,,,,
director-off-s31,director-off,31,8881152,0.67,,-1.0,,,,,,,
director-off-s31,director-off,31,8911872,0.68,,-1.0,,,,,,,
director-off-s31,director-off,31,8942592,0.65,,-1.0,,,,,,,
director-off-s31,director-off,31,8973312,0.66,,-1.0,,,,,,,
director-off-s31,director-off,31,9004032,0.63,,-1.0,,,,,,,
director-off-s31,director-off,31,9034752,0.7,,-1.0,,,,,,,
director-off-s31,director-off,31,9065472,0.63,,-1.0,,,,,,,
director-off-s31,director-off,31,9096192,0.57,,-1.0,,,,,,,
director-off-s31,director-off,31,9126912,0.63,,-1.0,,,,,,,
director-off-s31,director-off,31,9157632,0.64,,-1.0,,,,,,,
director-off-s31,director-off,31,9188352,0.67,,-1.0,,,,,,,
director-off-s31,director-off,31,9219072,0.76,,-1.0,,,,,,,
director-off-s31,director-off,31,9249792,0.74,,-1.0,,,,,,,
director-off-s31,director-off,31,9280512,0.6,,-1.0,,,,,,,
director-off-s31,director-off,31,9311232,0.69,,-1.0,,,,,,,
director-off-s31,director-off,31,9341952,0.72,,-1.0,,,,,,,
director-off-s31,director-off,31,9372672,0.74,,-1.0,,,,,,,
director-off-s31,director-off,31,9403392,0.69,,-1.0,,,,,,,
director-off-s31,director-off,31,9434112,0.68,,-1.0,,,,,,,
director-off-s31,director-off,31,9464832,0.7,,-1.0,,,,,,,
director-off-s31,director-off,31,9495552,0.72,,-1.0,,,,,,,
director-off-s31,director-off,31,9526272,0.68,,-1.0,,,,,,,
director-off-s31,director-off,31,9556992,0.68,,-1.0,,,,,,,
director-off-s31,director-off,31,9587712,0.79,,-1.0,,,,,,,
director-off-s31,director-off,31,9618432,0.76,,-1.0,,,,,,,
director-off-s31,director-off,31,9649152,0.67,,-1.0,,,,,,,
director-off-s31,director-off,31,9679872,0.74,,-1.0,,,,,,,
director-off-s31,director-off,31,9710592,0.71,,-1.0,,,,,,,
director-off-s31,director-off,31,9741312,0.74,,-1.0,,,,,,,
director-off-s31,director-off,31,9772032,0.71,,-1.0,,,,,,,
director-off-s31,director-off,31,9802752,0.66,,-1.0,,,,,,,
director-off-s31,director-off,31,9833472,0.7,,-1.0,,,,,,,
director-off-s31,director-off,31,9864192,0.67,,-1.0,,,,,,,
director-off-s31,director-off,31,9894912,0.67,,-1.0,,,,,,,
director-off-s31,director-off,31,9925632,0.66,,-1.0,,,,,,,
director-off-s31,director-off,31,9956352,0.76,,-1.0,,,,,,,
director-off-s31,director-off,31,9987072,0.78,,-1.0,,,,,,,
director-off-s31,director-off,31,10017792,0.75,,-1.0,,,,,,,
director-off-s31,director-off,31,10048512,0.66,,-1.0,,,,,,,
director-off-s31,director-off,31,10079232,0.78,,-1.0,,,,,,,
director-off-s31,director-off,31,10109952,0.72,,-1.0,,,,,,,
director-off-s31,director-off,31,10140672,0.71,,-1.0,,,,,,,
director-off-s31,director-off,31,10171392,0.74,,-1.0,,,,,,,
director-off-s31,director-off,31,10202112,0.77,,-1.0,,,,,,,
director-off-s31,director-off,31,10232832,0.63,,-1.0,,,,,,,
director-off-s31,director-off,31,10263552,0.68,,-1.0,,,,,,,
director-off-s31,director-off,31,10294272,0.69,,-1.0,,,,,,,
director-off-s31,director-off,31,10324992,0.77,,-1.0,,,,,,,
director-off-s31,director-off,31,10355712,0.78,,-1.0,,,,,,,
director-off-s31,director-off,31,10386432,0.71,,-1.0,,,,,,,
director-off-s31,director-off,31,10417152,0.77,,-1.0,,,,,,,
director-off-s31,director-off,31,10447872,0.7,,-1.0,,,,,,,
director-off-s31,director-off,31,10478592,0.69,,-1.0,,,,,,,
director-off-s31,director-off,31,10509312,0.78,,-1.0,,,,,,,
director-off-s31,director-off,31,10540032,0.79,,-1.0,,,,,,,
director-off-s31,director-off,31,10570752,0.7,,-1.0,,,,,,,
director-off-s31,director-off,31,10601472,0.78,,-1.0,,,,,,,
director-off-s31,director-off,31,10632192,0.77,,-1.0,,,,,,,
director-off-s31,director-off,31,10662912,0.71,,-1.0,,,,,,,
director-off-s31,director-off,31,10693632,0.81,,-1.0,,,,,,,
director-off-s31,director-off,31,10724352,0.75,,-1.0,,,,,,,
director-off-s31,director-off,31,10755072,0.67,,-1.0,,,,,,,
director-off-s31,director-off,31,10785792,0.79,,-1.0,,,,,,,
director-off-s31,director-off,31,10816512,0.74,,-1.0,,,,,,,
director-off-s31,director-off,31,10847232,0.73,,-1.0,,,,,,,
director-off-s31,director-off,31,10877952,0.71,,-1.0,,,,,,,
director-off-s31,director-off,31,10908672,0.82,,-1.0,,,,,,,
director-off-s31,director-off,31,10939392,0.7,,-1.0,,,,,,,
director-off-s31,director-off,31,10970112,0.83,,-1.0,,,,,,,
director-off-s31,director-off,31,11000832,0.78,,-1.0,,,,,,,
director-off-s31,director-off,31,11031552,0.74,,-1.0,,,,,,,
director-off-s31,director-off,31,11062272,0.84,,-1.0,,,,,,,
director-off-s31,director-off,31,11092992,0.77,,-1.0,,,,,,,
director-off-s31,director-off,31,11123712,0.7,,-1.0,,,,,,,
director-off-s31,director-off,31,11154432,0.73,,-1.0,,,,,,,
director-off-s31,director-off,31,11185152,0.66,,-1.0,,,,,,,
director-off-s31,director-off,31,11215872,0.77,,-1.0,,,,,,,
director-off-s31,director-off,31,11246592,0.7,,-1.0,,,,,,,
director-off-s31,director-off,31,11277312,0.74,,-1.0,,,,,,,
director-off-s31,director-off,31,11308032,0.78,,-1.0,,,,,,,
director-off-s31,director-off,31,11338752,0.78,,-1.0,,,,,,,
director-off-s31,director-off,31,11369472,0.78,,-1.0,,,,,,,
director-off-s31,director-off,31,11400192,0.75,,-1.0,,,,,,,
director-off-s31,director-off,31,11430912,0.8,,-1.0,,,,,,,
director-off-s31,director-off,31,11461632,0.83,,-1.0,,,,,,,
director-off-s31,director-off,31,11492352,0.79,,-1.0,,,,,,,
director-off-s31,director-off,31,11523072,0.74,,-1.0,,,,,,,
director-off-s31,director-off,31,11553792,0.8,,-1.0,,,,,,,
director-off-s31,director-off,31,11584512,0.81,,-1.0,,,,,,,
director-off-s31,director-off,31,11615232,0.82,,-1.0,,,,,,,
director-off-s31,director-off,31,11645952,0.79,,-1.0,,,,,,,
director-off-s31,director-off,31,11676672,0.82,,-1.0,,,,,,,
director-off-s31,director-off,31,11707392,0.77,,-1.0,,,,,,,
director-off-s31,director-off,31,11738112,0.79,,-1.0,,,,,,,
director-off-s31,director-off,31,11768832,0.86,,-1.0,,,,,,,
director-off-s31,director-off,31,11799552,0.75,,-1.0,,,,,,,
director-off-s31,director-off,31,11830272,0.79,,-1.0,,,,,,,
director-off-s31,director-off,31,11860992,0.8,,-1.0,,,,,,,
director-off-s31,director-off,31,11891712,0.8,,-1.0,,,,,,,
director-off-s31,director-off,31,11922432,0.86,,-1.0,,,,,,,
director-off-s31,director-off,31,11953152,0.82,,-1.0,,,,,,,
director-off-s31,director-off,31,11983872,0.78,,-1.0,,,,,,,
director-off-s31,director-off,31,12014592,0.87,,-1.0,,,,,,,
director-off-s31,director-off,31,12045312,0.82,,-1.0,,,,,,,
director-off-s31,director-off,31,12076032,0.69,,-1.0,,,,,,,
director-off-s31,director-off,31,12106752,0.86,,-1.0,,,,,,,
director-off-s31,director-off,31,12137472,0.79,,-1.0,,,,,,,
director-off-s31,director-off,31,12168192,0.85,,-1.0,,,,,,,
director-off-s31,director-off,31,12198912,0.75,,-1.0,,,,,,,
director-off-s31,director-off,31,12229632,0.85,,-1.0,,,,,,,
director-off-s31,director-off,31,12260352,0.72,,-1.0,,,,,,,
director-off-s31,director-off,31,12291072,0.87,,-1.0,,,,,,,
director-off-s31,director-off,31,12321792,0.85,,-1.0,,,,,,,
director-off-s31,director-off,31,12352512,0.75,,-1.0,,,,,,,
director-off-s31,director-off,31,12383232,0.82,,-1.0,,,,,,,
director-off-s31,director-off,31,12413952,0.85,,-1.0,,,,,,,
director-off-s31,director-off,31,12444672,0.85,,-1.0,,,,,,,
director-off-s31,director-off,31,12475392,0.8,,-1.0,,,,,,,
director-off-s31,director-off,31,12506112,0.78,,-1.0,,,,,,,
director-off-s31,director-off,31,12536832,0.8,,-1.0,,,,,,,
director-off-s31,director-off,31,12567552,0.85,,-1.0,,,,,,,
director-off-s31,director-off,31,12598272,0.83,,-1.0,,,,,,,
director-off-s31,director-off,31,12628992,0.85,,-1.0,,,,,,,
director-off-s31,director-off,31,12659712,0.75,,-1.0,,,,,,,
director-off-s31,director-off,31,12690432,0.75,,-1.0,,,,,,,
director-off-s31,director-off,31,12721152,0.84,,-1.0,,,,,,,
director-off-s31,director-off,31,12751872,0.86,,-1.0,,,,,,,
director-off-s31,director-off,31,12782592,0.83,,-1.0,,,,,,,
director-off-s31,director-off,31,12813312,0.86,,-1.0,,,,,,,
director-off-s31,director-off,31,12844032,0.91,,-1.0,,,,,,,
director-off-s31,director-off,31,12874752,0.9,,-1.0,,,,,,,
director-off-s31,director-off,31,12905472,0.89,,-1.0,,,,,,,
director-off-s31,director-off,31,12936192,0.87,,-1.0,,,,,,,
director-off-s31,director-off,31,12966912,0.86,,-1.0,,,,,,,
director-off-s31,director-off,31,12997632,0.85,,-1.0,,,,,,,
director-off-s31,director-off,31,13028352,0.85,,-1.0,,,,,,,
director-off-s31,director-off,31,13059072,0.84,,-1.0,,,,,,,
director-off-s31,director-off,31,13089792,0.83,,-1.0,,,,,,,
director-off-s31,director-off,31,13120512,0.86,,-1.0,,,,,,,
director-off-s31,director-off,31,13151232,0.8,,-1.0,,,,,,,
director-off-s31,director-off,31,13181952,0.85,,-1.0,,,,,,,
director-off-s31,director-off,31,13212672,0.87,,-1.0,,,,,,,
director-off-s31,director-off,31,13243392,0.88,,-1.0,,,,,,,
director-off-s31,director-off,31,13274112,0.86,,-1.0,,,,,,,
director-off-s31,director-off,31,13304832,0.87,,-1.0,,,,,,,
director-off-s31,director-off,31,13335552,0.85,,-1.0,,,,,,,
director-off-s31,director-off,31,13366272,0.86,,-1.0,,,,,,,
director-off-s31,director-off,31,13396992,0.85,,-1.0,,,,,,,
director-off-s31,director-off,31,13427712,0.83,,-1.0,,,,,,,
director-off-s31,director-off,31,13458432,0.82,,-1.0,,,,,,,
director-off-s31,director-off,31,13489152,0.87,,-1.0,,,,,,,
director-off-s31,director-off,31,13519872,0.85,,-1.0,,,,,,,
director-off-s31,director-off,31,13550592,0.85,,-1.0,,,,,,,
director-off-s31,director-off,31,13581312,0.81,,-1.0,,,,,,,
director-off-s31,director-off,31,13612032,0.81,,-1.0,,,,,,,
director-off-s31,director-off,31,13642752,0.92,,-1.0,,,,,,,
director-off-s31,director-off,31,13673472,0.9,,-1.0,,,,,,,
director-off-s31,director-off,31,13704192,0.87,,-1.0,,,,,,,
director-off-s31,director-off,31,13734912,0.85,,-1.0,,,,,,,
director-off-s31,director-off,31,13765632,0.86,,-1.0,,,,,,,
director-off-s31,director-off,31,13796352,0.86,,-1.0,,,,,,,
director-off-s31,director-off,31,13827072,0.87,,-1.0,,,,,,,
director-off-s31,director-off,31,13857792,0.89,,-1.0,,,,,,,
director-off-s31,director-off,31,13888512,0.88,,-1.0,,,,,,,
director-off-s31,director-off,31,13919232,0.89,,-1.0,,,,,,,
director-off-s31,director-off,31,13949952,0.88,,-1.0,,,,,,,
director-off-s31,director-off,31,13980672,0.88,,-1.0,,,,,,,
director-off-s31,director-off,31,14011392,0.9,,-1.0,,,,,,,
director-off-s31,director-off,31,14042112,0.87,,-1.0,,,,,,,
director-off-s31,director-off,31,14072832,0.86,,-1.0,,,,,,,
director-off-s31,director-off,31,14103552,0.85,,-1.0,,,,,,,
director-off-s31,director-off,31,14134272,0.97,,-1.0,,,,,,,
director-off-s31,director-off,31,14164992,0.91,,-1.0,,,,,,,
director-off-s31,director-off,31,14195712,0.92,,-1.0,,,,,,,
director-off-s31,director-off,31,14226432,0.89,,-1.0,,,,,,,
director-off-s31,director-off,31,14257152,0.87,,-1.0,,,,,,,
director-off-s31,director-off,31,14287872,0.92,,-1.0,,,,,,,
director-off-s31,director-off,31,14318592,0.88,,-1.0,,,,,,,
director-off-s31,director-off,31,14349312,0.88,,-1.0,,,,,,,
director-off-s31,director-off,31,14380032,0.86,,-1.0,,,,,,,
director-off-s31,director-off,31,14410752,0.86,,-1.0,,,,,,,
director-off-s31,director-off,31,14441472,0.88,,-1.0,,,,,,,
director-off-s31,director-off,31,14472192,0.89,,-1.0,,,,,,,
director-off-s31,director-off,31,14502912,0.92,,-1.0,,,,,,,
director-off-s31,director-off,31,14533632,0.9,,-1.0,,,,,,,
director-off-s31,director-off,31,14564352,0.93,,-1.0,,,,,,,
director-off-s31,director-off,31,14595072,0.93,,-1.0,,,,,,,
director-off-s31,director-off,31,14625792,0.9,,-1.0,,,,,,,
director-off-s31,director-off,31,14656512,0.9,,-1.0,,,,,,,
director-off-s31,director-off,31,14687232,0.94,,-1.0,,,,,,,
director-off-s31,director-off,31,14717952,0.88,,-1.0,,,,,,,
director-off-s31,director-off,31,14748672,0.94,,-1.0,,,,,,,
director-off-s31,director-off,31,14779392,0.92,,-1.0,,,,,,,
director-off-s31,director-off,31,14810112,0.9,,-1.0,,,,,,,
director-off-s31,director-off,31,14840832,0.95,,-1.0,,,,,,,
director-off-s31,director-off,31,14871552,0.91,,-1.0,,,,,,,
director-off-s31,director-off,31,14902272,0.88,,-1.0,,,,,,,
director-off-s31,director-off,31,14932992,0.91,,-1.0,,,,,,,
director-off-s31,director-off,31,14963712,0.89,,-1.0,,,,,,,
director-off-s31,director-off,31,14994432,0.92,,-1.0,,,,,,,
director-off-s31,director-off,31,14997504,0.84,,-1.0,,,,,,,
director-off-s32,director-off,32,3072,0.0,,-1.0,,,,,,,
director-off-s32,director-off,32,33792,0.02,,-1.0,,,,,,,
director-off-s32,director-off,32,64512,0.03,,-1.0,,,,,,,
director-off-s32,director-off,32,95232,0.02,,-1.0,,,,,,,
director-off-s32,director-off,32,125952,0.01,,-1.0,,,,,,,
director-off-s32,director-off,32,156672,0.0,,-1.0,,,,,,,
director-off-s32,director-off,32,187392,0.03,,-1.0,,,,,,,
director-off-s32,director-off,32,218112,0.01,,-1.0,,,,,,,
director-off-s32,director-off,32,248832,0.03,,-1.0,,,,,,,
director-off-s32,director-off,32,279552,0.0,,-1.0,,,,,,,
director-off-s32,director-off,32,310272,0.05,,-1.0,,,,,,,
director-off-s32,director-off,32,340992,0.02,,-1.0,,,,,,,
director-off-s32,director-off,32,371712,0.01,,-1.0,,,,,,,
director-off-s32,director-off,32,402432,0.02,,-1.0,,,,,,,
director-off-s32,director-off,32,433152,0.03,,-1.0,,,,,,,
director-off-s32,director-off,32,463872,0.04,,-1.0,,,,,,,
director-off-s32,director-off,32,494592,0.03,,-1.0,,,,,,,
director-off-s32,director-off,32,525312,0.02,,-1.0,,,,,,,
director-off-s32,director-off,32,556032,0.05,,-1.0,,,,,,,
director-off-s32,director-off,32,586752,0.04,,-1.0,,,,,,,
director-off-s32,director-off,32,617472,0.05,,-1.0,,,,,,,
director-off-s32,director-off,32,648192,0.02,,-1.0,,,,,,,
director-off-s32,director-off,32,678912,0.0,,-1.0,,,,,,,
director-off-s32,director-off,32,709632,0.05,,-1.0,,,,,,,
director-off-s32,director-off,32,740352,0.02,,-1.0,,,,,,,
director-off-s32,director-off,32,771072,0.03,,-1.0,,,,,,,
director-off-s32,director-off,32,801792,0.04,,-1.0,,,,,,,
director-off-s32,director-off,32,832512,0.04,,-1.0,,,,,,,
director-off-s32,director-off,32,863232,0.01,,-1.0,,,,,,,
director-off-s32,director-off,32,893952,0.03,,-1.0,,,,,,,
director-off-s32,director-off,32,924672,0.05,,-1.0,,,,,,,
director-off-s32,director-off,32,955392,0.03,,-1.0,,,,,,,
director-off-s32,director-off,32,986112,0.05,,-1.0,,,,,,,
director-off-s32,director-off,32,1016832,0.02,,-1.0,,,,,,,
director-off-s32,director-off,32,1047552,0.06,,-1.0,,,,,,,
director-off-s32,director-off,32,1078272,0.05,,-1.0,,,,,,,
director-off-s32,director-off,32,1108992,0.03,,-1.0,,,,,,,
director-off-s32,director-off,32,1139712,0.04,,-1.0,,,,,,,
director-off-s32,director-off,32,1170432,0.03,,-1.0,,,,,,,
director-off-s32,director-off,32,1201152,0.06,,-1.0,,,,,,,
director-off-s32,director-off,32,1231872,0.07,,-1.0,,,,,,,
director-off-s32,director-off,32,1262592,0.02,,-1.0,,,,,,,
director-off-s32,director-off,32,1293312,0.08,,-1.0,,,,,,,
director-off-s32,director-off,32,1324032,0.08,,-1.0,,,,,,,
director-off-s32,director-off,32,1354752,0.07,,-1.0,,,,,,,
director-off-s32,director-off,32,1385472,0.02,,-1.0,,,,,,,
director-off-s32,director-off,32,1416192,0.04,,-1.0,,,,,,,
director-off-s32,director-off,32,1446912,0.09,,-1.0,,,,,,,
director-off-s32,director-off,32,1477632,0.04,,-1.0,,,,,,,
director-off-s32,director-off,32,1508352,0.06,,-1.0,,,,,,,
director-off-s32,director-off,32,1539072,0.04,,-1.0,,,,,,,
director-off-s32,director-off,32,1569792,0.03,,-1.0,,,,,,,
director-off-s32,director-off,32,1600512,0.11,,-1.0,,,,,,,
director-off-s32,director-off,32,1631232,0.06,,-1.0,,,,,,,
director-off-s32,director-off,32,1661952,0.04,,-1.0,,,,,,,
director-off-s32,director-off,32,1692672,0.03,,-1.0,,,,,,,
director-off-s32,director-off,32,1723392,0.09,,-1.0,,,,,,,
director-off-s32,director-off,32,1754112,0.08,,-1.0,,,,,,,
director-off-s32,director-off,32,1784832,0.1,,-1.0,,,,,,,
director-off-s32,director-off,32,1815552,0.06,,-1.0,,,,,,,
director-off-s32,director-off,32,1846272,0.07,,-1.0,,,,,,,
director-off-s32,director-off,32,1876992,0.1,,-1.0,,,,,,,
director-off-s32,director-off,32,1907712,0.15,,-1.0,,,,,,,
director-off-s32,director-off,32,1938432,0.03,,-1.0,,,,,,,
director-off-s32,director-off,32,1969152,0.07,,-1.0,,,,,,,
director-off-s32,director-off,32,1999872,0.07,,-1.0,,,,,,,
director-off-s32,director-off,32,2030592,0.08,,-1.0,,,,,,,
director-off-s32,director-off,32,2061312,0.09,,-1.0,,,,,,,
director-off-s32,director-off,32,2092032,0.06,,-1.0,,,,,,,
director-off-s32,director-off,32,2122752,0.09,,-1.0,,,,,,,
director-off-s32,director-off,32,2153472,0.14,,-1.0,,,,,,,
director-off-s32,director-off,32,2184192,0.05,,-1.0,,,,,,,
director-off-s32,director-off,32,2214912,0.1,,-1.0,,,,,,,
director-off-s32,director-off,32,2245632,0.1,,-1.0,,,,,,,
director-off-s32,director-off,32,2276352,0.11,,-1.0,,,,,,,
director-off-s32,director-off,32,2307072,0.12,,-1.0,,,,,,,
director-off-s32,director-off,32,2337792,0.08,,-1.0,,,,,,,
director-off-s32,director-off,32,2368512,0.18,,-1.0,,,,,,,
director-off-s32,director-off,32,2399232,0.11,,-1.0,,,,,,,
director-off-s32,director-off,32,2429952,0.11,,-1.0,,,,,,,
director-off-s32,director-off,32,2460672,0.09,,-1.0,,,,,,,
director-off-s32,director-off,32,2491392,0.1,,-1.0,,,,,,,
director-off-s32,director-off,32,2522112,0.13,,-1.0,,,,,,,
director-off-s32,director-off,32,2552832,0.09,,-1.0,,,,,,,
director-off-s32,director-off,32,2583552,0.1,,-1.0,,,,,,,
director-off-s32,director-off,32,2614272,0.2,,-1.0,,,,,,,
director-off-s32,director-off,32,2644992,0.11,,-1.0,,,,,,,
director-off-s32,director-off,32,2675712,0.07,,-1.0,,,,,,,
director-off-s32,director-off,32,2706432,0.08,,-1.0,,,,,,,
director-off-s32,director-off,32,2737152,0.12,,-1.0,,,,,,,
director-off-s32,director-off,32,2767872,0.12,,-1.0,,,,,,,
director-off-s32,director-off,32,2798592,0.13,,-1.0,,,,,,,
director-off-s32,director-off,32,2829312,0.15,,-1.0,,,,,,,
director-off-s32,director-off,32,2860032,0.14,,-1.0,,,,,,,
director-off-s32,director-off,32,2890752,0.13,,-1.0,,,,,,,
director-off-s32,director-off,32,2921472,0.2,,-1.0,,,,,,,
director-off-s32,director-off,32,2952192,0.14,,-1.0,,,,,,,
director-off-s32,director-off,32,2982912,0.13,,-1.0,,,,,,,
director-off-s32,director-off,32,3013632,0.19,,-1.0,,,,,,,
director-off-s32,director-off,32,3044352,0.2,,-1.0,,,,,,,
director-off-s32,director-off,32,3075072,0.13,,-1.0,,,,,,,
director-off-s32,director-off,32,3105792,0.11,,-1.0,,,,,,,
director-off-s32,director-off,32,3136512,0.18,,-1.0,,,,,,,
director-off-s32,director-off,32,3167232,0.21,,-1.0,,,,,,,
director-off-s32,director-off,32,3197952,0.17,,-1.0,,,,,,,
director-off-s32,director-off,32,3228672,0.16,,-1.0,,,,,,,
director-off-s32,director-off,32,3259392,0.18,,-1.0,,,,,,,
director-off-s32,director-off,32,3290112,0.16,,-1.0,,,,,,,
director-off-s32,director-off,32,3320832,0.18,,-1.0,,,,,,,
director-off-s32,director-off,32,3351552,0.1,,-1.0,,,,,,,
director-off-s32,director-off,32,3382272,0.16,,-1.0,,,,,,,
director-off-s32,director-off,32,3412992,0.08,,-1.0,,,,,,,
director-off-s32,director-off,32,3443712,0.26,,-1.0,,,,,,,
director-off-s32,director-off,32,3474432,0.13,,-1.0,,,,,,,
director-off-s32,director-off,32,3505152,0.2,,-1.0,,,,,,,
director-off-s32,director-off,32,3535872,0.19,,-1.0,,,,,,,
director-off-s32,director-off,32,3566592,0.22,,-1.0,,,,,,,
director-off-s32,director-off,32,3597312,0.2,,-1.0,,,,,,,
director-off-s32,director-off,32,3628032,0.18,,-1.0,,,,,,,
director-off-s32,director-off,32,3658752,0.19,,-1.0,,,,,,,
director-off-s32,director-off,32,3689472,0.13,,-1.0,,,,,,,
director-off-s32,director-off,32,3720192,0.16,,-1.0,,,,,,,
director-off-s32,director-off,32,3750912,0.18,,-1.0,,,,,,,
director-off-s32,director-off,32,3781632,0.21,,-1.0,,,,,,,
director-off-s32,director-off,32,3812352,0.17,,-1.0,,,,,,,
director-off-s32,director-off,32,3843072,0.19,,-1.0,,,,,,,
director-off-s32,director-off,32,3873792,0.23,,-1.0,,,,,,,
director-off-s32,director-off,32,3904512,0.21,,-1.0,,,,,,,
director-off-s32,director-off,32,3935232,0.18,,-1.0,,,,,,,
director-off-s32,director-off,32,3965952,0.26,,-1.0,,,,,,,
director-off-s32,director-off,32,3996672,0.25,,-1.0,,,,,,,
director-off-s32,director-off,32,4027392,0.29,,-1.0,,,,,,,
director-off-s32,director-off,32,4058112,0.19,,-1.0,,,,,,,
director-off-s32,director-off,32,4088832,0.19,,-1.0,,,,,,,
director-off-s32,director-off,32,4119552,0.29,,-1.0,,,,,,,
director-off-s32,director-off,32,4150272,0.28,,-1.0,,,,,,,
director-off-s32,director-off,32,4180992,0.24,,-1.0,,,,,,,
director-off-s32,director-off,32,4211712,0.19,,-1.0,,,,,,,
director-off-s32,director-off,32,4242432,0.23,,-1.0,,,,,,,
director-off-s32,director-off,32,4273152,0.29,,-1.0,,,,,,,
director-off-s32,director-off,32,4303872,0.23,,-1.0,,,,,,,
director-off-s32,director-off,32,4334592,0.14,,-1.0,,,,,,,
director-off-s32,director-off,32,4365312,0.31,,-1.0,,,,,,,
director-off-s32,director-off,32,4396032,0.3,,-1.0,,,,,,,
director-off-s32,director-off,32,4426752,0.28,,-1.0,,,,,,,
director-off-s32,director-off,32,4457472,0.26,,-1.0,,,,,,,
director-off-s32,director-off,32,4488192,0.37,,-1.0,,,,,,,
director-off-s32,director-off,32,4518912,0.25,,-1.0,,,,,,,
director-off-s32,director-off,32,4549632,0.19,,-1.0,,,,,,,
director-off-s32,director-off,32,4580352,0.37,,-1.0,,,,,,,
director-off-s32,director-off,32,4611072,0.26,,-1.0,,,,,,,
director-off-s32,director-off,32,4641792,0.29,,-1.0,,,,,,,
director-off-s32,director-off,32,4672512,0.28,,-1.0,,,,,,,
director-off-s32,director-off,32,4703232,0.24,,-1.0,,,,,,,
director-off-s32,director-off,32,4733952,0.36,,-1.0,,,,,,,
director-off-s32,director-off,32,4764672,0.3,,-1.0,,,,,,,
director-off-s32,director-off,32,4795392,0.32,,-1.0,,,,,,,
director-off-s32,director-off,32,4826112,0.34,,-1.0,,,,,,,
director-off-s32,director-off,32,4856832,0.38,,-1.0,,,,,,,
director-off-s32,director-off,32,4887552,0.23,,-1.0,,,,,,,
director-off-s32,director-off,32,4918272,0.34,,-1.0,,,,,,,
director-off-s32,director-off,32,4948992,0.3,,-1.0,,,,,,,
director-off-s32,director-off,32,4979712,0.29,,-1.0,,,,,,,
director-off-s32,director-off,32,5010432,0.31,,-1.0,,,,,,,
director-off-s32,director-off,32,5041152,0.28,,-1.0,,,,,,,
director-off-s32,director-off,32,5071872,0.29,,-1.0,,,,,,,
director-off-s32,director-off,32,5102592,0.27,,-1.0,,,,,,,
director-off-s32,director-off,32,5133312,0.44,,-1.0,,,,,,,
director-off-s32,director-off,32,5164032,0.3,,-1.0,,,,,,,
director-off-s32,director-off,32,5194752,0.33,,-1.0,,,,,,,
director-off-s32,director-off,32,5225472,0.38,,-1.0,,,,,,,
director-off-s32,director-off,32,5256192,0.32,,-1.0,,,,,,,
director-off-s32,director-off,32,5286912,0.37,,-1.0,,,,,,,
director-off-s32,director-off,32,5317632,0.4,,-1.0,,,,,,,
director-off-s32,director-off,32,5348352,0.31,,-1.0,,,,,,,
director-off-s32,director-off,32,5379072,0.35,,-1.0,,,,,,,
director-off-s32,director-off,32,5409792,0.34,,-1.0,,,,,,,
director-off-s32,director-off,32,5440512,0.36,,-1.0,,,,,,,
director-off-s32,director-off,32,5471232,0.46,,-1.0,,,,,,,
director-off-s32,director-off,32,5501952,0.31,,-1.0,,,,,,,
director-off-s32,director-off,32,5532672,0.39,,-1.0,,,,,,,
director-off-s32,director-off,32,5563392,0.44,,-1.0,,,,,,,
director-off-s32,director-off,32,5594112,0.37,,-1.0,,,,,,,
director-off-s32,director-off,32,5624832,0.34,,-1.0,,,,,,,
director-off-s32,director-off,32,5655552,0.37,,-1.0,,,,,,,
director-off-s32,director-off,32,5686272,0.35,,-1.0,,,,,,,
director-off-s32,director-off,32,5716992,0.37,,-1.0,,,,,,,
director-off-s32,director-off,32,5747712,0.4,,-1.0,,,,,,,
director-off-s32,director-off,32,5778432,0.3,,-1.0,,,,,,,
director-off-s32,director-off,32,5809152,0.41,,-1.0,,,,,,,
director-off-s32,director-off,32,5839872,0.42,,-1.0,,,,,,,
director-off-s32,director-off,32,5870592,0.35,,-1.0,,,,,,,
director-off-s32,director-off,32,5901312,0.39,,-1.0,,,,,,,
director-off-s32,director-off,32,5932032,0.37,,-1.0,,,,,,,
director-off-s32,director-off,32,5962752,0.4,,-1.0,,,,,,,
director-off-s32,director-off,32,5993472,0.4,,-1.0,,,,,,,
director-off-s32,director-off,32,6024192,0.45,,-1.0,,,,,,,
director-off-s32,director-off,32,6054912,0.47,,-1.0,,,,,,,
director-off-s32,director-off,32,6085632,0.45,,-1.0,,,,,,,
director-off-s32,director-off,32,6116352,0.44,,-1.0,,,,,,,
director-off-s32,director-off,32,6147072,0.42,,-1.0,,,,,,,
director-off-s32,director-off,32,6177792,0.52,,-1.0,,,,,,,
director-off-s32,director-off,32,6208512,0.37,,-1.0,,,,,,,
director-off-s32,director-off,32,6239232,0.48,,-1.0,,,,,,,
director-off-s32,director-off,32,6269952,0.5,,-1.0,,,,,,,
director-off-s32,director-off,32,6300672,0.5,,-1.0,,,,,,,
director-off-s32,director-off,32,6331392,0.41,,-1.0,,,,,,,
director-off-s32,director-off,32,6362112,0.55,,-1.0,,,,,,,
director-off-s32,director-off,32,6392832,0.5,,-1.0,,,,,,,
director-off-s32,director-off,32,6423552,0.41,,-1.0,,,,,,,
director-off-s32,director-off,32,6454272,0.35,,-1.0,,,,,,,
director-off-s32,director-off,32,6484992,0.44,,-1.0,,,,,,,
director-off-s32,director-off,32,6515712,0.45,,-1.0,,,,,,,
director-off-s32,director-off,32,6546432,0.46,,-1.0,,,,,,,
director-off-s32,director-off,32,6577152,0.51,,-1.0,,,,,,,
director-off-s32,director-off,32,6607872,0.41,,-1.0,,,,,,,
director-off-s32,director-off,32,6638592,0.45,,-1.0,,,,,,,
director-off-s32,director-off,32,6669312,0.49,,-1.0,,,,,,,
director-off-s32,director-off,32,6700032,0.44,,-1.0,,,,,,,
director-off-s32,director-off,32,6730752,0.51,,-1.0,,,,,,,
director-off-s32,director-off,32,6761472,0.51,,-1.0,,,,,,,
director-off-s32,director-off,32,6792192,0.54,,-1.0,,,,,,,
director-off-s32,director-off,32,6822912,0.41,,-1.0,,,,,,,
director-off-s32,director-off,32,6853632,0.46,,-1.0,,,,,,,
director-off-s32,director-off,32,6884352,0.52,,-1.0,,,,,,,
director-off-s32,director-off,32,6915072,0.52,,-1.0,,,,,,,
director-off-s32,director-off,32,6945792,0.51,,-1.0,,,,,,,
director-off-s32,director-off,32,6976512,0.51,,-1.0,,,,,,,
director-off-s32,director-off,32,7007232,0.47,,-1.0,,,,,,,
director-off-s32,director-off,32,7037952,0.44,,-1.0,,,,,,,
director-off-s32,director-off,32,7068672,0.59,,-1.0,,,,,,,
director-off-s32,director-off,32,7099392,0.45,,-1.0,,,,,,,
director-off-s32,director-off,32,7130112,0.51,,-1.0,,,,,,,
director-off-s32,director-off,32,7160832,0.47,,-1.0,,,,,,,
director-off-s32,director-off,32,7191552,0.52,,-1.0,,,,,,,
director-off-s32,director-off,32,7222272,0.57,,-1.0,,,,,,,
director-off-s32,director-off,32,7252992,0.51,,-1.0,,,,,,,
director-off-s32,director-off,32,7283712,0.52,,-1.0,,,,,,,
director-off-s32,director-off,32,7314432,0.51,,-1.0,,,,,,,
director-off-s32,director-off,32,7345152,0.63,,-1.0,,,,,,,
director-off-s32,director-off,32,7375872,0.53,,-1.0,,,,,,,
director-off-s32,director-off,32,7406592,0.58,,-1.0,,,,,,,
director-off-s32,director-off,32,7437312,0.46,,-1.0,,,,,,,
director-off-s32,director-off,32,7468032,0.62,,-1.0,,,,,,,
director-off-s32,director-off,32,7498752,0.59,,-1.0,,,,,,,
director-off-s32,director-off,32,7529472,0.61,,-1.0,,,,,,,
director-off-s32,director-off,32,7560192,0.59,,-1.0,,,,,,,
director-off-s32,director-off,32,7590912,0.62,,-1.0,,,,,,,
director-off-s32,director-off,32,7621632,0.54,,-1.0,,,,,,,
director-off-s32,director-off,32,7652352,0.52,,-1.0,,,,,,,
director-off-s32,director-off,32,7683072,0.61,,-1.0,,,,,,,
director-off-s32,director-off,32,7713792,0.64,,-1.0,,,,,,,
director-off-s32,director-off,32,7744512,0.63,,-1.0,,,,,,,
director-off-s32,director-off,32,7775232,0.61,,-1.0,,,,,,,
director-off-s32,director-off,32,7805952,0.64,,-1.0,,,,,,,
director-off-s32,director-off,32,7836672,0.63,,-1.0,,,,,,,
director-off-s32,director-off,32,7867392,0.64,,-1.0,,,,,,,
director-off-s32,director-off,32,7898112,0.65,,-1.0,,,,,,,
director-off-s32,director-off,32,7928832,0.6,,-1.0,,,,,,,
director-off-s32,director-off,32,7959552,0.61,,-1.0,,,,,,,
director-off-s32,director-off,32,7990272,0.64,,-1.0,,,,,,,
director-off-s32,director-off,32,8020992,0.6,,-1.0,,,,,,,
director-off-s32,director-off,32,8051712,0.69,,-1.0,,,,,,,
director-off-s32,director-off,32,8082432,0.64,,-1.0,,,,,,,
director-off-s32,director-off,32,8113152,0.76,,-1.0,,,,,,,
director-off-s32,director-off,32,8143872,0.53,,-1.0,,,,,,,
director-off-s32,director-off,32,8174592,0.65,,-1.0,,,,,,,
director-off-s32,director-off,32,8205312,0.55,,-1.0,,,,,,,
director-off-s32,director-off,32,8236032,0.65,,-1.0,,,,,,,
director-off-s32,director-off,32,8266752,0.62,,-1.0,,,,,,,
director-off-s32,director-off,32,8297472,0.66,,-1.0,,,,,,,
director-off-s32,director-off,32,8328192,0.61,,-1.0,,,,,,,
director-off-s32,director-off,32,8358912,0.59,,-1.0,,,,,,,
director-off-s32,director-off,32,8389632,0.66,,-1.0,,,,,,,
director-off-s32,director-off,32,8420352,0.7,,-1.0,,,,,,,
director-off-s32,director-off,32,8451072,0.66,,-1.0,,,,,,,
director-off-s32,director-off,32,8481792,0.7,,-1.0,,,,,,,
director-off-s32,director-off,32,8512512,0.63,,-1.0,,,,,,,
director-off-s32,director-off,32,8543232,0.59,,-1.0,,,,,,,
director-off-s32,director-off,32,8573952,0.66,,-1.0,,,,,,,
director-off-s32,director-off,32,8604672,0.58,,-1.0,,,,,,,
director-off-s32,director-off,32,8635392,0.63,,-1.0,,,,,,,
director-off-s32,director-off,32,8666112,0.65,,-1.0,,,,,,,
director-off-s32,director-off,32,8696832,0.61,,-1.0,,,,,,,
director-off-s32,director-off,32,8727552,0.78,,-1.0,,,,,,,
director-off-s32,director-off,32,8758272,0.65,,-1.0,,,,,,,
director-off-s32,director-off,32,8788992,0.57,,-1.0,,,,,,,
director-off-s32,director-off,32,8819712,0.67,,-1.0,,,,,,,
director-off-s32,director-off,32,8850432,0.64,,-1.0,,,,,,,
director-off-s32,director-off,32,8881152,0.63,,-1.0,,,,,,,
director-off-s32,director-off,32,8911872,0.67,,-1.0,,,,,,,
director-off-s32,director-off,32,8942592,0.65,,-1.0,,,,,,,
director-off-s32,director-off,32,8973312,0.63,,-1.0,,,,,,,
director-off-s32,director-off,32,9004032,0.64,,-1.0,,,,,,,
director-off-s32,director-off,32,9034752,0.64,,-1.0,,,,,,,
director-off-s32,director-off,32,9065472,0.73,,-1.0,,,,,,,
director-off-s32,director-off,32,9096192,0.69,,-1.0,,,,,,,
director-off-s32,director-off,32,9126912,0.56,,-1.0,,,,,,,
director-off-s32,director-off,32,9157632,0.71,,-1.0,,,,,,,
director-off-s32,director-off,32,9188352,0.74,,-1.0,,,,,,,
director-off-s32,director-off,32,9219072,0.72,,-1.0,,,,,,,
director-off-s32,director-off,32,9249792,0.62,,-1.0,,,,,,,
director-off-s32,director-off,32,9280512,0.67,,-1.0,,,,,,,
director-off-s32,director-off,32,9311232,0.65,,-1.0,,,,,,,
director-off-s32,director-off,32,9341952,0.61,,-1.0,,,,,,,
director-off-s32,director-off,32,9372672,0.63,,-1.0,,,,,,,
director-off-s32,director-off,32,9403392,0.71,,-1.0,,,,,,,
director-off-s32,director-off,32,9434112,0.75,,-1.0,,,,,,,
director-off-s32,director-off,32,9464832,0.64,,-1.0,,,,,,,
director-off-s32,director-off,32,9495552,0.69,,-1.0,,,,,,,
director-off-s32,director-off,32,9526272,0.65,,-1.0,,,,,,,
director-off-s32,director-off,32,9556992,0.69,,-1.0,,,,,,,
director-off-s32,director-off,32,9587712,0.72,,-1.0,,,,,,,
director-off-s32,director-off,32,9618432,0.66,,-1.0,,,,,,,
director-off-s32,director-off,32,9649152,0.67,,-1.0,,,,,,,
director-off-s32,director-off,32,9679872,0.63,,-1.0,,,,,,,
director-off-s32,director-off,32,9710592,0.72,,-1.0,,,,,,,
director-off-s32,director-off,32,9741312,0.67,,-1.0,,,,,,,
director-off-s32,director-off,32,9772032,0.72,,-1.0,,,,,,,
director-off-s32,director-off,32,9802752,0.68,,-1.0,,,,,,,
director-off-s32,director-off,32,9833472,0.69,,-1.0,,,,,,,
director-off-s32,director-off,32,9864192,0.71,,-1.0,,,,,,,
director-off-s32,director-off,32,9894912,0.74,,-1.0,,,,,,,
director-off-s32,director-off,32,9925632,0.7,,-1.0,,,,,,,
director-off-s32,director-off,32,9956352,0.77,,-1.0,,,,,,,
director-off-s32,director-off,32,9987072,0.69,,-1.0,,,,,,,
director-off-s32,director-off,32,10017792,0.73,,-1.0,,,,,,,
director-off-s32,director-off,32,10048512,0.67,,-1.0,,,,,,,
director-off-s32,director-off,32,10079232,0.64,,-1.0,,,,,,,
director-off-s32,director-off,32,10109952,0.73,,-1.0,,,,,,,
director-off-s32,director-off,32,10140672,0.64,,-1.0,,,,,,,
director-off-s32,director-off,32,10171392,0.66,,-1.0,,,,,,,
director-off-s32,director-off,32,10202112,0.71,,-1.0,,,,,,,
director-off-s32,director-off,32,10232832,0.72,,-1.0,,,,,,,
director-off-s32,director-off,32,10263552,0.75,,-1.0,,,,,,,
director-off-s32,director-off,32,10294272,0.72,,-1.0,,,,,,,
director-off-s32,director-off,32,10324992,0.74,,-1.0,,,,,,,
director-off-s32,director-off,32,10355712,0.66,,-1.0,,,,,,,
director-off-s32,director-off,32,10386432,0.62,,-1.0,,,,,,,
director-off-s32,director-off,32,10417152,0.69,,-1.0,,,,,,,
director-off-s32,director-off,32,10447872,0.77,,-1.0,,,,,,,
director-off-s32,director-off,32,10478592,0.69,,-1.0,,,,,,,
director-off-s32,director-off,32,10509312,0.73,,-1.0,,,,,,,
director-off-s32,director-off,32,10540032,0.64,,-1.0,,,,,,,
director-off-s32,director-off,32,10570752,0.73,,-1.0,,,,,,,
director-off-s32,director-off,32,10601472,0.71,,-1.0,,,,,,,
director-off-s32,director-off,32,10632192,0.73,,-1.0,,,,,,,
director-off-s32,director-off,32,10662912,0.73,,-1.0,,,,,,,
director-off-s32,director-off,32,10693632,0.77,,-1.0,,,,,,,
director-off-s32,director-off,32,10724352,0.69,,-1.0,,,,,,,
director-off-s32,director-off,32,10755072,0.8,,-1.0,,,,,,,
director-off-s32,director-off,32,10785792,0.68,,-1.0,,,,,,,
director-off-s32,director-off,32,10816512,0.74,,-1.0,,,,,,,
director-off-s32,director-off,32,10847232,0.73,,-1.0,,,,,,,
director-off-s32,director-off,32,10877952,0.71,,-1.0,,,,,,,
director-off-s32,director-off,32,10908672,0.73,,-1.0,,,,,,,
director-off-s32,director-off,32,10939392,0.7,,-1.0,,,,,,,
director-off-s32,director-off,32,10970112,0.74,,-1.0,,,,,,,
director-off-s32,director-off,32,11000832,0.67,,-1.0,,,,,,,
director-off-s32,director-off,32,11031552,0.71,,-1.0,,,,,,,
director-off-s32,director-off,32,11062272,0.74,,-1.0,,,,,,,
director-off-s32,director-off,32,11092992,0.67,,-1.0,,,,,,,
director-off-s32,director-off,32,11123712,0.81,,-1.0,,,,,,,
director-off-s32,director-off,32,11154432,0.76,,-1.0,,,,,,,
director-off-s32,director-off,32,11185152,0.75,,-1.0,,,,,,,
director-off-s32,director-off,32,11215872,0.72,,-1.0,,,,,,,
director-off-s32,director-off,32,11246592,0.76,,-1.0,,,,,,,
director-off-s32,director-off,32,11277312,0.71,,-1.0,,,,,,,
director-off-s32,director-off,32,11308032,0.89,,-1.0,,,,,,,
director-off-s32,director-off,32,11338752,0.82,,-1.0,,,,,,,
director-off-s32,director-off,32,11369472,0.88,,-1.0,,,,,,,
director-off-s32,director-off,32,11400192,0.76,,-1.0,,,,,,,
director-off-s32,director-off,32,11430912,0.71,,-1.0,,,,,,,
director-off-s32,director-off,32,11461632,0.78,,-1.0,,,,,,,
director-off-s32,director-off,32,11492352,0.67,,-1.0,,,,,,,
director-off-s32,director-off,32,11523072,0.83,,-1.0,,,,,,,
director-off-s32,director-off,32,11553792,0.79,,-1.0,,,,,,,
director-off-s32,director-off,32,11584512,0.79,,-1.0,,,,,,,
director-off-s32,director-off,32,11615232,0.77,,-1.0,,,,,,,
director-off-s32,director-off,32,11645952,0.75,,-1.0,,,,,,,
director-off-s32,director-off,32,11676672,0.82,,-1.0,,,,,,,
director-off-s32,director-off,32,11707392,0.75,,-1.0,,,,,,,
director-off-s32,director-off,32,11738112,0.82,,-1.0,,,,,,,
director-off-s32,director-off,32,11768832,0.81,,-1.0,,,,,,,
director-off-s32,director-off,32,11799552,0.77,,-1.0,,,,,,,
director-off-s32,director-off,32,11830272,0.77,,-1.0,,,,,,,
director-off-s32,director-off,32,11860992,0.69,,-1.0,,,,,,,
director-off-s32,director-off,32,11891712,0.78,,-1.0,,,,,,,
director-off-s32,director-off,32,11922432,0.78,,-1.0,,,,,,,
director-off-s32,director-off,32,11953152,0.77,,-1.0,,,,,,,
director-off-s32,director-off,32,11983872,0.82,,-1.0,,,,,,,
director-off-s32,director-off,32,12014592,0.76,,-1.0,,,,,,,
director-off-s32,director-off,32,12045312,0.83,,-1.0,,,,,,,
director-off-s32,director-off,32,12076032,0.72,,-1.0,,,,,,,
director-off-s32,director-off,32,12106752,0.72,,-1.0,,,,,,,
director-off-s32,director-off,32,12137472,0.79,,-1.0,,,,,,,
director-off-s32,director-off,32,12168192,0.77,,-1.0,,,,,,,
director-off-s32,director-off,32,12198912,0.84,,-1.0,,,,,,,
director-off-s32,director-off,32,12229632,0.83,,-1.0,,,,,,,
director-off-s32,director-off,32,12260352,0.81,,-1.0,,,,,,,
director-off-s32,director-off,32,12291072,0.72,,-1.0,,,,,,,
director-off-s32,director-off,32,12321792,0.8,,-1.0,,,,,,,
director-off-s32,director-off,32,12352512,0.76,,-1.0,,,,,,,
director-off-s32,director-off,32,12383232,0.74,,-1.0,,,,,,,
director-off-s32,director-off,32,12413952,0.75,,-1.0,,,,,,,
director-off-s32,director-off,32,12444672,0.74,,-1.0,,,,,,,
director-off-s32,director-off,32,12475392,0.77,,-1.0,,,,,,,
director-off-s32,director-off,32,12506112,0.82,,-1.0,,,,,,,
director-off-s32,director-off,32,12536832,0.77,,-1.0,,,,,,,
director-off-s32,director-off,32,12567552,0.73,,-1.0,,,,,,,
director-off-s32,director-off,32,12598272,0.83,,-1.0,,,,,,,
director-off-s32,director-off,32,12628992,0.77,,-1.0,,,,,,,
director-off-s32,director-off,32,12659712,0.75,,-1.0,,,,,,,
director-off-s32,director-off,32,12690432,0.8,,-1.0,,,,,,,
director-off-s32,director-off,32,12721152,0.75,,-1.0,,,,,,,
director-off-s32,director-off,32,12751872,0.87,,-1.0,,,,,,,
director-off-s32,director-off,32,12782592,0.8,,-1.0,,,,,,,
director-off-s32,director-off,32,12813312,0.81,,-1.0,,,,,,,
director-off-s32,director-off,32,12844032,0.79,,-1.0,,,,,,,
director-off-s32,director-off,32,12874752,0.71,,-1.0,,,,,,,
director-off-s32,director-off,32,12905472,0.81,,-1.0,,,,,,,
director-off-s32,director-off,32,12936192,0.82,,-1.0,,,,,,,
director-off-s32,director-off,32,12966912,0.81,,-1.0,,,,,,,
director-off-s32,director-off,32,12997632,0.8,,-1.0,,,,,,,
director-off-s32,director-off,32,13028352,0.81,,-1.0,,,,,,,
director-off-s32,director-off,32,13059072,0.79,,-1.0,,,,,,,
director-off-s32,director-off,32,13089792,0.82,,-1.0,,,,,,,
director-off-s32,director-off,32,13120512,0.72,,-1.0,,,,,,,
director-off-s32,director-off,32,13151232,0.82,,-1.0,,,,,,,
director-off-s32,director-off,32,13181952,0.78,,-1.0,,,,,,,
director-off-s32,director-off,32,13212672,0.78,,-1.0,,,,,,,
director-off-s32,director-off,32,13243392,0.87,,-1.0,,,,,,,
director-off-s32,director-off,32,13274112,0.81,,-1.0,,,,,,,
director-off-s32,director-off,32,13304832,0.85,,-1.0,,,,,,,
director-off-s32,director-off,32,13335552,0.76,,-1.0,,,,,,,
director-off-s32,director-off,32,13366272,0.79,,-1.0,,,,,,,
director-off-s32,director-off,32,13396992,0.83,,-1.0,,,,,,,
director-off-s32,director-off,32,13427712,0.78,,-1.0,,,,,,,
director-off-s32,director-off,32,13458432,0.86,,-1.0,,,,,,,
director-off-s32,director-off,32,13489152,0.86,,-1.0,,,,,,,
director-off-s32,director-off,32,13519872,0.75,,-1.0,,,,,,,
director-off-s32,director-off,32,13550592,0.77,,-1.0,,,,,,,
director-off-s32,director-off,32,13581312,0.87,,-1.0,,,,,,,
director-off-s32,director-off,32,13612032,0.79,,-1.0,,,,,,,
director-off-s32,director-off,32,13642752,0.77,,-1.0,,,,,,,
director-off-s32,director-off,32,13673472,0.84,,-1.0,,,,,,,
director-off-s32,director-off,32,13704192,0.83,,-1.0,,,,,,,
director-off-s32,director-off,32,13734912,0.8,,-1.0,,,,,,,
director-off-s32,director-off,32,13765632,0.79,,-1.0,,,,,,,
director-off-s32,director-off,32,13796352,0.81,,-1.0,,,,,,,
director-off-s32,director-off,32,13827072,0.85,,-1.0,,,,,,,
director-off-s32,director-off,32,13857792,0.83,,-1.0,,,,,,,
director-off-s32,director-off,32,13888512,0.8,,-1.0,,,,,,,
director-off-s32,director-off,32,13919232,0.81,,-1.0,,,,,,,
director-off-s32,director-off,32,13949952,0.83,,-1.0,,,,,,,
director-off-s32,director-off,32,13980672,0.83,,-1.0,,,,,,,
director-off-s32,director-off,32,14011392,0.79,,-1.0,,,,,,,
director-off-s32,director-off,32,14042112,0.8,,-1.0,,,,,,,
director-off-s32,director-off,32,14072832,0.9,,-1.0,,,,,,,
director-off-s32,director-off,32,14103552,0.76,,-1.0,,,,,,,
director-off-s32,director-off,32,14134272,0.76,,-1.0,,,,,,,
director-off-s32,director-off,32,14164992,0.78,,-1.0,,,,,,,
director-off-s32,director-off,32,14195712,0.85,,-1.0,,,,,,,
director-off-s32,director-off,32,14226432,0.8,,-1.0,,,,,,,
director-off-s32,director-off,32,14257152,0.83,,-1.0,,,,,,,
director-off-s32,director-off,32,14287872,0.87,,-1.0,,,,,,,
director-off-s32,director-off,32,14318592,0.9,,-1.0,,,,,,,
director-off-s32,director-off,32,14349312,0.84,,-1.0,,,,,,,
director-off-s32,director-off,32,14380032,0.82,,-1.0,,,,,,,
director-off-s32,director-off,32,14410752,0.86,,-1.0,,,,,,,
director-off-s32,director-off,32,14441472,0.8,,-1.0,,,,,,,
director-off-s32,director-off,32,14472192,0.86,,-1.0,,,,,,,
director-off-s32,director-off,32,14502912,0.87,,-1.0,,,,,,,
director-off-s32,director-off,32,14533632,0.85,,-1.0,,,,,,,
director-off-s32,director-off,32,14564352,0.87,,-1.0,,,,,,,
director-off-s32,director-off,32,14595072,0.83,,-1.0,,,,,,,
director-off-s32,director-off,32,14625792,0.82,,-1.0,,,,,,,
director-off-s32,director-off,32,14656512,0.9,,-1.0,,,,,,,
director-off-s32,director-off,32,14687232,0.87,,-1.0,,,,,,,
director-off-s32,director-off,32,14717952,0.88,,-1.0,,,,,,,
director-off-s32,director-off,32,14748672,0.85,,-1.0,,,,,,,
director-off-s32,director-off,32,14779392,0.83,,-1.0,,,,,,,
director-off-s32,director-off,32,14810112,0.86,,-1.0,,,,,,,
director-off-s32,director-off,32,14840832,0.88,,-1.0,,,,,,,
director-off-s32,director-off,32,14871552,0.84,,-1.0,,,,,,,
director-off-s32,director-off,32,14902272,0.91,,-1.0,,,,,,,
director-off-s32,director-off,32,14932992,0.89,,-1.0,,,,,,,
director-off-s32,director-off,32,14963712,0.89,,-1.0,,,,,,,
director-off-s32,director-off,32,14994432,0.83,,-1.0,,,,,,,
director-off-s32,director-off,32,14997504,0.88,,-1.0,,,,,,,
director-off-s33,director-off,33,3072,0.0,,-1.0,,,,,,,
director-off-s33,director-off,33,33792,0.0,,-1.0,,,,,,,
director-off-s33,director-off,33,64512,0.01,,-1.0,,,,,,,
director-off-s33,director-off,33,95232,0.02,,-1.0,,,,,,,
director-off-s33,director-off,33,125952,0.0,,-1.0,,,,,,,
director-off-s33,director-off,33,156672,0.04,,-1.0,,,,,,,
director-off-s33,director-off,33,187392,0.04,,-1.0,,,,,,,
director-off-s33,director-off,33,218112,0.02,,-1.0,,,,,,,
director-off-s33,director-off,33,248832,0.03,,-1.0,,,,,,,
director-off-s33,director-off,33,279552,0.01,,-1.0,,,,,,,
director-off-s33,director-off,33,310272,0.02,,-1.0,,,,,,,
director-off-s33,director-off,33,340992,0.02,,-1.0,,,,,,,
director-off-s33,director-off,33,371712,0.01,,-1.0,,,,,,,
director-off-s33,director-off,33,402432,0.02,,-1.0,,,,,,,
director-off-s33,director-off,33,433152,0.04,,-1.0,,,,,,,
director-off-s33,director-off,33,463872,0.06,,-1.0,,,,,,,
director-off-s33,director-off,33,494592,0.03,,-1.0,,,,,,,
director-off-s33,director-off,33,525312,0.03,,-1.0,,,,,,,
director-off-s33,director-off,33,556032,0.02,,-1.0,,,,,,,
director-off-s33,director-off,33,586752,0.03,,-1.0,,,,,,,
director-off-s33,director-off,33,617472,0.05,,-1.0,,,,,,,
director-off-s33,director-off,33,648192,0.05,,-1.0,,,,,,,
director-off-s33,director-off,33,678912,0.03,,-1.0,,,,,,,
director-off-s33,director-off,33,709632,0.04,,-1.0,,,,,,,
director-off-s33,director-off,33,740352,0.03,,-1.0,,,,,,,
director-off-s33,director-off,33,771072,0.03,,-1.0,,,,,,,
director-off-s33,director-off,33,801792,0.05,,-1.0,,,,,,,
director-off-s33,director-off,33,832512,0.04,,-1.0,,,,,,,
director-off-s33,director-off,33,863232,0.03,,-1.0,,,,,,,
director-off-s33,director-off,33,893952,0.06,,-1.0,,,,,,,
director-off-s33,director-off,33,924672,0.07,,-1.0,,,,,,,
director-off-s33,director-off,33,955392,0.03,,-1.0,,,,,,,
director-off-s33,director-off,33,986112,0.03,,-1.0,,,,,,,
director-off-s33,director-off,33,1016832,0.02,,-1.0,,,,,,,
director-off-s33,director-off,33,1047552,0.04,,-1.0,,,,,,,
director-off-s33,director-off,33,1078272,0.01,,-1.0,,,,,,,
director-off-s33,director-off,33,1108992,0.04,,-1.0,,,,,,,
director-off-s33,director-off,33,1139712,0.06,,-1.0,,,,,,,
director-off-s33,director-off,33,1170432,0.04,,-1.0,,,,,,,
director-off-s33,director-off,33,1201152,0.04,,-1.0,,,,,,,
director-off-s33,director-off,33,1231872,0.03,,-1.0,,,,,,,
director-off-s33,director-off,33,1262592,0.01,,-1.0,,,,,,,
director-off-s33,director-off,33,1293312,0.09,,-1.0,,,,,,,
director-off-s33,director-off,33,1324032,0.07,,-1.0,,,,,,,
director-off-s33,director-off,33,1354752,0.06,,-1.0,,,,,,,
director-off-s33,director-off,33,1385472,0.02,,-1.0,,,,,,,
director-off-s33,director-off,33,1416192,0.03,,-1.0,,,,,,,
director-off-s33,director-off,33,1446912,0.06,,-1.0,,,,,,,
director-off-s33,director-off,33,1477632,0.05,,-1.0,,,,,,,
director-off-s33,director-off,33,1508352,0.04,,-1.0,,,,,,,
director-off-s33,director-off,33,1539072,0.05,,-1.0,,,,,,,
director-off-s33,director-off,33,1569792,0.05,,-1.0,,,,,,,
director-off-s33,director-off,33,1600512,0.07,,-1.0,,,,,,,
director-off-s33,director-off,33,1631232,0.05,,-1.0,,,,,,,
director-off-s33,director-off,33,1661952,0.06,,-1.0,,,,,,,
director-off-s33,director-off,33,1692672,0.09,,-1.0,,,,,,,
director-off-s33,director-off,33,1723392,0.1,,-1.0,,,,,,,
director-off-s33,director-off,33,1754112,0.07,,-1.0,,,,,,,
director-off-s33,director-off,33,1784832,0.09,,-1.0,,,,,,,
director-off-s33,director-off,33,1815552,0.08,,-1.0,,,,,,,
director-off-s33,director-off,33,1846272,0.04,,-1.0,,,,,,,
director-off-s33,director-off,33,1876992,0.08,,-1.0,,,,,,,
director-off-s33,director-off,33,1907712,0.08,,-1.0,,,,,,,
director-off-s33,director-off,33,1938432,0.1,,-1.0,,,,,,,
director-off-s33,director-off,33,1969152,0.05,,-1.0,,,,,,,
director-off-s33,director-off,33,1999872,0.06,,-1.0,,,,,,,
director-off-s33,director-off,33,2030592,0.06,,-1.0,,,,,,,
director-off-s33,director-off,33,2061312,0.09,,-1.0,,,,,,,
director-off-s33,director-off,33,2092032,0.11,,-1.0,,,,,,,
director-off-s33,director-off,33,2122752,0.09,,-1.0,,,,,,,
director-off-s33,director-off,33,2153472,0.08,,-1.0,,,,,,,
director-off-s33,director-off,33,2184192,0.09,,-1.0,,,,,,,
director-off-s33,director-off,33,2214912,0.11,,-1.0,,,,,,,
director-off-s33,director-off,33,2245632,0.1,,-1.0,,,,,,,
director-off-s33,director-off,33,2276352,0.06,,-1.0,,,,,,,
director-off-s33,director-off,33,2307072,0.11,,-1.0,,,,,,,
director-off-s33,director-off,33,2337792,0.03,,-1.0,,,,,,,
director-off-s33,director-off,33,2368512,0.11,,-1.0,,,,,,,
director-off-s33,director-off,33,2399232,0.08,,-1.0,,,,,,,
director-off-s33,director-off,33,2429952,0.08,,-1.0,,,,,,,
director-off-s33,director-off,33,2460672,0.07,,-1.0,,,,,,,
director-off-s33,director-off,33,2491392,0.1,,-1.0,,,,,,,
director-off-s33,director-off,33,2522112,0.16,,-1.0,,,,,,,
director-off-s33,director-off,33,2552832,0.12,,-1.0,,,,,,,
director-off-s33,director-off,33,2583552,0.12,,-1.0,,,,,,,
director-off-s33,director-off,33,2614272,0.12,,-1.0,,,,,,,
director-off-s33,director-off,33,2644992,0.1,,-1.0,,,,,,,
director-off-s33,director-off,33,2675712,0.1,,-1.0,,,,,,,
director-off-s33,director-off,33,2706432,0.09,,-1.0,,,,,,,
director-off-s33,director-off,33,2737152,0.09,,-1.0,,,,,,,
director-off-s33,director-off,33,2767872,0.13,,-1.0,,,,,,,
director-off-s33,director-off,33,2798592,0.1,,-1.0,,,,,,,
director-off-s33,director-off,33,2829312,0.12,,-1.0,,,,,,,
director-off-s33,director-off,33,2860032,0.11,,-1.0,,,,,,,
director-off-s33,director-off,33,2890752,0.14,,-1.0,,,,,,,
director-off-s33,director-off,33,2921472,0.11,,-1.0,,,,,,,
director-off-s33,director-off,33,2952192,0.1,,-1.0,,,,,,,
director-off-s33,director-off,33,2982912,0.08,,-1.0,,,,,,,
director-off-s33,director-off,33,3013632,0.14,,-1.0,,,,,,,
director-off-s33,director-off,33,3044352,0.18,,-1.0,,,,,,,
director-off-s33,director-off,33,3075072,0.09,,-1.0,,,,,,,
director-off-s33,director-off,33,3105792,0.17,,-1.0,,,,,,,
director-off-s33,director-off,33,3136512,0.22,,-1.0,,,,,,,
director-off-s33,director-off,33,3167232,0.14,,-1.0,,,,,,,
director-off-s33,director-off,33,3197952,0.21,,-1.0,,,,,,,
director-off-s33,director-off,33,3228672,0.23,,-1.0,,,,,,,
director-off-s33,director-off,33,3259392,0.16,,-1.0,,,,,,,
director-off-s33,director-off,33,3290112,0.18,,-1.0,,,,,,,
director-off-s33,director-off,33,3320832,0.15,,-1.0,,,,,,,
director-off-s33,director-off,33,3351552,0.13,,-1.0,,,,,,,
director-off-s33,director-off,33,3382272,0.22,,-1.0,,,,,,,
director-off-s33,director-off,33,3412992,0.18,,-1.0,,,,,,,
director-off-s33,director-off,33,3443712,0.14,,-1.0,,,,,,,
director-off-s33,director-off,33,3474432,0.29,,-1.0,,,,,,,
director-off-s33,director-off,33,3505152,0.19,,-1.0,,,,,,,
director-off-s33,director-off,33,3535872,0.15,,-1.0,,,,,,,
director-off-s33,director-off,33,3566592,0.22,,-1.0,,,,,,,
director-off-s33,director-off,33,3597312,0.2,,-1.0,,,,,,,
director-off-s33,director-off,33,3628032,0.21,,-1.0,,,,,,,
director-off-s33,director-off,33,3658752,0.26,,-1.0,,,,,,,
director-off-s33,director-off,33,3689472,0.29,,-1.0,,,,,,,
director-off-s33,director-off,33,3720192,0.24,,-1.0,,,,,,,
director-off-s33,director-off,33,3750912,0.17,,-1.0,,,,,,,
director-off-s33,director-off,33,3781632,0.2,,-1.0,,,,,,,
director-off-s33,director-off,33,3812352,0.24,,-1.0,,,,,,,
director-off-s33,director-off,33,3843072,0.15,,-1.0,,,,,,,
director-off-s33,director-off,33,3873792,0.23,,-1.0,,,,,,,
director-off-s33,director-off,33,3904512,0.2,,-1.0,,,,,,,
director-off-s33,director-off,33,3935232,0.22,,-1.0,,,,,,,
director-off-s33,director-off,33,3965952,0.26,,-1.0,,,,,,,
director-off-s33,director-off,33,3996672,0.22,,-1.0,,,,,,,
director-off-s33,director-off,33,4027392,0.31,,-1.0,,,,,,,
director-off-s33,director-off,33,4058112,0.21,,-1.0,,,,,,,
director-off-s33,director-off,33,4088832,0.27,,-1.0,,,,,,,
director-off-s33,director-off,33,4119552,0.28,,-1.0,,,,,,,
director-off-s33,director-off,33,4150272,0.22,,-1.0,,,,,,,
director-off-s33,director-off,33,4180992,0.2,,-1.0,,,,,,,
director-off-s33,director-off,33,4211712,0.21,,-1.0,,,,,,,
director-off-s33,director-off,33,4242432,0.22,,-1.0,,,,,,,
director-off-s33,director-off,33,4273152,0.27,,-1.0,,,,,,,
director-off-s33,director-off,33,4303872,0.24,,-1.0,,,,,,,
director-off-s33,director-off,33,4334592,0.18,,-1.0,,,,,,,
director-off-s33,director-off,33,4365312,0.19,,-1.0,,,,,,,
director-off-s33,director-off,33,4396032,0.31,,-1.0,,,,,,,
director-off-s33,director-off,33,4426752,0.28,,-1.0,,,,,,,
director-off-s33,director-off,33,4457472,0.16,,-1.0,,,,,,,
director-off-s33,director-off,33,4488192,0.2,,-1.0,,,,,,,
director-off-s33,director-off,33,4518912,0.2,,-1.0,,,,,,,
director-off-s33,director-off,33,4549632,0.26,,-1.0,,,,,,,
director-off-s33,director-off,33,4580352,0.29,,-1.0,,,,,,,
director-off-s33,director-off,33,4611072,0.27,,-1.0,,,,,,,
director-off-s33,director-off,33,4641792,0.31,,-1.0,,,,,,,
director-off-s33,director-off,33,4672512,0.26,,-1.0,,,,,,,
director-off-s33,director-off,33,4703232,0.21,,-1.0,,,,,,,
director-off-s33,director-off,33,4733952,0.24,,-1.0,,,,,,,
director-off-s33,director-off,33,4764672,0.33,,-1.0,,,,,,,
director-off-s33,director-off,33,4795392,0.23,,-1.0,,,,,,,
director-off-s33,director-off,33,4826112,0.26,,-1.0,,,,,,,
director-off-s33,director-off,33,4856832,0.28,,-1.0,,,,,,,
director-off-s33,director-off,33,4887552,0.26,,-1.0,,,,,,,
director-off-s33,director-off,33,4918272,0.37,,-1.0,,,,,,,
director-off-s33,director-off,33,4948992,0.3,,-1.0,,,,,,,
director-off-s33,director-off,33,4979712,0.28,,-1.0,,,,,,,
director-off-s33,director-off,33,5010432,0.23,,-1.0,,,,,,,
director-off-s33,director-off,33,5041152,0.28,,-1.0,,,,,,,
director-off-s33,director-off,33,5071872,0.22,,-1.0,,,,,,,
director-off-s33,director-off,33,5102592,0.31,,-1.0,,,,,,,
director-off-s33,director-off,33,5133312,0.31,,-1.0,,,,,,,
director-off-s33,director-off,33,5164032,0.28,,-1.0,,,,,,,
director-off-s33,director-off,33,5194752,0.26,,-1.0,,,,,,,
director-off-s33,director-off,33,5225472,0.33,,-1.0,,,,,,,
director-off-s33,director-off,33,5256192,0.27,,-1.0,,,,,,,
director-off-s33,director-off,33,5286912,0.33,,-1.0,,,,,,,
director-off-s33,director-off,33,5317632,0.27,,-1.0,,,,,,,
director-off-s33,director-off,33,5348352,0.28,,-1.0,,,,,,,
director-off-s33,director-off,33,5379072,0.32,,-1.0,,,,,,,
director-off-s33,director-off,33,5409792,0.35,,-1.0,,,,,,,
director-off-s33,director-off,33,5440512,0.3,,-1.0,,,,,,,
director-off-s33,director-off,33,5471232,0.37,,-1.0,,,,,,,
director-off-s33,director-off,33,5501952,0.27,,-1.0,,,,,,,
director-off-s33,director-off,33,5532672,0.34,,-1.0,,,,,,,
director-off-s33,director-off,33,5563392,0.35,,-1.0,,,,,,,
director-off-s33,director-off,33,5594112,0.32,,-1.0,,,,,,,
director-off-s33,director-off,33,5624832,0.38,,-1.0,,,,,,,
director-off-s33,director-off,33,5655552,0.3,,-1.0,,,,,,,
director-off-s33,director-off,33,5686272,0.32,,-1.0,,,,,,,
director-off-s33,director-off,33,5716992,0.33,,-1.0,,,,,,,
director-off-s33,director-off,33,5747712,0.31,,-1.0,,,,,,,
director-off-s33,director-off,33,5778432,0.3,,-1.0,,,,,,,
director-off-s33,director-off,33,5809152,0.32,,-1.0,,,,,,,
director-off-s33,director-off,33,5839872,0.46,,-1.0,,,,,,,
director-off-s33,director-off,33,5870592,0.36,,-1.0,,,,,,,
director-off-s33,director-off,33,5901312,0.28,,-1.0,,,,,,,
director-off-s33,director-off,33,5932032,0.39,,-1.0,,,,,,,
director-off-s33,director-off,33,5962752,0.25,,-1.0,,,,,,,
director-off-s33,director-off,33,5993472,0.34,,-1.0,,,,,,,
director-off-s33,director-off,33,6024192,0.35,,-1.0,,,,,,,
director-off-s33,director-off,33,6054912,0.36,,-1.0,,,,,,,
director-off-s33,director-off,33,6085632,0.35,,-1.0,,,,,,,
director-off-s33,director-off,33,6116352,0.4,,-1.0,,,,,,,
director-off-s33,director-off,33,6147072,0.33,,-1.0,,,,,,,
director-off-s33,director-off,33,6177792,0.38,,-1.0,,,,,,,
director-off-s33,director-off,33,6208512,0.4,,-1.0,,,,,,,
director-off-s33,director-off,33,6239232,0.27,,-1.0,,,,,,,
director-off-s33,director-off,33,6269952,0.36,,-1.0,,,,,,,
director-off-s33,director-off,33,6300672,0.4,,-1.0,,,,,,,
director-off-s33,director-off,33,6331392,0.35,,-1.0,,,,,,,
director-off-s33,director-off,33,6362112,0.37,,-1.0,,,,,,,
director-off-s33,director-off,33,6392832,0.37,,-1.0,,,,,,,
director-off-s33,director-off,33,6423552,0.4,,-1.0,,,,,,,
director-off-s33,director-off,33,6454272,0.36,,-1.0,,,,,,,
director-off-s33,director-off,33,6484992,0.3,,-1.0,,,,,,,
director-off-s33,director-off,33,6515712,0.47,,-1.0,,,,,,,
director-off-s33,director-off,33,6546432,0.36,,-1.0,,,,,,,
director-off-s33,director-off,33,6577152,0.35,,-1.0,,,,,,,
director-off-s33,director-off,33,6607872,0.41,,-1.0,,,,,,,
director-off-s33,director-off,33,6638592,0.37,,-1.0,,,,,,,
director-off-s33,director-off,33,6669312,0.39,,-1.0,,,,,,,
director-off-s33,director-off,33,6700032,0.44,,-1.0,,,,,,,
director-off-s33,director-off,33,6730752,0.32,,-1.0,,,,,,,
director-off-s33,director-off,33,6761472,0.42,,-1.0,,,,,,,
director-off-s33,director-off,33,6792192,0.42,,-1.0,,,,,,,
director-off-s33,director-off,33,6822912,0.44,,-1.0,,,,,,,
director-off-s33,director-off,33,6853632,0.38,,-1.0,,,,,,,
director-off-s33,director-off,33,6884352,0.44,,-1.0,,,,,,,
director-off-s33,director-off,33,6915072,0.37,,-1.0,,,,,,,
director-off-s33,director-off,33,6945792,0.49,,-1.0,,,,,,,
director-off-s33,director-off,33,6976512,0.49,,-1.0,,,,,,,
director-off-s33,director-off,33,7007232,0.42,,-1.0,,,,,,,
director-off-s33,director-off,33,7037952,0.35,,-1.0,,,,,,,
director-off-s33,director-off,33,7068672,0.4,,-1.0,,,,,,,
director-off-s33,director-off,33,7099392,0.4,,-1.0,,,,,,,
director-off-s33,director-off,33,7130112,0.35,,-1.0,,,,,,,
director-off-s33,director-off,33,7160832,0.45,,-1.0,,,,,,,
director-off-s33,director-off,33,7191552,0.45,,-1.0,,,,,,,
director-off-s33,director-off,33,7222272,0.44,,-1.0,,,,,,,
director-off-s33,director-off,33,7252992,0.4,,-1.0,,,,,,,
director-off-s33,director-off,33,7283712,0.46,,-1.0,,,,,,,
director-off-s33,director-off,33,7314432,0.45,,-1.0,,,,,,,
director-off-s33,director-off,33,7345152,0.49,,-1.0,,,,,,,
director-off-s33,director-off,33,7375872,0.47,,-1.0,,,,,,,
director-off-s33,director-off,33,7406592,0.55,,-1.0,,,,,,,
director-off-s33,director-off,33,7437312,0.39,,-1.0,,,,,,,
director-off-s33,director-off,33,7468032,0.42,,-1.0,,,,,,,
director-off-s33,director-off,33,7498752,0.44,,-1.0,,,,,,,
director-off-s33,director-off,33,7529472,0.49,,-1.0,,,,,,,
director-off-s33,director-off,33,7560192,0.48,,-1.0,,,,,,,
director-off-s33,director-off,33,7590912,0.52,,-1.0,,,,,,,
director-off-s33,director-off,33,7621632,0.42,,-1.0,,,,,,,
director-off-s33,director-off,33,7652352,0.42,,-1.0,,,,,,,
director-off-s33,director-off,33,7683072,0.41,,-1.0,,,,,,,
director-off-s33,director-off,33,7713792,0.46,,-1.0,,,,,,,
director-off-s33,director-off,33,7744512,0.42,,-1.0,,,,,,,
director-off-s33,director-off,33,7775232,0.52,,-1.0,,,,,,,
director-off-s33,director-off,33,7805952,0.45,,-1.0,,,,,,,
director-off-s33,director-off,33,7836672,0.54,,-1.0,,,,,,,
director-off-s33,director-off,33,7867392,0.45,,-1.0,,,,,,,
director-off-s33,director-off,33,7898112,0.48,,-1.0,,,,,,,
director-off-s33,director-off,33,7928832,0.49,,-1.0,,,,,,,
director-off-s33,director-off,33,7959552,0.48,,-1.0,,,,,,,
director-off-s33,director-off,33,7990272,0.49,,-1.0,,,,,,,
director-off-s33,director-off,33,8020992,0.45,,-1.0,,,,,,,
director-off-s33,director-off,33,8051712,0.52,,-1.0,,,,,,,
director-off-s33,director-off,33,8082432,0.46,,-1.0,,,,,,,
director-off-s33,director-off,33,8113152,0.54,,-1.0,,,,,,,
director-off-s33,director-off,33,8143872,0.54,,-1.0,,,,,,,
director-off-s33,director-off,33,8174592,0.52,,-1.0,,,,,,,
director-off-s33,director-off,33,8205312,0.51,,-1.0,,,,,,,
director-off-s33,director-off,33,8236032,0.54,,-1.0,,,,,,,
director-off-s33,director-off,33,8266752,0.6,,-1.0,,,,,,,
director-off-s33,director-off,33,8297472,0.49,,-1.0,,,,,,,
director-off-s33,director-off,33,8328192,0.57,,-1.0,,,,,,,
director-off-s33,director-off,33,8358912,0.49,,-1.0,,,,,,,
director-off-s33,director-off,33,8389632,0.49,,-1.0,,,,,,,
director-off-s33,director-off,33,8420352,0.57,,-1.0,,,,,,,
director-off-s33,director-off,33,8451072,0.55,,-1.0,,,,,,,
director-off-s33,director-off,33,8481792,0.52,,-1.0,,,,,,,
director-off-s33,director-off,33,8512512,0.56,,-1.0,,,,,,,
director-off-s33,director-off,33,8543232,0.47,,-1.0,,,,,,,
director-off-s33,director-off,33,8573952,0.52,,-1.0,,,,,,,
director-off-s33,director-off,33,8604672,0.57,,-1.0,,,,,,,
director-off-s33,director-off,33,8635392,0.55,,-1.0,,,,,,,
director-off-s33,director-off,33,8666112,0.53,,-1.0,,,,,,,
director-off-s33,director-off,33,8696832,0.51,,-1.0,,,,,,,
director-off-s33,director-off,33,8727552,0.57,,-1.0,,,,,,,
director-off-s33,director-off,33,8758272,0.63,,-1.0,,,,,,,
director-off-s33,director-off,33,8788992,0.54,,-1.0,,,,,,,
director-off-s33,director-off,33,8819712,0.5,,-1.0,,,,,,,
director-off-s33,director-off,33,8850432,0.52,,-1.0,,,,,,,
director-off-s33,director-off,33,8881152,0.5,,-1.0,,,,,,,
director-off-s33,director-off,33,8911872,0.62,,-1.0,,,,,,,
director-off-s33,director-off,33,8942592,0.52,,-1.0,,,,,,,
director-off-s33,director-off,33,8973312,0.6,,-1.0,,,,,,,
director-off-s33,director-off,33,9004032,0.49,,-1.0,,,,,,,
director-off-s33,director-off,33,9034752,0.47,,-1.0,,,,,,,
director-off-s33,director-off,33,9065472,0.55,,-1.0,,,,,,,
director-off-s33,director-off,33,9096192,0.6,,-1.0,,,,,,,
director-off-s33,director-off,33,9126912,0.58,,-1.0,,,,,,,
director-off-s33,director-off,33,9157632,0.54,,-1.0,,,,,,,
director-off-s33,director-off,33,9188352,0.66,,-1.0,,,,,,,
director-off-s33,director-off,33,9219072,0.53,,-1.0,,,,,,,
director-off-s33,director-off,33,9249792,0.63,,-1.0,,,,,,,
director-off-s33,director-off,33,9280512,0.52,,-1.0,,,,,,,
director-off-s33,director-off,33,9311232,0.61,,-1.0,,,,,,,
director-off-s33,director-off,33,9341952,0.62,,-1.0,,,,,,,
director-off-s33,director-off,33,9372672,0.63,,-1.0,,,,,,,
director-off-s33,director-off,33,9403392,0.57,,-1.0,,,,,,,
director-off-s33,director-off,33,9434112,0.53,,-1.0,,,,,,,
director-off-s33,director-off,33,9464832,0.52,,-1.0,,,,,,,
director-off-s33,director-off,33,9495552,0.57,,-1.0,,,,,,,
director-off-s33,director-off,33,9526272,0.59,,-1.0,,,,,,,
director-off-s33,director-off,33,9556992,0.61,,-1.0,,,,,,,
director-off-s33,director-off,33,9587712,0.62,,-1.0,,,,,,,
director-off-s33,director-off,33,9618432,0.53,,-1.0,,,,,,,
director-off-s33,director-off,33,9649152,0.67,,-1.0,,,,,,,
director-off-s33,director-off,33,9679872,0.69,,-1.0,,,,,,,
director-off-s33,director-off,33,9710592,0.66,,-1.0,,,,,,,
director-off-s33,director-off,33,9741312,0.57,,-1.0,,,,,,,
director-off-s33,director-off,33,9772032,0.69,,-1.0,,,,,,,
director-off-s33,director-off,33,9802752,0.57,,-1.0,,,,,,,
director-off-s33,director-off,33,9833472,0.63,,-1.0,,,,,,,
director-off-s33,director-off,33,9864192,0.62,,-1.0,,,,,,,
director-off-s33,director-off,33,9894912,0.68,,-1.0,,,,,,,
director-off-s33,director-off,33,9925632,0.63,,-1.0,,,,,,,
director-off-s33,director-off,33,9956352,0.57,,-1.0,,,,,,,
director-off-s33,director-off,33,9987072,0.66,,-1.0,,,,,,,
director-off-s33,director-off,33,10017792,0.66,,-1.0,,,,,,,
director-off-s33,director-off,33,10048512,0.61,,-1.0,,,,,,,
director-off-s33,director-off,33,10079232,0.72,,-1.0,,,,,,,
director-off-s33,director-off,33,10109952,0.64,,-1.0,,,,,,,
director-off-s33,director-off,33,10140672,0.66,,-1.0,,,,,,,
director-off-s33,director-off,33,10171392,0.67,,-1.0,,,,,,,
director-off-s33,director-off,33,10202112,0.62,,-1.0,,,,,,,
director-off-s33,director-off,33,10232832,0.61,,-1.0,,,,,,,
director-off-s33,director-off,33,10263552,0.6,,-1.0,,,,,,,
director-off-s33,director-off,33,10294272,0.7,,-1.0,,,,,,,
director-off-s33,director-off,33,10324992,0.7,,-1.0,,,,,,,
director-off-s33,director-off,33,10355712,0.54,,-1.0,,,,,,,
director-off-s33,director-off,33,10386432,0.65,,-1.0,,,,,,,
director-off-s33,director-off,33,10417152,0.67,,-1.0,,,,,,,
director-off-s33,director-off,33,10447872,0.69,,-1.0,,,,,,,
director-off-s33,director-off,33,10478592,0.71,,-1.0,,,,,,,
director-off-s33,director-off,33,10509312,0.62,,-1.0,,,,,,,
director-off-s33,director-off,33,10540032,0.59,,-1.0,,,,,,,
director-off-s33,director-off,33,10570752,0.69,,-1.0,,,,,,,
director-off-s33,director-off,33,10601472,0.71,,-1.0,,,,,,,
director-off-s33,director-off,33,10632192,0.76,,-1.0,,,,,,,
director-off-s33,director-off,33,10662912,0.69,,-1.0,,,,,,,
director-off-s33,director-off,33,10693632,0.66,,-1.0,,,,,,,
director-off-s33,director-off,33,10724352,0.61,,-1.0,,,,,,,
director-off-s33,director-off,33,10755072,0.61,,-1.0,,,,,,,
director-off-s33,director-off,33,10785792,0.76,,-1.0,,,,,,,
director-off-s33,director-off,33,10816512,0.67,,-1.0,,,,,,,
director-off-s33,director-off,33,10847232,0.68,,-1.0,,,,,,,
director-off-s33,director-off,33,10877952,0.62,,-1.0,,,,,,,
director-off-s33,director-off,33,10908672,0.72,,-1.0,,,,,,,
director-off-s33,director-off,33,10939392,0.77,,-1.0,,,,,,,
director-off-s33,director-off,33,10970112,0.68,,-1.0,,,,,,,
director-off-s33,director-off,33,11000832,0.78,,-1.0,,,,,,,
director-off-s33,director-off,33,11031552,0.7,,-1.0,,,,,,,
director-off-s33,director-off,33,11062272,0.72,,-1.0,,,,,,,
director-off-s33,director-off,33,11092992,0.69,,-1.0,,,,,,,
director-off-s33,director-off,33,11123712,0.74,,-1.0,,,,,,,
director-off-s33,director-off,33,11154432,0.71,,-1.0,,,,,,,
director-off-s33,director-off,33,11185152,0.7,,-1.0,,,,,,,
director-off-s33,director-off,33,11215872,0.8,,-1.0,,,,,,,
director-off-s33,director-off,33,11246592,0.78,,-1.0,,,,,,,
director-off-s33,director-off,33,11277312,0.77,,-1.0,,,,,,,
director-off-s33,director-off,33,11308032,0.72,,-1.0,,,,,,,
director-off-s33,director-off,33,11338752,0.73,,-1.0,,,,,,,
director-off-s33,director-off,33,11369472,0.7,,-1.0,,,,,,,
director-off-s33,director-off,33,11400192,0.81,,-1.0,,,,,,,
director-off-s33,director-off,33,11430912,0.74,,-1.0,,,,,,,
director-off-s33,director-off,33,11461632,0.71,,-1.0,,,,,,,
director-off-s33,director-off,33,11492352,0.73,,-1.0,,,,,,,
director-off-s33,director-off,33,11523072,0.79,,-1.0,,,,,,,
director-off-s33,director-off,33,11553792,0.79,,-1.0,,,,,,,
director-off-s33,director-off,33,11584512,0.73,,-1.0,,,,,,,
director-off-s33,director-off,33,11615232,0.75,,-1.0,,,,,,,
director-off-s33,director-off,33,11645952,0.77,,-1.0,,,,,,,
director-off-s33,director-off,33,11676672,0.73,,-1.0,,,,,,,
director-off-s33,director-off,33,11707392,0.74,,-1.0,,,,,,,
director-off-s33,director-off,33,11738112,0.72,,-1.0,,,,,,,
director-off-s33,director-off,33,11768832,0.79,,-1.0,,,,,,,
director-off-s33,director-off,33,11799552,0.73,,-1.0,,,,,,,
director-off-s33,director-off,33,11830272,0.74,,-1.0,,,,,,,
director-off-s33,director-off,33,11860992,0.8,,-1.0,,,,,,,
director-off-s33,director-off,33,11891712,0.73,,-1.0,,,,,,,
director-off-s33,director-off,33,11922432,0.73,,-1.0,,,,,,,
director-off-s33,director-off,33,11953152,0.76,,-1.0,,,,,,,
director-off-s33,director-off,33,11983872,0.78,,-1.0,,,,,,,
director-off-s33,director-off,33,12014592,0.81,,-1.0,,,,,,,
director-off-s33,director-off,33,12045312,0.79,,-1.0,,,,,,,
director-off-s33,director-off,33,12076032,0.76,,-1.0,,,,,,,
director-off-s33,director-off,33,12106752,0.78,,-1.0,,,,,,,
director-off-s33,director-off,33,12137472,0.73,,-1.0,,,,,,,
director-off-s33,director-off,33,12168192,0.81,,-1.0,,,,,,,
director-off-s33,director-off,33,12198912,0.81,,-1.0,,,,,,,
director-off-s33,director-off,33,12229632,0.78,,-1.0,,,,,,,
director-off-s33,director-off,33,12260352,0.84,,-1.0,,,,,,,
director-off-s33,director-off,33,12291072,0.8,,-1.0,,,,,,,
director-off-s33,director-off,33,12321792,0.79,,-1.0,,,,,,,
director-off-s33,director-off,33,12352512,0.8,,-1.0,,,,,,,
director-off-s33,director-off,33,12383232,0.85,,-1.0,,,,,,,
director-off-s33,director-off,33,12413952,0.78,,-1.0,,,,,,,
director-off-s33,director-off,33,12444672,0.79,,-1.0,,,,,,,
director-off-s33,director-off,33,12475392,0.77,,-1.0,,,,,,,
director-off-s33,director-off,33,12506112,0.82,,-1.0,,,,,,,
director-off-s33,director-off,33,12536832,0.81,,-1.0,,,,,,,
director-off-s33,director-off,33,12567552,0.8,,-1.0,,,,,,,
director-off-s33,director-off,33,12598272,0.77,,-1.0,,,,,,,
director-off-s33,director-off,33,12628992,0.83,,-1.0,,,,,,,
director-off-s33,director-off,33,12659712,0.8,,-1.0,,,,,,,
director-off-s33,director-off,33,12690432,0.81,,-1.0,,,,,,,
director-off-s33,director-off,33,12721152,0.84,,-1.0,,,,,,,
director-off-s33,director-off,33,12751872,0.82,,-1.0,,,,,,,
director-off-s33,director-off,33,12782592,0.81,,-1.0,,,,,,,
director-off-s33,director-off,33,12813312,0.74,,-1.0,,,,,,,
director-off-s33,director-off,33,12844032,0.86,,-1.0,,,,,,,
director-off-s33,director-off,33,12874752,0.82,,-1.0,,,,,,,
director-off-s33,director-off,33,12905472,0.8,,-1.0,,,,,,,
director-off-s33,director-off,33,12936192,0.8,,-1.0,,,,,,,
director-off-s33,director-off,33,12966912,0.77,,-1.0,,,,,,,
director-off-s33,director-off,33,12997632,0.84,,-1.0,,,,,,,
director-off-s33,director-off,33,13028352,0.83,,-1.0,,,,,,,
director-off-s33,director-off,33,13059072,0.81,,-1.0,,,,,,,
director-off-s33,director-off,33,13089792,0.81,,-1.0,,,,,,,
director-off-s33,director-off,33,13120512,0.77,,-1.0,,,,,,,
director-off-s33,director-off,33,13151232,0.85,,-1.0,,,,,,,
director-off-s33,director-off,33,13181952,0.8,,-1.0,,,,,,,
director-off-s33,director-off,33,13212672,0.83,,-1.0,,,,,,,
director-off-s33,director-off,33,13243392,0.8,,-1.0,,,,,,,
director-off-s33,director-off,33,13274112,0.79,,-1.0,,,,,,,
director-off-s33,director-off,33,13304832,0.82,,-1.0,,,,,,,
director-off-s33,director-off,33,13335552,0.79,,-1.0,,,,,,,
director-off-s33,director-off,33,13366272,0.88,,-1.0,,,,,,,
director-off-s33,director-off,33,13396992,0.79,,-1.0,,,,,,,
director-off-s33,director-off,33,13427712,0.75,,-1.0,,,,,,,
director-off-s33,director-off,33,13458432,0.88,,-1.0,,,,,,,
director-off-s33,director-off,33,13489152,0.8,,-1.0,,,,,,,
director-off-s33,director-off,33,13519872,0.73,,-1.0,,,,,,,
director-off-s33,director-off,33,13550592,0.81,,-1.0,,,,,,,
director-off-s33,director-off,33,13581312,0.83,,-1.0,,,,,,,
director-off-s33,director-off,33,13612032,0.87,,-1.0,,,,,,,
director-off-s33,director-off,33,13642752,0.82,,-1.0,,,,,,,
director-off-s33,director-off,33,13673472,0.78,,-1.0,,,,,,,
director-off-s33,director-off,33,13704192,0.81,,-1.0,,,,,,,
director-off-s33,director-off,33,13734912,0.81,,-1.0,,,,,,,
director-off-s33,director-off,33,13765632,0.79,,-1.0,,,,,,,
director-off-s33,director-off,33,13796352,0.86,,-1.0,,,,,,,
director-off-s33,director-off,33,13827072,0.83,,-1.0,,,,,,,
director-off-s33,director-off,33,13857792,0.84,,-1.0,,,,,,,
director-off-s33,director-off,33,13888512,0.82,,-1.0,,,,,,,
director-off-s33,director-off,33,13919232,0.85,,-1.0,,,,,,,
director-off-s33,director-off,33,13949952,0.88,,-1.0,,,,,,,
director-off-s33,director-off,33,13980672,0.88,,-1.0,,,,,,,
director-off-s33,director-off,33,14011392,0.92,,-1.0,,,,,,,
director-off-s33,director-off,33,14042112,0.84,,-1.0,,,,,,,
director-off-s33,director-off,33,14072832,0.82,,-1.0,,,,,,,
director-off-s33,director-off,33,14103552,0.87,,-1.0,,,,,,,
director-off-s33,director-off,33,14134272,0.84,,-1.0,,,,,,,
director-off-s33,director-off,33,14164992,0.86,,-1.0,,,,,,,
director-off-s33,director-off,33,14195712,0.81,,-1.0,,,,,,,
director-off-s33,director-off,33,14226432,0.86,,-1.0,,,,,,,
director-off-s33,director-off,33,14257152,0.82,,-1.0,,,,,,,
director-off-s33,director-off,33,14287872,0.88,,-1.0,,,,,,,
director-off-s33,director-off,33,14318592,0.83,,-1.0,,,,,,,
director-off-s33,director-off,33,14349312,0.91,,-1.0,,,,,,,
director-off-s33,director-off,33,14380032,0.82,,-1.0,,,,,,,
director-off-s33,director-off,33,14410752,0.81,,-1.0,,,,,,,
director-off-s33,director-off,33,14441472,0.85,,-1.0,,,,,,,
director-off-s33,director-off,33,14472192,0.88,,-1.0,,,,,,,
director-off-s33,director-off,33,14502912,0.81,,-1.0,,,,,,,
director-off-s33,director-off,33,14533632,0.85,,-1.0,,,,,,,
director-off-s33,director-off,33,14564352,0.77,,-1.0,,,,,,,
director-off-s33,director-off,33,14595072,0.86,,-1.0,,,,,,,
director-off-s33,director-off,33,14625792,0.88,,-1.0,,,,,,,
director-off-s33,director-off,33,14656512,0.87,,-1.0,,,,,,,
director-off-s33,director-off,33,14687232,0.84,,-1.0,,,,,,,
director-off-s33,director-off,33,14717952,0.88,,-1.0,,,,,,,
director-off-s33,director-off,33,14748672,0.85,,-1.0,,,,,,,
director-off-s33,director-off,33,14779392,0.85,,-1.0,,,,,,,
director-off-s33,director-off,33,14810112,0.81,,-1.0,,,,,,,
director-off-s33,director-off,33,14840832,0.82,,-1.0,,,,,,,
director-off-s33,director-off,33,14871552,0.89,,-1.0,,,,,,,
director-off-s33,director-off,33,14902272,0.87,,-1.0,,,,,,,
director-off-s33,director-off,33,14932992,0.84,,-1.0,,,,,,,
director-off-s33,director-off,33,14963712,0.88,,-1.0,,,,,,,
director-off-s33,director-off,33,14994432,0.91,,-1.0,,,,,,,
director-off-s33,director-off,33,14997504,0.91,,-1.0,,,,,,,
sparse-s31,sparse,31,3072,0.01,,-1.0,,,,,,,
sparse-s31,sparse,31,33792,0.0,,-1.0,,,,,,,
sparse-s31,sparse,31,64512,0.0,,-1.0,,,,,,,
sparse-s31,sparse,31,95232,0.05,,-1.0,,,,,,,
sparse-s31,sparse,31,125952,0.01,,-1.0,,,,,,,
sparse-s31,sparse,31,156672,0.03,,-1.0,,,,,,,
sparse-s31,sparse,31,187392,0.01,,-1.0,,,,,,,
sparse-s31,sparse,31,218112,0.02,,-1.0,,,,,,,
sparse-s31,sparse,31,248832,0.06,,-1.0,,,,,,,
sparse-s31,sparse,31,279552,0.04,,-1.0,,,,,,,
sparse-s31,sparse,31,310272,0.02,,-1.0,,,,,,,
sparse-s31,sparse,31,340992,0.03,,-1.0,,,,,,,
sparse-s31,sparse,31,371712,0.02,,-1.0,,,,,,,
sparse-s31,sparse,31,402432,0.06,,-1.0,,,,,,,
sparse-s31,sparse,31,433152,0.04,,-1.0,,,,,,,
sparse-s31,sparse,31,463872,0.02,,-1.0,,,,,,,
sparse-s31,sparse,31,494592,0.05,,-1.0,,,,,,,
sparse-s31,sparse,31,525312,0.06,,-1.0,,,,,,,
sparse-s31,sparse,31,556032,0.06,,-1.0,,,,,,,
sparse-s31,sparse,31,586752,0.05,,-1.0,,,,,,,
sparse-s31,sparse,31,617472,0.03,,-1.0,,,,,,,
sparse-s31,sparse,31,648192,0.06,,-1.0,,,,,,,
sparse-s31,sparse,31,678912,0.01,,-1.0,,,,,,,
sparse-s31,sparse,31,709632,0.05,,-1.0,,,,,,,
sparse-s31,sparse,31,740352,0.04,,-1.0,,,,,,,
sparse-s31,sparse,31,771072,0.06,,-1.0,,,,,,,
sparse-s31,sparse,31,801792,0.07,,-1.0,,,,,,,
sparse-s31,sparse,31,832512,0.02,,-1.0,,,,,,,
sparse-s31,sparse,31,863232,0.09,,-1.0,,,,,,,
sparse-s31,sparse,31,893952,0.09,,-1.0,,,,,,,
sparse-s31,sparse,31,924672,0.07,,-1.0,,,,,,,
sparse-s31,sparse,31,955392,0.05,,-1.0,,,,,,,
sparse-s31,sparse,31,986112,0.09,,-1.0,,,,,,,
sparse-s31,sparse,31,1016832,0.1,,-1.0,,,,,,,
sparse-s31,sparse,31,1047552,0.07,,-1.0,,,,,,,
sparse-s31,sparse,31,1078272,0.1,,-1.0,,,,,,,
sparse-s31,sparse,31,1108992,0.11,,-1.0,,,,,,,
sparse-s31,sparse,31,1139712,0.13,,-1.0,,,,,,,
sparse-s31,sparse,31,1170432,0.09,,-1.0,,,,,,,
sparse-s31,sparse,31,1201152,0.13,,-1.0,,,,,,,
sparse-s31,sparse,31,1231872,0.09,,-1.0,,,,,,,
sparse-s31,sparse,31,1262592,0.06,,-1.0,,,,,,,
sparse-s31,sparse,31,1293312,0.1,,-1.0,,,,,,,
sparse-s31,sparse,31,1324032,0.07,,-1.0,,,,,,,
sparse-s31,sparse,31,1354752,0.07,,-1.0,,,,,,,
sparse-s31,sparse,31,1385472,0.11,,-1.0,,,,,,,
sparse-s31,sparse,31,1416192,0.11,,-1.0,,,,,,,
sparse-s31,sparse,31,1446912,0.1,,-1.0,,,,,,,
sparse-s31,sparse,31,1477632,0.11,,-1.0,,,,,,,
sparse-s31,sparse,31,1508352,0.17,,-1.0,,,,,,,
sparse-s31,sparse,31,1539072,0.1,,-1.0,,,,,,,
sparse-s31,sparse,31,1569792,0.09,,-1.0,,,,,,,
sparse-s31,sparse,31,1600512,0.08,,-1.0,,,,,,,
sparse-s31,sparse,31,1631232,0.11,,-1.0,,,,,,,
sparse-s31,sparse,31,1661952,0.14,,-1.0,,,,,,,
sparse-s31,sparse,31,1692672,0.11,,-1.0,,,,,,,
sparse-s31,sparse,31,1723392,0.18,,-1.0,,,,,,,
sparse-s31,sparse,31,1754112,0.16,,-1.0,,,,,,,
sparse-s31,sparse,31,1784832,0.1,,-1.0,,,,,,,
sparse-s31,sparse,31,1815552,0.15,,-1.0,,,,,,,
sparse-s31,sparse,31,1846272,0.13,,-1.0,,,,,,,
sparse-s31,sparse,31,1876992,0.13,,-1.0,,,,,,,
sparse-s31,sparse,31,1907712,0.14,,-1.0,,,,,,,
sparse-s31,sparse,31,1938432,0.19,,-1.0,,,,,,,
sparse-s31,sparse,31,1969152,0.11,,-1.0,,,,,,,
sparse-s31,sparse,31,1999872,0.17,,-1.0,,,,,,,
sparse-s31,sparse,31,2030592,0.12,,-1.0,,,,,,,
sparse-s31,sparse,31,2061312,0.15,,-1.0,,,,,,,
sparse-s31,sparse,31,2092032,0.17,,-1.0,,,,,,,
sparse-s31,sparse,31,2122752,0.22,,-1.0,,,,,,,
sparse-s31,sparse,31,2153472,0.11,,-1.0,,,,,,,
sparse-s31,sparse,31,2184192,0.16,,-1.0,,,,,,,
sparse-s31,sparse,31,2214912,0.19,,-1.0,,,,,,,
sparse-s31,sparse,31,2245632,0.18,,-1.0,,,,,,,
sparse-s31,sparse,31,2276352,0.23,,-1.0,,,,,,,
sparse-s31,sparse,31,2307072,0.19,,-1.0,,,,,,,
sparse-s31,sparse,31,2337792,0.16,,-1.0,,,,,,,
sparse-s31,sparse,31,2368512,0.14,,-1.0,,,,,,,
sparse-s31,sparse,31,2399232,0.19,,-1.0,,,,,,,
sparse-s31,sparse,31,2429952,0.13,,-1.0,,,,,,,
sparse-s31,sparse,31,2460672,0.19,,-1.0,,,,,,,
sparse-s31,sparse,31,2491392,0.14,,-1.0,,,,,,,
sparse-s31,sparse,31,2522112,0.23,,-1.0,,,,,,,
sparse-s31,sparse,31,2552832,0.17,,-1.0,,,,,,,
sparse-s31,sparse,31,2583552,0.19,,-1.0,,,,,,,
sparse-s31,sparse,31,2614272,0.23,,-1.0,,,,,,,
sparse-s31,sparse,31,2644992,0.18,,-1.0,,,,,,,
sparse-s31,sparse,31,2675712,0.26,,-1.0,,,,,,,
sparse-s31,sparse,31,2706432,0.11,,-1.0,,,,,,,
sparse-s31,sparse,31,2737152,0.23,,-1.0,,,,,,,
sparse-s31,sparse,31,2767872,0.28,,-1.0,,,,,,,
sparse-s31,sparse,31,2798592,0.2,,-1.0,,,,,,,
sparse-s31,sparse,31,2829312,0.25,,-1.0,,,,,,,
sparse-s31,sparse,31,2860032,0.29,,-1.0,,,,,,,
sparse-s31,sparse,31,2890752,0.26,,-1.0,,,,,,,
sparse-s31,sparse,31,2921472,0.31,,-1.0,,,,,,,
sparse-s31,sparse,31,2952192,0.19,,-1.0,,,,,,,
sparse-s31,sparse,31,2982912,0.3,,-1.0,,,,,,,
sparse-s31,sparse,31,3013632,0.36,,-1.0,,,,,,,
sparse-s31,sparse,31,3044352,0.23,,-1.0,,,,,,,
sparse-s31,sparse,31,3075072,0.23,,-1.0,,,,,,,
sparse-s31,sparse,31,3105792,0.29,,-1.0,,,,,,,
sparse-s31,sparse,31,3136512,0.33,,-1.0,,,,,,,
sparse-s31,sparse,31,3167232,0.26,,-1.0,,,,,,,
sparse-s31,sparse,31,3197952,0.33,,-1.0,,,,,,,
sparse-s31,sparse,31,3228672,0.26,,-1.0,,,,,,,
sparse-s31,sparse,31,3259392,0.28,,-1.0,,,,,,,
sparse-s31,sparse,31,3290112,0.32,,-1.0,,,,,,,
sparse-s31,sparse,31,3320832,0.27,,-1.0,,,,,,,
sparse-s31,sparse,31,3351552,0.29,,-1.0,,,,,,,
sparse-s31,sparse,31,3382272,0.26,,-1.0,,,,,,,
sparse-s31,sparse,31,3412992,0.25,,-1.0,,,,,,,
sparse-s31,sparse,31,3443712,0.3,,-1.0,,,,,,,
sparse-s31,sparse,31,3474432,0.29,,-1.0,,,,,,,
sparse-s31,sparse,31,3505152,0.32,,-1.0,,,,,,,
sparse-s31,sparse,31,3535872,0.3,,-1.0,,,,,,,
sparse-s31,sparse,31,3566592,0.34,,-1.0,,,,,,,
sparse-s31,sparse,31,3597312,0.34,,-1.0,,,,,,,
sparse-s31,sparse,31,3628032,0.36,,-1.0,,,,,,,
sparse-s31,sparse,31,3658752,0.3,,-1.0,,,,,,,
sparse-s31,sparse,31,3689472,0.33,,-1.0,,,,,,,
sparse-s31,sparse,31,3720192,0.37,,-1.0,,,,,,,
sparse-s31,sparse,31,3750912,0.27,,-1.0,,,,,,,
sparse-s31,sparse,31,3781632,0.39,,-1.0,,,,,,,
sparse-s31,sparse,31,3812352,0.3,,-1.0,,,,,,,
sparse-s31,sparse,31,3843072,0.43,,-1.0,,,,,,,
sparse-s31,sparse,31,3873792,0.37,,-1.0,,,,,,,
sparse-s31,sparse,31,3904512,0.41,,-1.0,,,,,,,
sparse-s31,sparse,31,3935232,0.37,,-1.0,,,,,,,
sparse-s31,sparse,31,3965952,0.41,,-1.0,,,,,,,
sparse-s31,sparse,31,3996672,0.41,,-1.0,,,,,,,
sparse-s31,sparse,31,4027392,0.42,,-1.0,,,,,,,
sparse-s31,sparse,31,4058112,0.42,,-1.0,,,,,,,
sparse-s31,sparse,31,4088832,0.42,,-1.0,,,,,,,
sparse-s31,sparse,31,4119552,0.39,,-1.0,,,,,,,
sparse-s31,sparse,31,4150272,0.46,,-0.988,,,,,,,
sparse-s31,sparse,31,4180992,0.46,,-1.0,,,,,,,
sparse-s31,sparse,31,4211712,0.48,,-1.0,,,,,,,
sparse-s31,sparse,31,4242432,0.49,,-1.0,,,,,,,
sparse-s31,sparse,31,4273152,0.44,,-1.0,,,,,,,
sparse-s31,sparse,31,4303872,0.55,,-1.0,,,,,,,
sparse-s31,sparse,31,4334592,0.48,,-1.0,,,,,,,
sparse-s31,sparse,31,4365312,0.46,,-1.0,,,,,,,
sparse-s31,sparse,31,4396032,0.43,,-1.0,,,,,,,
sparse-s31,sparse,31,4426752,0.55,,-1.0,,,,,,,
sparse-s31,sparse,31,4457472,0.43,,-1.0,,,,,,,
sparse-s31,sparse,31,4488192,0.48,,-0.989,,,,,,,
sparse-s31,sparse,31,4518912,0.59,,-0.989,,,,,,,
sparse-s31,sparse,31,4549632,0.55,,-0.975,,,,,,,
sparse-s31,sparse,31,4580352,0.55,,-0.975,,,,,,,
sparse-s31,sparse,31,4611072,0.49,,-0.975,,,,,,,
sparse-s31,sparse,31,4641792,0.54,,-0.95,,,,,,,
sparse-s31,sparse,31,4672512,0.62,,-0.922,,,,,,,
sparse-s31,sparse,31,4703232,0.6,,-0.898,,,,,,,
sparse-s31,sparse,31,4733952,0.54,,-0.886,,,,,,,
sparse-s31,sparse,31,4764672,0.48,,-0.857,,,,,,,
sparse-s31,sparse,31,4795392,0.57,,-0.857,,,,,,,
sparse-s31,sparse,31,4826112,0.52,,-0.859,,,,,,,
sparse-s31,sparse,31,4856832,0.54,,-0.842,,,,,,,
sparse-s31,sparse,31,4887552,0.46,,-0.816,,,,,,,
sparse-s31,sparse,31,4918272,0.58,,-0.792,,,,,,,
sparse-s31,sparse,31,4948992,0.61,,-0.766,,,,,,,
sparse-s31,sparse,31,4979712,0.47,,-0.729,,,,,,,
sparse-s31,sparse,31,5010432,0.63,,-0.729,,,,,,,
sparse-s31,sparse,31,5041152,0.63,,-0.702,,,,,,,
sparse-s31,sparse,31,5071872,0.49,,-0.653,,,,,,,
sparse-s31,sparse,31,5102592,0.6,,-0.63,,,,,,,
sparse-s31,sparse,31,5133312,0.59,,-0.63,,,,,,,
sparse-s31,sparse,31,5164032,0.65,,-0.589,,,,,,,
sparse-s31,sparse,31,5194752,0.52,,-0.505,,,,,,,
sparse-s31,sparse,31,5225472,0.63,,-0.456,,,,,,,
sparse-s31,sparse,31,5256192,0.62,,-0.432,,,,,,,
sparse-s31,sparse,31,5286912,0.57,,-0.407,,,,,,,
sparse-s31,sparse,31,5317632,0.42,,-0.358,,,,,,,
sparse-s31,sparse,31,5348352,0.45,,-0.32,,,,,,,
sparse-s31,sparse,31,5379072,0.61,,-0.292,,,,,,,
sparse-s31,sparse,31,5409792,0.61,,-0.27,,,,,,,
sparse-s31,sparse,31,5440512,0.61,,-0.247,,,,,,,
sparse-s31,sparse,31,5471232,0.52,,-0.208,,,,,,,
sparse-s31,sparse,31,5501952,0.52,,-0.156,,,,,,,
sparse-s31,sparse,31,5532672,0.66,,-0.132,,,,,,,
sparse-s31,sparse,31,5563392,0.53,,-0.105,,,,,,,
sparse-s31,sparse,31,5594112,0.59,,-0.076,,,,,,,
sparse-s31,sparse,31,5624832,0.54,,-0.038,,,,,,,
sparse-s31,sparse,31,5655552,0.49,,-0.026,,,,,,,
sparse-s31,sparse,31,5686272,0.52,,-0.014,,,,,,,
sparse-s31,sparse,31,5716992,0.57,,0.0,,,,,,,
sparse-s31,sparse,31,5747712,0.57,,0.0,,,,,,,
sparse-s31,sparse,31,5778432,0.6,,0.0,,,,,,,
sparse-s31,sparse,31,5809152,0.61,,0.0,,,,,,,
sparse-s31,sparse,31,5839872,0.62,,0.0,,,,,,,
sparse-s31,sparse,31,5870592,0.62,,0.0,,,,,,,
sparse-s31,sparse,31,5901312,0.61,,0.0,,,,,,,
sparse-s31,sparse,31,5932032,0.68,,0.0,,,,,,,
sparse-s31,sparse,31,5962752,0.76,,0.0,,,,,,,
sparse-s31,sparse,31,5993472,0.64,,0.0,,,,,,,
sparse-s31,sparse,31,6024192,0.59,,0.0,,,,,,,
sparse-s31,sparse,31,6054912,0.63,,0.0,,,,,,,
sparse-s31,sparse,31,6085632,0.6,,0.0,,,,,,,
sparse-s31,sparse,31,6116352,0.66,,0.0,,,,,,,
sparse-s31,sparse,31,6147072,0.64,,0.0,,,,,,,
sparse-s31,sparse,31,6177792,0.62,,0.0,,,,,,,
sparse-s31,sparse,31,6208512,0.64,,0.0,,,,,,,
sparse-s31,sparse,31,6239232,0.63,,0.0,,,,,,,
sparse-s31,sparse,31,6269952,0.75,,0.0,,,,,,,
sparse-s31,sparse,31,6300672,0.63,,0.0,,,,,,,
sparse-s31,sparse,31,6331392,0.61,,0.0,,,,,,,
sparse-s31,sparse,31,6362112,0.66,,0.0,,,,,,,
sparse-s31,sparse,31,6392832,0.68,,0.0,,,,,,,
sparse-s31,sparse,31,6423552,0.64,,0.0,,,,,,,
sparse-s31,sparse,31,6454272,0.72,,0.0,,,,,,,
sparse-s31,sparse,31,6484992,0.66,,0.0,,,,,,,
sparse-s31,sparse,31,6515712,0.68,,0.0,,,,,,,
sparse-s31,sparse,31,6546432,0.73,,0.0,,,,,,,
sparse-s31,sparse,31,6577152,0.73,,0.0,,,,,,,
sparse-s31,sparse,31,6607872,0.76,,0.0,,,,,,,
sparse-s31,sparse,31,6638592,0.6,,0.0,,,,,,,
sparse-s31,sparse,31,6669312,0.66,,0.0,,,,,,,
sparse-s31,sparse,31,6700032,0.71,,0.0,,,,,,,
sparse-s31,sparse,31,6730752,0.7,,0.0,,,,,,,
sparse-s31,sparse,31,6761472,0.66,,0.0,,,,,,,
sparse-s31,sparse,31,6792192,0.79,,0.0,,,,,,,
sparse-s31,sparse,31,6822912,0.69,,0.0,,,,,,,
sparse-s31,sparse,31,6853632,0.7,,0.0,,,,,,,
sparse-s31,sparse,31,6884352,0.72,,0.0,,,,,,,
sparse-s31,sparse,31,6915072,0.69,,0.0,,,,,,,
sparse-s31,sparse,31,6945792,0.67,,0.0,,,,,,,
sparse-s31,sparse,31,6976512,0.7,,0.0,,,,,,,
sparse-s31,sparse,31,7007232,0.67,,0.0,,,,,,,
sparse-s31,sparse,31,7037952,0.73,,0.0,,,,,,,
sparse-s31,sparse,31,7068672,0.79,,0.0,,,,,,,
sparse-s31,sparse,31,7099392,0.74,,0.0,,,,,,,
sparse-s31,sparse,31,7130112,0.72,,0.0,,,,,,,
sparse-s31,sparse,31,7160832,0.75,,0.0,,,,,,,
sparse-s31,sparse,31,7191552,0.82,,0.0,,,,,,,
sparse-s31,sparse,31,7222272,0.71,,0.0,,,,,,,
sparse-s31,sparse,31,7252992,0.71,,0.0,,,,,,,
sparse-s31,sparse,31,7283712,0.72,,0.0,,,,,,,
sparse-s31,sparse,31,7314432,0.77,,0.0,,,,,,,
sparse-s31,sparse,31,7345152,0.65,,0.0,,,,,,,
sparse-s31,sparse,31,7375872,0.73,,0.0,,,,,,,
sparse-s31,sparse,31,7406592,0.79,,0.0,,,,,,,
sparse-s31,sparse,31,7437312,0.78,,0.0,,,,,,,
sparse-s31,sparse,31,7468032,0.83,,0.0,,,,,,,
sparse-s31,sparse,31,7498752,0.77,,0.0,,,,,,,
sparse-s31,sparse,31,7529472,0.79,,0.0,,,,,,,
sparse-s31,sparse,31,7560192,0.84,,0.0,,,,,,,
sparse-s31,sparse,31,7590912,0.79,,0.0,,,,,,,
sparse-s31,sparse,31,7621632,0.78,,0.0,,,,,,,
sparse-s31,sparse,31,7652352,0.77,,0.0,,,,,,,
sparse-s31,sparse,31,7683072,0.76,,0.0,,,,,,,
sparse-s31,sparse,31,7713792,0.77,,0.0,,,,,,,
sparse-s31,sparse,31,7744512,0.81,,0.0,,,,,,,
sparse-s31,sparse,31,7775232,0.79,,0.0,,,,,,,
sparse-s31,sparse,31,7805952,0.81,,0.0,,,,,,,
sparse-s31,sparse,31,7836672,0.79,,0.0,,,,,,,
sparse-s31,sparse,31,7867392,0.79,,0.0,,,,,,,
sparse-s31,sparse,31,7898112,0.77,,0.0,,,,,,,
sparse-s31,sparse,31,7928832,0.77,,0.0,,,,,,,
sparse-s31,sparse,31,7959552,0.73,,0.0,,,,,,,
sparse-s31,sparse,31,7990272,0.79,,0.0,,,,,,,
sparse-s31,sparse,31,8020992,0.77,,0.0,,,,,,,
sparse-s31,sparse,31,8051712,0.82,,0.0,,,,,,,
sparse-s31,sparse,31,8082432,0.76,,0.0,,,,,,,
sparse-s31,sparse,31,8113152,0.84,,0.0,,,,,,,
sparse-s31,sparse,31,8143872,0.72,,0.0,,,,,,,
sparse-s31,sparse,31,8174592,0.8,,0.0,,,,,,,
sparse-s31,sparse,31,8205312,0.88,,0.0,,,,,,,
sparse-s31,sparse,31,8236032,0.78,,0.0,,,,,,,
sparse-s31,sparse,31,8266752,0.82,,0.0,,,,,,,
sparse-s31,sparse,31,8297472,0.84,,0.0,,,,,,,
sparse-s31,sparse,31,8328192,0.74,,0.0,,,,,,,
sparse-s31,sparse,31,8358912,0.82,,0.0,,,,,,,
sparse-s31,sparse,31,8389632,0.77,,0.0,,,,,,,
sparse-s31,sparse,31,8420352,0.76,,0.0,,,,,,,
sparse-s31,sparse,31,8451072,0.8,,0.0,,,,,,,
sparse-s31,sparse,31,8481792,0.81,,0.0,,,,,,,
sparse-s31,sparse,31,8512512,0.78,,0.0,,,,,,,
sparse-s31,sparse,31,8543232,0.87,,0.0,,,,,,,
sparse-s31,sparse,31,8573952,0.77,,0.0,,,,,,,
sparse-s31,sparse,31,8604672,0.77,,0.0,,,,,,,
sparse-s31,sparse,31,8635392,0.83,,0.0,,,,,,,
sparse-s31,sparse,31,8666112,0.81,,0.0,,,,,,,
sparse-s31,sparse,31,8696832,0.83,,0.0,,,,,,,
sparse-s31,sparse,31,8727552,0.78,,0.0,,,,,,,
sparse-s31,sparse,31,8758272,0.78,,0.0,,,,,,,
sparse-s31,sparse,31,8788992,0.78,,0.0,,,,,,,
sparse-s31,sparse,31,8819712,0.82,,0.0,,,,,,,
sparse-s31,sparse,31,8850432,0.77,,0.0,,,,,,,
sparse-s31,sparse,31,8881152,0.83,,0.0,,,,,,,
sparse-s31,sparse,31,8911872,0.86,,0.0,,,,,,,
sparse-s31,sparse,31,8942592,0.86,,0.0,,,,,,,
sparse-s31,sparse,31,8973312,0.82,,0.0,,,,,,,
sparse-s31,sparse,31,9004032,0.8,,0.0,,,,,,,
sparse-s31,sparse,31,9034752,0.79,,0.0,,,,,,,
sparse-s31,sparse,31,9065472,0.81,,0.0,,,,,,,
sparse-s31,sparse,31,9096192,0.86,,0.0,,,,,,,
sparse-s31,sparse,31,9126912,0.88,,0.0,,,,,,,
sparse-s31,sparse,31,9157632,0.85,,0.0,,,,,,,
sparse-s31,sparse,31,9188352,0.82,,0.0,,,,,,,
sparse-s31,sparse,31,9219072,0.81,,0.0,,,,,,,
sparse-s31,sparse,31,9249792,0.9,,0.0,,,,,,,
sparse-s31,sparse,31,9280512,0.8,,0.0,,,,,,,
sparse-s31,sparse,31,9311232,0.76,,0.0,,,,,,,
sparse-s31,sparse,31,9341952,0.85,,0.0,,,,,,,
sparse-s31,sparse,31,9372672,0.83,,0.0,,,,,,,
sparse-s31,sparse,31,9403392,0.86,,0.0,,,,,,,
sparse-s31,sparse,31,9434112,0.78,,0.0,,,,,,,
sparse-s31,sparse,31,9464832,0.87,,0.0,,,,,,,
sparse-s31,sparse,31,9495552,0.8,,0.0,,,,,,,
sparse-s31,sparse,31,9526272,0.86,,0.0,,,,,,,
sparse-s31,sparse,31,9556992,0.88,,0.0,,,,,,,
sparse-s31,sparse,31,9587712,0.87,,0.0,,,,,,,
sparse-s31,sparse,31,9618432,0.84,,0.0,,,,,,,
sparse-s31,sparse,31,9649152,0.84,,0.0,,,,,,,
sparse-s31,sparse,31,9679872,0.82,,0.0,,,,,,,
sparse-s31,sparse,31,9710592,0.85,,0.0,,,,,,,
sparse-s31,sparse,31,9741312,0.8,,0.0,,,,,,,
sparse-s31,sparse,31,9772032,0.79,,0.0,,,,,,,
sparse-s31,sparse,31,9802752,0.84,,0.0,,,,,,,
sparse-s31,sparse,31,9833472,0.87,,0.0,,,,,,,
sparse-s31,sparse,31,9864192,0.85,,0.0,,,,,,,
sparse-s31,sparse,31,9894912,0.83,,0.0,,,,,,,
sparse-s31,sparse,31,9925632,0.81,,0.0,,,,,,,
sparse-s31,sparse,31,9956352,0.87,,0.0,,,,,,,
sparse-s31,sparse,31,9987072,0.84,,0.0,,,,,,,
sparse-s31,sparse,31,10017792,0.79,,0.0,,,,,,,
sparse-s31,sparse,31,10048512,0.82,,0.0,,,,,,,
sparse-s31,sparse,31,10079232,0.92,,0.0,,,,,,,
sparse-s31,sparse,31,10109952,0.84,,0.0,,,,,,,
sparse-s31,sparse,31,10140672,0.83,,0.0,,,,,,,
sparse-s31,sparse,31,10171392,0.78,,0.0,,,,,,,
sparse-s31,sparse,31,10202112,0.88,,0.0,,,,,,,
sparse-s31,sparse,31,10232832,0.81,,0.0,,,,,,,
sparse-s31,sparse,31,10263552,0.88,,0.0,,,,,,,
sparse-s31,sparse,31,10294272,0.82,,0.0,,,,,,,
sparse-s31,sparse,31,10324992,0.88,,0.0,,,,,,,
sparse-s31,sparse,31,10355712,0.87,,0.0,,,,,,,
sparse-s31,sparse,31,10386432,0.83,,0.0,,,,,,,
sparse-s31,sparse,31,10417152,0.91,,0.0,,,,,,,
sparse-s31,sparse,31,10447872,0.82,,0.0,,,,,,,
sparse-s31,sparse,31,10478592,0.82,,0.0,,,,,,,
sparse-s31,sparse,31,10509312,0.88,,0.0,,,,,,,
sparse-s31,sparse,31,10540032,0.82,,0.0,,,,,,,
sparse-s31,sparse,31,10570752,0.85,,0.0,,,,,,,
sparse-s31,sparse,31,10601472,0.82,,0.0,,,,,,,
sparse-s31,sparse,31,10632192,0.84,,0.0,,,,,,,
sparse-s31,sparse,31,10662912,0.87,,0.0,,,,,,,
sparse-s31,sparse,31,10693632,0.81,,0.0,,,,,,,
sparse-s31,sparse,31,10724352,0.82,,0.0,,,,,,,
sparse-s31,sparse,31,10755072,0.9,,0.0,,,,,,,
sparse-s31,sparse,31,10785792,0.83,,0.0,,,,,,,
sparse-s31,sparse,31,10816512,0.79,,0.0,,,,,,,
sparse-s31,sparse,31,10847232,0.9,,0.0,,,,,,,
sparse-s31,sparse,31,10877952,0.84,,0.0,,,,,,,
sparse-s31,sparse,31,10908672,0.77,,0.0,,,,,,,
sparse-s31,sparse,31,10939392,0.81,,0.0,,,,,,,
sparse-s31,sparse,31,10970112,0.86,,0.0,,,,,,,
sparse-s31,sparse,31,11000832,0.79,,0.0,,,,,,,
sparse-s31,sparse,31,11031552,0.8,,0.0,,,,,,,
sparse-s31,sparse,31,11062272,0.85,,0.0,,,,,,,
sparse-s31,sparse,31,11092992,0.91,,0.0,,,,,,,
sparse-s31,sparse,31,11123712,0.87,,0.0,,,,,,,
sparse-s31,sparse,31,11154432,0.91,,0.0,,,,,,,
sparse-s31,sparse,31,11185152,0.9,,0.0,,,,,,,
sparse-s31,sparse,31,11215872,0.89,,0.0,,,,,,,
sparse-s31,sparse,31,11246592,0.91,,0.0,,,,,,,
sparse-s31,sparse,31,11277312,0.96,,0.0,,,,,,,
sparse-s31,sparse,31,11308032,0.85,,0.0,,,,,,,
sparse-s31,sparse,31,11338752,0.85,,0.0,,,,,,,
sparse-s31,sparse,31,11369472,0.88,,0.0,,,,,,,
sparse-s31,sparse,31,11400192,0.84,,0.0,,,,,,,
sparse-s31,sparse,31,11430912,0.8,,0.0,,,,,,,
sparse-s31,sparse,31,11461632,0.82,,0.0,,,,,,,
sparse-s31,sparse,31,11492352,0.89,,0.0,,,,,,,
sparse-s31,sparse,31,11523072,0.91,,0.0,,,,,,,
sparse-s31,sparse,31,11553792,0.85,,0.0,,,,,,,
sparse-s31,sparse,31,11584512,0.86,,0.0,,,,,,,
sparse-s31,sparse,31,11615232,0.85,,0.0,,,,,,,
sparse-s31,sparse,31,11645952,0.95,,0.0,,,,,,,
sparse-s31,sparse,31,11676672,0.89,,0.0,,,,,,,
sparse-s31,sparse,31,11707392,0.88,,0.0,,,,,,,
sparse-s31,sparse,31,11738112,0.91,,0.0,,,,,,,
sparse-s31,sparse,31,11768832,0.87,,0.0,,,,,,,
sparse-s31,sparse,31,11799552,0.88,,0.0,,,,,,,
sparse-s31,sparse,31,11830272,0.92,,0.0,,,,,,,
sparse-s31,sparse,31,11860992,0.87,,0.0,,,,,,,
sparse-s31,sparse,31,11891712,0.87,,0.0,,,,,,,
sparse-s31,sparse,31,11922432,0.86,,0.0,,,,,,,
sparse-s31,sparse,31,11953152,0.86,,0.0,,,,,,,
sparse-s31,sparse,31,11983872,0.86,,0.0,,,,,,,
sparse-s31,sparse,31,12014592,0.88,,0.0,,,,,,,
sparse-s31,sparse,31,12045312,0.91,,0.0,,,,,,,
sparse-s31,sparse,31,12076032,0.88,,0.0,,,,,,,
sparse-s31,sparse,31,12106752,0.86,,0.0,,,,,,,
sparse-s31,sparse,31,12137472,0.83,,0.0,,,,,,,
sparse-s31,sparse,31,12168192,0.85,,0.0,,,,,,,
sparse-s31,sparse,31,12198912,0.91,,0.0,,,,,,,
sparse-s31,sparse,31,12229632,0.92,,0.0,,,,,,,
sparse-s31,sparse,31,12260352,0.89,,0.0,,,,,,,
sparse-s31,sparse,31,12291072,0.88,,0.0,,,,,,,
sparse-s31,sparse,31,12321792,0.87,,0.0,,,,,,,
sparse-s31,sparse,31,12352512,0.88,,0.0,,,,,,,
sparse-s31,sparse,31,12383232,0.89,,0.0,,,,,,,
sparse-s31,sparse,31,12413952,0.89,,0.0,,,,,,,
sparse-s31,sparse,31,12444672,0.89,,0.0,,,,,,,
sparse-s31,sparse,31,12475392,0.89,,0.0,,,,,,,
sparse-s31,sparse,31,12506112,0.87,,0.0,,,,,,,
sparse-s31,sparse,31,12536832,0.85,,0.0,,,,,,,
sparse-s31,sparse,31,12567552,0.9,,0.0,,,,,,,
sparse-s31,sparse,31,12598272,0.9,,0.0,,,,,,,
sparse-s31,sparse,31,12628992,0.88,,0.0,,,,,,,
sparse-s31,sparse,31,12659712,0.84,,0.0,,,,,,,
sparse-s31,sparse,31,12690432,0.87,,0.0,,,,,,,
sparse-s31,sparse,31,12721152,0.89,,0.0,,,,,,,
sparse-s31,sparse,31,12751872,0.94,,0.0,,,,,,,
sparse-s31,sparse,31,12782592,0.84,,0.0,,,,,,,
sparse-s31,sparse,31,12813312,0.88,,0.0,,,,,,,
sparse-s31,sparse,31,12844032,0.9,,0.0,,,,,,,
sparse-s31,sparse,31,12874752,0.91,,0.0,,,,,,,
sparse-s31,sparse,31,12905472,0.93,,0.0,,,,,,,
sparse-s31,sparse,31,12936192,0.93,,0.0,,,,,,,
sparse-s31,sparse,31,12966912,0.87,,0.0,,,,,,,
sparse-s31,sparse,31,12997632,0.89,,0.0,,,,,,,
sparse-s31,sparse,31,13028352,0.91,,0.0,,,,,,,
sparse-s31,sparse,31,13059072,0.84,,0.0,,,,,,,
sparse-s31,sparse,31,13089792,0.84,,0.0,,,,,,,
sparse-s31,sparse,31,13120512,0.92,,0.0,,,,,,,
sparse-s31,sparse,31,13151232,0.92,,0.0,,,,,,,
sparse-s31,sparse,31,13181952,0.91,,0.0,,,,,,,
sparse-s31,sparse,31,13212672,0.89,,0.0,,,,,,,
sparse-s31,sparse,31,13243392,0.86,,0.0,,,,,,,
sparse-s31,sparse,31,13274112,0.91,,0.0,,,,,,,
sparse-s31,sparse,31,13304832,0.93,,0.0,,,,,,,
sparse-s31,sparse,31,13335552,0.89,,0.0,,,,,,,
sparse-s31,sparse,31,13366272,0.9,,0.0,,,,,,,
sparse-s31,sparse,31,13396992,0.93,,0.0,,,,,,,
sparse-s31,sparse,31,13427712,0.89,,0.0,,,,,,,
sparse-s31,sparse,31,13458432,0.94,,0.0,,,,,,,
sparse-s31,sparse,31,13489152,0.88,,0.0,,,,,,,
sparse-s31,sparse,31,13519872,0.89,,0.0,,,,,,,
sparse-s31,sparse,31,13550592,0.84,,0.0,,,,,,,
sparse-s31,sparse,31,13581312,0.88,,0.0,,,,,,,
sparse-s31,sparse,31,13612032,0.92,,0.0,,,,,,,
sparse-s31,sparse,31,13642752,0.89,,0.0,,,,,,,
sparse-s31,sparse,31,13673472,0.96,,0.0,,,,,,,
sparse-s31,sparse,31,13704192,0.96,,0.0,,,,,,,
sparse-s31,sparse,31,13734912,0.92,,0.0,,,,,,,
sparse-s31,sparse,31,13765632,0.92,,0.0,,,,,,,
sparse-s31,sparse,31,13796352,0.87,,0.0,,,,,,,
sparse-s31,sparse,31,13827072,0.85,,0.0,,,,,,,
sparse-s31,sparse,31,13857792,0.92,,0.0,,,,,,,
sparse-s31,sparse,31,13888512,0.94,,0.0,,,,,,,
sparse-s31,sparse,31,13919232,0.96,,0.0,,,,,,,
sparse-s31,sparse,31,13949952,0.85,,0.0,,,,,,,
sparse-s31,sparse,31,13980672,0.85,,0.0,,,,,,,
sparse-s31,sparse,31,14011392,0.94,,0.0,,,,,,,
sparse-s31,sparse,31,14042112,0.9,,0.0,,,,,,,
sparse-s31,sparse,31,14072832,0.89,,0.0,,,,,,,
sparse-s31,sparse,31,14103552,0.93,,0.0,,,,,,,
sparse-s31,sparse,31,14134272,0.88,,0.0,,,,,,,
sparse-s31,sparse,31,14164992,0.96,,0.0,,,,,,,
sparse-s31,sparse,31,14195712,0.94,,0.0,,,,,,,
sparse-s31,sparse,31,14226432,0.96,,0.0,,,,,,,
sparse-s31,sparse,31,14257152,0.94,,0.0,,,,,,,
sparse-s31,sparse,31,14287872,0.9,,0.0,,,,,,,
sparse-s31,sparse,31,14318592,0.9,,0.0,,,,,,,
sparse-s31,sparse,31,14349312,0.9,,0.0,,,,,,,
sparse-s31,sparse,31,14380032,0.94,,0.0,,,,,,,
sparse-s31,sparse,31,14410752,0.96,,0.0,,,,,,,
sparse-s31,sparse,31,14441472,0.92,,0.0,,,,,,,
sparse-s31,sparse,31,14472192,0.97,,0.0,,,,,,,
sparse-s31,sparse,31,14502912,0.95,,0.0,,,,,,,
sparse-s31,sparse,31,14533632,0.96,,0.0,,,,,,,
sparse-s31,sparse,31,14564352,0.94,,0.0,,,,,,,
sparse-s31,sparse,31,14595072,0.92,,0.0,,,,,,,
sparse-s31,sparse,31,14625792,0.97,,0.0,,,,,,,
sparse-s31,sparse,31,14656512,1.0,,0.0,,,,,,,
sparse-s31,sparse,31,14687232,0.93,,0.0,,,,,,,
sparse-s31,sparse,31,14717952,0.96,,0.0,,,,,,,
sparse-s31,sparse,31,14748672,0.9,,0.0,,,,,,,
sparse-s31,sparse,31,14779392,0.97,,0.0,,,,,,,
sparse-s31,sparse,31,14810112,0.91,,0.0,,,,,,,
sparse-s31,sparse,31,14840832,0.96,,0.0,,,,,,,
sparse-s31,sparse,31,14871552,0.95,,0.0,,,,,,,
sparse-s31,sparse,31,14902272,0.9,,0.0,,,,,,,
sparse-s31,sparse,31,14932992,0.96,,0.0,,,,,,,
sparse-s31,sparse,31,14963712,0.96,,0.0,,,,,,,
sparse-s31,sparse,31,14994432,0.97,,0.0,,,,,,,
sparse-s31,sparse,31,14997504,0.94,,0.0,,,,,,,
sparse-s32,sparse,32,3072,0.01,,-1.0,,,,,,,
sparse-s32,sparse,32,33792,0.0,,-1.0,,,,,,,
sparse-s32,sparse,32,64512,0.0,,-1.0,,,,,,,
sparse-s32,sparse,32,95232,0.02,,-1.0,,,,,,,
sparse-s32,sparse,32,125952,0.01,,-1.0,,,,,,,
sparse-s32,sparse,32,156672,0.02,,-1.0,,,,,,,
sparse-s32,sparse,32,187392,0.03,,-1.0,,,,,,,
sparse-s32,sparse,32,218112,0.04,,-1.0,,,,,,,
sparse-s32,sparse,32,248832,0.02,,-1.0,,,,,,,
sparse-s32,sparse,32,279552,0.05,,-1.0,,,,,,,
sparse-s32,sparse,32,310272,0.04,,-1.0,,,,,,,
sparse-s32,sparse,32,340992,0.03,,-1.0,,,,,,,
sparse-s32,sparse,32,371712,0.05,,-1.0,,,,,,,
sparse-s32,sparse,32,402432,0.08,,-1.0,,,,,,,
sparse-s32,sparse,32,433152,0.06,,-1.0,,,,,,,
sparse-s32,sparse,32,463872,0.06,,-1.0,,,,,,,
sparse-s32,sparse,32,494592,0.09,,-1.0,,,,,,,
sparse-s32,sparse,32,525312,0.06,,-1.0,,,,,,,
sparse-s32,sparse,32,556032,0.02,,-1.0,,,,,,,
sparse-s32,sparse,32,586752,0.1,,-1.0,,,,,,,
sparse-s32,sparse,32,617472,0.06,,-1.0,,,,,,,
sparse-s32,sparse,32,648192,0.05,,-1.0,,,,,,,
sparse-s32,sparse,32,678912,0.08,,-1.0,,,,,,,
sparse-s32,sparse,32,709632,0.06,,-1.0,,,,,,,
sparse-s32,sparse,32,740352,0.08,,-1.0,,,,,,,
sparse-s32,sparse,32,771072,0.09,,-1.0,,,,,,,
sparse-s32,sparse,32,801792,0.08,,-1.0,,,,,,,
sparse-s32,sparse,32,832512,0.11,,-1.0,,,,,,,
sparse-s32,sparse,32,863232,0.06,,-1.0,,,,,,,
sparse-s32,sparse,32,893952,0.07,,-1.0,,,,,,,
sparse-s32,sparse,32,924672,0.04,,-1.0,,,,,,,
sparse-s32,sparse,32,955392,0.08,,-1.0,,,,,,,
sparse-s32,sparse,32,986112,0.09,,-1.0,,,,,,,
sparse-s32,sparse,32,1016832,0.04,,-1.0,,,,,,,
sparse-s32,sparse,32,1047552,0.09,,-1.0,,,,,,,
sparse-s32,sparse,32,1078272,0.1,,-1.0,,,,,,,
sparse-s32,sparse,32,1108992,0.1,,-1.0,,,,,,,
sparse-s32,sparse,32,1139712,0.1,,-1.0,,,,,,,
sparse-s32,sparse,32,1170432,0.1,,-1.0,,,,,,,
sparse-s32,sparse,32,1201152,0.14,,-1.0,,,,,,,
sparse-s32,sparse,32,1231872,0.1,,-1.0,,,,,,,
sparse-s32,sparse,32,1262592,0.1,,-1.0,,,,,,,
sparse-s32,sparse,32,1293312,0.12,,-1.0,,,,,,,
sparse-s32,sparse,32,1324032,0.08,,-1.0,,,,,,,
sparse-s32,sparse,32,1354752,0.07,,-1.0,,,,,,,
sparse-s32,sparse,32,1385472,0.11,,-1.0,,,,,,,
sparse-s32,sparse,32,1416192,0.14,,-1.0,,,,,,,
sparse-s32,sparse,32,1446912,0.1,,-1.0,,,,,,,
sparse-s32,sparse,32,1477632,0.1,,-1.0,,,,,,,
sparse-s32,sparse,32,1508352,0.15,,-1.0,,,,,,,
sparse-s32,sparse,32,1539072,0.07,,-1.0,,,,,,,
sparse-s32,sparse,32,1569792,0.11,,-1.0,,,,,,,
sparse-s32,sparse,32,1600512,0.1,,-1.0,,,,,,,
sparse-s32,sparse,32,1631232,0.15,,-1.0,,,,,,,
sparse-s32,sparse,32,1661952,0.14,,-1.0,,,,,,,
sparse-s32,sparse,32,1692672,0.13,,-1.0,,,,,,,
sparse-s32,sparse,32,1723392,0.1,,-1.0,,,,,,,
sparse-s32,sparse,32,1754112,0.16,,-1.0,,,,,,,
sparse-s32,sparse,32,1784832,0.2,,-1.0,,,,,,,
sparse-s32,sparse,32,1815552,0.05,,-1.0,,,,,,,
sparse-s32,sparse,32,1846272,0.12,,-1.0,,,,,,,
sparse-s32,sparse,32,1876992,0.2,,-1.0,,,,,,,
sparse-s32,sparse,32,1907712,0.14,,-1.0,,,,,,,
sparse-s32,sparse,32,1938432,0.17,,-1.0,,,,,,,
sparse-s32,sparse,32,1969152,0.22,,-1.0,,,,,,,
sparse-s32,sparse,32,1999872,0.2,,-1.0,,,,,,,
sparse-s32,sparse,32,2030592,0.16,,-1.0,,,,,,,
sparse-s32,sparse,32,2061312,0.16,,-1.0,,,,,,,
sparse-s32,sparse,32,2092032,0.12,,-1.0,,,,,,,
sparse-s32,sparse,32,2122752,0.16,,-1.0,,,,,,,
sparse-s32,sparse,32,2153472,0.18,,-1.0,,,,,,,
sparse-s32,sparse,32,2184192,0.22,,-1.0,,,,,,,
sparse-s32,sparse,32,2214912,0.21,,-1.0,,,,,,,
sparse-s32,sparse,32,2245632,0.15,,-1.0,,,,,,,
sparse-s32,sparse,32,2276352,0.26,,-1.0,,,,,,,
sparse-s32,sparse,32,2307072,0.24,,-1.0,,,,,,,
sparse-s32,sparse,32,2337792,0.23,,-1.0,,,,,,,
sparse-s32,sparse,32,2368512,0.18,,-1.0,,,,,,,
sparse-s32,sparse,32,2399232,0.15,,-1.0,,,,,,,
sparse-s32,sparse,32,2429952,0.15,,-1.0,,,,,,,
sparse-s32,sparse,32,2460672,0.16,,-1.0,,,,,,,
sparse-s32,sparse,32,2491392,0.17,,-1.0,,,,,,,
sparse-s32,sparse,32,2522112,0.23,,-1.0,,,,,,,
sparse-s32,sparse,32,2552832,0.21,,-1.0,,,,,,,
sparse-s32,sparse,32,2583552,0.22,,-1.0,,,,,,,
sparse-s32,sparse,32,2614272,0.18,,-1.0,,,,,,,
sparse-s32,sparse,32,2644992,0.24,,-1.0,,,,,,,
sparse-s32,sparse,32,2675712,0.16,,-1.0,,,,,,,
sparse-s32,sparse,32,2706432,0.23,,-1.0,,,,,,,
sparse-s32,sparse,32,2737152,0.15,,-1.0,,,,,,,
sparse-s32,sparse,32,2767872,0.25,,-1.0,,,,,,,
sparse-s32,sparse,32,2798592,0.18,,-1.0,,,,,,,
sparse-s32,sparse,32,2829312,0.2,,-1.0,,,,,,,
sparse-s32,sparse,32,2860032,0.24,,-1.0,,,,,,,
sparse-s32,sparse,32,2890752,0.26,,-1.0,,,,,,,
sparse-s32,sparse,32,2921472,0.36,,-1.0,,,,,,,
sparse-s32,sparse,32,2952192,0.26,,-1.0,,,,,,,
sparse-s32,sparse,32,2982912,0.2,,-1.0,,,,,,,
sparse-s32,sparse,32,3013632,0.24,,-1.0,,,,,,,
sparse-s32,sparse,32,3044352,0.29,,-1.0,,,,,,,
sparse-s32,sparse,32,3075072,0.3,,-1.0,,,,,,,
sparse-s32,sparse,32,3105792,0.33,,-1.0,,,,,,,
sparse-s32,sparse,32,3136512,0.31,,-1.0,,,,,,,
sparse-s32,sparse,32,3167232,0.35,,-1.0,,,,,,,
sparse-s32,sparse,32,3197952,0.37,,-1.0,,,,,,,
sparse-s32,sparse,32,3228672,0.39,,-1.0,,,,,,,
sparse-s32,sparse,32,3259392,0.33,,-1.0,,,,,,,
sparse-s32,sparse,32,3290112,0.43,,-1.0,,,,,,,
sparse-s32,sparse,32,3320832,0.36,,-1.0,,,,,,,
sparse-s32,sparse,32,3351552,0.41,,-1.0,,,,,,,
sparse-s32,sparse,32,3382272,0.32,,-1.0,,,,,,,
sparse-s32,sparse,32,3412992,0.5,,-1.0,,,,,,,
sparse-s32,sparse,32,3443712,0.42,,-1.0,,,,,,,
sparse-s32,sparse,32,3474432,0.4,,-1.0,,,,,,,
sparse-s32,sparse,32,3505152,0.43,,-1.0,,,,,,,
sparse-s32,sparse,32,3535872,0.37,,-1.0,,,,,,,
sparse-s32,sparse,32,3566592,0.33,,-1.0,,,,,,,
sparse-s32,sparse,32,3597312,0.5,,-1.0,,,,,,,
sparse-s32,sparse,32,3628032,0.47,,-1.0,,,,,,,
sparse-s32,sparse,32,3658752,0.4,,-1.0,,,,,,,
sparse-s32,sparse,32,3689472,0.45,,-1.0,,,,,,,
sparse-s32,sparse,32,3720192,0.38,,-1.0,,,,,,,
sparse-s32,sparse,32,3750912,0.46,,-1.0,,,,,,,
sparse-s32,sparse,32,3781632,0.45,,-1.0,,,,,,,
sparse-s32,sparse,32,3812352,0.54,,-1.0,,,,,,,
sparse-s32,sparse,32,3843072,0.52,,-1.0,,,,,,,
sparse-s32,sparse,32,3873792,0.52,,-1.0,,,,,,,
sparse-s32,sparse,32,3904512,0.55,,-1.0,,,,,,,
sparse-s32,sparse,32,3935232,0.44,,-1.0,,,,,,,
sparse-s32,sparse,32,3965952,0.47,,-1.0,,,,,,,
sparse-s32,sparse,32,3996672,0.39,,-1.0,,,,,,,
sparse-s32,sparse,32,4027392,0.51,,-1.0,,,,,,,
sparse-s32,sparse,32,4058112,0.52,,-1.0,,,,,,,
sparse-s32,sparse,32,4088832,0.47,,-1.0,,,,,,,
sparse-s32,sparse,32,4119552,0.52,,-0.988,,,,,,,
sparse-s32,sparse,32,4150272,0.52,,-0.988,,,,,,,
sparse-s32,sparse,32,4180992,0.59,,-0.988,,,,,,,
sparse-s32,sparse,32,4211712,0.51,,-0.965,,,,,,,
sparse-s32,sparse,32,4242432,0.56,,-0.965,,,,,,,
sparse-s32,sparse,32,4273152,0.52,,-0.965,,,,,,,
sparse-s32,sparse,32,4303872,0.57,,-0.954,,,,,,,
sparse-s32,sparse,32,4334592,0.6,,-0.943,,,,,,,
sparse-s32,sparse,32,4365312,0.46,,-0.931,,,,,,,
sparse-s32,sparse,32,4396032,0.63,,-0.931,,,,,,,
sparse-s32,sparse,32,4426752,0.54,,-0.894,,,,,,,
sparse-s32,sparse,32,4457472,0.6,,-0.871,,,,,,,
sparse-s32,sparse,32,4488192,0.57,,-0.843,,,,,,,
sparse-s32,sparse,32,4518912,0.63,,-0.82,,,,,,,
sparse-s32,sparse,32,4549632,0.43,,-0.794,,,,,,,
sparse-s32,sparse,32,4580352,0.65,,-0.783,,,,,,,
sparse-s32,sparse,32,4611072,0.61,,-0.721,,,,,,,
sparse-s32,sparse,32,4641792,0.65,,-0.71,,,,,,,
sparse-s32,sparse,32,4672512,0.57,,-0.683,,,,,,,
sparse-s32,sparse,32,4703232,0.63,,-0.683,,,,,,,
sparse-s32,sparse,32,4733952,0.58,,-0.631,,,,,,,
sparse-s32,sparse,32,4764672,0.58,,-0.602,,,,,,,
sparse-s32,sparse,32,4795392,0.58,,-0.602,,,,,,,
sparse-s32,sparse,32,4826112,0.51,,-0.565,,,,,,,
sparse-s32,sparse,32,4856832,0.58,,-0.547,,,,,,,
sparse-s32,sparse,32,4887552,0.54,,-0.547,,,,,,,
sparse-s32,sparse,32,4918272,0.51,,-0.535,,,,,,,
sparse-s32,sparse,32,4948992,0.46,,-0.524,,,,,,,
sparse-s32,sparse,32,4979712,0.49,,-0.524,,,,,,,
sparse-s32,sparse,32,5010432,0.5,,-0.51,,,,,,,
sparse-s32,sparse,32,5041152,0.48,,-0.466,,,,,,,
sparse-s32,sparse,32,5071872,0.61,,-0.43,,,,,,,
sparse-s32,sparse,32,5102592,0.55,,-0.419,,,,,,,
sparse-s32,sparse,32,5133312,0.55,,-0.388,,,,,,,
sparse-s32,sparse,32,5164032,0.61,,-0.361,,,,,,,
sparse-s32,sparse,32,5194752,0.52,,-0.35,,,,,,,
sparse-s32,sparse,32,5225472,0.57,,-0.322,,,,,,,
sparse-s32,sparse,32,5256192,0.54,,-0.299,,,,,,,
sparse-s32,sparse,32,5286912,0.6,,-0.234,,,,,,,
sparse-s32,sparse,32,5317632,0.57,,-0.208,,,,,,,
sparse-s32,sparse,32,5348352,0.45,,-0.18,,,,,,,
sparse-s32,sparse,32,5379072,0.58,,-0.157,,,,,,,
sparse-s32,sparse,32,5409792,0.49,,-0.144,,,,,,,
sparse-s32,sparse,32,5440512,0.64,,-0.078,,,,,,,
sparse-s32,sparse,32,5471232,0.58,,-0.039,,,,,,,
sparse-s32,sparse,32,5501952,0.48,,0.0,,,,,,,
sparse-s32,sparse,32,5532672,0.56,,0.0,,,,,,,
sparse-s32,sparse,32,5563392,0.56,,0.0,,,,,,,
sparse-s32,sparse,32,5594112,0.59,,0.0,,,,,,,
sparse-s32,sparse,32,5624832,0.59,,0.0,,,,,,,
sparse-s32,sparse,32,5655552,0.54,,0.0,,,,,,,
sparse-s32,sparse,32,5686272,0.58,,0.0,,,,,,,
sparse-s32,sparse,32,5716992,0.54,,0.0,,,,,,,
sparse-s32,sparse,32,5747712,0.52,,0.0,,,,,,,
sparse-s32,sparse,32,5778432,0.63,,0.0,,,,,,,
sparse-s32,sparse,32,5809152,0.59,,0.0,,,,,,,
sparse-s32,sparse,32,5839872,0.54,,0.0,,,,,,,
sparse-s32,sparse,32,5870592,0.61,,0.0,,,,,,,
sparse-s32,sparse,32,5901312,0.61,,0.0,,,,,,,
sparse-s32,sparse,32,5932032,0.57,,0.0,,,,,,,
sparse-s32,sparse,32,5962752,0.58,,0.0,,,,,,,
sparse-s32,sparse,32,5993472,0.61,,0.0,,,,,,,
sparse-s32,sparse,32,6024192,0.59,,0.0,,,,,,,
sparse-s32,sparse,32,6054912,0.7,,0.0,,,,,,,
sparse-s32,sparse,32,6085632,0.65,,0.0,,,,,,,
sparse-s32,sparse,32,6116352,0.66,,0.0,,,,,,,
sparse-s32,sparse,32,6147072,0.64,,0.0,,,,,,,
sparse-s32,sparse,32,6177792,0.65,,0.0,,,,,,,
sparse-s32,sparse,32,6208512,0.65,,0.0,,,,,,,
sparse-s32,sparse,32,6239232,0.69,,0.0,,,,,,,
sparse-s32,sparse,32,6269952,0.64,,0.0,,,,,,,
sparse-s32,sparse,32,6300672,0.69,,0.0,,,,,,,
sparse-s32,sparse,32,6331392,0.68,,0.0,,,,,,,
sparse-s32,sparse,32,6362112,0.64,,0.0,,,,,,,
sparse-s32,sparse,32,6392832,0.62,,0.0,,,,,,,
sparse-s32,sparse,32,6423552,0.66,,0.0,,,,,,,
sparse-s32,sparse,32,6454272,0.79,,0.0,,,,,,,
sparse-s32,sparse,32,6484992,0.72,,0.0,,,,,,,
sparse-s32,sparse,32,6515712,0.64,,0.0,,,,,,,
sparse-s32,sparse,32,6546432,0.6,,0.0,,,,,,,
sparse-s32,sparse,32,6577152,0.66,,0.0,,,,,,,
sparse-s32,sparse,32,6607872,0.64,,0.0,,,,,,,
sparse-s32,sparse,32,6638592,0.62,,0.0,,,,,,,
sparse-s32,sparse,32,6669312,0.69,,0.0,,,,,,,
sparse-s32,sparse,32,6700032,0.62,,0.0,,,,,,,
sparse-s32,sparse,32,6730752,0.73,,0.0,,,,,,,
sparse-s32,sparse,32,6761472,0.67,,0.0,,,,,,,
sparse-s32,sparse,32,6792192,0.74,,0.0,,,,,,,
sparse-s32,sparse,32,6822912,0.71,,0.0,,,,,,,
sparse-s32,sparse,32,6853632,0.72,,0.0,,,,,,,
sparse-s32,sparse,32,6884352,0.65,,0.0,,,,,,,
sparse-s32,sparse,32,6915072,0.69,,0.0,,,,,,,
sparse-s32,sparse,32,6945792,0.61,,0.0,,,,,,,
sparse-s32,sparse,32,6976512,0.65,,0.0,,,,,,,
sparse-s32,sparse,32,7007232,0.72,,0.0,,,,,,,
sparse-s32,sparse,32,7037952,0.81,,0.0,,,,,,,
sparse-s32,sparse,32,7068672,0.74,,0.0,,,,,,,
sparse-s32,sparse,32,7099392,0.77,,0.0,,,,,,,
sparse-s32,sparse,32,7130112,0.68,,0.0,,,,,,,
sparse-s32,sparse,32,7160832,0.68,,0.0,,,,,,,
sparse-s32,sparse,32,7191552,0.72,,0.0,,,,,,,
sparse-s32,sparse,32,7222272,0.71,,0.0,,,,,,,
sparse-s32,sparse,32,7252992,0.75,,0.0,,,,,,,
sparse-s32,sparse,32,7283712,0.84,,0.0,,,,,,,
sparse-s32,sparse,32,7314432,0.72,,0.0,,,,,,,
sparse-s32,sparse,32,7345152,0.72,,0.0,,,,,,,
sparse-s32,sparse,32,7375872,0.69,,0.0,,,,,,,
sparse-s32,sparse,32,7406592,0.71,,0.0,,,,,,,
sparse-s32,sparse,32,7437312,0.71,,0.0,,,,,,,
sparse-s32,sparse,32,7468032,0.71,,0.0,,,,,,,
sparse-s32,sparse,32,7498752,0.73,,0.0,,,,,,,
sparse-s32,sparse,32,7529472,0.76,,0.0,,,,,,,
sparse-s32,sparse,32,7560192,0.75,,0.0,,,,,,,
sparse-s32,sparse,32,7590912,0.77,,0.0,,,,,,,
sparse-s32,sparse,32,7621632,0.77,,0.0,,,,,,,
sparse-s32,sparse,32,7652352,0.64,,0.0,,,,,,,
sparse-s32,sparse,32,7683072,0.75,,0.0,,,,,,,
sparse-s32,sparse,32,7713792,0.71,,0.0,,,,,,,
sparse-s32,sparse,32,7744512,0.72,,0.0,,,,,,,
sparse-s32,sparse,32,7775232,0.8,,0.0,,,,,,,
sparse-s32,sparse,32,7805952,0.74,,0.0,,,,,,,
sparse-s32,sparse,32,7836672,0.76,,0.0,,,,,,,
sparse-s32,sparse,32,7867392,0.7,,0.0,,,,,,,
sparse-s32,sparse,32,7898112,0.7,,0.0,,,,,,,
sparse-s32,sparse,32,7928832,0.71,,0.0,,,,,,,
sparse-s32,sparse,32,7959552,0.71,,0.0,,,,,,,
sparse-s32,sparse,32,7990272,0.72,,0.0,,,,,,,
sparse-s32,sparse,32,8020992,0.78,,0.0,,,,,,,
sparse-s32,sparse,32,8051712,0.67,,0.0,,,,,,,
sparse-s32,sparse,32,8082432,0.74,,0.0,,,,,,,
sparse-s32,sparse,32,8113152,0.77,,0.0,,,,,,,
sparse-s32,sparse,32,8143872,0.75,,0.0,,,,,,,
sparse-s32,sparse,32,8174592,0.77,,0.0,,,,,,,
sparse-s32,sparse,32,8205312,0.76,,0.0,,,,,,,
sparse-s32,sparse,32,8236032,0.69,,0.0,,,,,,,
sparse-s32,sparse,32,8266752,0.79,,0.0,,,,,,,
sparse-s32,sparse,32,8297472,0.75,,0.0,,,,,,,
sparse-s32,sparse,32,8328192,0.76,,0.0,,,,,,,
sparse-s32,sparse,32,8358912,0.71,,0.0,,,,,,,
sparse-s32,sparse,32,8389632,0.78,,0.0,,,,,,,
sparse-s32,sparse,32,8420352,0.83,,0.0,,,,,,,
sparse-s32,sparse,32,8451072,0.75,,0.0,,,,,,,
sparse-s32,sparse,32,8481792,0.79,,0.0,,,,,,,
sparse-s32,sparse,32,8512512,0.76,,0.0,,,,,,,
sparse-s32,sparse,32,8543232,0.73,,0.0,,,,,,,
sparse-s32,sparse,32,8573952,0.85,,0.0,,,,,,,
sparse-s32,sparse,32,8604672,0.82,,0.0,,,,,,,
sparse-s32,sparse,32,8635392,0.78,,0.0,,,,,,,
sparse-s32,sparse,32,8666112,0.81,,0.0,,,,,,,
sparse-s32,sparse,32,8696832,0.83,,0.0,,,,,,,
sparse-s32,sparse,32,8727552,0.8,,0.0,,,,,,,
sparse-s32,sparse,32,8758272,0.79,,0.0,,,,,,,
sparse-s32,sparse,32,8788992,0.76,,0.0,,,,,,,
sparse-s32,sparse,32,8819712,0.8,,0.0,,,,,,,
sparse-s32,sparse,32,8850432,0.85,,0.0,,,,,,,
sparse-s32,sparse,32,8881152,0.71,,0.0,,,,,,,
sparse-s32,sparse,32,8911872,0.79,,0.0,,,,,,,
sparse-s32,sparse,32,8942592,0.81,,0.0,,,,,,,
sparse-s32,sparse,32,8973312,0.84,,0.0,,,,,,,
sparse-s32,sparse,32,9004032,0.81,,0.0,,,,,,,
sparse-s32,sparse,32,9034752,0.81,,0.0,,,,,,,
sparse-s32,sparse,32,9065472,0.76,,0.0,,,,,,,
sparse-s32,sparse,32,9096192,0.83,,0.0,,,,,,,
sparse-s32,sparse,32,9126912,0.81,,0.0,,,,,,,
sparse-s32,sparse,32,9157632,0.82,,0.0,,,,,,,
sparse-s32,sparse,32,9188352,0.8,,0.0,,,,,,,
sparse-s32,sparse,32,9219072,0.79,,0.0,,,,,,,
sparse-s32,sparse,32,9249792,0.8,,0.0,,,,,,,
sparse-s32,sparse,32,9280512,0.83,,0.0,,,,,,,
sparse-s32,sparse,32,9311232,0.86,,0.0,,,,,,,
sparse-s32,sparse,32,9341952,0.78,,0.0,,,,,,,
sparse-s32,sparse,32,9372672,0.77,,0.0,,,,,,,
sparse-s32,sparse,32,9403392,0.76,,0.0,,,,,,,
sparse-s32,sparse,32,9434112,0.73,,0.0,,,,,,,
sparse-s32,sparse,32,9464832,0.83,,0.0,,,,,,,
sparse-s32,sparse,32,9495552,0.85,,0.0,,,,,,,
sparse-s32,sparse,32,9526272,0.78,,0.0,,,,,,,
sparse-s32,sparse,32,9556992,0.86,,0.0,,,,,,,
sparse-s32,sparse,32,9587712,0.75,,0.0,,,,,,,
sparse-s32,sparse,32,9618432,0.72,,0.0,,,,,,,
sparse-s32,sparse,32,9649152,0.8,,0.0,,,,,,,
sparse-s32,sparse,32,9679872,0.85,,0.0,,,,,,,
sparse-s32,sparse,32,9710592,0.8,,0.0,,,,,,,
sparse-s32,sparse,32,9741312,0.78,,0.0,,,,,,,
sparse-s32,sparse,32,9772032,0.83,,0.0,,,,,,,
sparse-s32,sparse,32,9802752,0.83,,0.0,,,,,,,
sparse-s32,sparse,32,9833472,0.82,,0.0,,,,,,,
sparse-s32,sparse,32,9864192,0.79,,0.0,,,,,,,
sparse-s32,sparse,32,9894912,0.77,,0.0,,,,,,,
sparse-s32,sparse,32,9925632,0.88,,0.0,,,,,,,
sparse-s32,sparse,32,9956352,0.84,,0.0,,,,,,,
sparse-s32,sparse,32,9987072,0.85,,0.0,,,,,,,
sparse-s32,sparse,32,10017792,0.87,,0.0,,,,,,,
sparse-s32,sparse,32,10048512,0.86,,0.0,,,,,,,
sparse-s32,sparse,32,10079232,0.79,,0.0,,,,,,,
sparse-s32,sparse,32,10109952,0.83,,0.0,,,,,,,
sparse-s32,sparse,32,10140672,0.83,,0.0,,,,,,,
sparse-s32,sparse,32,10171392,0.79,,0.0,,,,,,,
sparse-s32,sparse,32,10202112,0.79,,0.0,,,,,,,
sparse-s32,sparse,32,10232832,0.8,,0.0,,,,,,,
sparse-s32,sparse,32,10263552,0.87,,0.0,,,,,,,
sparse-s32,sparse,32,10294272,0.81,,0.0,,,,,,,
sparse-s32,sparse,32,10324992,0.83,,0.0,,,,,,,
sparse-s32,sparse,32,10355712,0.87,,0.0,,,,,,,
sparse-s32,sparse,32,10386432,0.8,,0.0,,,,,,,
sparse-s32,sparse,32,10417152,0.86,,0.0,,,,,,,
sparse-s32,sparse,32,10447872,0.89,,0.0,,,,,,,
sparse-s32,sparse,32,10478592,0.82,,0.0,,,,,,,
sparse-s32,sparse,32,10509312,0.84,,0.0,,,,,,,
sparse-s32,sparse,32,10540032,0.82,,0.0,,,,,,,
sparse-s32,sparse,32,10570752,0.83,,0.0,,,,,,,
sparse-s32,sparse,32,10601472,0.83,,0.0,,,,,,,
sparse-s32,sparse,32,10632192,0.84,,0.0,,,,,,,
sparse-s32,sparse,32,10662912,0.8,,0.0,,,,,,,
sparse-s32,sparse,32,10693632,0.8,,0.0,,,,,,,
sparse-s32,sparse,32,10724352,0.84,,0.0,,,,,,,
sparse-s32,sparse,32,10755072,0.82,,0.0,,,,,,,
sparse-s32,sparse,32,10785792,0.8,,0.0,,,,,,,
sparse-s32,sparse,32,10816512,0.87,,0.0,,,,,,,
sparse-s32,sparse,32,10847232,0.78,,0.0,,,,,,,
sparse-s32,sparse,32,10877952,0.87,,0.0,,,,,,,
sparse-s32,sparse,32,10908672,0.78,,0.0,,,,,,,
sparse-s32,sparse,32,10939392,0.83,,0.0,,,,,,,
sparse-s32,sparse,32,10970112,0.8,,0.0,,,,,,,
sparse-s32,sparse,32,11000832,0.8,,0.0,,,,,,,
sparse-s32,sparse,32,11031552,0.88,,0.0,,,,,,,
sparse-s32,sparse,32,11062272,0.8,,0.0,,,,,,,
sparse-s32,sparse,32,11092992,0.81,,0.0,,,,,,,
sparse-s32,sparse,32,11123712,0.84,,0.0,,,,,,,
sparse-s32,sparse,32,11154432,0.84,,0.0,,,,,,,
sparse-s32,sparse,32,11185152,0.85,,0.0,,,,,,,
sparse-s32,sparse,32,11215872,0.77,,0.0,,,,,,,
sparse-s32,sparse,32,11246592,0.83,,0.0,,,,,,,
sparse-s32,sparse,32,11277312,0.91,,0.0,,,,,,,
sparse-s32,sparse,32,11308032,0.88,,0.0,,,,,,,
sparse-s32,sparse,32,11338752,0.84,,0.0,,,,,,,
sparse-s32,sparse,32,11369472,0.82,,0.0,,,,,,,
sparse-s32,sparse,32,11400192,0.8,,0.0,,,,,,,
sparse-s32,sparse,32,11430912,0.87,,0.0,,,,,,,
sparse-s32,sparse,32,11461632,0.88,,0.0,,,,,,,
sparse-s32,sparse,32,11492352,0.86,,0.0,,,,,,,
sparse-s32,sparse,32,11523072,0.83,,0.0,,,,,,,
sparse-s32,sparse,32,11553792,0.85,,0.0,,,,,,,
sparse-s32,sparse,32,11584512,0.91,,0.0,,,,,,,
sparse-s32,sparse,32,11615232,0.9,,0.0,,,,,,,
sparse-s32,sparse,32,11645952,0.87,,0.0,,,,,,,
sparse-s32,sparse,32,11676672,0.8,,0.0,,,,,,,
sparse-s32,sparse,32,11707392,0.85,,0.0,,,,,,,
sparse-s32,sparse,32,11738112,0.87,,0.0,,,,,,,
sparse-s32,sparse,32,11768832,0.84,,0.0,,,,,,,
sparse-s32,sparse,32,11799552,0.87,,0.0,,,,,,,
sparse-s32,sparse,32,11830272,0.88,,0.0,,,,,,,
sparse-s32,sparse,32,11860992,0.84,,0.0,,,,,,,
sparse-s32,sparse,32,11891712,0.86,,0.0,,,,,,,
sparse-s32,sparse,32,11922432,0.82,,0.0,,,,,,,
sparse-s32,sparse,32,11953152,0.89,,0.0,,,,,,,
sparse-s32,sparse,32,11983872,0.9,,0.0,,,,,,,
sparse-s32,sparse,32,12014592,0.77,,0.0,,,,,,,
sparse-s32,sparse,32,12045312,0.91,,0.0,,,,,,,
sparse-s32,sparse,32,12076032,0.88,,0.0,,,,,,,
sparse-s32,sparse,32,12106752,0.89,,0.0,,,,,,,
sparse-s32,sparse,32,12137472,0.86,,0.0,,,,,,,
sparse-s32,sparse,32,12168192,0.92,,0.0,,,,,,,
sparse-s32,sparse,32,12198912,0.87,,0.0,,,,,,,
sparse-s32,sparse,32,12229632,0.91,,0.0,,,,,,,
sparse-s32,sparse,32,12260352,0.88,,0.0,,,,,,,
sparse-s32,sparse,32,12291072,0.85,,0.0,,,,,,,
sparse-s32,sparse,32,12321792,0.88,,0.0,,,,,,,
sparse-s32,sparse,32,12352512,0.89,,0.0,,,,,,,
sparse-s32,sparse,32,12383232,0.84,,0.0,,,,,,,
sparse-s32,sparse,32,12413952,0.86,,0.0,,,,,,,
sparse-s32,sparse,32,12444672,0.9,,0.0,,,,,,,
sparse-s32,sparse,32,12475392,0.85,,0.0,,,,,,,
sparse-s32,sparse,32,12506112,0.85,,0.0,,,,,,,
sparse-s32,sparse,32,12536832,0.79,,0.0,,,,,,,
sparse-s32,sparse,32,12567552,0.86,,0.0,,,,,,,
sparse-s32,sparse,32,12598272,0.86,,0.0,,,,,,,
sparse-s32,sparse,32,12628992,0.9,,0.0,,,,,,,
sparse-s32,sparse,32,12659712,0.91,,0.0,,,,,,,
sparse-s32,sparse,32,12690432,0.92,,0.0,,,,,,,
sparse-s32,sparse,32,12721152,0.83,,0.0,,,,,,,
sparse-s32,sparse,32,12751872,0.9,,0.0,,,,,,,
sparse-s32,sparse,32,12782592,0.9,,0.0,,,,,,,
sparse-s32,sparse,32,12813312,0.84,,0.0,,,,,,,
sparse-s32,sparse,32,12844032,0.87,,0.0,,,,,,,
sparse-s32,sparse,32,12874752,0.88,,0.0,,,,,,,
sparse-s32,sparse,32,12905472,0.84,,0.0,,,,,,,
sparse-s32,sparse,32,12936192,0.92,,0.0,,,,,,,
sparse-s32,sparse,32,12966912,0.89,,0.0,,,,,,,
sparse-s32,sparse,32,12997632,0.89,,0.0,,,,,,,
sparse-s32,sparse,32,13028352,0.91,,0.0,,,,,,,
sparse-s32,sparse,32,13059072,0.92,,0.0,,,,,,,
sparse-s32,sparse,32,13089792,0.91,,0.0,,,,,,,
sparse-s32,sparse,32,13120512,0.93,,0.0,,,,,,,
sparse-s32,sparse,32,13151232,0.88,,0.0,,,,,,,
sparse-s32,sparse,32,13181952,0.76,,0.0,,,,,,,
sparse-s32,sparse,32,13212672,0.86,,0.0,,,,,,,
sparse-s32,sparse,32,13243392,0.9,,0.0,,,,,,,
sparse-s32,sparse,32,13274112,0.87,,0.0,,,,,,,
sparse-s32,sparse,32,13304832,0.9,,0.0,,,,,,,
sparse-s32,sparse,32,13335552,0.93,,0.0,,,,,,,
sparse-s32,sparse,32,13366272,0.87,,0.0,,,,,,,
sparse-s32,sparse,32,13396992,0.86,,0.0,,,,,,,
sparse-s32,sparse,32,13427712,0.92,,0.0,,,,,,,
sparse-s32,sparse,32,13458432,0.84,,0.0,,,,,,,
sparse-s32,sparse,32,13489152,0.87,,0.0,,,,,,,
sparse-s32,sparse,32,13519872,0.83,,0.0,,,,,,,
sparse-s32,sparse,32,13550592,0.91,,0.0,,,,,,,
sparse-s32,sparse,32,13581312,0.91,,0.0,,,,,,,
sparse-s32,sparse,32,13612032,0.88,,0.0,,,,,,,
sparse-s32,sparse,32,13642752,0.92,,0.0,,,,,,,
sparse-s32,sparse,32,13673472,0.9,,0.0,,,,,,,
sparse-s32,sparse,32,13704192,0.93,,0.0,,,,,,,
sparse-s32,sparse,32,13734912,0.89,,0.0,,,,,,,
sparse-s32,sparse,32,13765632,0.93,,0.0,,,,,,,
sparse-s32,sparse,32,13796352,0.95,,0.0,,,,,,,
sparse-s32,sparse,32,13827072,0.93,,0.0,,,,,,,
sparse-s32,sparse,32,13857792,0.93,,0.0,,,,,,,
sparse-s32,sparse,32,13888512,0.91,,0.0,,,,,,,
sparse-s32,sparse,32,13919232,0.93,,0.0,,,,,,,
sparse-s32,sparse,32,13949952,0.92,,0.0,,,,,,,
sparse-s32,sparse,32,13980672,0.86,,0.0,,,,,,,
sparse-s32,sparse,32,14011392,0.92,,0.0,,,,,,,
sparse-s32,sparse,32,14042112,0.94,,0.0,,,,,,,
sparse-s32,sparse,32,14072832,0.93,,0.0,,,,,,,
sparse-s32,sparse,32,14103552,0.9,,0.0,,,,,,,
sparse-s32,sparse,32,14134272,0.92,,0.0,,,,,,,
sparse-s32,sparse,32,14164992,0.93,,0.0,,,,,,,
sparse-s32,sparse,32,14195712,0.92,,0.0,,,,,,,
sparse-s32,sparse,32,14226432,0.89,,0.0,,,,,,,
sparse-s32,sparse,32,14257152,0.92,,0.0,,,,,,,
sparse-s32,sparse,32,14287872,0.94,,0.0,,,,,,,
sparse-s32,sparse,32,14318592,0.93,,0.0,,,,,,,
sparse-s32,sparse,32,14349312,0.9,,0.0,,,,,,,
sparse-s32,sparse,32,14380032,0.97,,0.0,,,,,,,
sparse-s32,sparse,32,14410752,0.93,,0.0,,,,,,,
sparse-s32,sparse,32,14441472,0.92,,0.0,,,,,,,
sparse-s32,sparse,32,14472192,0.89,,0.0,,,,,,,
sparse-s32,sparse,32,14502912,0.92,,0.0,,,,,,,
sparse-s32,sparse,32,14533632,0.94,,0.0,,,,,,,
sparse-s32,sparse,32,14564352,0.96,,0.0,,,,,,,
sparse-s32,sparse,32,14595072,0.88,,0.0,,,,,,,
sparse-s32,sparse,32,14625792,0.95,,0.0,,,,,,,
sparse-s32,sparse,32,14656512,0.92,,0.0,,,,,,,
sparse-s32,sparse,32,14687232,0.93,,0.0,,,,,,,
sparse-s32,sparse,32,14717952,0.96,,0.0,,,,,,,
sparse-s32,sparse,32,14748672,0.91,,0.0,,,,,,,
sparse-s32,sparse,32,14779392,0.92,,0.0,,,,,,,
sparse-s32,sparse,32,14810112,0.96,,0.0,,,,,,,
sparse-s32,sparse,32,14840832,0.94,,0.0,,,,,,,
sparse-s32,sparse,32,14871552,0.93,,0.0,,,,,,,
sparse-s32,sparse,32,14902272,0.93,,0.0,,,,,,,
sparse-s32,sparse,32,14932992,0.96,,0.0,,,,,,,
sparse-s32,sparse,32,14963712,0.94,,0.0,,,,,,,
sparse-s32,sparse,32,14994432,0.95,,0.0,,,,,,,
sparse-s32,sparse,32,14997504,0.97,,0.0,,,,,,,
sparse-s33,sparse,33,3072,0.0,,-1.0,,,,,,,
sparse-s33,sparse,33,33792,0.0,,-1.0,,,,,,,
sparse-s33,sparse,33,64512,0.0,,-1.0,,,,,,,
sparse-s33,sparse,33,95232,0.03,,-1.0,,,,,,,
sparse-s33,sparse,33,125952,0.03,,-1.0,,,,,,,
sparse-s33,sparse,33,156672,0.01,,-1.0,,,,,,,
sparse-s33,sparse,33,187392,0.0,,-1.0,,,,,,,
sparse-s33,sparse,33,218112,0.05,,-1.0,,,,,,,
sparse-s33,sparse,33,248832,0.03,,-1.0,,,,,,,
sparse-s33,sparse,33,279552,0.05,,-1.0,,,,,,,
sparse-s33,sparse,33,310272,0.03,,-1.0,,,,,,,
sparse-s33,sparse,33,340992,0.11,,-1.0,,,,,,,
sparse-s33,sparse,33,371712,0.05,,-1.0,,,,,,,
sparse-s33,sparse,33,402432,0.04,,-1.0,,,,,,,
sparse-s33,sparse,33,433152,0.07,,-1.0,,,,,,,
sparse-s33,sparse,33,463872,0.03,,-1.0,,,,,,,
sparse-s33,sparse,33,494592,0.05,,-1.0,,,,,,,
sparse-s33,sparse,33,525312,0.06,,-1.0,,,,,,,
sparse-s33,sparse,33,556032,0.08,,-1.0,,,,,,,
sparse-s33,sparse,33,586752,0.11,,-1.0,,,,,,,
sparse-s33,sparse,33,617472,0.08,,-1.0,,,,,,,
sparse-s33,sparse,33,648192,0.11,,-1.0,,,,,,,
sparse-s33,sparse,33,678912,0.05,,-1.0,,,,,,,
sparse-s33,sparse,33,709632,0.08,,-1.0,,,,,,,
sparse-s33,sparse,33,740352,0.07,,-1.0,,,,,,,
sparse-s33,sparse,33,771072,0.12,,-1.0,,,,,,,
sparse-s33,sparse,33,801792,0.05,,-1.0,,,,,,,
sparse-s33,sparse,33,832512,0.07,,-1.0,,,,,,,
sparse-s33,sparse,33,863232,0.1,,-1.0,,,,,,,
sparse-s33,sparse,33,893952,0.05,,-1.0,,,,,,,
sparse-s33,sparse,33,924672,0.11,,-1.0,,,,,,,
sparse-s33,sparse,33,955392,0.14,,-1.0,,,,,,,
sparse-s33,sparse,33,986112,0.1,,-1.0,,,,,,,
sparse-s33,sparse,33,1016832,0.13,,-1.0,,,,,,,
sparse-s33,sparse,33,1047552,0.1,,-1.0,,,,,,,
sparse-s33,sparse,33,1078272,0.07,,-1.0,,,,,,,
sparse-s33,sparse,33,1108992,0.07,,-1.0,,,,,,,
sparse-s33,sparse,33,1139712,0.11,,-1.0,,,,,,,
sparse-s33,sparse,33,1170432,0.14,,-1.0,,,,,,,
sparse-s33,sparse,33,1201152,0.09,,-1.0,,,,,,,
sparse-s33,sparse,33,1231872,0.09,,-1.0,,,,,,,
sparse-s33,sparse,33,1262592,0.13,,-1.0,,,,,,,
sparse-s33,sparse,33,1293312,0.16,,-1.0,,,,,,,
sparse-s33,sparse,33,1324032,0.1,,-1.0,,,,,,,
sparse-s33,sparse,33,1354752,0.07,,-1.0,,,,,,,
sparse-s33,sparse,33,1385472,0.09,,-1.0,,,,,,,
sparse-s33,sparse,33,1416192,0.11,,-1.0,,,,,,,
sparse-s33,sparse,33,1446912,0.12,,-1.0,,,,,,,
sparse-s33,sparse,33,1477632,0.11,,-1.0,,,,,,,
sparse-s33,sparse,33,1508352,0.13,,-1.0,,,,,,,
sparse-s33,sparse,33,1539072,0.14,,-1.0,,,,,,,
sparse-s33,sparse,33,1569792,0.06,,-1.0,,,,,,,
sparse-s33,sparse,33,1600512,0.17,,-1.0,,,,,,,
sparse-s33,sparse,33,1631232,0.14,,-1.0,,,,,,,
sparse-s33,sparse,33,1661952,0.14,,-1.0,,,,,,,
sparse-s33,sparse,33,1692672,0.15,,-1.0,,,,,,,
sparse-s33,sparse,33,1723392,0.1,,-1.0,,,,,,,
sparse-s33,sparse,33,1754112,0.16,,-1.0,,,,,,,
sparse-s33,sparse,33,1784832,0.17,,-1.0,,,,,,,
sparse-s33,sparse,33,1815552,0.15,,-1.0,,,,,,,
sparse-s33,sparse,33,1846272,0.17,,-1.0,,,,,,,
sparse-s33,sparse,33,1876992,0.14,,-1.0,,,,,,,
sparse-s33,sparse,33,1907712,0.16,,-1.0,,,,,,,
sparse-s33,sparse,33,1938432,0.17,,-1.0,,,,,,,
sparse-s33,sparse,33,1969152,0.09,,-1.0,,,,,,,
sparse-s33,sparse,33,1999872,0.19,,-1.0,,,,,,,
sparse-s33,sparse,33,2030592,0.22,,-1.0,,,,,,,
sparse-s33,sparse,33,2061312,0.1,,-1.0,,,,,,,
sparse-s33,sparse,33,2092032,0.22,,-1.0,,,,,,,
sparse-s33,sparse,33,2122752,0.12,,-1.0,,,,,,,
sparse-s33,sparse,33,2153472,0.2,,-1.0,,,,,,,
sparse-s33,sparse,33,2184192,0.19,,-1.0,,,,,,,
sparse-s33,sparse,33,2214912,0.17,,-1.0,,,,,,,
sparse-s33,sparse,33,2245632,0.16,,-1.0,,,,,,,
sparse-s33,sparse,33,2276352,0.21,,-1.0,,,,,,,
sparse-s33,sparse,33,2307072,0.2,,-1.0,,,,,,,
sparse-s33,sparse,33,2337792,0.17,,-1.0,,,,,,,
sparse-s33,sparse,33,2368512,0.22,,-1.0,,,,,,,
sparse-s33,sparse,33,2399232,0.29,,-1.0,,,,,,,
sparse-s33,sparse,33,2429952,0.23,,-1.0,,,,,,,
sparse-s33,sparse,33,2460672,0.26,,-1.0,,,,,,,
sparse-s33,sparse,33,2491392,0.22,,-1.0,,,,,,,
sparse-s33,sparse,33,2522112,0.26,,-1.0,,,,,,,
sparse-s33,sparse,33,2552832,0.25,,-1.0,,,,,,,
sparse-s33,sparse,33,2583552,0.3,,-1.0,,,,,,,
sparse-s33,sparse,33,2614272,0.26,,-1.0,,,,,,,
sparse-s33,sparse,33,2644992,0.26,,-1.0,,,,,,,
sparse-s33,sparse,33,2675712,0.28,,-1.0,,,,,,,
sparse-s33,sparse,33,2706432,0.18,,-1.0,,,,,,,
sparse-s33,sparse,33,2737152,0.27,,-1.0,,,,,,,
sparse-s33,sparse,33,2767872,0.31,,-1.0,,,,,,,
sparse-s33,sparse,33,2798592,0.22,,-1.0,,,,,,,
sparse-s33,sparse,33,2829312,0.3,,-1.0,,,,,,,
sparse-s33,sparse,33,2860032,0.37,,-1.0,,,,,,,
sparse-s33,sparse,33,2890752,0.28,,-1.0,,,,,,,
sparse-s33,sparse,33,2921472,0.3,,-1.0,,,,,,,
sparse-s33,sparse,33,2952192,0.22,,-1.0,,,,,,,
sparse-s33,sparse,33,2982912,0.29,,-1.0,,,,,,,
sparse-s33,sparse,33,3013632,0.26,,-1.0,,,,,,,
sparse-s33,sparse,33,3044352,0.31,,-1.0,,,,,,,
sparse-s33,sparse,33,3075072,0.35,,-1.0,,,,,,,
sparse-s33,sparse,33,3105792,0.33,,-1.0,,,,,,,
sparse-s33,sparse,33,3136512,0.42,,-1.0,,,,,,,
sparse-s33,sparse,33,3167232,0.36,,-1.0,,,,,,,
sparse-s33,sparse,33,3197952,0.25,,-1.0,,,,,,,
sparse-s33,sparse,33,3228672,0.4,,-1.0,,,,,,,
sparse-s33,sparse,33,3259392,0.34,,-1.0,,,,,,,
sparse-s33,sparse,33,3290112,0.33,,-1.0,,,,,,,
sparse-s33,sparse,33,3320832,0.38,,-1.0,,,,,,,
sparse-s33,sparse,33,3351552,0.27,,-1.0,,,,,,,
sparse-s33,sparse,33,3382272,0.32,,-1.0,,,,,,,
sparse-s33,sparse,33,3412992,0.42,,-1.0,,,,,,,
sparse-s33,sparse,33,3443712,0.39,,-1.0,,,,,,,
sparse-s33,sparse,33,3474432,0.47,,-1.0,,,,,,,
sparse-s33,sparse,33,3505152,0.46,,-1.0,,,,,,,
sparse-s33,sparse,33,3535872,0.45,,-1.0,,,,,,,
sparse-s33,sparse,33,3566592,0.33,,-1.0,,,,,,,
sparse-s33,sparse,33,3597312,0.36,,-1.0,,,,,,,
sparse-s33,sparse,33,3628032,0.39,,-1.0,,,,,,,
sparse-s33,sparse,33,3658752,0.46,,-1.0,,,,,,,
sparse-s33,sparse,33,3689472,0.38,,-1.0,,,,,,,
sparse-s33,sparse,33,3720192,0.46,,-1.0,,,,,,,
sparse-s33,sparse,33,3750912,0.41,,-1.0,,,,,,,
sparse-s33,sparse,33,3781632,0.52,,-1.0,,,,,,,
sparse-s33,sparse,33,3812352,0.52,,-1.0,,,,,,,
sparse-s33,sparse,33,3843072,0.4,,-1.0,,,,,,,
sparse-s33,sparse,33,3873792,0.46,,-1.0,,,,,,,
sparse-s33,sparse,33,3904512,0.43,,-1.0,,,,,,,
sparse-s33,sparse,33,3935232,0.43,,-1.0,,,,,,,
sparse-s33,sparse,33,3965952,0.49,,-1.0,,,,,,,
sparse-s33,sparse,33,3996672,0.48,,-1.0,,,,,,,
sparse-s33,sparse,33,4027392,0.49,,-1.0,,,,,,,
sparse-s33,sparse,33,4058112,0.5,,-1.0,,,,,,,
sparse-s33,sparse,33,4088832,0.54,,-1.0,,,,,,,
sparse-s33,sparse,33,4119552,0.58,,-1.0,,,,,,,
sparse-s33,sparse,33,4150272,0.49,,-1.0,,,,,,,
sparse-s33,sparse,33,4180992,0.46,,-1.0,,,,,,,
sparse-s33,sparse,33,4211712,0.54,,-1.0,,,,,,,
sparse-s33,sparse,33,4242432,0.58,,-1.0,,,,,,,
sparse-s33,sparse,33,4273152,0.52,,-0.977,,,,,,,
sparse-s33,sparse,33,4303872,0.44,,-0.966,,,,,,,
sparse-s33,sparse,33,4334592,0.56,,-0.943,,,,,,,
sparse-s33,sparse,33,4365312,0.61,,-0.932,,,,,,,
sparse-s33,sparse,33,4396032,0.5,,-0.921,,,,,,,
sparse-s33,sparse,33,4426752,0.58,,-0.921,,,,,,,
sparse-s33,sparse,33,4457472,0.51,,-0.909,,,,,,,
sparse-s33,sparse,33,4488192,0.47,,-0.909,,,,,,,
sparse-s33,sparse,33,4518912,0.51,,-0.883,,,,,,,
sparse-s33,sparse,33,4549632,0.57,,-0.883,,,,,,,
sparse-s33,sparse,33,4580352,0.59,,-0.857,,,,,,,
sparse-s33,sparse,33,4611072,0.5,,-0.846,,,,,,,
sparse-s33,sparse,33,4641792,0.54,,-0.831,,,,,,,
sparse-s33,sparse,33,4672512,0.52,,-0.767,,,,,,,
sparse-s33,sparse,33,4703232,0.5,,-0.742,,,,,,,
sparse-s33,sparse,33,4733952,0.64,,-0.729,,,,,,,
sparse-s33,sparse,33,4764672,0.6,,-0.715,,,,,,,
sparse-s33,sparse,33,4795392,0.56,,-0.704,,,,,,,
sparse-s33,sparse,33,4826112,0.58,,-0.693,,,,,,,
sparse-s33,sparse,33,4856832,0.52,,-0.663,,,,,,,
sparse-s33,sparse,33,4887552,0.5,,-0.649,,,,,,,
sparse-s33,sparse,33,4918272,0.6,,-0.649,,,,,,,
sparse-s33,sparse,33,4948992,0.62,,-0.622,,,,,,,
sparse-s33,sparse,33,4979712,0.56,,-0.597,,,,,,,
sparse-s33,sparse,33,5010432,0.53,,-0.57,,,,,,,
sparse-s33,sparse,33,5041152,0.57,,-0.57,,,,,,,
sparse-s33,sparse,33,5071872,0.5,,-0.547,,,,,,,
sparse-s33,sparse,33,5102592,0.64,,-0.536,,,,,,,
sparse-s33,sparse,33,5133312,0.53,,-0.507,,,,,,,
sparse-s33,sparse,33,5164032,0.6,,-0.493,,,,,,,
sparse-s33,sparse,33,5194752,0.57,,-0.478,,,,,,,
sparse-s33,sparse,33,5225472,0.57,,-0.44,,,,,,,
sparse-s33,sparse,33,5256192,0.52,,-0.414,,,,,,,
sparse-s33,sparse,33,5286912,0.59,,-0.391,,,,,,,
sparse-s33,sparse,33,5317632,0.61,,-0.38,,,,,,,
sparse-s33,sparse,33,5348352,0.57,,-0.346,,,,,,,
sparse-s33,sparse,33,5379072,0.54,,-0.314,,,,,,,
sparse-s33,sparse,33,5409792,0.58,,-0.287,,,,,,,
sparse-s33,sparse,33,5440512,0.55,,-0.26,,,,,,,
sparse-s33,sparse,33,5471232,0.47,,-0.245,,,,,,,
sparse-s33,sparse,33,5501952,0.55,,-0.211,,,,,,,
sparse-s33,sparse,33,5532672,0.56,,-0.184,,,,,,,
sparse-s33,sparse,33,5563392,0.66,,-0.148,,,,,,,
sparse-s33,sparse,33,5594112,0.54,,-0.132,,,,,,,
sparse-s33,sparse,33,5624832,0.57,,-0.1,,,,,,,
sparse-s33,sparse,33,5655552,0.5,,-0.052,,,,,,,
sparse-s33,sparse,33,5686272,0.55,,-0.014,,,,,,,
sparse-s33,sparse,33,5716992,0.48,,0.0,,,,,,,
sparse-s33,sparse,33,5747712,0.6,,0.0,,,,,,,
sparse-s33,sparse,33,5778432,0.54,,0.0,,,,,,,
sparse-s33,sparse,33,5809152,0.64,,0.0,,,,,,,
sparse-s33,sparse,33,5839872,0.62,,0.0,,,,,,,
sparse-s33,sparse,33,5870592,0.54,,0.0,,,,,,,
sparse-s33,sparse,33,5901312,0.59,,0.0,,,,,,,
sparse-s33,sparse,33,5932032,0.61,,0.0,,,,,,,
sparse-s33,sparse,33,5962752,0.55,,0.0,,,,,,,
sparse-s33,sparse,33,5993472,0.55,,0.0,,,,,,,
sparse-s33,sparse,33,6024192,0.52,,0.0,,,,,,,
sparse-s33,sparse,33,6054912,0.64,,0.0,,,,,,,
sparse-s33,sparse,33,6085632,0.54,,0.0,,,,,,,
sparse-s33,sparse,33,6116352,0.64,,0.0,,,,,,,
sparse-s33,sparse,33,6147072,0.59,,0.0,,,,,,,
sparse-s33,sparse,33,6177792,0.61,,0.0,,,,,,,
sparse-s33,sparse,33,6208512,0.71,,0.0,,,,,,,
sparse-s33,sparse,33,6239232,0.52,,0.0,,,,,,,
sparse-s33,sparse,33,6269952,0.6,,0.0,,,,,,,
sparse-s33,sparse,33,6300672,0.62,,0.0,,,,,,,
sparse-s33,sparse,33,6331392,0.71,,0.0,,,,,,,
sparse-s33,sparse,33,6362112,0.69,,0.0,,,,,,,
sparse-s33,sparse,33,6392832,0.65,,0.0,,,,,,,
sparse-s33,sparse,33,6423552,0.59,,0.0,,,,,,,
sparse-s33,sparse,33,6454272,0.64,,0.0,,,,,,,
sparse-s33,sparse,33,6484992,0.6,,0.0,,,,,,,
sparse-s33,sparse,33,6515712,0.66,,0.0,,,,,,,
sparse-s33,sparse,33,6546432,0.67,,0.0,,,,,,,
sparse-s33,sparse,33,6577152,0.73,,0.0,,,,,,,
sparse-s33,sparse,33,6607872,0.62,,0.0,,,,,,,
sparse-s33,sparse,33,6638592,0.72,,0.0,,,,,,,
sparse-s33,sparse,33,6669312,0.69,,0.0,,,,,,,
sparse-s33,sparse,33,6700032,0.69,,0.0,,,,,,,
sparse-s33,sparse,33,6730752,0.62,,0.0,,,,,,,
sparse-s33,sparse,33,6761472,0.61,,0.0,,,,,,,
sparse-s33,sparse,33,6792192,0.66,,0.0,,,,,,,
sparse-s33,sparse,33,6822912,0.63,,0.0,,,,,,,
sparse-s33,sparse,33,6853632,0.62,,0.0,,,,,,,
sparse-s33,sparse,33,6884352,0.62,,0.0,,,,,,,
sparse-s33,sparse,33,6915072,0.69,,0.0,,,,,,,
sparse-s33,sparse,33,6945792,0.67,,0.0,,,,,,,
sparse-s33,sparse,33,6976512,0.61,,0.0,,,,,,,
sparse-s33,sparse,33,7007232,0.64,,0.0,,,,,,,
sparse-s33,sparse,33,7037952,0.61,,0.0,,,,,,,
sparse-s33,sparse,33,7068672,0.57,,0.0,,,,,,,
sparse-s33,sparse,33,7099392,0.64,,0.0,,,,,,,
sparse-s33,sparse,33,7130112,0.62,,0.0,,,,,,,
sparse-s33,sparse,33,7160832,0.59,,0.0,,,,,,,
sparse-s33,sparse,33,7191552,0.61,,0.0,,,,,,,
sparse-s33,sparse,33,7222272,0.72,,0.0,,,,,,,
sparse-s33,sparse,33,7252992,0.71,,0.0,,,,,,,
sparse-s33,sparse,33,7283712,0.64,,0.0,,,,,,,
sparse-s33,sparse,33,7314432,0.6,,0.0,,,,,,,
sparse-s33,sparse,33,7345152,0.71,,0.0,,,,,,,
sparse-s33,sparse,33,7375872,0.71,,0.0,,,,,,,
sparse-s33,sparse,33,7406592,0.65,,0.0,,,,,,,
sparse-s33,sparse,33,7437312,0.7,,0.0,,,,,,,
sparse-s33,sparse,33,7468032,0.69,,0.0,,,,,,,
sparse-s33,sparse,33,7498752,0.71,,0.0,,,,,,,
sparse-s33,sparse,33,7529472,0.67,,0.0,,,,,,,
sparse-s33,sparse,33,7560192,0.79,,0.0,,,,,,,
sparse-s33,sparse,33,7590912,0.79,,0.0,,,,,,,
sparse-s33,sparse,33,7621632,0.75,,0.0,,,,,,,
sparse-s33,sparse,33,7652352,0.76,,0.0,,,,,,,
sparse-s33,sparse,33,7683072,0.67,,0.0,,,,,,,
sparse-s33,sparse,33,7713792,0.56,,0.0,,,,,,,
sparse-s33,sparse,33,7744512,0.71,,0.0,,,,,,,
sparse-s33,sparse,33,7775232,0.76,,0.0,,,,,,,
sparse-s33,sparse,33,7805952,0.73,,0.0,,,,,,,
sparse-s33,sparse,33,7836672,0.71,,0.0,,,,,,,
sparse-s33,sparse,33,7867392,0.7,,0.0,,,,,,,
sparse-s33,sparse,33,7898112,0.76,,0.0,,,,,,,
sparse-s33,sparse,33,7928832,0.65,,0.0,,,,,,,
sparse-s33,sparse,33,7959552,0.79,,0.0,,,,,,,
sparse-s33,sparse,33,7990272,0.77,,0.0,,,,,,,
sparse-s33,sparse,33,8020992,0.73,,0.0,,,,,,,
sparse-s33,sparse,33,8051712,0.78,,0.0,,,,,,,
sparse-s33,sparse,33,8082432,0.71,,0.0,,,,,,,
sparse-s33,sparse,33,8113152,0.76,,0.0,,,,,,,
sparse-s33,sparse,33,8143872,0.74,,0.0,,,,,,,
sparse-s33,sparse,33,8174592,0.75,,0.0,,,,,,,
sparse-s33,sparse,33,8205312,0.78,,0.0,,,,,,,
sparse-s33,sparse,33,8236032,0.71,,0.0,,,,,,,
sparse-s33,sparse,33,8266752,0.73,,0.0,,,,,,,
sparse-s33,sparse,33,8297472,0.75,,0.0,,,,,,,
sparse-s33,sparse,33,8328192,0.77,,0.0,,,,,,,
sparse-s33,sparse,33,8358912,0.69,,0.0,,,,,,,
sparse-s33,sparse,33,8389632,0.77,,0.0,,,,,,,
sparse-s33,sparse,33,8420352,0.83,,0.0,,,,,,,
sparse-s33,sparse,33,8451072,0.73,,0.0,,,,,,,
sparse-s33,sparse,33,8481792,0.85,,0.0,,,,,,,
sparse-s33,sparse,33,8512512,0.75,,0.0,,,,,,,
sparse-s33,sparse,33,8543232,0.79,,0.0,,,,,,,
sparse-s33,sparse,33,8573952,0.72,,0.0,,,,,,,
sparse-s33,sparse,33,8604672,0.8,,0.0,,,,,,,
sparse-s33,sparse,33,8635392,0.72,,0.0,,,,,,,
sparse-s33,sparse,33,8666112,0.79,,0.0,,,,,,,
sparse-s33,sparse,33,8696832,0.77,,0.0,,,,,,,
sparse-s33,sparse,33,8727552,0.79,,0.0,,,,,,,
sparse-s33,sparse,33,8758272,0.73,,0.0,,,,,,,
sparse-s33,sparse,33,8788992,0.8,,0.0,,,,,,,
sparse-s33,sparse,33,8819712,0.72,,0.0,,,,,,,
sparse-s33,sparse,33,8850432,0.76,,0.0,,,,,,,
sparse-s33,sparse,33,8881152,0.76,,0.0,,,,,,,
sparse-s33,sparse,33,8911872,0.86,,0.0,,,,,,,
sparse-s33,sparse,33,8942592,0.75,,0.0,,,,,,,
sparse-s33,sparse,33,8973312,0.8,,0.0,,,,,,,
sparse-s33,sparse,33,9004032,0.83,,0.0,,,,,,,
sparse-s33,sparse,33,9034752,0.78,,0.0,,,,,,,
sparse-s33,sparse,33,9065472,0.84,,0.0,,,,,,,
sparse-s33,sparse,33,9096192,0.82,,0.0,,,,,,,
sparse-s33,sparse,33,9126912,0.85,,0.0,,,,,,,
sparse-s33,sparse,33,9157632,0.81,,0.0,,,,,,,
sparse-s33,sparse,33,9188352,0.83,,0.0,,,,,,,
sparse-s33,sparse,33,9219072,0.79,,0.0,,,,,,,
sparse-s33,sparse,33,9249792,0.81,,0.0,,,,,,,
sparse-s33,sparse,33,9280512,0.84,,0.0,,,,,,,
sparse-s33,sparse,33,9311232,0.83,,0.0,,,,,,,
sparse-s33,sparse,33,9341952,0.82,,0.0,,,,,,,
sparse-s33,sparse,33,9372672,0.85,,0.0,,,,,,,
sparse-s33,sparse,33,9403392,0.85,,0.0,,,,,,,
sparse-s33,sparse,33,9434112,0.87,,0.0,,,,,,,
sparse-s33,sparse,33,9464832,0.85,,0.0,,,,,,,
sparse-s33,sparse,33,9495552,0.76,,0.0,,,,,,,
sparse-s33,sparse,33,9526272,0.83,,0.0,,,,,,,
sparse-s33,sparse,33,9556992,0.86,,0.0,,,,,,,
sparse-s33,sparse,33,9587712,0.77,,0.0,,,,,,,
sparse-s33,sparse,33,9618432,0.81,,0.0,,,,,,,
sparse-s33,sparse,33,9649152,0.8,,0.0,,,,,,,
sparse-s33,sparse,33,9679872,0.88,,0.0,,,,,,,
sparse-s33,sparse,33,9710592,0.72,,0.0,,,,,,,
sparse-s33,sparse,33,9741312,0.84,,0.0,,,,,,,
sparse-s33,sparse,33,9772032,0.82,,0.0,,,,,,,
sparse-s33,sparse,33,9802752,0.73,,0.0,,,,,,,
sparse-s33,sparse,33,9833472,0.81,,0.0,,,,,,,
sparse-s33,sparse,33,9864192,0.81,,0.0,,,,,,,
sparse-s33,sparse,33,9894912,0.79,,0.0,,,,,,,
sparse-s33,sparse,33,9925632,0.82,,0.0,,,,,,,
sparse-s33,sparse,33,9956352,0.91,,0.0,,,,,,,
sparse-s33,sparse,33,9987072,0.82,,0.0,,,,,,,
sparse-s33,sparse,33,10017792,0.78,,0.0,,,,,,,
sparse-s33,sparse,33,10048512,0.83,,0.0,,,,,,,
sparse-s33,sparse,33,10079232,0.86,,0.0,,,,,,,
sparse-s33,sparse,33,10109952,0.8,,0.0,,,,,,,
sparse-s33,sparse,33,10140672,0.84,,0.0,,,,,,,
sparse-s33,sparse,33,10171392,0.89,,0.0,,,,,,,
sparse-s33,sparse,33,10202112,0.81,,0.0,,,,,,,
sparse-s33,sparse,33,10232832,0.83,,0.0,,,,,,,
sparse-s33,sparse,33,10263552,0.84,,0.0,,,,,,,
sparse-s33,sparse,33,10294272,0.82,,0.0,,,,,,,
sparse-s33,sparse,33,10324992,0.8,,0.0,,,,,,,
sparse-s33,sparse,33,10355712,0.78,,0.0,,,,,,,
sparse-s33,sparse,33,10386432,0.84,,0.0,,,,,,,
sparse-s33,sparse,33,10417152,0.89,,0.0,,,,,,,
sparse-s33,sparse,33,10447872,0.83,,0.0,,,,,,,
sparse-s33,sparse,33,10478592,0.86,,0.0,,,,,,,
sparse-s33,sparse,33,10509312,0.88,,0.0,,,,,,,
sparse-s33,sparse,33,10540032,0.85,,0.0,,,,,,,
sparse-s33,sparse,33,10570752,0.85,,0.0,,,,,,,
sparse-s33,sparse,33,10601472,0.82,,0.0,,,,,,,
sparse-s33,sparse,33,10632192,0.81,,0.0,,,,,,,
sparse-s33,sparse,33,10662912,0.8,,0.0,,,,,,,
sparse-s33,sparse,33,10693632,0.8,,0.0,,,,,,,
sparse-s33,sparse,33,10724352,0.8,,0.0,,,,,,,
sparse-s33,sparse,33,10755072,0.76,,0.0,,,,,,,
sparse-s33,sparse,33,10785792,0.81,,0.0,,,,,,,
sparse-s33,sparse,33,10816512,0.84,,0.0,,,,,,,
sparse-s33,sparse,33,10847232,0.82,,0.0,,,,,,,
sparse-s33,sparse,33,10877952,0.85,,0.0,,,,,,,
sparse-s33,sparse,33,10908672,0.74,,0.0,,,,,,,
sparse-s33,sparse,33,10939392,0.84,,0.0,,,,,,,
sparse-s33,sparse,33,10970112,0.86,,0.0,,,,,,,
sparse-s33,sparse,33,11000832,0.85,,0.0,,,,,,,
sparse-s33,sparse,33,11031552,0.82,,0.0,,,,,,,
sparse-s33,sparse,33,11062272,0.81,,0.0,,,,,,,
sparse-s33,sparse,33,11092992,0.88,,0.0,,,,,,,
sparse-s33,sparse,33,11123712,0.8,,0.0,,,,,,,
sparse-s33,sparse,33,11154432,0.86,,0.0,,,,,,,
sparse-s33,sparse,33,11185152,0.9,,0.0,,,,,,,
sparse-s33,sparse,33,11215872,0.9,,0.0,,,,,,,
sparse-s33,sparse,33,11246592,0.92,,0.0,,,,,,,
sparse-s33,sparse,33,11277312,0.91,,0.0,,,,,,,
sparse-s33,sparse,33,11308032,0.9,,0.0,,,,,,,
sparse-s33,sparse,33,11338752,0.88,,0.0,,,,,,,
sparse-s33,sparse,33,11369472,0.9,,0.0,,,,,,,
sparse-s33,sparse,33,11400192,0.88,,0.0,,,,,,,
sparse-s33,sparse,33,11430912,0.82,,0.0,,,,,,,
sparse-s33,sparse,33,11461632,0.89,,0.0,,,,,,,
sparse-s33,sparse,33,11492352,0.84,,0.0,,,,,,,
sparse-s33,sparse,33,11523072,0.89,,0.0,,,,,,,
sparse-s33,sparse,33,11553792,0.83,,0.0,,,,,,,
sparse-s33,sparse,33,11584512,0.83,,0.0,,,,,,,
sparse-s33,sparse,33,11615232,0.81,,0.0,,,,,,,
sparse-s33,sparse,33,11645952,0.88,,0.0,,,,,,,
sparse-s33,sparse,33,11676672,0.91,,0.0,,,,,,,
sparse-s33,sparse,33,11707392,0.85,,0.0,,,,,,,
sparse-s33,sparse,33,11738112,0.84,,0.0,,,,,,,
sparse-s33,sparse,33,11768832,0.87,,0.0,,,,,,,
sparse-s33,sparse,33,11799552,0.83,,0.0,,,,,,,
sparse-s33,sparse,33,11830272,0.88,,0.0,,,,,,,
sparse-s33,sparse,33,11860992,0.83,,0.0,,,,,,,
sparse-s33,sparse,33,11891712,0.85,,0.0,,,,,,,
sparse-s33,sparse,33,11922432,0.9,,0.0,,,,,,,
sparse-s33,sparse,33,11953152,0.85,,0.0,,,,,,,
sparse-s33,sparse,33,11983872,0.84,,0.0,,,,,,,
sparse-s33,sparse,33,12014592,0.85,,0.0,,,,,,,
sparse-s33,sparse,33,12045312,0.89,,0.0,,,,,,,
sparse-s33,sparse,33,12076032,0.85,,0.0,,,,,,,
sparse-s33,sparse,33,12106752,0.87,,0.0,,,,,,,
sparse-s33,sparse,33,12137472,0.89,,0.0,,,,,,,
sparse-s33,sparse,33,12168192,0.85,,0.0,,,,,,,
sparse-s33,sparse,33,12198912,0.9,,0.0,,,,,,,
sparse-s33,sparse,33,12229632,0.85,,0.0,,,,,,,
sparse-s33,sparse,33,12260352,0.79,,0.0,,,,,,,
sparse-s33,sparse,33,12291072,0.8,,0.0,,,,,,,
sparse-s33,sparse,33,12321792,0.85,,0.0,,,,,,,
sparse-s33,sparse,33,12352512,0.86,,0.0,,,,,,,
sparse-s33,sparse,33,12383232,0.88,,0.0,,,,,,,
sparse-s33,sparse,33,12413952,0.85,,0.0,,,,,,,
sparse-s33,sparse,33,12444672,0.87,,0.0,,,,,,,
sparse-s33,sparse,33,12475392,0.85,,0.0,,,,,,,
sparse-s33,sparse,33,12506112,0.85,,0.0,,,,,,,
sparse-s33,sparse,33,12536832,0.85,,0.0,,,,,,,
sparse-s33,sparse,33,12567552,0.88,,0.0,,,,,,,
sparse-s33,sparse,33,12598272,0.84,,0.0,,,,,,,
sparse-s33,sparse,33,12628992,0.83,,0.0,,,,,,,
sparse-s33,sparse,33,12659712,0.85,,0.0,,,,,,,
sparse-s33,sparse,33,12690432,0.85,,0.0,,,,,,,
sparse-s33,sparse,33,12721152,0.87,,0.0,,,,,,,
sparse-s33,sparse,33,12751872,0.87,,0.0,,,,,,,
sparse-s33,sparse,33,12782592,0.92,,0.0,,,,,,,
sparse-s33,sparse,33,12813312,0.84,,0.0,,,,,,,
sparse-s33,sparse,33,12844032,0.84,,0.0,,,,,,,
sparse-s33,sparse,33,12874752,0.88,,0.0,,,,,,,
sparse-s33,sparse,33,12905472,0.88,,0.0,,,,,,,
sparse-s33,sparse,33,12936192,0.87,,0.0,,,,,,,
sparse-s33,sparse,33,12966912,0.83,,0.0,,,,,,,
sparse-s33,sparse,33,12997632,0.82,,0.0,,,,,,,
sparse-s33,sparse,33,13028352,0.83,,0.0,,,,,,,
sparse-s33,sparse,33,13059072,0.87,,0.0,,,,,,,
sparse-s33,sparse,33,13089792,0.88,,0.0,,,,,,,
sparse-s33,sparse,33,13120512,0.93,,0.0,,,,,,,
sparse-s33,sparse,33,13151232,0.86,,0.0,,,,,,,
sparse-s33,sparse,33,13181952,0.88,,0.0,,,,,,,
sparse-s33,sparse,33,13212672,0.83,,0.0,,,,,,,
sparse-s33,sparse,33,13243392,0.86,,0.0,,,,,,,
sparse-s33,sparse,33,13274112,0.92,,0.0,,,,,,,
sparse-s33,sparse,33,13304832,0.87,,0.0,,,,,,,
sparse-s33,sparse,33,13335552,0.85,,0.0,,,,,,,
sparse-s33,sparse,33,13366272,0.88,,0.0,,,,,,,
sparse-s33,sparse,33,13396992,0.84,,0.0,,,,,,,
sparse-s33,sparse,33,13427712,0.87,,0.0,,,,,,,
sparse-s33,sparse,33,13458432,0.88,,0.0,,,,,,,
sparse-s33,sparse,33,13489152,0.89,,0.0,,,,,,,
sparse-s33,sparse,33,13519872,0.85,,0.0,,,,,,,
sparse-s33,sparse,33,13550592,0.85,,0.0,,,,,,,
sparse-s33,sparse,33,13581312,0.94,,0.0,,,,,,,
sparse-s33,sparse,33,13612032,0.87,,0.0,,,,,,,
sparse-s33,sparse,33,13642752,0.82,,0.0,,,,,,,
sparse-s33,sparse,33,13673472,0.86,,0.0,,,,,,,
sparse-s33,sparse,33,13704192,0.86,,0.0,,,,,,,
sparse-s33,sparse,33,13734912,0.88,,0.0,,,,,,,
sparse-s33,sparse,33,13765632,0.81,,0.0,,,,,,,
sparse-s33,sparse,33,13796352,0.94,,0.0,,,,,,,
sparse-s33,sparse,33,13827072,0.86,,0.0,,,,,,,
sparse-s33,sparse,33,13857792,0.89,,0.0,,,,,,,
sparse-s33,sparse,33,13888512,0.87,,0.0,,,,,,,
sparse-s33,sparse,33,13919232,0.88,,0.0,,,,,,,
sparse-s33,sparse,33,13949952,0.89,,0.0,,,,,,,
sparse-s33,sparse,33,13980672,0.93,,0.0,,,,,,,
sparse-s33,sparse,33,14011392,0.86,,0.0,,,,,,,
sparse-s33,sparse,33,14042112,0.84,,0.0,,,,,,,
sparse-s33,sparse,33,14072832,0.92,,0.0,,,,,,,
sparse-s33,sparse,33,14103552,0.91,,0.0,,,,,,,
sparse-s33,sparse,33,14134272,0.91,,0.0,,,,,,,
sparse-s33,sparse,33,14164992,0.87,,0.0,,,,,,,
sparse-s33,sparse,33,14195712,0.87,,0.0,,,,,,,
sparse-s33,sparse,33,14226432,0.9,,0.0,,,,,,,
sparse-s33,sparse,33,14257152,0.95,,0.0,,,,,,,
sparse-s33,sparse,33,14287872,0.9,,0.0,,,,,,,
sparse-s33,sparse,33,14318592,0.95,,0.0,,,,,,,
sparse-s33,sparse,33,14349312,0.92,,0.0,,,,,,,
sparse-s33,sparse,33,14380032,0.92,,0.0,,,,,,,
sparse-s33,sparse,33,14410752,0.95,,0.0,,,,,,,
sparse-s33,sparse,33,14441472,0.89,,0.0,,,,,,,
sparse-s33,sparse,33,14472192,0.84,,0.0,,,,,,,
sparse-s33,sparse,33,14502912,0.85,,0.0,,,,,,,
sparse-s33,sparse,33,14533632,0.88,,0.0,,,,,,,
sparse-s33,sparse,33,14564352,0.88,,0.0,,,,,,,
sparse-s33,sparse,33,14595072,0.88,,0.0,,,,,,,
sparse-s33,sparse,33,14625792,0.95,,0.0,,,,,,,
sparse-s33,sparse,33,14656512,0.92,,0.0,,,,,,,
sparse-s33,sparse,33,14687232,0.88,,0.0,,,,,,,
sparse-s33,sparse,33,14717952,0.9,,0.0,,,,,,,
sparse-s33,sparse,33,14748672,0.87,,0.0,,,,,,,
sparse-s33,sparse,33,14779392,0.98,,0.0,,,,,,,
sparse-s33,sparse,33,14810112,0.95,,0.0,,,,,,,
sparse-s33,sparse,33,14840832,0.92,,0.0,,,,,,,
sparse-s33,sparse,33,14871552,0.94,,0.0,,,,,,,
sparse-s33,sparse,33,14902272,0.92,,0.0,,,,,,,
sparse-s33,sparse,33,14932992,0.88,,0.0,,,,,,,
sparse-s33,sparse,33,14963712,0.91,,0.0,,,,,,,
sparse-s33,sparse,33,14994432,0.96,,0.0,,,,,,,
sparse-s33,sparse,33,14997504,0.89,,0.0,,,,,,,
