run,arm,seed,step,train_win_rate,train_score,difficulty,r_objective,r_alpha,r_beta,r_zeta,r_delta,coverage,visit_entropy
w10s-shp-cur-s71,w10s-shp-cur,71,3072,0.0,0.419,-1.0,,,,,,,
w10s-shp-cur-s71,w10s-shp-cur,71,33792,0.01,0.472,-1.0,-1.0,0.0734,0.0002,-0.0182,0.0177,0.968,0.94
w10s-shp-cur-s71,w10s-shp-cur,71,64512,0.02,0.493,-1.0,-0.95,0.0686,0.0002,-0.0181,0.0145,0.995,0.946
w10s-shp-cur-s71,w10s-shp-cur,71,95232,0.02,0.525,-1.0,-1.0,0.0733,0.0002,-0.0165,0.0122,1.0,0.948
w10s-shp-cur-s71,w10s-shp-cur,71,125952,0.02,0.554,-1.0,-0.927,0.0717,0.0002,-0.0171,0.0109,1.0,0.947
w10s-shp-cur-s71,w10s-shp-cur,71,156672,0.02,0.591,-1.0,-0.9527,0.0693,0.0002,-0.0159,0.0103,1.0,0.947
w10s-shp-cur-s71,w10s-shp-cur,71,187392,0.01,0.522,-1.0,-0.9279,0.0734,0.0002,-0.018,0.0084,1.0,0.948
w10s-shp-cur-s71,w10s-shp-cur,71,218112,0.05,0.58,-1.0,-0.925,0.0749,0.0002,-0.0167,0.0082,1.0,0.949
w10s-shp-cur-s71,w10s-shp-cur,71,248832,0.04,0.574,-1.0,-0.9311,0.0705,0.0002,-0.0177,0.0084,1.0,0.949
w10s-shp-cur-s71,w10s-shp-cur,71,279552,0.02,0.554,-1.0,-0.9517,0.0708,0.0002,-0.017,0.007,1.0,0.95
w10s-shp-cur-s71,w10s-shp-cur,71,310272,0.03,0.54,-1.0,-0.9062,0.0723,0.0002,-0.0163,0.007,1.0,0.95
w10s-shp-cur-s71,w10s-shp-cur,71,340992,0.03,0.548,-1.0,-0.8786,0.0728,0.0002,-0.0187,0.007,1.0,0.951
w10s-shp-cur-s71,w10s-shp-cur,71,371712,0.03,0.594,-1.0,-0.9261,0.0717,0.0002,-0.0184,0.0064,1.0,0.951
w10s-shp-cur-s71,w10s-shp-cur,71,402432,0.05,0.571,-1.0,-0.9251,0.0705,0.0002,-0.0176,0.006,1.0,0.951
w10s-shp-cur-s71,w10s-shp-cur,71,433152,0.05,0.612,-1.0,-0.8305,0.0716,0.0002,-0.0185,0.0059,1.0,0.952
w10s-shp-cur-s71,w10s-shp-cur,71,463872,0.05,0.531,-1.0,-0.8801,0.0708,0.0002,-0.0175,0.006,1.0,0.953
w10s-shp-cur-s71,w10s-shp-cur,71,494592,0.05,0.582,-1.0,-0.8284,0.0748,0.0002,-0.0177,0.0053,1.0,0.953
w10s-shp-cur-s71,w10s-shp-cur,71,525312,0.04,0.57,-1.0,-0.879,0.0709,0.0002,-0.0188,0.0054,1.0,0.953
w10s-shp-cur-s71,w10s-shp-cur,71,556032,0.04,0.591,-1.0,-0.8348,0.0688,0.0001,-0.017,0.0051,1.0,0.953
w10s-shp-cur-s71,w10s-shp-cur,71,586752,0.12,0.619,-1.0,-0.8586,0.071,0.0001,-0.0182,0.0053,1.0,0.954
w10s-shp-cur-s71,w10s-shp-cur,71,617472,0.09,0.638,-1.0,-0.8102,0.0695,0.0002,-0.0171,0.0057,1.0,0.954
w10s-shp-cur-s71,w10s-shp-cur,71,648192,0.09,0.604,-1.0,-0.7861,0.0728,0.0002,-0.0176,0.0052,1.0,0.954
w10s-shp-cur-s71,w10s-shp-cur,71,678912,0.02,0.53,-1.0,-0.95,0.0754,0.0002,-0.0192,0.005,1.0,0.954
w10s-shp-cur-s71,w10s-shp-cur,71,709632,0.05,0.583,-1.0,-0.8792,0.0709,0.0002,-0.017,0.0048,1.0,0.954
w10s-shp-cur-s71,w10s-shp-cur,71,740352,0.08,0.624,-1.0,-0.7866,0.0715,0.0002,-0.018,0.0048,1.0,0.955
w10s-shp-cur-s71,w10s-shp-cur,71,771072,0.1,0.54,-1.0,-0.95,0.0747,0.0002,-0.0186,0.0045,1.0,0.955
w10s-shp-cur-s71,w10s-shp-cur,71,801792,0.04,0.546,-1.0,-0.8839,0.0705,0.0002,-0.0174,0.0045,1.0,0.955
w10s-shp-cur-s71,w10s-shp-cur,71,832512,0.05,0.571,-1.0,-0.9778,0.0742,0.0002,-0.0186,0.004,1.0,0.955
w10s-shp-cur-s71,w10s-shp-cur,71,863232,0.07,0.601,-1.0,-0.7583,0.0724,0.0002,-0.0191,0.0044,1.0,0.955
w10s-shp-cur-s71,w10s-shp-cur,71,893952,0.01,0.568,-1.0,-0.7792,0.0762,0.0002,-0.0189,0.0043,1.0,0.955
w10s-shp-cur-s71,w10s-shp-cur,71,924672,0.09,0.626,-1.0,-0.712,0.0716,0.0002,-0.0184,0.0043,1.0,0.956
w10s-shp-cur-s71,w10s-shp-cur,71,955392,0.1,0.626,-1.0,-0.7818,0.0691,0.0002,-0.0196,0.0043,1.0,0.956
w10s-shp-cur-s71,w10s-shp-cur,71,986112,0.1,0.65,-1.0,-0.6017,0.0659,0.0002,-0.0188,0.0044,1.0,0.956
w10s-shp-cur-s71,w10s-shp-cur,71,1016832,0.08,0.607,-1.0,-0.8274,0.0714,0.0002,-0.0171,0.0047,1.0,0.956
w10s-shp-cur-s71,w10s-shp-cur,71,1047552,0.07,0.598,-1.0,-0.8787,0.0686,0.0002,-0.0193,0.0041,1.0,0.956
w10s-shp-cur-s71,w10s-shp-cur,71,1078272,0.11,0.627,-1.0,-0.8564,0.07,0.0002,-0.0181,0.0042,1.0,0.956
w10s-shp-cur-s71,w10s-shp-cur,71,1108992,0.08,0.644,-1.0,-0.9008,0.0727,0.0002,-0.0187,0.004,1.0,0.956
w10s-shp-cur-s71,w10s-shp-cur,71,1139712,0.06,0.594,-1.0,-0.8606,0.0709,0.0002,-0.017,0.004,1.0,0.957
w10s-shp-cur-s71,w10s-shp-cur,71,1170432,0.05,0.6,-1.0,-0.8818,0.0716,0.0002,-0.0195,0.0042,1.0,0.957
w10s-shp-cur-s71,w10s-shp-cur,71,1201152,0.08,0.594,-1.0,-0.7361,0.073,0.0002,-0.0175,0.0036,1.0,0.957
w10s-shp-cur-s71,w10s-shp-cur,71,1231872,0.12,0.667,-1.0,-0.7132,0.0702,0.0002,-0.0184,0.0038,1.0,0.957
w10s-shp-cur-s71,w10s-shp-cur,71,1262592,0.05,0.594,-1.0,-0.8312,0.0738,0.0002,-0.0191,0.004,1.0,0.957
w10s-shp-cur-s71,w10s-shp-cur,71,1293312,0.07,0.617,-1.0,-0.8785,0.0729,0.0002,-0.0186,0.0038,1.0,0.957
w10s-shp-cur-s71,w10s-shp-cur,71,1324032,0.08,0.603,-1.0,-0.9049,0.0736,0.0002,-0.0193,0.0036,1.0,0.957
w10s-shp-cur-s71,w10s-shp-cur,71,1354752,0.13,0.652,-1.0,-0.6644,0.0722,0.0002,-0.0175,0.0037,1.0,0.958
w10s-shp-cur-s71,w10s-shp-cur,71,1385472,0.11,0.64,-1.0,-0.6597,0.0699,0.0002,-0.0168,0.0037,1.0,0.958
w10s-shp-cur-s71,w10s-shp-cur,71,1416192,0.06,0.634,-1.0,-0.6688,0.0702,0.0002,-0.0186,0.0034,1.0,0.958
w10s-shp-cur-s71,w10s-shp-cur,71,1446912,0.1,0.632,-1.0,-0.8307,0.0711,0.0002,-0.0174,0.0032,1.0,0.958
w10s-shp-cur-s71,w10s-shp-cur,71,1477632,0.09,0.655,-1.0,-0.7825,0.0695,0.0002,-0.0169,0.0032,1.0,0.958
w10s-shp-cur-s71,w10s-shp-cur,71,1508352,0.08,0.563,-1.0,-0.6706,0.0695,0.0001,-0.0177,0.0033,1.0,0.958
w10s-shp-cur-s71,w10s-shp-cur,71,1539072,0.12,0.619,-1.0,-0.6955,0.0659,0.0002,-0.0172,0.0032,1.0,0.958
w10s-shp-cur-s71,w10s-shp-cur,71,1569792,0.12,0.664,-1.0,-0.7958,0.072,0.0002,-0.0176,0.0031,1.0,0.958
w10s-shp-cur-s71,w10s-shp-cur,71,1600512,0.1,0.634,-1.0,-0.729,0.0708,0.0002,-0.0174,0.0033,1.0,0.958
w10s-shp-cur-s71,w10s-shp-cur,71,1631232,0.06,0.574,-1.0,-0.5453,0.0707,0.0002,-0.0176,0.0032,1.0,0.959
w10s-shp-cur-s71,w10s-shp-cur,71,1661952,0.19,0.694,-1.0,-0.6955,0.0722,0.0002,-0.0182,0.0033,1.0,0.959
w10s-shp-cur-s71,w10s-shp-cur,71,1692672,0.1,0.637,-1.0,-0.594,0.0716,0.0002,-0.0177,0.0032,1.0,0.959
w10s-shp-cur-s71,w10s-shp-cur,71,1723392,0.11,0.65,-1.0,-0.5555,0.07,0.0001,-0.0184,0.0031,1.0,0.959
w10s-shp-cur-s71,w10s-shp-cur,71,1754112,0.14,0.67,-1.0,-0.7873,0.0719,0.0001,-0.0177,0.0031,1.0,0.959
w10s-shp-cur-s71,w10s-shp-cur,71,1784832,0.11,0.618,-1.0,-0.7664,0.0714,0.0002,-0.0191,0.003,1.0,0.959
w10s-shp-cur-s71,w10s-shp-cur,71,1815552,0.1,0.605,-1.0,-0.6425,0.0695,0.0002,-0.0182,0.0031,1.0,0.959
w10s-shp-cur-s71,w10s-shp-cur,71,1846272,0.17,0.677,-1.0,-0.7845,0.0723,0.0002,-0.0183,0.0033,1.0,0.959
w10s-shp-cur-s71,w10s-shp-cur,71,1876992,0.18,0.717,-1.0,-0.8143,0.0761,0.0002,-0.0182,0.0032,1.0,0.959
w10s-shp-cur-s71,w10s-shp-cur,71,1907712,0.24,0.734,-1.0,-0.6962,0.0701,0.0002,-0.018,0.003,1.0,0.959
w10s-shp-cur-s71,w10s-shp-cur,71,1938432,0.16,0.686,-1.0,-0.5968,0.0714,0.0002,-0.0167,0.003,1.0,0.96
w10s-shp-cur-s71,w10s-shp-cur,71,1969152,0.17,0.705,-1.0,-0.591,0.0669,0.0002,-0.018,0.0029,1.0,0.96
w10s-shp-cur-s71,w10s-shp-cur,71,1999872,0.2,0.735,-1.0,-0.6143,0.0728,0.0002,-0.0177,0.003,1.0,0.96
w10s-shp-cur-s71,w10s-shp-cur,71,2030592,0.16,0.676,-1.0,-0.7786,0.0703,0.0002,-0.0169,0.0029,1.0,0.96
w10s-shp-cur-s71,w10s-shp-cur,71,2061312,0.23,0.709,-1.0,-0.5894,0.071,0.0002,-0.0181,0.0028,1.0,0.96
w10s-shp-cur-s71,w10s-shp-cur,71,2092032,0.2,0.72,-1.0,-0.5861,0.0704,0.0002,-0.0182,0.0029,1.0,0.96
w10s-shp-cur-s71,w10s-shp-cur,71,2122752,0.13,0.662,-1.0,-0.782,0.0723,0.0002,-0.0194,0.0028,1.0,0.96
w10s-shp-cur-s71,w10s-shp-cur,71,2153472,0.16,0.616,-1.0,-0.7391,0.0749,0.0002,-0.0187,0.0027,1.0,0.96
w10s-shp-cur-s71,w10s-shp-cur,71,2184192,0.11,0.615,-1.0,-0.5959,0.0698,0.0002,-0.018,0.0027,1.0,0.96
w10s-shp-cur-s71,w10s-shp-cur,71,2214912,0.15,0.697,-1.0,-0.7105,0.0737,0.0002,-0.0185,0.0027,1.0,0.96
w10s-shp-cur-s71,w10s-shp-cur,71,2245632,0.25,0.771,-1.0,-0.7111,0.0722,0.0002,-0.0162,0.0027,1.0,0.96
w10s-shp-cur-s71,w10s-shp-cur,71,2276352,0.23,0.788,-1.0,-0.6695,0.0738,0.0001,-0.0174,0.0025,1.0,0.96
w10s-shp-cur-s71,w10s-shp-cur,71,2307072,0.14,0.65,-1.0,-0.6302,0.0738,0.0001,-0.0186,0.0028,1.0,0.96
w10s-shp-cur-s71,w10s-shp-cur,71,2337792,0.12,0.677,-1.0,-0.6763,0.0709,0.0002,-0.019,0.0025,1.0,0.96
w10s-shp-cur-s71,w10s-shp-cur,71,2368512,0.17,0.712,-1.0,-0.4973,0.0725,0.0001,-0.0177,0.0025,1.0,0.96
w10s-shp-cur-s71,w10s-shp-cur,71,2399232,0.17,0.648,-1.0,-0.8191,0.07,0.0002,-0.0181,0.0027,1.0,0.96
w10s-shp-cur-s71,w10s-shp-cur,71,2429952,0.19,0.686,-1.0,-0.3385,0.0662,0.0002,-0.0173,0.0024,1.0,0.96
w10s-shp-cur-s71,w10s-shp-cur,71,2460672,0.13,0.651,-1.0,-0.4213,0.0729,0.0002,-0.0176,0.0026,1.0,0.96
w10s-shp-cur-s71,w10s-shp-cur,71,2491392,0.19,0.674,-1.0,-0.641,0.0706,0.0002,-0.0178,0.0023,1.0,0.96
w10s-shp-cur-s71,w10s-shp-cur,71,2522112,0.18,0.69,-1.0,-0.5541,0.0696,0.0002,-0.0194,0.0028,1.0,0.96
w10s-shp-cur-s71,w10s-shp-cur,71,2552832,0.12,0.651,-1.0,-0.5492,0.0703,0.0001,-0.018,0.0025,1.0,0.96
w10s-shp-cur-s71,w10s-shp-cur,71,2583552,0.17,0.7,-1.0,-0.5725,0.0737,0.0002,-0.0177,0.0026,1.0,0.96
w10s-shp-cur-s71,w10s-shp-cur,71,2614272,0.19,0.709,-1.0,-0.4522,0.0689,0.0001,-0.0176,0.0024,1.0,0.96
w10s-shp-cur-s71,w10s-shp-cur,71,2644992,0.22,0.692,-1.0,-0.6271,0.0717,0.0001,-0.0181,0.0023,1.0,0.96
w10s-shp-cur-s71,w10s-shp-cur,71,2675712,0.21,0.759,-1.0,-0.5642,0.0728,0.0002,-0.0189,0.0023,1.0,0.96
w10s-shp-cur-s71,w10s-shp-cur,71,2706432,0.29,0.755,-1.0,-0.5659,0.0694,0.0001,-0.0183,0.0022,1.0,0.96
w10s-shp-cur-s71,w10s-shp-cur,71,2737152,0.18,0.692,-1.0,-0.4174,0.0737,0.0001,-0.0165,0.0022,1.0,0.96
w10s-shp-cur-s71,w10s-shp-cur,71,2767872,0.21,0.717,-1.0,-0.5161,0.0686,0.0002,-0.0176,0.0025,1.0,0.959
w10s-shp-cur-s71,w10s-shp-cur,71,2798592,0.2,0.679,-1.0,-0.4887,0.0712,0.0002,-0.0185,0.0024,1.0,0.96
w10s-shp-cur-s71,w10s-shp-cur,71,2829312,0.21,0.725,-1.0,-0.3558,0.0716,0.0002,-0.0193,0.0025,1.0,0.96
w10s-shp-cur-s71,w10s-shp-cur,71,2860032,0.24,0.757,-1.0,-0.5494,0.0708,0.0002,-0.019,0.0026,1.0,0.959
w10s-shp-cur-s71,w10s-shp-cur,71,2890752,0.27,0.764,-1.0,-0.637,0.073,0.0002,-0.0182,0.0025,1.0,0.959
w10s-shp-cur-s71,w10s-shp-cur,71,2921472,0.27,0.823,-1.0,-0.5444,0.0727,0.0002,-0.0177,0.0024,1.0,0.959
w10s-shp-cur-s71,w10s-shp-cur,71,2952192,0.26,0.801,-1.0,-0.481,0.0711,0.0002,-0.0164,0.0024,1.0,0.959
w10s-shp-cur-s71,w10s-shp-cur,71,2982912,0.22,0.728,-1.0,-0.4728,0.072,0.0002,-0.0181,0.0024,1.0,0.959
w10s-shp-cur-s71,w10s-shp-cur,71,3013632,0.17,0.698,-1.0,-0.4003,0.0714,0.0002,-0.0185,0.0022,1.0,0.959
w10s-shp-cur-s71,w10s-shp-cur,71,3044352,0.22,0.777,-1.0,-0.4001,0.0719,0.0001,-0.0174,0.0024,1.0,0.959
w10s-shp-cur-s71,w10s-shp-cur,71,3075072,0.26,0.767,-1.0,-0.4742,0.0709,0.0002,-0.0172,0.0023,1.0,0.959
w10s-shp-cur-s71,w10s-shp-cur,71,3105792,0.27,0.788,-1.0,-0.5127,0.0708,0.0001,-0.0186,0.0023,1.0,0.959
w10s-shp-cur-s71,w10s-shp-cur,71,3136512,0.2,0.678,-1.0,-0.3646,0.0702,0.0002,-0.0195,0.002,1.0,0.959
w10s-shp-cur-s71,w10s-shp-cur,71,3167232,0.17,0.669,-1.0,-0.2303,0.0688,0.0002,-0.0201,0.0024,1.0,0.959
w10s-shp-cur-s71,w10s-shp-cur,71,3197952,0.33,0.846,-1.0,-0.4174,0.0721,0.0002,-0.0185,0.0023,1.0,0.959
w10s-shp-cur-s71,w10s-shp-cur,71,3228672,0.2,0.712,-1.0,-0.4192,0.0705,0.0002,-0.0181,0.0024,1.0,0.959
w10s-shp-cur-s71,w10s-shp-cur,71,3259392,0.27,0.745,-1.0,-0.3792,0.068,0.0002,-0.0178,0.0023,1.0,0.959
w10s-shp-cur-s71,w10s-shp-cur,71,3290112,0.25,0.782,-1.0,-0.0498,0.0681,0.0002,-0.0194,0.0021,1.0,0.959
w10s-shp-cur-s71,w10s-shp-cur,71,3320832,0.23,0.733,-1.0,-0.3622,0.0693,0.0001,-0.0196,0.0023,1.0,0.959
w10s-shp-cur-s71,w10s-shp-cur,71,3351552,0.29,0.787,-1.0,-0.2072,0.0677,0.0002,-0.0188,0.002,1.0,0.959
w10s-shp-cur-s71,w10s-shp-cur,71,3382272,0.29,0.825,-1.0,-0.2442,0.0739,0.0002,-0.0173,0.0024,1.0,0.959
w10s-shp-cur-s71,w10s-shp-cur,71,3412992,0.33,0.818,-1.0,-0.2123,0.0697,0.0002,-0.0188,0.0022,1.0,0.959
w10s-shp-cur-s71,w10s-shp-cur,71,3443712,0.37,0.844,-1.0,-0.3478,0.0736,0.0001,-0.0181,0.002,1.0,0.959
w10s-shp-cur-s71,w10s-shp-cur,71,3474432,0.27,0.774,-1.0,-0.1932,0.0678,0.0001,-0.0178,0.0021,1.0,0.959
w10s-shp-cur-s71,w10s-shp-cur,71,3505152,0.3,0.819,-1.0,-0.2413,0.0708,0.0001,-0.0186,0.0021,1.0,0.959
w10s-shp-cur-s71,w10s-shp-cur,71,3535872,0.33,0.796,-1.0,-0.0738,0.0687,0.0002,-0.0182,0.0023,1.0,0.959
w10s-shp-cur-s71,w10s-shp-cur,71,3566592,0.31,0.747,-1.0,-0.3784,0.0696,0.0001,-0.0182,0.0021,1.0,0.959
w10s-shp-cur-s71,w10s-shp-cur,71,3597312,0.28,0.803,-1.0,-0.1268,0.0697,0.0001,-0.0181,0.002,1.0,0.959
w10s-shp-cur-s71,w10s-shp-cur,71,3628032,0.3,0.819,-1.0,-0.247,0.0713,0.0002,-0.0188,0.0021,1.0,0.959
w10s-shp-cur-s71,w10s-shp-cur,71,3658752,0.3,0.847,-1.0,-0.11,0.0744,0.0002,-0.0184,0.0019,1.0,0.959
w10s-shp-cur-s71,w10s-shp-cur,71,3689472,0.32,0.838,-1.0,0.043,0.0691,0.0001,-0.0172,0.0019,1.0,0.959
w10s-shp-cur-s71,w10s-shp-cur,71,3720192,0.35,0.863,-1.0,-0.0708,0.073,0.0001,-0.0178,0.0022,1.0,0.959
w10s-shp-cur-s71,w10s-shp-cur,71,3750912,0.36,0.85,-1.0,-0.3667,0.0726,0.0002,-0.0191,0.002,1.0,0.959
w10s-shp-cur-s71,w10s-shp-cur,71,3781632,0.35,0.833,-1.0,0.0916,0.0672,0.0001,-0.0172,0.002,1.0,0.959
w10s-shp-cur-s71,w10s-shp-cur,71,3812352,0.28,0.78,-1.0,-0.0865,0.071,0.0001,-0.0181,0.002,1.0,0.959
w10s-shp-cur-s71,w10s-shp-cur,71,3843072,0.46,0.952,-1.0,-0.129,0.0701,0.0001,-0.0161,0.0019,1.0,0.959
w10s-shp-cur-s71,w10s-shp-cur,71,3873792,0.36,0.839,-1.0,-0.0549,0.0669,0.0001,-0.0196,0.002,1.0,0.958
w10s-shp-cur-s71,w10s-shp-cur,71,3904512,0.25,0.727,-1.0,-0.2763,0.0743,0.0002,-0.019,0.002,1.0,0.958
w10s-shp-cur-s71,w10s-shp-cur,71,3935232,0.43,0.948,-1.0,-0.0542,0.0729,0.0001,-0.0185,0.0019,1.0,0.958
w10s-shp-cur-s71,w10s-shp-cur,71,3965952,0.43,0.927,-1.0,0.0386,0.0706,0.0001,-0.0179,0.002,1.0,0.958
w10s-shp-cur-s71,w10s-shp-cur,71,3996672,0.37,0.874,-1.0,0.0933,0.0702,0.0002,-0.0201,0.0021,1.0,0.958
w10s-shp-cur-s71,w10s-shp-cur,71,4027392,0.42,0.927,-1.0,-0.1035,0.073,0.0001,-0.0183,0.0018,1.0,0.958
w10s-shp-cur-s71,w10s-shp-cur,71,4058112,0.42,0.933,-1.0,-0.1905,0.0708,0.0001,-0.0187,0.002,1.0,0.958
w10s-shp-cur-s71,w10s-shp-cur,71,4088832,0.38,0.88,-1.0,-0.0089,0.0716,0.0001,-0.0185,0.0019,1.0,0.958
w10s-shp-cur-s71,w10s-shp-cur,71,4119552,0.49,1.004,-1.0,-0.068,0.0715,0.0001,-0.0185,0.002,1.0,0.957
w10s-shp-cur-s71,w10s-shp-cur,71,4150272,0.43,0.968,-1.0,0.1517,0.0672,0.0001,-0.0182,0.002,1.0,0.957
w10s-shp-cur-s71,w10s-shp-cur,71,4180992,0.45,0.957,-1.0,0.1991,0.0686,0.0001,-0.0183,0.0018,1.0,0.957
w10s-shp-cur-s71,w10s-shp-cur,71,4211712,0.5,0.998,-1.0,-0.0465,0.067,0.0001,-0.0187,0.0019,1.0,0.957
w10s-shp-cur-s71,w10s-shp-cur,71,4242432,0.42,0.909,-1.0,0.014,0.0728,0.0001,-0.0177,0.0019,1.0,0.957
w10s-shp-cur-s71,w10s-shp-cur,71,4273152,0.41,0.924,-1.0,0.1256,0.0684,0.0001,-0.0182,0.0019,1.0,0.957
w10s-shp-cur-s71,w10s-shp-cur,71,4303872,0.44,0.962,-1.0,-0.0669,0.0702,0.0001,-0.0199,0.0017,1.0,0.956
w10s-shp-cur-s71,w10s-shp-cur,71,4334592,0.48,1.004,-1.0,0.0698,0.072,0.0001,-0.0199,0.002,1.0,0.956
w10s-shp-cur-s71,w10s-shp-cur,71,4365312,0.53,1.031,-1.0,-0.0382,0.0695,0.0001,-0.0196,0.0019,1.0,0.956
w10s-shp-cur-s71,w10s-shp-cur,71,4396032,0.53,1.016,-1.0,0.098,0.0719,0.0001,-0.0189,0.0018,1.0,0.956
w10s-shp-cur-s71,w10s-shp-cur,71,4426752,0.45,0.971,-1.0,0.1043,0.0689,0.0001,-0.0178,0.0017,1.0,0.956
w10s-shp-cur-s71,w10s-shp-cur,71,4457472,0.43,0.929,-1.0,0.1197,0.0704,0.0001,-0.0203,0.0017,1.0,0.956
w10s-shp-cur-s71,w10s-shp-cur,71,4488192,0.45,0.945,-1.0,0.3864,0.0705,0.0001,-0.0179,0.0017,1.0,0.955
w10s-shp-cur-s71,w10s-shp-cur,71,4518912,0.49,1.025,-1.0,0.1453,0.0708,0.0001,-0.0189,0.0015,1.0,0.955
w10s-shp-cur-s71,w10s-shp-cur,71,4549632,0.5,1.0,-1.0,0.0885,0.0715,0.0001,-0.0184,0.0017,1.0,0.955
w10s-shp-cur-s71,w10s-shp-cur,71,4580352,0.44,0.944,-1.0,0.216,0.0696,0.0001,-0.0189,0.0018,1.0,0.955
w10s-shp-cur-s71,w10s-shp-cur,71,4611072,0.52,1.041,-0.983,0.6187,0.067,0.0001,-0.0187,0.0017,1.0,0.955
w10s-shp-cur-s71,w10s-shp-cur,71,4641792,0.53,1.038,-0.983,0.0884,0.068,0.0001,-0.0173,0.0017,1.0,0.954
w10s-shp-cur-s71,w10s-shp-cur,71,4672512,0.57,1.047,-0.972,0.2408,0.071,0.0001,-0.019,0.0017,1.0,0.954
w10s-shp-cur-s71,w10s-shp-cur,71,4703232,0.57,1.062,-0.972,0.2721,0.0702,0.0001,-0.0189,0.0016,1.0,0.954
w10s-shp-cur-s71,w10s-shp-cur,71,4733952,0.61,1.055,-0.972,-0.0324,0.0712,0.0001,-0.0189,0.0018,1.0,0.954
w10s-shp-cur-s71,w10s-shp-cur,71,4764672,0.54,1.045,-0.973,0.2792,0.067,0.0001,-0.0172,0.0016,1.0,0.954
w10s-shp-cur-s71,w10s-shp-cur,71,4795392,0.58,1.052,-0.959,0.0779,0.0719,0.0001,-0.0191,0.0017,1.0,0.954
w10s-shp-cur-s71,w10s-shp-cur,71,4826112,0.51,0.997,-0.959,0.1402,0.0709,0.0001,-0.0189,0.0017,1.0,0.953
w10s-shp-cur-s71,w10s-shp-cur,71,4856832,0.57,1.054,-0.959,0.2575,0.0684,0.0001,-0.018,0.0018,1.0,0.953
w10s-shp-cur-s71,w10s-shp-cur,71,4887552,0.5,1.032,-0.946,0.0045,0.0705,0.0002,-0.0199,0.0017,1.0,0.953
w10s-shp-cur-s71,w10s-shp-cur,71,4918272,0.57,1.048,-0.924,-0.0492,0.0675,0.0001,-0.0186,0.0016,1.0,0.953
w10s-shp-cur-s71,w10s-shp-cur,71,4948992,0.48,0.985,-0.924,0.0797,0.0703,0.0001,-0.0172,0.0016,1.0,0.953
w10s-shp-cur-s71,w10s-shp-cur,71,4979712,0.57,1.056,-0.913,0.1232,0.0733,0.0001,-0.0197,0.0016,1.0,0.953
w10s-shp-cur-s71,w10s-shp-cur,71,5010432,0.6,1.097,-0.913,-0.002,0.0683,0.0001,-0.0179,0.0016,1.0,0.952
w10s-shp-cur-s71,w10s-shp-cur,71,5041152,0.51,1.046,-0.89,0.2396,0.069,0.0001,-0.0179,0.0016,1.0,0.952
w10s-shp-cur-s71,w10s-shp-cur,71,5071872,0.5,0.967,-0.89,0.2655,0.0712,0.0001,-0.0173,0.0016,1.0,0.952
w10s-shp-cur-s71,w10s-shp-cur,71,5102592,0.49,0.991,-0.879,0.2827,0.0689,0.0001,-0.0165,0.0014,1.0,0.952
w10s-shp-cur-s71,w10s-shp-cur,71,5133312,0.59,1.066,-0.867,0.3872,0.0693,0.0001,-0.0179,0.0016,1.0,0.952
w10s-shp-cur-s71,w10s-shp-cur,71,5164032,0.5,1.005,-0.867,0.3352,0.0729,0.0001,-0.018,0.0017,1.0,0.952
w10s-shp-cur-s71,w10s-shp-cur,71,5194752,0.55,1.032,-0.853,0.2029,0.073,0.0001,-0.0186,0.0015,1.0,0.952
w10s-shp-cur-s71,w10s-shp-cur,71,5225472,0.59,1.042,-0.839,0.446,0.069,0.0001,-0.0177,0.0016,1.0,0.951
w10s-shp-cur-s71,w10s-shp-cur,71,5256192,0.56,1.041,-0.827,0.3276,0.0704,0.0001,-0.0175,0.0014,1.0,0.951
w10s-shp-cur-s71,w10s-shp-cur,71,5286912,0.58,1.035,-0.799,0.308,0.0713,0.0001,-0.0188,0.0017,1.0,0.951
w10s-shp-cur-s71,w10s-shp-cur,71,5317632,0.55,1.001,-0.799,0.2748,0.0716,0.0001,-0.019,0.0016,1.0,0.951
w10s-shp-cur-s71,w10s-shp-cur,71,5348352,0.59,1.058,-0.769,0.254,0.073,0.0002,-0.0177,0.0016,1.0,0.951
w10s-shp-cur-s71,w10s-shp-cur,71,5379072,0.42,0.91,-0.747,0.1562,0.0709,0.0002,-0.0167,0.0014,1.0,0.951
w10s-shp-cur-s71,w10s-shp-cur,71,5409792,0.62,1.111,-0.723,0.2296,0.0729,0.0001,-0.0192,0.0015,1.0,0.951
w10s-shp-cur-s71,w10s-shp-cur,71,5440512,0.5,0.998,-0.711,0.2634,0.0661,0.0001,-0.02,0.0013,1.0,0.95
w10s-shp-cur-s71,w10s-shp-cur,71,5471232,0.48,0.975,-0.695,0.2667,0.0705,0.0001,-0.0179,0.0014,1.0,0.95
w10s-shp-cur-s71,w10s-shp-cur,71,5501952,0.57,1.048,-0.68,0.2747,0.0681,0.0002,-0.0166,0.0014,1.0,0.95
w10s-shp-cur-s71,w10s-shp-cur,71,5532672,0.63,1.086,-0.654,0.3181,0.073,0.0001,-0.0181,0.0013,1.0,0.95
w10s-shp-cur-s71,w10s-shp-cur,71,5563392,0.52,1.015,-0.616,0.0746,0.0702,0.0001,-0.0174,0.0014,1.0,0.95
w10s-shp-cur-s71,w10s-shp-cur,71,5594112,0.61,1.08,-0.616,0.4063,0.0686,0.0002,-0.0179,0.0014,1.0,0.95
w10s-shp-cur-s71,w10s-shp-cur,71,5624832,0.51,1.019,-0.594,0.4576,0.0701,0.0001,-0.0174,0.0013,1.0,0.949
w10s-shp-cur-s71,w10s-shp-cur,71,5655552,0.57,1.03,-0.582,0.3782,0.07,0.0002,-0.0181,0.0014,1.0,0.949
w10s-shp-cur-s71,w10s-shp-cur,71,5686272,0.55,1.021,-0.565,0.31,0.0706,0.0001,-0.0184,0.0013,1.0,0.949
w10s-shp-cur-s71,w10s-shp-cur,71,5716992,0.56,1.035,-0.52,0.3122,0.0704,0.0002,-0.0188,0.0013,1.0,0.949
w10s-shp-cur-s71,w10s-shp-cur,71,5747712,0.58,1.072,-0.52,0.3919,0.0701,0.0001,-0.0187,0.0013,1.0,0.949
w10s-shp-cur-s71,w10s-shp-cur,71,5778432,0.51,0.996,-0.496,0.3196,0.0717,0.0002,-0.0192,0.0012,1.0,0.948
w10s-shp-cur-s71,w10s-shp-cur,71,5809152,0.58,1.059,-0.463,0.4375,0.0671,0.0002,-0.0177,0.0013,1.0,0.948
w10s-shp-cur-s71,w10s-shp-cur,71,5839872,0.57,1.025,-0.463,0.1832,0.0688,0.0001,-0.0181,0.0013,1.0,0.948
w10s-shp-cur-s71,w10s-shp-cur,71,5870592,0.51,0.984,-0.449,0.4123,0.0687,0.0002,-0.0179,0.0014,1.0,0.948
w10s-shp-cur-s71,w10s-shp-cur,71,5901312,0.57,1.061,-0.449,0.1827,0.0683,0.0002,-0.0193,0.0013,1.0,0.948
w10s-shp-cur-s71,w10s-shp-cur,71,5932032,0.52,0.993,-0.424,0.0806,0.0707,0.0002,-0.0171,0.0013,1.0,0.948
w10s-shp-cur-s71,w10s-shp-cur,71,5962752,0.58,1.027,-0.413,0.4647,0.0728,0.0001,-0.0182,0.0013,1.0,0.947
w10s-shp-cur-s71,w10s-shp-cur,71,5993472,0.62,1.064,-0.401,0.2889,0.0683,0.0002,-0.017,0.0013,1.0,0.947
w10s-shp-cur-s71,w10s-shp-cur,71,6024192,0.5,0.981,-0.376,0.2346,0.0696,0.0002,-0.0191,0.0013,1.0,0.947
w10s-shp-cur-s71,w10s-shp-cur,71,6054912,0.6,1.049,-0.361,0.3801,0.0678,0.0002,-0.0178,0.0014,1.0,0.947
w10s-shp-cur-s71,w10s-shp-cur,71,6085632,0.49,0.963,-0.337,0.3125,0.0711,0.0002,-0.0179,0.0013,1.0,0.947
w10s-shp-cur-s71,w10s-shp-cur,71,6116352,0.56,1.009,-0.337,0.3716,0.0715,0.0002,-0.0173,0.0012,1.0,0.947
w10s-shp-cur-s71,w10s-shp-cur,71,6147072,0.51,0.979,-0.337,0.2666,0.067,0.0002,-0.018,0.0012,1.0,0.946
w10s-shp-cur-s71,w10s-shp-cur,71,6177792,0.6,1.043,-0.301,0.3248,0.0713,0.0002,-0.0173,0.0013,1.0,0.946
w10s-shp-cur-s71,w10s-shp-cur,71,6208512,0.47,0.963,-0.301,0.32,0.0695,0.0002,-0.0182,0.0013,1.0,0.946
w10s-shp-cur-s71,w10s-shp-cur,71,6239232,0.6,1.021,-0.243,0.2767,0.0734,0.0002,-0.0171,0.0011,1.0,0.946
w10s-shp-cur-s71,w10s-shp-cur,71,6269952,0.58,1.019,-0.213,0.115,0.0678,0.0002,-0.0165,0.0012,1.0,0.946
w10s-shp-cur-s71,w10s-shp-cur,71,6300672,0.54,0.978,-0.19,0.4344,0.0695,0.0002,-0.0178,0.0011,1.0,0.946
w10s-shp-cur-s71,w10s-shp-cur,71,6331392,0.63,1.044,-0.134,0.2055,0.0711,0.0002,-0.0178,0.0011,1.0,0.945
w10s-shp-cur-s71,w10s-shp-cur,71,6362112,0.5,0.928,-0.089,0.0994,0.0724,0.0002,-0.0182,0.0011,1.0,0.945
w10s-shp-cur-s71,w10s-shp-cur,71,6392832,0.54,0.977,-0.071,0.0993,0.0673,0.0002,-0.0189,0.0011,1.0,0.945
w10s-shp-cur-s71,w10s-shp-cur,71,6423552,0.55,1.015,-0.044,0.3683,0.0707,0.0002,-0.0186,0.0012,1.0,0.945
w10s-shp-cur-s71,w10s-shp-cur,71,6454272,0.68,1.095,-0.032,0.3004,0.0671,0.0002,-0.0176,0.0012,1.0,0.945
w10s-shp-cur-s71,w10s-shp-cur,71,6484992,0.62,1.062,0.0,0.2143,0.0667,0.0002,-0.017,0.0011,1.0,0.945
w10s-shp-cur-s71,w10s-shp-cur,71,6515712,0.54,0.981,0.0,0.3634,0.0679,0.0002,-0.0173,0.0011,1.0,0.944
w10s-shp-cur-s71,w10s-shp-cur,71,6546432,0.55,1.021,0.0,0.3342,0.0689,0.0002,-0.0181,0.0012,1.0,0.944
w10s-shp-cur-s71,w10s-shp-cur,71,6577152,0.58,0.992,0.0,0.3514,0.0721,0.0002,-0.0181,0.0011,1.0,0.944
w10s-shp-cur-s71,w10s-shp-cur,71,6607872,0.59,1.027,0.0,0.3313,0.0715,0.0002,-0.0172,0.0011,1.0,0.944
w10s-shp-cur-s71,w10s-shp-cur,71,6638592,0.72,1.147,0.0,0.2747,0.0695,0.0002,-0.0177,0.0011,1.0,0.944
w10s-shp-cur-s71,w10s-shp-cur,71,6669312,0.55,1.01,0.0,0.2293,0.0688,0.0002,-0.0185,0.0012,1.0,0.944
w10s-shp-cur-s71,w10s-shp-cur,71,6700032,0.64,1.075,0.0,0.293,0.0689,0.0002,-0.0171,0.0012,1.0,0.943
w10s-shp-cur-s71,w10s-shp-cur,71,6730752,0.58,1.009,0.0,0.4322,0.0699,0.0002,-0.0179,0.0011,1.0,0.943
w10s-shp-cur-s71,w10s-shp-cur,71,6761472,0.51,0.978,0.0,0.4206,0.0703,0.0002,-0.0189,0.0012,1.0,0.943
w10s-shp-cur-s71,w10s-shp-cur,71,6792192,0.57,0.998,0.0,0.3868,0.0699,0.0002,-0.017,0.0012,1.0,0.943
w10s-shp-cur-s71,w10s-shp-cur,71,6822912,0.56,0.976,0.0,0.4233,0.0681,0.0002,-0.0167,0.0012,1.0,0.943
w10s-shp-cur-s71,w10s-shp-cur,71,6853632,0.53,1.016,0.0,0.4279,0.0707,0.0002,-0.017,0.0012,1.0,0.943
w10s-shp-cur-s71,w10s-shp-cur,71,6884352,0.62,1.041,0.0,0.5521,0.071,0.0002,-0.0174,0.0012,1.0,0.942
w10s-shp-cur-s71,w10s-shp-cur,71,6915072,0.52,0.968,0.0,0.6046,0.0719,0.0002,-0.0176,0.0011,1.0,0.942
w10s-shp-cur-s71,w10s-shp-cur,71,6945792,0.64,1.05,0.0,0.2976,0.0734,0.0002,-0.0189,0.0013,1.0,0.942
w10s-shp-cur-s71,w10s-shp-cur,71,6976512,0.58,1.01,0.0,0.1978,0.0682,0.0002,-0.018,0.001,1.0,0.942
w10s-shp-cur-s71,w10s-shp-cur,71,7007232,0.62,1.025,0.0,0.5031,0.0729,0.0002,-0.0175,0.0012,1.0,0.942
w10s-shp-cur-s71,w10s-shp-cur,71,7037952,0.59,0.994,0.0,0.4033,0.0709,0.0002,-0.0184,0.0011,1.0,0.942
w10s-shp-cur-s71,w10s-shp-cur,71,7068672,0.59,0.975,0.0,0.3511,0.0715,0.0002,-0.0176,0.0012,1.0,0.942
w10s-shp-cur-s71,w10s-shp-cur,71,7099392,0.65,1.064,0.0,0.6492,0.0706,0.0002,-0.0183,0.0011,1.0,0.942
w10s-shp-cur-s71,w10s-shp-cur,71,7130112,0.63,1.036,0.0,0.5597,0.0721,0.0002,-0.018,0.0011,1.0,0.941
w10s-shp-cur-s71,w10s-shp-cur,71,7160832,0.65,1.063,0.0,0.4439,0.0686,0.0002,-0.0194,0.0011,1.0,0.941
w10s-shp-cur-s71,w10s-shp-cur,71,7191552,0.58,1.018,0.0,0.446,0.0684,0.0002,-0.018,0.001,1.0,0.941
w10s-shp-cur-s71,w10s-shp-cur,71,7222272,0.68,1.091,0.0,0.537,0.0693,0.0002,-0.0181,0.0011,1.0,0.941
w10s-shp-cur-s71,w10s-shp-cur,71,7252992,0.65,1.096,0.0,0.5904,0.0681,0.0002,-0.0181,0.0011,1.0,0.941
w10s-shp-cur-s71,w10s-shp-cur,71,7283712,0.55,0.996,0.0,0.2943,0.0695,0.0002,-0.0184,0.0011,1.0,0.941
w10s-shp-cur-s71,w10s-shp-cur,71,7314432,0.6,0.978,0.0,0.2479,0.0712,0.0002,-0.0177,0.0011,1.0,0.94
w10s-shp-cur-s71,w10s-shp-cur,71,7345152,0.44,0.888,0.0,0.5096,0.0694,0.0002,-0.0178,0.0012,1.0,0.94
w10s-shp-cur-s71,w10s-shp-cur,71,7375872,0.7,1.088,0.0,0.4874,0.0714,0.0002,-0.0189,0.0012,1.0,0.94
w10s-shp-cur-s71,w10s-shp-cur,71,7406592,0.6,1.0,0.0,0.6471,0.0709,0.0002,-0.0184,0.0012,1.0,0.94
w10s-shp-cur-s71,w10s-shp-cur,71,7437312,0.61,1.013,0.0,0.3566,0.0675,0.0002,-0.0176,0.0011,1.0,0.94
w10s-shp-cur-s71,w10s-shp-cur,71,7468032,0.65,1.06,0.0,0.6527,0.0709,0.0002,-0.0177,0.0011,1.0,0.94
w10s-shp-cur-s71,w10s-shp-cur,71,7498752,0.66,1.07,0.0,0.4287,0.0689,0.0002,-0.0184,0.0011,1.0,0.94
w10s-shp-cur-s71,w10s-shp-cur,71,7529472,0.73,1.133,0.0,0.5148,0.0676,0.0002,-0.0192,0.0011,1.0,0.939
w10s-shp-cur-s71,w10s-shp-cur,71,7560192,0.56,0.968,0.0,0.468,0.0717,0.0002,-0.0181,0.001,1.0,0.939
w10s-shp-cur-s71,w10s-shp-cur,71,7590912,0.67,1.062,0.0,0.6469,0.0682,0.0002,-0.0184,0.0012,1.0,0.939
w10s-shp-cur-s71,w10s-shp-cur,71,7621632,0.67,1.056,0.0,0.608,0.0694,0.0002,-0.0173,0.0011,1.0,0.939
w10s-shp-cur-s71,w10s-shp-cur,71,7652352,0.68,1.059,0.0,0.6507,0.0694,0.0002,-0.0181,0.001,1.0,0.939
w10s-shp-cur-s71,w10s-shp-cur,71,7683072,0.73,1.138,0.0,0.5276,0.0687,0.0002,-0.0177,0.001,1.0,0.939
w10s-shp-cur-s71,w10s-shp-cur,71,7713792,0.71,1.123,0.0,0.4917,0.0703,0.0002,-0.0198,0.0012,1.0,0.939
w10s-shp-cur-s71,w10s-shp-cur,71,7744512,0.59,1.036,0.0,0.4557,0.0729,0.0002,-0.0182,0.0011,1.0,0.939
w10s-shp-cur-s71,w10s-shp-cur,71,7775232,0.75,1.179,0.0,0.6587,0.0704,0.0002,-0.0176,0.001,1.0,0.938
w10s-shp-cur-s71,w10s-shp-cur,71,7805952,0.65,1.073,0.0,0.6017,0.0683,0.0002,-0.016,0.0011,1.0,0.938
w10s-shp-cur-s71,w10s-shp-cur,71,7836672,0.64,1.078,0.0,0.6125,0.0714,0.0002,-0.0176,0.0012,1.0,0.938
w10s-shp-cur-s71,w10s-shp-cur,71,7867392,0.69,1.098,0.0,0.6219,0.0703,0.0002,-0.019,0.0011,1.0,0.938
w10s-shp-cur-s71,w10s-shp-cur,71,7898112,0.74,1.113,0.0,0.5886,0.0692,0.0002,-0.018,0.0011,1.0,0.938
w10s-shp-cur-s71,w10s-shp-cur,71,7928832,0.65,1.061,0.0,0.4466,0.0676,0.0002,-0.0195,0.0011,1.0,0.938
w10s-shp-cur-s71,w10s-shp-cur,71,7959552,0.71,1.11,0.0,0.2778,0.0691,0.0002,-0.018,0.0011,1.0,0.938
w10s-shp-cur-s71,w10s-shp-cur,71,7990272,0.73,1.148,0.0,0.7176,0.0694,0.0002,-0.017,0.001,1.0,0.937
w10s-shp-cur-s71,w10s-shp-cur,71,8020992,0.61,1.003,0.0,0.3375,0.0707,0.0002,-0.0185,0.0011,1.0,0.937
w10s-shp-cur-s71,w10s-shp-cur,71,8051712,0.59,1.022,0.0,0.5896,0.0725,0.0002,-0.0188,0.0012,1.0,0.937
w10s-shp-cur-s71,w10s-shp-cur,71,8082432,0.69,1.113,0.0,0.6006,0.0717,0.0002,-0.0178,0.0012,1.0,0.937
w10s-shp-cur-s71,w10s-shp-cur,71,8113152,0.72,1.108,0.0,0.5754,0.0685,0.0002,-0.019,0.0011,1.0,0.937
w10s-shp-cur-s71,w10s-shp-cur,71,8143872,0.65,1.068,0.0,0.4695,0.0703,0.0002,-0.0174,0.0012,1.0,0.937
w10s-shp-cur-s71,w10s-shp-cur,71,8174592,0.66,1.085,0.0,0.7957,0.0676,0.0002,-0.0185,0.0011,1.0,0.937
w10s-shp-cur-s71,w10s-shp-cur,71,8205312,0.75,1.157,0.0,0.6326,0.0728,0.0002,-0.0165,0.0011,1.0,0.937
w10s-shp-cur-s71,w10s-shp-cur,71,8236032,0.66,1.103,0.0,0.5219,0.0749,0.0002,-0.0186,0.0011,1.0,0.936
w10s-shp-cur-s71,w10s-shp-cur,71,8266752,0.64,1.065,0.0,0.5075,0.0732,0.0002,-0.02,0.0011,1.0,0.936
w10s-shp-cur-s71,w10s-shp-cur,71,8297472,0.63,1.055,0.0,0.6265,0.0689,0.0002,-0.0187,0.0011,1.0,0.936
w10s-shp-cur-s71,w10s-shp-cur,71,8328192,0.71,1.123,0.0,0.6737,0.0695,0.0002,-0.0162,0.0011,1.0,0.936
w10s-shp-cur-s71,w10s-shp-cur,71,8358912,0.68,1.086,0.0,0.6836,0.0694,0.0002,-0.0175,0.0011,1.0,0.936
w10s-shp-cur-s71,w10s-shp-cur,71,8389632,0.73,1.098,0.0,0.3634,0.07,0.0002,-0.0181,0.001,1.0,0.936
w10s-shp-cur-s71,w10s-shp-cur,71,8420352,0.64,1.077,0.0,0.6375,0.0714,0.0002,-0.018,0.001,1.0,0.936
w10s-shp-cur-s71,w10s-shp-cur,71,8451072,0.59,1.001,0.0,0.7833,0.0726,0.0002,-0.0175,0.001,1.0,0.935
w10s-shp-cur-s71,w10s-shp-cur,71,8481792,0.67,1.074,0.0,0.8023,0.0716,0.0002,-0.0203,0.0011,1.0,0.935
w10s-shp-cur-s71,w10s-shp-cur,71,8512512,0.71,1.131,0.0,0.9147,0.0693,0.0002,-0.018,0.0011,1.0,0.935
w10s-shp-cur-s71,w10s-shp-cur,71,8543232,0.67,1.06,0.0,0.6727,0.0734,0.0002,-0.0182,0.001,1.0,0.935
w10s-shp-cur-s71,w10s-shp-cur,71,8573952,0.69,1.118,0.0,0.8293,0.0689,0.0002,-0.0187,0.001,1.0,0.935
w10s-shp-cur-s71,w10s-shp-cur,71,8604672,0.63,1.067,0.0,0.9135,0.065,0.0002,-0.0194,0.001,1.0,0.935
w10s-shp-cur-s71,w10s-shp-cur,71,8635392,0.68,1.117,0.0,0.6085,0.07,0.0002,-0.0203,0.001,1.0,0.935
w10s-shp-cur-s71,w10s-shp-cur,71,8666112,0.66,1.087,0.0,0.6726,0.0692,0.0002,-0.0169,0.0011,1.0,0.934
w10s-shp-cur-s71,w10s-shp-cur,71,8696832,0.66,1.094,0.0,0.7422,0.076,0.0002,-0.0179,0.0011,1.0,0.934
w10s-shp-cur-s71,w10s-shp-cur,71,8727552,0.7,1.103,0.0,0.7195,0.0695,0.0002,-0.0199,0.001,1.0,0.934
w10s-shp-cur-s71,w10s-shp-cur,71,8758272,0.7,1.099,0.0,0.6766,0.0723,0.0002,-0.0177,0.001,1.0,0.934
w10s-shp-cur-s71,w10s-shp-cur,71,8788992,0.7,1.071,0.0,0.6598,0.0662,0.0002,-0.0194,0.001,1.0,0.934
w10s-shp-cur-s71,w10s-shp-cur,71,8819712,0.7,1.116,0.0,0.6327,0.0679,0.0002,-0.0184,0.001,1.0,0.934
w10s-shp-cur-s71,w10s-shp-cur,71,8850432,0.74,1.135,0.0,0.4929,0.0695,0.0002,-0.0188,0.001,1.0,0.934
w10s-shp-cur-s71,w10s-shp-cur,71,8881152,0.67,1.078,0.0,0.7849,0.0704,0.0002,-0.0178,0.0011,1.0,0.934
w10s-shp-cur-s71,w10s-shp-cur,71,8911872,0.74,1.108,0.0,0.5914,0.0692,0.0002,-0.0175,0.0011,1.0,0.933
w10s-shp-cur-s71,w10s-shp-cur,71,8942592,0.68,1.087,0.0,0.6687,0.0702,0.0002,-0.0183,0.0011,1.0,0.933
w10s-shp-cur-s71,w10s-shp-cur,71,8973312,0.61,1.047,0.0,0.497,0.0709,0.0002,-0.0189,0.001,1.0,0.933
w10s-shp-cur-s71,w10s-shp-cur,71,9004032,0.62,1.021,0.0,0.6916,0.0707,0.0002,-0.0177,0.001,1.0,0.933
w10s-shp-cur-s71,w10s-shp-cur,71,9034752,0.68,1.081,0.0,0.6834,0.0681,0.0002,-0.0183,0.001,1.0,0.933
w10s-shp-cur-s71,w10s-shp-cur,71,9065472,0.72,1.104,0.0,0.5499,0.0689,0.0002,-0.0172,0.001,1.0,0.933
w10s-shp-cur-s71,w10s-shp-cur,71,9096192,0.64,1.093,0.0,0.4346,0.0695,0.0002,-0.0186,0.001,1.0,0.933
w10s-shp-cur-s71,w10s-shp-cur,71,9126912,0.59,1.049,0.0,0.7555,0.0729,0.0002,-0.0189,0.0011,1.0,0.933
w10s-shp-cur-s71,w10s-shp-cur,71,9157632,0.81,1.21,0.0,0.8487,0.0745,0.0002,-0.0176,0.0011,1.0,0.932
w10s-shp-cur-s71,w10s-shp-cur,71,9188352,0.74,1.162,0.0,0.5101,0.0703,0.0002,-0.0175,0.0011,1.0,0.932
w10s-shp-cur-s71,w10s-shp-cur,71,9219072,0.64,1.081,0.0,0.4311,0.0695,0.0002,-0.0177,0.0009,1.0,0.932
w10s-shp-cur-s71,w10s-shp-cur,71,9249792,0.71,1.136,0.0,0.5835,0.0697,0.0002,-0.0179,0.001,1.0,0.932
w10s-shp-cur-s71,w10s-shp-cur,71,9280512,0.67,1.09,0.0,0.607,0.0726,0.0002,-0.0176,0.001,1.0,0.932
w10s-shp-cur-s71,w10s-shp-cur,71,9311232,0.74,1.135,0.0,0.3656,0.0682,0.0002,-0.0179,0.001,1.0,0.932
w10s-shp-cur-s71,w10s-shp-cur,71,9341952,0.74,1.155,0.0,0.6602,0.0709,0.0002,-0.0186,0.001,1.0,0.932
w10s-shp-cur-s71,w10s-shp-cur,71,9372672,0.71,1.102,0.0,0.3862,0.0704,0.0002,-0.0169,0.0009,1.0,0.932
w10s-shp-cur-s71,w10s-shp-cur,71,9403392,0.63,1.075,0.0,0.7886,0.0718,0.0002,-0.0172,0.0011,1.0,0.932
w10s-shp-cur-s71,w10s-shp-cur,71,9434112,0.61,1.087,0.0,0.5644,0.072,0.0002,-0.0191,0.001,1.0,0.931
w10s-shp-cur-s71,w10s-shp-cur,71,9464832,0.72,1.122,0.0,0.6415,0.069,0.0002,-0.0171,0.001,1.0,0.931
w10s-shp-cur-s71,w10s-shp-cur,71,9495552,0.68,1.079,0.0,0.5951,0.0683,0.0002,-0.0183,0.001,1.0,0.931
w10s-shp-cur-s71,w10s-shp-cur,71,9526272,0.74,1.115,0.0,0.8207,0.0708,0.0002,-0.0181,0.001,1.0,0.931
w10s-shp-cur-s71,w10s-shp-cur,71,9556992,0.67,1.108,0.0,0.6421,0.0704,0.0002,-0.0178,0.001,1.0,0.931
w10s-shp-cur-s71,w10s-shp-cur,71,9587712,0.69,1.092,0.0,0.8605,0.072,0.0002,-0.0172,0.001,1.0,0.931
w10s-shp-cur-s71,w10s-shp-cur,71,9618432,0.66,1.075,0.0,0.5914,0.0713,0.0002,-0.0176,0.0009,1.0,0.931
w10s-shp-cur-s71,w10s-shp-cur,71,9649152,0.71,1.112,0.0,0.6721,0.0715,0.0002,-0.02,0.001,1.0,0.931
w10s-shp-cur-s71,w10s-shp-cur,71,9679872,0.7,1.095,0.0,0.6144,0.0697,0.0002,-0.0187,0.001,1.0,0.93
w10s-shp-cur-s71,w10s-shp-cur,71,9710592,0.72,1.166,0.0,0.7215,0.0707,0.0002,-0.0185,0.001,1.0,0.93
w10s-shp-cur-s71,w10s-shp-cur,71,9741312,0.69,1.133,0.0,0.6305,0.0681,0.0002,-0.0178,0.001,1.0,0.93
w10s-shp-cur-s71,w10s-shp-cur,71,9772032,0.64,1.055,0.0,0.7286,0.0707,0.0002,-0.0185,0.0011,1.0,0.93
w10s-shp-cur-s71,w10s-shp-cur,71,9802752,0.66,1.061,0.0,0.6139,0.0738,0.0002,-0.0178,0.001,1.0,0.93
w10s-shp-cur-s71,w10s-shp-cur,71,9833472,0.66,1.09,0.0,0.7099,0.0698,0.0002,-0.0188,0.001,1.0,0.93
w10s-shp-cur-s71,w10s-shp-cur,71,9864192,0.7,1.11,0.0,0.8451,0.074,0.0002,-0.018,0.001,1.0,0.93
w10s-shp-cur-s71,w10s-shp-cur,71,9894912,0.66,1.075,0.0,0.7261,0.0727,0.0002,-0.0174,0.001,1.0,0.93
w10s-shp-cur-s71,w10s-shp-cur,71,9925632,0.71,1.12,0.0,0.7591,0.0698,0.0002,-0.0177,0.001,1.0,0.93
w10s-shp-cur-s71,w10s-shp-cur,71,9956352,0.7,1.135,0.0,0.7153,0.0701,0.0002,-0.0177,0.001,1.0,0.929
w10s-shp-cur-s71,w10s-shp-cur,71,9987072,0.7,1.093,0.0,0.7614,0.0703,0.0002,-0.0179,0.001,1.0,0.929
w10s-shp-cur-s71,w10s-shp-cur,71,10017792,0.79,1.234,0.0,0.6886,0.0727,0.0002,-0.0166,0.0011,1.0,0.929
w10s-shp-cur-s71,w10s-shp-cur,71,10048512,0.73,1.157,0.0,0.6783,0.0727,0.0002,-0.0174,0.001,1.0,0.929
w10s-shp-cur-s71,w10s-shp-cur,71,10079232,0.72,1.134,0.0,0.6683,0.0717,0.0002,-0.0177,0.001,1.0,0.929
w10s-shp-cur-s71,w10s-shp-cur,71,10109952,0.71,1.123,0.0,0.6415,0.0669,0.0002,-0.0169,0.001,1.0,0.929
w10s-shp-cur-s71,w10s-shp-cur,71,10140672,0.75,1.156,0.0,0.7941,0.0685,0.0002,-0.018,0.001,1.0,0.929
w10s-shp-cur-s71,w10s-shp-cur,71,10171392,0.8,1.201,0.0,0.7255,0.0711,0.0002,-0.0178,0.0011,1.0,0.929
w10s-shp-cur-s71,w10s-shp-cur,71,10202112,0.74,1.118,0.0,0.66,0.0687,0.0002,-0.0174,0.001,1.0,0.929
w10s-shp-cur-s71,w10s-shp-cur,71,10232832,0.64,1.084,0.0,0.6121,0.0743,0.0002,-0.0189,0.001,1.0,0.928
w10s-shp-cur-s71,w10s-shp-cur,71,10263552,0.68,1.129,0.0,0.6897,0.0712,0.0002,-0.0172,0.001,1.0,0.928
w10s-shp-cur-s71,w10s-shp-cur,71,10294272,0.71,1.108,0.0,0.7539,0.0696,0.0002,-0.0179,0.0011,1.0,0.928
w10s-shp-cur-s71,w10s-shp-cur,71,10324992,0.7,1.129,0.0,0.8162,0.071,0.0002,-0.018,0.001,1.0,0.928
w10s-shp-cur-s71,w10s-shp-cur,71,10355712,0.66,1.084,0.0,0.8381,0.0724,0.0002,-0.0184,0.001,1.0,0.928
w10s-shp-cur-s71,w10s-shp-cur,71,10386432,0.73,1.15,0.0,0.8179,0.0692,0.0002,-0.0176,0.001,1.0,0.928
w10s-shp-cur-s71,w10s-shp-cur,71,10417152,0.72,1.167,0.0,0.51,0.0705,0.0002,-0.0187,0.001,1.0,0.928
w10s-shp-cur-s71,w10s-shp-cur,71,10447872,0.75,1.165,0.0,0.9193,0.0708,0.0002,-0.0164,0.0011,1.0,0.928
w10s-shp-cur-s71,w10s-shp-cur,71,10478592,0.72,1.16,0.0,0.7122,0.0682,0.0002,-0.0177,0.0009,1.0,0.928
w10s-shp-cur-s71,w10s-shp-cur,71,10509312,0.71,1.117,0.0,0.619,0.0708,0.0002,-0.017,0.001,1.0,0.927
w10s-shp-cur-s71,w10s-shp-cur,71,10540032,0.69,1.128,0.0,0.6279,0.0699,0.0002,-0.02,0.001,1.0,0.927
w10s-shp-cur-s71,w10s-shp-cur,71,10570752,0.75,1.19,0.0,0.6678,0.0678,0.0002,-0.0165,0.001,1.0,0.927
w10s-shp-cur-s71,w10s-shp-cur,71,10601472,0.73,1.15,0.0,0.7989,0.0669,0.0002,-0.0185,0.001,1.0,0.927
w10s-shp-cur-s71,w10s-shp-cur,71,10632192,0.73,1.193,0.0,0.5653,0.0725,0.0002,-0.0174,0.0009,1.0,0.927
w10s-shp-cur-s71,w10s-shp-cur,71,10662912,0.75,1.183,0.0,0.5691,0.0712,0.0002,-0.0189,0.001,1.0,0.927
w10s-shp-cur-s71,w10s-shp-cur,71,10693632,0.76,1.14,0.0,0.8664,0.07,0.0002,-0.0177,0.001,1.0,0.927
w10s-shp-cur-s71,w10s-shp-cur,71,10724352,0.83,1.247,0.0,0.6969,0.0711,0.0002,-0.0173,0.0009,1.0,0.927
w10s-shp-cur-s71,w10s-shp-cur,71,10755072,0.75,1.176,0.0,0.6158,0.0728,0.0002,-0.0183,0.0009,1.0,0.927
w10s-shp-cur-s71,w10s-shp-cur,71,10785792,0.74,1.179,0.0,0.7155,0.0726,0.0002,-0.0208,0.001,1.0,0.926
w10s-shp-cur-s71,w10s-shp-cur,71,10816512,0.75,1.164,0.0,0.7399,0.0677,0.0002,-0.0183,0.0009,1.0,0.926
w10s-shp-cur-s71,w10s-shp-cur,71,10847232,0.73,1.161,0.0,0.7766,0.0712,0.0002,-0.0176,0.0009,1.0,0.926
w10s-shp-cur-s71,w10s-shp-cur,71,10877952,0.68,1.096,0.0,0.5899,0.0705,0.0002,-0.0165,0.001,1.0,0.926
w10s-shp-cur-s71,w10s-shp-cur,71,10908672,0.69,1.083,0.0,0.9235,0.0668,0.0002,-0.0158,0.0009,1.0,0.926
w10s-shp-cur-s71,w10s-shp-cur,71,10939392,0.78,1.183,0.0,0.7985,0.0693,0.0002,-0.0183,0.001,1.0,0.926
w10s-shp-cur-s71,w10s-shp-cur,71,10970112,0.73,1.151,0.0,0.8573,0.0702,0.0002,-0.0165,0.001,1.0,0.926
w10s-shp-cur-s71,w10s-shp-cur,71,11000832,0.83,1.232,0.0,0.6222,0.0711,0.0002,-0.0176,0.0011,1.0,0.926
w10s-shp-cur-s71,w10s-shp-cur,71,11031552,0.76,1.186,0.0,0.8196,0.0698,0.0002,-0.0171,0.0011,1.0,0.926
w10s-shp-cur-s71,w10s-shp-cur,71,11062272,0.73,1.175,0.0,0.7992,0.0691,0.0002,-0.0194,0.001,1.0,0.926
w10s-shp-cur-s71,w10s-shp-cur,71,11092992,0.72,1.155,0.0,0.7864,0.0726,0.0002,-0.0189,0.0009,1.0,0.926
w10s-shp-cur-s71,w10s-shp-cur,71,11123712,0.71,1.153,0.0,0.796,0.0698,0.0002,-0.0175,0.001,1.0,0.925
w10s-shp-cur-s71,w10s-shp-cur,71,11154432,0.71,1.144,0.0,0.774,0.0721,0.0002,-0.0166,0.0009,1.0,0.925
w10s-shp-cur-s71,w10s-shp-cur,71,11185152,0.73,1.178,0.0,0.8994,0.0676,0.0002,-0.0157,0.001,1.0,0.925
w10s-shp-cur-s71,w10s-shp-cur,71,11215872,0.75,1.155,0.0,0.5898,0.0693,0.0002,-0.0183,0.0009,1.0,0.925
w10s-shp-cur-s71,w10s-shp-cur,71,11246592,0.75,1.157,0.0,0.7519,0.0697,0.0002,-0.0189,0.0009,1.0,0.925
w10s-shp-cur-s71,w10s-shp-cur,71,11277312,0.77,1.183,0.0,0.6592,0.0723,0.0002,-0.0197,0.001,1.0,0.925
w10s-shp-cur-s71,w10s-shp-cur,71,11308032,0.73,1.139,0.0,0.7509,0.0705,0.0002,-0.0176,0.001,1.0,0.925
w10s-shp-cur-s71,w10s-shp-cur,71,11338752,0.67,1.116,0.0,0.6631,0.0703,0.0002,-0.0162,0.001,1.0,0.925
w10s-shp-cur-s71,w10s-shp-cur,71,11369472,0.69,1.12,0.0,0.7582,0.07,0.0002,-0.0171,0.0009,1.0,0.925
w10s-shp-cur-s71,w10s-shp-cur,71,11400192,0.73,1.165,0.0,0.8161,0.0698,0.0002,-0.0175,0.0009,1.0,0.925
w10s-shp-cur-s71,w10s-shp-cur,71,11430912,0.81,1.209,0.0,0.902,0.0682,0.0002,-0.0188,0.0009,1.0,0.925
w10s-shp-cur-s71,w10s-shp-cur,71,11461632,0.88,1.284,0.0,0.7736,0.0701,0.0002,-0.0166,0.001,1.0,0.924
w10s-shp-cur-s71,w10s-shp-cur,71,11492352,0.68,1.116,0.0,0.6642,0.0719,0.0002,-0.0183,0.001,1.0,0.924
w10s-shp-cur-s71,w10s-shp-cur,71,11523072,0.79,1.197,0.0,0.8574,0.0707,0.0002,-0.0168,0.001,1.0,0.924
w10s-shp-cur-s71,w10s-shp-cur,71,11553792,0.8,1.215,0.0,0.7116,0.0696,0.0002,-0.0178,0.0009,1.0,0.924
w10s-shp-cur-s71,w10s-shp-cur,71,11584512,0.66,1.062,0.0,0.9485,0.0678,0.0002,-0.0167,0.001,1.0,0.924
w10s-shp-cur-s71,w10s-shp-cur,71,11615232,0.84,1.244,0.0,0.7711,0.0683,0.0002,-0.0174,0.001,1.0,0.924
w10s-shp-cur-s71,w10s-shp-cur,71,11645952,0.7,1.133,0.0,0.7494,0.0705,0.0002,-0.018,0.001,1.0,0.924
w10s-shp-cur-s71,w10s-shp-cur,71,11676672,0.71,1.142,0.0,0.7316,0.0702,0.0002,-0.0185,0.0009,1.0,0.924
w10s-shp-cur-s71,w10s-shp-cur,71,11707392,0.68,1.102,0.0,0.8452,0.0684,0.0002,-0.0168,0.001,1.0,0.924
w10s-shp-cur-s71,w10s-shp-cur,71,11738112,0.75,1.152,0.0,0.8212,0.072,0.0002,-0.0181,0.001,1.0,0.924
w10s-shp-cur-s71,w10s-shp-cur,71,11768832,0.75,1.171,0.0,0.7149,0.0713,0.0002,-0.0187,0.001,1.0,0.924
w10s-shp-cur-s71,w10s-shp-cur,71,11799552,0.77,1.205,0.0,0.8999,0.0687,0.0002,-0.018,0.001,1.0,0.924
w10s-shp-cur-s71,w10s-shp-cur,71,11830272,0.77,1.192,0.0,0.818,0.0689,0.0002,-0.0182,0.0009,1.0,0.923
w10s-shp-cur-s71,w10s-shp-cur,71,11860992,0.79,1.21,0.0,0.8283,0.0722,0.0002,-0.0184,0.001,1.0,0.923
w10s-shp-cur-s71,w10s-shp-cur,71,11891712,0.87,1.251,0.0,0.8839,0.0687,0.0002,-0.0168,0.0009,1.0,0.923
w10s-shp-cur-s71,w10s-shp-cur,71,11922432,0.77,1.215,0.0,0.7427,0.0695,0.0002,-0.018,0.0009,1.0,0.923
w10s-shp-cur-s71,w10s-shp-cur,71,11953152,0.83,1.23,0.0,0.6445,0.0726,0.0002,-0.0182,0.0009,1.0,0.923
w10s-shp-cur-s71,w10s-shp-cur,71,11983872,0.76,1.206,0.0,0.6475,0.0711,0.0002,-0.018,0.001,1.0,0.923
w10s-shp-cur-s71,w10s-shp-cur,71,12014592,0.74,1.153,0.0,0.8889,0.0705,0.0002,-0.0183,0.001,1.0,0.923
w10s-shp-cur-s71,w10s-shp-cur,71,12045312,0.74,1.185,0.0,0.8233,0.0729,0.0002,-0.0185,0.0009,1.0,0.923
w10s-shp-cur-s71,w10s-shp-cur,71,12076032,0.74,1.179,0.0,0.9464,0.0691,0.0002,-0.0173,0.001,1.0,0.923
w10s-shp-cur-s71,w10s-shp-cur,71,12106752,0.78,1.195,0.0,0.8647,0.0704,0.0002,-0.0191,0.0009,1.0,0.923
w10s-shp-cur-s71,w10s-shp-cur,71,12137472,0.77,1.141,0.0,0.7893,0.0716,0.0002,-0.0177,0.0009,1.0,0.923
w10s-shp-cur-s71,w10s-shp-cur,71,12168192,0.75,1.193,0.0,0.751,0.0667,0.0002,-0.0192,0.001,1.0,0.923
w10s-shp-cur-s71,w10s-shp-cur,71,12198912,0.79,1.221,0.0,0.9702,0.0724,0.0002,-0.0184,0.001,1.0,0.922
w10s-shp-cur-s71,w10s-shp-cur,71,12229632,0.78,1.187,0.0,0.7488,0.0715,0.0002,-0.0181,0.0009,1.0,0.922
w10s-shp-cur-s71,w10s-shp-cur,71,12260352,0.72,1.15,0.0,0.8332,0.0724,0.0002,-0.0186,0.001,1.0,0.922
w10s-shp-cur-s71,w10s-shp-cur,71,12291072,0.71,1.125,0.0,0.8014,0.0696,0.0002,-0.0174,0.001,1.0,0.922
w10s-shp-cur-s71,w10s-shp-cur,71,12321792,0.75,1.179,0.0,0.8268,0.0689,0.0002,-0.0167,0.001,1.0,0.922
w10s-shp-cur-s71,w10s-shp-cur,71,12352512,0.8,1.219,0.0,0.9105,0.07,0.0002,-0.0163,0.001,1.0,0.922
w10s-shp-cur-s71,w10s-shp-cur,71,12383232,0.81,1.227,0.0,0.852,0.0722,0.0002,-0.0183,0.0009,1.0,0.922
w10s-shp-cur-s71,w10s-shp-cur,71,12413952,0.78,1.188,0.0,0.825,0.0718,0.0002,-0.0185,0.0009,1.0,0.922
w10s-shp-cur-s71,w10s-shp-cur,71,12444672,0.82,1.221,0.0,0.9284,0.072,0.0002,-0.0182,0.0009,1.0,0.922
w10s-shp-cur-s71,w10s-shp-cur,71,12475392,0.74,1.133,0.0,0.8193,0.0732,0.0002,-0.0181,0.001,1.0,0.922
w10s-shp-cur-s71,w10s-shp-cur,71,12506112,0.77,1.2,0.0,0.9015,0.0675,0.0002,-0.0187,0.001,1.0,0.922
w10s-shp-cur-s71,w10s-shp-cur,71,12536832,0.79,1.242,0.0,0.7688,0.0704,0.0002,-0.0174,0.0009,1.0,0.922
w10s-shp-cur-s71,w10s-shp-cur,71,12567552,0.84,1.247,0.0,0.6842,0.0719,0.0002,-0.0197,0.0009,1.0,0.921
w10s-shp-cur-s71,w10s-shp-cur,71,12598272,0.71,1.135,0.0,0.7643,0.0742,0.0002,-0.0201,0.0009,1.0,0.921
w10s-shp-cur-s71,w10s-shp-cur,71,12628992,0.84,1.238,0.0,0.7057,0.0695,0.0002,-0.0173,0.0009,1.0,0.921
w10s-shp-cur-s71,w10s-shp-cur,71,12659712,0.79,1.18,0.0,0.9245,0.0728,0.0002,-0.0172,0.0009,1.0,0.921
w10s-shp-cur-s71,w10s-shp-cur,71,12690432,0.8,1.193,0.0,0.7628,0.0693,0.0002,-0.0182,0.0009,1.0,0.921
w10s-shp-cur-s71,w10s-shp-cur,71,12721152,0.71,1.148,0.0,0.745,0.0707,0.0002,-0.0188,0.0009,1.0,0.921
w10s-shp-cur-s71,w10s-shp-cur,71,12751872,0.77,1.184,0.0,0.7742,0.0679,0.0002,-0.017,0.0009,1.0,0.921
w10s-shp-cur-s71,w10s-shp-cur,71,12782592,0.79,1.225,0.0,0.9072,0.0699,0.0002,-0.0201,0.001,1.0,0.921
w10s-shp-cur-s71,w10s-shp-cur,71,12813312,0.8,1.212,0.0,0.6815,0.0673,0.0002,-0.017,0.0009,1.0,0.921
w10s-shp-cur-s71,w10s-shp-cur,71,12844032,0.76,1.16,0.0,0.7405,0.0696,0.0002,-0.0167,0.0009,1.0,0.921
w10s-shp-cur-s71,w10s-shp-cur,71,12874752,0.81,1.235,0.0,0.5796,0.0697,0.0002,-0.0168,0.0009,1.0,0.921
w10s-shp-cur-s71,w10s-shp-cur,71,12905472,0.76,1.183,0.0,0.9821,0.0706,0.0002,-0.0179,0.0011,1.0,0.921
w10s-shp-cur-s71,w10s-shp-cur,71,12936192,0.75,1.168,0.0,0.8819,0.0706,0.0002,-0.0171,0.0009,1.0,0.92
w10s-shp-cur-s71,w10s-shp-cur,71,12966912,0.69,1.153,0.0,0.9155,0.0709,0.0002,-0.017,0.0009,1.0,0.92
w10s-shp-cur-s71,w10s-shp-cur,71,12997632,0.73,1.182,0.0,0.8954,0.0744,0.0002,-0.0193,0.001,1.0,0.92
w10s-shp-cur-s71,w10s-shp-cur,71,13028352,0.77,1.203,0.0,0.7772,0.0709,0.0002,-0.0166,0.0009,1.0,0.92
w10s-shp-cur-s71,w10s-shp-cur,71,13059072,0.8,1.196,0.0,0.8693,0.0701,0.0002,-0.0186,0.001,1.0,0.92
w10s-shp-cur-s71,w10s-shp-cur,71,13089792,0.7,1.123,0.0,0.9146,0.0695,0.0002,-0.0186,0.0009,1.0,0.92
w10s-shp-cur-s71,w10s-shp-cur,71,13120512,0.78,1.228,0.0,0.7997,0.0701,0.0002,-0.0188,0.0009,1.0,0.92
w10s-shp-cur-s71,w10s-shp-cur,71,13151232,0.8,1.204,0.0,0.7121,0.0707,0.0002,-0.0198,0.0009,1.0,0.92
w10s-shp-cur-s71,w10s-shp-cur,71,13181952,0.73,1.144,0.0,0.6331,0.0714,0.0002,-0.0194,0.0009,1.0,0.92
w10s-shp-cur-s71,w10s-shp-cur,71,13212672,0.71,1.163,0.0,0.7173,0.0749,0.0002,-0.0175,0.0009,1.0,0.92
w10s-shp-cur-s71,w10s-shp-cur,71,13243392,0.8,1.196,0.0,0.8023,0.0697,0.0002,-0.0174,0.0009,1.0,0.92
w10s-shp-cur-s71,w10s-shp-cur,71,13274112,0.75,1.19,0.0,0.551,0.072,0.0002,-0.0186,0.0009,1.0,0.92
w10s-shp-cur-s71,w10s-shp-cur,71,13304832,0.77,1.214,0.0,0.7832,0.07,0.0002,-0.0189,0.0009,1.0,0.92
w10s-shp-cur-s71,w10s-shp-cur,71,13335552,0.79,1.194,0.0,1.0191,0.0711,0.0002,-0.018,0.001,1.0,0.919
w10s-shp-cur-s71,w10s-shp-cur,71,13366272,0.8,1.205,0.0,0.9154,0.0714,0.0002,-0.0181,0.001,1.0,0.919
w10s-shp-cur-s71,w10s-shp-cur,71,13396992,0.82,1.201,0.0,0.8788,0.072,0.0002,-0.0194,0.001,1.0,0.919
w10s-shp-cur-s71,w10s-shp-cur,71,13427712,0.77,1.191,0.0,0.8331,0.0692,0.0002,-0.0198,0.001,1.0,0.919
w10s-shp-cur-s71,w10s-shp-cur,71,13458432,0.83,1.238,0.0,0.964,0.0688,0.0002,-0.0174,0.0009,1.0,0.919
w10s-shp-cur-s71,w10s-shp-cur,71,13489152,0.82,1.201,0.0,0.785,0.0666,0.0002,-0.0169,0.0009,1.0,0.919
w10s-shp-cur-s71,w10s-shp-cur,71,13519872,0.78,1.194,0.0,0.842,0.0715,0.0002,-0.0174,0.0009,1.0,0.919
w10s-shp-cur-s71,w10s-shp-cur,71,13550592,0.87,1.28,0.0,0.9201,0.0719,0.0002,-0.0178,0.0009,1.0,0.919
w10s-shp-cur-s71,w10s-shp-cur,71,13581312,0.84,1.234,0.0,1.0881,0.0706,0.0002,-0.0219,0.001,1.0,0.919
w10s-shp-cur-s71,w10s-shp-cur,71,13612032,0.81,1.216,0.0,0.9515,0.07,0.0002,-0.0168,0.0009,1.0,0.919
w10s-shp-cur-s71,w10s-shp-cur,71,13642752,0.77,1.193,0.0,0.7839,0.0728,0.0002,-0.0178,0.0009,1.0,0.919
w10s-shp-cur-s71,w10s-shp-cur,71,13673472,0.83,1.234,0.0,0.8357,0.0763,0.0002,-0.0186,0.001,1.0,0.919
w10s-shp-cur-s71,w10s-shp-cur,71,13704192,0.79,1.22,0.0,1.0448,0.0691,0.0002,-0.018,0.0009,1.0,0.919
w10s-shp-cur-s71,w10s-shp-cur,71,13734912,0.76,1.187,0.0,0.9376,0.0697,0.0002,-0.0183,0.0009,1.0,0.919
w10s-shp-cur-s71,w10s-shp-cur,71,13765632,0.85,1.259,0.0,0.794,0.0682,0.0002,-0.0181,0.0009,1.0,0.918
w10s-shp-cur-s71,w10s-shp-cur,71,13796352,0.82,1.217,0.0,0.8835,0.071,0.0002,-0.0173,0.0009,1.0,0.918
w10s-shp-cur-s71,w10s-shp-cur,71,13827072,0.81,1.229,0.0,0.9115,0.0681,0.0002,-0.0191,0.0009,1.0,0.918
w10s-shp-cur-s71,w10s-shp-cur,71,13857792,0.78,1.211,0.0,0.9405,0.0719,0.0002,-0.0182,0.0009,1.0,0.918
w10s-shp-cur-s71,w10s-shp-cur,71,13888512,0.79,1.221,0.0,0.8579,0.0692,0.0002,-0.0187,0.001,1.0,0.918
w10s-shp-cur-s71,w10s-shp-cur,71,13919232,0.82,1.243,0.0,0.9671,0.0676,0.0002,-0.0187,0.0008,1.0,0.918
w10s-shp-cur-s71,w10s-shp-cur,71,13949952,0.79,1.237,0.0,0.871,0.07,0.0002,-0.0184,0.0009,1.0,0.918
w10s-shp-cur-s71,w10s-shp-cur,71,13980672,0.82,1.214,0.0,1.0422,0.0718,0.0002,-0.018,0.0009,1.0,0.918
w10s-shp-cur-s71,w10s-shp-cur,71,14011392,0.81,1.267,0.0,0.9827,0.0681,0.0002,-0.0178,0.0008,1.0,0.918
w10s-shp-cur-s71,w10s-shp-cur,71,14042112,0.83,1.246,0.0,0.8818,0.0701,0.0002,-0.0172,0.0008,1.0,0.918
w10s-shp-cur-s71,w10s-shp-cur,71,14072832,0.78,1.198,0.0,1.0276,0.0696,0.0002,-0.0171,0.0008,1.0,0.918
w10s-shp-cur-s71,w10s-shp-cur,71,14103552,0.71,1.142,0.0,0.9685,0.0722,0.0002,-0.018,0.0009,1.0,0.918
w10s-shp-cur-s71,w10s-shp-cur,71,14134272,0.88,1.283,0.0,0.988,0.0683,0.0002,-0.0183,0.0009,1.0,0.918
w10s-shp-cur-s71,w10s-shp-cur,71,14164992,0.84,1.279,0.0,0.8909,0.0721,0.0002,-0.0173,0.001,1.0,0.917
w10s-shp-cur-s71,w10s-shp-cur,71,14195712,0.77,1.246,0.0,0.826,0.0728,0.0002,-0.0184,0.0009,1.0,0.917
w10s-shp-cur-s71,w10s-shp-cur,71,14226432,0.84,1.282,0.0,0.9665,0.0707,0.0002,-0.017,0.0009,1.0,0.917
w10s-shp-cur-s71,w10s-shp-cur,71,14257152,0.79,1.221,0.0,1.0566,0.0725,0.0002,-0.0183,0.001,1.0,0.917
w10s-shp-cur-s71,w10s-shp-cur,71,14287872,0.8,1.23,0.0,0.8206,0.072,0.0002,-0.0182,0.0009,1.0,0.917
w10s-shp-cur-s71,w10s-shp-cur,71,14318592,0.8,1.24,0.0,1.0969,0.0712,0.0002,-0.0173,0.0009,1.0,0.917
w10s-shp-cur-s71,w10s-shp-cur,71,14349312,0.85,1.275,0.0,0.9195,0.069,0.0002,-0.0211,0.0009,1.0,0.917
w10s-shp-cur-s71,w10s-shp-cur,71,14380032,0.88,1.321,0.0,0.9443,0.0692,0.0002,-0.018,0.0008,1.0,0.917
w10s-shp-cur-s71,w10s-shp-cur,71,14410752,0.8,1.248,0.0,1.1347,0.0695,0.0002,-0.018,0.0009,1.0,0.917
w10s-shp-cur-s71,w10s-shp-cur,71,14441472,0.79,1.262,0.0,1.0638,0.0721,0.0002,-0.0191,0.0009,1.0,0.917
w10s-shp-cur-s71,w10s-shp-cur,71,14472192,0.81,1.254,0.0,0.9482,0.0709,0.0002,-0.0195,0.0009,1.0,0.917
w10s-shp-cur-s71,w10s-shp-cur,71,14502912,0.9,1.302,0.0,0.9229,0.0699,0.0002,-0.0181,0.0009,1.0,0.917
w10s-shp-cur-s71,w10s-shp-cur,71,14533632,0.92,1.329,0.0,1.0542,0.0685,0.0002,-0.019,0.0009,1.0,0.916
w10s-shp-cur-s71,w10s-shp-cur,71,14564352,0.84,1.284,0.0,1.0107,0.073,0.0002,-0.0191,0.0009,1.0,0.916
w10s-shp-cur-s71,w10s-shp-cur,71,14595072,0.86,1.284,0.0,1.0245,0.0734,0.0002,-0.0194,0.0009,1.0,0.916
w10s-shp-cur-s71,w10s-shp-cur,71,14625792,0.85,1.303,0.0,1.0078,0.0698,0.0002,-0.0188,0.0008,1.0,0.916
w10s-shp-cur-s71,w10s-shp-cur,71,14656512,0.86,1.275,0.0,1.0407,0.0694,0.0002,-0.0186,0.0009,1.0,0.916
w10s-shp-cur-s71,w10s-shp-cur,71,14687232,0.89,1.301,0.0,1.0204,0.0708,0.0002,-0.017,0.0009,1.0,0.916
w10s-shp-cur-s71,w10s-shp-cur,71,14717952,0.85,1.29,0.0,1.0482,0.0727,0.0002,-0.0176,0.0009,1.0,0.916
w10s-shp-cur-s71,w10s-shp-cur,71,14748672,0.86,1.308,0.0,0.9502,0.0734,0.0002,-0.0177,0.0009,1.0,0.916
w10s-shp-cur-s71,w10s-shp-cur,71,14779392,0.89,1.281,0.0,1.0278,0.0709,0.0002,-0.0196,0.0008,1.0,0.916
w10s-shp-cur-s71,w10s-shp-cur,71,14810112,0.84,1.278,0.0,1.1198,0.0722,0.0002,-0.0175,0.0009,1.0,0.916
w10s-shp-cur-s71,w10s-shp-cur,71,14840832,0.88,1.323,0.0,1.0684,0.073,0.0002,-0.0183,0.0009,1.0,0.916
w10s-shp-cur-s71,w10s-shp-cur,71,14871552,0.85,1.267,0.0,1.1239,0.0716,0.0002,-0.0164,0.0009,1.0,0.916
w10s-shp-cur-s71,w10s-shp-cur,71,14902272,0.84,1.276,0.0,1.117,0.0725,0.0002,-0.017,0.0009,1.0,0.916
w10s-shp-cur-s71,w10s-shp-cur,71,14932992,0.84,1.266,0.0,1.0363,0.069,0.0002,-0.0187,0.0009,1.0,0.915
w10s-shp-cur-s71,w10s-shp-cur,71,14963712,0.89,1.299,0.0,1.1639,0.0668,0.0002,-0.0184,0.0009,1.0,0.915
w10s-shp-cur-s71,w10s-shp-cur,71,14994432,0.85,1.274,0.0,1.074,0.0701,0.0002,-0.0177,0.0009,1.0,0.915
w10s-shp-cur-s71,w10s-shp-cur,71,14997504,0.88,1.321,0.0,1.1098,0.0698,0.0002,-0.0173,0.0009,1.0,0.915
w10s-shp-cur-s72,w10s-shp-cur,72,3072,0.01,0.432,-1.0,,,,,,,
w10s-shp-cur-s72,w10s-shp-cur,72,33792,0.03,0.516,-1.0,-0.9751,0.0733,0.0002,-0.0205,0.0189,0.971,0.939
w10s-shp-cur-s72,w10s-shp-cur,72,64512,0.01,0.485,-1.0,-0.9535,0.0707,0.0002,-0.0167,0.0146,0.996,0.938
w10s-shp-cur-s72,w10s-shp-cur,72,95232,0.03,0.559,-1.0,-0.9303,0.0705,0.0002,-0.0177,0.0125,0.999,0.938
w10s-shp-cur-s72,w10s-shp-cur,72,125952,0.09,0.589,-1.0,-0.9282,0.0678,0.0002,-0.0177,0.0107,1.0,0.942
w10s-shp-cur-s72,w10s-shp-cur,72,156672,0.01,0.531,-1.0,-0.9053,0.0718,0.0002,-0.019,0.0102,1.0,0.947
w10s-shp-cur-s72,w10s-shp-cur,72,187392,0.03,0.542,-1.0,-0.9056,0.0721,0.0002,-0.0169,0.0096,1.0,0.949
w10s-shp-cur-s72,w10s-shp-cur,72,218112,0.0,0.535,-1.0,-0.8825,0.0696,0.0002,-0.0166,0.009,1.0,0.951
w10s-shp-cur-s72,w10s-shp-cur,72,248832,0.02,0.576,-1.0,-0.975,0.0737,0.0002,-0.0179,0.0081,1.0,0.952
w10s-shp-cur-s72,w10s-shp-cur,72,279552,0.06,0.573,-1.0,-0.8813,0.0677,0.0002,-0.0165,0.008,1.0,0.951
w10s-shp-cur-s72,w10s-shp-cur,72,310272,0.03,0.56,-1.0,-0.9028,0.0726,0.0002,-0.0192,0.0072,1.0,0.952
w10s-shp-cur-s72,w10s-shp-cur,72,340992,0.02,0.551,-1.0,-0.8294,0.0687,0.0001,-0.0188,0.0065,1.0,0.952
w10s-shp-cur-s72,w10s-shp-cur,72,371712,0.0,0.534,-1.0,-0.8839,0.0703,0.0002,-0.0187,0.0069,1.0,0.952
w10s-shp-cur-s72,w10s-shp-cur,72,402432,0.0,0.495,-1.0,-0.8848,0.0732,0.0002,-0.0156,0.0059,1.0,0.953
w10s-shp-cur-s72,w10s-shp-cur,72,433152,0.06,0.611,-1.0,-0.9,0.073,0.0002,-0.0181,0.0064,1.0,0.953
w10s-shp-cur-s72,w10s-shp-cur,72,463872,0.05,0.598,-1.0,-0.9073,0.0739,0.0002,-0.0182,0.0056,1.0,0.952
w10s-shp-cur-s72,w10s-shp-cur,72,494592,0.04,0.562,-1.0,-0.7834,0.0706,0.0002,-0.019,0.006,1.0,0.952
w10s-shp-cur-s72,w10s-shp-cur,72,525312,0.04,0.579,-1.0,-0.8068,0.0696,0.0002,-0.0171,0.0052,1.0,0.953
w10s-shp-cur-s72,w10s-shp-cur,72,556032,0.04,0.593,-1.0,-0.7883,0.0701,0.0002,-0.0171,0.0049,1.0,0.953
w10s-shp-cur-s72,w10s-shp-cur,72,586752,0.07,0.611,-1.0,-0.9511,0.0731,0.0002,-0.0206,0.0055,1.0,0.953
w10s-shp-cur-s72,w10s-shp-cur,72,617472,0.09,0.651,-1.0,-0.8299,0.0709,0.0001,-0.0171,0.0044,1.0,0.953
w10s-shp-cur-s72,w10s-shp-cur,72,648192,0.07,0.588,-1.0,-0.8501,0.0714,0.0002,-0.0175,0.005,1.0,0.953
w10s-shp-cur-s72,w10s-shp-cur,72,678912,0.04,0.575,-1.0,-0.9262,0.0722,0.0002,-0.0185,0.0053,1.0,0.954
w10s-shp-cur-s72,w10s-shp-cur,72,709632,0.06,0.531,-1.0,-0.8118,0.0695,0.0002,-0.019,0.0048,1.0,0.954
w10s-shp-cur-s72,w10s-shp-cur,72,740352,0.08,0.632,-1.0,-0.881,0.0705,0.0002,-0.0184,0.0047,1.0,0.954
w10s-shp-cur-s72,w10s-shp-cur,72,771072,0.06,0.533,-1.0,-0.6803,0.0695,0.0002,-0.0189,0.0049,1.0,0.955
w10s-shp-cur-s72,w10s-shp-cur,72,801792,0.08,0.604,-1.0,-0.8587,0.069,0.0002,-0.0171,0.0047,1.0,0.955
w10s-shp-cur-s72,w10s-shp-cur,72,832512,0.05,0.592,-1.0,-0.8081,0.0683,0.0002,-0.0185,0.0044,1.0,0.956
w10s-shp-cur-s72,w10s-shp-cur,72,863232,0.06,0.598,-1.0,-0.8075,0.0679,0.0002,-0.018,0.0043,1.0,0.956
w10s-shp-cur-s72,w10s-shp-cur,72,893952,0.02,0.539,-1.0,-0.8053,0.0709,0.0002,-0.0203,0.0042,1.0,0.956
w10s-shp-cur-s72,w10s-shp-cur,72,924672,0.08,0.601,-1.0,-0.884,0.0703,0.0002,-0.0172,0.0041,1.0,0.957
w10s-shp-cur-s72,w10s-shp-cur,72,955392,0.05,0.556,-1.0,-0.7842,0.0699,0.0002,-0.0177,0.0039,1.0,0.957
w10s-shp-cur-s72,w10s-shp-cur,72,986112,0.07,0.625,-1.0,-0.7823,0.071,0.0002,-0.0202,0.0037,1.0,0.957
w10s-shp-cur-s72,w10s-shp-cur,72,1016832,0.08,0.64,-1.0,-0.8763,0.0715,0.0002,-0.0178,0.0041,1.0,0.957
w10s-shp-cur-s72,w10s-shp-cur,72,1047552,0.08,0.636,-1.0,-0.8029,0.0734,0.0002,-0.0182,0.004,1.0,0.957
w10s-shp-cur-s72,w10s-shp-cur,72,1078272,0.09,0.685,-1.0,-0.9282,0.0712,0.0002,-0.0179,0.0041,1.0,0.957
w10s-shp-cur-s72,w10s-shp-cur,72,1108992,0.06,0.581,-1.0,-0.7868,0.0698,0.0002,-0.0163,0.0037,1.0,0.957
w10s-shp-cur-s72,w10s-shp-cur,72,1139712,0.11,0.649,-1.0,-0.7848,0.0725,0.0002,-0.0173,0.0039,1.0,0.957
w10s-shp-cur-s72,w10s-shp-cur,72,1170432,0.05,0.562,-1.0,-0.8125,0.0714,0.0002,-0.0196,0.0038,1.0,0.958
w10s-shp-cur-s72,w10s-shp-cur,72,1201152,0.07,0.598,-1.0,-0.9291,0.0713,0.0002,-0.0172,0.0039,1.0,0.958
w10s-shp-cur-s72,w10s-shp-cur,72,1231872,0.08,0.645,-1.0,-0.7882,0.0704,0.0002,-0.0166,0.0036,1.0,0.958
w10s-shp-cur-s72,w10s-shp-cur,72,1262592,0.07,0.612,-1.0,-0.7837,0.0719,0.0002,-0.0184,0.0038,1.0,0.958
w10s-shp-cur-s72,w10s-shp-cur,72,1293312,0.14,0.715,-1.0,-0.8814,0.0727,0.0002,-0.0174,0.0036,1.0,0.958
w10s-shp-cur-s72,w10s-shp-cur,72,1324032,0.06,0.524,-1.0,-0.7635,0.0729,0.0002,-0.0196,0.0033,1.0,0.958
w10s-shp-cur-s72,w10s-shp-cur,72,1354752,0.09,0.642,-1.0,-0.8312,0.0709,0.0002,-0.0177,0.0035,1.0,0.958
w10s-shp-cur-s72,w10s-shp-cur,72,1385472,0.05,0.619,-1.0,-0.8566,0.069,0.0002,-0.0193,0.0037,1.0,0.958
w10s-shp-cur-s72,w10s-shp-cur,72,1416192,0.11,0.656,-1.0,-0.7525,0.0699,0.0002,-0.018,0.0035,1.0,0.958
w10s-shp-cur-s72,w10s-shp-cur,72,1446912,0.09,0.632,-1.0,-0.4888,0.0699,0.0002,-0.0184,0.0035,1.0,0.958
w10s-shp-cur-s72,w10s-shp-cur,72,1477632,0.13,0.715,-1.0,-0.8368,0.0735,0.0002,-0.0194,0.0037,1.0,0.958
w10s-shp-cur-s72,w10s-shp-cur,72,1508352,0.1,0.641,-1.0,-0.6961,0.0699,0.0002,-0.0185,0.0032,1.0,0.958
w10s-shp-cur-s72,w10s-shp-cur,72,1539072,0.18,0.692,-1.0,-0.7793,0.073,0.0002,-0.0179,0.0037,1.0,0.958
w10s-shp-cur-s72,w10s-shp-cur,72,1569792,0.16,0.687,-1.0,-0.7638,0.0712,0.0002,-0.0173,0.0035,1.0,0.958
w10s-shp-cur-s72,w10s-shp-cur,72,1600512,0.14,0.667,-1.0,-0.8501,0.0699,0.0002,-0.0188,0.0037,1.0,0.958
w10s-shp-cur-s72,w10s-shp-cur,72,1631232,0.11,0.599,-1.0,-0.7572,0.0714,0.0002,-0.0166,0.0031,1.0,0.958
w10s-shp-cur-s72,w10s-shp-cur,72,1661952,0.13,0.672,-1.0,-0.7327,0.0688,0.0002,-0.0176,0.0035,1.0,0.959
w10s-shp-cur-s72,w10s-shp-cur,72,1692672,0.15,0.719,-1.0,-0.4935,0.0675,0.0002,-0.017,0.0034,1.0,0.959
w10s-shp-cur-s72,w10s-shp-cur,72,1723392,0.11,0.67,-1.0,-0.7781,0.0721,0.0002,-0.0191,0.0032,1.0,0.959
w10s-shp-cur-s72,w10s-shp-cur,72,1754112,0.03,0.618,-1.0,-0.7784,0.073,0.0002,-0.0181,0.0035,1.0,0.959
w10s-shp-cur-s72,w10s-shp-cur,72,1784832,0.15,0.718,-1.0,-0.7361,0.0753,0.0002,-0.0204,0.0033,1.0,0.959
w10s-shp-cur-s72,w10s-shp-cur,72,1815552,0.17,0.73,-1.0,-0.6188,0.0715,0.0002,-0.0182,0.0029,1.0,0.959
w10s-shp-cur-s72,w10s-shp-cur,72,1846272,0.14,0.673,-1.0,-0.7771,0.0687,0.0002,-0.018,0.003,1.0,0.959
w10s-shp-cur-s72,w10s-shp-cur,72,1876992,0.12,0.682,-1.0,-0.6939,0.0714,0.0002,-0.0173,0.0027,1.0,0.959
w10s-shp-cur-s72,w10s-shp-cur,72,1907712,0.05,0.576,-1.0,-0.6662,0.0681,0.0002,-0.018,0.0032,1.0,0.959
w10s-shp-cur-s72,w10s-shp-cur,72,1938432,0.13,0.657,-1.0,-0.8007,0.0745,0.0002,-0.0176,0.0032,1.0,0.959
w10s-shp-cur-s72,w10s-shp-cur,72,1969152,0.13,0.683,-1.0,-0.6449,0.0737,0.0002,-0.0198,0.003,1.0,0.959
w10s-shp-cur-s72,w10s-shp-cur,72,1999872,0.16,0.68,-1.0,-0.5286,0.0714,0.0002,-0.0185,0.003,1.0,0.959
w10s-shp-cur-s72,w10s-shp-cur,72,2030592,0.08,0.607,-1.0,-0.6399,0.0685,0.0002,-0.0186,0.0028,1.0,0.959
w10s-shp-cur-s72,w10s-shp-cur,72,2061312,0.13,0.644,-1.0,-0.6243,0.0709,0.0002,-0.0193,0.0027,1.0,0.959
w10s-shp-cur-s72,w10s-shp-cur,72,2092032,0.19,0.755,-1.0,-0.7084,0.0703,0.0002,-0.0186,0.0032,1.0,0.959
w10s-shp-cur-s72,w10s-shp-cur,72,2122752,0.19,0.727,-1.0,-0.6849,0.0701,0.0002,-0.0187,0.0031,1.0,0.959
w10s-shp-cur-s72,w10s-shp-cur,72,2153472,0.15,0.697,-1.0,-0.6596,0.0712,0.0002,-0.0195,0.003,1.0,0.959
w10s-shp-cur-s72,w10s-shp-cur,72,2184192,0.12,0.699,-1.0,-0.7544,0.071,0.0002,-0.0183,0.0028,1.0,0.959
w10s-shp-cur-s72,w10s-shp-cur,72,2214912,0.11,0.576,-1.0,-0.6687,0.0734,0.0002,-0.0188,0.0027,1.0,0.959
w10s-shp-cur-s72,w10s-shp-cur,72,2245632,0.14,0.669,-1.0,-0.6539,0.0699,0.0002,-0.0179,0.0028,1.0,0.959
w10s-shp-cur-s72,w10s-shp-cur,72,2276352,0.18,0.767,-1.0,-0.5054,0.0696,0.0002,-0.0186,0.0024,1.0,0.959
w10s-shp-cur-s72,w10s-shp-cur,72,2307072,0.19,0.76,-1.0,-0.7307,0.0681,0.0002,-0.0174,0.0026,1.0,0.959
w10s-shp-cur-s72,w10s-shp-cur,72,2337792,0.1,0.614,-1.0,-0.5223,0.07,0.0002,-0.018,0.0029,1.0,0.959
w10s-shp-cur-s72,w10s-shp-cur,72,2368512,0.14,0.662,-1.0,-0.7326,0.0692,0.0002,-0.019,0.0027,1.0,0.959
w10s-shp-cur-s72,w10s-shp-cur,72,2399232,0.19,0.711,-1.0,-0.5383,0.0679,0.0001,-0.0203,0.0027,1.0,0.959
w10s-shp-cur-s72,w10s-shp-cur,72,2429952,0.21,0.723,-1.0,-0.7056,0.0729,0.0002,-0.0184,0.0029,1.0,0.959
w10s-shp-cur-s72,w10s-shp-cur,72,2460672,0.12,0.655,-1.0,-0.5944,0.0712,0.0002,-0.0189,0.0028,1.0,0.959
w10s-shp-cur-s72,w10s-shp-cur,72,2491392,0.2,0.713,-1.0,-0.5863,0.0717,0.0002,-0.0196,0.0027,1.0,0.959
w10s-shp-cur-s72,w10s-shp-cur,72,2522112,0.11,0.67,-1.0,-0.5806,0.0715,0.0001,-0.0197,0.0025,1.0,0.959
w10s-shp-cur-s72,w10s-shp-cur,72,2552832,0.23,0.789,-1.0,-0.7403,0.0721,0.0002,-0.0171,0.0026,1.0,0.958
w10s-shp-cur-s72,w10s-shp-cur,72,2583552,0.1,0.647,-1.0,-0.5928,0.0703,0.0002,-0.0178,0.0027,1.0,0.958
w10s-shp-cur-s72,w10s-shp-cur,72,2614272,0.18,0.707,-1.0,-0.4901,0.0707,0.0002,-0.0176,0.0025,1.0,0.958
w10s-shp-cur-s72,w10s-shp-cur,72,2644992,0.26,0.806,-1.0,-0.3989,0.0719,0.0002,-0.0178,0.0025,1.0,0.958
w10s-shp-cur-s72,w10s-shp-cur,72,2675712,0.24,0.772,-1.0,-0.4726,0.0737,0.0001,-0.0194,0.0025,1.0,0.958
w10s-shp-cur-s72,w10s-shp-cur,72,2706432,0.18,0.72,-1.0,-0.4193,0.0719,0.0002,-0.0191,0.0024,1.0,0.958
w10s-shp-cur-s72,w10s-shp-cur,72,2737152,0.14,0.703,-1.0,-0.5439,0.0713,0.0002,-0.0186,0.0025,1.0,0.958
w10s-shp-cur-s72,w10s-shp-cur,72,2767872,0.27,0.8,-1.0,-0.5146,0.0725,0.0002,-0.0179,0.0026,1.0,0.958
w10s-shp-cur-s72,w10s-shp-cur,72,2798592,0.17,0.709,-1.0,-0.4963,0.0716,0.0002,-0.018,0.0023,1.0,0.958
w10s-shp-cur-s72,w10s-shp-cur,72,2829312,0.18,0.704,-1.0,-0.3384,0.0693,0.0001,-0.0181,0.0024,1.0,0.958
w10s-shp-cur-s72,w10s-shp-cur,72,2860032,0.24,0.766,-1.0,-0.4923,0.0709,0.0001,-0.0177,0.0023,1.0,0.958
w10s-shp-cur-s72,w10s-shp-cur,72,2890752,0.21,0.738,-1.0,-0.5427,0.073,0.0002,-0.0199,0.0024,1.0,0.958
w10s-shp-cur-s72,w10s-shp-cur,72,2921472,0.25,0.776,-1.0,-0.232,0.0718,0.0001,-0.0202,0.0023,1.0,0.957
w10s-shp-cur-s72,w10s-shp-cur,72,2952192,0.3,0.831,-1.0,-0.3596,0.0705,0.0002,-0.0184,0.0026,1.0,0.957
w10s-shp-cur-s72,w10s-shp-cur,72,2982912,0.24,0.812,-1.0,-0.5982,0.0708,0.0001,-0.0197,0.0024,1.0,0.957
w10s-shp-cur-s72,w10s-shp-cur,72,3013632,0.24,0.78,-1.0,-0.46,0.072,0.0002,-0.0193,0.0025,1.0,0.957
w10s-shp-cur-s72,w10s-shp-cur,72,3044352,0.22,0.703,-1.0,-0.334,0.0683,0.0002,-0.0184,0.0024,1.0,0.957
w10s-shp-cur-s72,w10s-shp-cur,72,3075072,0.22,0.765,-1.0,-0.447,0.0683,0.0002,-0.0184,0.0024,1.0,0.957
w10s-shp-cur-s72,w10s-shp-cur,72,3105792,0.33,0.834,-1.0,-0.3816,0.0701,0.0001,-0.0177,0.0023,1.0,0.957
w10s-shp-cur-s72,w10s-shp-cur,72,3136512,0.25,0.773,-1.0,-0.4204,0.0678,0.0002,-0.0187,0.0023,1.0,0.957
w10s-shp-cur-s72,w10s-shp-cur,72,3167232,0.28,0.825,-1.0,-0.1915,0.0679,0.0002,-0.0182,0.0024,1.0,0.957
w10s-shp-cur-s72,w10s-shp-cur,72,3197952,0.29,0.815,-1.0,-0.4177,0.0688,0.0002,-0.0174,0.0022,1.0,0.957
w10s-shp-cur-s72,w10s-shp-cur,72,3228672,0.29,0.807,-1.0,-0.3997,0.0732,0.0001,-0.0185,0.0021,1.0,0.957
w10s-shp-cur-s72,w10s-shp-cur,72,3259392,0.31,0.815,-1.0,-0.5922,0.0732,0.0001,-0.0183,0.0023,1.0,0.956
w10s-shp-cur-s72,w10s-shp-cur,72,3290112,0.28,0.819,-1.0,-0.3466,0.0668,0.0001,-0.0178,0.0022,1.0,0.956
w10s-shp-cur-s72,w10s-shp-cur,72,3320832,0.33,0.823,-1.0,-0.2545,0.0703,0.0002,-0.0196,0.0022,1.0,0.956
w10s-shp-cur-s72,w10s-shp-cur,72,3351552,0.29,0.806,-1.0,-0.5304,0.0736,0.0001,-0.0184,0.0022,1.0,0.956
w10s-shp-cur-s72,w10s-shp-cur,72,3382272,0.34,0.907,-1.0,-0.3515,0.0734,0.0002,-0.0188,0.0022,1.0,0.956
w10s-shp-cur-s72,w10s-shp-cur,72,3412992,0.22,0.773,-1.0,-0.2827,0.0704,0.0001,-0.0204,0.0023,1.0,0.956
w10s-shp-cur-s72,w10s-shp-cur,72,3443712,0.26,0.787,-1.0,-0.2457,0.0701,0.0002,-0.0176,0.0022,1.0,0.956
w10s-shp-cur-s72,w10s-shp-cur,72,3474432,0.36,0.89,-1.0,-0.2255,0.0708,0.0001,-0.0173,0.002,1.0,0.956
w10s-shp-cur-s72,w10s-shp-cur,72,3505152,0.36,0.879,-1.0,-0.0487,0.0708,0.0001,-0.019,0.0022,1.0,0.956
w10s-shp-cur-s72,w10s-shp-cur,72,3535872,0.29,0.82,-1.0,-0.1605,0.0685,0.0002,-0.0188,0.0023,1.0,0.956
w10s-shp-cur-s72,w10s-shp-cur,72,3566592,0.29,0.849,-1.0,-0.1375,0.0678,0.0001,-0.0183,0.0021,1.0,0.956
w10s-shp-cur-s72,w10s-shp-cur,72,3597312,0.36,0.851,-1.0,-0.1046,0.0733,0.0001,-0.0181,0.0023,1.0,0.956
w10s-shp-cur-s72,w10s-shp-cur,72,3628032,0.35,0.906,-1.0,-0.112,0.0712,0.0001,-0.0176,0.002,1.0,0.956
w10s-shp-cur-s72,w10s-shp-cur,72,3658752,0.27,0.81,-1.0,-0.1563,0.0714,0.0001,-0.0187,0.0022,1.0,0.955
w10s-shp-cur-s72,w10s-shp-cur,72,3689472,0.34,0.864,-1.0,-0.0926,0.0685,0.0001,-0.0168,0.0022,1.0,0.955
w10s-shp-cur-s72,w10s-shp-cur,72,3720192,0.29,0.781,-1.0,-0.3978,0.0733,0.0002,-0.0169,0.0022,1.0,0.955
w10s-shp-cur-s72,w10s-shp-cur,72,3750912,0.34,0.86,-1.0,0.1412,0.0694,0.0002,-0.0184,0.0022,1.0,0.955
w10s-shp-cur-s72,w10s-shp-cur,72,3781632,0.36,0.872,-1.0,0.0861,0.0731,0.0001,-0.0191,0.002,1.0,0.955
w10s-shp-cur-s72,w10s-shp-cur,72,3812352,0.4,0.892,-1.0,-0.0703,0.0717,0.0001,-0.0182,0.0019,1.0,0.955
w10s-shp-cur-s72,w10s-shp-cur,72,3843072,0.36,0.894,-1.0,-0.05,0.0709,0.0002,-0.0181,0.0019,1.0,0.955
w10s-shp-cur-s72,w10s-shp-cur,72,3873792,0.39,0.918,-1.0,-0.1513,0.0691,0.0001,-0.0185,0.0019,1.0,0.955
w10s-shp-cur-s72,w10s-shp-cur,72,3904512,0.47,0.997,-1.0,0.1333,0.0722,0.0001,-0.0211,0.0019,1.0,0.955
w10s-shp-cur-s72,w10s-shp-cur,72,3935232,0.32,0.836,-1.0,-0.1583,0.0708,0.0001,-0.0181,0.002,1.0,0.955
w10s-shp-cur-s72,w10s-shp-cur,72,3965952,0.42,0.942,-1.0,0.1784,0.072,0.0001,-0.0192,0.0021,1.0,0.954
w10s-shp-cur-s72,w10s-shp-cur,72,3996672,0.45,0.939,-1.0,0.04,0.0687,0.0001,-0.0173,0.002,1.0,0.954
w10s-shp-cur-s72,w10s-shp-cur,72,4027392,0.5,1.007,-1.0,0.4003,0.0688,0.0001,-0.0179,0.0021,1.0,0.954
w10s-shp-cur-s72,w10s-shp-cur,72,4058112,0.4,0.989,-1.0,-0.0814,0.0703,0.0001,-0.0177,0.002,1.0,0.954
w10s-shp-cur-s72,w10s-shp-cur,72,4088832,0.37,0.92,-1.0,0.3258,0.0682,0.0001,-0.0192,0.0018,1.0,0.954
w10s-shp-cur-s72,w10s-shp-cur,72,4119552,0.44,0.943,-1.0,0.1602,0.0741,0.0001,-0.0191,0.0019,1.0,0.954
w10s-shp-cur-s72,w10s-shp-cur,72,4150272,0.48,0.975,-1.0,0.1998,0.0695,0.0001,-0.0177,0.0019,1.0,0.953
w10s-shp-cur-s72,w10s-shp-cur,72,4180992,0.52,1.021,-1.0,0.0006,0.073,0.0001,-0.0201,0.002,1.0,0.953
w10s-shp-cur-s72,w10s-shp-cur,72,4211712,0.49,0.988,-1.0,0.1028,0.0724,0.0002,-0.0175,0.0018,1.0,0.953
w10s-shp-cur-s72,w10s-shp-cur,72,4242432,0.47,0.937,-1.0,0.1738,0.0732,0.0002,-0.0186,0.0021,1.0,0.953
w10s-shp-cur-s72,w10s-shp-cur,72,4273152,0.53,1.032,-0.988,0.3101,0.0725,0.0001,-0.0179,0.0019,1.0,0.953
w10s-shp-cur-s72,w10s-shp-cur,72,4303872,0.48,1.005,-0.988,0.2384,0.072,0.0001,-0.0174,0.0018,1.0,0.952
w10s-shp-cur-s72,w10s-shp-cur,72,4334592,0.48,0.974,-0.988,0.2099,0.0717,0.0001,-0.0185,0.0019,1.0,0.952
w10s-shp-cur-s72,w10s-shp-cur,72,4365312,0.54,1.049,-0.988,0.1741,0.0708,0.0001,-0.0166,0.0019,1.0,0.952
w10s-shp-cur-s72,w10s-shp-cur,72,4396032,0.49,1.023,-0.988,0.0084,0.0684,0.0001,-0.0181,0.0017,1.0,0.952
w10s-shp-cur-s72,w10s-shp-cur,72,4426752,0.4,0.911,-0.999,0.1044,0.0712,0.0001,-0.0174,0.0018,1.0,0.952
w10s-shp-cur-s72,w10s-shp-cur,72,4457472,0.59,1.097,-0.999,0.1692,0.0702,0.0001,-0.0192,0.0018,1.0,0.951
w10s-shp-cur-s72,w10s-shp-cur,72,4488192,0.53,1.04,-1.0,0.3025,0.0725,0.0001,-0.0197,0.002,1.0,0.951
w10s-shp-cur-s72,w10s-shp-cur,72,4518912,0.47,1.004,-1.0,0.2203,0.0709,0.0001,-0.0189,0.0018,1.0,0.951
w10s-shp-cur-s72,w10s-shp-cur,72,4549632,0.49,0.998,-0.989,0.2358,0.0713,0.0002,-0.0185,0.0019,1.0,0.951
w10s-shp-cur-s72,w10s-shp-cur,72,4580352,0.55,1.026,-0.976,0.1211,0.0695,0.0002,-0.018,0.0018,1.0,0.951
w10s-shp-cur-s72,w10s-shp-cur,72,4611072,0.49,0.994,-0.961,0.573,0.0716,0.0002,-0.0186,0.0018,1.0,0.95
w10s-shp-cur-s72,w10s-shp-cur,72,4641792,0.46,0.988,-0.961,0.1342,0.071,0.0001,-0.0161,0.0017,1.0,0.95
w10s-shp-cur-s72,w10s-shp-cur,72,4672512,0.52,1.031,-0.948,0.5056,0.0718,0.0001,-0.019,0.0017,1.0,0.95
w10s-shp-cur-s72,w10s-shp-cur,72,4703232,0.5,1.016,-0.948,0.2943,0.0703,0.0001,-0.0197,0.0016,1.0,0.95
w10s-shp-cur-s72,w10s-shp-cur,72,4733952,0.55,1.054,-0.936,0.2488,0.0701,0.0001,-0.0197,0.0016,1.0,0.95
w10s-shp-cur-s72,w10s-shp-cur,72,4764672,0.53,1.048,-0.925,0.4719,0.0695,0.0001,-0.0166,0.0019,1.0,0.949
w10s-shp-cur-s72,w10s-shp-cur,72,4795392,0.59,1.07,-0.913,0.2503,0.0697,0.0001,-0.0187,0.0018,1.0,0.949
w10s-shp-cur-s72,w10s-shp-cur,72,4826112,0.55,1.065,-0.902,0.437,0.0701,0.0002,-0.0185,0.0017,1.0,0.949
w10s-shp-cur-s72,w10s-shp-cur,72,4856832,0.53,1.034,-0.874,0.5999,0.0692,0.0002,-0.0169,0.0017,1.0,0.949
w10s-shp-cur-s72,w10s-shp-cur,72,4887552,0.49,0.957,-0.841,0.3197,0.0695,0.0001,-0.0183,0.0016,1.0,0.949
w10s-shp-cur-s72,w10s-shp-cur,72,4918272,0.59,1.092,-0.829,0.3934,0.0716,0.0001,-0.0185,0.0015,1.0,0.949
w10s-shp-cur-s72,w10s-shp-cur,72,4948992,0.53,1.028,-0.815,0.2495,0.0696,0.0002,-0.0183,0.0016,1.0,0.948
w10s-shp-cur-s72,w10s-shp-cur,72,4979712,0.56,1.052,-0.801,0.3738,0.0734,0.0001,-0.0167,0.0015,1.0,0.948
w10s-shp-cur-s72,w10s-shp-cur,72,5010432,0.5,1.011,-0.801,0.2643,0.074,0.0002,-0.0178,0.0016,1.0,0.948
w10s-shp-cur-s72,w10s-shp-cur,72,5041152,0.53,1.039,-0.801,0.3685,0.065,0.0002,-0.0176,0.0017,1.0,0.948
w10s-shp-cur-s72,w10s-shp-cur,72,5071872,0.55,1.037,-0.788,0.3848,0.0676,0.0001,-0.0185,0.0016,1.0,0.948
w10s-shp-cur-s72,w10s-shp-cur,72,5102592,0.56,1.046,-0.788,0.3167,0.0704,0.0002,-0.0173,0.0015,1.0,0.947
w10s-shp-cur-s72,w10s-shp-cur,72,5133312,0.63,1.109,-0.788,0.3042,0.0702,0.0001,-0.0181,0.0015,1.0,0.947
w10s-shp-cur-s72,w10s-shp-cur,72,5164032,0.57,1.042,-0.748,0.3239,0.0713,0.0001,-0.0184,0.0016,1.0,0.947
w10s-shp-cur-s72,w10s-shp-cur,72,5194752,0.64,1.111,-0.748,0.3301,0.0682,0.0002,-0.0188,0.0015,1.0,0.947
w10s-shp-cur-s72,w10s-shp-cur,72,5225472,0.5,1.003,-0.688,0.5864,0.0718,0.0001,-0.02,0.0015,1.0,0.947
w10s-shp-cur-s72,w10s-shp-cur,72,5256192,0.49,0.982,-0.675,0.233,0.07,0.0002,-0.0188,0.0016,1.0,0.946
w10s-shp-cur-s72,w10s-shp-cur,72,5286912,0.61,1.085,-0.648,0.267,0.0713,0.0002,-0.0179,0.0015,1.0,0.946
w10s-shp-cur-s72,w10s-shp-cur,72,5317632,0.59,1.058,-0.624,0.4389,0.0694,0.0002,-0.0187,0.0015,1.0,0.946
w10s-shp-cur-s72,w10s-shp-cur,72,5348352,0.59,1.053,-0.624,0.2843,0.0727,0.0001,-0.0181,0.0014,1.0,0.946
w10s-shp-cur-s72,w10s-shp-cur,72,5379072,0.58,1.062,-0.622,-0.0004,0.0751,0.0002,-0.0198,0.0015,1.0,0.946
w10s-shp-cur-s72,w10s-shp-cur,72,5409792,0.48,0.982,-0.622,0.1632,0.0704,0.0002,-0.0179,0.0014,1.0,0.946
w10s-shp-cur-s72,w10s-shp-cur,72,5440512,0.44,0.965,-0.609,0.4182,0.0722,0.0001,-0.0161,0.0015,1.0,0.945
w10s-shp-cur-s72,w10s-shp-cur,72,5471232,0.47,0.966,-0.583,0.2626,0.0681,0.0002,-0.0184,0.0014,1.0,0.945
w10s-shp-cur-s72,w10s-shp-cur,72,5501952,0.63,1.097,-0.568,0.313,0.0671,0.0002,-0.018,0.0015,1.0,0.945
w10s-shp-cur-s72,w10s-shp-cur,72,5532672,0.61,1.016,-0.544,0.2229,0.068,0.0002,-0.0179,0.0015,1.0,0.945
w10s-shp-cur-s72,w10s-shp-cur,72,5563392,0.6,1.085,-0.521,0.2148,0.0667,0.0002,-0.0172,0.0015,1.0,0.945
w10s-shp-cur-s72,w10s-shp-cur,72,5594112,0.58,1.035,-0.521,0.3687,0.0708,0.0002,-0.0182,0.0013,1.0,0.945
w10s-shp-cur-s72,w10s-shp-cur,72,5624832,0.53,0.997,-0.493,0.2076,0.0715,0.0002,-0.0176,0.0012,1.0,0.944
w10s-shp-cur-s72,w10s-shp-cur,72,5655552,0.6,1.041,-0.493,0.1904,0.0702,0.0002,-0.0194,0.0013,1.0,0.944
w10s-shp-cur-s72,w10s-shp-cur,72,5686272,0.56,1.034,-0.48,0.214,0.07,0.0002,-0.0191,0.0013,1.0,0.944
w10s-shp-cur-s72,w10s-shp-cur,72,5716992,0.59,1.059,-0.428,0.4783,0.0719,0.0002,-0.018,0.0013,1.0,0.944
w10s-shp-cur-s72,w10s-shp-cur,72,5747712,0.53,1.012,-0.402,0.3664,0.0713,0.0002,-0.0175,0.0014,1.0,0.944
w10s-shp-cur-s72,w10s-shp-cur,72,5778432,0.48,0.954,-0.39,0.4308,0.072,0.0002,-0.0185,0.0013,1.0,0.944
w10s-shp-cur-s72,w10s-shp-cur,72,5809152,0.54,0.998,-0.379,0.2795,0.0684,0.0002,-0.0186,0.0013,1.0,0.943
w10s-shp-cur-s72,w10s-shp-cur,72,5839872,0.61,1.078,-0.379,0.1661,0.0699,0.0002,-0.0177,0.0013,1.0,0.943
w10s-shp-cur-s72,w10s-shp-cur,72,5870592,0.55,1.001,-0.353,0.2813,0.0687,0.0002,-0.0189,0.0013,1.0,0.943
w10s-shp-cur-s72,w10s-shp-cur,72,5901312,0.53,1.036,-0.314,0.0708,0.0752,0.0002,-0.0179,0.0013,1.0,0.943
w10s-shp-cur-s72,w10s-shp-cur,72,5932032,0.61,1.047,-0.28,0.4287,0.0697,0.0002,-0.0185,0.0013,1.0,0.943
w10s-shp-cur-s72,w10s-shp-cur,72,5962752,0.51,0.973,-0.244,0.2825,0.0693,0.0002,-0.0189,0.0013,1.0,0.943
w10s-shp-cur-s72,w10s-shp-cur,72,5993472,0.52,0.989,-0.233,0.2749,0.0712,0.0002,-0.0185,0.0014,1.0,0.942
w10s-shp-cur-s72,w10s-shp-cur,72,6024192,0.56,1.013,-0.2,0.4009,0.07,0.0002,-0.0192,0.0012,1.0,0.942
w10s-shp-cur-s72,w10s-shp-cur,72,6054912,0.57,0.998,-0.186,0.3104,0.0709,0.0002,-0.018,0.0012,1.0,0.942
w10s-shp-cur-s72,w10s-shp-cur,72,6085632,0.53,0.999,-0.175,0.1423,0.072,0.0002,-0.0178,0.0013,1.0,0.942
w10s-shp-cur-s72,w10s-shp-cur,72,6116352,0.54,0.97,-0.163,0.3779,0.0718,0.0002,-0.0177,0.0013,1.0,0.942
w10s-shp-cur-s72,w10s-shp-cur,72,6147072,0.55,0.992,-0.137,0.3839,0.0702,0.0002,-0.0175,0.0012,1.0,0.941
w10s-shp-cur-s72,w10s-shp-cur,72,6177792,0.6,1.025,-0.126,0.2208,0.0714,0.0002,-0.0193,0.0012,1.0,0.941
w10s-shp-cur-s72,w10s-shp-cur,72,6208512,0.56,0.999,-0.115,0.3302,0.0685,0.0002,-0.0173,0.0011,1.0,0.941
w10s-shp-cur-s72,w10s-shp-cur,72,6239232,0.59,1.012,-0.077,0.4,0.0734,0.0002,-0.0194,0.0012,1.0,0.941
w10s-shp-cur-s72,w10s-shp-cur,72,6269952,0.59,1.037,-0.06,0.3175,0.0724,0.0002,-0.0183,0.0011,1.0,0.941
w10s-shp-cur-s72,w10s-shp-cur,72,6300672,0.53,0.978,-0.049,0.3995,0.0704,0.0002,-0.0191,0.0012,1.0,0.941
w10s-shp-cur-s72,w10s-shp-cur,72,6331392,0.49,0.945,-0.013,0.287,0.0695,0.0002,-0.017,0.0012,1.0,0.94
w10s-shp-cur-s72,w10s-shp-cur,72,6362112,0.61,1.038,0.0,0.3473,0.0686,0.0002,-0.0174,0.0012,1.0,0.94
w10s-shp-cur-s72,w10s-shp-cur,72,6392832,0.52,0.949,0.0,0.1625,0.0704,0.0002,-0.0172,0.0011,1.0,0.94
w10s-shp-cur-s72,w10s-shp-cur,72,6423552,0.59,1.017,0.0,0.3094,0.0698,0.0002,-0.0187,0.0013,1.0,0.94
w10s-shp-cur-s72,w10s-shp-cur,72,6454272,0.63,1.038,0.0,0.3066,0.0721,0.0002,-0.0176,0.0013,1.0,0.94
w10s-shp-cur-s72,w10s-shp-cur,72,6484992,0.63,1.057,0.0,0.4159,0.0673,0.0002,-0.0179,0.0013,1.0,0.94
w10s-shp-cur-s72,w10s-shp-cur,72,6515712,0.51,0.997,0.0,0.4206,0.0661,0.0002,-0.0192,0.0012,1.0,0.94
w10s-shp-cur-s72,w10s-shp-cur,72,6546432,0.58,1.005,0.0,0.1491,0.0708,0.0002,-0.0169,0.0011,1.0,0.939
w10s-shp-cur-s72,w10s-shp-cur,72,6577152,0.57,0.989,0.0,0.3386,0.0689,0.0002,-0.0183,0.0012,1.0,0.939
w10s-shp-cur-s72,w10s-shp-cur,72,6607872,0.61,1.045,0.0,0.4107,0.0674,0.0002,-0.0174,0.0011,1.0,0.939
w10s-shp-cur-s72,w10s-shp-cur,72,6638592,0.64,1.068,0.0,0.4813,0.0703,0.0002,-0.0166,0.0011,1.0,0.939
w10s-shp-cur-s72,w10s-shp-cur,72,6669312,0.61,1.027,0.0,0.4369,0.0691,0.0002,-0.0175,0.0012,1.0,0.939
w10s-shp-cur-s72,w10s-shp-cur,72,6700032,0.53,0.975,0.0,0.4996,0.0691,0.0002,-0.0172,0.0012,1.0,0.939
w10s-shp-cur-s72,w10s-shp-cur,72,6730752,0.52,0.96,0.0,0.3349,0.0695,0.0002,-0.0191,0.0012,1.0,0.939
w10s-shp-cur-s72,w10s-shp-cur,72,6761472,0.66,1.103,0.0,0.2425,0.0716,0.0002,-0.0173,0.0011,1.0,0.938
w10s-shp-cur-s72,w10s-shp-cur,72,6792192,0.56,1.021,0.0,0.4498,0.0696,0.0002,-0.0184,0.0011,1.0,0.938
w10s-shp-cur-s72,w10s-shp-cur,72,6822912,0.64,1.066,0.0,0.3138,0.0692,0.0002,-0.0183,0.0011,1.0,0.938
w10s-shp-cur-s72,w10s-shp-cur,72,6853632,0.6,0.998,0.0,0.2765,0.068,0.0002,-0.0183,0.0012,1.0,0.938
w10s-shp-cur-s72,w10s-shp-cur,72,6884352,0.59,1.001,0.0,0.4789,0.07,0.0002,-0.0189,0.0012,1.0,0.938
w10s-shp-cur-s72,w10s-shp-cur,72,6915072,0.63,1.034,0.0,0.3045,0.0711,0.0002,-0.018,0.0012,1.0,0.938
w10s-shp-cur-s72,w10s-shp-cur,72,6945792,0.59,1.017,0.0,0.5632,0.0691,0.0002,-0.016,0.0011,1.0,0.938
w10s-shp-cur-s72,w10s-shp-cur,72,6976512,0.59,1.028,0.0,0.3461,0.0668,0.0002,-0.0187,0.0011,1.0,0.937
w10s-shp-cur-s72,w10s-shp-cur,72,7007232,0.71,1.146,0.0,0.6336,0.0718,0.0002,-0.0181,0.0011,1.0,0.937
w10s-shp-cur-s72,w10s-shp-cur,72,7037952,0.61,1.063,0.0,0.2751,0.0721,0.0002,-0.0186,0.0012,1.0,0.937
w10s-shp-cur-s72,w10s-shp-cur,72,7068672,0.65,1.048,0.0,0.3874,0.0707,0.0002,-0.0183,0.0011,1.0,0.937
w10s-shp-cur-s72,w10s-shp-cur,72,7099392,0.61,1.015,0.0,0.6017,0.0692,0.0002,-0.0171,0.0011,1.0,0.937
w10s-shp-cur-s72,w10s-shp-cur,72,7130112,0.61,1.057,0.0,0.4371,0.0734,0.0002,-0.0162,0.0012,1.0,0.937
w10s-shp-cur-s72,w10s-shp-cur,72,7160832,0.57,0.991,0.0,0.3341,0.0705,0.0002,-0.0159,0.0012,1.0,0.937
w10s-shp-cur-s72,w10s-shp-cur,72,7191552,0.6,1.026,0.0,0.2977,0.0719,0.0002,-0.0186,0.0012,1.0,0.937
w10s-shp-cur-s72,w10s-shp-cur,72,7222272,0.63,1.033,0.0,0.6159,0.069,0.0002,-0.0182,0.0013,1.0,0.936
w10s-shp-cur-s72,w10s-shp-cur,72,7252992,0.58,1.03,0.0,0.7504,0.0705,0.0002,-0.017,0.0012,1.0,0.936
w10s-shp-cur-s72,w10s-shp-cur,72,7283712,0.67,1.056,0.0,0.6166,0.0698,0.0002,-0.0174,0.0012,1.0,0.936
w10s-shp-cur-s72,w10s-shp-cur,72,7314432,0.62,1.037,0.0,0.5264,0.0697,0.0002,-0.0177,0.0013,1.0,0.936
w10s-shp-cur-s72,w10s-shp-cur,72,7345152,0.57,1.023,0.0,0.41,0.0712,0.0002,-0.0179,0.0012,1.0,0.936
w10s-shp-cur-s72,w10s-shp-cur,72,7375872,0.71,1.145,0.0,0.2766,0.0696,0.0002,-0.0178,0.0011,1.0,0.936
w10s-shp-cur-s72,w10s-shp-cur,72,7406592,0.67,1.072,0.0,0.3935,0.0725,0.0002,-0.0198,0.0012,1.0,0.936
w10s-shp-cur-s72,w10s-shp-cur,72,7437312,0.68,1.087,0.0,0.5703,0.0707,0.0002,-0.0209,0.0012,1.0,0.936
w10s-shp-cur-s72,w10s-shp-cur,72,7468032,0.72,1.124,0.0,0.4196,0.0658,0.0002,-0.0176,0.0011,1.0,0.935
w10s-shp-cur-s72,w10s-shp-cur,72,7498752,0.72,1.178,0.0,0.5717,0.0697,0.0002,-0.0173,0.0011,1.0,0.935
w10s-shp-cur-s72,w10s-shp-cur,72,7529472,0.7,1.096,0.0,0.5258,0.0701,0.0002,-0.018,0.0012,1.0,0.935
w10s-shp-cur-s72,w10s-shp-cur,72,7560192,0.68,1.066,0.0,0.4533,0.0701,0.0002,-0.0185,0.0012,1.0,0.935
w10s-shp-cur-s72,w10s-shp-cur,72,7590912,0.72,1.115,0.0,0.6568,0.0725,0.0002,-0.0188,0.0012,1.0,0.935
w10s-shp-cur-s72,w10s-shp-cur,72,7621632,0.65,1.088,0.0,0.6276,0.0713,0.0002,-0.0185,0.0013,1.0,0.935
w10s-shp-cur-s72,w10s-shp-cur,72,7652352,0.63,1.049,0.0,0.6267,0.0676,0.0002,-0.0176,0.0011,1.0,0.935
w10s-shp-cur-s72,w10s-shp-cur,72,7683072,0.7,1.116,0.0,0.4774,0.0694,0.0002,-0.0173,0.0012,1.0,0.934
w10s-shp-cur-s72,w10s-shp-cur,72,7713792,0.68,1.106,0.0,0.1805,0.0698,0.0002,-0.0183,0.0011,1.0,0.934
w10s-shp-cur-s72,w10s-shp-cur,72,7744512,0.71,1.124,0.0,0.5522,0.071,0.0002,-0.0194,0.0012,1.0,0.934
w10s-shp-cur-s72,w10s-shp-cur,72,7775232,0.77,1.187,0.0,0.649,0.0684,0.0002,-0.0166,0.0012,1.0,0.934
w10s-shp-cur-s72,w10s-shp-cur,72,7805952,0.66,1.066,0.0,0.7784,0.0697,0.0002,-0.0182,0.0012,1.0,0.934
w10s-shp-cur-s72,w10s-shp-cur,72,7836672,0.64,1.078,0.0,0.4198,0.0733,0.0002,-0.0184,0.0012,1.0,0.934
w10s-shp-cur-s72,w10s-shp-cur,72,7867392,0.66,1.029,0.0,0.6188,0.0715,0.0002,-0.0186,0.0012,1.0,0.934
w10s-shp-cur-s72,w10s-shp-cur,72,7898112,0.67,1.111,0.0,0.5556,0.0733,0.0002,-0.0175,0.0011,1.0,0.934
w10s-shp-cur-s72,w10s-shp-cur,72,7928832,0.67,1.076,0.0,0.3535,0.0692,0.0002,-0.0178,0.0011,1.0,0.933
w10s-shp-cur-s72,w10s-shp-cur,72,7959552,0.6,1.026,0.0,0.5382,0.0701,0.0002,-0.0177,0.0011,1.0,0.933
w10s-shp-cur-s72,w10s-shp-cur,72,7990272,0.61,1.036,0.0,0.645,0.0732,0.0002,-0.0198,0.0012,1.0,0.933
w10s-shp-cur-s72,w10s-shp-cur,72,8020992,0.69,1.084,0.0,0.7222,0.071,0.0002,-0.0185,0.0011,1.0,0.933
w10s-shp-cur-s72,w10s-shp-cur,72,8051712,0.71,1.126,0.0,0.6663,0.0735,0.0002,-0.0194,0.0012,1.0,0.933
w10s-shp-cur-s72,w10s-shp-cur,72,8082432,0.64,1.06,0.0,0.6893,0.0698,0.0002,-0.018,0.0012,1.0,0.933
w10s-shp-cur-s72,w10s-shp-cur,72,8113152,0.72,1.128,0.0,0.3922,0.0736,0.0002,-0.019,0.0012,1.0,0.933
w10s-shp-cur-s72,w10s-shp-cur,72,8143872,0.63,1.042,0.0,0.4375,0.0728,0.0002,-0.0193,0.0011,1.0,0.933
w10s-shp-cur-s72,w10s-shp-cur,72,8174592,0.68,1.102,0.0,0.6235,0.0693,0.0002,-0.0196,0.0011,1.0,0.933
w10s-shp-cur-s72,w10s-shp-cur,72,8205312,0.7,1.105,0.0,0.5778,0.071,0.0002,-0.0198,0.0011,1.0,0.932
w10s-shp-cur-s72,w10s-shp-cur,72,8236032,0.7,1.115,0.0,0.4911,0.0686,0.0002,-0.0188,0.001,1.0,0.932
w10s-shp-cur-s72,w10s-shp-cur,72,8266752,0.76,1.158,0.0,0.754,0.0677,0.0002,-0.0185,0.0011,1.0,0.932
w10s-shp-cur-s72,w10s-shp-cur,72,8297472,0.7,1.113,0.0,0.6777,0.0707,0.0002,-0.0168,0.001,1.0,0.932
w10s-shp-cur-s72,w10s-shp-cur,72,8328192,0.68,1.097,0.0,0.4795,0.0688,0.0002,-0.0178,0.001,1.0,0.932
w10s-shp-cur-s72,w10s-shp-cur,72,8358912,0.72,1.116,0.0,0.6329,0.0703,0.0002,-0.0174,0.0011,1.0,0.932
w10s-shp-cur-s72,w10s-shp-cur,72,8389632,0.74,1.134,0.0,0.5284,0.0704,0.0002,-0.0188,0.0011,1.0,0.932
w10s-shp-cur-s72,w10s-shp-cur,72,8420352,0.72,1.092,0.0,0.6953,0.0707,0.0002,-0.018,0.0012,1.0,0.932
w10s-shp-cur-s72,w10s-shp-cur,72,8451072,0.7,1.131,0.0,0.7836,0.0703,0.0002,-0.0185,0.0012,1.0,0.931
w10s-shp-cur-s72,w10s-shp-cur,72,8481792,0.73,1.178,0.0,0.6438,0.0723,0.0002,-0.0188,0.0011,1.0,0.931
w10s-shp-cur-s72,w10s-shp-cur,72,8512512,0.78,1.173,0.0,0.6812,0.0691,0.0002,-0.018,0.0011,1.0,0.931
w10s-shp-cur-s72,w10s-shp-cur,72,8543232,0.69,1.121,0.0,0.5455,0.0698,0.0002,-0.017,0.0011,1.0,0.931
w10s-shp-cur-s72,w10s-shp-cur,72,8573952,0.66,1.071,0.0,0.7273,0.0738,0.0002,-0.0187,0.0011,1.0,0.931
w10s-shp-cur-s72,w10s-shp-cur,72,8604672,0.66,1.063,0.0,0.8202,0.0671,0.0002,-0.0175,0.0011,1.0,0.931
w10s-shp-cur-s72,w10s-shp-cur,72,8635392,0.69,1.104,0.0,0.8754,0.0708,0.0002,-0.0197,0.0013,1.0,0.931
w10s-shp-cur-s72,w10s-shp-cur,72,8666112,0.74,1.132,0.0,0.6406,0.0703,0.0002,-0.0169,0.0011,1.0,0.931
w10s-shp-cur-s72,w10s-shp-cur,72,8696832,0.64,1.074,0.0,0.7721,0.0685,0.0002,-0.0183,0.0011,1.0,0.93
w10s-shp-cur-s72,w10s-shp-cur,72,8727552,0.73,1.155,0.0,0.5962,0.0728,0.0002,-0.0185,0.0012,1.0,0.93
w10s-shp-cur-s72,w10s-shp-cur,72,8758272,0.61,1.063,0.0,0.8062,0.0708,0.0002,-0.0188,0.001,1.0,0.93
w10s-shp-cur-s72,w10s-shp-cur,72,8788992,0.71,1.142,0.0,0.8427,0.0708,0.0002,-0.0183,0.0011,1.0,0.93
w10s-shp-cur-s72,w10s-shp-cur,72,8819712,0.67,1.106,0.0,0.4747,0.0708,0.0002,-0.0172,0.0011,1.0,0.93
w10s-shp-cur-s72,w10s-shp-cur,72,8850432,0.71,1.112,0.0,0.5723,0.0725,0.0002,-0.019,0.0011,1.0,0.93
w10s-shp-cur-s72,w10s-shp-cur,72,8881152,0.71,1.111,0.0,0.6378,0.0711,0.0002,-0.0181,0.0011,1.0,0.93
w10s-shp-cur-s72,w10s-shp-cur,72,8911872,0.7,1.11,0.0,0.7574,0.0657,0.0002,-0.0175,0.0011,1.0,0.93
w10s-shp-cur-s72,w10s-shp-cur,72,8942592,0.72,1.106,0.0,0.6917,0.0684,0.0001,-0.0175,0.001,1.0,0.93
w10s-shp-cur-s72,w10s-shp-cur,72,8973312,0.81,1.204,0.0,0.7747,0.0727,0.0002,-0.0186,0.0011,1.0,0.929
w10s-shp-cur-s72,w10s-shp-cur,72,9004032,0.73,1.125,0.0,0.4664,0.0719,0.0002,-0.0168,0.0011,1.0,0.929
w10s-shp-cur-s72,w10s-shp-cur,72,9034752,0.74,1.141,0.0,0.599,0.0694,0.0002,-0.0173,0.001,1.0,0.929
w10s-shp-cur-s72,w10s-shp-cur,72,9065472,0.76,1.161,0.0,0.8371,0.0724,0.0002,-0.018,0.0011,1.0,0.929
w10s-shp-cur-s72,w10s-shp-cur,72,9096192,0.72,1.165,0.0,0.5029,0.0704,0.0002,-0.0172,0.0011,1.0,0.929
w10s-shp-cur-s72,w10s-shp-cur,72,9126912,0.74,1.154,0.0,0.8313,0.0706,0.0002,-0.0184,0.0011,1.0,0.929
w10s-shp-cur-s72,w10s-shp-cur,72,9157632,0.62,1.031,0.0,0.4683,0.0707,0.0002,-0.0181,0.0009,1.0,0.929
w10s-shp-cur-s72,w10s-shp-cur,72,9188352,0.7,1.125,0.0,0.6526,0.0689,0.0002,-0.0189,0.001,1.0,0.929
w10s-shp-cur-s72,w10s-shp-cur,72,9219072,0.75,1.162,0.0,0.6698,0.07,0.0002,-0.0184,0.001,1.0,0.928
w10s-shp-cur-s72,w10s-shp-cur,72,9249792,0.68,1.105,0.0,0.6421,0.0689,0.0002,-0.019,0.001,1.0,0.928
w10s-shp-cur-s72,w10s-shp-cur,72,9280512,0.76,1.162,0.0,0.6589,0.0707,0.0002,-0.0179,0.001,1.0,0.928
w10s-shp-cur-s72,w10s-shp-cur,72,9311232,0.75,1.17,0.0,0.6056,0.0713,0.0002,-0.0184,0.0011,1.0,0.928
w10s-shp-cur-s72,w10s-shp-cur,72,9341952,0.75,1.149,0.0,0.662,0.0741,0.0002,-0.019,0.0012,1.0,0.928
w10s-shp-cur-s72,w10s-shp-cur,72,9372672,0.68,1.137,0.0,0.7069,0.0723,0.0002,-0.0198,0.0011,1.0,0.928
w10s-shp-cur-s72,w10s-shp-cur,72,9403392,0.75,1.126,0.0,0.6479,0.0658,0.0002,-0.018,0.0011,1.0,0.928
w10s-shp-cur-s72,w10s-shp-cur,72,9434112,0.66,1.099,0.0,0.5962,0.0715,0.0002,-0.0193,0.001,1.0,0.928
w10s-shp-cur-s72,w10s-shp-cur,72,9464832,0.74,1.145,0.0,0.6312,0.0716,0.0002,-0.0168,0.0009,1.0,0.927
w10s-shp-cur-s72,w10s-shp-cur,72,9495552,0.77,1.178,0.0,0.8219,0.0669,0.0002,-0.0182,0.001,1.0,0.927
w10s-shp-cur-s72,w10s-shp-cur,72,9526272,0.82,1.203,0.0,0.5956,0.0712,0.0002,-0.0177,0.001,1.0,0.927
w10s-shp-cur-s72,w10s-shp-cur,72,9556992,0.78,1.19,0.0,0.7284,0.0729,0.0002,-0.0195,0.0011,1.0,0.927
w10s-shp-cur-s72,w10s-shp-cur,72,9587712,0.69,1.137,0.0,0.7309,0.0691,0.0002,-0.0174,0.001,1.0,0.927
w10s-shp-cur-s72,w10s-shp-cur,72,9618432,0.74,1.158,0.0,0.9343,0.0697,0.0002,-0.0174,0.001,1.0,0.927
w10s-shp-cur-s72,w10s-shp-cur,72,9649152,0.72,1.126,0.0,0.9542,0.0696,0.0002,-0.0176,0.001,1.0,0.927
w10s-shp-cur-s72,w10s-shp-cur,72,9679872,0.79,1.186,0.0,1.0211,0.0719,0.0002,-0.0175,0.0011,1.0,0.927
w10s-shp-cur-s72,w10s-shp-cur,72,9710592,0.75,1.185,0.0,0.7532,0.069,0.0002,-0.0173,0.001,1.0,0.926
w10s-shp-cur-s72,w10s-shp-cur,72,9741312,0.75,1.158,0.0,0.6788,0.0691,0.0002,-0.0166,0.001,1.0,0.926
w10s-shp-cur-s72,w10s-shp-cur,72,9772032,0.74,1.159,0.0,0.7312,0.0705,0.0002,-0.0177,0.001,1.0,0.926
w10s-shp-cur-s72,w10s-shp-cur,72,9802752,0.7,1.122,0.0,0.647,0.0737,0.0002,-0.0176,0.0011,1.0,0.926
w10s-shp-cur-s72,w10s-shp-cur,72,9833472,0.85,1.254,0.0,0.7199,0.0694,0.0002,-0.0183,0.0011,1.0,0.926
w10s-shp-cur-s72,w10s-shp-cur,72,9864192,0.75,1.137,0.0,0.742,0.0708,0.0002,-0.0186,0.0011,1.0,0.926
w10s-shp-cur-s72,w10s-shp-cur,72,9894912,0.76,1.176,0.0,0.6549,0.0721,0.0002,-0.0166,0.0009,1.0,0.926
w10s-shp-cur-s72,w10s-shp-cur,72,9925632,0.65,1.089,0.0,0.6789,0.068,0.0002,-0.019,0.001,1.0,0.926
w10s-shp-cur-s72,w10s-shp-cur,72,9956352,0.79,1.183,0.0,0.8366,0.0712,0.0002,-0.018,0.001,1.0,0.926
w10s-shp-cur-s72,w10s-shp-cur,72,9987072,0.7,1.105,0.0,0.7223,0.0708,0.0002,-0.0184,0.0009,1.0,0.925
w10s-shp-cur-s72,w10s-shp-cur,72,10017792,0.68,1.103,0.0,0.7957,0.07,0.0002,-0.0188,0.001,1.0,0.925
w10s-shp-cur-s72,w10s-shp-cur,72,10048512,0.7,1.139,0.0,0.6752,0.0727,0.0002,-0.0174,0.001,1.0,0.925
w10s-shp-cur-s72,w10s-shp-cur,72,10079232,0.71,1.097,0.0,0.7095,0.0733,0.0002,-0.0191,0.001,1.0,0.925
w10s-shp-cur-s72,w10s-shp-cur,72,10109952,0.77,1.186,0.0,0.6871,0.0719,0.0002,-0.0167,0.001,1.0,0.925
w10s-shp-cur-s72,w10s-shp-cur,72,10140672,0.75,1.15,0.0,0.7766,0.0717,0.0002,-0.0182,0.0011,1.0,0.925
w10s-shp-cur-s72,w10s-shp-cur,72,10171392,0.76,1.193,0.0,0.7169,0.0696,0.0002,-0.0179,0.001,1.0,0.925
w10s-shp-cur-s72,w10s-shp-cur,72,10202112,0.79,1.164,0.0,0.6293,0.0716,0.0002,-0.0199,0.001,1.0,0.925
w10s-shp-cur-s72,w10s-shp-cur,72,10232832,0.78,1.183,0.0,0.7478,0.0692,0.0002,-0.0169,0.001,1.0,0.924
w10s-shp-cur-s72,w10s-shp-cur,72,10263552,0.78,1.171,0.0,0.694,0.0709,0.0002,-0.0184,0.001,1.0,0.924
w10s-shp-cur-s72,w10s-shp-cur,72,10294272,0.84,1.258,0.0,0.6755,0.0657,0.0002,-0.0195,0.0009,1.0,0.924
w10s-shp-cur-s72,w10s-shp-cur,72,10324992,0.69,1.126,0.0,0.6981,0.0696,0.0002,-0.0184,0.0011,1.0,0.924
w10s-shp-cur-s72,w10s-shp-cur,72,10355712,0.87,1.304,0.0,0.745,0.0698,0.0002,-0.0171,0.001,1.0,0.924
w10s-shp-cur-s72,w10s-shp-cur,72,10386432,0.79,1.183,0.0,0.7594,0.0726,0.0002,-0.0174,0.001,1.0,0.924
w10s-shp-cur-s72,w10s-shp-cur,72,10417152,0.8,1.168,0.0,0.6383,0.0715,0.0002,-0.0196,0.001,1.0,0.924
w10s-shp-cur-s72,w10s-shp-cur,72,10447872,0.77,1.163,0.0,0.9173,0.0709,0.0002,-0.0178,0.001,1.0,0.924
w10s-shp-cur-s72,w10s-shp-cur,72,10478592,0.77,1.155,0.0,0.6748,0.0701,0.0002,-0.0176,0.001,1.0,0.924
w10s-shp-cur-s72,w10s-shp-cur,72,10509312,0.72,1.154,0.0,0.8042,0.072,0.0002,-0.0175,0.001,1.0,0.924
w10s-shp-cur-s72,w10s-shp-cur,72,10540032,0.76,1.162,0.0,0.5695,0.0713,0.0002,-0.0175,0.001,1.0,0.923
w10s-shp-cur-s72,w10s-shp-cur,72,10570752,0.82,1.232,0.0,0.6546,0.0731,0.0002,-0.0181,0.001,1.0,0.923
w10s-shp-cur-s72,w10s-shp-cur,72,10601472,0.78,1.18,0.0,0.7511,0.0733,0.0002,-0.0188,0.0011,1.0,0.923
w10s-shp-cur-s72,w10s-shp-cur,72,10632192,0.77,1.197,0.0,0.9336,0.0696,0.0002,-0.0187,0.0011,1.0,0.923
w10s-shp-cur-s72,w10s-shp-cur,72,10662912,0.76,1.166,0.0,0.683,0.0702,0.0002,-0.0173,0.0009,1.0,0.923
w10s-shp-cur-s72,w10s-shp-cur,72,10693632,0.8,1.23,0.0,0.7475,0.0685,0.0002,-0.0179,0.001,1.0,0.923
w10s-shp-cur-s72,w10s-shp-cur,72,10724352,0.73,1.138,0.0,0.7166,0.0673,0.0002,-0.0184,0.001,1.0,0.923
w10s-shp-cur-s72,w10s-shp-cur,72,10755072,0.73,1.14,0.0,0.6935,0.0696,0.0002,-0.019,0.0009,1.0,0.923
w10s-shp-cur-s72,w10s-shp-cur,72,10785792,0.84,1.25,0.0,0.9435,0.0706,0.0002,-0.0164,0.001,1.0,0.923
w10s-shp-cur-s72,w10s-shp-cur,72,10816512,0.75,1.174,0.0,0.814,0.0677,0.0002,-0.0181,0.001,1.0,0.923
w10s-shp-cur-s72,w10s-shp-cur,72,10847232,0.75,1.142,0.0,0.7521,0.0692,0.0002,-0.0184,0.001,1.0,0.922
w10s-shp-cur-s72,w10s-shp-cur,72,10877952,0.74,1.184,0.0,0.7901,0.0667,0.0002,-0.0177,0.0011,1.0,0.922
w10s-shp-cur-s72,w10s-shp-cur,72,10908672,0.74,1.15,0.0,0.7652,0.0709,0.0002,-0.0182,0.001,1.0,0.922
w10s-shp-cur-s72,w10s-shp-cur,72,10939392,0.71,1.153,0.0,0.7773,0.0722,0.0002,-0.0183,0.001,1.0,0.922
w10s-shp-cur-s72,w10s-shp-cur,72,10970112,0.74,1.169,0.0,0.7093,0.0683,0.0002,-0.0173,0.0009,1.0,0.922
w10s-shp-cur-s72,w10s-shp-cur,72,11000832,0.79,1.211,0.0,0.8045,0.0722,0.0002,-0.0181,0.0009,1.0,0.922
w10s-shp-cur-s72,w10s-shp-cur,72,11031552,0.85,1.245,0.0,0.8463,0.0718,0.0002,-0.0186,0.001,1.0,0.922
w10s-shp-cur-s72,w10s-shp-cur,72,11062272,0.69,1.118,0.0,0.7939,0.0698,0.0002,-0.0177,0.001,1.0,0.922
w10s-shp-cur-s72,w10s-shp-cur,72,11092992,0.65,1.111,0.0,0.6074,0.0685,0.0002,-0.0178,0.001,1.0,0.922
w10s-shp-cur-s72,w10s-shp-cur,72,11123712,0.79,1.209,0.0,0.8787,0.0722,0.0002,-0.019,0.0011,1.0,0.922
w10s-shp-cur-s72,w10s-shp-cur,72,11154432,0.83,1.251,0.0,0.8419,0.0683,0.0002,-0.0195,0.001,1.0,0.921
w10s-shp-cur-s72,w10s-shp-cur,72,11185152,0.73,1.185,0.0,0.6577,0.0701,0.0002,-0.0183,0.001,1.0,0.921
w10s-shp-cur-s72,w10s-shp-cur,72,11215872,0.72,1.154,0.0,0.6796,0.0718,0.0002,-0.0195,0.001,1.0,0.921
w10s-shp-cur-s72,w10s-shp-cur,72,11246592,0.78,1.199,0.0,0.9288,0.071,0.0002,-0.0184,0.001,1.0,0.921
w10s-shp-cur-s72,w10s-shp-cur,72,11277312,0.73,1.133,0.0,0.8938,0.0718,0.0002,-0.0173,0.0011,1.0,0.921
w10s-shp-cur-s72,w10s-shp-cur,72,11308032,0.79,1.209,0.0,0.5843,0.0726,0.0002,-0.0189,0.001,1.0,0.921
w10s-shp-cur-s72,w10s-shp-cur,72,11338752,0.72,1.153,0.0,0.5813,0.0677,0.0002,-0.0175,0.001,1.0,0.921
w10s-shp-cur-s72,w10s-shp-cur,72,11369472,0.78,1.194,0.0,0.7691,0.0715,0.0002,-0.0171,0.0009,1.0,0.921
w10s-shp-cur-s72,w10s-shp-cur,72,11400192,0.79,1.199,0.0,0.7591,0.0723,0.0002,-0.0188,0.001,1.0,0.921
w10s-shp-cur-s72,w10s-shp-cur,72,11430912,0.79,1.191,0.0,0.7404,0.07,0.0002,-0.016,0.001,1.0,0.921
w10s-shp-cur-s72,w10s-shp-cur,72,11461632,0.76,1.157,0.0,0.83,0.0694,0.0002,-0.0185,0.001,1.0,0.921
w10s-shp-cur-s72,w10s-shp-cur,72,11492352,0.79,1.203,0.0,0.8255,0.0709,0.0002,-0.0184,0.001,1.0,0.92
w10s-shp-cur-s72,w10s-shp-cur,72,11523072,0.79,1.193,0.0,0.8199,0.0701,0.0002,-0.0183,0.001,1.0,0.92
w10s-shp-cur-s72,w10s-shp-cur,72,11553792,0.81,1.23,0.0,0.7326,0.0729,0.0002,-0.0183,0.001,1.0,0.92
w10s-shp-cur-s72,w10s-shp-cur,72,11584512,0.77,1.184,0.0,0.6495,0.0715,0.0002,-0.018,0.001,1.0,0.92
w10s-shp-cur-s72,w10s-shp-cur,72,11615232,0.73,1.158,0.0,0.8106,0.0701,0.0002,-0.0176,0.001,1.0,0.92
w10s-shp-cur-s72,w10s-shp-cur,72,11645952,0.84,1.253,0.0,0.856,0.0682,0.0002,-0.019,0.001,1.0,0.92
w10s-shp-cur-s72,w10s-shp-cur,72,11676672,0.74,1.157,0.0,0.9594,0.0664,0.0002,-0.0168,0.001,1.0,0.92
w10s-shp-cur-s72,w10s-shp-cur,72,11707392,0.69,1.119,0.0,1.0299,0.071,0.0002,-0.0193,0.001,1.0,0.92
w10s-shp-cur-s72,w10s-shp-cur,72,11738112,0.79,1.207,0.0,0.9404,0.0663,0.0002,-0.0171,0.001,1.0,0.92
w10s-shp-cur-s72,w10s-shp-cur,72,11768832,0.77,1.184,0.0,0.8803,0.0683,0.0002,-0.0175,0.001,1.0,0.92
w10s-shp-cur-s72,w10s-shp-cur,72,11799552,0.79,1.222,0.0,0.8832,0.0722,0.0002,-0.0181,0.001,1.0,0.92
w10s-shp-cur-s72,w10s-shp-cur,72,11830272,0.85,1.259,0.0,0.8892,0.0692,0.0002,-0.0179,0.001,1.0,0.919
w10s-shp-cur-s72,w10s-shp-cur,72,11860992,0.72,1.159,0.0,0.6354,0.0737,0.0002,-0.0171,0.001,1.0,0.919
w10s-shp-cur-s72,w10s-shp-cur,72,11891712,0.68,1.11,0.0,0.7722,0.07,0.0002,-0.0194,0.0009,1.0,0.919
w10s-shp-cur-s72,w10s-shp-cur,72,11922432,0.84,1.238,0.0,0.6273,0.0693,0.0002,-0.0181,0.0009,1.0,0.919
w10s-shp-cur-s72,w10s-shp-cur,72,11953152,0.73,1.169,0.0,0.8076,0.065,0.0002,-0.0185,0.0009,1.0,0.919
w10s-shp-cur-s72,w10s-shp-cur,72,11983872,0.77,1.206,0.0,0.966,0.0697,0.0002,-0.0187,0.001,1.0,0.919
w10s-shp-cur-s72,w10s-shp-cur,72,12014592,0.82,1.219,0.0,0.7444,0.0717,0.0002,-0.018,0.0009,1.0,0.919
w10s-shp-cur-s72,w10s-shp-cur,72,12045312,0.78,1.194,0.0,0.7122,0.0704,0.0002,-0.0181,0.0009,1.0,0.919
w10s-shp-cur-s72,w10s-shp-cur,72,12076032,0.74,1.173,0.0,0.6809,0.0721,0.0002,-0.0184,0.001,1.0,0.919
w10s-shp-cur-s72,w10s-shp-cur,72,12106752,0.8,1.221,0.0,0.8313,0.068,0.0002,-0.0171,0.001,1.0,0.919
w10s-shp-cur-s72,w10s-shp-cur,72,12137472,0.77,1.228,0.0,0.9044,0.0691,0.0002,-0.0175,0.0009,1.0,0.919
w10s-shp-cur-s72,w10s-shp-cur,72,12168192,0.73,1.122,0.0,1.0054,0.0691,0.0002,-0.0186,0.001,1.0,0.919
w10s-shp-cur-s72,w10s-shp-cur,72,12198912,0.74,1.133,0.0,0.9324,0.0692,0.0002,-0.0195,0.001,1.0,0.918
w10s-shp-cur-s72,w10s-shp-cur,72,12229632,0.76,1.202,0.0,0.8075,0.0717,0.0002,-0.017,0.001,1.0,0.918
w10s-shp-cur-s72,w10s-shp-cur,72,12260352,0.81,1.233,0.0,0.9248,0.0707,0.0002,-0.0189,0.001,1.0,0.918
w10s-shp-cur-s72,w10s-shp-cur,72,12291072,0.71,1.136,0.0,0.8454,0.0673,0.0002,-0.0167,0.0009,1.0,0.918
w10s-shp-cur-s72,w10s-shp-cur,72,12321792,0.74,1.185,0.0,0.9754,0.0715,0.0002,-0.0184,0.0009,1.0,0.918
w10s-shp-cur-s72,w10s-shp-cur,72,12352512,0.78,1.184,0.0,0.7503,0.0735,0.0002,-0.0193,0.001,1.0,0.918
w10s-shp-cur-s72,w10s-shp-cur,72,12383232,0.75,1.172,0.0,0.6838,0.0697,0.0002,-0.0171,0.0009,1.0,0.918
w10s-shp-cur-s72,w10s-shp-cur,72,12413952,0.83,1.22,0.0,0.8322,0.0713,0.0002,-0.0185,0.0009,1.0,0.918
w10s-shp-cur-s72,w10s-shp-cur,72,12444672,0.8,1.211,0.0,0.8942,0.07,0.0002,-0.018,0.001,1.0,0.918
w10s-shp-cur-s72,w10s-shp-cur,72,12475392,0.7,1.118,0.0,0.8675,0.0686,0.0002,-0.0168,0.0009,1.0,0.918
w10s-shp-cur-s72,w10s-shp-cur,72,12506112,0.8,1.207,0.0,0.5527,0.0694,0.0002,-0.0182,0.001,1.0,0.918
w10s-shp-cur-s72,w10s-shp-cur,72,12536832,0.77,1.196,0.0,0.7011,0.0673,0.0002,-0.0176,0.001,1.0,0.918
w10s-shp-cur-s72,w10s-shp-cur,72,12567552,0.76,1.193,0.0,1.017,0.0727,0.0002,-0.0183,0.0009,1.0,0.917
w10s-shp-cur-s72,w10s-shp-cur,72,12598272,0.75,1.206,0.0,1.0077,0.0706,0.0002,-0.0172,0.001,1.0,0.917
w10s-shp-cur-s72,w10s-shp-cur,72,12628992,0.74,1.162,0.0,0.7579,0.0713,0.0002,-0.0187,0.0009,1.0,0.917
w10s-shp-cur-s72,w10s-shp-cur,72,12659712,0.73,1.136,0.0,1.0382,0.0685,0.0002,-0.0179,0.001,1.0,0.917
w10s-shp-cur-s72,w10s-shp-cur,72,12690432,0.87,1.262,0.0,0.9369,0.0708,0.0002,-0.0189,0.001,1.0,0.917
w10s-shp-cur-s72,w10s-shp-cur,72,12721152,0.79,1.211,0.0,0.9691,0.071,0.0002,-0.0173,0.0009,1.0,0.917
w10s-shp-cur-s72,w10s-shp-cur,72,12751872,0.77,1.19,0.0,0.858,0.0689,0.0002,-0.0182,0.0009,1.0,0.917
w10s-shp-cur-s72,w10s-shp-cur,72,12782592,0.83,1.261,0.0,0.8321,0.0727,0.0002,-0.0172,0.001,1.0,0.917
w10s-shp-cur-s72,w10s-shp-cur,72,12813312,0.78,1.183,0.0,0.7971,0.0714,0.0002,-0.0177,0.0009,1.0,0.917
w10s-shp-cur-s72,w10s-shp-cur,72,12844032,0.87,1.272,0.0,0.9245,0.0676,0.0002,-0.0173,0.0009,1.0,0.917
w10s-shp-cur-s72,w10s-shp-cur,72,12874752,0.78,1.185,0.0,0.7974,0.0682,0.0002,-0.0171,0.0009,1.0,0.917
w10s-shp-cur-s72,w10s-shp-cur,72,12905472,0.83,1.23,0.0,0.8552,0.0715,0.0002,-0.0181,0.001,1.0,0.917
w10s-shp-cur-s72,w10s-shp-cur,72,12936192,0.78,1.204,0.0,0.8025,0.0719,0.0002,-0.0178,0.0009,1.0,0.917
w10s-shp-cur-s72,w10s-shp-cur,72,12966912,0.71,1.145,0.0,0.8289,0.0743,0.0002,-0.0179,0.001,1.0,0.916
w10s-shp-cur-s72,w10s-shp-cur,72,12997632,0.84,1.232,0.0,0.9271,0.0724,0.0002,-0.0174,0.0009,1.0,0.916
w10s-shp-cur-s72,w10s-shp-cur,72,13028352,0.73,1.116,0.0,0.7028,0.0724,0.0002,-0.0183,0.0008,1.0,0.916
w10s-shp-cur-s72,w10s-shp-cur,72,13059072,0.71,1.102,0.0,0.8489,0.0713,0.0002,-0.018,0.0009,1.0,0.916
w10s-shp-cur-s72,w10s-shp-cur,72,13089792,0.79,1.22,0.0,1.0374,0.0747,0.0002,-0.0187,0.001,1.0,0.916
w10s-shp-cur-s72,w10s-shp-cur,72,13120512,0.85,1.256,0.0,0.7189,0.0762,0.0002,-0.0184,0.001,1.0,0.916
w10s-shp-cur-s72,w10s-shp-cur,72,13151232,0.84,1.271,0.0,1.0368,0.0692,0.0002,-0.0184,0.001,1.0,0.916
w10s-shp-cur-s72,w10s-shp-cur,72,13181952,0.78,1.202,0.0,0.978,0.0717,0.0002,-0.0177,0.0009,1.0,0.916
w10s-shp-cur-s72,w10s-shp-cur,72,13212672,0.69,1.124,0.0,0.8635,0.0668,0.0002,-0.0176,0.0009,1.0,0.916
w10s-shp-cur-s72,w10s-shp-cur,72,13243392,0.84,1.248,0.0,0.996,0.0723,0.0002,-0.0179,0.0009,1.0,0.916
w10s-shp-cur-s72,w10s-shp-cur,72,13274112,0.82,1.217,0.0,0.8073,0.0724,0.0002,-0.0188,0.001,1.0,0.916
w10s-shp-cur-s72,w10s-shp-cur,72,13304832,0.74,1.152,0.0,0.8203,0.0721,0.0002,-0.0183,0.0009,1.0,0.916
w10s-shp-cur-s72,w10s-shp-cur,72,13335552,0.74,1.168,0.0,0.9521,0.0714,0.0002,-0.0192,0.0009,1.0,0.916
w10s-shp-cur-s72,w10s-shp-cur,72,13366272,0.7,1.144,0.0,0.8434,0.07,0.0002,-0.0184,0.0009,1.0,0.915
w10s-shp-cur-s72,w10s-shp-cur,72,13396992,0.83,1.243,0.0,0.9469,0.0709,0.0002,-0.0177,0.0009,1.0,0.915
w10s-shp-cur-s72,w10s-shp-cur,72,13427712,0.84,1.268,0.0,1.089,0.0698,0.0002,-0.019,0.0009,1.0,0.915
w10s-shp-cur-s72,w10s-shp-cur,72,13458432,0.77,1.187,0.0,0.7832,0.0724,0.0002,-0.0184,0.0009,1.0,0.915
w10s-shp-cur-s72,w10s-shp-cur,72,13489152,0.81,1.209,0.0,0.9574,0.0708,0.0002,-0.0184,0.001,1.0,0.915
w10s-shp-cur-s72,w10s-shp-cur,72,13519872,0.7,1.154,0.0,0.8614,0.0698,0.0002,-0.0194,0.0009,1.0,0.915
w10s-shp-cur-s72,w10s-shp-cur,72,13550592,0.79,1.21,0.0,1.0136,0.0737,0.0002,-0.0169,0.001,1.0,0.915
w10s-shp-cur-s72,w10s-shp-cur,72,13581312,0.81,1.254,0.0,0.9281,0.069,0.0002,-0.0183,0.0008,1.0,0.915
w10s-shp-cur-s72,w10s-shp-cur,72,13612032,0.86,1.246,0.0,0.8592,0.0681,0.0002,-0.0171,0.0009,1.0,0.915
w10s-shp-cur-s72,w10s-shp-cur,72,13642752,0.82,1.254,0.0,1.0198,0.0699,0.0002,-0.0198,0.0009,1.0,0.915
w10s-shp-cur-s72,w10s-shp-cur,72,13673472,0.72,1.107,0.0,0.7623,0.0711,0.0002,-0.0175,0.0009,1.0,0.915
w10s-shp-cur-s72,w10s-shp-cur,72,13704192,0.81,1.249,0.0,0.7537,0.0741,0.0002,-0.0183,0.001,1.0,0.915
w10s-shp-cur-s72,w10s-shp-cur,72,13734912,0.8,1.213,0.0,0.8544,0.0722,0.0002,-0.0188,0.0009,1.0,0.915
w10s-shp-cur-s72,w10s-shp-cur,72,13765632,0.86,1.27,0.0,0.9704,0.0648,0.0002,-0.0182,0.0009,1.0,0.915
w10s-shp-cur-s72,w10s-shp-cur,72,13796352,0.86,1.254,0.0,0.9572,0.0702,0.0002,-0.0186,0.001,1.0,0.915
w10s-shp-cur-s72,w10s-shp-cur,72,13827072,0.88,1.28,0.0,0.8412,0.0691,0.0002,-0.0172,0.0009,1.0,0.914
w10s-shp-cur-s72,w10s-shp-cur,72,13857792,0.85,1.262,0.0,0.9982,0.071,0.0002,-0.0186,0.0009,1.0,0.914
w10s-shp-cur-s72,w10s-shp-cur,72,13888512,0.8,1.213,0.0,1.0344,0.0708,0.0002,-0.0182,0.0009,1.0,0.914
w10s-shp-cur-s72,w10s-shp-cur,72,13919232,0.79,1.191,0.0,1.0213,0.0683,0.0002,-0.0174,0.0009,1.0,0.914
w10s-shp-cur-s72,w10s-shp-cur,72,13949952,0.82,1.236,0.0,0.8318,0.0721,0.0002,-0.0181,0.0009,1.0,0.914
w10s-shp-cur-s72,w10s-shp-cur,72,13980672,0.82,1.199,0.0,0.838,0.0703,0.0002,-0.0171,0.0008,1.0,0.914
w10s-shp-cur-s72,w10s-shp-cur,72,14011392,0.83,1.227,0.0,0.8975,0.0669,0.0002,-0.0166,0.0009,1.0,0.914
w10s-shp-cur-s72,w10s-shp-cur,72,14042112,0.84,1.246,0.0,1.0982,0.0682,0.0002,-0.0179,0.0008,1.0,0.914
w10s-shp-cur-s72,w10s-shp-cur,72,14072832,0.82,1.219,0.0,1.107,0.0668,0.0002,-0.0175,0.001,1.0,0.914
w10s-shp-cur-s72,w10s-shp-cur,72,14103552,0.87,1.284,0.0,0.96,0.0699,0.0002,-0.0182,0.0009,1.0,0.914
w10s-shp-cur-s72,w10s-shp-cur,72,14134272,0.84,1.253,0.0,0.7459,0.0698,0.0002,-0.0176,0.0008,1.0,0.914
w10s-shp-cur-s72,w10s-shp-cur,72,14164992,0.82,1.25,0.0,0.8436,0.0656,0.0002,-0.0176,0.0009,1.0,0.914
w10s-shp-cur-s72,w10s-shp-cur,72,14195712,0.76,1.194,0.0,1.0081,0.0699,0.0002,-0.019,0.0009,1.0,0.913
w10s-shp-cur-s72,w10s-shp-cur,72,14226432,0.84,1.246,0.0,1.0139,0.0713,0.0002,-0.0186,0.0009,1.0,0.913
w10s-shp-cur-s72,w10s-shp-cur,72,14257152,0.73,1.16,0.0,0.9936,0.0701,0.0002,-0.0188,0.0009,1.0,0.913
w10s-shp-cur-s72,w10s-shp-cur,72,14287872,0.78,1.192,0.0,0.9249,0.0695,0.0002,-0.0175,0.0008,1.0,0.913
w10s-shp-cur-s72,w10s-shp-cur,72,14318592,0.75,1.167,0.0,1.0478,0.0733,0.0002,-0.0168,0.0009,1.0,0.913
w10s-shp-cur-s72,w10s-shp-cur,72,14349312,0.89,1.296,0.0,0.9568,0.0707,0.0002,-0.0174,0.0009,1.0,0.913
w10s-shp-cur-s72,w10s-shp-cur,72,14380032,0.88,1.281,0.0,1.0073,0.0714,0.0002,-0.017,0.0009,1.0,0.913
w10s-shp-cur-s72,w10s-shp-cur,72,14410752,0.82,1.229,0.0,0.8689,0.0703,0.0002,-0.0192,0.0009,1.0,0.913
w10s-shp-cur-s72,w10s-shp-cur,72,14441472,0.78,1.195,0.0,0.8839,0.0724,0.0002,-0.0179,0.0009,1.0,0.913
w10s-shp-cur-s72,w10s-shp-cur,72,14472192,0.86,1.249,0.0,1.127,0.0688,0.0002,-0.0177,0.0009,1.0,0.913
w10s-shp-cur-s72,w10s-shp-cur,72,14502912,0.81,1.22,0.0,0.9418,0.0721,0.0002,-0.0177,0.0008,1.0,0.913
w10s-shp-cur-s72,w10s-shp-cur,72,14533632,0.83,1.237,0.0,0.8769,0.0684,0.0002,-0.0183,0.0008,1.0,0.913
w10s-shp-cur-s72,w10s-shp-cur,72,14564352,0.88,1.264,0.0,1.0201,0.0703,0.0002,-0.0177,0.0009,1.0,0.913
w10s-shp-cur-s72,w10s-shp-cur,72,14595072,0.78,1.191,0.0,0.8623,0.0729,0.0002,-0.0172,0.0009,1.0,0.913
w10s-shp-cur-s72,w10s-shp-cur,72,14625792,0.82,1.195,0.0,1.0236,0.0703,0.0002,-0.0184,0.0009,1.0,0.912
w10s-shp-cur-s72,w10s-shp-cur,72,14656512,0.85,1.264,0.0,0.976,0.0723,0.0002,-0.0182,0.0009,1.0,0.912
w10s-shp-cur-s72,w10s-shp-cur,72,14687232,0.9,1.317,0.0,1.0534,0.0707,0.0002,-0.0199,0.0009,1.0,0.912
w10s-shp-cur-s72,w10s-shp-cur,72,14717952,0.83,1.246,0.0,0.975,0.0698,0.0002,-0.0173,0.0008,1.0,0.912
w10s-shp-cur-s72,w10s-shp-cur,72,14748672,0.86,1.269,0.0,0.9926,0.0696,0.0002,-0.0179,0.0008,1.0,0.912
w10s-shp-cur-s72,w10s-shp-cur,72,14779392,0.86,1.274,0.0,1.0505,0.0675,0.0002,-0.018,0.0008,1.0,0.912
w10s-shp-cur-s72,w10s-shp-cur,72,14810112,0.85,1.243,0.0,0.9764,0.0688,0.0002,-0.016,0.0008,1.0,0.912
w10s-shp-cur-s72,w10s-shp-cur,72,14840832,0.84,1.26,0.0,1.0222,0.0693,0.0002,-0.0184,0.0009,1.0,0.912
w10s-shp-cur-s72,w10s-shp-cur,72,14871552,0.88,1.297,0.0,0.8347,0.0702,0.0002,-0.0179,0.0008,1.0,0.912
w10s-shp-cur-s72,w10s-shp-cur,72,14902272,0.85,1.242,0.0,1.0881,0.0677,0.0002,-0.0179,0.0009,1.0,0.912
w10s-shp-cur-s72,w10s-shp-cur,72,14932992,0.8,1.206,0.0,0.8943,0.0724,0.0002,-0.0192,0.0009,1.0,0.912
w10s-shp-cur-s72,w10s-shp-cur,72,14963712,0.82,1.228,0.0,1.0461,0.072,0.0002,-0.0172,0.0008,1.0,0.912
w10s-shp-cur-s72,w10s-shp-cur,72,14994432,0.93,1.31,0.0,0.988,0.0729,0.0002,-0.0177,0.0008,1.0,0.912
w10s-shp-cur-s72,w10s-shp-cur,72,14997504,0.86,1.252,0.0,1.0404,0.07,0.0002,-0.0184,0.0008,1.0,0.912
w10s-shp-cur-s73,w10s-shp-cur,73,3072,0.0,0.436,-1.0,,,,,,,
w10s-shp-cur-s73,w10s-shp-cur,73,33792,0.01,0.459,-1.0,-0.9522,0.073,0.0002,-0.0179,0.0179,0.974,0.94
w10s-shp-cur-s73,w10s-shp-cur,73,64512,0.01,0.452,-1.0,-0.9507,0.0742,0.0002,-0.0183,0.0145,0.994,0.932
w10s-shp-cur-s73,w10s-shp-cur,73,95232,0.03,0.583,-1.0,-1.0,0.0717,0.0002,-0.0187,0.0139,0.998,0.935
w10s-shp-cur-s73,w10s-shp-cur,73,125952,0.02,0.536,-1.0,-1.0,0.0718,0.0002,-0.016,0.0109,1.0,0.939
w10s-shp-cur-s73,w10s-shp-cur,73,156672,0.03,0.549,-1.0,-1.0,0.0702,0.0002,-0.0175,0.0102,1.0,0.941
w10s-shp-cur-s73,w10s-shp-cur,73,187392,0.01,0.593,-1.0,-0.95,0.0716,0.0002,-0.0182,0.0097,1.0,0.942
w10s-shp-cur-s73,w10s-shp-cur,73,218112,0.04,0.578,-1.0,-0.8846,0.0749,0.0002,-0.0187,0.0087,1.0,0.943
w10s-shp-cur-s73,w10s-shp-cur,73,248832,0.03,0.565,-1.0,-0.9114,0.071,0.0002,-0.0193,0.0078,1.0,0.943
w10s-shp-cur-s73,w10s-shp-cur,73,279552,0.06,0.623,-1.0,-0.8823,0.0697,0.0002,-0.0184,0.008,1.0,0.944
w10s-shp-cur-s73,w10s-shp-cur,73,310272,0.07,0.596,-1.0,-0.8816,0.0739,0.0002,-0.0179,0.0074,1.0,0.945
w10s-shp-cur-s73,w10s-shp-cur,73,340992,0.05,0.608,-1.0,-0.9028,0.0709,0.0002,-0.018,0.0069,1.0,0.947
w10s-shp-cur-s73,w10s-shp-cur,73,371712,0.1,0.618,-1.0,-0.8362,0.0708,0.0002,-0.0198,0.007,1.0,0.947
w10s-shp-cur-s73,w10s-shp-cur,73,402432,0.03,0.55,-1.0,-0.85,0.0675,0.0002,-0.0184,0.0064,1.0,0.947
w10s-shp-cur-s73,w10s-shp-cur,73,433152,0.04,0.522,-1.0,-0.9316,0.0736,0.0002,-0.0198,0.0061,1.0,0.948
w10s-shp-cur-s73,w10s-shp-cur,73,463872,0.04,0.593,-1.0,-0.8773,0.0711,0.0002,-0.019,0.0061,1.0,0.948
w10s-shp-cur-s73,w10s-shp-cur,73,494592,0.07,0.621,-1.0,-0.9006,0.0696,0.0002,-0.0166,0.0062,1.0,0.949
w10s-shp-cur-s73,w10s-shp-cur,73,525312,0.03,0.555,-1.0,-0.7578,0.0739,0.0001,-0.0172,0.005,1.0,0.95
w10s-shp-cur-s73,w10s-shp-cur,73,556032,0.1,0.6,-1.0,-1.0,0.0697,0.0002,-0.0189,0.0054,1.0,0.95
w10s-shp-cur-s73,w10s-shp-cur,73,586752,0.02,0.552,-1.0,-0.9524,0.0716,0.0002,-0.0166,0.0051,1.0,0.95
w10s-shp-cur-s73,w10s-shp-cur,73,617472,0.04,0.616,-1.0,-0.7874,0.0714,0.0002,-0.0184,0.005,1.0,0.95
w10s-shp-cur-s73,w10s-shp-cur,73,648192,0.04,0.59,-1.0,-0.8783,0.0739,0.0002,-0.0182,0.0048,1.0,0.951
w10s-shp-cur-s73,w10s-shp-cur,73,678912,0.07,0.599,-1.0,-0.8004,0.0697,0.0002,-0.0188,0.005,1.0,0.951
w10s-shp-cur-s73,w10s-shp-cur,73,709632,0.05,0.566,-1.0,-0.8582,0.0696,0.0001,-0.0186,0.0047,1.0,0.952
w10s-shp-cur-s73,w10s-shp-cur,73,740352,0.08,0.608,-1.0,-0.8284,0.0696,0.0001,-0.0183,0.0044,1.0,0.952
w10s-shp-cur-s73,w10s-shp-cur,73,771072,0.04,0.563,-1.0,-0.8051,0.0731,0.0002,-0.0185,0.0047,1.0,0.952
w10s-shp-cur-s73,w10s-shp-cur,73,801792,0.09,0.617,-1.0,-0.8791,0.0746,0.0002,-0.0191,0.0047,1.0,0.953
w10s-shp-cur-s73,w10s-shp-cur,73,832512,0.05,0.599,-1.0,-0.8072,0.0693,0.0002,-0.0178,0.0046,1.0,0.952
w10s-shp-cur-s73,w10s-shp-cur,73,863232,0.05,0.625,-1.0,-0.8846,0.0728,0.0002,-0.017,0.0045,1.0,0.953
w10s-shp-cur-s73,w10s-shp-cur,73,893952,0.06,0.597,-1.0,-0.9069,0.0702,0.0002,-0.0186,0.0042,1.0,0.953
w10s-shp-cur-s73,w10s-shp-cur,73,924672,0.07,0.619,-1.0,-0.9,0.0706,0.0002,-0.0168,0.0038,1.0,0.953
w10s-shp-cur-s73,w10s-shp-cur,73,955392,0.06,0.611,-1.0,-0.9051,0.0698,0.0002,-0.0188,0.0044,1.0,0.953
w10s-shp-cur-s73,w10s-shp-cur,73,986112,0.04,0.577,-1.0,-0.9261,0.0735,0.0002,-0.0185,0.0041,1.0,0.953
w10s-shp-cur-s73,w10s-shp-cur,73,1016832,0.07,0.625,-1.0,-0.95,0.0709,0.0002,-0.0176,0.004,1.0,0.953
w10s-shp-cur-s73,w10s-shp-cur,73,1047552,0.08,0.653,-1.0,-0.7612,0.0723,0.0001,-0.018,0.0043,1.0,0.954
w10s-shp-cur-s73,w10s-shp-cur,73,1078272,0.09,0.653,-1.0,-0.8125,0.0715,0.0001,-0.0178,0.0037,1.0,0.954
w10s-shp-cur-s73,w10s-shp-cur,73,1108992,0.05,0.592,-1.0,-0.8533,0.0697,0.0002,-0.0176,0.0041,1.0,0.954
w10s-shp-cur-s73,w10s-shp-cur,73,1139712,0.09,0.647,-1.0,-0.8529,0.0723,0.0001,-0.018,0.0039,1.0,0.954
w10s-shp-cur-s73,w10s-shp-cur,73,1170432,0.1,0.61,-1.0,-0.6466,0.0736,0.0002,-0.0189,0.0037,1.0,0.954
w10s-shp-cur-s73,w10s-shp-cur,73,1201152,0.07,0.624,-1.0,-0.8326,0.0731,0.0002,-0.0182,0.004,1.0,0.954
w10s-shp-cur-s73,w10s-shp-cur,73,1231872,0.08,0.6,-1.0,-0.7872,0.0702,0.0002,-0.0186,0.004,1.0,0.954
w10s-shp-cur-s73,w10s-shp-cur,73,1262592,0.12,0.677,-1.0,-0.8395,0.0692,0.0002,-0.0193,0.0035,1.0,0.955
w10s-shp-cur-s73,w10s-shp-cur,73,1293312,0.12,0.688,-1.0,-0.8292,0.0705,0.0002,-0.0166,0.0038,1.0,0.955
w10s-shp-cur-s73,w10s-shp-cur,73,1324032,0.1,0.63,-1.0,-0.6846,0.0724,0.0002,-0.0182,0.0039,1.0,0.955
w10s-shp-cur-s73,w10s-shp-cur,73,1354752,0.08,0.583,-1.0,-0.7667,0.0726,0.0001,-0.0184,0.0035,1.0,0.955
w10s-shp-cur-s73,w10s-shp-cur,73,1385472,0.08,0.607,-1.0,-0.7093,0.0701,0.0002,-0.0186,0.0036,1.0,0.955
w10s-shp-cur-s73,w10s-shp-cur,73,1416192,0.11,0.666,-1.0,-0.7465,0.0697,0.0002,-0.0185,0.0036,1.0,0.956
w10s-shp-cur-s73,w10s-shp-cur,73,1446912,0.07,0.598,-1.0,-0.7366,0.0713,0.0002,-0.0165,0.0038,1.0,0.956
w10s-shp-cur-s73,w10s-shp-cur,73,1477632,0.14,0.676,-1.0,-0.8817,0.073,0.0002,-0.0175,0.0036,1.0,0.956
w10s-shp-cur-s73,w10s-shp-cur,73,1508352,0.05,0.609,-1.0,-0.83,0.0736,0.0002,-0.0169,0.0037,1.0,0.956
w10s-shp-cur-s73,w10s-shp-cur,73,1539072,0.1,0.617,-1.0,-0.925,0.0717,0.0002,-0.0198,0.0031,1.0,0.956
w10s-shp-cur-s73,w10s-shp-cur,73,1569792,0.09,0.631,-1.0,-0.6334,0.0705,0.0001,-0.018,0.0036,1.0,0.956
w10s-shp-cur-s73,w10s-shp-cur,73,1600512,0.04,0.577,-1.0,-0.7396,0.073,0.0002,-0.0194,0.003,1.0,0.956
w10s-shp-cur-s73,w10s-shp-cur,73,1631232,0.11,0.616,-1.0,-0.8098,0.0701,0.0002,-0.0189,0.0033,1.0,0.956
w10s-shp-cur-s73,w10s-shp-cur,73,1661952,0.11,0.644,-1.0,-0.7863,0.0722,0.0002,-0.0173,0.0031,1.0,0.956
w10s-shp-cur-s73,w10s-shp-cur,73,1692672,0.14,0.668,-1.0,-0.6461,0.0748,0.0002,-0.0172,0.0032,1.0,0.956
w10s-shp-cur-s73,w10s-shp-cur,73,1723392,0.11,0.627,-1.0,-0.7565,0.0698,0.0002,-0.0174,0.003,1.0,0.956
w10s-shp-cur-s73,w10s-shp-cur,73,1754112,0.1,0.63,-1.0,-0.9061,0.0715,0.0002,-0.0182,0.0032,1.0,0.956
w10s-shp-cur-s73,w10s-shp-cur,73,1784832,0.12,0.624,-1.0,-0.8346,0.0707,0.0001,-0.0173,0.0029,1.0,0.956
w10s-shp-cur-s73,w10s-shp-cur,73,1815552,0.1,0.626,-1.0,-0.5166,0.0735,0.0002,-0.0188,0.0032,1.0,0.956
w10s-shp-cur-s73,w10s-shp-cur,73,1846272,0.11,0.659,-1.0,-0.7311,0.0726,0.0002,-0.0166,0.003,1.0,0.956
w10s-shp-cur-s73,w10s-shp-cur,73,1876992,0.08,0.631,-1.0,-0.7345,0.0695,0.0002,-0.0193,0.0032,1.0,0.956
w10s-shp-cur-s73,w10s-shp-cur,73,1907712,0.12,0.668,-1.0,-0.7562,0.0738,0.0002,-0.0177,0.0029,1.0,0.956
w10s-shp-cur-s73,w10s-shp-cur,73,1938432,0.15,0.7,-1.0,-0.6688,0.0727,0.0002,-0.0169,0.0028,1.0,0.956
w10s-shp-cur-s73,w10s-shp-cur,73,1969152,0.09,0.618,-1.0,-0.6452,0.073,0.0002,-0.0174,0.0029,1.0,0.956
w10s-shp-cur-s73,w10s-shp-cur,73,1999872,0.07,0.636,-1.0,-0.8308,0.0738,0.0002,-0.0188,0.0029,1.0,0.956
w10s-shp-cur-s73,w10s-shp-cur,73,2030592,0.11,0.678,-1.0,-0.7466,0.0705,0.0001,-0.018,0.0026,1.0,0.956
w10s-shp-cur-s73,w10s-shp-cur,73,2061312,0.19,0.73,-1.0,-0.7377,0.073,0.0002,-0.0187,0.003,1.0,0.956
w10s-shp-cur-s73,w10s-shp-cur,73,2092032,0.12,0.602,-1.0,-0.618,0.0695,0.0001,-0.0171,0.0026,1.0,0.956
w10s-shp-cur-s73,w10s-shp-cur,73,2122752,0.18,0.696,-1.0,-0.5244,0.0703,0.0002,-0.0183,0.0026,1.0,0.957
w10s-shp-cur-s73,w10s-shp-cur,73,2153472,0.15,0.71,-1.0,-0.6412,0.0731,0.0002,-0.0181,0.0028,1.0,0.957
w10s-shp-cur-s73,w10s-shp-cur,73,2184192,0.11,0.631,-1.0,-0.6688,0.0692,0.0002,-0.0189,0.0027,1.0,0.957
w10s-shp-cur-s73,w10s-shp-cur,73,2214912,0.19,0.714,-1.0,-0.4783,0.0729,0.0002,-0.0184,0.0028,1.0,0.957
w10s-shp-cur-s73,w10s-shp-cur,73,2245632,0.18,0.693,-1.0,-0.6237,0.0705,0.0002,-0.0181,0.0024,1.0,0.957
w10s-shp-cur-s73,w10s-shp-cur,73,2276352,0.17,0.678,-1.0,-0.5833,0.0716,0.0002,-0.0183,0.003,1.0,0.957
w10s-shp-cur-s73,w10s-shp-cur,73,2307072,0.2,0.714,-1.0,-0.5386,0.0726,0.0002,-0.019,0.0027,1.0,0.957
w10s-shp-cur-s73,w10s-shp-cur,73,2337792,0.2,0.719,-1.0,-0.5629,0.0722,0.0001,-0.0168,0.0025,1.0,0.957
w10s-shp-cur-s73,w10s-shp-cur,73,2368512,0.21,0.7,-1.0,-0.647,0.0722,0.0002,-0.0181,0.0028,1.0,0.957
w10s-shp-cur-s73,w10s-shp-cur,73,2399232,0.13,0.651,-1.0,-0.6056,0.0709,0.0002,-0.0178,0.0026,1.0,0.957
w10s-shp-cur-s73,w10s-shp-cur,73,2429952,0.22,0.732,-1.0,-0.7201,0.0699,0.0001,-0.0188,0.0024,1.0,0.957
w10s-shp-cur-s73,w10s-shp-cur,73,2460672,0.14,0.678,-1.0,-0.8383,0.0713,0.0002,-0.019,0.0027,1.0,0.957
w10s-shp-cur-s73,w10s-shp-cur,73,2491392,0.15,0.678,-1.0,-0.7244,0.0749,0.0002,-0.0191,0.0023,1.0,0.957
w10s-shp-cur-s73,w10s-shp-cur,73,2522112,0.2,0.729,-1.0,-0.4222,0.0698,0.0002,-0.0179,0.0024,1.0,0.957
w10s-shp-cur-s73,w10s-shp-cur,73,2552832,0.18,0.733,-1.0,-0.671,0.0684,0.0002,-0.0173,0.0025,1.0,0.957
w10s-shp-cur-s73,w10s-shp-cur,73,2583552,0.18,0.708,-1.0,-0.6287,0.0722,0.0002,-0.0191,0.0024,1.0,0.957
w10s-shp-cur-s73,w10s-shp-cur,73,2614272,0.25,0.746,-1.0,-0.6287,0.0684,0.0001,-0.0167,0.0024,1.0,0.957
w10s-shp-cur-s73,w10s-shp-cur,73,2644992,0.15,0.694,-1.0,-0.5233,0.075,0.0002,-0.0179,0.0026,1.0,0.957
w10s-shp-cur-s73,w10s-shp-cur,73,2675712,0.17,0.694,-1.0,-0.5536,0.0687,0.0002,-0.0203,0.0025,1.0,0.957
w10s-shp-cur-s73,w10s-shp-cur,73,2706432,0.23,0.759,-1.0,-0.4805,0.0714,0.0002,-0.0177,0.0025,1.0,0.957
w10s-shp-cur-s73,w10s-shp-cur,73,2737152,0.21,0.709,-1.0,-0.473,0.073,0.0001,-0.0177,0.0025,1.0,0.957
w10s-shp-cur-s73,w10s-shp-cur,73,2767872,0.26,0.763,-1.0,-0.6004,0.0743,0.0002,-0.0188,0.0024,1.0,0.957
w10s-shp-cur-s73,w10s-shp-cur,73,2798592,0.15,0.653,-1.0,-0.4289,0.0669,0.0002,-0.0184,0.0025,1.0,0.957
w10s-shp-cur-s73,w10s-shp-cur,73,2829312,0.16,0.658,-1.0,-0.4262,0.0703,0.0002,-0.0192,0.0025,1.0,0.957
w10s-shp-cur-s73,w10s-shp-cur,73,2860032,0.18,0.678,-1.0,-0.5739,0.0727,0.0001,-0.0192,0.0023,1.0,0.957
w10s-shp-cur-s73,w10s-shp-cur,73,2890752,0.22,0.73,-1.0,-0.4962,0.0711,0.0002,-0.0176,0.0023,1.0,0.957
w10s-shp-cur-s73,w10s-shp-cur,73,2921472,0.27,0.797,-1.0,-0.2934,0.0695,0.0002,-0.0178,0.0024,1.0,0.957
w10s-shp-cur-s73,w10s-shp-cur,73,2952192,0.22,0.714,-1.0,-0.4703,0.07,0.0002,-0.0196,0.0026,1.0,0.957
w10s-shp-cur-s73,w10s-shp-cur,73,2982912,0.18,0.71,-1.0,-0.5146,0.0712,0.0001,-0.0172,0.0022,1.0,0.957
w10s-shp-cur-s73,w10s-shp-cur,73,3013632,0.24,0.774,-1.0,-0.4536,0.0717,0.0002,-0.0193,0.0024,1.0,0.957
w10s-shp-cur-s73,w10s-shp-cur,73,3044352,0.26,0.814,-1.0,-0.4947,0.0727,0.0002,-0.018,0.0024,1.0,0.957
w10s-shp-cur-s73,w10s-shp-cur,73,3075072,0.21,0.74,-1.0,-0.5276,0.0725,0.0002,-0.0182,0.0022,1.0,0.957
w10s-shp-cur-s73,w10s-shp-cur,73,3105792,0.25,0.727,-1.0,-0.3111,0.0672,0.0001,-0.0185,0.0022,1.0,0.957
w10s-shp-cur-s73,w10s-shp-cur,73,3136512,0.26,0.761,-1.0,-0.5201,0.0758,0.0002,-0.0183,0.0022,1.0,0.957
w10s-shp-cur-s73,w10s-shp-cur,73,3167232,0.2,0.693,-1.0,-0.352,0.0726,0.0002,-0.0191,0.0021,1.0,0.957
w10s-shp-cur-s73,w10s-shp-cur,73,3197952,0.24,0.708,-1.0,-0.3089,0.0693,0.0001,-0.0167,0.002,1.0,0.957
w10s-shp-cur-s73,w10s-shp-cur,73,3228672,0.17,0.668,-1.0,-0.3306,0.072,0.0002,-0.0197,0.0021,1.0,0.957
w10s-shp-cur-s73,w10s-shp-cur,73,3259392,0.35,0.834,-1.0,-0.4003,0.0715,0.0002,-0.0183,0.0022,1.0,0.957
w10s-shp-cur-s73,w10s-shp-cur,73,3290112,0.25,0.74,-1.0,-0.4335,0.0677,0.0002,-0.0183,0.0021,1.0,0.956
w10s-shp-cur-s73,w10s-shp-cur,73,3320832,0.22,0.72,-1.0,-0.23,0.0724,0.0002,-0.0184,0.0021,1.0,0.956
w10s-shp-cur-s73,w10s-shp-cur,73,3351552,0.31,0.78,-1.0,-0.3852,0.0719,0.0002,-0.0192,0.0022,1.0,0.956
w10s-shp-cur-s73,w10s-shp-cur,73,3382272,0.21,0.732,-1.0,-0.2938,0.0709,0.0002,-0.0184,0.0022,1.0,0.956
w10s-shp-cur-s73,w10s-shp-cur,73,3412992,0.3,0.837,-1.0,-0.178,0.0712,0.0002,-0.0178,0.0022,1.0,0.956
w10s-shp-cur-s73,w10s-shp-cur,73,3443712,0.27,0.785,-1.0,-0.3065,0.0711,0.0002,-0.0171,0.0022,1.0,0.956
w10s-shp-cur-s73,w10s-shp-cur,73,3474432,0.29,0.794,-1.0,-0.525,0.0721,0.0002,-0.0191,0.002,1.0,0.956
w10s-shp-cur-s73,w10s-shp-cur,73,3505152,0.38,0.877,-1.0,-0.2569,0.0707,0.0002,-0.0192,0.0022,1.0,0.956
w10s-shp-cur-s73,w10s-shp-cur,73,3535872,0.36,0.855,-1.0,-0.3216,0.0686,0.0002,-0.0188,0.0021,1.0,0.956
w10s-shp-cur-s73,w10s-shp-cur,73,3566592,0.3,0.819,-1.0,-0.1299,0.0714,0.0002,-0.0175,0.0021,1.0,0.956
w10s-shp-cur-s73,w10s-shp-cur,73,3597312,0.34,0.844,-1.0,-0.0522,0.0685,0.0001,-0.0175,0.0019,1.0,0.956
w10s-shp-cur-s73,w10s-shp-cur,73,3628032,0.31,0.795,-1.0,-0.2469,0.0689,0.0002,-0.0178,0.0021,1.0,0.956
w10s-shp-cur-s73,w10s-shp-cur,73,3658752,0.29,0.776,-1.0,-0.227,0.0725,0.0002,-0.0176,0.0021,1.0,0.956
w10s-shp-cur-s73,w10s-shp-cur,73,3689472,0.3,0.794,-1.0,-0.2314,0.0716,0.0002,-0.0179,0.0023,1.0,0.956
w10s-shp-cur-s73,w10s-shp-cur,73,3720192,0.34,0.845,-1.0,-0.1506,0.0682,0.0002,-0.017,0.0021,1.0,0.956
w10s-shp-cur-s73,w10s-shp-cur,73,3750912,0.32,0.846,-1.0,-0.2787,0.0731,0.0002,-0.0174,0.0021,1.0,0.956
w10s-shp-cur-s73,w10s-shp-cur,73,3781632,0.36,0.887,-1.0,-0.1046,0.0712,0.0002,-0.0183,0.002,1.0,0.956
w10s-shp-cur-s73,w10s-shp-cur,73,3812352,0.37,0.846,-1.0,-0.0844,0.073,0.0002,-0.0191,0.0019,1.0,0.955
w10s-shp-cur-s73,w10s-shp-cur,73,3843072,0.34,0.839,-1.0,-0.2803,0.0714,0.0002,-0.0171,0.0021,1.0,0.955
w10s-shp-cur-s73,w10s-shp-cur,73,3873792,0.42,0.895,-1.0,-0.1761,0.0707,0.0001,-0.0161,0.0021,1.0,0.955
w10s-shp-cur-s73,w10s-shp-cur,73,3904512,0.32,0.811,-1.0,-0.1914,0.07,0.0001,-0.0183,0.002,1.0,0.955
w10s-shp-cur-s73,w10s-shp-cur,73,3935232,0.39,0.852,-1.0,-0.2118,0.0714,0.0001,-0.0177,0.002,1.0,0.955
w10s-shp-cur-s73,w10s-shp-cur,73,3965952,0.33,0.885,-1.0,-0.084,0.0693,0.0001,-0.0194,0.0018,1.0,0.955
w10s-shp-cur-s73,w10s-shp-cur,73,3996672,0.41,0.871,-1.0,-0.0643,0.0703,0.0001,-0.0191,0.002,1.0,0.955
w10s-shp-cur-s73,w10s-shp-cur,73,4027392,0.39,0.882,-1.0,-0.104,0.0725,0.0002,-0.019,0.002,1.0,0.955
w10s-shp-cur-s73,w10s-shp-cur,73,4058112,0.39,0.875,-1.0,-0.0387,0.066,0.0002,-0.0175,0.0022,1.0,0.955
w10s-shp-cur-s73,w10s-shp-cur,73,4088832,0.41,0.922,-1.0,-0.1257,0.0697,0.0001,-0.0178,0.002,1.0,0.955
w10s-shp-cur-s73,w10s-shp-cur,73,4119552,0.34,0.825,-1.0,0.0097,0.0724,0.0001,-0.0186,0.002,1.0,0.955
w10s-shp-cur-s73,w10s-shp-cur,73,4150272,0.37,0.861,-1.0,0.0569,0.0713,0.0002,-0.0189,0.0019,1.0,0.955
w10s-shp-cur-s73,w10s-shp-cur,73,4180992,0.44,0.968,-1.0,-0.1229,0.0718,0.0001,-0.0181,0.002,1.0,0.955
w10s-shp-cur-s73,w10s-shp-cur,73,4211712,0.41,0.893,-1.0,0.176,0.0679,0.0001,-0.0177,0.002,1.0,0.955
w10s-shp-cur-s73,w10s-shp-cur,73,4242432,0.33,0.781,-1.0,0.0702,0.0723,0.0001,-0.0177,0.0018,1.0,0.955
w10s-shp-cur-s73,w10s-shp-cur,73,4273152,0.47,0.923,-1.0,0.1364,0.0689,0.0001,-0.0186,0.0018,1.0,0.954
w10s-shp-cur-s73,w10s-shp-cur,73,4303872,0.46,0.938,-1.0,-0.1496,0.073,0.0001,-0.0191,0.0019,1.0,0.954
w10s-shp-cur-s73,w10s-shp-cur,73,4334592,0.31,0.814,-1.0,-0.0112,0.0693,0.0002,-0.0192,0.0019,1.0,0.954
w10s-shp-cur-s73,w10s-shp-cur,73,4365312,0.46,0.958,-1.0,-0.027,0.0711,0.0002,-0.0193,0.002,1.0,0.954
w10s-shp-cur-s73,w10s-shp-cur,73,4396032,0.52,1.016,-1.0,0.0985,0.0708,0.0001,-0.0194,0.0018,1.0,0.954
w10s-shp-cur-s73,w10s-shp-cur,73,4426752,0.53,1.007,-1.0,0.1209,0.0706,0.0001,-0.0178,0.002,1.0,0.954
w10s-shp-cur-s73,w10s-shp-cur,73,4457472,0.55,1.054,-1.0,0.1301,0.072,0.0002,-0.0183,0.002,1.0,0.954
w10s-shp-cur-s73,w10s-shp-cur,73,4488192,0.43,0.883,-1.0,0.0801,0.0746,0.0002,-0.0197,0.0018,1.0,0.954
w10s-shp-cur-s73,w10s-shp-cur,73,4518912,0.45,0.953,-1.0,-0.1049,0.0715,0.0002,-0.0169,0.0018,1.0,0.954
w10s-shp-cur-s73,w10s-shp-cur,73,4549632,0.4,0.927,-1.0,0.2376,0.0724,0.0001,-0.0185,0.0018,1.0,0.954
w10s-shp-cur-s73,w10s-shp-cur,73,4580352,0.48,0.991,-1.0,-0.0141,0.0691,0.0001,-0.0186,0.0018,1.0,0.954
w10s-shp-cur-s73,w10s-shp-cur,73,4611072,0.61,1.091,-1.0,0.2508,0.0711,0.0001,-0.0195,0.002,1.0,0.953
w10s-shp-cur-s73,w10s-shp-cur,73,4641792,0.49,0.948,-1.0,0.2115,0.0712,0.0002,-0.0185,0.0021,1.0,0.953
w10s-shp-cur-s73,w10s-shp-cur,73,4672512,0.46,0.945,-1.0,0.1059,0.0745,0.0002,-0.0186,0.0019,1.0,0.953
w10s-shp-cur-s73,w10s-shp-cur,73,4703232,0.46,0.984,-1.0,-0.0664,0.0671,0.0001,-0.0161,0.0017,1.0,0.953
w10s-shp-cur-s73,w10s-shp-cur,73,4733952,0.56,1.071,-1.0,0.2143,0.07,0.0001,-0.0162,0.0017,1.0,0.953
w10s-shp-cur-s73,w10s-shp-cur,73,4764672,0.48,1.028,-1.0,-0.004,0.0697,0.0001,-0.0173,0.0019,1.0,0.953
w10s-shp-cur-s73,w10s-shp-cur,73,4795392,0.52,1.041,-0.986,0.0167,0.0719,0.0001,-0.0185,0.0019,1.0,0.953
w10s-shp-cur-s73,w10s-shp-cur,73,4826112,0.53,1.028,-0.973,0.3176,0.0715,0.0001,-0.0175,0.0018,1.0,0.952
w10s-shp-cur-s73,w10s-shp-cur,73,4856832,0.47,0.977,-0.973,0.1266,0.0717,0.0001,-0.0171,0.0017,1.0,0.952
w10s-shp-cur-s73,w10s-shp-cur,73,4887552,0.46,0.973,-0.962,0.2603,0.0688,0.0001,-0.0186,0.0018,1.0,0.952
w10s-shp-cur-s73,w10s-shp-cur,73,4918272,0.54,1.041,-0.962,0.1933,0.0704,0.0001,-0.0185,0.0017,1.0,0.952
w10s-shp-cur-s73,w10s-shp-cur,73,4948992,0.5,0.989,-0.962,0.3167,0.0714,0.0001,-0.0176,0.0016,1.0,0.952
w10s-shp-cur-s73,w10s-shp-cur,73,4979712,0.45,0.985,-0.962,0.0108,0.0693,0.0001,-0.0181,0.0016,1.0,0.952
w10s-shp-cur-s73,w10s-shp-cur,73,5010432,0.51,1.029,-0.962,0.3365,0.0697,0.0001,-0.0193,0.0017,1.0,0.952
w10s-shp-cur-s73,w10s-shp-cur,73,5041152,0.41,0.937,-0.951,0.2245,0.0713,0.0001,-0.0174,0.0017,1.0,0.952
w10s-shp-cur-s73,w10s-shp-cur,73,5071872,0.5,1.006,-0.939,0.2016,0.0673,0.0001,-0.0172,0.0015,1.0,0.951
w10s-shp-cur-s73,w10s-shp-cur,73,5102592,0.57,1.043,-0.939,0.2858,0.0707,0.0001,-0.0166,0.0016,1.0,0.951
w10s-shp-cur-s73,w10s-shp-cur,73,5133312,0.59,1.084,-0.915,0.4923,0.0696,0.0001,-0.0185,0.0017,1.0,0.951
w10s-shp-cur-s73,w10s-shp-cur,73,5164032,0.57,1.054,-0.904,0.3966,0.0683,0.0001,-0.0182,0.0018,1.0,0.951
w10s-shp-cur-s73,w10s-shp-cur,73,5194752,0.53,0.982,-0.904,0.393,0.0688,0.0001,-0.0167,0.0017,1.0,0.951
w10s-shp-cur-s73,w10s-shp-cur,73,5225472,0.54,1.042,-0.892,0.115,0.0713,0.0001,-0.0187,0.0016,1.0,0.951
w10s-shp-cur-s73,w10s-shp-cur,73,5256192,0.53,1.043,-0.867,0.2554,0.0692,0.0001,-0.0184,0.0016,1.0,0.951
w10s-shp-cur-s73,w10s-shp-cur,73,5286912,0.52,1.036,-0.867,0.315,0.0701,0.0001,-0.0192,0.0016,1.0,0.95
w10s-shp-cur-s73,w10s-shp-cur,73,5317632,0.55,1.034,-0.867,0.1869,0.0699,0.0001,-0.0179,0.0016,1.0,0.95
w10s-shp-cur-s73,w10s-shp-cur,73,5348352,0.5,1.017,-0.867,0.2716,0.0734,0.0001,-0.0178,0.0016,1.0,0.95
w10s-shp-cur-s73,w10s-shp-cur,73,5379072,0.52,1.004,-0.867,0.278,0.0718,0.0001,-0.018,0.0016,1.0,0.95
w10s-shp-cur-s73,w10s-shp-cur,73,5409792,0.53,1.018,-0.867,0.3227,0.0699,0.0001,-0.0177,0.0016,1.0,0.95
w10s-shp-cur-s73,w10s-shp-cur,73,5440512,0.52,1.007,-0.853,0.4323,0.0697,0.0001,-0.0177,0.0016,1.0,0.95
w10s-shp-cur-s73,w10s-shp-cur,73,5471232,0.55,1.026,-0.842,0.4661,0.0731,0.0001,-0.0179,0.0015,1.0,0.949
w10s-shp-cur-s73,w10s-shp-cur,73,5501952,0.55,1.036,-0.842,0.4025,0.0686,0.0002,-0.019,0.0015,1.0,0.949
w10s-shp-cur-s73,w10s-shp-cur,73,5532672,0.6,1.079,-0.817,0.2157,0.0707,0.0001,-0.0184,0.0015,1.0,0.949
w10s-shp-cur-s73,w10s-shp-cur,73,5563392,0.58,1.082,-0.817,0.3535,0.0723,0.0001,-0.017,0.0016,1.0,0.949
w10s-shp-cur-s73,w10s-shp-cur,73,5594112,0.53,1.015,-0.817,0.3419,0.0714,0.0002,-0.0173,0.0015,1.0,0.949
w10s-shp-cur-s73,w10s-shp-cur,73,5624832,0.58,1.062,-0.786,0.2792,0.0669,0.0001,-0.0172,0.0015,1.0,0.949
w10s-shp-cur-s73,w10s-shp-cur,73,5655552,0.56,1.054,-0.775,0.4724,0.0726,0.0001,-0.019,0.0016,1.0,0.948
w10s-shp-cur-s73,w10s-shp-cur,73,5686272,0.55,1.074,-0.775,0.3776,0.0715,0.0001,-0.019,0.0016,1.0,0.948
w10s-shp-cur-s73,w10s-shp-cur,73,5716992,0.56,1.014,-0.759,0.5887,0.0707,0.0001,-0.0185,0.0015,1.0,0.948
w10s-shp-cur-s73,w10s-shp-cur,73,5747712,0.55,0.993,-0.716,0.2204,0.0699,0.0001,-0.0169,0.0015,1.0,0.948
w10s-shp-cur-s73,w10s-shp-cur,73,5778432,0.54,0.972,-0.703,0.2762,0.0702,0.0001,-0.019,0.0014,1.0,0.948
w10s-shp-cur-s73,w10s-shp-cur,73,5809152,0.5,0.979,-0.703,0.4442,0.0708,0.0001,-0.0173,0.0014,1.0,0.948
w10s-shp-cur-s73,w10s-shp-cur,73,5839872,0.6,1.056,-0.657,0.2,0.0707,0.0002,-0.0177,0.0013,1.0,0.947
w10s-shp-cur-s73,w10s-shp-cur,73,5870592,0.57,1.054,-0.63,0.1432,0.0687,0.0001,-0.0186,0.0013,1.0,0.947
w10s-shp-cur-s73,w10s-shp-cur,73,5901312,0.58,1.034,-0.63,0.3415,0.0734,0.0002,-0.0175,0.0014,1.0,0.947
w10s-shp-cur-s73,w10s-shp-cur,73,5932032,0.5,0.954,-0.608,0.3693,0.0692,0.0001,-0.0189,0.0013,1.0,0.947
w10s-shp-cur-s73,w10s-shp-cur,73,5962752,0.52,0.992,-0.579,0.3262,0.0717,0.0001,-0.0178,0.0013,1.0,0.947
w10s-shp-cur-s73,w10s-shp-cur,73,5993472,0.52,0.99,-0.565,0.4124,0.0733,0.0002,-0.0183,0.0015,1.0,0.947
w10s-shp-cur-s73,w10s-shp-cur,73,6024192,0.57,1.007,-0.534,0.31,0.0689,0.0001,-0.0193,0.0013,1.0,0.946
w10s-shp-cur-s73,w10s-shp-cur,73,6054912,0.59,1.02,-0.51,0.399,0.0675,0.0002,-0.0192,0.0014,1.0,0.946
w10s-shp-cur-s73,w10s-shp-cur,73,6085632,0.56,1.008,-0.479,0.4706,0.071,0.0002,-0.0187,0.0013,1.0,0.946
w10s-shp-cur-s73,w10s-shp-cur,73,6116352,0.55,1.015,-0.479,0.2853,0.0672,0.0002,-0.0193,0.0013,1.0,0.946
w10s-shp-cur-s73,w10s-shp-cur,73,6147072,0.53,1.018,-0.468,0.3939,0.069,0.0002,-0.0189,0.0013,1.0,0.946
w10s-shp-cur-s73,w10s-shp-cur,73,6177792,0.5,0.977,-0.468,0.2842,0.0689,0.0002,-0.0187,0.0014,1.0,0.946
w10s-shp-cur-s73,w10s-shp-cur,73,6208512,0.53,1.003,-0.457,0.4534,0.0659,0.0002,-0.0178,0.0013,1.0,0.946
w10s-shp-cur-s73,w10s-shp-cur,73,6239232,0.63,1.069,-0.43,0.422,0.0708,0.0002,-0.0203,0.0013,1.0,0.945
w10s-shp-cur-s73,w10s-shp-cur,73,6269952,0.6,1.048,-0.417,0.1904,0.0718,0.0002,-0.0188,0.0013,1.0,0.945
w10s-shp-cur-s73,w10s-shp-cur,73,6300672,0.55,1.017,-0.403,0.2714,0.0716,0.0002,-0.0182,0.0012,1.0,0.945
w10s-shp-cur-s73,w10s-shp-cur,73,6331392,0.62,1.057,-0.39,0.2663,0.0669,0.0001,-0.0173,0.0011,1.0,0.945
w10s-shp-cur-s73,w10s-shp-cur,73,6362112,0.57,1.017,-0.349,0.2259,0.0695,0.0001,-0.017,0.0013,1.0,0.945
w10s-shp-cur-s73,w10s-shp-cur,73,6392832,0.54,0.992,-0.334,0.2813,0.0717,0.0002,-0.0192,0.0013,1.0,0.945
w10s-shp-cur-s73,w10s-shp-cur,73,6423552,0.54,0.998,-0.305,0.3302,0.068,0.0002,-0.0189,0.0012,1.0,0.945
w10s-shp-cur-s73,w10s-shp-cur,73,6454272,0.61,1.022,-0.305,0.1925,0.0707,0.0002,-0.0185,0.0013,1.0,0.944
w10s-shp-cur-s73,w10s-shp-cur,73,6484992,0.54,1.019,-0.253,0.5033,0.0687,0.0002,-0.0185,0.0012,1.0,0.944
w10s-shp-cur-s73,w10s-shp-cur,73,6515712,0.48,0.936,-0.228,0.4801,0.069,0.0002,-0.0178,0.0013,1.0,0.944
w10s-shp-cur-s73,w10s-shp-cur,73,6546432,0.57,1.018,-0.217,0.3,0.068,0.0002,-0.0182,0.0013,1.0,0.944
w10s-shp-cur-s73,w10s-shp-cur,73,6577152,0.54,0.999,-0.217,0.3138,0.0688,0.0002,-0.019,0.0013,1.0,0.944
w10s-shp-cur-s73,w10s-shp-cur,73,6607872,0.52,1.003,-0.181,0.3601,0.0692,0.0002,-0.0185,0.0013,1.0,0.944
w10s-shp-cur-s73,w10s-shp-cur,73,6638592,0.51,0.976,-0.132,0.4607,0.0694,0.0002,-0.0173,0.0012,1.0,0.944
w10s-shp-cur-s73,w10s-shp-cur,73,6669312,0.55,1.011,-0.089,0.2265,0.0694,0.0002,-0.0179,0.0012,1.0,0.944
w10s-shp-cur-s73,w10s-shp-cur,73,6700032,0.58,1.039,-0.064,0.3003,0.0708,0.0002,-0.018,0.0012,1.0,0.944
w10s-shp-cur-s73,w10s-shp-cur,73,6730752,0.53,0.984,-0.064,0.132,0.07,0.0002,-0.0183,0.0012,1.0,0.944
w10s-shp-cur-s73,w10s-shp-cur,73,6761472,0.59,1.084,-0.039,0.3307,0.0699,0.0002,-0.0185,0.0013,1.0,0.943
w10s-shp-cur-s73,w10s-shp-cur,73,6792192,0.53,0.991,-0.017,0.2237,0.0681,0.0002,-0.0188,0.0011,1.0,0.943
w10s-shp-cur-s73,w10s-shp-cur,73,6822912,0.57,0.984,0.0,0.1473,0.0697,0.0002,-0.018,0.0012,1.0,0.943
w10s-shp-cur-s73,w10s-shp-cur,73,6853632,0.59,1.045,0.0,0.2251,0.0682,0.0002,-0.0177,0.0011,1.0,0.943
w10s-shp-cur-s73,w10s-shp-cur,73,6884352,0.54,0.998,0.0,0.2722,0.0733,0.0002,-0.0189,0.0013,1.0,0.943
w10s-shp-cur-s73,w10s-shp-cur,73,6915072,0.59,1.037,0.0,0.5111,0.0704,0.0002,-0.0168,0.0012,1.0,0.943
w10s-shp-cur-s73,w10s-shp-cur,73,6945792,0.61,1.051,0.0,0.1102,0.0718,0.0002,-0.0184,0.0011,1.0,0.943
w10s-shp-cur-s73,w10s-shp-cur,73,6976512,0.53,0.944,0.0,0.4695,0.0702,0.0002,-0.0184,0.0012,1.0,0.943
w10s-shp-cur-s73,w10s-shp-cur,73,7007232,0.58,1.017,0.0,0.3079,0.0714,0.0002,-0.0179,0.0012,1.0,0.942
w10s-shp-cur-s73,w10s-shp-cur,73,7037952,0.65,1.087,0.0,0.2482,0.0715,0.0002,-0.0166,0.0011,1.0,0.942
w10s-shp-cur-s73,w10s-shp-cur,73,7068672,0.55,1.029,0.0,0.4158,0.0725,0.0002,-0.0193,0.0012,1.0,0.942
w10s-shp-cur-s73,w10s-shp-cur,73,7099392,0.62,1.069,0.0,0.441,0.071,0.0002,-0.0173,0.0011,1.0,0.942
w10s-shp-cur-s73,w10s-shp-cur,73,7130112,0.57,0.997,0.0,0.3358,0.0687,0.0002,-0.0194,0.0012,1.0,0.942
w10s-shp-cur-s73,w10s-shp-cur,73,7160832,0.63,1.056,0.0,0.5272,0.0685,0.0002,-0.0173,0.0011,1.0,0.942
w10s-shp-cur-s73,w10s-shp-cur,73,7191552,0.51,0.954,0.0,0.5236,0.0689,0.0002,-0.0199,0.0012,1.0,0.942
w10s-shp-cur-s73,w10s-shp-cur,73,7222272,0.59,1.041,0.0,0.3383,0.0724,0.0002,-0.018,0.0012,1.0,0.942
w10s-shp-cur-s73,w10s-shp-cur,73,7252992,0.52,0.987,0.0,0.2099,0.0703,0.0002,-0.0198,0.0011,1.0,0.941
w10s-shp-cur-s73,w10s-shp-cur,73,7283712,0.65,1.095,0.0,0.3299,0.0725,0.0002,-0.0188,0.0012,1.0,0.941
w10s-shp-cur-s73,w10s-shp-cur,73,7314432,0.56,1.02,0.0,0.4458,0.0701,0.0002,-0.0184,0.0012,1.0,0.941
w10s-shp-cur-s73,w10s-shp-cur,73,7345152,0.54,0.996,0.0,0.3984,0.0665,0.0002,-0.0175,0.0011,1.0,0.941
w10s-shp-cur-s73,w10s-shp-cur,73,7375872,0.52,0.956,0.0,0.3994,0.0728,0.0002,-0.0195,0.0012,1.0,0.941
w10s-shp-cur-s73,w10s-shp-cur,73,7406592,0.62,1.042,0.0,0.4003,0.0724,0.0002,-0.0189,0.0012,1.0,0.941
w10s-shp-cur-s73,w10s-shp-cur,73,7437312,0.58,1.034,0.0,0.3806,0.0692,0.0002,-0.0174,0.0011,1.0,0.941
w10s-shp-cur-s73,w10s-shp-cur,73,7468032,0.58,1.027,0.0,0.4734,0.0667,0.0002,-0.0172,0.0011,1.0,0.941
w10s-shp-cur-s73,w10s-shp-cur,73,7498752,0.66,1.061,0.0,0.4659,0.073,0.0002,-0.018,0.0012,1.0,0.94
w10s-shp-cur-s73,w10s-shp-cur,73,7529472,0.59,1.02,0.0,0.2835,0.0705,0.0002,-0.018,0.0011,1.0,0.94
w10s-shp-cur-s73,w10s-shp-cur,73,7560192,0.53,0.968,0.0,0.5036,0.0703,0.0002,-0.0186,0.0012,1.0,0.94
w10s-shp-cur-s73,w10s-shp-cur,73,7590912,0.66,1.109,0.0,0.6719,0.0649,0.0002,-0.0196,0.001,1.0,0.94
w10s-shp-cur-s73,w10s-shp-cur,73,7621632,0.63,1.032,0.0,0.5629,0.0673,0.0002,-0.0181,0.0011,1.0,0.94
w10s-shp-cur-s73,w10s-shp-cur,73,7652352,0.64,1.074,0.0,0.594,0.0692,0.0002,-0.0173,0.0011,1.0,0.94
w10s-shp-cur-s73,w10s-shp-cur,73,7683072,0.53,0.994,0.0,0.5231,0.0724,0.0002,-0.0168,0.0011,1.0,0.94
w10s-shp-cur-s73,w10s-shp-cur,73,7713792,0.54,0.986,0.0,0.4022,0.0691,0.0002,-0.0179,0.0011,1.0,0.94
w10s-shp-cur-s73,w10s-shp-cur,73,7744512,0.59,1.026,0.0,0.4901,0.0723,0.0002,-0.0171,0.0011,1.0,0.94
w10s-shp-cur-s73,w10s-shp-cur,73,7775232,0.64,1.054,0.0,0.5523,0.072,0.0002,-0.0169,0.0011,1.0,0.94
w10s-shp-cur-s73,w10s-shp-cur,73,7805952,0.67,1.091,0.0,0.3345,0.0717,0.0002,-0.0181,0.0011,1.0,0.939
w10s-shp-cur-s73,w10s-shp-cur,73,7836672,0.68,1.094,0.0,0.4847,0.073,0.0002,-0.0176,0.0012,1.0,0.939
w10s-shp-cur-s73,w10s-shp-cur,73,7867392,0.69,1.088,0.0,0.6921,0.0709,0.0002,-0.0183,0.0011,1.0,0.939
w10s-shp-cur-s73,w10s-shp-cur,73,7898112,0.59,1.049,0.0,0.445,0.0696,0.0002,-0.0181,0.0012,1.0,0.939
w10s-shp-cur-s73,w10s-shp-cur,73,7928832,0.67,1.101,0.0,0.5149,0.0698,0.0002,-0.0173,0.0011,1.0,0.939
w10s-shp-cur-s73,w10s-shp-cur,73,7959552,0.61,1.013,0.0,0.4178,0.0712,0.0002,-0.0183,0.001,1.0,0.939
w10s-shp-cur-s73,w10s-shp-cur,73,7990272,0.62,1.035,0.0,0.5542,0.0708,0.0002,-0.0184,0.0011,1.0,0.939
w10s-shp-cur-s73,w10s-shp-cur,73,8020992,0.72,1.129,0.0,0.4131,0.0704,0.0002,-0.0186,0.0011,1.0,0.939
w10s-shp-cur-s73,w10s-shp-cur,73,8051712,0.62,1.054,0.0,0.6025,0.0712,0.0002,-0.0189,0.0012,1.0,0.938
w10s-shp-cur-s73,w10s-shp-cur,73,8082432,0.6,1.043,0.0,0.5967,0.0672,0.0002,-0.0176,0.0011,1.0,0.938
w10s-shp-cur-s73,w10s-shp-cur,73,8113152,0.62,1.085,0.0,0.6842,0.0743,0.0002,-0.019,0.0012,1.0,0.938
w10s-shp-cur-s73,w10s-shp-cur,73,8143872,0.64,1.054,0.0,0.6298,0.0723,0.0002,-0.0193,0.001,1.0,0.938
w10s-shp-cur-s73,w10s-shp-cur,73,8174592,0.71,1.176,0.0,0.5688,0.0706,0.0002,-0.0189,0.0011,1.0,0.938
w10s-shp-cur-s73,w10s-shp-cur,73,8205312,0.7,1.138,0.0,0.3475,0.0712,0.0002,-0.0187,0.0012,1.0,0.938
w10s-shp-cur-s73,w10s-shp-cur,73,8236032,0.65,1.069,0.0,0.4092,0.0717,0.0002,-0.0165,0.0011,1.0,0.938
w10s-shp-cur-s73,w10s-shp-cur,73,8266752,0.65,1.102,0.0,0.6084,0.0671,0.0002,-0.0188,0.001,1.0,0.938
w10s-shp-cur-s73,w10s-shp-cur,73,8297472,0.58,1.027,0.0,0.7087,0.0702,0.0002,-0.0192,0.0011,1.0,0.938
w10s-shp-cur-s73,w10s-shp-cur,73,8328192,0.57,1.005,0.0,0.7079,0.0706,0.0002,-0.0177,0.0011,1.0,0.937
w10s-shp-cur-s73,w10s-shp-cur,73,8358912,0.76,1.149,0.0,0.627,0.0706,0.0002,-0.0169,0.0012,1.0,0.937
w10s-shp-cur-s73,w10s-shp-cur,73,8389632,0.61,1.046,0.0,0.8646,0.0674,0.0002,-0.0173,0.0012,1.0,0.937
w10s-shp-cur-s73,w10s-shp-cur,73,8420352,0.7,1.113,0.0,0.5862,0.0699,0.0002,-0.0191,0.0011,1.0,0.937
w10s-shp-cur-s73,w10s-shp-cur,73,8451072,0.62,1.041,0.0,0.603,0.0704,0.0002,-0.0168,0.0011,1.0,0.937
w10s-shp-cur-s73,w10s-shp-cur,73,8481792,0.71,1.121,0.0,0.738,0.0676,0.0002,-0.0182,0.0011,1.0,0.937
w10s-shp-cur-s73,w10s-shp-cur,73,8512512,0.72,1.113,0.0,0.7331,0.0716,0.0002,-0.0172,0.0011,1.0,0.937
w10s-shp-cur-s73,w10s-shp-cur,73,8543232,0.77,1.169,0.0,0.6916,0.0727,0.0002,-0.0202,0.0012,1.0,0.937
w10s-shp-cur-s73,w10s-shp-cur,73,8573952,0.65,1.101,0.0,0.7312,0.0691,0.0002,-0.0192,0.0011,1.0,0.937
w10s-shp-cur-s73,w10s-shp-cur,73,8604672,0.72,1.119,0.0,0.6879,0.0705,0.0002,-0.0197,0.001,1.0,0.936
w10s-shp-cur-s73,w10s-shp-cur,73,8635392,0.68,1.137,0.0,0.6217,0.0711,0.0002,-0.0169,0.001,1.0,0.936
w10s-shp-cur-s73,w10s-shp-cur,73,8666112,0.67,1.097,0.0,0.598,0.0696,0.0002,-0.018,0.0011,1.0,0.936
w10s-shp-cur-s73,w10s-shp-cur,73,8696832,0.71,1.12,0.0,0.4224,0.0667,0.0002,-0.02,0.0011,1.0,0.936
w10s-shp-cur-s73,w10s-shp-cur,73,8727552,0.73,1.132,0.0,0.4717,0.0708,0.0002,-0.0178,0.001,1.0,0.936
w10s-shp-cur-s73,w10s-shp-cur,73,8758272,0.74,1.147,0.0,0.6781,0.0698,0.0002,-0.0158,0.0011,1.0,0.936
w10s-shp-cur-s73,w10s-shp-cur,73,8788992,0.69,1.063,0.0,0.438,0.0666,0.0002,-0.0174,0.0011,1.0,0.936
w10s-shp-cur-s73,w10s-shp-cur,73,8819712,0.69,1.131,0.0,0.5529,0.0708,0.0002,-0.0179,0.0011,1.0,0.936
w10s-shp-cur-s73,w10s-shp-cur,73,8850432,0.7,1.143,0.0,0.6606,0.0727,0.0002,-0.0184,0.0011,1.0,0.936
w10s-shp-cur-s73,w10s-shp-cur,73,8881152,0.72,1.115,0.0,0.704,0.0694,0.0002,-0.0173,0.001,1.0,0.936
w10s-shp-cur-s73,w10s-shp-cur,73,8911872,0.76,1.148,0.0,0.683,0.0714,0.0002,-0.0198,0.001,1.0,0.935
w10s-shp-cur-s73,w10s-shp-cur,73,8942592,0.69,1.104,0.0,0.6757,0.0705,0.0002,-0.0191,0.0011,1.0,0.935
w10s-shp-cur-s73,w10s-shp-cur,73,8973312,0.68,1.072,0.0,0.6166,0.0721,0.0002,-0.0188,0.0011,1.0,0.935
w10s-shp-cur-s73,w10s-shp-cur,73,9004032,0.69,1.085,0.0,0.6846,0.0731,0.0002,-0.0179,0.0011,1.0,0.935
w10s-shp-cur-s73,w10s-shp-cur,73,9034752,0.7,1.087,0.0,0.6176,0.0691,0.0002,-0.0186,0.001,1.0,0.935
w10s-shp-cur-s73,w10s-shp-cur,73,9065472,0.68,1.112,0.0,0.74,0.0685,0.0002,-0.017,0.0011,1.0,0.935
w10s-shp-cur-s73,w10s-shp-cur,73,9096192,0.7,1.116,0.0,0.8059,0.0714,0.0002,-0.018,0.0011,1.0,0.935
w10s-shp-cur-s73,w10s-shp-cur,73,9126912,0.72,1.144,0.0,0.6665,0.0741,0.0002,-0.0182,0.001,1.0,0.935
w10s-shp-cur-s73,w10s-shp-cur,73,9157632,0.66,1.061,0.0,0.7555,0.0683,0.0002,-0.0179,0.001,1.0,0.935
w10s-shp-cur-s73,w10s-shp-cur,73,9188352,0.69,1.089,0.0,0.8048,0.0722,0.0002,-0.0176,0.0011,1.0,0.934
w10s-shp-cur-s73,w10s-shp-cur,73,9219072,0.74,1.161,0.0,0.6915,0.0706,0.0002,-0.0186,0.0011,1.0,0.934
w10s-shp-cur-s73,w10s-shp-cur,73,9249792,0.66,1.08,0.0,0.4134,0.0693,0.0002,-0.0158,0.001,1.0,0.934
w10s-shp-cur-s73,w10s-shp-cur,73,9280512,0.72,1.132,0.0,0.7109,0.0712,0.0002,-0.0202,0.001,1.0,0.934
w10s-shp-cur-s73,w10s-shp-cur,73,9311232,0.74,1.131,0.0,0.7862,0.0732,0.0002,-0.0173,0.0011,1.0,0.934
w10s-shp-cur-s73,w10s-shp-cur,73,9341952,0.7,1.133,0.0,0.8482,0.0719,0.0002,-0.0189,0.0011,1.0,0.934
w10s-shp-cur-s73,w10s-shp-cur,73,9372672,0.7,1.095,0.0,0.5828,0.0754,0.0002,-0.0179,0.001,1.0,0.934
w10s-shp-cur-s73,w10s-shp-cur,73,9403392,0.66,1.091,0.0,0.7182,0.0704,0.0002,-0.0178,0.001,1.0,0.934
w10s-shp-cur-s73,w10s-shp-cur,73,9434112,0.73,1.141,0.0,0.7356,0.0688,0.0002,-0.0176,0.001,1.0,0.933
w10s-shp-cur-s73,w10s-shp-cur,73,9464832,0.69,1.114,0.0,0.5234,0.0726,0.0002,-0.0198,0.001,1.0,0.933
w10s-shp-cur-s73,w10s-shp-cur,73,9495552,0.61,1.036,0.0,0.5808,0.0699,0.0002,-0.0182,0.001,1.0,0.933
w10s-shp-cur-s73,w10s-shp-cur,73,9526272,0.74,1.143,0.0,0.7521,0.0699,0.0002,-0.0188,0.001,1.0,0.933
w10s-shp-cur-s73,w10s-shp-cur,73,9556992,0.76,1.143,0.0,0.6322,0.0709,0.0002,-0.0178,0.001,1.0,0.933
w10s-shp-cur-s73,w10s-shp-cur,73,9587712,0.72,1.109,0.0,0.7763,0.0697,0.0002,-0.0189,0.001,1.0,0.933
w10s-shp-cur-s73,w10s-shp-cur,73,9618432,0.61,1.035,0.0,0.6399,0.0715,0.0002,-0.0177,0.001,1.0,0.933
w10s-shp-cur-s73,w10s-shp-cur,73,9649152,0.69,1.098,0.0,0.6451,0.0684,0.0002,-0.0178,0.0009,1.0,0.933
w10s-shp-cur-s73,w10s-shp-cur,73,9679872,0.72,1.107,0.0,0.677,0.0687,0.0002,-0.0189,0.001,1.0,0.933
w10s-shp-cur-s73,w10s-shp-cur,73,9710592,0.64,1.058,0.0,0.7306,0.0695,0.0002,-0.019,0.001,1.0,0.932
w10s-shp-cur-s73,w10s-shp-cur,73,9741312,0.71,1.163,0.0,0.6198,0.0686,0.0002,-0.0202,0.001,1.0,0.932
w10s-shp-cur-s73,w10s-shp-cur,73,9772032,0.73,1.144,0.0,0.6034,0.0705,0.0002,-0.0174,0.001,1.0,0.932
w10s-shp-cur-s73,w10s-shp-cur,73,9802752,0.71,1.121,0.0,0.7985,0.0684,0.0002,-0.0173,0.0011,1.0,0.932
w10s-shp-cur-s73,w10s-shp-cur,73,9833472,0.71,1.153,0.0,0.6172,0.0683,0.0002,-0.0172,0.001,1.0,0.932
w10s-shp-cur-s73,w10s-shp-cur,73,9864192,0.66,1.113,0.0,0.7573,0.0724,0.0002,-0.0175,0.0011,1.0,0.932
w10s-shp-cur-s73,w10s-shp-cur,73,9894912,0.69,1.12,0.0,0.6198,0.0761,0.0002,-0.0188,0.0011,1.0,0.932
w10s-shp-cur-s73,w10s-shp-cur,73,9925632,0.66,1.109,0.0,0.7002,0.0708,0.0002,-0.017,0.0011,1.0,0.932
w10s-shp-cur-s73,w10s-shp-cur,73,9956352,0.68,1.076,0.0,0.9175,0.0702,0.0002,-0.0174,0.0011,1.0,0.932
w10s-shp-cur-s73,w10s-shp-cur,73,9987072,0.69,1.143,0.0,0.6858,0.0705,0.0002,-0.0169,0.001,1.0,0.931
w10s-shp-cur-s73,w10s-shp-cur,73,10017792,0.75,1.151,0.0,0.7495,0.0692,0.0002,-0.0187,0.001,1.0,0.931
w10s-shp-cur-s73,w10s-shp-cur,73,10048512,0.76,1.144,0.0,0.7942,0.0715,0.0002,-0.0186,0.001,1.0,0.931
w10s-shp-cur-s73,w10s-shp-cur,73,10079232,0.76,1.192,0.0,0.8279,0.0702,0.0002,-0.0185,0.001,1.0,0.931
w10s-shp-cur-s73,w10s-shp-cur,73,10109952,0.73,1.17,0.0,0.6305,0.0732,0.0002,-0.0201,0.001,1.0,0.931
w10s-shp-cur-s73,w10s-shp-cur,73,10140672,0.78,1.211,0.0,0.6519,0.0684,0.0002,-0.0188,0.001,1.0,0.931
w10s-shp-cur-s73,w10s-shp-cur,73,10171392,0.72,1.165,0.0,0.745,0.0687,0.0002,-0.0173,0.001,1.0,0.931
w10s-shp-cur-s73,w10s-shp-cur,73,10202112,0.65,1.097,0.0,0.5974,0.0716,0.0002,-0.0197,0.0011,1.0,0.931
w10s-shp-cur-s73,w10s-shp-cur,73,10232832,0.77,1.159,0.0,0.7044,0.0705,0.0002,-0.0182,0.001,1.0,0.931
w10s-shp-cur-s73,w10s-shp-cur,73,10263552,0.68,1.135,0.0,0.6238,0.0675,0.0002,-0.019,0.001,1.0,0.93
w10s-shp-cur-s73,w10s-shp-cur,73,10294272,0.74,1.142,0.0,0.8485,0.0724,0.0002,-0.0185,0.0011,1.0,0.93
w10s-shp-cur-s73,w10s-shp-cur,73,10324992,0.73,1.182,0.0,0.7556,0.0693,0.0002,-0.0179,0.001,1.0,0.93
w10s-shp-cur-s73,w10s-shp-cur,73,10355712,0.77,1.181,0.0,0.9491,0.0746,0.0002,-0.0172,0.0011,1.0,0.93
w10s-shp-cur-s73,w10s-shp-cur,73,10386432,0.67,1.071,0.0,0.7768,0.0718,0.0002,-0.0175,0.0011,1.0,0.93
w10s-shp-cur-s73,w10s-shp-cur,73,10417152,0.78,1.179,0.0,0.7737,0.0687,0.0002,-0.0178,0.001,1.0,0.93
w10s-shp-cur-s73,w10s-shp-cur,73,10447872,0.74,1.173,0.0,0.7239,0.0691,0.0002,-0.0174,0.0009,1.0,0.93
w10s-shp-cur-s73,w10s-shp-cur,73,10478592,0.7,1.148,0.0,0.7027,0.0705,0.0002,-0.0192,0.0011,1.0,0.93
w10s-shp-cur-s73,w10s-shp-cur,73,10509312,0.77,1.18,0.0,0.6114,0.0675,0.0002,-0.0186,0.001,1.0,0.93
w10s-shp-cur-s73,w10s-shp-cur,73,10540032,0.78,1.216,0.0,0.8659,0.0696,0.0002,-0.0181,0.001,1.0,0.929
w10s-shp-cur-s73,w10s-shp-cur,73,10570752,0.8,1.244,0.0,0.8281,0.0759,0.0002,-0.0197,0.001,1.0,0.929
w10s-shp-cur-s73,w10s-shp-cur,73,10601472,0.78,1.182,0.0,0.8263,0.0699,0.0002,-0.0186,0.001,1.0,0.929
w10s-shp-cur-s73,w10s-shp-cur,73,10632192,0.69,1.157,0.0,0.8416,0.0714,0.0002,-0.0171,0.0011,1.0,0.929
w10s-shp-cur-s73,w10s-shp-cur,73,10662912,0.74,1.187,0.0,0.9502,0.068,0.0002,-0.0179,0.001,1.0,0.929
w10s-shp-cur-s73,w10s-shp-cur,73,10693632,0.73,1.145,0.0,0.6911,0.0727,0.0002,-0.0169,0.001,1.0,0.929
w10s-shp-cur-s73,w10s-shp-cur,73,10724352,0.78,1.204,0.0,0.7258,0.0687,0.0002,-0.016,0.001,1.0,0.929
w10s-shp-cur-s73,w10s-shp-cur,73,10755072,0.69,1.14,0.0,0.8348,0.0702,0.0002,-0.019,0.0011,1.0,0.929
w10s-shp-cur-s73,w10s-shp-cur,73,10785792,0.76,1.198,0.0,0.6196,0.0711,0.0002,-0.0155,0.001,1.0,0.929
w10s-shp-cur-s73,w10s-shp-cur,73,10816512,0.78,1.182,0.0,0.9048,0.069,0.0002,-0.0183,0.0011,1.0,0.928
w10s-shp-cur-s73,w10s-shp-cur,73,10847232,0.72,1.124,0.0,0.8268,0.0685,0.0002,-0.0186,0.0011,1.0,0.928
w10s-shp-cur-s73,w10s-shp-cur,73,10877952,0.76,1.194,0.0,0.7684,0.0698,0.0002,-0.0154,0.0009,1.0,0.928
w10s-shp-cur-s73,w10s-shp-cur,73,10908672,0.76,1.163,0.0,0.8014,0.0743,0.0002,-0.0183,0.0011,1.0,0.928
w10s-shp-cur-s73,w10s-shp-cur,73,10939392,0.66,1.1,0.0,0.754,0.0708,0.0002,-0.0177,0.0011,1.0,0.928
w10s-shp-cur-s73,w10s-shp-cur,73,10970112,0.74,1.164,0.0,0.6679,0.0679,0.0002,-0.0168,0.0009,1.0,0.928
w10s-shp-cur-s73,w10s-shp-cur,73,11000832,0.8,1.225,0.0,0.6031,0.0704,0.0002,-0.0183,0.001,1.0,0.928
w10s-shp-cur-s73,w10s-shp-cur,73,11031552,0.79,1.217,0.0,0.7215,0.0725,0.0002,-0.0195,0.0011,1.0,0.928
w10s-shp-cur-s73,w10s-shp-cur,73,11062272,0.72,1.146,0.0,0.8266,0.0714,0.0002,-0.0176,0.001,1.0,0.928
w10s-shp-cur-s73,w10s-shp-cur,73,11092992,0.79,1.197,0.0,0.721,0.0691,0.0002,-0.019,0.001,1.0,0.927
w10s-shp-cur-s73,w10s-shp-cur,73,11123712,0.67,1.12,0.0,0.7052,0.0673,0.0002,-0.0178,0.001,1.0,0.927
w10s-shp-cur-s73,w10s-shp-cur,73,11154432,0.73,1.156,0.0,0.8912,0.0687,0.0002,-0.0181,0.001,1.0,0.927
w10s-shp-cur-s73,w10s-shp-cur,73,11185152,0.73,1.205,0.0,0.7126,0.0709,0.0002,-0.0187,0.0009,1.0,0.927
w10s-shp-cur-s73,w10s-shp-cur,73,11215872,0.76,1.169,0.0,0.8422,0.0709,0.0002,-0.0183,0.001,1.0,0.927
w10s-shp-cur-s73,w10s-shp-cur,73,11246592,0.71,1.155,0.0,0.7664,0.0693,0.0002,-0.017,0.001,1.0,0.927
w10s-shp-cur-s73,w10s-shp-cur,73,11277312,0.71,1.148,0.0,0.9054,0.0678,0.0002,-0.0177,0.001,1.0,0.927
w10s-shp-cur-s73,w10s-shp-cur,73,11308032,0.75,1.176,0.0,0.8341,0.0724,0.0002,-0.0187,0.001,1.0,0.927
w10s-shp-cur-s73,w10s-shp-cur,73,11338752,0.78,1.217,0.0,0.9008,0.0724,0.0002,-0.017,0.0009,1.0,0.927
w10s-shp-cur-s73,w10s-shp-cur,73,11369472,0.8,1.243,0.0,0.7089,0.0704,0.0002,-0.0185,0.001,1.0,0.926
w10s-shp-cur-s73,w10s-shp-cur,73,11400192,0.67,1.114,0.0,0.9136,0.0702,0.0002,-0.0183,0.0011,1.0,0.926
w10s-shp-cur-s73,w10s-shp-cur,73,11430912,0.75,1.192,0.0,0.8674,0.0703,0.0002,-0.0178,0.001,1.0,0.926
w10s-shp-cur-s73,w10s-shp-cur,73,11461632,0.76,1.204,0.0,0.991,0.0713,0.0002,-0.0165,0.001,1.0,0.926
w10s-shp-cur-s73,w10s-shp-cur,73,11492352,0.78,1.191,0.0,0.8097,0.0707,0.0002,-0.0181,0.001,1.0,0.926
w10s-shp-cur-s73,w10s-shp-cur,73,11523072,0.75,1.186,0.0,0.8963,0.0723,0.0002,-0.0179,0.001,1.0,0.926
w10s-shp-cur-s73,w10s-shp-cur,73,11553792,0.76,1.176,0.0,0.8572,0.0717,0.0002,-0.0181,0.0011,1.0,0.926
w10s-shp-cur-s73,w10s-shp-cur,73,11584512,0.81,1.216,0.0,0.9013,0.0711,0.0002,-0.0178,0.001,1.0,0.926
w10s-shp-cur-s73,w10s-shp-cur,73,11615232,0.81,1.231,0.0,0.8718,0.0699,0.0002,-0.0174,0.0009,1.0,0.926
w10s-shp-cur-s73,w10s-shp-cur,73,11645952,0.79,1.21,0.0,0.7853,0.0682,0.0002,-0.0187,0.0009,1.0,0.926
w10s-shp-cur-s73,w10s-shp-cur,73,11676672,0.8,1.231,0.0,0.7603,0.07,0.0002,-0.0178,0.001,1.0,0.925
w10s-shp-cur-s73,w10s-shp-cur,73,11707392,0.75,1.192,0.0,0.8253,0.0714,0.0002,-0.0184,0.001,1.0,0.925
w10s-shp-cur-s73,w10s-shp-cur,73,11738112,0.75,1.184,0.0,0.7618,0.076,0.0002,-0.0177,0.0011,1.0,0.925
w10s-shp-cur-s73,w10s-shp-cur,73,11768832,0.79,1.221,0.0,0.8908,0.0695,0.0002,-0.0181,0.0011,1.0,0.925
w10s-shp-cur-s73,w10s-shp-cur,73,11799552,0.83,1.267,0.0,0.8287,0.0746,0.0002,-0.0193,0.001,1.0,0.925
w10s-shp-cur-s73,w10s-shp-cur,73,11830272,0.86,1.271,0.0,0.8533,0.0688,0.0002,-0.0188,0.001,1.0,0.925
w10s-shp-cur-s73,w10s-shp-cur,73,11860992,0.77,1.214,0.0,0.7415,0.073,0.0002,-0.0189,0.0011,1.0,0.925
w10s-shp-cur-s73,w10s-shp-cur,73,11891712,0.83,1.255,0.0,0.7754,0.0703,0.0002,-0.0175,0.0011,1.0,0.925
w10s-shp-cur-s73,w10s-shp-cur,73,11922432,0.79,1.2,0.0,0.8439,0.0657,0.0002,-0.0177,0.001,1.0,0.925
w10s-shp-cur-s73,w10s-shp-cur,73,11953152,0.8,1.209,0.0,0.8583,0.0686,0.0002,-0.0186,0.001,1.0,0.925
w10s-shp-cur-s73,w10s-shp-cur,73,11983872,0.71,1.175,0.0,0.7723,0.0701,0.0002,-0.0179,0.001,1.0,0.925
w10s-shp-cur-s73,w10s-shp-cur,73,12014592,0.8,1.207,0.0,0.8393,0.07,0.0002,-0.0187,0.001,1.0,0.924
w10s-shp-cur-s73,w10s-shp-cur,73,12045312,0.7,1.147,0.0,0.8147,0.0703,0.0002,-0.0191,0.001,1.0,0.924
w10s-shp-cur-s73,w10s-shp-cur,73,12076032,0.76,1.218,0.0,0.7474,0.0672,0.0002,-0.0167,0.001,1.0,0.924
w10s-shp-cur-s73,w10s-shp-cur,73,12106752,0.77,1.208,0.0,1.0552,0.0679,0.0002,-0.0178,0.001,1.0,0.924
w10s-shp-cur-s73,w10s-shp-cur,73,12137472,0.76,1.214,0.0,0.7547,0.0709,0.0002,-0.0188,0.0011,1.0,0.924
w10s-shp-cur-s73,w10s-shp-cur,73,12168192,0.86,1.291,0.0,1.0151,0.0717,0.0002,-0.0174,0.001,1.0,0.924
w10s-shp-cur-s73,w10s-shp-cur,73,12198912,0.78,1.193,0.0,0.8008,0.0701,0.0002,-0.0177,0.0011,1.0,0.924
w10s-shp-cur-s73,w10s-shp-cur,73,12229632,0.8,1.227,0.0,0.8646,0.0701,0.0002,-0.0191,0.0011,1.0,0.924
w10s-shp-cur-s73,w10s-shp-cur,73,12260352,0.73,1.218,0.0,0.7545,0.0685,0.0002,-0.0165,0.001,1.0,0.924
w10s-shp-cur-s73,w10s-shp-cur,73,12291072,0.72,1.197,0.0,0.8649,0.0689,0.0002,-0.0187,0.001,1.0,0.924
w10s-shp-cur-s73,w10s-shp-cur,73,12321792,0.75,1.198,0.0,0.9028,0.0718,0.0002,-0.0181,0.001,1.0,0.924
w10s-shp-cur-s73,w10s-shp-cur,73,12352512,0.67,1.16,0.0,1.0194,0.0705,0.0002,-0.0175,0.001,1.0,0.924
w10s-shp-cur-s73,w10s-shp-cur,73,12383232,0.75,1.199,0.0,0.8924,0.0698,0.0002,-0.02,0.001,1.0,0.924
w10s-shp-cur-s73,w10s-shp-cur,73,12413952,0.86,1.255,0.0,0.8801,0.0721,0.0002,-0.0177,0.001,1.0,0.923
w10s-shp-cur-s73,w10s-shp-cur,73,12444672,0.76,1.211,0.0,0.8035,0.0709,0.0002,-0.0179,0.0011,1.0,0.923
w10s-shp-cur-s73,w10s-shp-cur,73,12475392,0.82,1.243,0.0,0.8413,0.0722,0.0002,-0.0179,0.001,1.0,0.923
w10s-shp-cur-s73,w10s-shp-cur,73,12506112,0.8,1.233,0.0,0.8323,0.0713,0.0002,-0.0162,0.001,1.0,0.923
w10s-shp-cur-s73,w10s-shp-cur,73,12536832,0.82,1.262,0.0,0.8994,0.0705,0.0002,-0.0179,0.0011,1.0,0.923
w10s-shp-cur-s73,w10s-shp-cur,73,12567552,0.82,1.211,0.0,0.8911,0.0699,0.0002,-0.0186,0.001,1.0,0.923
w10s-shp-cur-s73,w10s-shp-cur,73,12598272,0.79,1.233,0.0,0.8864,0.0734,0.0002,-0.0165,0.0011,1.0,0.923
w10s-shp-cur-s73,w10s-shp-cur,73,12628992,0.85,1.259,0.0,0.9109,0.068,0.0002,-0.0189,0.001,1.0,0.923
w10s-shp-cur-s73,w10s-shp-cur,73,12659712,0.73,1.197,0.0,0.8776,0.074,0.0002,-0.0178,0.001,1.0,0.923
w10s-shp-cur-s73,w10s-shp-cur,73,12690432,0.84,1.248,0.0,0.9173,0.0694,0.0002,-0.0175,0.001,1.0,0.923
w10s-shp-cur-s73,w10s-shp-cur,73,12721152,0.78,1.21,0.0,0.8721,0.0707,0.0002,-0.0171,0.0011,1.0,0.923
w10s-shp-cur-s73,w10s-shp-cur,73,12751872,0.77,1.224,0.0,0.8283,0.0701,0.0002,-0.0194,0.0009,1.0,0.923
w10s-shp-cur-s73,w10s-shp-cur,73,12782592,0.74,1.184,0.0,1.0424,0.0713,0.0002,-0.0176,0.0011,1.0,0.923
w10s-shp-cur-s73,w10s-shp-cur,73,12813312,0.76,1.211,0.0,0.7214,0.0683,0.0002,-0.0178,0.001,1.0,0.922
w10s-shp-cur-s73,w10s-shp-cur,73,12844032,0.8,1.222,0.0,0.8733,0.0743,0.0002,-0.0189,0.0011,1.0,0.922
w10s-shp-cur-s73,w10s-shp-cur,73,12874752,0.78,1.243,0.0,0.9912,0.0707,0.0002,-0.0173,0.0011,1.0,0.922
w10s-shp-cur-s73,w10s-shp-cur,73,12905472,0.81,1.245,0.0,0.9588,0.0688,0.0002,-0.0193,0.001,1.0,0.922
w10s-shp-cur-s73,w10s-shp-cur,73,12936192,0.8,1.215,0.0,0.9065,0.0714,0.0002,-0.018,0.001,1.0,0.922
w10s-shp-cur-s73,w10s-shp-cur,73,12966912,0.8,1.221,0.0,0.832,0.0719,0.0002,-0.0164,0.001,1.0,0.922
w10s-shp-cur-s73,w10s-shp-cur,73,12997632,0.82,1.247,0.0,0.8155,0.0698,0.0002,-0.0169,0.001,1.0,0.922
w10s-shp-cur-s73,w10s-shp-cur,73,13028352,0.87,1.288,0.0,0.8673,0.073,0.0002,-0.019,0.001,1.0,0.922
w10s-shp-cur-s73,w10s-shp-cur,73,13059072,0.82,1.241,0.0,0.9798,0.07,0.0002,-0.0181,0.001,1.0,0.922
w10s-shp-cur-s73,w10s-shp-cur,73,13089792,0.75,1.19,0.0,1.0675,0.0713,0.0002,-0.0182,0.001,1.0,0.922
w10s-shp-cur-s73,w10s-shp-cur,73,13120512,0.83,1.248,0.0,0.8649,0.0689,0.0002,-0.0176,0.001,1.0,0.922
w10s-shp-cur-s73,w10s-shp-cur,73,13151232,0.8,1.239,0.0,0.9252,0.0752,0.0002,-0.0189,0.001,1.0,0.922
w10s-shp-cur-s73,w10s-shp-cur,73,13181952,0.79,1.214,0.0,0.9278,0.0729,0.0002,-0.0176,0.0011,1.0,0.922
w10s-shp-cur-s73,w10s-shp-cur,73,13212672,0.77,1.232,0.0,1.0845,0.0692,0.0002,-0.0195,0.001,1.0,0.922
w10s-shp-cur-s73,w10s-shp-cur,73,13243392,0.83,1.253,0.0,1.0409,0.0712,0.0002,-0.0173,0.001,1.0,0.921
w10s-shp-cur-s73,w10s-shp-cur,73,13274112,0.82,1.25,0.0,0.9175,0.0718,0.0002,-0.0186,0.001,1.0,0.921
w10s-shp-cur-s73,w10s-shp-cur,73,13304832,0.8,1.258,0.0,0.8393,0.0706,0.0002,-0.019,0.001,1.0,0.921
w10s-shp-cur-s73,w10s-shp-cur,73,13335552,0.81,1.243,0.0,0.9897,0.0718,0.0002,-0.0188,0.001,1.0,0.921
w10s-shp-cur-s73,w10s-shp-cur,73,13366272,0.78,1.204,0.0,1.0856,0.068,0.0002,-0.0171,0.001,1.0,0.921
w10s-shp-cur-s73,w10s-shp-cur,73,13396992,0.78,1.229,0.0,0.8606,0.0686,0.0002,-0.0178,0.001,1.0,0.921
w10s-shp-cur-s73,w10s-shp-cur,73,13427712,0.82,1.261,0.0,0.9029,0.0684,0.0002,-0.0185,0.001,1.0,0.921
w10s-shp-cur-s73,w10s-shp-cur,73,13458432,0.78,1.227,0.0,1.0303,0.0703,0.0002,-0.0169,0.0011,1.0,0.921
w10s-shp-cur-s73,w10s-shp-cur,73,13489152,0.78,1.21,0.0,0.9222,0.0704,0.0002,-0.0177,0.001,1.0,0.921
w10s-shp-cur-s73,w10s-shp-cur,73,13519872,0.86,1.269,0.0,0.8509,0.0722,0.0002,-0.019,0.0009,1.0,0.921
w10s-shp-cur-s73,w10s-shp-cur,73,13550592,0.83,1.263,0.0,1.0746,0.0705,0.0002,-0.0176,0.0009,1.0,0.921
w10s-shp-cur-s73,w10s-shp-cur,73,13581312,0.88,1.258,0.0,1.1602,0.0729,0.0002,-0.0185,0.001,1.0,0.921
w10s-shp-cur-s73,w10s-shp-cur,73,13612032,0.78,1.214,0.0,0.9922,0.0705,0.0002,-0.0187,0.0009,1.0,0.921
w10s-shp-cur-s73,w10s-shp-cur,73,13642752,0.82,1.259,0.0,0.9275,0.0743,0.0002,-0.0185,0.001,1.0,0.921
w10s-shp-cur-s73,w10s-shp-cur,73,13673472,0.82,1.277,0.0,0.894,0.069,0.0002,-0.019,0.001,1.0,0.92
w10s-shp-cur-s73,w10s-shp-cur,73,13704192,0.81,1.267,0.0,1.0194,0.068,0.0002,-0.0192,0.0009,1.0,0.92
w10s-shp-cur-s73,w10s-shp-cur,73,13734912,0.83,1.265,0.0,1.0161,0.071,0.0002,-0.0173,0.001,1.0,0.92
w10s-shp-cur-s73,w10s-shp-cur,73,13765632,0.85,1.267,0.0,1.0335,0.0722,0.0002,-0.0179,0.001,1.0,0.92
w10s-shp-cur-s73,w10s-shp-cur,73,13796352,0.8,1.244,0.0,0.9218,0.0679,0.0002,-0.0184,0.001,1.0,0.92
w10s-shp-cur-s73,w10s-shp-cur,73,13827072,0.83,1.28,0.0,1.0538,0.0749,0.0002,-0.0174,0.001,1.0,0.92
w10s-shp-cur-s73,w10s-shp-cur,73,13857792,0.83,1.253,0.0,0.9359,0.0715,0.0002,-0.0179,0.001,1.0,0.92
w10s-shp-cur-s73,w10s-shp-cur,73,13888512,0.79,1.239,0.0,1.1128,0.0717,0.0002,-0.0189,0.001,1.0,0.92
w10s-shp-cur-s73,w10s-shp-cur,73,13919232,0.83,1.261,0.0,0.9419,0.0709,0.0002,-0.0177,0.001,1.0,0.92
w10s-shp-cur-s73,w10s-shp-cur,73,13949952,0.88,1.294,0.0,1.0035,0.0705,0.0002,-0.018,0.001,1.0,0.92
w10s-shp-cur-s73,w10s-shp-cur,73,13980672,0.87,1.313,0.0,0.8459,0.0691,0.0002,-0.0171,0.001,1.0,0.92
w10s-shp-cur-s73,w10s-shp-cur,73,14011392,0.82,1.272,0.0,0.7615,0.0683,0.0002,-0.0162,0.0009,1.0,0.92
w10s-shp-cur-s73,w10s-shp-cur,73,14042112,0.86,1.263,0.0,0.9345,0.0726,0.0002,-0.0173,0.001,1.0,0.92
w10s-shp-cur-s73,w10s-shp-cur,73,14072832,0.87,1.317,0.0,0.9398,0.0685,0.0002,-0.0179,0.001,1.0,0.919
w10s-shp-cur-s73,w10s-shp-cur,73,14103552,0.84,1.281,0.0,1.005,0.072,0.0002,-0.0181,0.001,1.0,0.919
w10s-shp-cur-s73,w10s-shp-cur,73,14134272,0.88,1.275,0.0,1.0386,0.0698,0.0002,-0.0178,0.001,1.0,0.919
w10s-shp-cur-s73,w10s-shp-cur,73,14164992,0.81,1.246,0.0,1.0854,0.0706,0.0002,-0.0179,0.001,1.0,0.919
w10s-shp-cur-s73,w10s-shp-cur,73,14195712,0.86,1.266,0.0,0.9066,0.0698,0.0002,-0.0191,0.001,1.0,0.919
w10s-shp-cur-s73,w10s-shp-cur,73,14226432,0.9,1.343,0.0,1.0509,0.0686,0.0002,-0.0182,0.0009,1.0,0.919
w10s-shp-cur-s73,w10s-shp-cur,73,14257152,0.86,1.283,0.0,0.9622,0.0688,0.0002,-0.0186,0.0009,1.0,0.919
w10s-shp-cur-s73,w10s-shp-cur,73,14287872,0.81,1.229,0.0,0.952,0.0706,0.0002,-0.0165,0.001,1.0,0.919
w10s-shp-cur-s73,w10s-shp-cur,73,14318592,0.85,1.281,0.0,1.0623,0.0698,0.0002,-0.0174,0.001,1.0,0.919
w10s-shp-cur-s73,w10s-shp-cur,73,14349312,0.83,1.253,0.0,1.1363,0.0721,0.0002,-0.0186,0.0009,1.0,0.919
w10s-shp-cur-s73,w10s-shp-cur,73,14380032,0.89,1.339,0.0,1.1221,0.0711,0.0002,-0.0188,0.0009,1.0,0.919
w10s-shp-cur-s73,w10s-shp-cur,73,14410752,0.79,1.26,0.0,1.0398,0.0694,0.0002,-0.0175,0.0009,1.0,0.919
w10s-shp-cur-s73,w10s-shp-cur,73,14441472,0.84,1.29,0.0,1.0633,0.0699,0.0002,-0.0188,0.0009,1.0,0.919
w10s-shp-cur-s73,w10s-shp-cur,73,14472192,0.86,1.268,0.0,1.0182,0.0724,0.0002,-0.0194,0.0009,1.0,0.919
w10s-shp-cur-s73,w10s-shp-cur,73,14502912,0.84,1.254,0.0,1.1356,0.0702,0.0002,-0.0173,0.0009,1.0,0.918
w10s-shp-cur-s73,w10s-shp-cur,73,14533632,0.84,1.289,0.0,1.0993,0.0726,0.0002,-0.017,0.0009,1.0,0.918
w10s-shp-cur-s73,w10s-shp-cur,73,14564352,0.91,1.31,0.0,0.872,0.0709,0.0002,-0.0184,0.0009,1.0,0.918
w10s-shp-cur-s73,w10s-shp-cur,73,14595072,0.87,1.296,0.0,0.7708,0.0707,0.0002,-0.0184,0.0009,1.0,0.918
w10s-shp-cur-s73,w10s-shp-cur,73,14625792,0.87,1.276,0.0,0.7885,0.0713,0.0002,-0.0174,0.0009,1.0,0.918
w10s-shp-cur-s73,w10s-shp-cur,73,14656512,0.87,1.306,0.0,1.0647,0.0735,0.0002,-0.0179,0.001,1.0,0.918
w10s-shp-cur-s73,w10s-shp-cur,73,14687232,0.89,1.329,0.0,0.9784,0.0702,0.0002,-0.018,0.0009,1.0,0.918
w10s-shp-cur-s73,w10s-shp-cur,73,14717952,0.83,1.263,0.0,1.1811,0.0737,0.0002,-0.0174,0.0009,1.0,0.918
w10s-shp-cur-s73,w10s-shp-cur,73,14748672,0.89,1.315,0.0,0.9325,0.0708,0.0002,-0.0176,0.0009,1.0,0.918
w10s-shp-cur-s73,w10s-shp-cur,73,14779392,0.84,1.26,0.0,1.0088,0.0727,0.0002,-0.0182,0.0009,1.0,0.918
w10s-shp-cur-s73,w10s-shp-cur,73,14810112,0.85,1.244,0.0,1.1705,0.072,0.0002,-0.018,0.001,1.0,0.918
w10s-shp-cur-s73,w10s-shp-cur,73,14840832,0.86,1.301,0.0,1.0831,0.0691,0.0002,-0.0188,0.0009,1.0,0.918
w10s-shp-cur-s73,w10s-shp-cur,73,14871552,0.84,1.279,0.0,1.1215,0.0727,0.0002,-0.0194,0.001,1.0,0.917
w10s-shp-cur-s73,w10s-shp-cur,73,14902272,0.91,1.331,0.0,0.9423,0.0704,0.0002,-0.0184,0.0009,1.0,0.917
w10s-shp-cur-s73,w10s-shp-cur,73,14932992,0.86,1.247,0.0,1.0737,0.0689,0.0002,-0.0167,0.0009,1.0,0.917
w10s-shp-cur-s73,w10s-shp-cur,73,14963712,0.87,1.283,0.0,1.152,0.0721,0.0002,-0.0188,0.0009,1.0,0.917
w10s-shp-cur-s73,w10s-shp-cur,73,14994432,0.85,1.277,0.0,1.1397,0.0684,0.0002,-0.0184,0.0009,1.0,0.917
w10s-shp-cur-s73,w10s-shp-cur,73,14997504,0.9,1.298,0.0,1.1354,0.0676,0.0002,-0.0182,0.0009,1.0,0.917
w10s-shp-off-s71,w10s-shp-off,71,3072,0.0,0.46,-1.0,,,,,,,
w10s-shp-off-s71,w10s-shp-off,71,33792,0.0,0.428,-1.0,-0.9564,0.0693,0.0002,-0.0171,0.015,0.96,0.926
w10s-shp-off-s71,w10s-shp-off,71,64512,0.0,0.491,-1.0,-1.0,0.0716,0.0002,-0.0181,0.0122,0.996,0.925
w10s-shp-off-s71,w10s-shp-off,71,95232,0.0,0.457,-1.0,-1.0,0.0695,0.0002,-0.0172,0.01,0.999,0.925
w10s-shp-off-s71,w10s-shp-off,71,125952,0.03,0.543,-1.0,-0.9558,0.0712,0.0002,-0.0165,0.0087,0.999,0.925
w10s-shp-off-s71,w10s-shp-off,71,156672,0.0,0.5,-1.0,-0.9778,0.074,0.0002,-0.0197,0.008,1.0,0.924
w10s-shp-off-s71,w10s-shp-off,71,187392,0.04,0.5,-1.0,-0.9094,0.0705,0.0002,-0.0175,0.0072,1.0,0.927
w10s-shp-off-s71,w10s-shp-off,71,218112,0.0,0.486,-1.0,-0.958,0.0701,0.0002,-0.0168,0.0065,1.0,0.928
w10s-shp-off-s71,w10s-shp-off,71,248832,0.01,0.497,-1.0,-0.975,0.0718,0.0002,-0.0168,0.0058,1.0,0.928
w10s-shp-off-s71,w10s-shp-off,71,279552,0.01,0.48,-1.0,-1.0,0.0734,0.0002,-0.0188,0.0062,1.0,0.929
w10s-shp-off-s71,w10s-shp-off,71,310272,0.01,0.525,-1.0,-0.9068,0.0703,0.0002,-0.0177,0.0055,1.0,0.93
w10s-shp-off-s71,w10s-shp-off,71,340992,0.04,0.531,-1.0,-0.9518,0.0694,0.0002,-0.0184,0.0053,1.0,0.93
w10s-shp-off-s71,w10s-shp-off,71,371712,0.02,0.519,-1.0,-0.9764,0.0726,0.0002,-0.0177,0.0053,1.0,0.931
w10s-shp-off-s71,w10s-shp-off,71,402432,0.01,0.499,-1.0,-0.9282,0.0686,0.0002,-0.0189,0.0048,1.0,0.931
w10s-shp-off-s71,w10s-shp-off,71,433152,0.03,0.531,-1.0,-0.975,0.0706,0.0002,-0.0174,0.005,1.0,0.931
w10s-shp-off-s71,w10s-shp-off,71,463872,0.03,0.564,-1.0,-0.975,0.071,0.0002,-0.0181,0.0056,1.0,0.932
w10s-shp-off-s71,w10s-shp-off,71,494592,0.01,0.506,-1.0,-0.9042,0.0729,0.0002,-0.0174,0.0049,1.0,0.933
w10s-shp-off-s71,w10s-shp-off,71,525312,0.06,0.532,-1.0,-0.975,0.0703,0.0002,-0.0182,0.0047,1.0,0.933
w10s-shp-off-s71,w10s-shp-off,71,556032,0.0,0.518,-1.0,-0.9764,0.0685,0.0002,-0.0186,0.0044,1.0,0.934
w10s-shp-off-s71,w10s-shp-off,71,586752,0.03,0.533,-1.0,-0.9765,0.0719,0.0002,-0.0171,0.0042,1.0,0.933
w10s-shp-off-s71,w10s-shp-off,71,617472,0.01,0.542,-1.0,-0.9081,0.0687,0.0002,-0.0176,0.0041,1.0,0.933
w10s-shp-off-s71,w10s-shp-off,71,648192,0.03,0.525,-1.0,-0.956,0.0721,0.0002,-0.0173,0.0042,1.0,0.933
w10s-shp-off-s71,w10s-shp-off,71,678912,0.02,0.499,-1.0,-0.958,0.071,0.0002,-0.0167,0.0039,1.0,0.933
w10s-shp-off-s71,w10s-shp-off,71,709632,0.04,0.552,-1.0,-0.9252,0.0718,0.0002,-0.0154,0.0035,1.0,0.933
w10s-shp-off-s71,w10s-shp-off,71,740352,0.03,0.535,-1.0,-0.9796,0.0712,0.0002,-0.0177,0.004,1.0,0.933
w10s-shp-off-s71,w10s-shp-off,71,771072,0.02,0.522,-1.0,-0.933,0.0714,0.0002,-0.018,0.0032,1.0,0.933
w10s-shp-off-s71,w10s-shp-off,71,801792,0.01,0.52,-1.0,-0.9053,0.0718,0.0002,-0.0183,0.0037,1.0,0.933
w10s-shp-off-s71,w10s-shp-off,71,832512,0.02,0.54,-1.0,-0.903,0.071,0.0002,-0.0178,0.0036,1.0,0.934
w10s-shp-off-s71,w10s-shp-off,71,863232,0.01,0.491,-1.0,-0.8361,0.0726,0.0002,-0.0183,0.0035,1.0,0.934
w10s-shp-off-s71,w10s-shp-off,71,893952,0.04,0.524,-1.0,-1.0,0.0699,0.0002,-0.0178,0.0031,1.0,0.934
w10s-shp-off-s71,w10s-shp-off,71,924672,0.01,0.532,-1.0,-0.9547,0.0717,0.0002,-0.0164,0.0034,1.0,0.935
w10s-shp-off-s71,w10s-shp-off,71,955392,0.02,0.54,-1.0,-0.9105,0.0706,0.0002,-0.0182,0.0032,1.0,0.935
w10s-shp-off-s71,w10s-shp-off,71,986112,0.01,0.466,-1.0,-0.8777,0.0701,0.0002,-0.0194,0.0033,1.0,0.935
w10s-shp-off-s71,w10s-shp-off,71,1016832,0.02,0.535,-1.0,-0.9353,0.0712,0.0002,-0.0178,0.0032,1.0,0.935
w10s-shp-off-s71,w10s-shp-off,71,1047552,0.01,0.487,-1.0,-0.9006,0.0704,0.0002,-0.0187,0.0031,1.0,0.935
w10s-shp-off-s71,w10s-shp-off,71,1078272,0.0,0.468,-1.0,-0.979,0.0682,0.0002,-0.0193,0.0031,1.0,0.935
w10s-shp-off-s71,w10s-shp-off,71,1108992,0.06,0.552,-1.0,-0.9287,0.0693,0.0002,-0.0175,0.0032,1.0,0.936
w10s-shp-off-s71,w10s-shp-off,71,1139712,0.02,0.515,-1.0,-0.9312,0.0723,0.0002,-0.0161,0.003,1.0,0.936
w10s-shp-off-s71,w10s-shp-off,71,1170432,0.03,0.554,-1.0,-0.9757,0.0703,0.0002,-0.0175,0.0028,1.0,0.936
w10s-shp-off-s71,w10s-shp-off,71,1201152,0.01,0.52,-1.0,-0.7855,0.0718,0.0002,-0.0185,0.0029,1.0,0.936
w10s-shp-off-s71,w10s-shp-off,71,1231872,0.03,0.508,-1.0,-0.9537,0.0726,0.0002,-0.0173,0.0027,1.0,0.936
w10s-shp-off-s71,w10s-shp-off,71,1262592,0.02,0.51,-1.0,-0.93,0.07,0.0002,-0.0165,0.0027,1.0,0.937
w10s-shp-off-s71,w10s-shp-off,71,1293312,0.03,0.553,-1.0,-0.9289,0.0719,0.0002,-0.0168,0.0026,1.0,0.937
w10s-shp-off-s71,w10s-shp-off,71,1324032,0.03,0.504,-1.0,-0.9778,0.0737,0.0002,-0.0183,0.0029,1.0,0.937
w10s-shp-off-s71,w10s-shp-off,71,1354752,0.04,0.579,-1.0,-0.9104,0.0726,0.0002,-0.0178,0.0028,1.0,0.937
w10s-shp-off-s71,w10s-shp-off,71,1385472,0.03,0.505,-1.0,-0.9568,0.0687,0.0002,-0.0179,0.0027,1.0,0.937
w10s-shp-off-s71,w10s-shp-off,71,1416192,0.01,0.504,-1.0,-0.9297,0.0747,0.0002,-0.0181,0.0028,1.0,0.937
w10s-shp-off-s71,w10s-shp-off,71,1446912,0.03,0.532,-1.0,-0.8619,0.0672,0.0002,-0.0183,0.0026,1.0,0.938
w10s-shp-off-s71,w10s-shp-off,71,1477632,0.01,0.53,-1.0,-1.0,0.0703,0.0002,-0.0185,0.0028,1.0,0.938
w10s-shp-off-s71,w10s-shp-off,71,1508352,0.06,0.564,-1.0,-0.8812,0.0705,0.0002,-0.0163,0.0026,1.0,0.938
w10s-shp-off-s71,w10s-shp-off,71,1539072,0.05,0.569,-1.0,-0.8558,0.0679,0.0002,-0.0181,0.0027,1.0,0.939
w10s-shp-off-s71,w10s-shp-off,71,1569792,0.03,0.524,-1.0,-0.9786,0.0751,0.0002,-0.0194,0.0028,1.0,0.939
w10s-shp-off-s71,w10s-shp-off,71,1600512,0.03,0.563,-1.0,-0.929,0.0679,0.0002,-0.0182,0.0024,1.0,0.939
w10s-shp-off-s71,w10s-shp-off,71,1631232,0.02,0.532,-1.0,-0.8663,0.0685,0.0002,-0.0176,0.0025,1.0,0.94
w10s-shp-off-s71,w10s-shp-off,71,1661952,0.03,0.495,-1.0,-0.8598,0.0702,0.0002,-0.0169,0.0024,1.0,0.94
w10s-shp-off-s71,w10s-shp-off,71,1692672,0.06,0.534,-1.0,-0.9289,0.0706,0.0002,-0.0159,0.0023,1.0,0.94
w10s-shp-off-s71,w10s-shp-off,71,1723392,0.01,0.499,-1.0,-0.8827,0.0731,0.0002,-0.0169,0.0022,1.0,0.94
w10s-shp-off-s71,w10s-shp-off,71,1754112,0.04,0.53,-1.0,-0.9364,0.0687,0.0002,-0.0163,0.0025,1.0,0.94
w10s-shp-off-s71,w10s-shp-off,71,1784832,0.07,0.548,-1.0,-0.9558,0.0734,0.0002,-0.0176,0.0024,1.0,0.94
w10s-shp-off-s71,w10s-shp-off,71,1815552,0.04,0.553,-1.0,-0.8691,0.0721,0.0002,-0.0193,0.0023,1.0,0.94
w10s-shp-off-s71,w10s-shp-off,71,1846272,0.04,0.592,-1.0,-0.8822,0.0711,0.0002,-0.0181,0.0023,1.0,0.941
w10s-shp-off-s71,w10s-shp-off,71,1876992,0.0,0.483,-1.0,-0.9277,0.0709,0.0002,-0.0205,0.0023,1.0,0.941
w10s-shp-off-s71,w10s-shp-off,71,1907712,0.06,0.536,-1.0,-0.8807,0.0691,0.0002,-0.019,0.0024,1.0,0.941
w10s-shp-off-s71,w10s-shp-off,71,1938432,0.02,0.505,-1.0,-0.9076,0.0739,0.0002,-0.0183,0.0024,1.0,0.941
w10s-shp-off-s71,w10s-shp-off,71,1969152,0.13,0.638,-1.0,-0.9309,0.0727,0.0002,-0.0166,0.0022,1.0,0.941
w10s-shp-off-s71,w10s-shp-off,71,1999872,0.07,0.538,-1.0,-0.9532,0.0721,0.0002,-0.0191,0.0025,1.0,0.941
w10s-shp-off-s71,w10s-shp-off,71,2030592,0.05,0.538,-1.0,-0.9519,0.0702,0.0002,-0.0172,0.0022,1.0,0.941
w10s-shp-off-s71,w10s-shp-off,71,2061312,0.03,0.52,-1.0,-0.9525,0.0714,0.0002,-0.0189,0.0024,1.0,0.941
w10s-shp-off-s71,w10s-shp-off,71,2092032,0.06,0.554,-1.0,-0.8606,0.0695,0.0002,-0.0178,0.0022,1.0,0.941
w10s-shp-off-s71,w10s-shp-off,71,2122752,0.03,0.56,-1.0,-0.8177,0.0731,0.0002,-0.018,0.0024,1.0,0.941
w10s-shp-off-s71,w10s-shp-off,71,2153472,0.09,0.593,-1.0,-0.8629,0.0692,0.0002,-0.0176,0.002,1.0,0.941
w10s-shp-off-s71,w10s-shp-off,71,2184192,0.06,0.519,-1.0,-0.8655,0.0704,0.0002,-0.0183,0.0022,1.0,0.941
w10s-shp-off-s71,w10s-shp-off,71,2214912,0.06,0.569,-1.0,-0.8842,0.0737,0.0002,-0.0176,0.0022,1.0,0.941
w10s-shp-off-s71,w10s-shp-off,71,2245632,0.06,0.567,-1.0,-0.9559,0.0719,0.0002,-0.0163,0.002,1.0,0.941
w10s-shp-off-s71,w10s-shp-off,71,2276352,0.03,0.553,-1.0,-0.9518,0.0738,0.0002,-0.0193,0.0021,1.0,0.941
w10s-shp-off-s71,w10s-shp-off,71,2307072,0.03,0.558,-1.0,-0.9112,0.0705,0.0002,-0.0162,0.0022,1.0,0.941
w10s-shp-off-s71,w10s-shp-off,71,2337792,0.07,0.525,-1.0,-0.879,0.0705,0.0002,-0.0165,0.0021,1.0,0.941
w10s-shp-off-s71,w10s-shp-off,71,2368512,0.09,0.548,-1.0,-0.8766,0.0723,0.0002,-0.0167,0.0022,1.0,0.941
w10s-shp-off-s71,w10s-shp-off,71,2399232,0.05,0.504,-1.0,-0.9503,0.07,0.0002,-0.0187,0.0021,1.0,0.941
w10s-shp-off-s71,w10s-shp-off,71,2429952,0.08,0.535,-1.0,-0.9112,0.0736,0.0002,-0.0196,0.0021,1.0,0.941
w10s-shp-off-s71,w10s-shp-off,71,2460672,0.03,0.522,-1.0,-0.907,0.0712,0.0002,-0.0188,0.002,1.0,0.941
w10s-shp-off-s71,w10s-shp-off,71,2491392,0.05,0.54,-1.0,-0.8659,0.0667,0.0002,-0.0157,0.0021,1.0,0.941
w10s-shp-off-s71,w10s-shp-off,71,2522112,0.07,0.559,-1.0,-0.8589,0.069,0.0002,-0.0194,0.002,1.0,0.941
w10s-shp-off-s71,w10s-shp-off,71,2552832,0.1,0.593,-1.0,-0.8427,0.0716,0.0002,-0.0176,0.002,1.0,0.941
w10s-shp-off-s71,w10s-shp-off,71,2583552,0.12,0.589,-1.0,-0.7658,0.0696,0.0002,-0.0174,0.0019,1.0,0.941
w10s-shp-off-s71,w10s-shp-off,71,2614272,0.07,0.578,-1.0,-0.8796,0.0713,0.0002,-0.0191,0.0019,1.0,0.941
w10s-shp-off-s71,w10s-shp-off,71,2644992,0.08,0.591,-1.0,-0.8373,0.0711,0.0002,-0.0171,0.0019,1.0,0.941
w10s-shp-off-s71,w10s-shp-off,71,2675712,0.06,0.549,-1.0,-0.7771,0.0705,0.0002,-0.0182,0.0019,1.0,0.941
w10s-shp-off-s71,w10s-shp-off,71,2706432,0.04,0.538,-1.0,-0.8321,0.0683,0.0002,-0.0178,0.0021,1.0,0.941
w10s-shp-off-s71,w10s-shp-off,71,2737152,0.06,0.519,-1.0,-0.9046,0.0709,0.0002,-0.0171,0.002,1.0,0.941
w10s-shp-off-s71,w10s-shp-off,71,2767872,0.11,0.595,-1.0,-0.77,0.0701,0.0002,-0.0188,0.0018,1.0,0.941
w10s-shp-off-s71,w10s-shp-off,71,2798592,0.12,0.608,-1.0,-0.7651,0.0684,0.0002,-0.0179,0.0019,1.0,0.941
w10s-shp-off-s71,w10s-shp-off,71,2829312,0.07,0.565,-1.0,-0.8428,0.0727,0.0002,-0.0177,0.0017,1.0,0.941
w10s-shp-off-s71,w10s-shp-off,71,2860032,0.04,0.516,-1.0,-0.9034,0.0724,0.0002,-0.0179,0.0018,1.0,0.941
w10s-shp-off-s71,w10s-shp-off,71,2890752,0.1,0.594,-1.0,-0.8369,0.0733,0.0002,-0.0172,0.002,1.0,0.941
w10s-shp-off-s71,w10s-shp-off,71,2921472,0.11,0.558,-1.0,-0.7884,0.0718,0.0002,-0.0169,0.0018,1.0,0.941
w10s-shp-off-s71,w10s-shp-off,71,2952192,0.07,0.539,-1.0,-0.6305,0.0689,0.0002,-0.018,0.0018,1.0,0.941
w10s-shp-off-s71,w10s-shp-off,71,2982912,0.06,0.555,-1.0,-0.7437,0.0697,0.0002,-0.0185,0.0018,1.0,0.941
w10s-shp-off-s71,w10s-shp-off,71,3013632,0.09,0.578,-1.0,-0.5908,0.0667,0.0002,-0.0181,0.0019,1.0,0.941
w10s-shp-off-s71,w10s-shp-off,71,3044352,0.11,0.573,-1.0,-0.9338,0.0693,0.0002,-0.0185,0.0019,1.0,0.942
w10s-shp-off-s71,w10s-shp-off,71,3075072,0.1,0.616,-1.0,-0.7404,0.0731,0.0002,-0.0187,0.0018,1.0,0.942
w10s-shp-off-s71,w10s-shp-off,71,3105792,0.08,0.565,-1.0,-0.7701,0.0744,0.0002,-0.0175,0.0016,1.0,0.942
w10s-shp-off-s71,w10s-shp-off,71,3136512,0.1,0.592,-1.0,-0.7691,0.0713,0.0002,-0.0194,0.0019,1.0,0.942
w10s-shp-off-s71,w10s-shp-off,71,3167232,0.06,0.586,-1.0,-0.815,0.0718,0.0002,-0.0173,0.0019,1.0,0.942
w10s-shp-off-s71,w10s-shp-off,71,3197952,0.11,0.593,-1.0,-0.856,0.0718,0.0002,-0.0185,0.0016,1.0,0.942
w10s-shp-off-s71,w10s-shp-off,71,3228672,0.13,0.589,-1.0,-0.8153,0.0695,0.0002,-0.0178,0.0018,1.0,0.942
w10s-shp-off-s71,w10s-shp-off,71,3259392,0.05,0.549,-1.0,-0.7401,0.0709,0.0002,-0.0184,0.0018,1.0,0.942
w10s-shp-off-s71,w10s-shp-off,71,3290112,0.13,0.597,-1.0,-0.9058,0.0707,0.0002,-0.0185,0.0018,1.0,0.942
w10s-shp-off-s71,w10s-shp-off,71,3320832,0.07,0.519,-1.0,-0.8183,0.0701,0.0002,-0.0175,0.0016,1.0,0.942
w10s-shp-off-s71,w10s-shp-off,71,3351552,0.05,0.56,-1.0,-0.5832,0.0702,0.0002,-0.0207,0.0018,1.0,0.942
w10s-shp-off-s71,w10s-shp-off,71,3382272,0.15,0.609,-1.0,-0.7013,0.0721,0.0002,-0.0174,0.0017,1.0,0.942
w10s-shp-off-s71,w10s-shp-off,71,3412992,0.07,0.551,-1.0,-0.648,0.0714,0.0002,-0.0162,0.0018,1.0,0.942
w10s-shp-off-s71,w10s-shp-off,71,3443712,0.1,0.575,-1.0,-0.7635,0.0724,0.0002,-0.0171,0.0018,1.0,0.942
w10s-shp-off-s71,w10s-shp-off,71,3474432,0.1,0.584,-1.0,-0.6487,0.0709,0.0002,-0.0177,0.0017,1.0,0.942
w10s-shp-off-s71,w10s-shp-off,71,3505152,0.11,0.558,-1.0,-0.6538,0.0661,0.0002,-0.0172,0.0016,1.0,0.942
w10s-shp-off-s71,w10s-shp-off,71,3535872,0.13,0.599,-1.0,-0.6482,0.0696,0.0002,-0.0184,0.0017,1.0,0.942
w10s-shp-off-s71,w10s-shp-off,71,3566592,0.13,0.633,-1.0,-0.7754,0.0708,0.0002,-0.0189,0.0016,1.0,0.942
w10s-shp-off-s71,w10s-shp-off,71,3597312,0.14,0.593,-1.0,-0.7249,0.0713,0.0002,-0.0164,0.0014,1.0,0.942
w10s-shp-off-s71,w10s-shp-off,71,3628032,0.12,0.585,-1.0,-0.6302,0.0681,0.0002,-0.0187,0.0016,1.0,0.943
w10s-shp-off-s71,w10s-shp-off,71,3658752,0.17,0.59,-1.0,-0.5705,0.0684,0.0002,-0.0174,0.0016,1.0,0.943
w10s-shp-off-s71,w10s-shp-off,71,3689472,0.14,0.584,-1.0,-0.5356,0.0678,0.0002,-0.0179,0.0016,1.0,0.943
w10s-shp-off-s71,w10s-shp-off,71,3720192,0.17,0.639,-1.0,-0.7263,0.0709,0.0002,-0.0163,0.0016,1.0,0.943
w10s-shp-off-s71,w10s-shp-off,71,3750912,0.13,0.571,-1.0,-0.6073,0.0703,0.0002,-0.0185,0.0016,1.0,0.943
w10s-shp-off-s71,w10s-shp-off,71,3781632,0.16,0.617,-1.0,-0.7742,0.0702,0.0002,-0.0171,0.0014,1.0,0.943
w10s-shp-off-s71,w10s-shp-off,71,3812352,0.21,0.657,-1.0,-0.6706,0.0701,0.0002,-0.019,0.0015,1.0,0.943
w10s-shp-off-s71,w10s-shp-off,71,3843072,0.14,0.649,-1.0,-0.555,0.0704,0.0002,-0.0178,0.0015,1.0,0.943
w10s-shp-off-s71,w10s-shp-off,71,3873792,0.16,0.579,-1.0,-0.7223,0.069,0.0002,-0.0167,0.0015,1.0,0.943
w10s-shp-off-s71,w10s-shp-off,71,3904512,0.17,0.624,-1.0,-0.7415,0.0696,0.0002,-0.0179,0.0016,1.0,0.943
w10s-shp-off-s71,w10s-shp-off,71,3935232,0.14,0.597,-1.0,-0.559,0.0704,0.0002,-0.0177,0.0016,1.0,0.943
w10s-shp-off-s71,w10s-shp-off,71,3965952,0.19,0.669,-1.0,-0.5508,0.0724,0.0002,-0.0178,0.0014,1.0,0.943
w10s-shp-off-s71,w10s-shp-off,71,3996672,0.16,0.582,-1.0,-0.7213,0.0693,0.0002,-0.0195,0.0016,1.0,0.943
w10s-shp-off-s71,w10s-shp-off,71,4027392,0.2,0.638,-1.0,-0.5991,0.0701,0.0002,-0.0173,0.0016,1.0,0.943
w10s-shp-off-s71,w10s-shp-off,71,4058112,0.14,0.611,-1.0,-0.6673,0.0675,0.0002,-0.0172,0.0017,1.0,0.943
w10s-shp-off-s71,w10s-shp-off,71,4088832,0.18,0.634,-1.0,-0.7261,0.0704,0.0002,-0.0176,0.0015,1.0,0.943
w10s-shp-off-s71,w10s-shp-off,71,4119552,0.19,0.621,-1.0,-0.8602,0.0715,0.0002,-0.0168,0.0014,1.0,0.943
w10s-shp-off-s71,w10s-shp-off,71,4150272,0.16,0.633,-1.0,-0.629,0.0689,0.0002,-0.019,0.0015,1.0,0.943
w10s-shp-off-s71,w10s-shp-off,71,4180992,0.09,0.535,-1.0,-0.6195,0.0698,0.0002,-0.0176,0.0014,1.0,0.943
w10s-shp-off-s71,w10s-shp-off,71,4211712,0.17,0.624,-1.0,-0.7028,0.0683,0.0002,-0.0182,0.0014,1.0,0.943
w10s-shp-off-s71,w10s-shp-off,71,4242432,0.17,0.628,-1.0,-0.6712,0.0688,0.0002,-0.0174,0.0014,1.0,0.943
w10s-shp-off-s71,w10s-shp-off,71,4273152,0.2,0.674,-1.0,-0.5879,0.0719,0.0002,-0.0183,0.0014,1.0,0.943
w10s-shp-off-s71,w10s-shp-off,71,4303872,0.12,0.57,-1.0,-0.6991,0.0695,0.0002,-0.017,0.0013,1.0,0.943
w10s-shp-off-s71,w10s-shp-off,71,4334592,0.18,0.686,-1.0,-0.5041,0.0692,0.0002,-0.0182,0.0013,1.0,0.943
w10s-shp-off-s71,w10s-shp-off,71,4365312,0.14,0.644,-1.0,-0.6,0.0713,0.0002,-0.0177,0.0015,1.0,0.943
w10s-shp-off-s71,w10s-shp-off,71,4396032,0.18,0.61,-1.0,-0.5576,0.0674,0.0002,-0.0173,0.0014,1.0,0.943
w10s-shp-off-s71,w10s-shp-off,71,4426752,0.23,0.662,-1.0,-0.5834,0.0691,0.0002,-0.0167,0.0016,1.0,0.943
w10s-shp-off-s71,w10s-shp-off,71,4457472,0.12,0.595,-1.0,-0.691,0.0688,0.0002,-0.0168,0.0015,1.0,0.943
w10s-shp-off-s71,w10s-shp-off,71,4488192,0.14,0.603,-1.0,-0.5612,0.0703,0.0002,-0.0191,0.0013,1.0,0.943
w10s-shp-off-s71,w10s-shp-off,71,4518912,0.12,0.589,-1.0,-0.7448,0.0712,0.0002,-0.0165,0.0013,1.0,0.943
w10s-shp-off-s71,w10s-shp-off,71,4549632,0.2,0.626,-1.0,-0.438,0.0674,0.0002,-0.017,0.0014,1.0,0.943
w10s-shp-off-s71,w10s-shp-off,71,4580352,0.21,0.635,-1.0,-0.5568,0.0701,0.0002,-0.0176,0.0015,1.0,0.943
w10s-shp-off-s71,w10s-shp-off,71,4611072,0.12,0.565,-1.0,-0.6224,0.0676,0.0002,-0.0174,0.0014,1.0,0.943
w10s-shp-off-s71,w10s-shp-off,71,4641792,0.26,0.706,-1.0,-0.4678,0.0682,0.0002,-0.0181,0.0013,1.0,0.943
w10s-shp-off-s71,w10s-shp-off,71,4672512,0.23,0.704,-1.0,-0.465,0.0705,0.0002,-0.0172,0.0013,1.0,0.943
w10s-shp-off-s71,w10s-shp-off,71,4703232,0.27,0.666,-1.0,-0.4822,0.0723,0.0002,-0.0164,0.0013,1.0,0.943
w10s-shp-off-s71,w10s-shp-off,71,4733952,0.24,0.707,-1.0,-0.6052,0.0711,0.0002,-0.018,0.0014,1.0,0.943
w10s-shp-off-s71,w10s-shp-off,71,4764672,0.14,0.578,-1.0,-0.5206,0.0681,0.0002,-0.0174,0.0014,1.0,0.943
w10s-shp-off-s71,w10s-shp-off,71,4795392,0.17,0.618,-1.0,-0.5156,0.0711,0.0002,-0.0178,0.0014,1.0,0.943
w10s-shp-off-s71,w10s-shp-off,71,4826112,0.21,0.681,-1.0,-0.5528,0.0698,0.0002,-0.0166,0.0013,1.0,0.943
w10s-shp-off-s71,w10s-shp-off,71,4856832,0.22,0.65,-1.0,-0.3695,0.0687,0.0002,-0.0185,0.0013,1.0,0.943
w10s-shp-off-s71,w10s-shp-off,71,4887552,0.24,0.678,-1.0,-0.4466,0.0673,0.0002,-0.0183,0.0012,1.0,0.943
w10s-shp-off-s71,w10s-shp-off,71,4918272,0.21,0.671,-1.0,-0.502,0.0697,0.0002,-0.0171,0.0013,1.0,0.943
w10s-shp-off-s71,w10s-shp-off,71,4948992,0.2,0.661,-1.0,-0.5799,0.0713,0.0002,-0.0174,0.0013,1.0,0.943
w10s-shp-off-s71,w10s-shp-off,71,4979712,0.22,0.635,-1.0,-0.6045,0.0709,0.0002,-0.018,0.0012,1.0,0.943
w10s-shp-off-s71,w10s-shp-off,71,5010432,0.27,0.665,-1.0,-0.5069,0.067,0.0002,-0.0177,0.0012,1.0,0.943
w10s-shp-off-s71,w10s-shp-off,71,5041152,0.28,0.716,-1.0,-0.633,0.0713,0.0002,-0.0177,0.0011,1.0,0.943
w10s-shp-off-s71,w10s-shp-off,71,5071872,0.2,0.69,-1.0,-0.5102,0.0715,0.0002,-0.017,0.0012,1.0,0.943
w10s-shp-off-s71,w10s-shp-off,71,5102592,0.17,0.609,-1.0,-0.5434,0.0702,0.0002,-0.0163,0.0012,1.0,0.943
w10s-shp-off-s71,w10s-shp-off,71,5133312,0.25,0.711,-1.0,-0.4074,0.0707,0.0002,-0.0174,0.0012,1.0,0.943
w10s-shp-off-s71,w10s-shp-off,71,5164032,0.22,0.686,-1.0,-0.5062,0.0706,0.0002,-0.0164,0.0014,1.0,0.943
w10s-shp-off-s71,w10s-shp-off,71,5194752,0.21,0.663,-1.0,-0.4815,0.0694,0.0002,-0.0186,0.0013,1.0,0.943
w10s-shp-off-s71,w10s-shp-off,71,5225472,0.14,0.567,-1.0,-0.5168,0.0694,0.0002,-0.0174,0.0014,1.0,0.943
w10s-shp-off-s71,w10s-shp-off,71,5256192,0.25,0.699,-1.0,-0.6057,0.0702,0.0002,-0.019,0.0012,1.0,0.943
w10s-shp-off-s71,w10s-shp-off,71,5286912,0.19,0.65,-1.0,-0.4969,0.0711,0.0002,-0.0175,0.0013,1.0,0.943
w10s-shp-off-s71,w10s-shp-off,71,5317632,0.27,0.681,-1.0,-0.5845,0.0696,0.0002,-0.0179,0.0013,1.0,0.943
w10s-shp-off-s71,w10s-shp-off,71,5348352,0.22,0.661,-1.0,-0.3768,0.073,0.0002,-0.017,0.0013,1.0,0.943
w10s-shp-off-s71,w10s-shp-off,71,5379072,0.25,0.718,-1.0,-0.4864,0.0714,0.0002,-0.0175,0.0012,1.0,0.943
w10s-shp-off-s71,w10s-shp-off,71,5409792,0.18,0.638,-1.0,-0.6066,0.071,0.0002,-0.0178,0.0012,1.0,0.943
w10s-shp-off-s71,w10s-shp-off,71,5440512,0.25,0.708,-1.0,-0.5144,0.0688,0.0002,-0.0183,0.0011,1.0,0.943
w10s-shp-off-s71,w10s-shp-off,71,5471232,0.24,0.696,-1.0,-0.4447,0.07,0.0002,-0.0177,0.0012,1.0,0.943
w10s-shp-off-s71,w10s-shp-off,71,5501952,0.24,0.705,-1.0,-0.3742,0.0697,0.0002,-0.0168,0.0012,1.0,0.943
w10s-shp-off-s71,w10s-shp-off,71,5532672,0.21,0.688,-1.0,-0.3717,0.0727,0.0002,-0.0175,0.0012,1.0,0.943
w10s-shp-off-s71,w10s-shp-off,71,5563392,0.26,0.664,-1.0,-0.5249,0.0707,0.0002,-0.0176,0.0012,1.0,0.943
w10s-shp-off-s71,w10s-shp-off,71,5594112,0.33,0.771,-1.0,-0.6125,0.0653,0.0002,-0.0169,0.0012,1.0,0.943
w10s-shp-off-s71,w10s-shp-off,71,5624832,0.27,0.672,-1.0,-0.3714,0.07,0.0002,-0.0186,0.0011,1.0,0.943
w10s-shp-off-s71,w10s-shp-off,71,5655552,0.22,0.667,-1.0,-0.2845,0.0683,0.0002,-0.0183,0.0014,1.0,0.943
w10s-shp-off-s71,w10s-shp-off,71,5686272,0.3,0.772,-1.0,-0.5732,0.0722,0.0002,-0.0162,0.0012,1.0,0.943
w10s-shp-off-s71,w10s-shp-off,71,5716992,0.22,0.682,-1.0,-0.4174,0.0693,0.0002,-0.0182,0.0012,1.0,0.943
w10s-shp-off-s71,w10s-shp-off,71,5747712,0.24,0.676,-1.0,-0.3981,0.0686,0.0002,-0.0169,0.0011,1.0,0.943
w10s-shp-off-s71,w10s-shp-off,71,5778432,0.34,0.732,-1.0,-0.3991,0.0712,0.0002,-0.0162,0.0012,1.0,0.943
w10s-shp-off-s71,w10s-shp-off,71,5809152,0.23,0.695,-1.0,-0.4599,0.0726,0.0002,-0.0177,0.0012,1.0,0.942
w10s-shp-off-s71,w10s-shp-off,71,5839872,0.25,0.71,-1.0,-0.3483,0.0695,0.0002,-0.0181,0.0013,1.0,0.942
w10s-shp-off-s71,w10s-shp-off,71,5870592,0.24,0.669,-1.0,-0.31,0.0691,0.0002,-0.0174,0.0012,1.0,0.942
w10s-shp-off-s71,w10s-shp-off,71,5901312,0.32,0.778,-1.0,-0.3758,0.0682,0.0002,-0.0172,0.0013,1.0,0.942
w10s-shp-off-s71,w10s-shp-off,71,5932032,0.32,0.764,-1.0,-0.3435,0.0705,0.0002,-0.0178,0.0012,1.0,0.942
w10s-shp-off-s71,w10s-shp-off,71,5962752,0.27,0.739,-1.0,-0.4664,0.0738,0.0002,-0.0174,0.0014,1.0,0.942
w10s-shp-off-s71,w10s-shp-off,71,5993472,0.26,0.67,-1.0,-0.1446,0.0683,0.0002,-0.0168,0.0012,1.0,0.942
w10s-shp-off-s71,w10s-shp-off,71,6024192,0.3,0.72,-1.0,-0.2228,0.0702,0.0002,-0.0175,0.0012,1.0,0.942
w10s-shp-off-s71,w10s-shp-off,71,6054912,0.26,0.734,-1.0,-0.4608,0.0696,0.0002,-0.0182,0.0012,1.0,0.942
w10s-shp-off-s71,w10s-shp-off,71,6085632,0.25,0.693,-1.0,-0.2614,0.0703,0.0002,-0.017,0.0012,1.0,0.942
w10s-shp-off-s71,w10s-shp-off,71,6116352,0.32,0.754,-1.0,-0.4812,0.072,0.0002,-0.018,0.0013,1.0,0.942
w10s-shp-off-s71,w10s-shp-off,71,6147072,0.29,0.683,-1.0,-0.141,0.0695,0.0002,-0.0184,0.0012,1.0,0.942
w10s-shp-off-s71,w10s-shp-off,71,6177792,0.26,0.682,-1.0,-0.3885,0.0684,0.0002,-0.0177,0.0011,1.0,0.942
w10s-shp-off-s71,w10s-shp-off,71,6208512,0.28,0.682,-1.0,-0.421,0.0705,0.0002,-0.0175,0.0013,1.0,0.942
w10s-shp-off-s71,w10s-shp-off,71,6239232,0.34,0.778,-1.0,-0.3501,0.0702,0.0002,-0.0184,0.0012,1.0,0.942
w10s-shp-off-s71,w10s-shp-off,71,6269952,0.3,0.729,-1.0,-0.3473,0.0677,0.0002,-0.0156,0.0011,1.0,0.942
w10s-shp-off-s71,w10s-shp-off,71,6300672,0.33,0.749,-1.0,-0.1799,0.0682,0.0002,-0.0158,0.0011,1.0,0.942
w10s-shp-off-s71,w10s-shp-off,71,6331392,0.3,0.733,-1.0,-0.1725,0.0692,0.0002,-0.0162,0.0012,1.0,0.942
w10s-shp-off-s71,w10s-shp-off,71,6362112,0.32,0.751,-1.0,-0.2355,0.072,0.0002,-0.0174,0.0011,1.0,0.942
w10s-shp-off-s71,w10s-shp-off,71,6392832,0.28,0.738,-1.0,-0.2186,0.0717,0.0002,-0.0172,0.0012,1.0,0.942
w10s-shp-off-s71,w10s-shp-off,71,6423552,0.32,0.738,-1.0,-0.2701,0.0708,0.0002,-0.0189,0.0012,1.0,0.942
w10s-shp-off-s71,w10s-shp-off,71,6454272,0.28,0.684,-1.0,-0.3091,0.0693,0.0002,-0.0172,0.0011,1.0,0.942
w10s-shp-off-s71,w10s-shp-off,71,6484992,0.3,0.74,-1.0,-0.3171,0.0722,0.0002,-0.0189,0.0011,1.0,0.942
w10s-shp-off-s71,w10s-shp-off,71,6515712,0.35,0.758,-1.0,-0.3522,0.0718,0.0002,-0.0186,0.0011,1.0,0.942
w10s-shp-off-s71,w10s-shp-off,71,6546432,0.36,0.802,-1.0,-0.3182,0.0688,0.0002,-0.0167,0.0011,1.0,0.941
w10s-shp-off-s71,w10s-shp-off,71,6577152,0.35,0.77,-1.0,-0.1848,0.0714,0.0002,-0.0171,0.0012,1.0,0.941
w10s-shp-off-s71,w10s-shp-off,71,6607872,0.34,0.765,-1.0,-0.3371,0.0728,0.0002,-0.0185,0.0011,1.0,0.941
w10s-shp-off-s71,w10s-shp-off,71,6638592,0.26,0.657,-1.0,-0.3828,0.0759,0.0002,-0.0173,0.0011,1.0,0.941
w10s-shp-off-s71,w10s-shp-off,71,6669312,0.23,0.663,-1.0,-0.1152,0.0698,0.0002,-0.0186,0.0012,1.0,0.941
w10s-shp-off-s71,w10s-shp-off,71,6700032,0.3,0.749,-1.0,-0.2417,0.07,0.0002,-0.0174,0.0012,1.0,0.941
w10s-shp-off-s71,w10s-shp-off,71,6730752,0.33,0.788,-1.0,-0.3624,0.0704,0.0002,-0.017,0.0011,1.0,0.941
w10s-shp-off-s71,w10s-shp-off,71,6761472,0.31,0.757,-1.0,-0.2092,0.0682,0.0002,-0.0175,0.0011,1.0,0.941
w10s-shp-off-s71,w10s-shp-off,71,6792192,0.33,0.762,-1.0,-0.1613,0.0718,0.0002,-0.0186,0.0011,1.0,0.941
w10s-shp-off-s71,w10s-shp-off,71,6822912,0.33,0.751,-1.0,-0.3016,0.072,0.0002,-0.0168,0.0011,1.0,0.941
w10s-shp-off-s71,w10s-shp-off,71,6853632,0.38,0.813,-1.0,-0.0318,0.0723,0.0002,-0.018,0.0012,1.0,0.941
w10s-shp-off-s71,w10s-shp-off,71,6884352,0.34,0.795,-1.0,-0.3484,0.0685,0.0002,-0.018,0.0012,1.0,0.941
w10s-shp-off-s71,w10s-shp-off,71,6915072,0.36,0.791,-1.0,-0.2087,0.0728,0.0002,-0.0175,0.0011,1.0,0.941
w10s-shp-off-s71,w10s-shp-off,71,6945792,0.35,0.784,-1.0,-0.2964,0.0696,0.0002,-0.0188,0.0011,1.0,0.941
w10s-shp-off-s71,w10s-shp-off,71,6976512,0.33,0.796,-1.0,-0.3894,0.0684,0.0002,-0.0191,0.0011,1.0,0.941
w10s-shp-off-s71,w10s-shp-off,71,7007232,0.4,0.819,-1.0,0.0748,0.0695,0.0002,-0.0172,0.001,1.0,0.941
w10s-shp-off-s71,w10s-shp-off,71,7037952,0.44,0.838,-1.0,-0.1479,0.0715,0.0002,-0.0178,0.0012,1.0,0.94
w10s-shp-off-s71,w10s-shp-off,71,7068672,0.26,0.695,-1.0,-0.282,0.0693,0.0002,-0.017,0.0011,1.0,0.94
w10s-shp-off-s71,w10s-shp-off,71,7099392,0.3,0.728,-1.0,-0.1567,0.0703,0.0002,-0.0193,0.0011,1.0,0.94
w10s-shp-off-s71,w10s-shp-off,71,7130112,0.33,0.813,-1.0,-0.1918,0.0698,0.0002,-0.02,0.001,1.0,0.94
w10s-shp-off-s71,w10s-shp-off,71,7160832,0.37,0.84,-1.0,-0.2999,0.0707,0.0002,-0.017,0.001,1.0,0.94
w10s-shp-off-s71,w10s-shp-off,71,7191552,0.32,0.769,-1.0,-0.1371,0.072,0.0002,-0.0181,0.0011,1.0,0.94
w10s-shp-off-s71,w10s-shp-off,71,7222272,0.33,0.797,-1.0,-0.1286,0.0686,0.0002,-0.0168,0.0011,1.0,0.94
w10s-shp-off-s71,w10s-shp-off,71,7252992,0.32,0.751,-1.0,-0.3004,0.0695,0.0002,-0.0158,0.001,1.0,0.94
w10s-shp-off-s71,w10s-shp-off,71,7283712,0.33,0.793,-1.0,-0.2067,0.067,0.0002,-0.0177,0.0012,1.0,0.94
w10s-shp-off-s71,w10s-shp-off,71,7314432,0.46,0.914,-1.0,-0.2911,0.0706,0.0002,-0.0177,0.0011,1.0,0.94
w10s-shp-off-s71,w10s-shp-off,71,7345152,0.37,0.823,-1.0,-0.0086,0.0699,0.0002,-0.018,0.0011,1.0,0.94
w10s-shp-off-s71,w10s-shp-off,71,7375872,0.43,0.93,-1.0,-0.1036,0.0675,0.0002,-0.0174,0.001,1.0,0.94
w10s-shp-off-s71,w10s-shp-off,71,7406592,0.27,0.742,-1.0,-0.1787,0.068,0.0002,-0.0182,0.0011,1.0,0.939
w10s-shp-off-s71,w10s-shp-off,71,7437312,0.38,0.801,-1.0,-0.0536,0.0708,0.0002,-0.0191,0.001,1.0,0.939
w10s-shp-off-s71,w10s-shp-off,71,7468032,0.43,0.888,-1.0,0.052,0.0693,0.0002,-0.0178,0.0011,1.0,0.939
w10s-shp-off-s71,w10s-shp-off,71,7498752,0.38,0.826,-1.0,-0.0757,0.0685,0.0002,-0.0175,0.0012,1.0,0.939
w10s-shp-off-s71,w10s-shp-off,71,7529472,0.35,0.785,-1.0,-0.1493,0.0721,0.0002,-0.0187,0.0011,1.0,0.939
w10s-shp-off-s71,w10s-shp-off,71,7560192,0.36,0.785,-1.0,-0.189,0.0678,0.0002,-0.0177,0.0009,1.0,0.939
w10s-shp-off-s71,w10s-shp-off,71,7590912,0.37,0.842,-1.0,-0.133,0.0706,0.0002,-0.0169,0.0011,1.0,0.939
w10s-shp-off-s71,w10s-shp-off,71,7621632,0.41,0.837,-1.0,0.0459,0.0704,0.0002,-0.0169,0.0011,1.0,0.939
w10s-shp-off-s71,w10s-shp-off,71,7652352,0.42,0.833,-1.0,0.018,0.0711,0.0002,-0.0177,0.0012,1.0,0.939
w10s-shp-off-s71,w10s-shp-off,71,7683072,0.39,0.843,-1.0,0.0482,0.0707,0.0002,-0.0163,0.0011,1.0,0.939
w10s-shp-off-s71,w10s-shp-off,71,7713792,0.45,0.889,-1.0,-0.2008,0.0729,0.0002,-0.0168,0.0011,1.0,0.938
w10s-shp-off-s71,w10s-shp-off,71,7744512,0.3,0.731,-1.0,-0.2595,0.069,0.0002,-0.0181,0.0011,1.0,0.938
w10s-shp-off-s71,w10s-shp-off,71,7775232,0.36,0.832,-1.0,-0.0368,0.0673,0.0002,-0.0191,0.001,1.0,0.938
w10s-shp-off-s71,w10s-shp-off,71,7805952,0.38,0.853,-1.0,-0.0368,0.0689,0.0002,-0.0174,0.001,1.0,0.938
w10s-shp-off-s71,w10s-shp-off,71,7836672,0.48,0.97,-1.0,-0.0906,0.0663,0.0002,-0.0176,0.0011,1.0,0.938
w10s-shp-off-s71,w10s-shp-off,71,7867392,0.37,0.85,-1.0,0.0168,0.0733,0.0002,-0.019,0.0011,1.0,0.938
w10s-shp-off-s71,w10s-shp-off,71,7898112,0.45,0.87,-1.0,0.1038,0.0688,0.0002,-0.0177,0.0011,1.0,0.938
w10s-shp-off-s71,w10s-shp-off,71,7928832,0.39,0.828,-1.0,-0.0674,0.0675,0.0002,-0.0183,0.0011,1.0,0.938
w10s-shp-off-s71,w10s-shp-off,71,7959552,0.36,0.812,-1.0,-0.1021,0.0681,0.0002,-0.019,0.0012,1.0,0.938
w10s-shp-off-s71,w10s-shp-off,71,7990272,0.39,0.833,-1.0,-0.2073,0.0707,0.0002,-0.0177,0.0011,1.0,0.938
w10s-shp-off-s71,w10s-shp-off,71,8020992,0.46,0.85,-1.0,-0.1507,0.0689,0.0002,-0.0186,0.0012,1.0,0.938
w10s-shp-off-s71,w10s-shp-off,71,8051712,0.51,0.954,-1.0,0.0476,0.0658,0.0002,-0.0171,0.001,1.0,0.938
w10s-shp-off-s71,w10s-shp-off,71,8082432,0.4,0.847,-1.0,0.1538,0.0684,0.0002,-0.017,0.0009,1.0,0.938
w10s-shp-off-s71,w10s-shp-off,71,8113152,0.46,0.87,-1.0,-0.0168,0.0707,0.0002,-0.0179,0.001,1.0,0.938
w10s-shp-off-s71,w10s-shp-off,71,8143872,0.41,0.837,-1.0,0.135,0.0663,0.0002,-0.0177,0.0011,1.0,0.937
w10s-shp-off-s71,w10s-shp-off,71,8174592,0.45,0.907,-1.0,0.0909,0.0699,0.0002,-0.0162,0.0011,1.0,0.937
w10s-shp-off-s71,w10s-shp-off,71,8205312,0.46,0.924,-1.0,-0.0939,0.0709,0.0002,-0.0172,0.001,1.0,0.937
w10s-shp-off-s71,w10s-shp-off,71,8236032,0.48,0.917,-1.0,0.0349,0.0699,0.0002,-0.0177,0.001,1.0,0.937
w10s-shp-off-s71,w10s-shp-off,71,8266752,0.43,0.883,-1.0,0.0005,0.0693,0.0002,-0.0177,0.001,1.0,0.937
w10s-shp-off-s71,w10s-shp-off,71,8297472,0.39,0.834,-1.0,0.1664,0.0716,0.0002,-0.0186,0.0011,1.0,0.937
w10s-shp-off-s71,w10s-shp-off,71,8328192,0.41,0.851,-1.0,0.1539,0.0693,0.0002,-0.017,0.0011,1.0,0.937
w10s-shp-off-s71,w10s-shp-off,71,8358912,0.4,0.848,-1.0,0.1664,0.0707,0.0002,-0.0185,0.0011,1.0,0.937
w10s-shp-off-s71,w10s-shp-off,71,8389632,0.51,0.927,-1.0,0.1403,0.0718,0.0002,-0.0175,0.0011,1.0,0.937
w10s-shp-off-s71,w10s-shp-off,71,8420352,0.4,0.816,-1.0,0.0019,0.0687,0.0002,-0.0186,0.0009,1.0,0.937
w10s-shp-off-s71,w10s-shp-off,71,8451072,0.52,0.982,-1.0,0.0902,0.0727,0.0002,-0.0182,0.0009,1.0,0.937
w10s-shp-off-s71,w10s-shp-off,71,8481792,0.47,0.909,-1.0,0.0796,0.0665,0.0002,-0.0172,0.001,1.0,0.937
w10s-shp-off-s71,w10s-shp-off,71,8512512,0.43,0.84,-1.0,0.0003,0.0675,0.0002,-0.0173,0.0011,1.0,0.937
w10s-shp-off-s71,w10s-shp-off,71,8543232,0.42,0.85,-1.0,-0.2051,0.072,0.0002,-0.0167,0.001,1.0,0.936
w10s-shp-off-s71,w10s-shp-off,71,8573952,0.51,0.954,-1.0,-0.0986,0.0713,0.0002,-0.0168,0.001,1.0,0.936
w10s-shp-off-s71,w10s-shp-off,71,8604672,0.44,0.868,-1.0,0.1454,0.067,0.0002,-0.0164,0.001,1.0,0.936
w10s-shp-off-s71,w10s-shp-off,71,8635392,0.47,0.926,-1.0,-0.0291,0.0732,0.0002,-0.018,0.001,1.0,0.936
w10s-shp-off-s71,w10s-shp-off,71,8666112,0.39,0.82,-1.0,0.0329,0.0731,0.0002,-0.0185,0.001,1.0,0.936
w10s-shp-off-s71,w10s-shp-off,71,8696832,0.43,0.89,-1.0,-0.146,0.0682,0.0002,-0.0186,0.001,1.0,0.936
w10s-shp-off-s71,w10s-shp-off,71,8727552,0.62,1.039,-1.0,-0.0867,0.0742,0.0002,-0.0168,0.001,1.0,0.936
w10s-shp-off-s71,w10s-shp-off,71,8758272,0.51,0.938,-1.0,0.1373,0.0685,0.0002,-0.0165,0.0011,1.0,0.936
w10s-shp-off-s71,w10s-shp-off,71,8788992,0.43,0.883,-1.0,0.1363,0.0667,0.0002,-0.0192,0.001,1.0,0.936
w10s-shp-off-s71,w10s-shp-off,71,8819712,0.49,0.924,-1.0,0.262,0.0691,0.0002,-0.0181,0.001,1.0,0.936
w10s-shp-off-s71,w10s-shp-off,71,8850432,0.47,0.926,-1.0,0.056,0.0719,0.0002,-0.0175,0.001,1.0,0.936
w10s-shp-off-s71,w10s-shp-off,71,8881152,0.47,0.908,-1.0,0.2845,0.074,0.0002,-0.0176,0.0011,1.0,0.936
w10s-shp-off-s71,w10s-shp-off,71,8911872,0.43,0.841,-1.0,-0.0114,0.0682,0.0002,-0.0176,0.0009,1.0,0.935
w10s-shp-off-s71,w10s-shp-off,71,8942592,0.49,0.951,-1.0,0.077,0.0674,0.0002,-0.0171,0.001,1.0,0.935
w10s-shp-off-s71,w10s-shp-off,71,8973312,0.47,0.897,-1.0,0.1187,0.0704,0.0002,-0.0186,0.001,1.0,0.935
w10s-shp-off-s71,w10s-shp-off,71,9004032,0.55,0.97,-1.0,0.3298,0.0677,0.0002,-0.0184,0.001,1.0,0.935
w10s-shp-off-s71,w10s-shp-off,71,9034752,0.5,0.964,-1.0,0.0661,0.0718,0.0002,-0.0182,0.001,1.0,0.935
w10s-shp-off-s71,w10s-shp-off,71,9065472,0.43,0.858,-1.0,0.2391,0.07,0.0002,-0.0181,0.001,1.0,0.935
w10s-shp-off-s71,w10s-shp-off,71,9096192,0.47,0.9,-1.0,-0.0468,0.0706,0.0002,-0.0172,0.0009,1.0,0.935
w10s-shp-off-s71,w10s-shp-off,71,9126912,0.43,0.878,-1.0,0.176,0.0679,0.0002,-0.0176,0.0009,1.0,0.935
w10s-shp-off-s71,w10s-shp-off,71,9157632,0.46,0.895,-1.0,-0.0836,0.0696,0.0002,-0.017,0.001,1.0,0.935
w10s-shp-off-s71,w10s-shp-off,71,9188352,0.46,0.894,-1.0,0.1163,0.0699,0.0002,-0.0189,0.001,1.0,0.935
w10s-shp-off-s71,w10s-shp-off,71,9219072,0.47,0.907,-1.0,0.1752,0.0721,0.0002,-0.0173,0.0011,1.0,0.935
w10s-shp-off-s71,w10s-shp-off,71,9249792,0.47,0.895,-1.0,0.2248,0.071,0.0002,-0.0179,0.001,1.0,0.935
w10s-shp-off-s71,w10s-shp-off,71,9280512,0.53,0.938,-1.0,-0.0966,0.0711,0.0002,-0.0168,0.001,1.0,0.935
w10s-shp-off-s71,w10s-shp-off,71,9311232,0.5,0.92,-1.0,0.0089,0.0722,0.0002,-0.019,0.0011,1.0,0.934
w10s-shp-off-s71,w10s-shp-off,71,9341952,0.43,0.884,-1.0,0.2224,0.0715,0.0002,-0.0184,0.001,1.0,0.934
w10s-shp-off-s71,w10s-shp-off,71,9372672,0.49,0.912,-1.0,0.1534,0.0697,0.0002,-0.0181,0.001,1.0,0.934
w10s-shp-off-s71,w10s-shp-off,71,9403392,0.52,0.963,-1.0,0.1928,0.0698,0.0002,-0.0171,0.001,1.0,0.934
w10s-shp-off-s71,w10s-shp-off,71,9434112,0.55,0.994,-1.0,-0.0207,0.071,0.0002,-0.0183,0.0009,1.0,0.934
w10s-shp-off-s71,w10s-shp-off,71,9464832,0.48,0.934,-1.0,-0.009,0.0686,0.0002,-0.0184,0.0009,1.0,0.934
w10s-shp-off-s71,w10s-shp-off,71,9495552,0.48,0.925,-1.0,0.5078,0.071,0.0002,-0.0183,0.001,1.0,0.934
w10s-shp-off-s71,w10s-shp-off,71,9526272,0.37,0.809,-1.0,0.2601,0.0691,0.0002,-0.0175,0.001,1.0,0.934
w10s-shp-off-s71,w10s-shp-off,71,9556992,0.6,0.988,-1.0,0.1827,0.0712,0.0002,-0.0187,0.0011,1.0,0.934
w10s-shp-off-s71,w10s-shp-off,71,9587712,0.55,0.978,-1.0,0.3128,0.0672,0.0002,-0.018,0.001,1.0,0.934
w10s-shp-off-s71,w10s-shp-off,71,9618432,0.49,0.933,-1.0,0.2749,0.0688,0.0002,-0.0156,0.0009,1.0,0.934
w10s-shp-off-s71,w10s-shp-off,71,9649152,0.53,0.914,-1.0,0.1337,0.0712,0.0002,-0.0169,0.0011,1.0,0.934
w10s-shp-off-s71,w10s-shp-off,71,9679872,0.47,0.931,-1.0,0.2433,0.0709,0.0002,-0.0171,0.001,1.0,0.934
w10s-shp-off-s71,w10s-shp-off,71,9710592,0.49,0.929,-1.0,0.0976,0.0698,0.0002,-0.0175,0.001,1.0,0.934
w10s-shp-off-s71,w10s-shp-off,71,9741312,0.52,0.972,-1.0,0.1885,0.0686,0.0002,-0.0177,0.0009,1.0,0.934
w10s-shp-off-s71,w10s-shp-off,71,9772032,0.54,0.965,-1.0,0.2636,0.0674,0.0002,-0.0172,0.001,1.0,0.934
w10s-shp-off-s71,w10s-shp-off,71,9802752,0.46,0.902,-1.0,0.3841,0.0718,0.0002,-0.0175,0.001,1.0,0.934
w10s-shp-off-s71,w10s-shp-off,71,9833472,0.47,0.915,-1.0,0.105,0.069,0.0002,-0.0178,0.001,1.0,0.933
w10s-shp-off-s71,w10s-shp-off,71,9864192,0.51,0.911,-1.0,0.2694,0.0707,0.0002,-0.0187,0.001,1.0,0.933
w10s-shp-off-s71,w10s-shp-off,71,9894912,0.47,0.892,-1.0,0.226,0.0691,0.0002,-0.0174,0.001,1.0,0.933
w10s-shp-off-s71,w10s-shp-off,71,9925632,0.5,0.911,-1.0,0.3568,0.0697,0.0002,-0.0178,0.001,1.0,0.933
w10s-shp-off-s71,w10s-shp-off,71,9956352,0.61,1.039,-1.0,0.1209,0.0707,0.0002,-0.0185,0.001,1.0,0.933
w10s-shp-off-s71,w10s-shp-off,71,9987072,0.45,0.91,-1.0,0.089,0.0686,0.0002,-0.0181,0.001,1.0,0.933
w10s-shp-off-s71,w10s-shp-off,71,10017792,0.56,0.936,-1.0,0.1404,0.0702,0.0002,-0.0172,0.001,1.0,0.933
w10s-shp-off-s71,w10s-shp-off,71,10048512,0.58,0.995,-1.0,0.2272,0.0714,0.0002,-0.0179,0.001,1.0,0.933
w10s-shp-off-s71,w10s-shp-off,71,10079232,0.58,1.01,-1.0,0.2452,0.0694,0.0002,-0.0174,0.0009,1.0,0.933
w10s-shp-off-s71,w10s-shp-off,71,10109952,0.52,0.968,-1.0,0.2798,0.0668,0.0002,-0.0163,0.001,1.0,0.933
w10s-shp-off-s71,w10s-shp-off,71,10140672,0.52,0.938,-1.0,-0.089,0.0702,0.0002,-0.0178,0.001,1.0,0.933
w10s-shp-off-s71,w10s-shp-off,71,10171392,0.54,0.959,-1.0,0.1731,0.0704,0.0002,-0.0184,0.001,1.0,0.933
w10s-shp-off-s71,w10s-shp-off,71,10202112,0.45,0.853,-1.0,0.2073,0.0681,0.0002,-0.0179,0.0011,1.0,0.933
w10s-shp-off-s71,w10s-shp-off,71,10232832,0.46,0.918,-1.0,0.4372,0.0685,0.0002,-0.0168,0.0009,1.0,0.933
w10s-shp-off-s71,w10s-shp-off,71,10263552,0.55,0.97,-1.0,0.2498,0.0697,0.0002,-0.0178,0.001,1.0,0.933
w10s-shp-off-s71,w10s-shp-off,71,10294272,0.56,0.957,-1.0,0.3384,0.0663,0.0002,-0.0172,0.001,1.0,0.933
w10s-shp-off-s71,w10s-shp-off,71,10324992,0.58,1.002,-1.0,0.4575,0.068,0.0002,-0.0169,0.0009,1.0,0.933
w10s-shp-off-s71,w10s-shp-off,71,10355712,0.49,0.921,-1.0,0.2912,0.0709,0.0002,-0.0184,0.0009,1.0,0.933
w10s-shp-off-s71,w10s-shp-off,71,10386432,0.49,0.971,-1.0,0.4394,0.0722,0.0002,-0.0172,0.0009,1.0,0.932
w10s-shp-off-s71,w10s-shp-off,71,10417152,0.51,0.921,-1.0,0.4249,0.0706,0.0002,-0.0182,0.001,1.0,0.932
w10s-shp-off-s71,w10s-shp-off,71,10447872,0.55,0.961,-1.0,0.236,0.0701,0.0002,-0.0182,0.001,1.0,0.932
w10s-shp-off-s71,w10s-shp-off,71,10478592,0.64,1.02,-1.0,0.3565,0.0681,0.0002,-0.0179,0.001,1.0,0.932
w10s-shp-off-s71,w10s-shp-off,71,10509312,0.56,1.007,-1.0,0.3331,0.0721,0.0002,-0.017,0.001,1.0,0.932
w10s-shp-off-s71,w10s-shp-off,71,10540032,0.54,0.952,-1.0,0.3493,0.0696,0.0002,-0.0183,0.001,1.0,0.932
w10s-shp-off-s71,w10s-shp-off,71,10570752,0.59,1.02,-1.0,0.5016,0.0695,0.0002,-0.0195,0.0009,1.0,0.932
w10s-shp-off-s71,w10s-shp-off,71,10601472,0.57,0.988,-1.0,0.4878,0.0716,0.0002,-0.0178,0.001,1.0,0.932
w10s-shp-off-s71,w10s-shp-off,71,10632192,0.62,1.004,-1.0,0.2156,0.0715,0.0002,-0.0191,0.001,1.0,0.932
w10s-shp-off-s71,w10s-shp-off,71,10662912,0.63,1.082,-1.0,0.3241,0.065,0.0002,-0.0176,0.001,1.0,0.932
w10s-shp-off-s71,w10s-shp-off,71,10693632,0.54,0.99,-1.0,0.4338,0.0665,0.0002,-0.0189,0.001,1.0,0.932
w10s-shp-off-s71,w10s-shp-off,71,10724352,0.55,1.027,-1.0,0.2411,0.0698,0.0002,-0.0177,0.0009,1.0,0.932
w10s-shp-off-s71,w10s-shp-off,71,10755072,0.47,0.95,-1.0,0.277,0.0687,0.0002,-0.0181,0.001,1.0,0.932
w10s-shp-off-s71,w10s-shp-off,71,10785792,0.5,0.931,-1.0,0.2888,0.0693,0.0002,-0.0177,0.001,1.0,0.932
w10s-shp-off-s71,w10s-shp-off,71,10816512,0.57,0.986,-1.0,0.307,0.0688,0.0002,-0.0187,0.001,1.0,0.932
w10s-shp-off-s71,w10s-shp-off,71,10847232,0.54,0.975,-1.0,0.2914,0.0697,0.0002,-0.0168,0.001,1.0,0.932
w10s-shp-off-s71,w10s-shp-off,71,10877952,0.57,1.002,-1.0,0.2892,0.0716,0.0002,-0.0187,0.0009,1.0,0.932
w10s-shp-off-s71,w10s-shp-off,71,10908672,0.6,0.997,-1.0,0.4222,0.0695,0.0002,-0.0198,0.001,1.0,0.931
w10s-shp-off-s71,w10s-shp-off,71,10939392,0.55,0.97,-1.0,0.5093,0.0691,0.0002,-0.0182,0.001,1.0,0.931
w10s-shp-off-s71,w10s-shp-off,71,10970112,0.54,0.964,-1.0,0.4821,0.0694,0.0002,-0.0169,0.0009,1.0,0.931
w10s-shp-off-s71,w10s-shp-off,71,11000832,0.51,0.94,-1.0,0.4191,0.0702,0.0002,-0.017,0.001,1.0,0.931
w10s-shp-off-s71,w10s-shp-off,71,11031552,0.57,0.975,-1.0,0.2518,0.0738,0.0002,-0.0196,0.0009,1.0,0.931
w10s-shp-off-s71,w10s-shp-off,71,11062272,0.58,1.003,-1.0,0.3138,0.0696,0.0002,-0.0173,0.001,1.0,0.931
w10s-shp-off-s71,w10s-shp-off,71,11092992,0.57,0.976,-1.0,0.413,0.069,0.0002,-0.0181,0.001,1.0,0.931
w10s-shp-off-s71,w10s-shp-off,71,11123712,0.49,0.969,-1.0,0.4403,0.0713,0.0002,-0.0187,0.0009,1.0,0.931
w10s-shp-off-s71,w10s-shp-off,71,11154432,0.61,1.022,-1.0,0.4867,0.0723,0.0002,-0.0198,0.001,1.0,0.931
w10s-shp-off-s71,w10s-shp-off,71,11185152,0.56,0.987,-1.0,0.2542,0.0669,0.0002,-0.0187,0.0009,1.0,0.931
w10s-shp-off-s71,w10s-shp-off,71,11215872,0.62,1.037,-1.0,0.4019,0.0697,0.0002,-0.017,0.001,1.0,0.931
w10s-shp-off-s71,w10s-shp-off,71,11246592,0.61,1.051,-1.0,0.5353,0.0687,0.0002,-0.0173,0.0009,1.0,0.931
w10s-shp-off-s71,w10s-shp-off,71,11277312,0.58,1.024,-1.0,0.4678,0.0693,0.0002,-0.0202,0.001,1.0,0.931
w10s-shp-off-s71,w10s-shp-off,71,11308032,0.62,1.049,-1.0,0.415,0.0702,0.0002,-0.0182,0.0009,1.0,0.931
w10s-shp-off-s71,w10s-shp-off,71,11338752,0.65,1.046,-1.0,0.383,0.0693,0.0002,-0.0172,0.001,1.0,0.931
w10s-shp-off-s71,w10s-shp-off,71,11369472,0.55,0.992,-1.0,0.1906,0.0708,0.0002,-0.0186,0.0009,1.0,0.931
w10s-shp-off-s71,w10s-shp-off,71,11400192,0.56,0.963,-1.0,0.5101,0.0707,0.0002,-0.0181,0.0009,1.0,0.93
w10s-shp-off-s71,w10s-shp-off,71,11430912,0.54,1.016,-1.0,0.4464,0.0695,0.0002,-0.0172,0.001,1.0,0.93
w10s-shp-off-s71,w10s-shp-off,71,11461632,0.63,1.04,-1.0,0.4826,0.0699,0.0002,-0.0183,0.001,1.0,0.93
w10s-shp-off-s71,w10s-shp-off,71,11492352,0.56,0.97,-1.0,0.368,0.0707,0.0002,-0.0183,0.001,1.0,0.93
w10s-shp-off-s71,w10s-shp-off,71,11523072,0.57,1.002,-1.0,0.4978,0.0721,0.0002,-0.0174,0.0009,1.0,0.93
w10s-shp-off-s71,w10s-shp-off,71,11553792,0.68,1.077,-1.0,0.2838,0.0698,0.0002,-0.0175,0.0008,1.0,0.93
w10s-shp-off-s71,w10s-shp-off,71,11584512,0.58,1.04,-1.0,0.4141,0.0719,0.0002,-0.0182,0.0009,1.0,0.93
w10s-shp-off-s71,w10s-shp-off,71,11615232,0.6,1.036,-1.0,0.3655,0.0693,0.0002,-0.0183,0.0009,1.0,0.93
w10s-shp-off-s71,w10s-shp-off,71,11645952,0.58,1.01,-1.0,0.4353,0.0706,0.0002,-0.0176,0.001,1.0,0.93
w10s-shp-off-s71,w10s-shp-off,71,11676672,0.53,0.981,-1.0,0.3705,0.0685,0.0002,-0.0184,0.0009,1.0,0.93
w10s-shp-off-s71,w10s-shp-off,71,11707392,0.56,0.984,-1.0,0.4473,0.0693,0.0002,-0.0175,0.0009,1.0,0.93
w10s-shp-off-s71,w10s-shp-off,71,11738112,0.59,1.032,-1.0,0.2243,0.0701,0.0002,-0.0175,0.0009,1.0,0.93
w10s-shp-off-s71,w10s-shp-off,71,11768832,0.6,1.058,-1.0,0.5447,0.0705,0.0002,-0.0202,0.001,1.0,0.93
w10s-shp-off-s71,w10s-shp-off,71,11799552,0.66,1.083,-1.0,0.5455,0.0707,0.0002,-0.019,0.0009,1.0,0.93
w10s-shp-off-s71,w10s-shp-off,71,11830272,0.69,1.103,-1.0,0.7409,0.0699,0.0002,-0.019,0.0009,1.0,0.93
w10s-shp-off-s71,w10s-shp-off,71,11860992,0.6,0.98,-1.0,0.4034,0.0704,0.0002,-0.0169,0.001,1.0,0.93
w10s-shp-off-s71,w10s-shp-off,71,11891712,0.57,0.996,-1.0,0.347,0.0708,0.0002,-0.0177,0.0009,1.0,0.929
w10s-shp-off-s71,w10s-shp-off,71,11922432,0.61,1.029,-1.0,0.4522,0.0708,0.0002,-0.0181,0.0009,1.0,0.929
w10s-shp-off-s71,w10s-shp-off,71,11953152,0.62,1.04,-1.0,0.3173,0.0696,0.0002,-0.0194,0.001,1.0,0.929
w10s-shp-off-s71,w10s-shp-off,71,11983872,0.57,1.012,-1.0,0.4229,0.0713,0.0002,-0.0172,0.0009,1.0,0.929
w10s-shp-off-s71,w10s-shp-off,71,12014592,0.62,1.079,-1.0,0.4572,0.0699,0.0002,-0.0168,0.0009,1.0,0.929
w10s-shp-off-s71,w10s-shp-off,71,12045312,0.63,1.051,-1.0,0.4393,0.0682,0.0002,-0.0183,0.0009,1.0,0.929
w10s-shp-off-s71,w10s-shp-off,71,12076032,0.56,0.993,-1.0,0.4224,0.0683,0.0002,-0.0177,0.0009,1.0,0.929
w10s-shp-off-s71,w10s-shp-off,71,12106752,0.61,1.051,-1.0,0.3239,0.0734,0.0002,-0.0175,0.0009,1.0,0.929
w10s-shp-off-s71,w10s-shp-off,71,12137472,0.76,1.159,-1.0,0.539,0.069,0.0002,-0.0165,0.001,1.0,0.929
w10s-shp-off-s71,w10s-shp-off,71,12168192,0.74,1.149,-1.0,0.2728,0.0681,0.0002,-0.0177,0.001,1.0,0.929
w10s-shp-off-s71,w10s-shp-off,71,12198912,0.64,1.06,-1.0,0.4048,0.069,0.0002,-0.0179,0.0008,1.0,0.929
w10s-shp-off-s71,w10s-shp-off,71,12229632,0.59,1.037,-1.0,0.4343,0.0731,0.0002,-0.0204,0.001,1.0,0.929
w10s-shp-off-s71,w10s-shp-off,71,12260352,0.6,1.027,-1.0,0.5242,0.0707,0.0002,-0.0172,0.001,1.0,0.929
w10s-shp-off-s71,w10s-shp-off,71,12291072,0.66,1.094,-1.0,0.4755,0.0685,0.0002,-0.0174,0.0009,1.0,0.929
w10s-shp-off-s71,w10s-shp-off,71,12321792,0.59,1.016,-1.0,0.4333,0.0685,0.0002,-0.0165,0.0009,1.0,0.929
w10s-shp-off-s71,w10s-shp-off,71,12352512,0.64,1.065,-1.0,0.3408,0.0694,0.0002,-0.0175,0.0009,1.0,0.929
w10s-shp-off-s71,w10s-shp-off,71,12383232,0.63,1.056,-1.0,0.2535,0.0702,0.0002,-0.0182,0.0009,1.0,0.928
w10s-shp-off-s71,w10s-shp-off,71,12413952,0.66,1.1,-1.0,0.1618,0.0722,0.0002,-0.0185,0.0009,1.0,0.928
w10s-shp-off-s71,w10s-shp-off,71,12444672,0.61,1.051,-1.0,0.4055,0.066,0.0002,-0.0189,0.0008,1.0,0.928
w10s-shp-off-s71,w10s-shp-off,71,12475392,0.63,1.07,-1.0,0.4157,0.0682,0.0002,-0.0175,0.0009,1.0,0.928
w10s-shp-off-s71,w10s-shp-off,71,12506112,0.67,1.096,-1.0,0.5154,0.0696,0.0002,-0.0186,0.001,1.0,0.928
w10s-shp-off-s71,w10s-shp-off,71,12536832,0.6,1.038,-1.0,0.3704,0.0712,0.0002,-0.0165,0.0009,1.0,0.928
w10s-shp-off-s71,w10s-shp-off,71,12567552,0.6,1.023,-1.0,0.4711,0.0671,0.0002,-0.0181,0.0009,1.0,0.928
w10s-shp-off-s71,w10s-shp-off,71,12598272,0.72,1.132,-1.0,0.6556,0.0697,0.0002,-0.0173,0.0009,1.0,0.928
w10s-shp-off-s71,w10s-shp-off,71,12628992,0.52,0.96,-1.0,0.4668,0.0699,0.0002,-0.0179,0.001,1.0,0.928
w10s-shp-off-s71,w10s-shp-off,71,12659712,0.71,1.111,-1.0,0.5371,0.0677,0.0002,-0.0173,0.0009,1.0,0.928
w10s-shp-off-s71,w10s-shp-off,71,12690432,0.61,1.07,-1.0,0.4733,0.0683,0.0002,-0.0191,0.0009,1.0,0.928
w10s-shp-off-s71,w10s-shp-off,71,12721152,0.66,1.104,-1.0,0.4467,0.0688,0.0002,-0.0181,0.0008,1.0,0.928
w10s-shp-off-s71,w10s-shp-off,71,12751872,0.66,1.099,-1.0,0.6138,0.0759,0.0002,-0.0183,0.001,1.0,0.928
w10s-shp-off-s71,w10s-shp-off,71,12782592,0.58,1.023,-1.0,0.5294,0.0736,0.0002,-0.0179,0.001,1.0,0.928
w10s-shp-off-s71,w10s-shp-off,71,12813312,0.69,1.167,-1.0,0.4023,0.0702,0.0002,-0.0183,0.0009,1.0,0.928
w10s-shp-off-s71,w10s-shp-off,71,12844032,0.61,1.08,-1.0,0.2847,0.0683,0.0002,-0.0171,0.0009,1.0,0.928
w10s-shp-off-s71,w10s-shp-off,71,12874752,0.61,1.063,-1.0,0.5199,0.0696,0.0002,-0.0174,0.001,1.0,0.928
w10s-shp-off-s71,w10s-shp-off,71,12905472,0.6,1.046,-1.0,0.6169,0.0705,0.0002,-0.0197,0.001,1.0,0.927
w10s-shp-off-s71,w10s-shp-off,71,12936192,0.57,1.024,-1.0,0.6233,0.0728,0.0002,-0.0182,0.001,1.0,0.927
w10s-shp-off-s71,w10s-shp-off,71,12966912,0.55,1.006,-1.0,0.5308,0.073,0.0002,-0.0185,0.001,1.0,0.927
w10s-shp-off-s71,w10s-shp-off,71,12997632,0.58,1.045,-1.0,0.2922,0.0691,0.0002,-0.0184,0.0009,1.0,0.927
w10s-shp-off-s71,w10s-shp-off,71,13028352,0.67,1.102,-1.0,0.5541,0.0705,0.0002,-0.0198,0.001,1.0,0.927
w10s-shp-off-s71,w10s-shp-off,71,13059072,0.66,1.118,-1.0,0.4945,0.075,0.0002,-0.0177,0.0009,1.0,0.927
w10s-shp-off-s71,w10s-shp-off,71,13089792,0.7,1.129,-1.0,0.4667,0.0741,0.0002,-0.0182,0.0009,1.0,0.927
w10s-shp-off-s71,w10s-shp-off,71,13120512,0.65,1.088,-1.0,0.5084,0.0725,0.0002,-0.0183,0.001,1.0,0.927
w10s-shp-off-s71,w10s-shp-off,71,13151232,0.7,1.133,-1.0,0.5939,0.0712,0.0002,-0.0172,0.001,1.0,0.927
w10s-shp-off-s71,w10s-shp-off,71,13181952,0.74,1.184,-1.0,0.3896,0.0697,0.0002,-0.017,0.0009,1.0,0.927
w10s-shp-off-s71,w10s-shp-off,71,13212672,0.6,1.04,-1.0,0.384,0.0684,0.0002,-0.0172,0.0009,1.0,0.927
w10s-shp-off-s71,w10s-shp-off,71,13243392,0.66,1.123,-1.0,0.6092,0.0698,0.0002,-0.0172,0.0009,1.0,0.927
w10s-shp-off-s71,w10s-shp-off,71,13274112,0.69,1.151,-1.0,0.4975,0.0699,0.0002,-0.0177,0.0009,1.0,0.927
w10s-shp-off-s71,w10s-shp-off,71,13304832,0.55,1.041,-1.0,0.5245,0.0693,0.0002,-0.0168,0.0009,1.0,0.927
w10s-shp-off-s71,w10s-shp-off,71,13335552,0.58,1.072,-1.0,0.658,0.0731,0.0002,-0.0186,0.001,1.0,0.927
w10s-shp-off-s71,w10s-shp-off,71,13366272,0.69,1.151,-1.0,0.5208,0.0741,0.0002,-0.018,0.001,1.0,0.927
w10s-shp-off-s71,w10s-shp-off,71,13396992,0.61,1.099,-1.0,0.503,0.0679,0.0002,-0.0186,0.0009,1.0,0.926
w10s-shp-off-s71,w10s-shp-off,71,13427712,0.67,1.135,-1.0,0.4974,0.0684,0.0002,-0.0188,0.001,1.0,0.926
w10s-shp-off-s71,w10s-shp-off,71,13458432,0.66,1.105,-1.0,0.5952,0.0717,0.0002,-0.0192,0.001,1.0,0.926
w10s-shp-off-s71,w10s-shp-off,71,13489152,0.66,1.109,-1.0,0.6068,0.0702,0.0002,-0.0189,0.001,1.0,0.926
w10s-shp-off-s71,w10s-shp-off,71,13519872,0.7,1.177,-1.0,0.4162,0.0723,0.0002,-0.0178,0.001,1.0,0.926
w10s-shp-off-s71,w10s-shp-off,71,13550592,0.68,1.135,-1.0,0.7098,0.0725,0.0002,-0.0186,0.0009,1.0,0.926
w10s-shp-off-s71,w10s-shp-off,71,13581312,0.74,1.208,-1.0,0.7146,0.0695,0.0002,-0.0167,0.0011,1.0,0.926
w10s-shp-off-s71,w10s-shp-off,71,13612032,0.73,1.183,-1.0,0.4817,0.0678,0.0002,-0.0191,0.0009,1.0,0.926
w10s-shp-off-s71,w10s-shp-off,71,13642752,0.75,1.18,-1.0,0.6223,0.0712,0.0002,-0.0192,0.001,1.0,0.926
w10s-shp-off-s71,w10s-shp-off,71,13673472,0.67,1.143,-1.0,0.8562,0.0718,0.0002,-0.0189,0.001,1.0,0.926
w10s-shp-off-s71,w10s-shp-off,71,13704192,0.71,1.177,-1.0,0.6244,0.0693,0.0002,-0.0179,0.001,1.0,0.926
w10s-shp-off-s71,w10s-shp-off,71,13734912,0.7,1.157,-1.0,0.726,0.0682,0.0002,-0.0174,0.001,1.0,0.926
w10s-shp-off-s71,w10s-shp-off,71,13765632,0.67,1.141,-1.0,0.7891,0.0693,0.0002,-0.0182,0.001,1.0,0.926
w10s-shp-off-s71,w10s-shp-off,71,13796352,0.7,1.151,-1.0,0.532,0.0706,0.0002,-0.0185,0.0009,1.0,0.926
w10s-shp-off-s71,w10s-shp-off,71,13827072,0.72,1.167,-1.0,0.5171,0.0686,0.0002,-0.0187,0.001,1.0,0.926
w10s-shp-off-s71,w10s-shp-off,71,13857792,0.66,1.109,-1.0,0.5207,0.0696,0.0002,-0.0173,0.0009,1.0,0.925
w10s-shp-off-s71,w10s-shp-off,71,13888512,0.6,1.076,-1.0,0.5628,0.0726,0.0002,-0.0186,0.0009,1.0,0.925
w10s-shp-off-s71,w10s-shp-off,71,13919232,0.67,1.146,-1.0,0.624,0.0709,0.0002,-0.0189,0.0009,1.0,0.925
w10s-shp-off-s71,w10s-shp-off,71,13949952,0.65,1.104,-1.0,0.843,0.068,0.0002,-0.0186,0.0009,1.0,0.925
w10s-shp-off-s71,w10s-shp-off,71,13980672,0.81,1.222,-1.0,0.6296,0.0715,0.0002,-0.0177,0.0008,1.0,0.925
w10s-shp-off-s71,w10s-shp-off,71,14011392,0.67,1.153,-1.0,0.6773,0.0685,0.0002,-0.0191,0.0009,1.0,0.925
w10s-shp-off-s71,w10s-shp-off,71,14042112,0.63,1.074,-1.0,0.6907,0.0677,0.0002,-0.017,0.0009,1.0,0.925
w10s-shp-off-s71,w10s-shp-off,71,14072832,0.67,1.154,-1.0,0.6182,0.0704,0.0002,-0.0181,0.001,1.0,0.925
w10s-shp-off-s71,w10s-shp-off,71,14103552,0.76,1.211,-1.0,0.619,0.0698,0.0002,-0.0188,0.001,1.0,0.925
w10s-shp-off-s71,w10s-shp-off,71,14134272,0.71,1.162,-1.0,0.7129,0.0712,0.0002,-0.0175,0.0009,1.0,0.925
w10s-shp-off-s71,w10s-shp-off,71,14164992,0.66,1.144,-1.0,0.6317,0.0677,0.0002,-0.0176,0.0009,1.0,0.925
w10s-shp-off-s71,w10s-shp-off,71,14195712,0.65,1.111,-1.0,0.7367,0.0703,0.0002,-0.0178,0.0009,1.0,0.925
w10s-shp-off-s71,w10s-shp-off,71,14226432,0.7,1.162,-1.0,0.5581,0.0731,0.0002,-0.0184,0.0009,1.0,0.925
w10s-shp-off-s71,w10s-shp-off,71,14257152,0.7,1.188,-1.0,0.6536,0.0731,0.0002,-0.0175,0.001,1.0,0.925
w10s-shp-off-s71,w10s-shp-off,71,14287872,0.7,1.186,-1.0,0.684,0.0703,0.0002,-0.0181,0.0009,1.0,0.925
w10s-shp-off-s71,w10s-shp-off,71,14318592,0.73,1.169,-1.0,0.6721,0.0723,0.0002,-0.0168,0.001,1.0,0.924
w10s-shp-off-s71,w10s-shp-off,71,14349312,0.7,1.183,-1.0,0.6367,0.0724,0.0002,-0.0189,0.001,1.0,0.924
w10s-shp-off-s71,w10s-shp-off,71,14380032,0.7,1.171,-1.0,0.6529,0.0685,0.0002,-0.0182,0.0009,1.0,0.924
w10s-shp-off-s71,w10s-shp-off,71,14410752,0.71,1.176,-1.0,0.7342,0.069,0.0002,-0.0181,0.0009,1.0,0.924
w10s-shp-off-s71,w10s-shp-off,71,14441472,0.67,1.161,-1.0,0.7591,0.0706,0.0002,-0.0185,0.001,1.0,0.924
w10s-shp-off-s71,w10s-shp-off,71,14472192,0.73,1.192,-1.0,0.6006,0.0712,0.0002,-0.0182,0.0009,1.0,0.924
w10s-shp-off-s71,w10s-shp-off,71,14502912,0.7,1.179,-1.0,0.6911,0.0694,0.0002,-0.0174,0.001,1.0,0.924
w10s-shp-off-s71,w10s-shp-off,71,14533632,0.74,1.211,-1.0,0.7702,0.0714,0.0002,-0.0186,0.001,1.0,0.924
w10s-shp-off-s71,w10s-shp-off,71,14564352,0.66,1.159,-1.0,0.4741,0.0702,0.0002,-0.0181,0.001,1.0,0.924
w10s-shp-off-s71,w10s-shp-off,71,14595072,0.73,1.18,-1.0,0.6979,0.0682,0.0002,-0.0168,0.0009,1.0,0.924
w10s-shp-off-s71,w10s-shp-off,71,14625792,0.69,1.194,-1.0,0.7939,0.0674,0.0002,-0.018,0.0008,1.0,0.924
w10s-shp-off-s71,w10s-shp-off,71,14656512,0.71,1.189,-1.0,0.7618,0.0713,0.0002,-0.0176,0.0009,1.0,0.924
w10s-shp-off-s71,w10s-shp-off,71,14687232,0.77,1.229,-1.0,0.8138,0.0696,0.0002,-0.018,0.0009,1.0,0.924
w10s-shp-off-s71,w10s-shp-off,71,14717952,0.72,1.208,-1.0,0.7553,0.0737,0.0002,-0.0186,0.001,1.0,0.924
w10s-shp-off-s71,w10s-shp-off,71,14748672,0.66,1.171,-1.0,0.7568,0.0704,0.0002,-0.0193,0.0009,1.0,0.923
w10s-shp-off-s71,w10s-shp-off,71,14779392,0.77,1.241,-1.0,0.8262,0.0701,0.0002,-0.018,0.0009,1.0,0.923
w10s-shp-off-s71,w10s-shp-off,71,14810112,0.78,1.219,-1.0,0.7901,0.0702,0.0002,-0.0177,0.0009,1.0,0.923
w10s-shp-off-s71,w10s-shp-off,71,14840832,0.75,1.229,-1.0,0.5354,0.0683,0.0002,-0.0187,0.0009,1.0,0.923
w10s-shp-off-s71,w10s-shp-off,71,14871552,0.77,1.23,-1.0,0.8191,0.0691,0.0002,-0.0178,0.0009,1.0,0.923
w10s-shp-off-s71,w10s-shp-off,71,14902272,0.81,1.276,-1.0,0.743,0.07,0.0002,-0.0187,0.001,1.0,0.923
w10s-shp-off-s71,w10s-shp-off,71,14932992,0.71,1.184,-1.0,0.8592,0.0755,0.0002,-0.0187,0.0009,1.0,0.923
w10s-shp-off-s71,w10s-shp-off,71,14963712,0.72,1.169,-1.0,0.8589,0.0711,0.0002,-0.0177,0.0009,1.0,0.923
w10s-shp-off-s71,w10s-shp-off,71,14994432,0.73,1.184,-1.0,0.8051,0.0706,0.0002,-0.0177,0.0009,1.0,0.923
w10s-shp-off-s71,w10s-shp-off,71,14997504,0.75,1.238,-1.0,0.8011,0.0691,0.0002,-0.0179,0.0009,1.0,0.923
w10s-shp-off-s72,w10s-shp-off,72,3072,0.0,0.418,-1.0,,,,,,,
w10s-shp-off-s72,w10s-shp-off,72,33792,0.0,0.42,-1.0,-0.975,0.0689,0.0002,-0.0177,0.0149,0.962,0.929
w10s-shp-off-s72,w10s-shp-off,72,64512,0.0,0.475,-1.0,-1.0,0.0745,0.0002,-0.0197,0.0109,0.99,0.915
w10s-shp-off-s72,w10s-shp-off,72,95232,0.02,0.483,-1.0,-1.0,0.0684,0.0002,-0.0183,0.0092,0.999,0.911
w10s-shp-off-s72,w10s-shp-off,72,125952,0.05,0.523,-1.0,-0.9773,0.0703,0.0002,-0.0184,0.0078,1.0,0.908
w10s-shp-off-s72,w10s-shp-off,72,156672,0.0,0.453,-1.0,-0.9771,0.0697,0.0002,-0.0173,0.0075,1.0,0.907
w10s-shp-off-s72,w10s-shp-off,72,187392,0.0,0.468,-1.0,-0.9557,0.0738,0.0002,-0.0165,0.0077,1.0,0.909
w10s-shp-off-s72,w10s-shp-off,72,218112,0.01,0.534,-1.0,-1.0,0.0706,0.0002,-0.017,0.0067,1.0,0.914
w10s-shp-off-s72,w10s-shp-off,72,248832,0.02,0.533,-1.0,-0.952,0.0707,0.0002,-0.0205,0.0067,1.0,0.916
w10s-shp-off-s72,w10s-shp-off,72,279552,0.02,0.504,-1.0,-0.9365,0.073,0.0002,-0.0169,0.0057,1.0,0.918
w10s-shp-off-s72,w10s-shp-off,72,310272,0.02,0.534,-1.0,-0.9569,0.0677,0.0002,-0.0194,0.0059,1.0,0.921
w10s-shp-off-s72,w10s-shp-off,72,340992,0.02,0.498,-1.0,-0.8906,0.0704,0.0002,-0.0161,0.005,1.0,0.924
w10s-shp-off-s72,w10s-shp-off,72,371712,0.01,0.507,-1.0,-0.9751,0.0702,0.0002,-0.0173,0.0053,1.0,0.926
w10s-shp-off-s72,w10s-shp-off,72,402432,0.02,0.553,-1.0,-0.9794,0.0717,0.0002,-0.0197,0.0046,1.0,0.927
w10s-shp-off-s72,w10s-shp-off,72,433152,0.02,0.53,-1.0,-1.0,0.0702,0.0002,-0.0172,0.0052,1.0,0.929
w10s-shp-off-s72,w10s-shp-off,72,463872,0.02,0.549,-1.0,-0.9531,0.0684,0.0002,-0.0183,0.0045,1.0,0.93
w10s-shp-off-s72,w10s-shp-off,72,494592,0.02,0.551,-1.0,-0.9791,0.0741,0.0002,-0.0157,0.0047,1.0,0.931
w10s-shp-off-s72,w10s-shp-off,72,525312,0.01,0.504,-1.0,-0.9309,0.073,0.0002,-0.0171,0.004,1.0,0.932
w10s-shp-off-s72,w10s-shp-off,72,556032,0.01,0.468,-1.0,-0.9787,0.07,0.0002,-0.0184,0.0044,1.0,0.933
w10s-shp-off-s72,w10s-shp-off,72,586752,0.0,0.49,-1.0,-0.9018,0.0693,0.0002,-0.0166,0.0037,1.0,0.934
w10s-shp-off-s72,w10s-shp-off,72,617472,0.02,0.511,-1.0,-0.9547,0.0738,0.0002,-0.0164,0.0043,1.0,0.935
w10s-shp-off-s72,w10s-shp-off,72,648192,0.0,0.497,-1.0,-0.9116,0.0702,0.0002,-0.0185,0.0039,1.0,0.936
w10s-shp-off-s72,w10s-shp-off,72,678912,0.01,0.513,-1.0,-0.9522,0.0695,0.0002,-0.0184,0.0037,1.0,0.936
w10s-shp-off-s72,w10s-shp-off,72,709632,0.01,0.52,-1.0,-1.0,0.07,0.0002,-0.0177,0.0038,1.0,0.937
w10s-shp-off-s72,w10s-shp-off,72,740352,0.02,0.493,-1.0,-0.9056,0.0694,0.0002,-0.0181,0.0036,1.0,0.937
w10s-shp-off-s72,w10s-shp-off,72,771072,0.01,0.52,-1.0,-0.9535,0.0703,0.0002,-0.0178,0.0033,1.0,0.937
w10s-shp-off-s72,w10s-shp-off,72,801792,0.0,0.495,-1.0,-0.8865,0.0739,0.0002,-0.0204,0.0033,1.0,0.937
w10s-shp-off-s72,w10s-shp-off,72,832512,0.02,0.52,-1.0,-0.9774,0.0712,0.0002,-0.0193,0.0034,1.0,0.936
w10s-shp-off-s72,w10s-shp-off,72,863232,0.02,0.496,-1.0,-1.0,0.0728,0.0002,-0.0193,0.0037,1.0,0.936
w10s-shp-off-s72,w10s-shp-off,72,893952,0.04,0.552,-1.0,-0.9068,0.0725,0.0002,-0.0185,0.0034,1.0,0.936
w10s-shp-off-s72,w10s-shp-off,72,924672,0.03,0.531,-1.0,-0.9294,0.0707,0.0002,-0.017,0.0032,1.0,0.936
w10s-shp-off-s72,w10s-shp-off,72,955392,0.02,0.517,-1.0,-0.9072,0.0705,0.0002,-0.0187,0.0035,1.0,0.937
w10s-shp-off-s72,w10s-shp-off,72,986112,0.07,0.536,-1.0,-0.9549,0.0697,0.0002,-0.0183,0.0034,1.0,0.937
w10s-shp-off-s72,w10s-shp-off,72,1016832,0.04,0.513,-1.0,-0.9318,0.0676,0.0002,-0.017,0.0032,1.0,0.937
w10s-shp-off-s72,w10s-shp-off,72,1047552,0.02,0.503,-1.0,-0.8851,0.0718,0.0002,-0.0197,0.0031,1.0,0.937
w10s-shp-off-s72,w10s-shp-off,72,1078272,0.02,0.517,-1.0,-0.9752,0.0734,0.0002,-0.018,0.003,1.0,0.938
w10s-shp-off-s72,w10s-shp-off,72,1108992,0.03,0.504,-1.0,-0.9506,0.0705,0.0002,-0.0169,0.0028,1.0,0.938
w10s-shp-off-s72,w10s-shp-off,72,1139712,0.02,0.584,-1.0,-0.9108,0.0688,0.0002,-0.0174,0.0028,1.0,0.938
w10s-shp-off-s72,w10s-shp-off,72,1170432,0.05,0.55,-1.0,-0.8846,0.0693,0.0002,-0.0181,0.0029,1.0,0.938
w10s-shp-off-s72,w10s-shp-off,72,1201152,0.01,0.515,-1.0,-0.9375,0.0686,0.0002,-0.0181,0.0029,1.0,0.938
w10s-shp-off-s72,w10s-shp-off,72,1231872,0.03,0.525,-1.0,-0.9537,0.0717,0.0002,-0.0189,0.003,1.0,0.939
w10s-shp-off-s72,w10s-shp-off,72,1262592,0.01,0.522,-1.0,-0.8707,0.0719,0.0002,-0.0167,0.0029,1.0,0.939
w10s-shp-off-s72,w10s-shp-off,72,1293312,0.01,0.516,-1.0,-0.8837,0.0731,0.0002,-0.0174,0.0031,1.0,0.939
w10s-shp-off-s72,w10s-shp-off,72,1324032,0.03,0.57,-1.0,-0.84,0.0715,0.0002,-0.0177,0.003,1.0,0.939
w10s-shp-off-s72,w10s-shp-off,72,1354752,0.03,0.536,-1.0,-0.885,0.0727,0.0002,-0.0174,0.0026,1.0,0.939
w10s-shp-off-s72,w10s-shp-off,72,1385472,0.01,0.477,-1.0,-0.9518,0.0723,0.0002,-0.0175,0.0029,1.0,0.939
w10s-shp-off-s72,w10s-shp-off,72,1416192,0.07,0.579,-1.0,-0.9112,0.0748,0.0002,-0.0179,0.0026,1.0,0.94
w10s-shp-off-s72,w10s-shp-off,72,1446912,0.05,0.523,-1.0,-0.9791,0.0725,0.0002,-0.018,0.0025,1.0,0.94
w10s-shp-off-s72,w10s-shp-off,72,1477632,0.07,0.527,-1.0,-0.9569,0.0691,0.0002,-0.017,0.0024,1.0,0.94
w10s-shp-off-s72,w10s-shp-off,72,1508352,0.01,0.516,-1.0,-0.9349,0.0723,0.0002,-0.0186,0.0025,1.0,0.94
w10s-shp-off-s72,w10s-shp-off,72,1539072,0.02,0.544,-1.0,-0.8692,0.0712,0.0002,-0.0167,0.0027,1.0,0.94
w10s-shp-off-s72,w10s-shp-off,72,1569792,0.05,0.58,-1.0,-0.9757,0.0731,0.0002,-0.0189,0.0027,1.0,0.94
w10s-shp-off-s72,w10s-shp-off,72,1600512,0.05,0.573,-1.0,-0.8386,0.071,0.0002,-0.0183,0.0026,1.0,0.94
w10s-shp-off-s72,w10s-shp-off,72,1631232,0.05,0.569,-1.0,-0.886,0.0699,0.0002,-0.0191,0.0025,1.0,0.94
w10s-shp-off-s72,w10s-shp-off,72,1661952,0.02,0.532,-1.0,-0.9298,0.0749,0.0002,-0.0184,0.0024,1.0,0.941
w10s-shp-off-s72,w10s-shp-off,72,1692672,0.04,0.536,-1.0,-0.9569,0.07,0.0002,-0.0182,0.0027,1.0,0.94
w10s-shp-off-s72,w10s-shp-off,72,1723392,0.04,0.536,-1.0,-0.8791,0.0681,0.0002,-0.0176,0.0026,1.0,0.94
w10s-shp-off-s72,w10s-shp-off,72,1754112,0.07,0.593,-1.0,-0.9067,0.0696,0.0002,-0.0189,0.0026,1.0,0.941
w10s-shp-off-s72,w10s-shp-off,72,1784832,0.04,0.528,-1.0,-0.9348,0.0693,0.0002,-0.0178,0.0023,1.0,0.941
w10s-shp-off-s72,w10s-shp-off,72,1815552,0.09,0.548,-1.0,-0.8866,0.0705,0.0002,-0.0175,0.0025,1.0,0.941
w10s-shp-off-s72,w10s-shp-off,72,1846272,0.06,0.566,-1.0,-0.8189,0.0716,0.0002,-0.0177,0.0021,1.0,0.941
w10s-shp-off-s72,w10s-shp-off,72,1876992,0.01,0.525,-1.0,-0.9325,0.0687,0.0002,-0.0174,0.0024,1.0,0.941
w10s-shp-off-s72,w10s-shp-off,72,1907712,0.08,0.603,-1.0,-0.927,0.0721,0.0002,-0.0171,0.0024,1.0,0.941
w10s-shp-off-s72,w10s-shp-off,72,1938432,0.04,0.55,-1.0,-0.7951,0.07,0.0002,-0.0174,0.002,1.0,0.941
w10s-shp-off-s72,w10s-shp-off,72,1969152,0.05,0.537,-1.0,-0.9324,0.0748,0.0002,-0.0173,0.0023,1.0,0.941
w10s-shp-off-s72,w10s-shp-off,72,1999872,0.07,0.529,-1.0,-0.8449,0.0683,0.0002,-0.0183,0.0023,1.0,0.941
w10s-shp-off-s72,w10s-shp-off,72,2030592,0.05,0.503,-1.0,-0.809,0.072,0.0002,-0.0169,0.0023,1.0,0.941
w10s-shp-off-s72,w10s-shp-off,72,2061312,0.06,0.559,-1.0,-0.9031,0.0689,0.0002,-0.0181,0.0022,1.0,0.941
w10s-shp-off-s72,w10s-shp-off,72,2092032,0.06,0.546,-1.0,-0.8632,0.0711,0.0002,-0.0182,0.0023,1.0,0.941
w10s-shp-off-s72,w10s-shp-off,72,2122752,0.08,0.541,-1.0,-0.9308,0.0703,0.0002,-0.0194,0.0022,1.0,0.941
w10s-shp-off-s72,w10s-shp-off,72,2153472,0.04,0.491,-1.0,-0.8856,0.0678,0.0002,-0.0179,0.0022,1.0,0.941
w10s-shp-off-s72,w10s-shp-off,72,2184192,0.04,0.496,-1.0,-0.8209,0.0676,0.0002,-0.0173,0.0023,1.0,0.941
w10s-shp-off-s72,w10s-shp-off,72,2214912,0.03,0.502,-1.0,-0.8349,0.0683,0.0002,-0.0174,0.0022,1.0,0.941
w10s-shp-off-s72,w10s-shp-off,72,2245632,0.06,0.549,-1.0,-0.8634,0.0728,0.0002,-0.0187,0.0022,1.0,0.941
w10s-shp-off-s72,w10s-shp-off,72,2276352,0.08,0.583,-1.0,-0.9331,0.0704,0.0002,-0.0182,0.002,1.0,0.942
w10s-shp-off-s72,w10s-shp-off,72,2307072,0.09,0.555,-1.0,-0.8178,0.0707,0.0002,-0.0181,0.0022,1.0,0.942
w10s-shp-off-s72,w10s-shp-off,72,2337792,0.09,0.577,-1.0,-0.8789,0.0706,0.0002,-0.0187,0.0022,1.0,0.941
w10s-shp-off-s72,w10s-shp-off,72,2368512,0.04,0.509,-1.0,-0.975,0.0698,0.0002,-0.0176,0.0018,1.0,0.942
w10s-shp-off-s72,w10s-shp-off,72,2399232,0.04,0.482,-1.0,-0.8166,0.0691,0.0002,-0.0171,0.0021,1.0,0.942
w10s-shp-off-s72,w10s-shp-off,72,2429952,0.08,0.538,-1.0,-0.9275,0.072,0.0002,-0.0176,0.0021,1.0,0.942
w10s-shp-off-s72,w10s-shp-off,72,2460672,0.03,0.522,-1.0,-0.8145,0.0687,0.0002,-0.019,0.0019,1.0,0.942
w10s-shp-off-s72,w10s-shp-off,72,2491392,0.03,0.508,-1.0,-0.7295,0.0696,0.0002,-0.0189,0.0019,1.0,0.942
w10s-shp-off-s72,w10s-shp-off,72,2522112,0.11,0.58,-1.0,-0.7691,0.0702,0.0002,-0.018,0.002,1.0,0.942
w10s-shp-off-s72,w10s-shp-off,72,2552832,0.05,0.512,-1.0,-0.884,0.0686,0.0002,-0.0172,0.0021,1.0,0.942
w10s-shp-off-s72,w10s-shp-off,72,2583552,0.1,0.563,-1.0,-0.7921,0.0706,0.0002,-0.017,0.002,1.0,0.942
w10s-shp-off-s72,w10s-shp-off,72,2614272,0.08,0.585,-1.0,-0.8873,0.0717,0.0002,-0.0192,0.0019,1.0,0.942
w10s-shp-off-s72,w10s-shp-off,72,2644992,0.11,0.587,-1.0,-0.8801,0.0712,0.0002,-0.0185,0.0019,1.0,0.942
w10s-shp-off-s72,w10s-shp-off,72,2675712,0.04,0.499,-1.0,-0.9318,0.0686,0.0002,-0.0188,0.0019,1.0,0.942
w10s-shp-off-s72,w10s-shp-off,72,2706432,0.08,0.563,-1.0,-0.9295,0.0701,0.0002,-0.0181,0.0018,1.0,0.942
w10s-shp-off-s72,w10s-shp-off,72,2737152,0.13,0.558,-1.0,-0.6713,0.0707,0.0002,-0.0171,0.0016,1.0,0.942
w10s-shp-off-s72,w10s-shp-off,72,2767872,0.09,0.539,-1.0,-0.7445,0.071,0.0002,-0.017,0.002,1.0,0.942
w10s-shp-off-s72,w10s-shp-off,72,2798592,0.04,0.495,-1.0,-0.8584,0.0718,0.0002,-0.0172,0.0019,1.0,0.942
w10s-shp-off-s72,w10s-shp-off,72,2829312,0.05,0.52,-1.0,-0.8393,0.0721,0.0002,-0.0183,0.0018,1.0,0.942
w10s-shp-off-s72,w10s-shp-off,72,2860032,0.1,0.589,-1.0,-0.8197,0.0718,0.0002,-0.0173,0.0018,1.0,0.942
w10s-shp-off-s72,w10s-shp-off,72,2890752,0.06,0.56,-1.0,-0.8387,0.0732,0.0002,-0.0174,0.002,1.0,0.942
w10s-shp-off-s72,w10s-shp-off,72,2921472,0.13,0.612,-1.0,-0.8661,0.0717,0.0002,-0.0177,0.0019,1.0,0.942
w10s-shp-off-s72,w10s-shp-off,72,2952192,0.07,0.581,-1.0,-0.8384,0.0687,0.0002,-0.019,0.0018,1.0,0.942
w10s-shp-off-s72,w10s-shp-off,72,2982912,0.13,0.581,-1.0,-0.7416,0.0709,0.0002,-0.0169,0.0018,1.0,0.942
w10s-shp-off-s72,w10s-shp-off,72,3013632,0.05,0.563,-1.0,-0.8592,0.0694,0.0002,-0.0182,0.0017,1.0,0.942
w10s-shp-off-s72,w10s-shp-off,72,3044352,0.12,0.569,-1.0,-0.7208,0.0696,0.0002,-0.0184,0.0018,1.0,0.942
w10s-shp-off-s72,w10s-shp-off,72,3075072,0.07,0.513,-1.0,-0.6829,0.0717,0.0002,-0.0174,0.0017,1.0,0.942
w10s-shp-off-s72,w10s-shp-off,72,3105792,0.15,0.592,-1.0,-0.8129,0.0757,0.0002,-0.0183,0.0017,1.0,0.942
w10s-shp-off-s72,w10s-shp-off,72,3136512,0.1,0.529,-1.0,-0.8333,0.0725,0.0002,-0.018,0.0019,1.0,0.942
w10s-shp-off-s72,w10s-shp-off,72,3167232,0.14,0.601,-1.0,-0.6972,0.0727,0.0002,-0.0175,0.0018,1.0,0.942
w10s-shp-off-s72,w10s-shp-off,72,3197952,0.09,0.563,-1.0,-0.8844,0.0696,0.0002,-0.0165,0.0018,1.0,0.942
w10s-shp-off-s72,w10s-shp-off,72,3228672,0.1,0.558,-1.0,-0.8804,0.0701,0.0002,-0.0183,0.0016,1.0,0.943
w10s-shp-off-s72,w10s-shp-off,72,3259392,0.06,0.552,-1.0,-0.7486,0.0738,0.0002,-0.0172,0.0017,1.0,0.943
w10s-shp-off-s72,w10s-shp-off,72,3290112,0.11,0.595,-1.0,-0.581,0.0706,0.0002,-0.0171,0.0017,1.0,0.943
w10s-shp-off-s72,w10s-shp-off,72,3320832,0.13,0.605,-1.0,-0.8378,0.0711,0.0002,-0.0187,0.0017,1.0,0.943
w10s-shp-off-s72,w10s-shp-off,72,3351552,0.16,0.586,-1.0,-0.6659,0.0719,0.0002,-0.0172,0.0018,1.0,0.943
w10s-shp-off-s72,w10s-shp-off,72,3382272,0.16,0.646,-1.0,-0.749,0.0699,0.0002,-0.0185,0.0017,1.0,0.943
w10s-shp-off-s72,w10s-shp-off,72,3412992,0.11,0.574,-1.0,-0.8033,0.0718,0.0002,-0.0177,0.0017,1.0,0.943
w10s-shp-off-s72,w10s-shp-off,72,3443712,0.12,0.578,-1.0,-0.5988,0.0694,0.0002,-0.0168,0.0017,1.0,0.943
w10s-shp-off-s72,w10s-shp-off,72,3474432,0.06,0.522,-1.0,-0.6064,0.0692,0.0002,-0.0168,0.0015,1.0,0.943
w10s-shp-off-s72,w10s-shp-off,72,3505152,0.13,0.606,-1.0,-0.769,0.0715,0.0002,-0.0189,0.0016,1.0,0.943
w10s-shp-off-s72,w10s-shp-off,72,3535872,0.15,0.632,-1.0,-0.6496,0.0705,0.0002,-0.0179,0.0019,1.0,0.943
w10s-shp-off-s72,w10s-shp-off,72,3566592,0.1,0.573,-1.0,-0.8461,0.0705,0.0002,-0.0191,0.0015,1.0,0.943
w10s-shp-off-s72,w10s-shp-off,72,3597312,0.1,0.569,-1.0,-0.6787,0.0705,0.0002,-0.0178,0.0014,1.0,0.943
w10s-shp-off-s72,w10s-shp-off,72,3628032,0.11,0.587,-1.0,-0.6249,0.0678,0.0002,-0.0188,0.0015,1.0,0.943
w10s-shp-off-s72,w10s-shp-off,72,3658752,0.1,0.569,-1.0,-0.7709,0.0736,0.0002,-0.0185,0.0016,1.0,0.943
w10s-shp-off-s72,w10s-shp-off,72,3689472,0.13,0.584,-1.0,-0.6009,0.0708,0.0002,-0.0179,0.0017,1.0,0.943
w10s-shp-off-s72,w10s-shp-off,72,3720192,0.1,0.545,-1.0,-0.7009,0.0723,0.0002,-0.018,0.0015,1.0,0.943
w10s-shp-off-s72,w10s-shp-off,72,3750912,0.09,0.576,-1.0,-0.7281,0.072,0.0002,-0.0171,0.0015,1.0,0.944
w10s-shp-off-s72,w10s-shp-off,72,3781632,0.13,0.632,-1.0,-0.7202,0.0682,0.0002,-0.0167,0.0014,1.0,0.944
w10s-shp-off-s72,w10s-shp-off,72,3812352,0.13,0.602,-1.0,-0.6646,0.0677,0.0002,-0.0173,0.0015,1.0,0.944
w10s-shp-off-s72,w10s-shp-off,72,3843072,0.21,0.662,-1.0,-0.6573,0.0701,0.0002,-0.0179,0.0016,1.0,0.944
w10s-shp-off-s72,w10s-shp-off,72,3873792,0.18,0.593,-1.0,-0.5443,0.069,0.0002,-0.0177,0.0017,1.0,0.943
w10s-shp-off-s72,w10s-shp-off,72,3904512,0.15,0.595,-1.0,-0.6242,0.0714,0.0002,-0.0183,0.0018,1.0,0.943
w10s-shp-off-s72,w10s-shp-off,72,3935232,0.15,0.577,-1.0,-0.5598,0.0724,0.0002,-0.0185,0.0016,1.0,0.943
w10s-shp-off-s72,w10s-shp-off,72,3965952,0.15,0.559,-1.0,-0.6107,0.0719,0.0002,-0.0163,0.0015,1.0,0.944
w10s-shp-off-s72,w10s-shp-off,72,3996672,0.17,0.591,-1.0,-0.6772,0.0681,0.0002,-0.0172,0.0014,1.0,0.944
w10s-shp-off-s72,w10s-shp-off,72,4027392,0.15,0.602,-1.0,-0.7032,0.0709,0.0002,-0.0172,0.0015,1.0,0.944
w10s-shp-off-s72,w10s-shp-off,72,4058112,0.14,0.662,-1.0,-0.6054,0.0681,0.0002,-0.0166,0.0015,1.0,0.944
w10s-shp-off-s72,w10s-shp-off,72,4088832,0.17,0.675,-1.0,-0.4254,0.0708,0.0002,-0.0186,0.0016,1.0,0.943
w10s-shp-off-s72,w10s-shp-off,72,4119552,0.14,0.607,-1.0,-0.7676,0.0737,0.0002,-0.017,0.0014,1.0,0.943
w10s-shp-off-s72,w10s-shp-off,72,4150272,0.14,0.619,-1.0,-0.6246,0.0685,0.0002,-0.0169,0.0014,1.0,0.943
w10s-shp-off-s72,w10s-shp-off,72,4180992,0.18,0.657,-1.0,-0.6456,0.0686,0.0002,-0.0185,0.0015,1.0,0.943
w10s-shp-off-s72,w10s-shp-off,72,4211712,0.2,0.674,-1.0,-0.4615,0.068,0.0002,-0.0187,0.0015,1.0,0.943
w10s-shp-off-s72,w10s-shp-off,72,4242432,0.2,0.664,-1.0,-0.6345,0.0709,0.0002,-0.0184,0.0014,1.0,0.943
w10s-shp-off-s72,w10s-shp-off,72,4273152,0.23,0.685,-1.0,-0.592,0.0691,0.0002,-0.0179,0.0014,1.0,0.943
w10s-shp-off-s72,w10s-shp-off,72,4303872,0.2,0.661,-1.0,-0.6176,0.0718,0.0002,-0.0175,0.0014,1.0,0.943
w10s-shp-off-s72,w10s-shp-off,72,4334592,0.21,0.696,-1.0,-0.7158,0.0702,0.0002,-0.0177,0.0014,1.0,0.943
w10s-shp-off-s72,w10s-shp-off,72,4365312,0.22,0.636,-1.0,-0.555,0.0713,0.0002,-0.0178,0.0013,1.0,0.943
w10s-shp-off-s72,w10s-shp-off,72,4396032,0.18,0.68,-1.0,-0.6977,0.0705,0.0002,-0.0173,0.0014,1.0,0.943
w10s-shp-off-s72,w10s-shp-off,72,4426752,0.27,0.698,-1.0,-0.4281,0.0697,0.0002,-0.0162,0.0013,1.0,0.943
w10s-shp-off-s72,w10s-shp-off,72,4457472,0.18,0.635,-1.0,-0.6373,0.07,0.0002,-0.0197,0.0013,1.0,0.943
w10s-shp-off-s72,w10s-shp-off,72,4488192,0.2,0.645,-1.0,-0.6921,0.0726,0.0002,-0.0168,0.0015,1.0,0.943
w10s-shp-off-s72,w10s-shp-off,72,4518912,0.18,0.635,-1.0,-0.7715,0.0714,0.0002,-0.0181,0.0014,1.0,0.943
w10s-shp-off-s72,w10s-shp-off,72,4549632,0.3,0.735,-1.0,-0.4949,0.0704,0.0002,-0.0175,0.0015,1.0,0.943
w10s-shp-off-s72,w10s-shp-off,72,4580352,0.28,0.731,-1.0,-0.5736,0.0732,0.0002,-0.0176,0.0015,1.0,0.943
w10s-shp-off-s72,w10s-shp-off,72,4611072,0.15,0.648,-1.0,-0.6084,0.07,0.0002,-0.0185,0.0014,1.0,0.943
w10s-shp-off-s72,w10s-shp-off,72,4641792,0.16,0.602,-1.0,-0.5049,0.068,0.0002,-0.0178,0.0014,1.0,0.943
w10s-shp-off-s72,w10s-shp-off,72,4672512,0.17,0.62,-1.0,-0.4603,0.0678,0.0002,-0.0173,0.0014,1.0,0.943
w10s-shp-off-s72,w10s-shp-off,72,4703232,0.17,0.644,-1.0,-0.444,0.0692,0.0002,-0.0166,0.0014,1.0,0.943
w10s-shp-off-s72,w10s-shp-off,72,4733952,0.27,0.716,-1.0,-0.4044,0.0694,0.0002,-0.0182,0.0014,1.0,0.943
w10s-shp-off-s72,w10s-shp-off,72,4764672,0.25,0.683,-1.0,-0.4761,0.0663,0.0002,-0.0175,0.0013,1.0,0.943
w10s-shp-off-s72,w10s-shp-off,72,4795392,0.2,0.686,-1.0,-0.2361,0.0696,0.0002,-0.0183,0.0013,1.0,0.943
w10s-shp-off-s72,w10s-shp-off,72,4826112,0.2,0.646,-1.0,-0.314,0.0682,0.0002,-0.0184,0.0014,1.0,0.943
w10s-shp-off-s72,w10s-shp-off,72,4856832,0.25,0.679,-1.0,-0.4407,0.0669,0.0002,-0.0185,0.0014,1.0,0.943
w10s-shp-off-s72,w10s-shp-off,72,4887552,0.21,0.647,-1.0,-0.4489,0.0713,0.0002,-0.0177,0.0014,1.0,0.943
w10s-shp-off-s72,w10s-shp-off,72,4918272,0.22,0.683,-1.0,-0.5587,0.0718,0.0002,-0.0179,0.0013,1.0,0.943
w10s-shp-off-s72,w10s-shp-off,72,4948992,0.18,0.607,-1.0,-0.5745,0.0711,0.0002,-0.0179,0.0014,1.0,0.943
w10s-shp-off-s72,w10s-shp-off,72,4979712,0.16,0.639,-1.0,-0.4851,0.0694,0.0002,-0.0181,0.0012,1.0,0.943
w10s-shp-off-s72,w10s-shp-off,72,5010432,0.19,0.66,-1.0,-0.5323,0.0703,0.0002,-0.018,0.0014,1.0,0.943
w10s-shp-off-s72,w10s-shp-off,72,5041152,0.22,0.659,-1.0,-0.4831,0.0725,0.0002,-0.0175,0.0013,1.0,0.943
w10s-shp-off-s72,w10s-shp-off,72,5071872,0.24,0.636,-1.0,-0.3046,0.0696,0.0002,-0.0172,0.0013,1.0,0.943
w10s-shp-off-s72,w10s-shp-off,72,5102592,0.24,0.699,-1.0,-0.4392,0.0703,0.0002,-0.0181,0.0013,1.0,0.943
w10s-shp-off-s72,w10s-shp-off,72,5133312,0.19,0.663,-1.0,-0.3565,0.071,0.0002,-0.0177,0.0014,1.0,0.943
w10s-shp-off-s72,w10s-shp-off,72,5164032,0.18,0.612,-1.0,-0.3832,0.0702,0.0002,-0.0181,0.0013,1.0,0.943
w10s-shp-off-s72,w10s-shp-off,72,5194752,0.26,0.706,-1.0,-0.4143,0.0702,0.0002,-0.0192,0.0013,1.0,0.943
w10s-shp-off-s72,w10s-shp-off,72,5225472,0.3,0.732,-1.0,-0.4306,0.0694,0.0002,-0.0185,0.0014,1.0,0.943
w10s-shp-off-s72,w10s-shp-off,72,5256192,0.26,0.717,-1.0,-0.4723,0.0686,0.0002,-0.0169,0.0013,1.0,0.943
w10s-shp-off-s72,w10s-shp-off,72,5286912,0.24,0.682,-1.0,-0.446,0.0718,0.0002,-0.0192,0.0013,1.0,0.943
w10s-shp-off-s72,w10s-shp-off,72,5317632,0.28,0.733,-1.0,-0.4227,0.0684,0.0002,-0.0168,0.0012,1.0,0.943
w10s-shp-off-s72,w10s-shp-off,72,5348352,0.23,0.673,-1.0,-0.4211,0.0692,0.0002,-0.0184,0.0014,1.0,0.943
w10s-shp-off-s72,w10s-shp-off,72,5379072,0.21,0.667,-1.0,-0.4192,0.0704,0.0002,-0.0178,0.0013,1.0,0.943
w10s-shp-off-s72,w10s-shp-off,72,5409792,0.25,0.666,-1.0,-0.4894,0.072,0.0002,-0.0168,0.0013,1.0,0.943
w10s-shp-off-s72,w10s-shp-off,72,5440512,0.25,0.683,-1.0,-0.5312,0.0731,0.0002,-0.0166,0.0013,1.0,0.943
w10s-shp-off-s72,w10s-shp-off,72,5471232,0.24,0.706,-1.0,-0.3498,0.0693,0.0002,-0.0176,0.0012,1.0,0.942
w10s-shp-off-s72,w10s-shp-off,72,5501952,0.26,0.701,-1.0,-0.634,0.0695,0.0002,-0.018,0.0012,1.0,0.942
w10s-shp-off-s72,w10s-shp-off,72,5532672,0.22,0.672,-1.0,-0.427,0.0716,0.0002,-0.0182,0.0012,1.0,0.942
w10s-shp-off-s72,w10s-shp-off,72,5563392,0.2,0.646,-1.0,-0.4317,0.0686,0.0002,-0.0175,0.0012,1.0,0.942
w10s-shp-off-s72,w10s-shp-off,72,5594112,0.28,0.716,-1.0,-0.4341,0.0725,0.0002,-0.0186,0.0012,1.0,0.942
w10s-shp-off-s72,w10s-shp-off,72,5624832,0.32,0.758,-1.0,-0.5084,0.0707,0.0002,-0.0188,0.0012,1.0,0.942
w10s-shp-off-s72,w10s-shp-off,72,5655552,0.26,0.69,-1.0,-0.2717,0.0676,0.0002,-0.0175,0.0013,1.0,0.942
w10s-shp-off-s72,w10s-shp-off,72,5686272,0.22,0.642,-1.0,-0.2201,0.067,0.0002,-0.0165,0.0014,1.0,0.942
w10s-shp-off-s72,w10s-shp-off,72,5716992,0.23,0.698,-1.0,-0.3238,0.0721,0.0002,-0.0181,0.0013,1.0,0.942
w10s-shp-off-s72,w10s-shp-off,72,5747712,0.29,0.712,-1.0,-0.3884,0.0715,0.0002,-0.0189,0.0013,1.0,0.942
w10s-shp-off-s72,w10s-shp-off,72,5778432,0.23,0.668,-1.0,-0.3028,0.0722,0.0002,-0.0178,0.0013,1.0,0.942
w10s-shp-off-s72,w10s-shp-off,72,5809152,0.29,0.734,-1.0,-0.2588,0.0705,0.0002,-0.0178,0.0012,1.0,0.942
w10s-shp-off-s72,w10s-shp-off,72,5839872,0.32,0.783,-1.0,-0.2465,0.0712,0.0002,-0.0177,0.0014,1.0,0.942
w10s-shp-off-s72,w10s-shp-off,72,5870592,0.34,0.748,-1.0,-0.4604,0.07,0.0002,-0.0167,0.0011,1.0,0.942
w10s-shp-off-s72,w10s-shp-off,72,5901312,0.31,0.728,-1.0,-0.4952,0.0673,0.0002,-0.0167,0.0012,1.0,0.942
w10s-shp-off-s72,w10s-shp-off,72,5932032,0.3,0.725,-1.0,-0.0874,0.0678,0.0002,-0.0174,0.0012,1.0,0.942
w10s-shp-off-s72,w10s-shp-off,72,5962752,0.29,0.73,-1.0,-0.7725,0.0756,0.0002,-0.0176,0.0012,1.0,0.942
w10s-shp-off-s72,w10s-shp-off,72,5993472,0.3,0.761,-1.0,-0.2164,0.0711,0.0002,-0.0191,0.0013,1.0,0.942
w10s-shp-off-s72,w10s-shp-off,72,6024192,0.38,0.763,-1.0,-0.362,0.0723,0.0002,-0.018,0.0012,1.0,0.942
w10s-shp-off-s72,w10s-shp-off,72,6054912,0.32,0.761,-1.0,-0.4446,0.0674,0.0002,-0.0169,0.0012,1.0,0.942
w10s-shp-off-s72,w10s-shp-off,72,6085632,0.32,0.739,-1.0,-0.3802,0.0699,0.0002,-0.0174,0.0012,1.0,0.942
w10s-shp-off-s72,w10s-shp-off,72,6116352,0.34,0.75,-1.0,-0.091,0.0704,0.0002,-0.0174,0.0012,1.0,0.942
w10s-shp-off-s72,w10s-shp-off,72,6147072,0.24,0.676,-1.0,-0.3285,0.072,0.0002,-0.0181,0.0012,1.0,0.942
w10s-shp-off-s72,w10s-shp-off,72,6177792,0.27,0.704,-1.0,-0.4698,0.0677,0.0002,-0.0172,0.0011,1.0,0.942
w10s-shp-off-s72,w10s-shp-off,72,6208512,0.25,0.693,-1.0,-0.3801,0.0676,0.0002,-0.0195,0.0011,1.0,0.942
w10s-shp-off-s72,w10s-shp-off,72,6239232,0.27,0.7,-1.0,-0.3223,0.0745,0.0002,-0.0177,0.0013,1.0,0.942
w10s-shp-off-s72,w10s-shp-off,72,6269952,0.3,0.724,-1.0,-0.3942,0.0693,0.0002,-0.0186,0.0011,1.0,0.942
w10s-shp-off-s72,w10s-shp-off,72,6300672,0.32,0.762,-1.0,-0.3537,0.0695,0.0002,-0.0176,0.0012,1.0,0.942
w10s-shp-off-s72,w10s-shp-off,72,6331392,0.41,0.838,-1.0,-0.3226,0.0705,0.0002,-0.0178,0.0013,1.0,0.942
w10s-shp-off-s72,w10s-shp-off,72,6362112,0.38,0.806,-1.0,-0.3853,0.0707,0.0002,-0.0187,0.0012,1.0,0.942
w10s-shp-off-s72,w10s-shp-off,72,6392832,0.29,0.728,-1.0,-0.3367,0.0715,0.0002,-0.0184,0.0012,1.0,0.942
w10s-shp-off-s72,w10s-shp-off,72,6423552,0.33,0.741,-1.0,-0.3583,0.0704,0.0002,-0.0176,0.0011,1.0,0.942
w10s-shp-off-s72,w10s-shp-off,72,6454272,0.39,0.833,-1.0,-0.3751,0.0658,0.0002,-0.0176,0.0012,1.0,0.942
w10s-shp-off-s72,w10s-shp-off,72,6484992,0.38,0.798,-1.0,-0.3275,0.0708,0.0002,-0.0176,0.0011,1.0,0.942
w10s-shp-off-s72,w10s-shp-off,72,6515712,0.28,0.73,-1.0,-0.2751,0.0665,0.0002,-0.0176,0.0011,1.0,0.942
w10s-shp-off-s72,w10s-shp-off,72,6546432,0.32,0.759,-1.0,-0.0473,0.0706,0.0002,-0.0178,0.0011,1.0,0.942
w10s-shp-off-s72,w10s-shp-off,72,6577152,0.35,0.763,-1.0,-0.204,0.0702,0.0002,-0.0179,0.0011,1.0,0.942
w10s-shp-off-s72,w10s-shp-off,72,6607872,0.35,0.756,-1.0,-0.2163,0.0729,0.0002,-0.0181,0.0013,1.0,0.941
w10s-shp-off-s72,w10s-shp-off,72,6638592,0.3,0.738,-1.0,-0.1844,0.0728,0.0002,-0.0183,0.0012,1.0,0.941
w10s-shp-off-s72,w10s-shp-off,72,6669312,0.34,0.78,-1.0,-0.2841,0.0671,0.0002,-0.0183,0.0012,1.0,0.941
w10s-shp-off-s72,w10s-shp-off,72,6700032,0.29,0.706,-1.0,-0.2307,0.0715,0.0002,-0.0185,0.0011,1.0,0.941
w10s-shp-off-s72,w10s-shp-off,72,6730752,0.42,0.869,-1.0,-0.2402,0.0682,0.0002,-0.0177,0.0012,1.0,0.941
w10s-shp-off-s72,w10s-shp-off,72,6761472,0.4,0.801,-1.0,0.0331,0.0703,0.0002,-0.018,0.0012,1.0,0.941
w10s-shp-off-s72,w10s-shp-off,72,6792192,0.36,0.787,-1.0,-0.2558,0.0734,0.0002,-0.0172,0.0011,1.0,0.941
w10s-shp-off-s72,w10s-shp-off,72,6822912,0.37,0.795,-1.0,-0.2238,0.0704,0.0002,-0.0182,0.0011,1.0,0.941
w10s-shp-off-s72,w10s-shp-off,72,6853632,0.36,0.814,-1.0,-0.0705,0.0655,0.0001,-0.0159,0.001,1.0,0.941
w10s-shp-off-s72,w10s-shp-off,72,6884352,0.35,0.737,-1.0,-0.1795,0.0719,0.0002,-0.0157,0.001,1.0,0.941
w10s-shp-off-s72,w10s-shp-off,72,6915072,0.35,0.742,-1.0,-0.3035,0.0695,0.0002,-0.0177,0.0012,1.0,0.941
w10s-shp-off-s72,w10s-shp-off,72,6945792,0.3,0.758,-1.0,-0.1494,0.0666,0.0002,-0.0191,0.0011,1.0,0.941
w10s-shp-off-s72,w10s-shp-off,72,6976512,0.44,0.866,-1.0,-0.1292,0.0701,0.0002,-0.0172,0.0011,1.0,0.941
w10s-shp-off-s72,w10s-shp-off,72,7007232,0.38,0.792,-1.0,-0.1387,0.0718,0.0002,-0.0183,0.0012,1.0,0.941
w10s-shp-off-s72,w10s-shp-off,72,7037952,0.38,0.796,-1.0,-0.0692,0.0703,0.0002,-0.0177,0.0011,1.0,0.941
w10s-shp-off-s72,w10s-shp-off,72,7068672,0.39,0.816,-1.0,-0.2034,0.0676,0.0002,-0.0182,0.0011,1.0,0.941
w10s-shp-off-s72,w10s-shp-off,72,7099392,0.36,0.78,-1.0,-0.1586,0.0705,0.0002,-0.0179,0.0011,1.0,0.941
w10s-shp-off-s72,w10s-shp-off,72,7130112,0.28,0.747,-1.0,-0.0664,0.0691,0.0002,-0.018,0.0011,1.0,0.941
w10s-shp-off-s72,w10s-shp-off,72,7160832,0.34,0.769,-1.0,-0.2093,0.0708,0.0002,-0.019,0.0011,1.0,0.941
w10s-shp-off-s72,w10s-shp-off,72,7191552,0.32,0.75,-1.0,-0.398,0.0695,0.0002,-0.018,0.0011,1.0,0.94
w10s-shp-off-s72,w10s-shp-off,72,7222272,0.2,0.677,-1.0,-0.1541,0.0686,0.0002,-0.0162,0.0011,1.0,0.94
w10s-shp-off-s72,w10s-shp-off,72,7252992,0.33,0.755,-1.0,-0.2638,0.0693,0.0002,-0.017,0.0011,1.0,0.94
w10s-shp-off-s72,w10s-shp-off,72,7283712,0.47,0.891,-1.0,-0.1654,0.0717,0.0002,-0.0172,0.0012,1.0,0.94
w10s-shp-off-s72,w10s-shp-off,72,7314432,0.49,0.913,-1.0,-0.1838,0.0672,0.0002,-0.0179,0.0011,1.0,0.94
w10s-shp-off-s72,w10s-shp-off,72,7345152,0.36,0.794,-1.0,-0.284,0.0732,0.0002,-0.019,0.0012,1.0,0.94
w10s-shp-off-s72,w10s-shp-off,72,7375872,0.46,0.888,-1.0,-0.1904,0.0693,0.0002,-0.0173,0.001,1.0,0.94
w10s-shp-off-s72,w10s-shp-off,72,7406592,0.48,0.887,-1.0,-0.0717,0.0708,0.0002,-0.0171,0.0011,1.0,0.94
w10s-shp-off-s72,w10s-shp-off,72,7437312,0.35,0.761,-1.0,-0.0785,0.0688,0.0002,-0.0191,0.001,1.0,0.94
w10s-shp-off-s72,w10s-shp-off,72,7468032,0.4,0.835,-1.0,-0.1936,0.0714,0.0002,-0.0187,0.0011,1.0,0.94
w10s-shp-off-s72,w10s-shp-off,72,7498752,0.44,0.856,-1.0,0.0509,0.0682,0.0002,-0.0163,0.001,1.0,0.94
w10s-shp-off-s72,w10s-shp-off,72,7529472,0.35,0.771,-1.0,-0.1909,0.0696,0.0002,-0.0192,0.001,1.0,0.94
w10s-shp-off-s72,w10s-shp-off,72,7560192,0.43,0.826,-1.0,-0.2196,0.0704,0.0002,-0.0173,0.0011,1.0,0.94
w10s-shp-off-s72,w10s-shp-off,72,7590912,0.32,0.738,-1.0,-0.2716,0.0727,0.0002,-0.0171,0.0011,1.0,0.94
w10s-shp-off-s72,w10s-shp-off,72,7621632,0.4,0.835,-1.0,0.0034,0.0722,0.0002,-0.0174,0.001,1.0,0.94
w10s-shp-off-s72,w10s-shp-off,72,7652352,0.41,0.831,-1.0,-0.0946,0.0724,0.0002,-0.0179,0.0011,1.0,0.94
w10s-shp-off-s72,w10s-shp-off,72,7683072,0.41,0.854,-1.0,-0.2005,0.0707,0.0002,-0.018,0.0011,1.0,0.94
w10s-shp-off-s72,w10s-shp-off,72,7713792,0.44,0.85,-1.0,-0.1361,0.0709,0.0002,-0.0178,0.001,1.0,0.94
w10s-shp-off-s72,w10s-shp-off,72,7744512,0.5,0.887,-1.0,-0.1082,0.0705,0.0002,-0.0183,0.0011,1.0,0.94
w10s-shp-off-s72,w10s-shp-off,72,7775232,0.38,0.822,-1.0,-0.0581,0.071,0.0002,-0.0173,0.0011,1.0,0.94
w10s-shp-off-s72,w10s-shp-off,72,7805952,0.45,0.838,-1.0,-0.159,0.0704,0.0002,-0.0169,0.0011,1.0,0.939
w10s-shp-off-s72,w10s-shp-off,72,7836672,0.37,0.79,-1.0,-0.2627,0.0691,0.0002,-0.018,0.001,1.0,0.939
w10s-shp-off-s72,w10s-shp-off,72,7867392,0.41,0.853,-1.0,-0.0961,0.0698,0.0002,-0.0165,0.001,1.0,0.939
w10s-shp-off-s72,w10s-shp-off,72,7898112,0.42,0.86,-1.0,-0.1702,0.0704,0.0002,-0.0196,0.0011,1.0,0.939
w10s-shp-off-s72,w10s-shp-off,72,7928832,0.42,0.842,-1.0,-0.1463,0.0734,0.0002,-0.0182,0.0012,1.0,0.939
w10s-shp-off-s72,w10s-shp-off,72,7959552,0.4,0.822,-1.0,-0.2668,0.0724,0.0002,-0.0188,0.0011,1.0,0.939
w10s-shp-off-s72,w10s-shp-off,72,7990272,0.47,0.92,-1.0,-0.0405,0.0725,0.0002,-0.0167,0.001,1.0,0.939
w10s-shp-off-s72,w10s-shp-off,72,8020992,0.4,0.841,-1.0,-0.1552,0.0726,0.0002,-0.0186,0.0012,1.0,0.939
w10s-shp-off-s72,w10s-shp-off,72,8051712,0.37,0.805,-1.0,0.1632,0.0679,0.0002,-0.0169,0.0011,1.0,0.939
w10s-shp-off-s72,w10s-shp-off,72,8082432,0.46,0.89,-1.0,0.0825,0.0673,0.0002,-0.0172,0.0011,1.0,0.939
w10s-shp-off-s72,w10s-shp-off,72,8113152,0.38,0.825,-1.0,-0.1259,0.0711,0.0002,-0.018,0.0011,1.0,0.939
w10s-shp-off-s72,w10s-shp-off,72,8143872,0.38,0.821,-1.0,-0.086,0.0691,0.0002,-0.0188,0.0012,1.0,0.939
w10s-shp-off-s72,w10s-shp-off,72,8174592,0.41,0.846,-1.0,-0.1904,0.0732,0.0002,-0.0152,0.0011,1.0,0.939
w10s-shp-off-s72,w10s-shp-off,72,8205312,0.43,0.86,-1.0,-0.2143,0.0706,0.0002,-0.0181,0.001,1.0,0.939
w10s-shp-off-s72,w10s-shp-off,72,8236032,0.47,0.909,-1.0,0.0755,0.0731,0.0002,-0.0175,0.0011,1.0,0.938
w10s-shp-off-s72,w10s-shp-off,72,8266752,0.42,0.89,-1.0,-0.0394,0.0692,0.0002,-0.018,0.001,1.0,0.938
w10s-shp-off-s72,w10s-shp-off,72,8297472,0.5,0.912,-1.0,-0.1255,0.0746,0.0002,-0.0183,0.0011,1.0,0.938
w10s-shp-off-s72,w10s-shp-off,72,8328192,0.38,0.82,-1.0,0.0109,0.0687,0.0002,-0.0181,0.0011,1.0,0.938
w10s-shp-off-s72,w10s-shp-off,72,8358912,0.4,0.835,-1.0,0.089,0.0692,0.0002,-0.0182,0.001,1.0,0.938
w10s-shp-off-s72,w10s-shp-off,72,8389632,0.44,0.933,-1.0,-0.0852,0.0697,0.0002,-0.019,0.0009,1.0,0.938
w10s-shp-off-s72,w10s-shp-off,72,8420352,0.49,0.906,-1.0,-0.0034,0.0717,0.0002,-0.0182,0.001,1.0,0.938
w10s-shp-off-s72,w10s-shp-off,72,8451072,0.48,0.915,-1.0,-0.0462,0.0689,0.0002,-0.0179,0.0011,1.0,0.938
w10s-shp-off-s72,w10s-shp-off,72,8481792,0.41,0.844,-1.0,-0.038,0.0692,0.0002,-0.02,0.0011,1.0,0.938
w10s-shp-off-s72,w10s-shp-off,72,8512512,0.47,0.929,-1.0,0.0392,0.0669,0.0002,-0.0176,0.0011,1.0,0.938
w10s-shp-off-s72,w10s-shp-off,72,8543232,0.4,0.857,-1.0,-0.0912,0.0726,0.0002,-0.017,0.0011,1.0,0.938
w10s-shp-off-s72,w10s-shp-off,72,8573952,0.41,0.868,-1.0,0.0223,0.0691,0.0002,-0.0189,0.001,1.0,0.938
w10s-shp-off-s72,w10s-shp-off,72,8604672,0.43,0.89,-1.0,0.1145,0.0693,0.0002,-0.0184,0.001,1.0,0.938
w10s-shp-off-s72,w10s-shp-off,72,8635392,0.47,0.955,-1.0,0.3275,0.0697,0.0002,-0.0177,0.001,1.0,0.938
w10s-shp-off-s72,w10s-shp-off,72,8666112,0.45,0.888,-1.0,0.0193,0.0718,0.0002,-0.0173,0.0011,1.0,0.937
w10s-shp-off-s72,w10s-shp-off,72,8696832,0.51,0.962,-1.0,-0.0256,0.0686,0.0002,-0.017,0.0012,1.0,0.937
w10s-shp-off-s72,w10s-shp-off,72,8727552,0.39,0.841,-1.0,-0.0335,0.0715,0.0002,-0.017,0.0011,1.0,0.937
w10s-shp-off-s72,w10s-shp-off,72,8758272,0.42,0.866,-1.0,0.0092,0.0716,0.0002,-0.0176,0.001,1.0,0.937
w10s-shp-off-s72,w10s-shp-off,72,8788992,0.49,0.937,-1.0,0.1159,0.066,0.0002,-0.0183,0.001,1.0,0.937
w10s-shp-off-s72,w10s-shp-off,72,8819712,0.45,0.887,-1.0,0.0807,0.0702,0.0002,-0.018,0.001,1.0,0.937
w10s-shp-off-s72,w10s-shp-off,72,8850432,0.33,0.789,-1.0,0.1021,0.0682,0.0002,-0.0169,0.001,1.0,0.937
w10s-shp-off-s72,w10s-shp-off,72,8881152,0.47,0.94,-1.0,-0.1277,0.0709,0.0002,-0.017,0.001,1.0,0.937
w10s-shp-off-s72,w10s-shp-off,72,8911872,0.54,0.978,-1.0,0.2138,0.0671,0.0002,-0.0171,0.0011,1.0,0.937
w10s-shp-off-s72,w10s-shp-off,72,8942592,0.43,0.887,-1.0,0.0196,0.0698,0.0002,-0.017,0.0011,1.0,0.937
w10s-shp-off-s72,w10s-shp-off,72,8973312,0.42,0.896,-1.0,-0.1157,0.0725,0.0002,-0.0168,0.001,1.0,0.937
w10s-shp-off-s72,w10s-shp-off,72,9004032,0.47,0.908,-1.0,0.0788,0.0699,0.0002,-0.0188,0.001,1.0,0.937
w10s-shp-off-s72,w10s-shp-off,72,9034752,0.57,0.989,-1.0,0.164,0.0707,0.0002,-0.019,0.001,1.0,0.937
w10s-shp-off-s72,w10s-shp-off,72,9065472,0.53,0.96,-1.0,0.2869,0.0703,0.0002,-0.0185,0.001,1.0,0.937
w10s-shp-off-s72,w10s-shp-off,72,9096192,0.51,0.965,-1.0,0.0677,0.0698,0.0002,-0.0169,0.001,1.0,0.936
w10s-shp-off-s72,w10s-shp-off,72,9126912,0.39,0.846,-1.0,0.0279,0.0699,0.0002,-0.0191,0.001,1.0,0.936
w10s-shp-off-s72,w10s-shp-off,72,9157632,0.45,0.895,-1.0,-0.0588,0.0694,0.0002,-0.017,0.0011,1.0,0.936
w10s-shp-off-s72,w10s-shp-off,72,9188352,0.44,0.919,-1.0,0.4595,0.0708,0.0002,-0.0169,0.001,1.0,0.936
w10s-shp-off-s72,w10s-shp-off,72,9219072,0.46,0.916,-1.0,0.2917,0.0688,0.0002,-0.0174,0.001,1.0,0.936
w10s-shp-off-s72,w10s-shp-off,72,9249792,0.4,0.843,-1.0,0.0951,0.0679,0.0002,-0.0184,0.0009,1.0,0.936
w10s-shp-off-s72,w10s-shp-off,72,9280512,0.52,0.922,-1.0,0.0209,0.0711,0.0002,-0.0185,0.0009,1.0,0.936
w10s-shp-off-s72,w10s-shp-off,72,9311232,0.45,0.895,-1.0,0.1398,0.0722,0.0002,-0.0188,0.001,1.0,0.936
w10s-shp-off-s72,w10s-shp-off,72,9341952,0.48,0.937,-1.0,0.0377,0.0701,0.0002,-0.0194,0.0011,1.0,0.936
w10s-shp-off-s72,w10s-shp-off,72,9372672,0.45,0.914,-1.0,0.0927,0.07,0.0002,-0.0178,0.001,1.0,0.936
w10s-shp-off-s72,w10s-shp-off,72,9403392,0.5,0.937,-1.0,0.3339,0.073,0.0002,-0.0179,0.0011,1.0,0.936
w10s-shp-off-s72,w10s-shp-off,72,9434112,0.47,0.939,-1.0,0.463,0.0722,0.0002,-0.0167,0.001,1.0,0.936
w10s-shp-off-s72,w10s-shp-off,72,9464832,0.47,0.937,-1.0,0.1797,0.0702,0.0002,-0.0195,0.0011,1.0,0.936
w10s-shp-off-s72,w10s-shp-off,72,9495552,0.51,0.913,-1.0,0.2223,0.0705,0.0002,-0.0179,0.0011,1.0,0.935
w10s-shp-off-s72,w10s-shp-off,72,9526272,0.53,0.972,-1.0,0.1371,0.0697,0.0002,-0.0171,0.001,1.0,0.935
w10s-shp-off-s72,w10s-shp-off,72,9556992,0.39,0.837,-1.0,0.2229,0.0704,0.0002,-0.0171,0.001,1.0,0.935
w10s-shp-off-s72,w10s-shp-off,72,9587712,0.52,0.959,-1.0,0.2203,0.0721,0.0002,-0.0164,0.001,1.0,0.935
w10s-shp-off-s72,w10s-shp-off,72,9618432,0.55,0.971,-1.0,0.0819,0.0688,0.0002,-0.0176,0.001,1.0,0.935
w10s-shp-off-s72,w10s-shp-off,72,9649152,0.54,0.951,-1.0,0.2703,0.0672,0.0001,-0.0178,0.0009,1.0,0.935
w10s-shp-off-s72,w10s-shp-off,72,9679872,0.51,0.952,-1.0,0.2572,0.0703,0.0002,-0.0194,0.001,1.0,0.935
w10s-shp-off-s72,w10s-shp-off,72,9710592,0.44,0.841,-1.0,0.2738,0.0679,0.0002,-0.0187,0.001,1.0,0.935
w10s-shp-off-s72,w10s-shp-off,72,9741312,0.53,0.961,-1.0,0.0284,0.0709,0.0002,-0.0178,0.001,1.0,0.935
w10s-shp-off-s72,w10s-shp-off,72,9772032,0.49,0.918,-1.0,0.2587,0.0668,0.0002,-0.0184,0.0011,1.0,0.935
w10s-shp-off-s72,w10s-shp-off,72,9802752,0.46,0.934,-1.0,0.358,0.0693,0.0002,-0.0182,0.001,1.0,0.935
w10s-shp-off-s72,w10s-shp-off,72,9833472,0.51,0.952,-1.0,0.3783,0.0699,0.0002,-0.0183,0.001,1.0,0.935
w10s-shp-off-s72,w10s-shp-off,72,9864192,0.56,0.973,-1.0,0.342,0.0705,0.0002,-0.0188,0.001,1.0,0.935
w10s-shp-off-s72,w10s-shp-off,72,9894912,0.56,0.975,-1.0,0.1096,0.0721,0.0002,-0.0182,0.001,1.0,0.935
w10s-shp-off-s72,w10s-shp-off,72,9925632,0.54,0.937,-1.0,0.2453,0.0674,0.0002,-0.0165,0.0009,1.0,0.934
w10s-shp-off-s72,w10s-shp-off,72,9956352,0.49,0.908,-1.0,0.3955,0.0713,0.0002,-0.0158,0.001,1.0,0.934
w10s-shp-off-s72,w10s-shp-off,72,9987072,0.55,0.953,-1.0,0.4395,0.0695,0.0002,-0.017,0.001,1.0,0.934
w10s-shp-off-s72,w10s-shp-off,72,10017792,0.47,0.91,-1.0,0.2519,0.0694,0.0002,-0.018,0.0009,1.0,0.934
w10s-shp-off-s72,w10s-shp-off,72,10048512,0.47,0.877,-1.0,0.1287,0.0695,0.0002,-0.0168,0.0008,1.0,0.934
w10s-shp-off-s72,w10s-shp-off,72,10079232,0.49,0.949,-1.0,0.194,0.0714,0.0002,-0.0182,0.001,1.0,0.934
w10s-shp-off-s72,w10s-shp-off,72,10109952,0.49,0.96,-1.0,0.3397,0.069,0.0002,-0.017,0.0009,1.0,0.934
w10s-shp-off-s72,w10s-shp-off,72,10140672,0.49,0.933,-1.0,0.0782,0.0706,0.0002,-0.0173,0.001,1.0,0.934
w10s-shp-off-s72,w10s-shp-off,72,10171392,0.42,0.867,-1.0,0.1119,0.0708,0.0002,-0.0185,0.001,1.0,0.934
w10s-shp-off-s72,w10s-shp-off,72,10202112,0.56,0.979,-1.0,0.2419,0.0719,0.0002,-0.0177,0.0009,1.0,0.934
w10s-shp-off-s72,w10s-shp-off,72,10232832,0.48,0.911,-1.0,0.2466,0.068,0.0002,-0.0185,0.001,1.0,0.934
w10s-shp-off-s72,w10s-shp-off,72,10263552,0.58,0.997,-1.0,0.3318,0.0726,0.0002,-0.0172,0.001,1.0,0.934
w10s-shp-off-s72,w10s-shp-off,72,10294272,0.44,0.884,-1.0,0.2554,0.0711,0.0002,-0.0179,0.001,1.0,0.934
w10s-shp-off-s72,w10s-shp-off,72,10324992,0.45,0.898,-1.0,0.163,0.0708,0.0002,-0.0194,0.0009,1.0,0.933
w10s-shp-off-s72,w10s-shp-off,72,10355712,0.57,0.99,-1.0,0.3613,0.0713,0.0002,-0.0171,0.001,1.0,0.933
w10s-shp-off-s72,w10s-shp-off,72,10386432,0.6,1.017,-1.0,0.2745,0.0694,0.0002,-0.0197,0.0009,1.0,0.933
w10s-shp-off-s72,w10s-shp-off,72,10417152,0.52,0.969,-1.0,0.4111,0.0723,0.0002,-0.0181,0.001,1.0,0.933
w10s-shp-off-s72,w10s-shp-off,72,10447872,0.47,0.894,-1.0,0.1546,0.0683,0.0002,-0.0188,0.0009,1.0,0.933
w10s-shp-off-s72,w10s-shp-off,72,10478592,0.59,1.021,-1.0,0.1339,0.0707,0.0002,-0.0174,0.0009,1.0,0.933
w10s-shp-off-s72,w10s-shp-off,72,10509312,0.55,0.964,-1.0,0.3209,0.072,0.0002,-0.0194,0.001,1.0,0.933
w10s-shp-off-s72,w10s-shp-off,72,10540032,0.55,0.988,-1.0,0.2242,0.0721,0.0002,-0.0178,0.001,1.0,0.933
w10s-shp-off-s72,w10s-shp-off,72,10570752,0.61,1.013,-1.0,0.357,0.072,0.0002,-0.0171,0.001,1.0,0.933
w10s-shp-off-s72,w10s-shp-off,72,10601472,0.63,1.027,-1.0,0.3157,0.0725,0.0002,-0.0183,0.001,1.0,0.933
w10s-shp-off-s72,w10s-shp-off,72,10632192,0.57,1.004,-1.0,0.4014,0.0688,0.0002,-0.018,0.001,1.0,0.933
w10s-shp-off-s72,w10s-shp-off,72,10662912,0.55,1.003,-1.0,0.2459,0.0688,0.0002,-0.0184,0.0009,1.0,0.933
w10s-shp-off-s72,w10s-shp-off,72,10693632,0.53,0.948,-1.0,0.3677,0.0731,0.0002,-0.0176,0.001,1.0,0.932
w10s-shp-off-s72,w10s-shp-off,72,10724352,0.58,1.01,-1.0,0.4883,0.0694,0.0002,-0.0179,0.0009,1.0,0.932
w10s-shp-off-s72,w10s-shp-off,72,10755072,0.62,1.06,-1.0,0.2075,0.0722,0.0002,-0.0184,0.001,1.0,0.932
w10s-shp-off-s72,w10s-shp-off,72,10785792,0.61,1.021,-1.0,0.1882,0.0728,0.0002,-0.0176,0.0009,1.0,0.932
w10s-shp-off-s72,w10s-shp-off,72,10816512,0.56,0.983,-1.0,0.0714,0.0687,0.0002,-0.0175,0.0009,1.0,0.932
w10s-shp-off-s72,w10s-shp-off,72,10847232,0.59,0.997,-1.0,0.1344,0.07,0.0002,-0.0192,0.001,1.0,0.932
w10s-shp-off-s72,w10s-shp-off,72,10877952,0.55,0.991,-1.0,0.2542,0.069,0.0002,-0.0167,0.0009,1.0,0.932
w10s-shp-off-s72,w10s-shp-off,72,10908672,0.48,0.943,-1.0,0.397,0.0713,0.0002,-0.0195,0.0009,1.0,0.932
w10s-shp-off-s72,w10s-shp-off,72,10939392,0.58,1.046,-1.0,0.2268,0.0689,0.0002,-0.0174,0.0009,1.0,0.932
w10s-shp-off-s72,w10s-shp-off,72,10970112,0.68,1.098,-1.0,0.4748,0.069,0.0002,-0.0191,0.0009,1.0,0.932
w10s-shp-off-s72,w10s-shp-off,72,11000832,0.63,1.047,-1.0,0.179,0.0711,0.0002,-0.0197,0.001,1.0,0.932
w10s-shp-off-s72,w10s-shp-off,72,11031552,0.58,0.994,-1.0,0.422,0.0687,0.0002,-0.018,0.001,1.0,0.932
w10s-shp-off-s72,w10s-shp-off,72,11062272,0.52,0.99,-1.0,0.3406,0.0717,0.0002,-0.0183,0.0009,1.0,0.931
w10s-shp-off-s72,w10s-shp-off,72,11092992,0.64,1.04,-1.0,0.3432,0.0709,0.0002,-0.019,0.001,1.0,0.931
w10s-shp-off-s72,w10s-shp-off,72,11123712,0.5,0.931,-1.0,0.3044,0.0715,0.0002,-0.0178,0.001,1.0,0.931
w10s-shp-off-s72,w10s-shp-off,72,11154432,0.61,1.049,-1.0,0.3425,0.0676,0.0002,-0.0179,0.001,1.0,0.931
w10s-shp-off-s72,w10s-shp-off,72,11185152,0.55,0.998,-1.0,0.2081,0.0735,0.0002,-0.018,0.0009,1.0,0.931
w10s-shp-off-s72,w10s-shp-off,72,11215872,0.52,0.946,-1.0,0.2416,0.0699,0.0002,-0.0175,0.0009,1.0,0.931
w10s-shp-off-s72,w10s-shp-off,72,11246592,0.63,1.077,-1.0,0.3458,0.0712,0.0002,-0.019,0.001,1.0,0.931
w10s-shp-off-s72,w10s-shp-off,72,11277312,0.56,0.983,-1.0,0.4159,0.0692,0.0002,-0.0186,0.0009,1.0,0.931
w10s-shp-off-s72,w10s-shp-off,72,11308032,0.54,1.007,-1.0,0.5219,0.0701,0.0002,-0.0186,0.001,1.0,0.931
w10s-shp-off-s72,w10s-shp-off,72,11338752,0.48,0.912,-1.0,0.5165,0.0701,0.0002,-0.0182,0.0009,1.0,0.931
w10s-shp-off-s72,w10s-shp-off,72,11369472,0.62,1.015,-1.0,0.2391,0.0665,0.0002,-0.0184,0.0009,1.0,0.931
w10s-shp-off-s72,w10s-shp-off,72,11400192,0.61,1.043,-1.0,0.4099,0.0688,0.0002,-0.0193,0.001,1.0,0.93
w10s-shp-off-s72,w10s-shp-off,72,11430912,0.63,1.064,-1.0,0.3054,0.072,0.0002,-0.0169,0.001,1.0,0.93
w10s-shp-off-s72,w10s-shp-off,72,11461632,0.61,1.033,-1.0,0.4087,0.0681,0.0002,-0.0184,0.0009,1.0,0.93
w10s-shp-off-s72,w10s-shp-off,72,11492352,0.6,1.037,-1.0,0.369,0.0718,0.0002,-0.0178,0.001,1.0,0.93
w10s-shp-off-s72,w10s-shp-off,72,11523072,0.57,1.008,-1.0,0.2871,0.0714,0.0002,-0.017,0.001,1.0,0.93
w10s-shp-off-s72,w10s-shp-off,72,11553792,0.54,0.976,-1.0,0.4849,0.0702,0.0002,-0.0178,0.0009,1.0,0.93
w10s-shp-off-s72,w10s-shp-off,72,11584512,0.63,1.053,-1.0,0.4302,0.0677,0.0002,-0.0178,0.001,1.0,0.93
w10s-shp-off-s72,w10s-shp-off,72,11615232,0.56,0.983,-1.0,0.3677,0.0709,0.0002,-0.0192,0.0009,1.0,0.93
w10s-shp-off-s72,w10s-shp-off,72,11645952,0.59,1.005,-1.0,0.4938,0.0709,0.0002,-0.0183,0.001,1.0,0.93
w10s-shp-off-s72,w10s-shp-off,72,11676672,0.61,1.047,-1.0,0.3867,0.0679,0.0002,-0.0181,0.0009,1.0,0.93
w10s-shp-off-s72,w10s-shp-off,72,11707392,0.56,1.019,-1.0,0.5043,0.0677,0.0002,-0.0178,0.001,1.0,0.93
w10s-shp-off-s72,w10s-shp-off,72,11738112,0.54,0.965,-1.0,0.424,0.0725,0.0002,-0.0169,0.001,1.0,0.929
w10s-shp-off-s72,w10s-shp-off,72,11768832,0.62,1.046,-1.0,0.5145,0.0717,0.0002,-0.0184,0.0009,1.0,0.929
w10s-shp-off-s72,w10s-shp-off,72,11799552,0.6,1.044,-1.0,0.3703,0.0727,0.0002,-0.0188,0.0009,1.0,0.929
w10s-shp-off-s72,w10s-shp-off,72,11830272,0.64,1.035,-1.0,0.1524,0.0714,0.0002,-0.0169,0.001,1.0,0.929
w10s-shp-off-s72,w10s-shp-off,72,11860992,0.59,1.047,-1.0,0.4727,0.0685,0.0002,-0.0173,0.0009,1.0,0.929
w10s-shp-off-s72,w10s-shp-off,72,11891712,0.61,1.034,-1.0,0.4275,0.0705,0.0002,-0.0174,0.0009,1.0,0.929
w10s-shp-off-s72,w10s-shp-off,72,11922432,0.64,1.061,-1.0,0.3571,0.0685,0.0002,-0.0181,0.001,1.0,0.929
w10s-shp-off-s72,w10s-shp-off,72,11953152,0.64,1.045,-1.0,0.3848,0.0699,0.0002,-0.0165,0.0009,1.0,0.929
w10s-shp-off-s72,w10s-shp-off,72,11983872,0.67,1.096,-1.0,0.4614,0.0703,0.0002,-0.0184,0.0009,1.0,0.929
w10s-shp-off-s72,w10s-shp-off,72,12014592,0.63,1.061,-1.0,0.4242,0.069,0.0002,-0.0181,0.0009,1.0,0.929
w10s-shp-off-s72,w10s-shp-off,72,12045312,0.64,1.096,-1.0,0.5717,0.0688,0.0002,-0.0181,0.0009,1.0,0.929
w10s-shp-off-s72,w10s-shp-off,72,12076032,0.65,1.11,-1.0,0.6082,0.0692,0.0002,-0.0202,0.001,1.0,0.929
w10s-shp-off-s72,w10s-shp-off,72,12106752,0.61,1.047,-1.0,0.428,0.0703,0.0002,-0.018,0.0009,1.0,0.928
w10s-shp-off-s72,w10s-shp-off,72,12137472,0.55,0.984,-1.0,0.3198,0.0682,0.0002,-0.0171,0.001,1.0,0.928
w10s-shp-off-s72,w10s-shp-off,72,12168192,0.65,1.083,-1.0,0.3301,0.0699,0.0002,-0.0187,0.0009,1.0,0.928
w10s-shp-off-s72,w10s-shp-off,72,12198912,0.66,1.108,-1.0,0.6434,0.0684,0.0002,-0.0177,0.001,1.0,0.928
w10s-shp-off-s72,w10s-shp-off,72,12229632,0.66,1.13,-1.0,0.3323,0.0735,0.0002,-0.0181,0.0009,1.0,0.928
w10s-shp-off-s72,w10s-shp-off,72,12260352,0.6,1.033,-1.0,0.4895,0.072,0.0002,-0.019,0.001,1.0,0.928
w10s-shp-off-s72,w10s-shp-off,72,12291072,0.58,1.035,-1.0,0.6134,0.0708,0.0002,-0.0184,0.0009,1.0,0.928
w10s-shp-off-s72,w10s-shp-off,72,12321792,0.65,1.102,-1.0,0.5375,0.0717,0.0002,-0.019,0.001,1.0,0.928
w10s-shp-off-s72,w10s-shp-off,72,12352512,0.69,1.143,-1.0,0.4132,0.0683,0.0002,-0.0181,0.0009,1.0,0.928
w10s-shp-off-s72,w10s-shp-off,72,12383232,0.68,1.117,-1.0,0.4335,0.0695,0.0002,-0.0164,0.0009,1.0,0.928
w10s-shp-off-s72,w10s-shp-off,72,12413952,0.64,1.084,-1.0,0.3211,0.068,0.0002,-0.0167,0.0009,1.0,0.928
w10s-shp-off-s72,w10s-shp-off,72,12444672,0.54,1.002,-1.0,0.545,0.0716,0.0002,-0.0186,0.0009,1.0,0.928
w10s-shp-off-s72,w10s-shp-off,72,12475392,0.68,1.099,-1.0,0.4018,0.0705,0.0002,-0.0177,0.001,1.0,0.928
w10s-shp-off-s72,w10s-shp-off,72,12506112,0.69,1.14,-1.0,0.5698,0.0665,0.0002,-0.0174,0.0009,1.0,0.927
w10s-shp-off-s72,w10s-shp-off,72,12536832,0.59,1.026,-1.0,0.4058,0.0711,0.0002,-0.0179,0.001,1.0,0.927
w10s-shp-off-s72,w10s-shp-off,72,12567552,0.58,1.043,-1.0,0.6116,0.0719,0.0002,-0.018,0.0009,1.0,0.927
w10s-shp-off-s72,w10s-shp-off,72,12598272,0.68,1.132,-1.0,0.4756,0.0704,0.0002,-0.0186,0.0009,1.0,0.927
w10s-shp-off-s72,w10s-shp-off,72,12628992,0.66,1.085,-1.0,0.6194,0.0719,0.0002,-0.0177,0.001,1.0,0.927
w10s-shp-off-s72,w10s-shp-off,72,12659712,0.69,1.135,-1.0,0.4591,0.0703,0.0002,-0.019,0.001,1.0,0.927
w10s-shp-off-s72,w10s-shp-off,72,12690432,0.67,1.112,-1.0,0.3987,0.0719,0.0002,-0.0176,0.0009,1.0,0.927
w10s-shp-off-s72,w10s-shp-off,72,12721152,0.6,1.082,-1.0,0.4477,0.0734,0.0002,-0.0186,0.0009,1.0,0.927
w10s-shp-off-s72,w10s-shp-off,72,12751872,0.62,1.083,-1.0,0.4309,0.0695,0.0002,-0.0173,0.0009,1.0,0.927
w10s-shp-off-s72,w10s-shp-off,72,12782592,0.64,1.124,-1.0,0.4765,0.0694,0.0002,-0.0175,0.0009,1.0,0.927
w10s-shp-off-s72,w10s-shp-off,72,12813312,0.55,1.02,-1.0,0.4825,0.07,0.0002,-0.018,0.0009,1.0,0.927
w10s-shp-off-s72,w10s-shp-off,72,12844032,0.67,1.097,-1.0,0.5653,0.0654,0.0002,-0.0189,0.0009,1.0,0.927
w10s-shp-off-s72,w10s-shp-off,72,12874752,0.7,1.157,-1.0,0.6133,0.0709,0.0002,-0.0168,0.0009,1.0,0.927
w10s-shp-off-s72,w10s-shp-off,72,12905472,0.66,1.097,-1.0,0.599,0.0686,0.0002,-0.018,0.001,1.0,0.926
w10s-shp-off-s72,w10s-shp-off,72,12936192,0.64,1.098,-1.0,0.2635,0.0722,0.0002,-0.018,0.0009,1.0,0.926
w10s-shp-off-s72,w10s-shp-off,72,12966912,0.68,1.107,-1.0,0.4684,0.0679,0.0002,-0.0183,0.0009,1.0,0.926
w10s-shp-off-s72,w10s-shp-off,72,12997632,0.59,1.056,-1.0,0.5093,0.0687,0.0002,-0.0176,0.0009,1.0,0.926
w10s-shp-off-s72,w10s-shp-off,72,13028352,0.72,1.135,-1.0,0.6453,0.0718,0.0002,-0.0182,0.001,1.0,0.926
w10s-shp-off-s72,w10s-shp-off,72,13059072,0.62,1.064,-1.0,0.7786,0.0705,0.0002,-0.0187,0.0009,1.0,0.926
w10s-shp-off-s72,w10s-shp-off,72,13089792,0.58,1.058,-1.0,0.588,0.0732,0.0002,-0.0186,0.001,1.0,0.926
w10s-shp-off-s72,w10s-shp-off,72,13120512,0.58,1.062,-1.0,0.4566,0.0685,0.0002,-0.0175,0.0008,1.0,0.926
w10s-shp-off-s72,w10s-shp-off,72,13151232,0.65,1.086,-1.0,0.7036,0.0701,0.0002,-0.0181,0.0009,1.0,0.926
w10s-shp-off-s72,w10s-shp-off,72,13181952,0.62,1.106,-1.0,0.572,0.0718,0.0002,-0.0173,0.0009,1.0,0.926
w10s-shp-off-s72,w10s-shp-off,72,13212672,0.61,1.077,-1.0,0.5793,0.069,0.0002,-0.0173,0.0009,1.0,0.926
w10s-shp-off-s72,w10s-shp-off,72,13243392,0.63,1.1,-1.0,0.6098,0.0678,0.0002,-0.0173,0.0009,1.0,0.926
w10s-shp-off-s72,w10s-shp-off,72,13274112,0.6,1.082,-1.0,0.4532,0.0695,0.0002,-0.0174,0.001,1.0,0.926
w10s-shp-off-s72,w10s-shp-off,72,13304832,0.67,1.146,-1.0,0.6013,0.0721,0.0002,-0.0188,0.001,1.0,0.926
w10s-shp-off-s72,w10s-shp-off,72,13335552,0.68,1.127,-1.0,0.4938,0.0737,0.0002,-0.0188,0.001,1.0,0.926
w10s-shp-off-s72,w10s-shp-off,72,13366272,0.63,1.084,-1.0,0.31,0.0723,0.0002,-0.018,0.0009,1.0,0.925
w10s-shp-off-s72,w10s-shp-off,72,13396992,0.68,1.137,-1.0,0.5911,0.0648,0.0002,-0.0174,0.0009,1.0,0.925
w10s-shp-off-s72,w10s-shp-off,72,13427712,0.64,1.087,-1.0,0.5632,0.0736,0.0002,-0.0182,0.0009,1.0,0.925
w10s-shp-off-s72,w10s-shp-off,72,13458432,0.59,1.069,-1.0,0.684,0.0736,0.0002,-0.0198,0.001,1.0,0.925
w10s-shp-off-s72,w10s-shp-off,72,13489152,0.7,1.14,-1.0,0.5247,0.0706,0.0002,-0.0176,0.0009,1.0,0.925
w10s-shp-off-s72,w10s-shp-off,72,13519872,0.63,1.125,-1.0,0.5026,0.0709,0.0002,-0.0187,0.0009,1.0,0.925
w10s-shp-off-s72,w10s-shp-off,72,13550592,0.69,1.142,-1.0,0.4861,0.0727,0.0002,-0.0183,0.0009,1.0,0.925
w10s-shp-off-s72,w10s-shp-off,72,13581312,0.59,1.047,-1.0,0.6732,0.0692,0.0002,-0.0162,0.001,1.0,0.925
w10s-shp-off-s72,w10s-shp-off,72,13612032,0.63,1.076,-1.0,0.6381,0.0694,0.0002,-0.0174,0.0009,1.0,0.925
w10s-shp-off-s72,w10s-shp-off,72,13642752,0.67,1.125,-1.0,0.4983,0.0678,0.0002,-0.0177,0.0009,1.0,0.925
w10s-shp-off-s72,w10s-shp-off,72,13673472,0.72,1.153,-1.0,0.7038,0.0702,0.0002,-0.0186,0.0009,1.0,0.925
w10s-shp-off-s72,w10s-shp-off,72,13704192,0.69,1.144,-1.0,0.5135,0.0691,0.0002,-0.0185,0.0009,1.0,0.925
w10s-shp-off-s72,w10s-shp-off,72,13734912,0.77,1.205,-1.0,0.7373,0.0677,0.0002,-0.0175,0.001,1.0,0.925
w10s-shp-off-s72,w10s-shp-off,72,13765632,0.66,1.116,-1.0,0.4904,0.0698,0.0002,-0.0188,0.0009,1.0,0.924
w10s-shp-off-s72,w10s-shp-off,72,13796352,0.63,1.122,-1.0,0.6526,0.0721,0.0002,-0.018,0.0009,1.0,0.924
w10s-shp-off-s72,w10s-shp-off,72,13827072,0.67,1.089,-1.0,0.7031,0.0722,0.0002,-0.0198,0.0009,1.0,0.924
w10s-shp-off-s72,w10s-shp-off,72,13857792,0.68,1.147,-1.0,0.6366,0.0706,0.0002,-0.0163,0.0008,1.0,0.924
w10s-shp-off-s72,w10s-shp-off,72,13888512,0.55,1.028,-1.0,0.7546,0.0716,0.0002,-0.0171,0.0009,1.0,0.924
w10s-shp-off-s72,w10s-shp-off,72,13919232,0.57,1.078,-1.0,0.5959,0.0704,0.0002,-0.0197,0.0009,1.0,0.924
w10s-shp-off-s72,w10s-shp-off,72,13949952,0.7,1.162,-1.0,0.6301,0.0726,0.0002,-0.0189,0.0009,1.0,0.924
w10s-shp-off-s72,w10s-shp-off,72,13980672,0.61,1.094,-1.0,0.438,0.0669,0.0002,-0.0167,0.001,1.0,0.924
w10s-shp-off-s72,w10s-shp-off,72,14011392,0.7,1.127,-1.0,0.7397,0.0727,0.0002,-0.0176,0.001,1.0,0.924
w10s-shp-off-s72,w10s-shp-off,72,14042112,0.63,1.127,-1.0,0.5405,0.0688,0.0002,-0.0188,0.0008,1.0,0.924
w10s-shp-off-s72,w10s-shp-off,72,14072832,0.65,1.125,-1.0,0.7142,0.0701,0.0002,-0.0176,0.0008,1.0,0.924
w10s-shp-off-s72,w10s-shp-off,72,14103552,0.7,1.139,-1.0,0.7498,0.0672,0.0002,-0.0169,0.0009,1.0,0.924
w10s-shp-off-s72,w10s-shp-off,72,14134272,0.72,1.167,-1.0,0.7503,0.0698,0.0002,-0.0194,0.0009,1.0,0.923
w10s-shp-off-s72,w10s-shp-off,72,14164992,0.72,1.17,-1.0,0.7241,0.0708,0.0002,-0.0183,0.0009,1.0,0.923
w10s-shp-off-s72,w10s-shp-off,72,14195712,0.69,1.147,-1.0,0.638,0.0717,0.0002,-0.0197,0.0009,1.0,0.923
w10s-shp-off-s72,w10s-shp-off,72,14226432,0.75,1.185,-1.0,0.6847,0.0731,0.0002,-0.0175,0.0009,1.0,0.923
w10s-shp-off-s72,w10s-shp-off,72,14257152,0.57,1.043,-1.0,0.56,0.0716,0.0002,-0.0192,0.0009,1.0,0.923
w10s-shp-off-s72,w10s-shp-off,72,14287872,0.76,1.218,-1.0,0.7099,0.0718,0.0002,-0.0195,0.0009,1.0,0.923
w10s-shp-off-s72,w10s-shp-off,72,14318592,0.62,1.092,-1.0,0.5292,0.073,0.0002,-0.0174,0.001,1.0,0.923
w10s-shp-off-s72,w10s-shp-off,72,14349312,0.68,1.138,-1.0,0.7311,0.0711,0.0002,-0.0201,0.0009,1.0,0.923
w10s-shp-off-s72,w10s-shp-off,72,14380032,0.68,1.159,-1.0,0.5849,0.0665,0.0002,-0.0179,0.0009,1.0,0.923
w10s-shp-off-s72,w10s-shp-off,72,14410752,0.68,1.163,-1.0,0.6152,0.0704,0.0002,-0.0193,0.0009,1.0,0.923
w10s-shp-off-s72,w10s-shp-off,72,14441472,0.74,1.182,-1.0,0.5965,0.0712,0.0002,-0.0183,0.0009,1.0,0.923
w10s-shp-off-s72,w10s-shp-off,72,14472192,0.64,1.096,-1.0,0.5662,0.0698,0.0002,-0.018,0.0008,1.0,0.923
w10s-shp-off-s72,w10s-shp-off,72,14502912,0.69,1.163,-1.0,0.7212,0.0723,0.0002,-0.0185,0.001,1.0,0.922
w10s-shp-off-s72,w10s-shp-off,72,14533632,0.72,1.151,-1.0,0.7612,0.0678,0.0002,-0.0167,0.0008,1.0,0.922
w10s-shp-off-s72,w10s-shp-off,72,14564352,0.77,1.177,-1.0,0.6402,0.0744,0.0002,-0.0177,0.0009,1.0,0.922
w10s-shp-off-s72,w10s-shp-off,72,14595072,0.68,1.149,-1.0,0.5732,0.0703,0.0002,-0.0173,0.0008,1.0,0.922
w10s-shp-off-s72,w10s-shp-off,72,14625792,0.63,1.085,-1.0,0.6259,0.07,0.0002,-0.0188,0.0009,1.0,0.922
w10s-shp-off-s72,w10s-shp-off,72,14656512,0.76,1.176,-1.0,0.5576,0.0696,0.0002,-0.019,0.0008,1.0,0.922
w10s-shp-off-s72,w10s-shp-off,72,14687232,0.69,1.161,-1.0,0.8279,0.0699,0.0002,-0.0193,0.0009,1.0,0.922
w10s-shp-off-s72,w10s-shp-off,72,14717952,0.62,1.102,-1.0,0.5995,0.0691,0.0002,-0.0176,0.0009,1.0,0.922
w10s-shp-off-s72,w10s-shp-off,72,14748672,0.79,1.193,-1.0,0.5195,0.0711,0.0002,-0.0166,0.0009,1.0,0.922
w10s-shp-off-s72,w10s-shp-off,72,14779392,0.67,1.117,-1.0,0.7604,0.0699,0.0002,-0.0187,0.0009,1.0,0.922
w10s-shp-off-s72,w10s-shp-off,72,14810112,0.68,1.148,-1.0,0.6963,0.0655,0.0002,-0.0174,0.0008,1.0,0.922
w10s-shp-off-s72,w10s-shp-off,72,14840832,0.75,1.196,-1.0,0.6323,0.0704,0.0002,-0.0181,0.0008,1.0,0.921
w10s-shp-off-s72,w10s-shp-off,72,14871552,0.8,1.221,-1.0,0.5992,0.0721,0.0002,-0.0166,0.0009,1.0,0.921
w10s-shp-off-s72,w10s-shp-off,72,14902272,0.64,1.129,-1.0,0.3766,0.072,0.0002,-0.0182,0.0009,1.0,0.921
w10s-shp-off-s72,w10s-shp-off,72,14932992,0.72,1.184,-1.0,0.702,0.0671,0.0002,-0.0171,0.0008,1.0,0.921
w10s-shp-off-s72,w10s-shp-off,72,14963712,0.75,1.186,-1.0,0.6631,0.0693,0.0002,-0.0188,0.0009,1.0,0.921
w10s-shp-off-s72,w10s-shp-off,72,14994432,0.71,1.178,-1.0,0.6285,0.0698,0.0002,-0.0171,0.0009,1.0,0.921
w10s-shp-off-s72,w10s-shp-off,72,14997504,0.66,1.14,-1.0,0.5599,0.0729,0.0002,-0.0187,0.0009,1.0,0.921
w10s-shp-off-s73,w10s-shp-off,73,3072,0.0,0.401,-1.0,,,,,,,
w10s-shp-off-s73,w10s-shp-off,73,33792,0.0,0.393,-1.0,-1.0,0.0706,0.0002,-0.0179,0.0151,0.955,0.93
w10s-shp-off-s73,w10s-shp-off,73,64512,0.03,0.483,-1.0,-1.0,0.0727,0.0002,-0.0169,0.0107,0.991,0.93
w10s-shp-off-s73,w10s-shp-off,73,95232,0.0,0.451,-1.0,-1.0,0.0691,0.0002,-0.0178,0.0106,0.997,0.925
w10s-shp-off-s73,w10s-shp-off,73,125952,0.02,0.489,-1.0,-1.0,0.0704,0.0002,-0.0181,0.0092,0.999,0.927
w10s-shp-off-s73,w10s-shp-off,73,156672,0.01,0.52,-1.0,-0.9786,0.0701,0.0002,-0.0193,0.0075,0.999,0.928
w10s-shp-off-s73,w10s-shp-off,73,187392,0.0,0.493,-1.0,-1.0,0.0703,0.0002,-0.0183,0.008,0.999,0.928
w10s-shp-off-s73,w10s-shp-off,73,218112,0.03,0.524,-1.0,-0.9347,0.071,0.0002,-0.0175,0.007,1.0,0.929
w10s-shp-off-s73,w10s-shp-off,73,248832,0.0,0.503,-1.0,-0.9751,0.0737,0.0002,-0.0166,0.0066,1.0,0.929
w10s-shp-off-s73,w10s-shp-off,73,279552,0.0,0.483,-1.0,-0.9768,0.0696,0.0002,-0.0177,0.0058,1.0,0.93
w10s-shp-off-s73,w10s-shp-off,73,310272,0.0,0.495,-1.0,-0.9786,0.069,0.0002,-0.0175,0.0057,1.0,0.93
w10s-shp-off-s73,w10s-shp-off,73,340992,0.01,0.484,-1.0,-1.0,0.0727,0.0002,-0.0182,0.0062,1.0,0.931
w10s-shp-off-s73,w10s-shp-off,73,371712,0.03,0.518,-1.0,-0.9512,0.0685,0.0002,-0.019,0.0052,1.0,0.932
w10s-shp-off-s73,w10s-shp-off,73,402432,0.03,0.524,-1.0,-0.9541,0.0751,0.0002,-0.0179,0.0056,1.0,0.933
w10s-shp-off-s73,w10s-shp-off,73,433152,0.03,0.501,-1.0,-0.95,0.0683,0.0002,-0.018,0.0048,1.0,0.934
w10s-shp-off-s73,w10s-shp-off,73,463872,0.03,0.574,-1.0,-0.9324,0.0661,0.0002,-0.0174,0.0049,1.0,0.935
w10s-shp-off-s73,w10s-shp-off,73,494592,0.02,0.535,-1.0,-1.0,0.068,0.0002,-0.0181,0.004,1.0,0.936
w10s-shp-off-s73,w10s-shp-off,73,525312,0.02,0.526,-1.0,-0.9775,0.0725,0.0002,-0.0177,0.0047,1.0,0.936
w10s-shp-off-s73,w10s-shp-off,73,556032,0.01,0.5,-1.0,-1.0,0.0687,0.0002,-0.0182,0.0043,1.0,0.937
w10s-shp-off-s73,w10s-shp-off,73,586752,0.0,0.513,-1.0,-0.975,0.0712,0.0002,-0.0184,0.0048,1.0,0.937
w10s-shp-off-s73,w10s-shp-off,73,617472,0.01,0.516,-1.0,-0.9518,0.0711,0.0002,-0.0174,0.0038,1.0,0.938
w10s-shp-off-s73,w10s-shp-off,73,648192,0.02,0.548,-1.0,-0.9751,0.0711,0.0002,-0.0169,0.004,1.0,0.939
w10s-shp-off-s73,w10s-shp-off,73,678912,0.01,0.48,-1.0,-0.9554,0.0694,0.0002,-0.018,0.0038,1.0,0.939
w10s-shp-off-s73,w10s-shp-off,73,709632,0.03,0.533,-1.0,-0.9778,0.0703,0.0002,-0.0182,0.0038,1.0,0.94
w10s-shp-off-s73,w10s-shp-off,73,740352,0.04,0.526,-1.0,-0.9292,0.0689,0.0002,-0.0163,0.0038,1.0,0.94
w10s-shp-off-s73,w10s-shp-off,73,771072,0.02,0.555,-1.0,-0.9522,0.0716,0.0002,-0.0188,0.0037,1.0,0.941
w10s-shp-off-s73,w10s-shp-off,73,801792,0.03,0.533,-1.0,-0.9147,0.0698,0.0002,-0.0169,0.0036,1.0,0.941
w10s-shp-off-s73,w10s-shp-off,73,832512,0.03,0.509,-1.0,-0.9532,0.0699,0.0002,-0.0198,0.0037,1.0,0.941
w10s-shp-off-s73,w10s-shp-off,73,863232,0.03,0.515,-1.0,-0.9538,0.0736,0.0002,-0.0185,0.0038,1.0,0.942
w10s-shp-off-s73,w10s-shp-off,73,893952,0.04,0.518,-1.0,-0.8854,0.0701,0.0002,-0.0183,0.0033,1.0,0.941
w10s-shp-off-s73,w10s-shp-off,73,924672,0.01,0.536,-1.0,-0.9334,0.0707,0.0002,-0.0179,0.0035,1.0,0.941
w10s-shp-off-s73,w10s-shp-off,73,955392,0.04,0.516,-1.0,-0.9523,0.071,0.0002,-0.0187,0.0033,1.0,0.941
w10s-shp-off-s73,w10s-shp-off,73,986112,0.03,0.537,-1.0,-0.9066,0.0659,0.0002,-0.018,0.0033,1.0,0.941
w10s-shp-off-s73,w10s-shp-off,73,1016832,0.01,0.522,-1.0,-0.975,0.0715,0.0002,-0.018,0.0033,1.0,0.941
w10s-shp-off-s73,w10s-shp-off,73,1047552,0.01,0.537,-1.0,-0.909,0.0698,0.0002,-0.0186,0.0029,1.0,0.941
w10s-shp-off-s73,w10s-shp-off,73,1078272,0.05,0.543,-1.0,-0.9311,0.0707,0.0002,-0.0176,0.0031,1.0,0.941
w10s-shp-off-s73,w10s-shp-off,73,1108992,0.04,0.536,-1.0,-0.9078,0.0697,0.0002,-0.0173,0.003,1.0,0.942
w10s-shp-off-s73,w10s-shp-off,73,1139712,0.04,0.561,-1.0,-0.9523,0.0711,0.0002,-0.0191,0.0031,1.0,0.942
w10s-shp-off-s73,w10s-shp-off,73,1170432,0.02,0.542,-1.0,-0.9571,0.0737,0.0002,-0.0185,0.0028,1.0,0.942
w10s-shp-off-s73,w10s-shp-off,73,1201152,0.01,0.54,-1.0,-1.0,0.071,0.0002,-0.0187,0.0032,1.0,0.942
w10s-shp-off-s73,w10s-shp-off,73,1231872,0.0,0.478,-1.0,-0.9252,0.0693,0.0002,-0.0174,0.0026,1.0,0.942
w10s-shp-off-s73,w10s-shp-off,73,1262592,0.04,0.563,-1.0,-0.9775,0.0703,0.0002,-0.0171,0.0028,1.0,0.941
w10s-shp-off-s73,w10s-shp-off,73,1293312,0.0,0.503,-1.0,-0.8884,0.0689,0.0002,-0.017,0.0027,1.0,0.941
w10s-shp-off-s73,w10s-shp-off,73,1324032,0.05,0.542,-1.0,-0.925,0.0695,0.0002,-0.0189,0.0028,1.0,0.941
w10s-shp-off-s73,w10s-shp-off,73,1354752,0.04,0.557,-1.0,-0.8602,0.0702,0.0002,-0.0197,0.0026,1.0,0.941
w10s-shp-off-s73,w10s-shp-off,73,1385472,0.01,0.533,-1.0,-0.9762,0.0706,0.0002,-0.018,0.0027,1.0,0.941
w10s-shp-off-s73,w10s-shp-off,73,1416192,0.07,0.558,-1.0,-0.9501,0.0686,0.0002,-0.017,0.0028,1.0,0.941
w10s-shp-off-s73,w10s-shp-off,73,1446912,0.03,0.51,-1.0,-0.9021,0.0705,0.0002,-0.0168,0.0026,1.0,0.941
w10s-shp-off-s73,w10s-shp-off,73,1477632,0.01,0.559,-1.0,-0.9532,0.0739,0.0002,-0.0191,0.003,1.0,0.941
w10s-shp-off-s73,w10s-shp-off,73,1508352,0.03,0.551,-1.0,-0.9328,0.07,0.0002,-0.0188,0.0026,1.0,0.941
w10s-shp-off-s73,w10s-shp-off,73,1539072,0.01,0.481,-1.0,-1.0,0.0691,0.0002,-0.0183,0.0025,1.0,0.941
w10s-shp-off-s73,w10s-shp-off,73,1569792,0.01,0.517,-1.0,-0.9539,0.0664,0.0002,-0.0165,0.0023,1.0,0.941
w10s-shp-off-s73,w10s-shp-off,73,1600512,0.07,0.567,-1.0,-0.9564,0.0682,0.0002,-0.0189,0.0029,1.0,0.941
w10s-shp-off-s73,w10s-shp-off,73,1631232,0.01,0.516,-1.0,-0.975,0.0716,0.0002,-0.0181,0.0026,1.0,0.941
w10s-shp-off-s73,w10s-shp-off,73,1661952,0.02,0.486,-1.0,-0.8369,0.0665,0.0002,-0.017,0.0024,1.0,0.941
w10s-shp-off-s73,w10s-shp-off,73,1692672,0.05,0.56,-1.0,-0.9046,0.0735,0.0002,-0.0183,0.0026,1.0,0.941
w10s-shp-off-s73,w10s-shp-off,73,1723392,0.04,0.566,-1.0,-0.908,0.0726,0.0002,-0.0172,0.0024,1.0,0.941
w10s-shp-off-s73,w10s-shp-off,73,1754112,0.04,0.527,-1.0,-0.8797,0.069,0.0002,-0.0173,0.0023,1.0,0.941
w10s-shp-off-s73,w10s-shp-off,73,1784832,0.04,0.563,-1.0,-0.9289,0.0703,0.0002,-0.0171,0.0025,1.0,0.94
w10s-shp-off-s73,w10s-shp-off,73,1815552,0.04,0.537,-1.0,-0.8343,0.0696,0.0002,-0.0188,0.0023,1.0,0.94
w10s-shp-off-s73,w10s-shp-off,73,1846272,0.02,0.458,-1.0,-0.9004,0.0716,0.0002,-0.016,0.0024,1.0,0.941
w10s-shp-off-s73,w10s-shp-off,73,1876992,0.05,0.574,-1.0,-0.8373,0.0724,0.0002,-0.0173,0.0024,1.0,0.941
w10s-shp-off-s73,w10s-shp-off,73,1907712,0.04,0.54,-1.0,-0.8615,0.0698,0.0002,-0.0177,0.0024,1.0,0.941
w10s-shp-off-s73,w10s-shp-off,73,1938432,0.06,0.557,-1.0,-0.8857,0.0745,0.0002,-0.0181,0.0022,1.0,0.941
w10s-shp-off-s73,w10s-shp-off,73,1969152,0.02,0.538,-1.0,-0.9066,0.0695,0.0002,-0.0176,0.0022,1.0,0.941
w10s-shp-off-s73,w10s-shp-off,73,1999872,0.06,0.562,-1.0,-0.7624,0.0723,0.0002,-0.0179,0.0024,1.0,0.941
w10s-shp-off-s73,w10s-shp-off,73,2030592,0.05,0.506,-1.0,-0.9517,0.0714,0.0002,-0.0178,0.0019,1.0,0.941
w10s-shp-off-s73,w10s-shp-off,73,2061312,0.04,0.506,-1.0,-0.8662,0.0696,0.0002,-0.0176,0.002,1.0,0.941
w10s-shp-off-s73,w10s-shp-off,73,2092032,0.08,0.52,-1.0,-0.9274,0.0718,0.0002,-0.0172,0.0021,1.0,0.941
w10s-shp-off-s73,w10s-shp-off,73,2122752,0.04,0.541,-1.0,-0.8187,0.0703,0.0002,-0.0175,0.0019,1.0,0.941
w10s-shp-off-s73,w10s-shp-off,73,2153472,0.06,0.538,-1.0,-0.879,0.0706,0.0002,-0.0169,0.0021,1.0,0.941
w10s-shp-off-s73,w10s-shp-off,73,2184192,0.05,0.527,-1.0,-0.8829,0.0658,0.0002,-0.0179,0.0021,1.0,0.941
w10s-shp-off-s73,w10s-shp-off,73,2214912,0.09,0.603,-1.0,-0.869,0.0755,0.0002,-0.0178,0.0024,1.0,0.941
w10s-shp-off-s73,w10s-shp-off,73,2245632,0.0,0.514,-1.0,-0.8834,0.0698,0.0002,-0.0175,0.0021,1.0,0.941
w10s-shp-off-s73,w10s-shp-off,73,2276352,0.06,0.549,-1.0,-0.8633,0.0704,0.0002,-0.0172,0.002,1.0,0.941
w10s-shp-off-s73,w10s-shp-off,73,2307072,0.05,0.544,-1.0,-0.9066,0.072,0.0002,-0.0196,0.002,1.0,0.941
w10s-shp-off-s73,w10s-shp-off,73,2337792,0.06,0.561,-1.0,-0.912,0.07,0.0002,-0.0172,0.0022,1.0,0.941
w10s-shp-off-s73,w10s-shp-off,73,2368512,0.1,0.588,-1.0,-0.8647,0.0704,0.0002,-0.0186,0.0022,1.0,0.941
w10s-shp-off-s73,w10s-shp-off,73,2399232,0.1,0.594,-1.0,-0.9292,0.0721,0.0002,-0.0171,0.0023,1.0,0.941
w10s-shp-off-s73,w10s-shp-off,73,2429952,0.07,0.552,-1.0,-0.8793,0.0698,0.0002,-0.0191,0.0021,1.0,0.941
w10s-shp-off-s73,w10s-shp-off,73,2460672,0.04,0.502,-1.0,-0.8183,0.0697,0.0002,-0.0191,0.0021,1.0,0.941
w10s-shp-off-s73,w10s-shp-off,73,2491392,0.06,0.559,-1.0,-0.7795,0.0697,0.0002,-0.0168,0.0021,1.0,0.941
w10s-shp-off-s73,w10s-shp-off,73,2522112,0.04,0.558,-1.0,-0.7739,0.0698,0.0002,-0.0177,0.0019,1.0,0.94
w10s-shp-off-s73,w10s-shp-off,73,2552832,0.1,0.599,-1.0,-0.8832,0.072,0.0002,-0.0172,0.002,1.0,0.94
w10s-shp-off-s73,w10s-shp-off,73,2583552,0.08,0.571,-1.0,-0.8618,0.069,0.0002,-0.0178,0.0019,1.0,0.94
w10s-shp-off-s73,w10s-shp-off,73,2614272,0.11,0.64,-1.0,-0.8147,0.0681,0.0002,-0.0171,0.0019,1.0,0.94
w10s-shp-off-s73,w10s-shp-off,73,2644992,0.06,0.56,-1.0,-0.8843,0.0692,0.0002,-0.018,0.0019,1.0,0.94
w10s-shp-off-s73,w10s-shp-off,73,2675712,0.1,0.597,-1.0,-0.8662,0.0681,0.0002,-0.0164,0.0021,1.0,0.94
w10s-shp-off-s73,w10s-shp-off,73,2706432,0.07,0.516,-1.0,-0.9073,0.0703,0.0002,-0.0167,0.0019,1.0,0.94
w10s-shp-off-s73,w10s-shp-off,73,2737152,0.05,0.542,-1.0,-0.814,0.0653,0.0002,-0.0184,0.0018,1.0,0.94
w10s-shp-off-s73,w10s-shp-off,73,2767872,0.1,0.6,-1.0,-0.7416,0.0717,0.0002,-0.0184,0.0017,1.0,0.94
w10s-shp-off-s73,w10s-shp-off,73,2798592,0.1,0.577,-1.0,-0.8824,0.0715,0.0002,-0.0177,0.0019,1.0,0.94
w10s-shp-off-s73,w10s-shp-off,73,2829312,0.06,0.521,-1.0,-0.8456,0.0706,0.0002,-0.0174,0.0018,1.0,0.94
w10s-shp-off-s73,w10s-shp-off,73,2860032,0.06,0.58,-1.0,-0.7854,0.0697,0.0002,-0.0186,0.0019,1.0,0.94
w10s-shp-off-s73,w10s-shp-off,73,2890752,0.04,0.512,-1.0,-0.7497,0.0695,0.0002,-0.017,0.0018,1.0,0.94
w10s-shp-off-s73,w10s-shp-off,73,2921472,0.15,0.616,-1.0,-0.7858,0.0669,0.0002,-0.0182,0.0018,1.0,0.94
w10s-shp-off-s73,w10s-shp-off,73,2952192,0.08,0.514,-1.0,-0.7689,0.0712,0.0002,-0.0187,0.0017,1.0,0.94
w10s-shp-off-s73,w10s-shp-off,73,2982912,0.1,0.58,-1.0,-0.724,0.07,0.0002,-0.0193,0.0016,1.0,0.94
w10s-shp-off-s73,w10s-shp-off,73,3013632,0.1,0.549,-1.0,-0.7777,0.069,0.0002,-0.0186,0.0016,1.0,0.94
w10s-shp-off-s73,w10s-shp-off,73,3044352,0.08,0.529,-1.0,-0.7104,0.0716,0.0002,-0.0181,0.0017,1.0,0.94
w10s-shp-off-s73,w10s-shp-off,73,3075072,0.16,0.61,-1.0,-0.6326,0.067,0.0002,-0.0177,0.0019,1.0,0.94
w10s-shp-off-s73,w10s-shp-off,73,3105792,0.12,0.579,-1.0,-0.6503,0.0723,0.0002,-0.018,0.0018,1.0,0.94
w10s-shp-off-s73,w10s-shp-off,73,3136512,0.1,0.559,-1.0,-0.591,0.0664,0.0002,-0.0176,0.0017,1.0,0.94
w10s-shp-off-s73,w10s-shp-off,73,3167232,0.11,0.601,-1.0,-0.7422,0.0694,0.0002,-0.018,0.0016,1.0,0.94
w10s-shp-off-s73,w10s-shp-off,73,3197952,0.14,0.623,-1.0,-0.7797,0.0753,0.0002,-0.0181,0.002,1.0,0.94
w10s-shp-off-s73,w10s-shp-off,73,3228672,0.19,0.644,-1.0,-0.838,0.0729,0.0002,-0.0206,0.0016,1.0,0.94
w10s-shp-off-s73,w10s-shp-off,73,3259392,0.13,0.596,-1.0,-0.7667,0.0706,0.0002,-0.0183,0.0017,1.0,0.94
w10s-shp-off-s73,w10s-shp-off,73,3290112,0.09,0.552,-1.0,-0.7716,0.0677,0.0002,-0.0184,0.0017,1.0,0.94
w10s-shp-off-s73,w10s-shp-off,73,3320832,0.1,0.594,-1.0,-0.9053,0.0757,0.0002,-0.0178,0.0017,1.0,0.94
w10s-shp-off-s73,w10s-shp-off,73,3351552,0.08,0.516,-1.0,-0.7239,0.0735,0.0002,-0.0166,0.0018,1.0,0.94
w10s-shp-off-s73,w10s-shp-off,73,3382272,0.14,0.565,-1.0,-0.5548,0.0694,0.0002,-0.0199,0.0016,1.0,0.94
w10s-shp-off-s73,w10s-shp-off,73,3412992,0.1,0.538,-1.0,-0.8155,0.07,0.0002,-0.0179,0.0019,1.0,0.94
w10s-shp-off-s73,w10s-shp-off,73,3443712,0.11,0.559,-1.0,-0.7202,0.0706,0.0002,-0.0161,0.0014,1.0,0.94
w10s-shp-off-s73,w10s-shp-off,73,3474432,0.17,0.575,-1.0,-0.6793,0.0682,0.0002,-0.0183,0.0015,1.0,0.94
w10s-shp-off-s73,w10s-shp-off,73,3505152,0.15,0.634,-1.0,-0.6346,0.0707,0.0002,-0.0188,0.0017,1.0,0.94
w10s-shp-off-s73,w10s-shp-off,73,3535872,0.12,0.641,-1.0,-0.6806,0.0717,0.0002,-0.0177,0.0016,1.0,0.94
w10s-shp-off-s73,w10s-shp-off,73,3566592,0.11,0.567,-1.0,-0.6521,0.0702,0.0002,-0.0167,0.0017,1.0,0.94
w10s-shp-off-s73,w10s-shp-off,73,3597312,0.14,0.597,-1.0,-0.6783,0.0691,0.0002,-0.019,0.0016,1.0,0.94
w10s-shp-off-s73,w10s-shp-off,73,3628032,0.15,0.597,-1.0,-0.5117,0.0689,0.0002,-0.0169,0.0017,1.0,0.94
w10s-shp-off-s73,w10s-shp-off,73,3658752,0.07,0.546,-1.0,-0.7194,0.0725,0.0002,-0.0173,0.0016,1.0,0.94
w10s-shp-off-s73,w10s-shp-off,73,3689472,0.14,0.622,-1.0,-0.7215,0.07,0.0002,-0.0185,0.0015,1.0,0.94
w10s-shp-off-s73,w10s-shp-off,73,3720192,0.17,0.653,-1.0,-0.627,0.0709,0.0002,-0.018,0.0015,1.0,0.94
w10s-shp-off-s73,w10s-shp-off,73,3750912,0.11,0.615,-1.0,-0.7434,0.071,0.0002,-0.0183,0.0016,1.0,0.94
w10s-shp-off-s73,w10s-shp-off,73,3781632,0.12,0.587,-1.0,-0.6895,0.0704,0.0002,-0.0197,0.0015,1.0,0.94
w10s-shp-off-s73,w10s-shp-off,73,3812352,0.16,0.673,-1.0,-0.7464,0.0718,0.0002,-0.0166,0.0015,1.0,0.94
w10s-shp-off-s73,w10s-shp-off,73,3843072,0.15,0.592,-1.0,-0.6447,0.0705,0.0002,-0.0183,0.0017,1.0,0.94
w10s-shp-off-s73,w10s-shp-off,73,3873792,0.13,0.59,-1.0,-0.5854,0.0698,0.0002,-0.018,0.0014,1.0,0.94
w10s-shp-off-s73,w10s-shp-off,73,3904512,0.15,0.617,-1.0,-0.6233,0.0724,0.0002,-0.0183,0.0016,1.0,0.94
w10s-shp-off-s73,w10s-shp-off,73,3935232,0.18,0.618,-1.0,-0.7469,0.0699,0.0002,-0.0176,0.0015,1.0,0.94
w10s-shp-off-s73,w10s-shp-off,73,3965952,0.12,0.576,-1.0,-0.6017,0.0708,0.0002,-0.0177,0.0015,1.0,0.94
w10s-shp-off-s73,w10s-shp-off,73,3996672,0.17,0.629,-1.0,-0.6719,0.0704,0.0002,-0.018,0.0015,1.0,0.94
w10s-shp-off-s73,w10s-shp-off,73,4027392,0.19,0.648,-1.0,-0.7477,0.0718,0.0002,-0.0193,0.0016,1.0,0.94
w10s-shp-off-s73,w10s-shp-off,73,4058112,0.17,0.634,-1.0,-0.5719,0.0715,0.0002,-0.0188,0.0016,1.0,0.94
w10s-shp-off-s73,w10s-shp-off,73,4088832,0.11,0.601,-1.0,-0.6121,0.071,0.0002,-0.0176,0.0016,1.0,0.94
w10s-shp-off-s73,w10s-shp-off,73,4119552,0.15,0.61,-1.0,-0.5022,0.0712,0.0002,-0.017,0.0016,1.0,0.94
w10s-shp-off-s73,w10s-shp-off,73,4150272,0.18,0.632,-1.0,-0.6264,0.0704,0.0002,-0.0174,0.0016,1.0,0.94
w10s-shp-off-s73,w10s-shp-off,73,4180992,0.23,0.726,-1.0,-0.4478,0.068,0.0002,-0.0186,0.0014,1.0,0.94
w10s-shp-off-s73,w10s-shp-off,73,4211712,0.2,0.684,-1.0,-0.5404,0.0704,0.0002,-0.0201,0.0015,1.0,0.94
w10s-shp-off-s73,w10s-shp-off,73,4242432,0.2,0.631,-1.0,-0.5693,0.0695,0.0002,-0.0185,0.0013,1.0,0.94
w10s-shp-off-s73,w10s-shp-off,73,4273152,0.17,0.658,-1.0,-0.535,0.0691,0.0002,-0.0179,0.0015,1.0,0.94
w10s-shp-off-s73,w10s-shp-off,73,4303872,0.13,0.609,-1.0,-0.6416,0.0676,0.0002,-0.017,0.0014,1.0,0.94
w10s-shp-off-s73,w10s-shp-off,73,4334592,0.24,0.674,-1.0,-0.4639,0.0669,0.0002,-0.0174,0.0015,1.0,0.94
w10s-shp-off-s73,w10s-shp-off,73,4365312,0.15,0.65,-1.0,-0.7019,0.0714,0.0002,-0.018,0.0015,1.0,0.94
w10s-shp-off-s73,w10s-shp-off,73,4396032,0.16,0.624,-1.0,-0.5379,0.0698,0.0002,-0.0169,0.0014,1.0,0.94
w10s-shp-off-s73,w10s-shp-off,73,4426752,0.23,0.672,-1.0,-0.5576,0.0697,0.0002,-0.0173,0.0015,1.0,0.94
w10s-shp-off-s73,w10s-shp-off,73,4457472,0.14,0.579,-1.0,-0.4832,0.0699,0.0002,-0.018,0.0015,1.0,0.94
w10s-shp-off-s73,w10s-shp-off,73,4488192,0.22,0.66,-1.0,-0.5765,0.0685,0.0002,-0.0169,0.0015,1.0,0.94
w10s-shp-off-s73,w10s-shp-off,73,4518912,0.21,0.683,-1.0,-0.5619,0.0707,0.0002,-0.0161,0.0015,1.0,0.94
w10s-shp-off-s73,w10s-shp-off,73,4549632,0.25,0.692,-1.0,-0.6243,0.0712,0.0002,-0.0193,0.0014,1.0,0.94
w10s-shp-off-s73,w10s-shp-off,73,4580352,0.3,0.77,-1.0,-0.6487,0.0688,0.0002,-0.0172,0.0014,1.0,0.94
w10s-shp-off-s73,w10s-shp-off,73,4611072,0.21,0.686,-1.0,-0.3964,0.0664,0.0002,-0.0173,0.0014,1.0,0.94
w10s-shp-off-s73,w10s-shp-off,73,4641792,0.19,0.63,-1.0,-0.4388,0.0683,0.0002,-0.0194,0.0013,1.0,0.94
w10s-shp-off-s73,w10s-shp-off,73,4672512,0.15,0.63,-1.0,-0.2783,0.0667,0.0002,-0.0183,0.0012,1.0,0.94
w10s-shp-off-s73,w10s-shp-off,73,4703232,0.17,0.608,-1.0,-0.5171,0.0715,0.0002,-0.0191,0.0014,1.0,0.94
w10s-shp-off-s73,w10s-shp-off,73,4733952,0.21,0.662,-1.0,-0.5475,0.07,0.0002,-0.019,0.0014,1.0,0.94
w10s-shp-off-s73,w10s-shp-off,73,4764672,0.25,0.677,-1.0,-0.4517,0.072,0.0002,-0.0178,0.0014,1.0,0.94
w10s-shp-off-s73,w10s-shp-off,73,4795392,0.19,0.632,-1.0,-0.5746,0.0688,0.0002,-0.0178,0.0014,1.0,0.939
w10s-shp-off-s73,w10s-shp-off,73,4826112,0.19,0.669,-1.0,-0.4132,0.0673,0.0002,-0.0174,0.0013,1.0,0.939
w10s-shp-off-s73,w10s-shp-off,73,4856832,0.24,0.683,-1.0,-0.555,0.071,0.0002,-0.0185,0.0012,1.0,0.939
w10s-shp-off-s73,w10s-shp-off,73,4887552,0.22,0.679,-1.0,-0.2812,0.0682,0.0002,-0.0181,0.0013,1.0,0.939
w10s-shp-off-s73,w10s-shp-off,73,4918272,0.18,0.637,-1.0,-0.4846,0.0698,0.0002,-0.0182,0.0014,1.0,0.939
w10s-shp-off-s73,w10s-shp-off,73,4948992,0.21,0.636,-1.0,-0.2853,0.0684,0.0002,-0.017,0.0013,1.0,0.939
w10s-shp-off-s73,w10s-shp-off,73,4979712,0.29,0.728,-1.0,-0.1662,0.0688,0.0002,-0.0191,0.0014,1.0,0.939
w10s-shp-off-s73,w10s-shp-off,73,5010432,0.17,0.651,-1.0,-0.5091,0.0728,0.0002,-0.0188,0.0016,1.0,0.939
w10s-shp-off-s73,w10s-shp-off,73,5041152,0.26,0.701,-1.0,-0.4047,0.07,0.0002,-0.0173,0.0012,1.0,0.939
w10s-shp-off-s73,w10s-shp-off,73,5071872,0.2,0.65,-1.0,-0.3414,0.0707,0.0002,-0.018,0.0014,1.0,0.939
w10s-shp-off-s73,w10s-shp-off,73,5102592,0.28,0.684,-1.0,-0.4599,0.0686,0.0002,-0.018,0.0013,1.0,0.939
w10s-shp-off-s73,w10s-shp-off,73,5133312,0.28,0.742,-1.0,-0.4805,0.0713,0.0002,-0.0175,0.0013,1.0,0.939
w10s-shp-off-s73,w10s-shp-off,73,5164032,0.32,0.742,-1.0,-0.2973,0.0689,0.0002,-0.0173,0.0014,1.0,0.939
w10s-shp-off-s73,w10s-shp-off,73,5194752,0.21,0.673,-1.0,-0.4099,0.0701,0.0002,-0.02,0.0013,1.0,0.939
w10s-shp-off-s73,w10s-shp-off,73,5225472,0.17,0.644,-1.0,-0.4927,0.0709,0.0002,-0.0187,0.0013,1.0,0.939
w10s-shp-off-s73,w10s-shp-off,73,5256192,0.21,0.678,-1.0,-0.5868,0.0705,0.0002,-0.0184,0.0013,1.0,0.938
w10s-shp-off-s73,w10s-shp-off,73,5286912,0.23,0.682,-1.0,-0.4844,0.069,0.0002,-0.0169,0.0014,1.0,0.938
w10s-shp-off-s73,w10s-shp-off,73,5317632,0.34,0.751,-1.0,-0.4509,0.0713,0.0002,-0.0178,0.0013,1.0,0.938
w10s-shp-off-s73,w10s-shp-off,73,5348352,0.2,0.629,-1.0,-0.4456,0.0736,0.0002,-0.0177,0.0014,1.0,0.938
w10s-shp-off-s73,w10s-shp-off,73,5379072,0.29,0.757,-1.0,-0.6143,0.0706,0.0002,-0.0187,0.0014,1.0,0.938
w10s-shp-off-s73,w10s-shp-off,73,5409792,0.3,0.767,-1.0,-0.5069,0.0697,0.0002,-0.018,0.0013,1.0,0.938
w10s-shp-off-s73,w10s-shp-off,73,5440512,0.15,0.593,-1.0,-0.233,0.0692,0.0002,-0.0167,0.0013,1.0,0.938
w10s-shp-off-s73,w10s-shp-off,73,5471232,0.25,0.688,-1.0,-0.2949,0.0697,0.0002,-0.0182,0.0013,1.0,0.938
w10s-shp-off-s73,w10s-shp-off,73,5501952,0.27,0.707,-1.0,-0.3404,0.0687,0.0002,-0.0163,0.0013,1.0,0.938
w10s-shp-off-s73,w10s-shp-off,73,5532672,0.24,0.663,-1.0,-0.4319,0.0707,0.0002,-0.0176,0.0013,1.0,0.938
w10s-shp-off-s73,w10s-shp-off,73,5563392,0.26,0.705,-1.0,-0.276,0.0731,0.0002,-0.0185,0.0013,1.0,0.938
w10s-shp-off-s73,w10s-shp-off,73,5594112,0.31,0.707,-1.0,-0.405,0.0749,0.0002,-0.0181,0.0012,1.0,0.938
w10s-shp-off-s73,w10s-shp-off,73,5624832,0.29,0.743,-1.0,-0.5235,0.0717,0.0002,-0.0187,0.0014,1.0,0.938
w10s-shp-off-s73,w10s-shp-off,73,5655552,0.32,0.758,-1.0,-0.4423,0.071,0.0002,-0.0166,0.0013,1.0,0.938
w10s-shp-off-s73,w10s-shp-off,73,5686272,0.3,0.763,-1.0,-0.4242,0.0706,0.0002,-0.0165,0.0013,1.0,0.938
w10s-shp-off-s73,w10s-shp-off,73,5716992,0.26,0.715,-1.0,-0.3539,0.0711,0.0002,-0.0184,0.0014,1.0,0.938
w10s-shp-off-s73,w10s-shp-off,73,5747712,0.26,0.739,-1.0,-0.3631,0.0686,0.0002,-0.0189,0.0012,1.0,0.937
w10s-shp-off-s73,w10s-shp-off,73,5778432,0.25,0.689,-1.0,-0.3817,0.0702,0.0002,-0.0164,0.0013,1.0,0.937
w10s-shp-off-s73,w10s-shp-off,73,5809152,0.26,0.732,-1.0,-0.3746,0.0713,0.0002,-0.018,0.0012,1.0,0.937
w10s-shp-off-s73,w10s-shp-off,73,5839872,0.28,0.723,-1.0,-0.3341,0.069,0.0002,-0.0186,0.0012,1.0,0.937
w10s-shp-off-s73,w10s-shp-off,73,5870592,0.27,0.703,-1.0,-0.4661,0.0708,0.0002,-0.017,0.0013,1.0,0.937
w10s-shp-off-s73,w10s-shp-off,73,5901312,0.3,0.712,-1.0,-0.2436,0.0729,0.0002,-0.017,0.0012,1.0,0.937
w10s-shp-off-s73,w10s-shp-off,73,5932032,0.22,0.623,-1.0,-0.2019,0.069,0.0002,-0.0176,0.0014,1.0,0.937
w10s-shp-off-s73,w10s-shp-off,73,5962752,0.33,0.754,-1.0,-0.3056,0.0712,0.0002,-0.0169,0.0012,1.0,0.937
w10s-shp-off-s73,w10s-shp-off,73,5993472,0.28,0.717,-1.0,-0.4075,0.0679,0.0002,-0.0181,0.0013,1.0,0.937
w10s-shp-off-s73,w10s-shp-off,73,6024192,0.36,0.794,-1.0,-0.4323,0.0725,0.0002,-0.0167,0.0013,1.0,0.937
w10s-shp-off-s73,w10s-shp-off,73,6054912,0.25,0.708,-1.0,-0.1739,0.0711,0.0002,-0.0189,0.0013,1.0,0.937
w10s-shp-off-s73,w10s-shp-off,73,6085632,0.3,0.761,-1.0,-0.1988,0.0701,0.0002,-0.0184,0.0014,1.0,0.937
w10s-shp-off-s73,w10s-shp-off,73,6116352,0.35,0.781,-1.0,-0.354,0.0701,0.0002,-0.0181,0.0012,1.0,0.937
w10s-shp-off-s73,w10s-shp-off,73,6147072,0.26,0.697,-1.0,-0.2953,0.0704,0.0002,-0.0192,0.0013,1.0,0.937
w10s-shp-off-s73,w10s-shp-off,73,6177792,0.33,0.796,-1.0,-0.1493,0.0686,0.0002,-0.0179,0.0013,1.0,0.937
w10s-shp-off-s73,w10s-shp-off,73,6208512,0.34,0.809,-1.0,-0.1812,0.0716,0.0002,-0.0165,0.0012,1.0,0.936
w10s-shp-off-s73,w10s-shp-off,73,6239232,0.34,0.784,-1.0,-0.1117,0.071,0.0002,-0.0189,0.0012,1.0,0.936
w10s-shp-off-s73,w10s-shp-off,73,6269952,0.37,0.809,-1.0,-0.1549,0.0667,0.0002,-0.0175,0.0013,1.0,0.936
w10s-shp-off-s73,w10s-shp-off,73,6300672,0.28,0.742,-1.0,-0.5288,0.0713,0.0002,-0.0184,0.0012,1.0,0.936
w10s-shp-off-s73,w10s-shp-off,73,6331392,0.34,0.794,-1.0,-0.2726,0.0709,0.0002,-0.0183,0.0012,1.0,0.936
w10s-shp-off-s73,w10s-shp-off,73,6362112,0.34,0.783,-1.0,-0.3427,0.0717,0.0002,-0.0179,0.0012,1.0,0.936
w10s-shp-off-s73,w10s-shp-off,73,6392832,0.29,0.737,-1.0,-0.3254,0.0682,0.0002,-0.0188,0.0011,1.0,0.936
w10s-shp-off-s73,w10s-shp-off,73,6423552,0.38,0.841,-1.0,-0.2758,0.0712,0.0002,-0.0177,0.0012,1.0,0.936
w10s-shp-off-s73,w10s-shp-off,73,6454272,0.37,0.804,-1.0,-0.3067,0.0711,0.0002,-0.0191,0.0012,1.0,0.936
w10s-shp-off-s73,w10s-shp-off,73,6484992,0.31,0.763,-1.0,-0.2442,0.0698,0.0002,-0.0186,0.0012,1.0,0.936
w10s-shp-off-s73,w10s-shp-off,73,6515712,0.39,0.862,-1.0,-0.275,0.0732,0.0002,-0.0173,0.0011,1.0,0.936
w10s-shp-off-s73,w10s-shp-off,73,6546432,0.36,0.804,-1.0,-0.3003,0.0697,0.0002,-0.0179,0.0013,1.0,0.936
w10s-shp-off-s73,w10s-shp-off,73,6577152,0.31,0.747,-1.0,-0.2829,0.0703,0.0002,-0.0207,0.0013,1.0,0.936
w10s-shp-off-s73,w10s-shp-off,73,6607872,0.42,0.863,-1.0,-0.2558,0.0721,0.0002,-0.0181,0.0011,1.0,0.936
w10s-shp-off-s73,w10s-shp-off,73,6638592,0.3,0.744,-1.0,-0.1128,0.0715,0.0002,-0.019,0.0013,1.0,0.936
w10s-shp-off-s73,w10s-shp-off,73,6669312,0.36,0.752,-1.0,-0.3316,0.0692,0.0002,-0.0189,0.0012,1.0,0.935
w10s-shp-off-s73,w10s-shp-off,73,6700032,0.44,0.848,-1.0,-0.1,0.068,0.0002,-0.0176,0.0012,1.0,0.935
w10s-shp-off-s73,w10s-shp-off,73,6730752,0.47,0.873,-1.0,-0.1439,0.07,0.0002,-0.0182,0.0011,1.0,0.935
w10s-shp-off-s73,w10s-shp-off,73,6761472,0.26,0.7,-1.0,0.0193,0.0691,0.0002,-0.0183,0.0012,1.0,0.935
w10s-shp-off-s73,w10s-shp-off,73,6792192,0.4,0.818,-1.0,-0.1789,0.0701,0.0002,-0.0184,0.0012,1.0,0.935
w10s-shp-off-s73,w10s-shp-off,73,6822912,0.35,0.812,-1.0,-0.1083,0.0699,0.0002,-0.0181,0.0011,1.0,0.935
w10s-shp-off-s73,w10s-shp-off,73,6853632,0.3,0.716,-1.0,-0.1903,0.0707,0.0002,-0.0172,0.0011,1.0,0.935
w10s-shp-off-s73,w10s-shp-off,73,6884352,0.32,0.779,-1.0,0.0635,0.0678,0.0002,-0.0159,0.0011,1.0,0.935
w10s-shp-off-s73,w10s-shp-off,73,6915072,0.39,0.8,-1.0,-0.1003,0.0716,0.0002,-0.0185,0.0011,1.0,0.935
w10s-shp-off-s73,w10s-shp-off,73,6945792,0.36,0.766,-1.0,-0.1152,0.0706,0.0002,-0.0173,0.0011,1.0,0.935
w10s-shp-off-s73,w10s-shp-off,73,6976512,0.43,0.828,-1.0,-0.0772,0.071,0.0002,-0.0181,0.0011,1.0,0.935
w10s-shp-off-s73,w10s-shp-off,73,7007232,0.43,0.849,-1.0,-0.2267,0.0719,0.0002,-0.0183,0.0011,1.0,0.935
w10s-shp-off-s73,w10s-shp-off,73,7037952,0.39,0.834,-1.0,-0.2528,0.0713,0.0002,-0.0188,0.0011,1.0,0.935
w10s-shp-off-s73,w10s-shp-off,73,7068672,0.37,0.788,-1.0,-0.0601,0.0719,0.0002,-0.018,0.0011,1.0,0.935
w10s-shp-off-s73,w10s-shp-off,73,7099392,0.49,0.918,-1.0,0.0356,0.0709,0.0002,-0.0185,0.0011,1.0,0.935
w10s-shp-off-s73,w10s-shp-off,73,7130112,0.33,0.777,-1.0,-0.2656,0.0722,0.0002,-0.0182,0.001,1.0,0.934
w10s-shp-off-s73,w10s-shp-off,73,7160832,0.37,0.784,-1.0,-0.2681,0.0707,0.0002,-0.018,0.0011,1.0,0.934
w10s-shp-off-s73,w10s-shp-off,73,7191552,0.4,0.81,-1.0,-0.0472,0.0719,0.0002,-0.0193,0.0011,1.0,0.934
w10s-shp-off-s73,w10s-shp-off,73,7222272,0.36,0.836,-1.0,-0.116,0.0684,0.0002,-0.0177,0.0011,1.0,0.934
w10s-shp-off-s73,w10s-shp-off,73,7252992,0.31,0.717,-1.0,-0.2204,0.0731,0.0002,-0.0165,0.0013,1.0,0.934
w10s-shp-off-s73,w10s-shp-off,73,7283712,0.4,0.816,-1.0,-0.0051,0.0664,0.0002,-0.0198,0.0012,1.0,0.934
w10s-shp-off-s73,w10s-shp-off,73,7314432,0.48,0.906,-1.0,0.002,0.0677,0.0002,-0.0172,0.0011,1.0,0.934
w10s-shp-off-s73,w10s-shp-off,73,7345152,0.35,0.778,-1.0,-0.1742,0.0721,0.0002,-0.017,0.0011,1.0,0.934
w10s-shp-off-s73,w10s-shp-off,73,7375872,0.38,0.823,-1.0,-0.157,0.0708,0.0002,-0.0179,0.0012,1.0,0.934
w10s-shp-off-s73,w10s-shp-off,73,7406592,0.38,0.816,-1.0,-0.0767,0.0721,0.0002,-0.0178,0.0011,1.0,0.934
w10s-shp-off-s73,w10s-shp-off,73,7437312,0.43,0.817,-1.0,0.2946,0.0672,0.0002,-0.0169,0.0011,1.0,0.934
w10s-shp-off-s73,w10s-shp-off,73,7468032,0.38,0.823,-1.0,-0.298,0.0705,0.0002,-0.0183,0.0011,1.0,0.934
w10s-shp-off-s73,w10s-shp-off,73,7498752,0.35,0.78,-1.0,-0.332,0.0705,0.0002,-0.0179,0.0012,1.0,0.934
w10s-shp-off-s73,w10s-shp-off,73,7529472,0.41,0.819,-1.0,0.1075,0.0694,0.0002,-0.0181,0.0011,1.0,0.934
w10s-shp-off-s73,w10s-shp-off,73,7560192,0.37,0.802,-1.0,-0.1473,0.0695,0.0002,-0.017,0.0011,1.0,0.934
w10s-shp-off-s73,w10s-shp-off,73,7590912,0.35,0.783,-1.0,-0.1856,0.073,0.0002,-0.0174,0.001,1.0,0.934
w10s-shp-off-s73,w10s-shp-off,73,7621632,0.41,0.835,-1.0,-0.2548,0.0727,0.0002,-0.018,0.0011,1.0,0.934
w10s-shp-off-s73,w10s-shp-off,73,7652352,0.39,0.842,-1.0,0.0068,0.068,0.0002,-0.018,0.0011,1.0,0.934
w10s-shp-off-s73,w10s-shp-off,73,7683072,0.44,0.867,-1.0,-0.0267,0.0706,0.0002,-0.0175,0.0011,1.0,0.934
w10s-shp-off-s73,w10s-shp-off,73,7713792,0.48,0.886,-1.0,-0.0448,0.0727,0.0002,-0.0202,0.0011,1.0,0.933
w10s-shp-off-s73,w10s-shp-off,73,7744512,0.36,0.767,-1.0,0.1801,0.0684,0.0002,-0.0175,0.0011,1.0,0.933
w10s-shp-off-s73,w10s-shp-off,73,7775232,0.35,0.755,-1.0,-0.0372,0.0729,0.0002,-0.0185,0.001,1.0,0.933
w10s-shp-off-s73,w10s-shp-off,73,7805952,0.37,0.794,-1.0,-0.0766,0.0696,0.0002,-0.0177,0.0011,1.0,0.933
w10s-shp-off-s73,w10s-shp-off,73,7836672,0.39,0.835,-1.0,-0.022,0.0699,0.0002,-0.0194,0.0011,1.0,0.933
w10s-shp-off-s73,w10s-shp-off,73,7867392,0.44,0.879,-1.0,0.0864,0.0694,0.0002,-0.0193,0.0011,1.0,0.933
w10s-shp-off-s73,w10s-shp-off,73,7898112,0.36,0.768,-1.0,-0.1072,0.0723,0.0002,-0.0171,0.0011,1.0,0.933
w10s-shp-off-s73,w10s-shp-off,73,7928832,0.42,0.859,-1.0,0.1519,0.0694,0.0002,-0.0167,0.0011,1.0,0.933
w10s-shp-off-s73,w10s-shp-off,73,7959552,0.34,0.769,-1.0,-0.0382,0.0702,0.0002,-0.0198,0.0011,1.0,0.933
w10s-shp-off-s73,w10s-shp-off,73,7990272,0.44,0.887,-1.0,-0.2162,0.0713,0.0002,-0.0171,0.0011,1.0,0.933
w10s-shp-off-s73,w10s-shp-off,73,8020992,0.45,0.903,-1.0,0.0666,0.0695,0.0002,-0.019,0.0011,1.0,0.933
w10s-shp-off-s73,w10s-shp-off,73,8051712,0.36,0.765,-1.0,0.1049,0.0696,0.0002,-0.018,0.0011,1.0,0.933
w10s-shp-off-s73,w10s-shp-off,73,8082432,0.38,0.79,-1.0,-0.0588,0.0715,0.0002,-0.017,0.001,1.0,0.933
w10s-shp-off-s73,w10s-shp-off,73,8113152,0.4,0.826,-1.0,-0.0124,0.0701,0.0002,-0.0179,0.0011,1.0,0.933
w10s-shp-off-s73,w10s-shp-off,73,8143872,0.4,0.849,-1.0,-0.1436,0.0704,0.0002,-0.0183,0.0011,1.0,0.933
w10s-shp-off-s73,w10s-shp-off,73,8174592,0.42,0.87,-1.0,0.0371,0.0701,0.0002,-0.0192,0.0011,1.0,0.932
w10s-shp-off-s73,w10s-shp-off,73,8205312,0.36,0.752,-1.0,0.0479,0.0664,0.0002,-0.0181,0.0011,1.0,0.932
w10s-shp-off-s73,w10s-shp-off,73,8236032,0.44,0.885,-1.0,0.0041,0.0687,0.0002,-0.0196,0.001,1.0,0.932
w10s-shp-off-s73,w10s-shp-off,73,8266752,0.34,0.76,-1.0,0.0332,0.0676,0.0002,-0.0178,0.001,1.0,0.932
w10s-shp-off-s73,w10s-shp-off,73,8297472,0.52,0.936,-1.0,0.0603,0.071,0.0002,-0.0178,0.0011,1.0,0.932
w10s-shp-off-s73,w10s-shp-off,73,8328192,0.48,0.894,-1.0,-0.2105,0.0696,0.0002,-0.0173,0.001,1.0,0.932
w10s-shp-off-s73,w10s-shp-off,73,8358912,0.47,0.887,-1.0,-0.1287,0.07,0.0002,-0.0164,0.0011,1.0,0.932
w10s-shp-off-s73,w10s-shp-off,73,8389632,0.46,0.889,-1.0,-0.129,0.0737,0.0002,-0.0183,0.0011,1.0,0.932
w10s-shp-off-s73,w10s-shp-off,73,8420352,0.46,0.894,-1.0,-0.0906,0.0723,0.0002,-0.0177,0.0012,1.0,0.932
w10s-shp-off-s73,w10s-shp-off,73,8451072,0.39,0.789,-1.0,0.227,0.0714,0.0002,-0.0179,0.0011,1.0,0.932
w10s-shp-off-s73,w10s-shp-off,73,8481792,0.36,0.793,-1.0,0.1693,0.0729,0.0002,-0.0186,0.0011,1.0,0.932
w10s-shp-off-s73,w10s-shp-off,73,8512512,0.38,0.786,-1.0,-0.0156,0.0717,0.0002,-0.0176,0.001,1.0,0.932
w10s-shp-off-s73,w10s-shp-off,73,8543232,0.36,0.787,-1.0,0.1227,0.0709,0.0002,-0.0163,0.0011,1.0,0.932
w10s-shp-off-s73,w10s-shp-off,73,8573952,0.38,0.806,-1.0,0.0084,0.0721,0.0002,-0.0177,0.0011,1.0,0.932
w10s-shp-off-s73,w10s-shp-off,73,8604672,0.34,0.812,-1.0,0.0732,0.071,0.0002,-0.0182,0.001,1.0,0.932
w10s-shp-off-s73,w10s-shp-off,73,8635392,0.42,0.889,-1.0,-0.1218,0.0687,0.0002,-0.0172,0.001,1.0,0.932
w10s-shp-off-s73,w10s-shp-off,73,8666112,0.47,0.868,-1.0,0.0268,0.0704,0.0002,-0.0183,0.0011,1.0,0.931
w10s-shp-off-s73,w10s-shp-off,73,8696832,0.52,0.95,-1.0,0.1996,0.0713,0.0002,-0.0161,0.001,1.0,0.931
w10s-shp-off-s73,w10s-shp-off,73,8727552,0.48,0.91,-1.0,0.1512,0.0672,0.0002,-0.0203,0.0011,1.0,0.931
w10s-shp-off-s73,w10s-shp-off,73,8758272,0.53,0.942,-1.0,-0.0599,0.0729,0.0002,-0.0169,0.001,1.0,0.931
w10s-shp-off-s73,w10s-shp-off,73,8788992,0.39,0.802,-1.0,0.1396,0.0699,0.0002,-0.0172,0.0012,1.0,0.931
w10s-shp-off-s73,w10s-shp-off,73,8819712,0.46,0.868,-1.0,0.0426,0.0705,0.0002,-0.0201,0.0011,1.0,0.931
w10s-shp-off-s73,w10s-shp-off,73,8850432,0.47,0.912,-1.0,0.1079,0.0727,0.0002,-0.0175,0.0009,1.0,0.931
w10s-shp-off-s73,w10s-shp-off,73,8881152,0.38,0.801,-1.0,-0.056,0.0734,0.0002,-0.0179,0.001,1.0,0.931
w10s-shp-off-s73,w10s-shp-off,73,8911872,0.53,0.954,-1.0,0.264,0.074,0.0002,-0.0195,0.001,1.0,0.931
w10s-shp-off-s73,w10s-shp-off,73,8942592,0.45,0.927,-1.0,0.1514,0.0698,0.0002,-0.0176,0.001,1.0,0.931
w10s-shp-off-s73,w10s-shp-off,73,8973312,0.54,0.974,-1.0,0.2402,0.0706,0.0002,-0.0177,0.001,1.0,0.931
w10s-shp-off-s73,w10s-shp-off,73,9004032,0.35,0.79,-1.0,0.002,0.0739,0.0002,-0.0174,0.0011,1.0,0.931
w10s-shp-off-s73,w10s-shp-off,73,9034752,0.45,0.855,-1.0,0.1622,0.0693,0.0002,-0.0176,0.0011,1.0,0.93
w10s-shp-off-s73,w10s-shp-off,73,9065472,0.42,0.827,-1.0,0.0552,0.067,0.0002,-0.017,0.001,1.0,0.93
w10s-shp-off-s73,w10s-shp-off,73,9096192,0.39,0.83,-1.0,0.1265,0.0697,0.0002,-0.0186,0.001,1.0,0.93
w10s-shp-off-s73,w10s-shp-off,73,9126912,0.38,0.849,-1.0,0.1602,0.0711,0.0002,-0.0176,0.0011,1.0,0.93
w10s-shp-off-s73,w10s-shp-off,73,9157632,0.51,0.903,-1.0,0.1486,0.0679,0.0002,-0.017,0.001,1.0,0.93
w10s-shp-off-s73,w10s-shp-off,73,9188352,0.41,0.849,-1.0,-0.0128,0.0699,0.0002,-0.0192,0.001,1.0,0.93
w10s-shp-off-s73,w10s-shp-off,73,9219072,0.51,0.933,-1.0,0.2637,0.0719,0.0002,-0.0184,0.001,1.0,0.93
w10s-shp-off-s73,w10s-shp-off,73,9249792,0.55,0.949,-1.0,0.0898,0.0755,0.0002,-0.0186,0.0011,1.0,0.93
w10s-shp-off-s73,w10s-shp-off,73,9280512,0.42,0.854,-1.0,0.0229,0.0733,0.0002,-0.02,0.001,1.0,0.93
w10s-shp-off-s73,w10s-shp-off,73,9311232,0.38,0.841,-1.0,0.0312,0.0723,0.0002,-0.018,0.001,1.0,0.929
w10s-shp-off-s73,w10s-shp-off,73,9341952,0.52,0.943,-1.0,-0.008,0.0666,0.0002,-0.0176,0.0009,1.0,0.929
w10s-shp-off-s73,w10s-shp-off,73,9372672,0.47,0.918,-1.0,0.2144,0.0697,0.0002,-0.0197,0.0011,1.0,0.929
w10s-shp-off-s73,w10s-shp-off,73,9403392,0.5,0.928,-1.0,0.0416,0.0707,0.0002,-0.0184,0.001,1.0,0.929
w10s-shp-off-s73,w10s-shp-off,73,9434112,0.42,0.885,-1.0,0.1991,0.0689,0.0002,-0.018,0.001,1.0,0.929
w10s-shp-off-s73,w10s-shp-off,73,9464832,0.5,0.972,-1.0,0.0761,0.0688,0.0002,-0.0178,0.0009,1.0,0.929
w10s-shp-off-s73,w10s-shp-off,73,9495552,0.56,0.981,-1.0,0.1268,0.0711,0.0002,-0.0182,0.0011,1.0,0.929
w10s-shp-off-s73,w10s-shp-off,73,9526272,0.46,0.908,-1.0,0.2047,0.0712,0.0002,-0.0173,0.001,1.0,0.929
w10s-shp-off-s73,w10s-shp-off,73,9556992,0.47,0.945,-1.0,0.0681,0.0721,0.0002,-0.0162,0.001,1.0,0.929
w10s-shp-off-s73,w10s-shp-off,73,9587712,0.52,0.96,-1.0,0.314,0.0741,0.0002,-0.0171,0.0011,1.0,0.928
w10s-shp-off-s73,w10s-shp-off,73,9618432,0.49,0.948,-1.0,0.2181,0.075,0.0002,-0.0189,0.0011,1.0,0.928
w10s-shp-off-s73,w10s-shp-off,73,9649152,0.44,0.866,-1.0,0.3342,0.0724,0.0002,-0.0166,0.001,1.0,0.928
w10s-shp-off-s73,w10s-shp-off,73,9679872,0.55,0.959,-1.0,0.29,0.0686,0.0002,-0.0177,0.001,1.0,0.928
w10s-shp-off-s73,w10s-shp-off,73,9710592,0.51,0.952,-1.0,0.0715,0.0698,0.0002,-0.0176,0.0011,1.0,0.928
w10s-shp-off-s73,w10s-shp-off,73,9741312,0.41,0.864,-1.0,0.3479,0.0719,0.0002,-0.0188,0.001,1.0,0.928
w10s-shp-off-s73,w10s-shp-off,73,9772032,0.5,0.928,-1.0,0.1061,0.0702,0.0002,-0.0173,0.0011,1.0,0.928
w10s-shp-off-s73,w10s-shp-off,73,9802752,0.53,0.957,-1.0,0.2552,0.0702,0.0002,-0.0182,0.001,1.0,0.928
w10s-shp-off-s73,w10s-shp-off,73,9833472,0.53,0.991,-1.0,0.1892,0.0716,0.0002,-0.0186,0.0011,1.0,0.928
w10s-shp-off-s73,w10s-shp-off,73,9864192,0.55,0.996,-1.0,0.264,0.0685,0.0002,-0.0194,0.001,1.0,0.928
w10s-shp-off-s73,w10s-shp-off,73,9894912,0.53,0.974,-1.0,0.1116,0.072,0.0002,-0.0186,0.0011,1.0,0.927
w10s-shp-off-s73,w10s-shp-off,73,9925632,0.51,0.955,-1.0,0.1816,0.07,0.0002,-0.0187,0.001,1.0,0.927
w10s-shp-off-s73,w10s-shp-off,73,9956352,0.44,0.854,-1.0,0.1481,0.0702,0.0002,-0.0183,0.001,1.0,0.927
w10s-shp-off-s73,w10s-shp-off,73,9987072,0.49,0.951,-1.0,0.171,0.0669,0.0002,-0.0177,0.0011,1.0,0.927
w10s-shp-off-s73,w10s-shp-off,73,10017792,0.52,0.92,-1.0,0.1299,0.0703,0.0002,-0.019,0.001,1.0,0.927
w10s-shp-off-s73,w10s-shp-off,73,10048512,0.49,0.926,-1.0,0.2752,0.0667,0.0002,-0.0196,0.0011,1.0,0.927
w10s-shp-off-s73,w10s-shp-off,73,10079232,0.46,0.917,-1.0,0.2593,0.0693,0.0002,-0.0192,0.001,1.0,0.927
w10s-shp-off-s73,w10s-shp-off,73,10109952,0.48,0.926,-1.0,0.242,0.0732,0.0002,-0.0181,0.001,1.0,0.927
w10s-shp-off-s73,w10s-shp-off,73,10140672,0.53,0.97,-1.0,0.2489,0.0706,0.0002,-0.0174,0.001,1.0,0.927
w10s-shp-off-s73,w10s-shp-off,73,10171392,0.54,0.984,-1.0,0.3606,0.0687,0.0002,-0.018,0.001,1.0,0.926
w10s-shp-off-s73,w10s-shp-off,73,10202112,0.57,1.014,-1.0,0.2474,0.069,0.0002,-0.0171,0.0009,1.0,0.926
w10s-shp-off-s73,w10s-shp-off,73,10232832,0.56,0.972,-1.0,0.2235,0.0688,0.0002,-0.0184,0.001,1.0,0.926
w10s-shp-off-s73,w10s-shp-off,73,10263552,0.57,0.972,-1.0,0.3145,0.0694,0.0002,-0.0172,0.001,1.0,0.926
w10s-shp-off-s73,w10s-shp-off,73,10294272,0.58,1.036,-1.0,0.3287,0.0709,0.0002,-0.0161,0.001,1.0,0.926
w10s-shp-off-s73,w10s-shp-off,73,10324992,0.55,0.987,-1.0,0.2122,0.0714,0.0002,-0.0182,0.001,1.0,0.926
w10s-shp-off-s73,w10s-shp-off,73,10355712,0.57,0.999,-1.0,0.2649,0.0728,0.0002,-0.019,0.001,1.0,0.926
w10s-shp-off-s73,w10s-shp-off,73,10386432,0.55,0.955,-1.0,0.6268,0.0678,0.0002,-0.018,0.001,1.0,0.926
w10s-shp-off-s73,w10s-shp-off,73,10417152,0.51,0.969,-1.0,0.2951,0.0726,0.0002,-0.0191,0.001,1.0,0.926
w10s-shp-off-s73,w10s-shp-off,73,10447872,0.5,0.96,-1.0,0.4142,0.0734,0.0002,-0.0189,0.001,1.0,0.925
w10s-shp-off-s73,w10s-shp-off,73,10478592,0.48,0.936,-1.0,0.3387,0.0669,0.0002,-0.0185,0.0009,1.0,0.925
w10s-shp-off-s73,w10s-shp-off,73,10509312,0.51,0.95,-1.0,0.3741,0.072,0.0002,-0.0188,0.001,1.0,0.925
w10s-shp-off-s73,w10s-shp-off,73,10540032,0.62,1.079,-1.0,0.5697,0.0716,0.0002,-0.0161,0.001,1.0,0.925
w10s-shp-off-s73,w10s-shp-off,73,10570752,0.6,1.058,-1.0,0.1693,0.0708,0.0002,-0.0188,0.001,1.0,0.925
w10s-shp-off-s73,w10s-shp-off,73,10601472,0.56,0.999,-1.0,0.1529,0.0722,0.0002,-0.0184,0.001,1.0,0.925
w10s-shp-off-s73,w10s-shp-off,73,10632192,0.45,0.941,-1.0,0.3875,0.072,0.0002,-0.0161,0.001,1.0,0.925
w10s-shp-off-s73,w10s-shp-off,73,10662912,0.62,1.072,-1.0,0.1467,0.0729,0.0002,-0.0185,0.001,1.0,0.925
w10s-shp-off-s73,w10s-shp-off,73,10693632,0.56,1.025,-1.0,0.3434,0.0711,0.0002,-0.0177,0.001,1.0,0.924
w10s-shp-off-s73,w10s-shp-off,73,10724352,0.61,1.041,-1.0,0.3333,0.072,0.0002,-0.0184,0.001,1.0,0.924
w10s-shp-off-s73,w10s-shp-off,73,10755072,0.6,1.064,-1.0,0.3174,0.0694,0.0002,-0.0181,0.0009,1.0,0.924
w10s-shp-off-s73,w10s-shp-off,73,10785792,0.57,1.017,-1.0,0.225,0.0729,0.0002,-0.0191,0.001,1.0,0.924
w10s-shp-off-s73,w10s-shp-off,73,10816512,0.53,0.965,-1.0,0.2066,0.0715,0.0002,-0.0189,0.001,1.0,0.924
w10s-shp-off-s73,w10s-shp-off,73,10847232,0.6,1.059,-1.0,0.2694,0.0702,0.0002,-0.0186,0.001,1.0,0.924
w10s-shp-off-s73,w10s-shp-off,73,10877952,0.59,1.048,-1.0,0.3635,0.0705,0.0002,-0.018,0.001,1.0,0.924
w10s-shp-off-s73,w10s-shp-off,73,10908672,0.48,0.954,-1.0,0.3043,0.0712,0.0002,-0.0168,0.001,1.0,0.924
w10s-shp-off-s73,w10s-shp-off,73,10939392,0.52,0.985,-1.0,0.2989,0.0738,0.0002,-0.0185,0.001,1.0,0.924
w10s-shp-off-s73,w10s-shp-off,73,10970112,0.59,1.012,-1.0,0.3592,0.0685,0.0002,-0.0175,0.001,1.0,0.923
w10s-shp-off-s73,w10s-shp-off,73,11000832,0.61,1.018,-1.0,0.5824,0.0715,0.0002,-0.0188,0.001,1.0,0.923
w10s-shp-off-s73,w10s-shp-off,73,11031552,0.54,0.994,-1.0,0.194,0.0692,0.0002,-0.018,0.001,1.0,0.923
w10s-shp-off-s73,w10s-shp-off,73,11062272,0.67,1.113,-1.0,0.4733,0.0678,0.0002,-0.0179,0.001,1.0,0.923
w10s-shp-off-s73,w10s-shp-off,73,11092992,0.57,1.018,-1.0,0.3286,0.0709,0.0002,-0.0185,0.0009,1.0,0.923
w10s-shp-off-s73,w10s-shp-off,73,11123712,0.61,1.027,-1.0,0.5559,0.0755,0.0002,-0.0188,0.001,1.0,0.923
w10s-shp-off-s73,w10s-shp-off,73,11154432,0.64,1.089,-1.0,0.4398,0.0719,0.0002,-0.0193,0.001,1.0,0.923
w10s-shp-off-s73,w10s-shp-off,73,11185152,0.58,1.015,-1.0,0.3337,0.0695,0.0002,-0.0172,0.001,1.0,0.923
w10s-shp-off-s73,w10s-shp-off,73,11215872,0.62,1.074,-1.0,0.5351,0.0725,0.0002,-0.0173,0.001,1.0,0.923
w10s-shp-off-s73,w10s-shp-off,73,11246592,0.56,0.996,-1.0,0.5912,0.0714,0.0002,-0.0181,0.001,1.0,0.923
w10s-shp-off-s73,w10s-shp-off,73,11277312,0.63,1.062,-1.0,0.5053,0.0701,0.0002,-0.0188,0.0009,1.0,0.922
w10s-shp-off-s73,w10s-shp-off,73,11308032,0.66,1.104,-1.0,0.4155,0.07,0.0002,-0.0182,0.0009,1.0,0.922
w10s-shp-off-s73,w10s-shp-off,73,11338752,0.66,1.086,-1.0,0.4546,0.0688,0.0002,-0.0185,0.001,1.0,0.922
w10s-shp-off-s73,w10s-shp-off,73,11369472,0.62,1.063,-1.0,0.5148,0.0716,0.0002,-0.0192,0.001,1.0,0.922
w10s-shp-off-s73,w10s-shp-off,73,11400192,0.65,1.076,-1.0,0.4582,0.0742,0.0002,-0.0174,0.001,1.0,0.922
w10s-shp-off-s73,w10s-shp-off,73,11430912,0.61,1.054,-1.0,0.6008,0.0694,0.0002,-0.0183,0.001,1.0,0.922
w10s-shp-off-s73,w10s-shp-off,73,11461632,0.59,1.032,-1.0,0.3079,0.0714,0.0002,-0.0168,0.001,1.0,0.922
w10s-shp-off-s73,w10s-shp-off,73,11492352,0.65,1.085,-1.0,0.4633,0.0679,0.0002,-0.0176,0.0009,1.0,0.922
w10s-shp-off-s73,w10s-shp-off,73,11523072,0.63,1.077,-1.0,0.4608,0.0683,0.0002,-0.02,0.0009,1.0,0.922
w10s-shp-off-s73,w10s-shp-off,73,11553792,0.65,1.108,-1.0,0.555,0.0716,0.0002,-0.0179,0.001,1.0,0.921
w10s-shp-off-s73,w10s-shp-off,73,11584512,0.65,1.077,-1.0,0.2665,0.0752,0.0002,-0.0194,0.001,1.0,0.921
w10s-shp-off-s73,w10s-shp-off,73,11615232,0.55,1.032,-1.0,0.5616,0.0704,0.0002,-0.0175,0.0009,1.0,0.921
w10s-shp-off-s73,w10s-shp-off,73,11645952,0.69,1.107,-1.0,0.2283,0.0705,0.0002,-0.0169,0.001,1.0,0.921
w10s-shp-off-s73,w10s-shp-off,73,11676672,0.6,1.005,-1.0,0.3559,0.068,0.0002,-0.018,0.0009,1.0,0.921
w10s-shp-off-s73,w10s-shp-off,73,11707392,0.66,1.112,-1.0,0.4056,0.0727,0.0002,-0.0178,0.001,1.0,0.921
w10s-shp-off-s73,w10s-shp-off,73,11738112,0.61,1.038,-1.0,0.5823,0.073,0.0002,-0.0181,0.001,1.0,0.921
w10s-shp-off-s73,w10s-shp-off,73,11768832,0.66,1.088,-1.0,0.487,0.0724,0.0002,-0.018,0.001,1.0,0.921
w10s-shp-off-s73,w10s-shp-off,73,11799552,0.6,1.062,-1.0,0.3167,0.0744,0.0002,-0.0181,0.001,1.0,0.921
w10s-shp-off-s73,w10s-shp-off,73,11830272,0.59,0.992,-1.0,0.643,0.0703,0.0002,-0.0181,0.0009,1.0,0.92
w10s-shp-off-s73,w10s-shp-off,73,11860992,0.53,1.002,-1.0,0.4591,0.0726,0.0002,-0.018,0.001,1.0,0.92
w10s-shp-off-s73,w10s-shp-off,73,11891712,0.63,1.09,-1.0,0.6293,0.0697,0.0002,-0.0165,0.0009,1.0,0.92
w10s-shp-off-s73,w10s-shp-off,73,11922432,0.63,1.082,-1.0,0.4516,0.0707,0.0002,-0.0185,0.0009,1.0,0.92
w10s-shp-off-s73,w10s-shp-off,73,11953152,0.65,1.085,-1.0,0.5525,0.0722,0.0002,-0.0186,0.001,1.0,0.92
w10s-shp-off-s73,w10s-shp-off,73,11983872,0.63,1.088,-1.0,0.5278,0.0706,0.0002,-0.0196,0.001,1.0,0.92
w10s-shp-off-s73,w10s-shp-off,73,12014592,0.72,1.156,-1.0,0.4497,0.0723,0.0002,-0.018,0.0009,1.0,0.92
w10s-shp-off-s73,w10s-shp-off,73,12045312,0.6,1.052,-1.0,0.6325,0.0692,0.0002,-0.0173,0.0011,1.0,0.92
w10s-shp-off-s73,w10s-shp-off,73,12076032,0.6,1.085,-1.0,0.6664,0.0689,0.0002,-0.0178,0.0009,1.0,0.92
w10s-shp-off-s73,w10s-shp-off,73,12106752,0.69,1.123,-1.0,0.3405,0.0721,0.0002,-0.0173,0.001,1.0,0.919
w10s-shp-off-s73,w10s-shp-off,73,12137472,0.64,1.064,-1.0,0.5059,0.0701,0.0002,-0.0179,0.0009,1.0,0.919
w10s-shp-off-s73,w10s-shp-off,73,12168192,0.58,1.041,-1.0,0.532,0.0693,0.0002,-0.0197,0.001,1.0,0.919
w10s-shp-off-s73,w10s-shp-off,73,12198912,0.68,1.116,-1.0,0.4974,0.0706,0.0002,-0.0185,0.0009,1.0,0.919
w10s-shp-off-s73,w10s-shp-off,73,12229632,0.63,1.061,-1.0,0.444,0.0709,0.0002,-0.0174,0.0009,1.0,0.919
w10s-shp-off-s73,w10s-shp-off,73,12260352,0.65,1.104,-1.0,0.619,0.0723,0.0002,-0.018,0.001,1.0,0.919
w10s-shp-off-s73,w10s-shp-off,73,12291072,0.65,1.07,-1.0,0.6548,0.072,0.0002,-0.0181,0.0009,1.0,0.919
w10s-shp-off-s73,w10s-shp-off,73,12321792,0.7,1.117,-1.0,0.6678,0.0722,0.0002,-0.0187,0.001,1.0,0.919
w10s-shp-off-s73,w10s-shp-off,73,12352512,0.61,1.078,-1.0,0.5036,0.0718,0.0002,-0.0167,0.001,1.0,0.919
w10s-shp-off-s73,w10s-shp-off,73,12383232,0.67,1.119,-1.0,0.7118,0.0702,0.0002,-0.0189,0.0009,1.0,0.919
w10s-shp-off-s73,w10s-shp-off,73,12413952,0.66,1.094,-1.0,0.4492,0.0729,0.0002,-0.0179,0.0009,1.0,0.918
w10s-shp-off-s73,w10s-shp-off,73,12444672,0.58,1.054,-1.0,0.502,0.0703,0.0002,-0.0183,0.0011,1.0,0.918
w10s-shp-off-s73,w10s-shp-off,73,12475392,0.64,1.095,-1.0,0.4253,0.0699,0.0002,-0.0174,0.001,1.0,0.918
w10s-shp-off-s73,w10s-shp-off,73,12506112,0.72,1.136,-1.0,0.3215,0.0734,0.0002,-0.0188,0.0009,1.0,0.918
w10s-shp-off-s73,w10s-shp-off,73,12536832,0.71,1.17,-1.0,0.5552,0.07,0.0002,-0.0172,0.0009,1.0,0.918
w10s-shp-off-s73,w10s-shp-off,73,12567552,0.68,1.148,-1.0,0.5678,0.0714,0.0002,-0.0178,0.001,1.0,0.918
w10s-shp-off-s73,w10s-shp-off,73,12598272,0.71,1.148,-1.0,0.5472,0.075,0.0002,-0.0173,0.0009,1.0,0.918
w10s-shp-off-s73,w10s-shp-off,73,12628992,0.58,1.067,-1.0,0.5393,0.0708,0.0002,-0.0175,0.001,1.0,0.918
w10s-shp-off-s73,w10s-shp-off,73,12659712,0.62,1.068,-1.0,0.666,0.072,0.0002,-0.0188,0.001,1.0,0.918
w10s-shp-off-s73,w10s-shp-off,73,12690432,0.6,1.05,-1.0,0.4864,0.073,0.0002,-0.0177,0.001,1.0,0.918
w10s-shp-off-s73,w10s-shp-off,73,12721152,0.69,1.137,-1.0,0.7319,0.0698,0.0002,-0.0176,0.0009,1.0,0.917
w10s-shp-off-s73,w10s-shp-off,73,12751872,0.65,1.133,-1.0,0.6931,0.0738,0.0002,-0.0177,0.0009,1.0,0.917
w10s-shp-off-s73,w10s-shp-off,73,12782592,0.6,1.042,-1.0,0.5034,0.0689,0.0002,-0.0188,0.0009,1.0,0.917
w10s-shp-off-s73,w10s-shp-off,73,12813312,0.72,1.178,-1.0,0.4637,0.0676,0.0002,-0.0168,0.001,1.0,0.917
w10s-shp-off-s73,w10s-shp-off,73,12844032,0.71,1.165,-1.0,0.6566,0.0713,0.0002,-0.0163,0.0009,1.0,0.917
w10s-shp-off-s73,w10s-shp-off,73,12874752,0.68,1.149,-1.0,0.5497,0.0692,0.0002,-0.0197,0.001,1.0,0.917
w10s-shp-off-s73,w10s-shp-off,73,12905472,0.71,1.152,-1.0,0.6822,0.0649,0.0002,-0.0183,0.0009,1.0,0.917
w10s-shp-off-s73,w10s-shp-off,73,12936192,0.67,1.114,-1.0,0.4682,0.0714,0.0002,-0.0187,0.001,1.0,0.917
w10s-shp-off-s73,w10s-shp-off,73,12966912,0.65,1.111,-1.0,0.4851,0.0685,0.0002,-0.0176,0.001,1.0,0.917
w10s-shp-off-s73,w10s-shp-off,73,12997632,0.77,1.151,-1.0,0.657,0.0708,0.0002,-0.0181,0.001,1.0,0.917
w10s-shp-off-s73,w10s-shp-off,73,13028352,0.69,1.129,-1.0,0.4907,0.0719,0.0002,-0.0175,0.001,1.0,0.916
w10s-shp-off-s73,w10s-shp-off,73,13059072,0.75,1.197,-1.0,0.6427,0.0712,0.0002,-0.018,0.0009,1.0,0.916
w10s-shp-off-s73,w10s-shp-off,73,13089792,0.72,1.178,-1.0,0.6204,0.07,0.0002,-0.0177,0.001,1.0,0.916
w10s-shp-off-s73,w10s-shp-off,73,13120512,0.7,1.127,-1.0,0.4699,0.0694,0.0002,-0.0172,0.0009,1.0,0.916
w10s-shp-off-s73,w10s-shp-off,73,13151232,0.63,1.105,-1.0,0.7217,0.0705,0.0002,-0.0185,0.001,1.0,0.916
w10s-shp-off-s73,w10s-shp-off,73,13181952,0.68,1.143,-1.0,0.4662,0.07,0.0002,-0.0195,0.0011,1.0,0.916
w10s-shp-off-s73,w10s-shp-off,73,13212672,0.72,1.155,-1.0,0.4446,0.0741,0.0002,-0.0167,0.001,1.0,0.916
w10s-shp-off-s73,w10s-shp-off,73,13243392,0.7,1.155,-1.0,0.716,0.0708,0.0002,-0.0188,0.0009,1.0,0.916
w10s-shp-off-s73,w10s-shp-off,73,13274112,0.64,1.115,-1.0,0.5251,0.0714,0.0002,-0.0193,0.001,1.0,0.916
w10s-shp-off-s73,w10s-shp-off,73,13304832,0.76,1.202,-1.0,0.5993,0.0699,0.0002,-0.0183,0.0009,1.0,0.916
w10s-shp-off-s73,w10s-shp-off,73,13335552,0.79,1.224,-1.0,0.6531,0.0689,0.0002,-0.0178,0.0009,1.0,0.915
w10s-shp-off-s73,w10s-shp-off,73,13366272,0.74,1.17,-1.0,0.5529,0.0748,0.0002,-0.0201,0.001,1.0,0.915
w10s-shp-off-s73,w10s-shp-off,73,13396992,0.68,1.157,-1.0,0.7287,0.0691,0.0002,-0.0168,0.0009,1.0,0.915
w10s-shp-off-s73,w10s-shp-off,73,13427712,0.75,1.181,-1.0,0.6525,0.0693,0.0002,-0.0186,0.0009,1.0,0.915
w10s-shp-off-s73,w10s-shp-off,73,13458432,0.66,1.146,-1.0,0.619,0.0672,0.0002,-0.0193,0.0009,1.0,0.915
w10s-shp-off-s73,w10s-shp-off,73,13489152,0.77,1.21,-1.0,0.6845,0.0719,0.0002,-0.0195,0.0009,1.0,0.915
w10s-shp-off-s73,w10s-shp-off,73,13519872,0.69,1.125,-1.0,0.695,0.0649,0.0002,-0.0181,0.0009,1.0,0.915
w10s-shp-off-s73,w10s-shp-off,73,13550592,0.61,1.089,-1.0,0.7328,0.0701,0.0002,-0.019,0.0009,1.0,0.915
w10s-shp-off-s73,w10s-shp-off,73,13581312,0.7,1.144,-1.0,0.7122,0.0689,0.0002,-0.0179,0.0009,1.0,0.915
w10s-shp-off-s73,w10s-shp-off,73,13612032,0.68,1.131,-1.0,0.635,0.0725,0.0002,-0.0184,0.0009,1.0,0.915
w10s-shp-off-s73,w10s-shp-off,73,13642752,0.65,1.112,-1.0,0.5564,0.071,0.0002,-0.018,0.0009,1.0,0.914
w10s-shp-off-s73,w10s-shp-off,73,13673472,0.66,1.157,-1.0,0.8035,0.0712,0.0002,-0.0167,0.001,1.0,0.914
w10s-shp-off-s73,w10s-shp-off,73,13704192,0.7,1.154,-1.0,0.6018,0.071,0.0002,-0.0177,0.001,1.0,0.914
w10s-shp-off-s73,w10s-shp-off,73,13734912,0.69,1.146,-1.0,0.5935,0.0681,0.0002,-0.0189,0.0009,1.0,0.914
w10s-shp-off-s73,w10s-shp-off,73,13765632,0.68,1.125,-1.0,0.7992,0.0708,0.0002,-0.018,0.0009,1.0,0.914
w10s-shp-off-s73,w10s-shp-off,73,13796352,0.72,1.17,-1.0,0.6002,0.0707,0.0002,-0.0195,0.0009,1.0,0.914
w10s-shp-off-s73,w10s-shp-off,73,13827072,0.67,1.102,-1.0,0.6863,0.0705,0.0002,-0.0181,0.0009,1.0,0.914
w10s-shp-off-s73,w10s-shp-off,73,13857792,0.71,1.157,-1.0,0.7543,0.0719,0.0002,-0.0186,0.0009,1.0,0.914
w10s-shp-off-s73,w10s-shp-off,73,13888512,0.74,1.179,-1.0,0.6366,0.0696,0.0002,-0.0174,0.0009,1.0,0.914
w10s-shp-off-s73,w10s-shp-off,73,13919232,0.68,1.143,-1.0,0.5923,0.0732,0.0002,-0.0179,0.001,1.0,0.914
w10s-shp-off-s73,w10s-shp-off,73,13949952,0.7,1.141,-1.0,0.9083,0.0722,0.0002,-0.0184,0.001,1.0,0.913
w10s-shp-off-s73,w10s-shp-off,73,13980672,0.69,1.135,-1.0,0.7627,0.0713,0.0002,-0.0182,0.0009,1.0,0.913
w10s-shp-off-s73,w10s-shp-off,73,14011392,0.66,1.143,-1.0,0.6816,0.0698,0.0002,-0.0208,0.0009,1.0,0.913
w10s-shp-off-s73,w10s-shp-off,73,14042112,0.65,1.148,-1.0,0.7344,0.0696,0.0002,-0.0183,0.0009,1.0,0.913
w10s-shp-off-s73,w10s-shp-off,73,14072832,0.69,1.176,-1.0,0.6586,0.071,0.0002,-0.0188,0.0009,1.0,0.913
w10s-shp-off-s73,w10s-shp-off,73,14103552,0.75,1.183,-1.0,0.6829,0.0704,0.0002,-0.0182,0.0009,1.0,0.913
w10s-shp-off-s73,w10s-shp-off,73,14134272,0.71,1.171,-1.0,0.3479,0.0694,0.0002,-0.0196,0.0009,1.0,0.913
w10s-shp-off-s73,w10s-shp-off,73,14164992,0.69,1.145,-1.0,0.6108,0.0687,0.0002,-0.0184,0.0009,1.0,0.913
w10s-shp-off-s73,w10s-shp-off,73,14195712,0.72,1.18,-1.0,0.6095,0.0691,0.0002,-0.0184,0.0009,1.0,0.913
w10s-shp-off-s73,w10s-shp-off,73,14226432,0.77,1.213,-1.0,0.7185,0.0712,0.0002,-0.0191,0.0009,1.0,0.913
w10s-shp-off-s73,w10s-shp-off,73,14257152,0.7,1.16,-1.0,0.7589,0.0745,0.0002,-0.0174,0.0009,1.0,0.913
w10s-shp-off-s73,w10s-shp-off,73,14287872,0.69,1.17,-1.0,0.8864,0.071,0.0002,-0.0171,0.0009,1.0,0.912
w10s-shp-off-s73,w10s-shp-off,73,14318592,0.72,1.19,-1.0,0.7047,0.0733,0.0002,-0.0186,0.0009,1.0,0.912
w10s-shp-off-s73,w10s-shp-off,73,14349312,0.71,1.174,-1.0,0.7206,0.0689,0.0002,-0.0171,0.0009,1.0,0.912
w10s-shp-off-s73,w10s-shp-off,73,14380032,0.77,1.211,-1.0,0.7093,0.0724,0.0002,-0.0189,0.001,1.0,0.912
w10s-shp-off-s73,w10s-shp-off,73,14410752,0.71,1.148,-1.0,0.7299,0.0692,0.0002,-0.019,0.0009,1.0,0.912
w10s-shp-off-s73,w10s-shp-off,73,14441472,0.72,1.186,-1.0,0.6995,0.0718,0.0002,-0.019,0.0009,1.0,0.912
w10s-shp-off-s73,w10s-shp-off,73,14472192,0.67,1.137,-1.0,0.9191,0.0689,0.0002,-0.019,0.0009,1.0,0.912
w10s-shp-off-s73,w10s-shp-off,73,14502912,0.69,1.161,-1.0,0.7323,0.0702,0.0002,-0.0197,0.0008,1.0,0.912
w10s-shp-off-s73,w10s-shp-off,73,14533632,0.77,1.189,-1.0,0.6432,0.0729,0.0002,-0.0176,0.0009,1.0,0.912
w10s-shp-off-s73,w10s-shp-off,73,14564352,0.72,1.214,-1.0,0.7164,0.0721,0.0002,-0.0181,0.0009,1.0,0.912
w10s-shp-off-s73,w10s-shp-off,73,14595072,0.76,1.217,-1.0,0.4742,0.0695,0.0002,-0.0184,0.0009,1.0,0.911
w10s-shp-off-s73,w10s-shp-off,73,14625792,0.73,1.188,-1.0,0.886,0.0702,0.0002,-0.0185,0.0009,1.0,0.911
w10s-shp-off-s73,w10s-shp-off,73,14656512,0.7,1.168,-1.0,0.7261,0.0685,0.0002,-0.0194,0.0009,1.0,0.911
w10s-shp-off-s73,w10s-shp-off,73,14687232,0.74,1.186,-1.0,0.8628,0.0685,0.0002,-0.0187,0.001,1.0,0.911
w10s-shp-off-s73,w10s-shp-off,73,14717952,0.76,1.181,-1.0,0.9081,0.068,0.0002,-0.0184,0.0009,1.0,0.911
w10s-shp-off-s73,w10s-shp-off,73,14748672,0.69,1.15,-1.0,0.7746,0.0727,0.0002,-0.0179,0.0009,1.0,0.911
w10s-shp-off-s73,w10s-shp-off,73,14779392,0.73,1.169,-1.0,0.7082,0.0711,0.0002,-0.0179,0.0009,1.0,0.911
w10s-shp-off-s73,w10s-shp-off,73,14810112,0.69,1.16,-1.0,0.6773,0.0717,0.0002,-0.0195,0.0009,1.0,0.911
w10s-shp-off-s73,w10s-shp-off,73,14840832,0.79,1.198,-1.0,0.7819,0.0665,0.0002,-0.0175,0.0009,1.0,0.911
w10s-shp-off-s73,w10s-shp-off,73,14871552,0.74,1.203,-1.0,0.7079,0.0729,0.0002,-0.0181,0.0008,1.0,0.911
w10s-shp-off-s73,w10s-shp-off,73,14902272,0.71,1.173,-1.0,0.7221,0.0699,0.0002,-0.0183,0.0008,1.0,0.91
w10s-shp-off-s73,w10s-shp-off,73,14932992,0.66,1.127,-1.0,0.8122,0.0695,0.0002,-0.0181,0.0009,1.0,0.91
w10s-shp-off-s73,w10s-shp-off,73,14963712,0.7,1.153,-1.0,0.7773,0.0708,0.0002,-0.019,0.0009,1.0,0.91
w10s-shp-off-s73,w10s-shp-off,73,14994432,0.7,1.149,-1.0,0.4898,0.0745,0.0002,-0.0187,0.0009,1.0,0.91
w10s-shp-off-s73,w10s-shp-off,73,14997504,0.7,1.14,-1.0,0.6505,0.0693,0.0002,-0.0185,0.0008,1.0,0.91
