run,arm,seed,step,train_win_rate,train_score,difficulty,r_objective,r_alpha,r_beta,r_zeta,r_delta,coverage,visit_entropy
w10s-obj-off-s61,w10s-obj-off,61,3072,0.0,0.408,-1.0,,,,,,,
w10s-obj-off-s61,w10s-obj-off,61,33792,0.0,0.406,-1.0,-0.975,0.0,0.0,0.0,0.0,0.949,0.918
w10s-obj-off-s61,w10s-obj-off,61,64512,0.0,0.445,-1.0,-0.9783,0.0,0.0,0.0,0.0,0.978,0.909
w10s-obj-off-s61,w10s-obj-off,61,95232,0.0,0.458,-1.0,-0.956,0.0,0.0,0.0,0.0,0.99,0.901
w10s-obj-off-s61,w10s-obj-off,61,125952,0.0,0.493,-1.0,-0.975,0.0,0.0,0.0,0.0,0.994,0.899
w10s-obj-off-s61,w10s-obj-off,61,156672,0.01,0.498,-1.0,-0.9783,0.0,0.0,0.0,0.0,0.997,0.898
w10s-obj-off-s61,w10s-obj-off,61,187392,0.02,0.473,-1.0,-0.95,0.0,0.0,0.0,0.0,0.998,0.897
w10s-obj-off-s61,w10s-obj-off,61,218112,0.0,0.454,-1.0,-0.9795,0.0,0.0,0.0,0.0,0.999,0.897
w10s-obj-off-s61,w10s-obj-off,61,248832,0.01,0.529,-1.0,-1.0,0.0,0.0,0.0,0.0,1.0,0.897
w10s-obj-off-s61,w10s-obj-off,61,279552,0.02,0.505,-1.0,-1.0,0.0,0.0,0.0,0.0,1.0,0.896
w10s-obj-off-s61,w10s-obj-off,61,310272,0.01,0.507,-1.0,-1.0,0.0,0.0,0.0,0.0,1.0,0.897
w10s-obj-off-s61,w10s-obj-off,61,340992,0.01,0.503,-1.0,-0.975,0.0,0.0,0.0,0.0,1.0,0.898
w10s-obj-off-s61,w10s-obj-off,61,371712,0.0,0.496,-1.0,-0.9752,0.0,0.0,0.0,0.0,1.0,0.9
w10s-obj-off-s61,w10s-obj-off,61,402432,0.0,0.475,-1.0,-1.0,0.0,0.0,0.0,0.0,1.0,0.901
w10s-obj-off-s61,w10s-obj-off,61,433152,0.0,0.507,-1.0,-0.9751,0.0,0.0,0.0,0.0,1.0,0.903
w10s-obj-off-s61,w10s-obj-off,61,463872,0.02,0.531,-1.0,-0.9797,0.0,0.0,0.0,0.0,1.0,0.904
w10s-obj-off-s61,w10s-obj-off,61,494592,0.03,0.531,-1.0,-1.0,0.0,0.0,0.0,0.0,1.0,0.905
w10s-obj-off-s61,w10s-obj-off,61,525312,0.05,0.544,-1.0,-1.0,0.0,0.0,0.0,0.0,1.0,0.907
w10s-obj-off-s61,w10s-obj-off,61,556032,0.01,0.524,-1.0,-1.0,0.0,0.0,0.0,0.0,1.0,0.908
w10s-obj-off-s61,w10s-obj-off,61,586752,0.02,0.501,-1.0,-1.0,0.0,0.0,0.0,0.0,1.0,0.91
w10s-obj-off-s61,w10s-obj-off,61,617472,0.03,0.471,-1.0,-0.9261,0.0,0.0,0.0,0.0,1.0,0.911
w10s-obj-off-s61,w10s-obj-off,61,648192,0.01,0.472,-1.0,-1.0,0.0,0.0,0.0,0.0,1.0,0.912
w10s-obj-off-s61,w10s-obj-off,61,678912,0.01,0.534,-1.0,-0.9521,0.0,0.0,0.0,0.0,1.0,0.913
w10s-obj-off-s61,w10s-obj-off,61,709632,0.0,0.534,-1.0,-1.0,0.0,0.0,0.0,0.0,1.0,0.913
w10s-obj-off-s61,w10s-obj-off,61,740352,0.03,0.522,-1.0,-0.975,0.0,0.0,0.0,0.0,1.0,0.914
w10s-obj-off-s61,w10s-obj-off,61,771072,0.01,0.47,-1.0,-0.9579,0.0,0.0,0.0,0.0,1.0,0.915
w10s-obj-off-s61,w10s-obj-off,61,801792,0.02,0.506,-1.0,-0.9752,0.0,0.0,0.0,0.0,1.0,0.915
w10s-obj-off-s61,w10s-obj-off,61,832512,0.01,0.519,-1.0,-0.8237,0.0,0.0,0.0,0.0,1.0,0.916
w10s-obj-off-s61,w10s-obj-off,61,863232,0.02,0.524,-1.0,-0.9555,0.0,0.0,0.0,0.0,1.0,0.917
w10s-obj-off-s61,w10s-obj-off,61,893952,0.04,0.554,-1.0,-0.9309,0.0,0.0,0.0,0.0,1.0,0.918
w10s-obj-off-s61,w10s-obj-off,61,924672,0.03,0.54,-1.0,-0.9333,0.0,0.0,0.0,0.0,1.0,0.919
w10s-obj-off-s61,w10s-obj-off,61,955392,0.01,0.521,-1.0,-0.9551,0.0,0.0,0.0,0.0,1.0,0.919
w10s-obj-off-s61,w10s-obj-off,61,986112,0.0,0.527,-1.0,-0.9304,0.0,0.0,0.0,0.0,1.0,0.92
w10s-obj-off-s61,w10s-obj-off,61,1016832,0.02,0.528,-1.0,-0.9096,0.0,0.0,0.0,0.0,1.0,0.92
w10s-obj-off-s61,w10s-obj-off,61,1047552,0.0,0.522,-1.0,-1.0,0.0,0.0,0.0,0.0,1.0,0.921
w10s-obj-off-s61,w10s-obj-off,61,1078272,0.03,0.502,-1.0,-0.979,0.0,0.0,0.0,0.0,1.0,0.921
w10s-obj-off-s61,w10s-obj-off,61,1108992,0.03,0.591,-1.0,-1.0,0.0,0.0,0.0,0.0,1.0,0.921
w10s-obj-off-s61,w10s-obj-off,61,1139712,0.02,0.511,-1.0,-1.0,0.0,0.0,0.0,0.0,1.0,0.921
w10s-obj-off-s61,w10s-obj-off,61,1170432,0.04,0.525,-1.0,-0.9289,0.0,0.0,0.0,0.0,1.0,0.921
w10s-obj-off-s61,w10s-obj-off,61,1201152,0.06,0.55,-1.0,-0.9555,0.0,0.0,0.0,0.0,1.0,0.921
w10s-obj-off-s61,w10s-obj-off,61,1231872,0.07,0.6,-1.0,-0.9291,0.0,0.0,0.0,0.0,1.0,0.921
w10s-obj-off-s61,w10s-obj-off,61,1262592,0.0,0.534,-1.0,-0.8812,0.0,0.0,0.0,0.0,1.0,0.921
w10s-obj-off-s61,w10s-obj-off,61,1293312,0.02,0.525,-1.0,-0.925,0.0,0.0,0.0,0.0,1.0,0.921
w10s-obj-off-s61,w10s-obj-off,61,1324032,0.04,0.507,-1.0,-0.9538,0.0,0.0,0.0,0.0,1.0,0.921
w10s-obj-off-s61,w10s-obj-off,61,1354752,0.01,0.521,-1.0,-0.952,0.0,0.0,0.0,0.0,1.0,0.921
w10s-obj-off-s61,w10s-obj-off,61,1385472,0.0,0.488,-1.0,-0.9544,0.0,0.0,0.0,0.0,1.0,0.921
w10s-obj-off-s61,w10s-obj-off,61,1416192,0.02,0.571,-1.0,-0.8849,0.0,0.0,0.0,0.0,1.0,0.921
w10s-obj-off-s61,w10s-obj-off,61,1446912,0.03,0.506,-1.0,-0.9769,0.0,0.0,0.0,0.0,1.0,0.921
w10s-obj-off-s61,w10s-obj-off,61,1477632,0.07,0.601,-1.0,-0.9308,0.0,0.0,0.0,0.0,1.0,0.922
w10s-obj-off-s61,w10s-obj-off,61,1508352,0.04,0.554,-1.0,-0.8574,0.0,0.0,0.0,0.0,1.0,0.922
w10s-obj-off-s61,w10s-obj-off,61,1539072,0.05,0.602,-1.0,-0.8858,0.0,0.0,0.0,0.0,1.0,0.922
w10s-obj-off-s61,w10s-obj-off,61,1569792,0.06,0.562,-1.0,-0.8366,0.0,0.0,0.0,0.0,1.0,0.923
w10s-obj-off-s61,w10s-obj-off,61,1600512,0.02,0.505,-1.0,-0.9316,0.0,0.0,0.0,0.0,1.0,0.923
w10s-obj-off-s61,w10s-obj-off,61,1631232,0.01,0.502,-1.0,-0.9308,0.0,0.0,0.0,0.0,1.0,0.924
w10s-obj-off-s61,w10s-obj-off,61,1661952,0.06,0.607,-1.0,-0.8813,0.0,0.0,0.0,0.0,1.0,0.924
w10s-obj-off-s61,w10s-obj-off,61,1692672,0.05,0.552,-1.0,-0.8781,0.0,0.0,0.0,0.0,1.0,0.924
w10s-obj-off-s61,w10s-obj-off,61,1723392,0.03,0.567,-1.0,-0.928,0.0,0.0,0.0,0.0,1.0,0.924
w10s-obj-off-s61,w10s-obj-off,61,1754112,0.05,0.549,-1.0,-0.9084,0.0,0.0,0.0,0.0,1.0,0.925
w10s-obj-off-s61,w10s-obj-off,61,1784832,0.07,0.472,-1.0,-0.975,0.0,0.0,0.0,0.0,1.0,0.925
w10s-obj-off-s61,w10s-obj-off,61,1815552,0.03,0.505,-1.0,-0.8593,0.0,0.0,0.0,0.0,1.0,0.926
w10s-obj-off-s61,w10s-obj-off,61,1846272,0.03,0.557,-1.0,-0.8415,0.0,0.0,0.0,0.0,1.0,0.926
w10s-obj-off-s61,w10s-obj-off,61,1876992,0.08,0.603,-1.0,-0.902,0.0,0.0,0.0,0.0,1.0,0.926
w10s-obj-off-s61,w10s-obj-off,61,1907712,0.02,0.561,-1.0,-0.9046,0.0,0.0,0.0,0.0,1.0,0.926
w10s-obj-off-s61,w10s-obj-off,61,1938432,0.04,0.521,-1.0,-0.9323,0.0,0.0,0.0,0.0,1.0,0.927
w10s-obj-off-s61,w10s-obj-off,61,1969152,0.06,0.596,-1.0,-0.8861,0.0,0.0,0.0,0.0,1.0,0.927
w10s-obj-off-s61,w10s-obj-off,61,1999872,0.04,0.511,-1.0,-0.8761,0.0,0.0,0.0,0.0,1.0,0.927
w10s-obj-off-s61,w10s-obj-off,61,2030592,0.01,0.491,-1.0,-0.7681,0.0,0.0,0.0,0.0,1.0,0.927
w10s-obj-off-s61,w10s-obj-off,61,2061312,0.05,0.564,-1.0,-0.8397,0.0,0.0,0.0,0.0,1.0,0.927
w10s-obj-off-s61,w10s-obj-off,61,2092032,0.12,0.599,-1.0,-0.9264,0.0,0.0,0.0,0.0,1.0,0.928
w10s-obj-off-s61,w10s-obj-off,61,2122752,0.06,0.548,-1.0,-0.9536,0.0,0.0,0.0,0.0,1.0,0.928
w10s-obj-off-s61,w10s-obj-off,61,2153472,0.05,0.53,-1.0,-0.9091,0.0,0.0,0.0,0.0,1.0,0.928
w10s-obj-off-s61,w10s-obj-off,61,2184192,0.02,0.519,-1.0,-0.9326,0.0,0.0,0.0,0.0,1.0,0.928
w10s-obj-off-s61,w10s-obj-off,61,2214912,0.08,0.539,-1.0,-0.8852,0.0,0.0,0.0,0.0,1.0,0.928
w10s-obj-off-s61,w10s-obj-off,61,2245632,0.06,0.534,-1.0,-0.8845,0.0,0.0,0.0,0.0,1.0,0.928
w10s-obj-off-s61,w10s-obj-off,61,2276352,0.04,0.561,-1.0,-0.8601,0.0,0.0,0.0,0.0,1.0,0.928
w10s-obj-off-s61,w10s-obj-off,61,2307072,0.05,0.552,-1.0,-0.8562,0.0,0.0,0.0,0.0,1.0,0.928
w10s-obj-off-s61,w10s-obj-off,61,2337792,0.05,0.535,-1.0,-0.8456,0.0,0.0,0.0,0.0,1.0,0.928
w10s-obj-off-s61,w10s-obj-off,61,2368512,0.06,0.533,-1.0,-0.8546,0.0,0.0,0.0,0.0,1.0,0.929
w10s-obj-off-s61,w10s-obj-off,61,2399232,0.06,0.517,-1.0,-0.7908,0.0,0.0,0.0,0.0,1.0,0.929
w10s-obj-off-s61,w10s-obj-off,61,2429952,0.03,0.539,-1.0,-0.8845,0.0,0.0,0.0,0.0,1.0,0.929
w10s-obj-off-s61,w10s-obj-off,61,2460672,0.08,0.621,-1.0,-0.839,0.0,0.0,0.0,0.0,1.0,0.929
w10s-obj-off-s61,w10s-obj-off,61,2491392,0.09,0.571,-1.0,-0.8118,0.0,0.0,0.0,0.0,1.0,0.929
w10s-obj-off-s61,w10s-obj-off,61,2522112,0.05,0.565,-1.0,-0.8145,0.0,0.0,0.0,0.0,1.0,0.929
w10s-obj-off-s61,w10s-obj-off,61,2552832,0.09,0.581,-1.0,-0.8548,0.0,0.0,0.0,0.0,1.0,0.929
w10s-obj-off-s61,w10s-obj-off,61,2583552,0.05,0.553,-1.0,-0.8608,0.0,0.0,0.0,0.0,1.0,0.929
w10s-obj-off-s61,w10s-obj-off,61,2614272,0.07,0.532,-1.0,-0.7911,0.0,0.0,0.0,0.0,1.0,0.93
w10s-obj-off-s61,w10s-obj-off,61,2644992,0.1,0.543,-1.0,-0.8319,0.0,0.0,0.0,0.0,1.0,0.93
w10s-obj-off-s61,w10s-obj-off,61,2675712,0.06,0.482,-1.0,-0.806,0.0,0.0,0.0,0.0,1.0,0.93
w10s-obj-off-s61,w10s-obj-off,61,2706432,0.07,0.56,-1.0,-0.8157,0.0,0.0,0.0,0.0,1.0,0.93
w10s-obj-off-s61,w10s-obj-off,61,2737152,0.05,0.551,-1.0,-0.8548,0.0,0.0,0.0,0.0,1.0,0.93
w10s-obj-off-s61,w10s-obj-off,61,2767872,0.08,0.52,-1.0,-0.8349,0.0,0.0,0.0,0.0,1.0,0.93
w10s-obj-off-s61,w10s-obj-off,61,2798592,0.03,0.527,-1.0,-0.7987,0.0,0.0,0.0,0.0,1.0,0.93
w10s-obj-off-s61,w10s-obj-off,61,2829312,0.04,0.522,-1.0,-0.9086,0.0,0.0,0.0,0.0,1.0,0.931
w10s-obj-off-s61,w10s-obj-off,61,2860032,0.08,0.576,-1.0,-0.7264,0.0,0.0,0.0,0.0,1.0,0.931
w10s-obj-off-s61,w10s-obj-off,61,2890752,0.05,0.516,-1.0,-0.9085,0.0,0.0,0.0,0.0,1.0,0.931
w10s-obj-off-s61,w10s-obj-off,61,2921472,0.04,0.557,-1.0,-0.836,0.0,0.0,0.0,0.0,1.0,0.931
w10s-obj-off-s61,w10s-obj-off,61,2952192,0.07,0.536,-1.0,-0.8178,0.0,0.0,0.0,0.0,1.0,0.931
w10s-obj-off-s61,w10s-obj-off,61,2982912,0.07,0.552,-1.0,-0.9151,0.0,0.0,0.0,0.0,1.0,0.931
w10s-obj-off-s61,w10s-obj-off,61,3013632,0.04,0.526,-1.0,-0.8627,0.0,0.0,0.0,0.0,1.0,0.931
w10s-obj-off-s61,w10s-obj-off,61,3044352,0.07,0.565,-1.0,-0.886,0.0,0.0,0.0,0.0,1.0,0.931
w10s-obj-off-s61,w10s-obj-off,61,3075072,0.06,0.564,-1.0,-0.7919,0.0,0.0,0.0,0.0,1.0,0.931
w10s-obj-off-s61,w10s-obj-off,61,3105792,0.04,0.508,-1.0,-0.784,0.0,0.0,0.0,0.0,1.0,0.931
w10s-obj-off-s61,w10s-obj-off,61,3136512,0.04,0.511,-1.0,-0.8399,0.0,0.0,0.0,0.0,1.0,0.931
w10s-obj-off-s61,w10s-obj-off,61,3167232,0.07,0.549,-1.0,-0.7415,0.0,0.0,0.0,0.0,1.0,0.931
w10s-obj-off-s61,w10s-obj-off,61,3197952,0.08,0.541,-1.0,-0.8844,0.0,0.0,0.0,0.0,1.0,0.932
w10s-obj-off-s61,w10s-obj-off,61,3228672,0.05,0.554,-1.0,-0.7248,0.0,0.0,0.0,0.0,1.0,0.932
w10s-obj-off-s61,w10s-obj-off,61,3259392,0.11,0.574,-1.0,-0.7861,0.0,0.0,0.0,0.0,1.0,0.932
w10s-obj-off-s61,w10s-obj-off,61,3290112,0.07,0.555,-1.0,-0.6474,0.0,0.0,0.0,0.0,1.0,0.932
w10s-obj-off-s61,w10s-obj-off,61,3320832,0.05,0.604,-1.0,-0.767,0.0,0.0,0.0,0.0,1.0,0.932
w10s-obj-off-s61,w10s-obj-off,61,3351552,0.09,0.538,-1.0,-0.7687,0.0,0.0,0.0,0.0,1.0,0.932
w10s-obj-off-s61,w10s-obj-off,61,3382272,0.06,0.517,-1.0,-0.8181,0.0,0.0,0.0,0.0,1.0,0.932
w10s-obj-off-s61,w10s-obj-off,61,3412992,0.16,0.622,-1.0,-0.8782,0.0,0.0,0.0,0.0,1.0,0.932
w10s-obj-off-s61,w10s-obj-off,61,3443712,0.12,0.591,-1.0,-0.7323,0.0,0.0,0.0,0.0,1.0,0.932
w10s-obj-off-s61,w10s-obj-off,61,3474432,0.03,0.491,-1.0,-0.6015,0.0,0.0,0.0,0.0,1.0,0.933
w10s-obj-off-s61,w10s-obj-off,61,3505152,0.12,0.602,-1.0,-0.682,0.0,0.0,0.0,0.0,1.0,0.933
w10s-obj-off-s61,w10s-obj-off,61,3535872,0.07,0.582,-1.0,-0.7661,0.0,0.0,0.0,0.0,1.0,0.933
w10s-obj-off-s61,w10s-obj-off,61,3566592,0.07,0.504,-1.0,-0.8599,0.0,0.0,0.0,0.0,1.0,0.933
w10s-obj-off-s61,w10s-obj-off,61,3597312,0.1,0.565,-1.0,-0.7677,0.0,0.0,0.0,0.0,1.0,0.933
w10s-obj-off-s61,w10s-obj-off,61,3628032,0.09,0.548,-1.0,-0.7983,0.0,0.0,0.0,0.0,1.0,0.933
w10s-obj-off-s61,w10s-obj-off,61,3658752,0.1,0.56,-1.0,-0.6715,0.0,0.0,0.0,0.0,1.0,0.933
w10s-obj-off-s61,w10s-obj-off,61,3689472,0.12,0.585,-1.0,-0.6752,0.0,0.0,0.0,0.0,1.0,0.933
w10s-obj-off-s61,w10s-obj-off,61,3720192,0.16,0.631,-1.0,-0.6476,0.0,0.0,0.0,0.0,1.0,0.933
w10s-obj-off-s61,w10s-obj-off,61,3750912,0.13,0.6,-1.0,-0.6361,0.0,0.0,0.0,0.0,1.0,0.933
w10s-obj-off-s61,w10s-obj-off,61,3781632,0.09,0.614,-1.0,-0.6487,0.0,0.0,0.0,0.0,1.0,0.934
w10s-obj-off-s61,w10s-obj-off,61,3812352,0.08,0.579,-1.0,-0.7957,0.0,0.0,0.0,0.0,1.0,0.933
w10s-obj-off-s61,w10s-obj-off,61,3843072,0.14,0.592,-1.0,-0.6943,0.0,0.0,0.0,0.0,1.0,0.934
w10s-obj-off-s61,w10s-obj-off,61,3873792,0.14,0.612,-1.0,-0.6553,0.0,0.0,0.0,0.0,1.0,0.934
w10s-obj-off-s61,w10s-obj-off,61,3904512,0.09,0.561,-1.0,-0.7466,0.0,0.0,0.0,0.0,1.0,0.934
w10s-obj-off-s61,w10s-obj-off,61,3935232,0.14,0.62,-1.0,-0.6342,0.0,0.0,0.0,0.0,1.0,0.934
w10s-obj-off-s61,w10s-obj-off,61,3965952,0.14,0.599,-1.0,-0.7219,0.0,0.0,0.0,0.0,1.0,0.934
w10s-obj-off-s61,w10s-obj-off,61,3996672,0.11,0.581,-1.0,-0.8553,0.0,0.0,0.0,0.0,1.0,0.934
w10s-obj-off-s61,w10s-obj-off,61,4027392,0.12,0.624,-1.0,-0.8143,0.0,0.0,0.0,0.0,1.0,0.934
w10s-obj-off-s61,w10s-obj-off,61,4058112,0.1,0.573,-1.0,-0.7276,0.0,0.0,0.0,0.0,1.0,0.934
w10s-obj-off-s61,w10s-obj-off,61,4088832,0.16,0.613,-1.0,-0.7441,0.0,0.0,0.0,0.0,1.0,0.934
w10s-obj-off-s61,w10s-obj-off,61,4119552,0.12,0.588,-1.0,-0.6937,0.0,0.0,0.0,0.0,1.0,0.934
w10s-obj-off-s61,w10s-obj-off,61,4150272,0.08,0.556,-1.0,-0.7215,0.0,0.0,0.0,0.0,1.0,0.934
w10s-obj-off-s61,w10s-obj-off,61,4180992,0.13,0.592,-1.0,-0.8118,0.0,0.0,0.0,0.0,1.0,0.934
w10s-obj-off-s61,w10s-obj-off,61,4211712,0.14,0.588,-1.0,-0.7558,0.0,0.0,0.0,0.0,1.0,0.934
w10s-obj-off-s61,w10s-obj-off,61,4242432,0.1,0.573,-1.0,-0.8104,0.0,0.0,0.0,0.0,1.0,0.935
w10s-obj-off-s61,w10s-obj-off,61,4273152,0.13,0.595,-1.0,-0.725,0.0,0.0,0.0,0.0,1.0,0.935
w10s-obj-off-s61,w10s-obj-off,61,4303872,0.15,0.621,-1.0,-0.7964,0.0,0.0,0.0,0.0,1.0,0.935
w10s-obj-off-s61,w10s-obj-off,61,4334592,0.09,0.578,-1.0,-0.7454,0.0,0.0,0.0,0.0,1.0,0.935
w10s-obj-off-s61,w10s-obj-off,61,4365312,0.12,0.577,-1.0,-0.79,0.0,0.0,0.0,0.0,1.0,0.935
w10s-obj-off-s61,w10s-obj-off,61,4396032,0.1,0.564,-1.0,-0.6295,0.0,0.0,0.0,0.0,1.0,0.935
w10s-obj-off-s61,w10s-obj-off,61,4426752,0.18,0.628,-1.0,-0.6791,0.0,0.0,0.0,0.0,1.0,0.935
w10s-obj-off-s61,w10s-obj-off,61,4457472,0.08,0.57,-1.0,-0.67,0.0,0.0,0.0,0.0,1.0,0.935
w10s-obj-off-s61,w10s-obj-off,61,4488192,0.18,0.648,-1.0,-0.5672,0.0,0.0,0.0,0.0,1.0,0.935
w10s-obj-off-s61,w10s-obj-off,61,4518912,0.16,0.606,-1.0,-0.6448,0.0,0.0,0.0,0.0,1.0,0.935
w10s-obj-off-s61,w10s-obj-off,61,4549632,0.22,0.669,-1.0,-0.7225,0.0,0.0,0.0,0.0,1.0,0.935
w10s-obj-off-s61,w10s-obj-off,61,4580352,0.13,0.578,-1.0,-0.6678,0.0,0.0,0.0,0.0,1.0,0.935
w10s-obj-off-s61,w10s-obj-off,61,4611072,0.18,0.642,-1.0,-0.4135,0.0,0.0,0.0,0.0,1.0,0.935
w10s-obj-off-s61,w10s-obj-off,61,4641792,0.17,0.63,-1.0,-0.6257,0.0,0.0,0.0,0.0,1.0,0.935
w10s-obj-off-s61,w10s-obj-off,61,4672512,0.17,0.622,-1.0,-0.5313,0.0,0.0,0.0,0.0,1.0,0.935
w10s-obj-off-s61,w10s-obj-off,61,4703232,0.17,0.649,-1.0,-0.5164,0.0,0.0,0.0,0.0,1.0,0.935
w10s-obj-off-s61,w10s-obj-off,61,4733952,0.24,0.685,-1.0,-0.7392,0.0,0.0,0.0,0.0,1.0,0.935
w10s-obj-off-s61,w10s-obj-off,61,4764672,0.18,0.682,-1.0,-0.6513,0.0,0.0,0.0,0.0,1.0,0.936
w10s-obj-off-s61,w10s-obj-off,61,4795392,0.11,0.562,-1.0,-0.5708,0.0,0.0,0.0,0.0,1.0,0.936
w10s-obj-off-s61,w10s-obj-off,61,4826112,0.16,0.578,-1.0,-0.6845,0.0,0.0,0.0,0.0,1.0,0.936
w10s-obj-off-s61,w10s-obj-off,61,4856832,0.16,0.613,-1.0,-0.5566,0.0,0.0,0.0,0.0,1.0,0.936
w10s-obj-off-s61,w10s-obj-off,61,4887552,0.19,0.671,-1.0,-0.6294,0.0,0.0,0.0,0.0,1.0,0.936
w10s-obj-off-s61,w10s-obj-off,61,4918272,0.18,0.638,-1.0,-0.5777,0.0,0.0,0.0,0.0,1.0,0.936
w10s-obj-off-s61,w10s-obj-off,61,4948992,0.26,0.73,-1.0,-0.7476,0.0,0.0,0.0,0.0,1.0,0.936
w10s-obj-off-s61,w10s-obj-off,61,4979712,0.17,0.639,-1.0,-0.5002,0.0,0.0,0.0,0.0,1.0,0.936
w10s-obj-off-s61,w10s-obj-off,61,5010432,0.19,0.636,-1.0,-0.5656,0.0,0.0,0.0,0.0,1.0,0.936
w10s-obj-off-s61,w10s-obj-off,61,5041152,0.18,0.629,-1.0,-0.5825,0.0,0.0,0.0,0.0,1.0,0.936
w10s-obj-off-s61,w10s-obj-off,61,5071872,0.21,0.641,-1.0,-0.5816,0.0,0.0,0.0,0.0,1.0,0.936
w10s-obj-off-s61,w10s-obj-off,61,5102592,0.23,0.657,-1.0,-0.6948,0.0,0.0,0.0,0.0,1.0,0.936
w10s-obj-off-s61,w10s-obj-off,61,5133312,0.1,0.549,-1.0,-0.5841,0.0,0.0,0.0,0.0,1.0,0.936
w10s-obj-off-s61,w10s-obj-off,61,5164032,0.15,0.63,-1.0,-0.2891,0.0,0.0,0.0,0.0,1.0,0.936
w10s-obj-off-s61,w10s-obj-off,61,5194752,0.24,0.66,-1.0,-0.4214,0.0,0.0,0.0,0.0,1.0,0.936
w10s-obj-off-s61,w10s-obj-off,61,5225472,0.24,0.702,-1.0,-0.4194,0.0,0.0,0.0,0.0,1.0,0.936
w10s-obj-off-s61,w10s-obj-off,61,5256192,0.16,0.613,-1.0,-0.4985,0.0,0.0,0.0,0.0,1.0,0.936
w10s-obj-off-s61,w10s-obj-off,61,5286912,0.29,0.732,-1.0,-0.456,0.0,0.0,0.0,0.0,1.0,0.936
w10s-obj-off-s61,w10s-obj-off,61,5317632,0.25,0.703,-1.0,-0.4995,0.0,0.0,0.0,0.0,1.0,0.936
w10s-obj-off-s61,w10s-obj-off,61,5348352,0.25,0.712,-1.0,-0.5009,0.0,0.0,0.0,0.0,1.0,0.936
w10s-obj-off-s61,w10s-obj-off,61,5379072,0.26,0.705,-1.0,-0.6092,0.0,0.0,0.0,0.0,1.0,0.936
w10s-obj-off-s61,w10s-obj-off,61,5409792,0.24,0.713,-1.0,-0.425,0.0,0.0,0.0,0.0,1.0,0.936
w10s-obj-off-s61,w10s-obj-off,61,5440512,0.21,0.657,-1.0,-0.6533,0.0,0.0,0.0,0.0,1.0,0.936
w10s-obj-off-s61,w10s-obj-off,61,5471232,0.31,0.716,-1.0,-0.5013,0.0,0.0,0.0,0.0,1.0,0.936
w10s-obj-off-s61,w10s-obj-off,61,5501952,0.2,0.644,-1.0,-0.4994,0.0,0.0,0.0,0.0,1.0,0.936
w10s-obj-off-s61,w10s-obj-off,61,5532672,0.22,0.716,-1.0,-0.2718,0.0,0.0,0.0,0.0,1.0,0.936
w10s-obj-off-s61,w10s-obj-off,61,5563392,0.2,0.674,-1.0,-0.389,0.0,0.0,0.0,0.0,1.0,0.936
w10s-obj-off-s61,w10s-obj-off,61,5594112,0.22,0.692,-1.0,-0.5003,0.0,0.0,0.0,0.0,1.0,0.936
w10s-obj-off-s61,w10s-obj-off,61,5624832,0.18,0.618,-1.0,-0.4928,0.0,0.0,0.0,0.0,1.0,0.936
w10s-obj-off-s61,w10s-obj-off,61,5655552,0.19,0.668,-1.0,-0.3694,0.0,0.0,0.0,0.0,1.0,0.936
w10s-obj-off-s61,w10s-obj-off,61,5686272,0.23,0.721,-1.0,-0.3549,0.0,0.0,0.0,0.0,1.0,0.936
w10s-obj-off-s61,w10s-obj-off,61,5716992,0.34,0.793,-1.0,-0.3473,0.0,0.0,0.0,0.0,1.0,0.936
w10s-obj-off-s61,w10s-obj-off,61,5747712,0.18,0.61,-1.0,-0.4908,0.0,0.0,0.0,0.0,1.0,0.936
w10s-obj-off-s61,w10s-obj-off,61,5778432,0.21,0.631,-1.0,-0.5082,0.0,0.0,0.0,0.0,1.0,0.936
w10s-obj-off-s61,w10s-obj-off,61,5809152,0.2,0.662,-1.0,-0.4573,0.0,0.0,0.0,0.0,1.0,0.936
w10s-obj-off-s61,w10s-obj-off,61,5839872,0.28,0.749,-1.0,-0.3495,0.0,0.0,0.0,0.0,1.0,0.936
w10s-obj-off-s61,w10s-obj-off,61,5870592,0.27,0.707,-1.0,-0.3999,0.0,0.0,0.0,0.0,1.0,0.936
w10s-obj-off-s61,w10s-obj-off,61,5901312,0.22,0.692,-1.0,-0.3541,0.0,0.0,0.0,0.0,1.0,0.936
w10s-obj-off-s61,w10s-obj-off,61,5932032,0.31,0.759,-1.0,-0.3383,0.0,0.0,0.0,0.0,1.0,0.936
w10s-obj-off-s61,w10s-obj-off,61,5962752,0.25,0.724,-1.0,-0.5306,0.0,0.0,0.0,0.0,1.0,0.936
w10s-obj-off-s61,w10s-obj-off,61,5993472,0.3,0.716,-1.0,-0.4049,0.0,0.0,0.0,0.0,1.0,0.936
w10s-obj-off-s61,w10s-obj-off,61,6024192,0.24,0.718,-1.0,-0.5953,0.0,0.0,0.0,0.0,1.0,0.936
w10s-obj-off-s61,w10s-obj-off,61,6054912,0.28,0.721,-1.0,-0.4151,0.0,0.0,0.0,0.0,1.0,0.936
w10s-obj-off-s61,w10s-obj-off,61,6085632,0.29,0.703,-1.0,-0.3323,0.0,0.0,0.0,0.0,1.0,0.936
w10s-obj-off-s61,w10s-obj-off,61,6116352,0.28,0.73,-1.0,-0.444,0.0,0.0,0.0,0.0,1.0,0.936
w10s-obj-off-s61,w10s-obj-off,61,6147072,0.23,0.674,-1.0,-0.4082,0.0,0.0,0.0,0.0,1.0,0.936
w10s-obj-off-s61,w10s-obj-off,61,6177792,0.26,0.694,-1.0,-0.4842,0.0,0.0,0.0,0.0,1.0,0.936
w10s-obj-off-s61,w10s-obj-off,61,6208512,0.26,0.672,-1.0,-0.312,0.0,0.0,0.0,0.0,1.0,0.936
w10s-obj-off-s61,w10s-obj-off,61,6239232,0.26,0.709,-1.0,-0.5399,0.0,0.0,0.0,0.0,1.0,0.936
w10s-obj-off-s61,w10s-obj-off,61,6269952,0.28,0.716,-1.0,-0.4023,0.0,0.0,0.0,0.0,1.0,0.936
w10s-obj-off-s61,w10s-obj-off,61,6300672,0.37,0.795,-1.0,-0.4378,0.0,0.0,0.0,0.0,1.0,0.936
w10s-obj-off-s61,w10s-obj-off,61,6331392,0.23,0.69,-1.0,-0.3429,0.0,0.0,0.0,0.0,1.0,0.936
w10s-obj-off-s61,w10s-obj-off,61,6362112,0.31,0.768,-1.0,-0.23,0.0,0.0,0.0,0.0,1.0,0.936
w10s-obj-off-s61,w10s-obj-off,61,6392832,0.22,0.673,-1.0,-0.3959,0.0,0.0,0.0,0.0,1.0,0.936
w10s-obj-off-s61,w10s-obj-off,61,6423552,0.27,0.737,-1.0,-0.181,0.0,0.0,0.0,0.0,1.0,0.936
w10s-obj-off-s61,w10s-obj-off,61,6454272,0.38,0.803,-1.0,-0.2777,0.0,0.0,0.0,0.0,1.0,0.936
w10s-obj-off-s61,w10s-obj-off,61,6484992,0.21,0.66,-1.0,-0.2028,0.0,0.0,0.0,0.0,1.0,0.936
w10s-obj-off-s61,w10s-obj-off,61,6515712,0.18,0.638,-1.0,-0.2205,0.0,0.0,0.0,0.0,1.0,0.936
w10s-obj-off-s61,w10s-obj-off,61,6546432,0.35,0.795,-1.0,-0.2285,0.0,0.0,0.0,0.0,1.0,0.936
w10s-obj-off-s61,w10s-obj-off,61,6577152,0.3,0.751,-1.0,-0.3797,0.0,0.0,0.0,0.0,1.0,0.936
w10s-obj-off-s61,w10s-obj-off,61,6607872,0.29,0.719,-1.0,-0.3114,0.0,0.0,0.0,0.0,1.0,0.936
w10s-obj-off-s61,w10s-obj-off,61,6638592,0.36,0.741,-1.0,-0.1969,0.0,0.0,0.0,0.0,1.0,0.936
w10s-obj-off-s61,w10s-obj-off,61,6669312,0.32,0.744,-1.0,-0.3678,0.0,0.0,0.0,0.0,1.0,0.936
w10s-obj-off-s61,w10s-obj-off,61,6700032,0.28,0.725,-1.0,-0.1416,0.0,0.0,0.0,0.0,1.0,0.936
w10s-obj-off-s61,w10s-obj-off,61,6730752,0.22,0.617,-1.0,-0.4578,0.0,0.0,0.0,0.0,1.0,0.935
w10s-obj-off-s61,w10s-obj-off,61,6761472,0.41,0.818,-1.0,-0.3952,0.0,0.0,0.0,0.0,1.0,0.935
w10s-obj-off-s61,w10s-obj-off,61,6792192,0.28,0.712,-1.0,-0.4592,0.0,0.0,0.0,0.0,1.0,0.935
w10s-obj-off-s61,w10s-obj-off,61,6822912,0.29,0.764,-1.0,-0.0403,0.0,0.0,0.0,0.0,1.0,0.935
w10s-obj-off-s61,w10s-obj-off,61,6853632,0.26,0.715,-1.0,-0.17,0.0,0.0,0.0,0.0,1.0,0.935
w10s-obj-off-s61,w10s-obj-off,61,6884352,0.37,0.813,-1.0,-0.2013,0.0,0.0,0.0,0.0,1.0,0.935
w10s-obj-off-s61,w10s-obj-off,61,6915072,0.27,0.719,-1.0,-0.1023,0.0,0.0,0.0,0.0,1.0,0.935
w10s-obj-off-s61,w10s-obj-off,61,6945792,0.33,0.769,-1.0,-0.2623,0.0,0.0,0.0,0.0,1.0,0.935
w10s-obj-off-s61,w10s-obj-off,61,6976512,0.31,0.726,-1.0,-0.3671,0.0,0.0,0.0,0.0,1.0,0.935
w10s-obj-off-s61,w10s-obj-off,61,7007232,0.29,0.711,-1.0,-0.1276,0.0,0.0,0.0,0.0,1.0,0.935
w10s-obj-off-s61,w10s-obj-off,61,7037952,0.36,0.778,-1.0,-0.2878,0.0,0.0,0.0,0.0,1.0,0.935
w10s-obj-off-s61,w10s-obj-off,61,7068672,0.34,0.758,-1.0,-0.2955,0.0,0.0,0.0,0.0,1.0,0.935
w10s-obj-off-s61,w10s-obj-off,61,7099392,0.34,0.783,-1.0,-0.1048,0.0,0.0,0.0,0.0,1.0,0.935
w10s-obj-off-s61,w10s-obj-off,61,7130112,0.34,0.759,-1.0,-0.0976,0.0,0.0,0.0,0.0,1.0,0.935
w10s-obj-off-s61,w10s-obj-off,61,7160832,0.34,0.778,-1.0,-0.2043,0.0,0.0,0.0,0.0,1.0,0.935
w10s-obj-off-s61,w10s-obj-off,61,7191552,0.38,0.81,-1.0,-0.297,0.0,0.0,0.0,0.0,1.0,0.935
w10s-obj-off-s61,w10s-obj-off,61,7222272,0.45,0.871,-1.0,-0.1663,0.0,0.0,0.0,0.0,1.0,0.935
w10s-obj-off-s61,w10s-obj-off,61,7252992,0.34,0.784,-1.0,-0.0599,0.0,0.0,0.0,0.0,1.0,0.935
w10s-obj-off-s61,w10s-obj-off,61,7283712,0.39,0.809,-1.0,-0.4422,0.0,0.0,0.0,0.0,1.0,0.935
w10s-obj-off-s61,w10s-obj-off,61,7314432,0.31,0.783,-1.0,-0.2042,0.0,0.0,0.0,0.0,1.0,0.935
w10s-obj-off-s61,w10s-obj-off,61,7345152,0.33,0.768,-1.0,-0.2586,0.0,0.0,0.0,0.0,1.0,0.935
w10s-obj-off-s61,w10s-obj-off,61,7375872,0.32,0.759,-1.0,-0.2384,0.0,0.0,0.0,0.0,1.0,0.935
w10s-obj-off-s61,w10s-obj-off,61,7406592,0.41,0.87,-1.0,-0.1848,0.0,0.0,0.0,0.0,1.0,0.934
w10s-obj-off-s61,w10s-obj-off,61,7437312,0.29,0.721,-1.0,0.0047,0.0,0.0,0.0,0.0,1.0,0.934
w10s-obj-off-s61,w10s-obj-off,61,7468032,0.27,0.723,-1.0,-0.2898,0.0,0.0,0.0,0.0,1.0,0.934
w10s-obj-off-s61,w10s-obj-off,61,7498752,0.38,0.786,-1.0,-0.0966,0.0,0.0,0.0,0.0,1.0,0.934
w10s-obj-off-s61,w10s-obj-off,61,7529472,0.34,0.778,-1.0,-0.1719,0.0,0.0,0.0,0.0,1.0,0.934
w10s-obj-off-s61,w10s-obj-off,61,7560192,0.27,0.724,-1.0,-0.2085,0.0,0.0,0.0,0.0,1.0,0.934
w10s-obj-off-s61,w10s-obj-off,61,7590912,0.37,0.825,-1.0,-0.1124,0.0,0.0,0.0,0.0,1.0,0.934
w10s-obj-off-s61,w10s-obj-off,61,7621632,0.44,0.866,-1.0,-0.1479,0.0,0.0,0.0,0.0,1.0,0.934
w10s-obj-off-s61,w10s-obj-off,61,7652352,0.35,0.772,-1.0,-0.0886,0.0,0.0,0.0,0.0,1.0,0.934
w10s-obj-off-s61,w10s-obj-off,61,7683072,0.45,0.872,-1.0,-0.039,0.0,0.0,0.0,0.0,1.0,0.934
w10s-obj-off-s61,w10s-obj-off,61,7713792,0.36,0.79,-1.0,-0.257,0.0,0.0,0.0,0.0,1.0,0.934
w10s-obj-off-s61,w10s-obj-off,61,7744512,0.37,0.784,-1.0,-0.1663,0.0,0.0,0.0,0.0,1.0,0.934
w10s-obj-off-s61,w10s-obj-off,61,7775232,0.32,0.742,-1.0,-0.1156,0.0,0.0,0.0,0.0,1.0,0.934
w10s-obj-off-s61,w10s-obj-off,61,7805952,0.34,0.785,-1.0,-0.1989,0.0,0.0,0.0,0.0,1.0,0.934
w10s-obj-off-s61,w10s-obj-off,61,7836672,0.32,0.768,-1.0,-0.0231,0.0,0.0,0.0,0.0,1.0,0.933
w10s-obj-off-s61,w10s-obj-off,61,7867392,0.43,0.859,-1.0,0.0316,0.0,0.0,0.0,0.0,1.0,0.933
w10s-obj-off-s61,w10s-obj-off,61,7898112,0.4,0.865,-1.0,-0.054,0.0,0.0,0.0,0.0,1.0,0.933
w10s-obj-off-s61,w10s-obj-off,61,7928832,0.42,0.888,-1.0,-0.1477,0.0,0.0,0.0,0.0,1.0,0.933
w10s-obj-off-s61,w10s-obj-off,61,7959552,0.4,0.834,-1.0,-0.1604,0.0,0.0,0.0,0.0,1.0,0.933
w10s-obj-off-s61,w10s-obj-off,61,7990272,0.4,0.831,-1.0,-0.1545,0.0,0.0,0.0,0.0,1.0,0.933
w10s-obj-off-s61,w10s-obj-off,61,8020992,0.43,0.872,-1.0,-0.0965,0.0,0.0,0.0,0.0,1.0,0.933
w10s-obj-off-s61,w10s-obj-off,61,8051712,0.41,0.849,-1.0,-0.0876,0.0,0.0,0.0,0.0,1.0,0.933
w10s-obj-off-s61,w10s-obj-off,61,8082432,0.32,0.781,-1.0,0.0308,0.0,0.0,0.0,0.0,1.0,0.933
w10s-obj-off-s61,w10s-obj-off,61,8113152,0.42,0.884,-1.0,0.0458,0.0,0.0,0.0,0.0,1.0,0.933
w10s-obj-off-s61,w10s-obj-off,61,8143872,0.36,0.792,-1.0,-0.1803,0.0,0.0,0.0,0.0,1.0,0.933
w10s-obj-off-s61,w10s-obj-off,61,8174592,0.33,0.747,-1.0,0.0081,0.0,0.0,0.0,0.0,1.0,0.932
w10s-obj-off-s61,w10s-obj-off,61,8205312,0.37,0.8,-1.0,-0.2402,0.0,0.0,0.0,0.0,1.0,0.932
w10s-obj-off-s61,w10s-obj-off,61,8236032,0.48,0.892,-1.0,-0.3191,0.0,0.0,0.0,0.0,1.0,0.932
w10s-obj-off-s61,w10s-obj-off,61,8266752,0.41,0.857,-1.0,-0.1694,0.0,0.0,0.0,0.0,1.0,0.932
w10s-obj-off-s61,w10s-obj-off,61,8297472,0.44,0.906,-1.0,-0.3172,0.0,0.0,0.0,0.0,1.0,0.932
w10s-obj-off-s61,w10s-obj-off,61,8328192,0.32,0.76,-1.0,-0.0095,0.0,0.0,0.0,0.0,1.0,0.932
w10s-obj-off-s61,w10s-obj-off,61,8358912,0.36,0.85,-1.0,-0.1281,0.0,0.0,0.0,0.0,1.0,0.932
w10s-obj-off-s61,w10s-obj-off,61,8389632,0.44,0.845,-1.0,-0.159,0.0,0.0,0.0,0.0,1.0,0.932
w10s-obj-off-s61,w10s-obj-off,61,8420352,0.44,0.883,-1.0,0.0934,0.0,0.0,0.0,0.0,1.0,0.932
w10s-obj-off-s61,w10s-obj-off,61,8451072,0.36,0.809,-1.0,-0.0465,0.0,0.0,0.0,0.0,1.0,0.932
w10s-obj-off-s61,w10s-obj-off,61,8481792,0.41,0.799,-1.0,-0.0798,0.0,0.0,0.0,0.0,1.0,0.932
w10s-obj-off-s61,w10s-obj-off,61,8512512,0.49,0.872,-1.0,-0.4351,0.0,0.0,0.0,0.0,1.0,0.932
w10s-obj-off-s61,w10s-obj-off,61,8543232,0.46,0.921,-1.0,-0.2145,0.0,0.0,0.0,0.0,1.0,0.931
w10s-obj-off-s61,w10s-obj-off,61,8573952,0.44,0.886,-1.0,-0.102,0.0,0.0,0.0,0.0,1.0,0.931
w10s-obj-off-s61,w10s-obj-off,61,8604672,0.42,0.836,-1.0,-0.0591,0.0,0.0,0.0,0.0,1.0,0.931
w10s-obj-off-s61,w10s-obj-off,61,8635392,0.46,0.873,-1.0,-0.0304,0.0,0.0,0.0,0.0,1.0,0.931
w10s-obj-off-s61,w10s-obj-off,61,8666112,0.33,0.781,-1.0,0.13,0.0,0.0,0.0,0.0,1.0,0.931
w10s-obj-off-s61,w10s-obj-off,61,8696832,0.46,0.877,-1.0,0.2469,0.0,0.0,0.0,0.0,1.0,0.931
w10s-obj-off-s61,w10s-obj-off,61,8727552,0.35,0.819,-1.0,-0.1627,0.0,0.0,0.0,0.0,1.0,0.931
w10s-obj-off-s61,w10s-obj-off,61,8758272,0.39,0.859,-1.0,0.1529,0.0,0.0,0.0,0.0,1.0,0.931
w10s-obj-off-s61,w10s-obj-off,61,8788992,0.48,0.886,-1.0,-0.3376,0.0,0.0,0.0,0.0,1.0,0.931
w10s-obj-off-s61,w10s-obj-off,61,8819712,0.42,0.852,-1.0,-0.058,0.0,0.0,0.0,0.0,1.0,0.931
w10s-obj-off-s61,w10s-obj-off,61,8850432,0.47,0.934,-1.0,0.0367,0.0,0.0,0.0,0.0,1.0,0.931
w10s-obj-off-s61,w10s-obj-off,61,8881152,0.48,0.906,-1.0,-0.2123,0.0,0.0,0.0,0.0,1.0,0.93
w10s-obj-off-s61,w10s-obj-off,61,8911872,0.4,0.816,-1.0,-0.1017,0.0,0.0,0.0,0.0,1.0,0.93
w10s-obj-off-s61,w10s-obj-off,61,8942592,0.31,0.8,-1.0,-0.18,0.0,0.0,0.0,0.0,1.0,0.93
w10s-obj-off-s61,w10s-obj-off,61,8973312,0.49,0.91,-1.0,-0.0038,0.0,0.0,0.0,0.0,1.0,0.93
w10s-obj-off-s61,w10s-obj-off,61,9004032,0.33,0.808,-1.0,-0.0399,0.0,0.0,0.0,0.0,1.0,0.93
w10s-obj-off-s61,w10s-obj-off,61,9034752,0.43,0.852,-1.0,-0.064,0.0,0.0,0.0,0.0,1.0,0.93
w10s-obj-off-s61,w10s-obj-off,61,9065472,0.54,0.972,-1.0,-0.2081,0.0,0.0,0.0,0.0,1.0,0.93
w10s-obj-off-s61,w10s-obj-off,61,9096192,0.42,0.846,-1.0,0.0628,0.0,0.0,0.0,0.0,1.0,0.93
w10s-obj-off-s61,w10s-obj-off,61,9126912,0.5,0.942,-1.0,0.0464,0.0,0.0,0.0,0.0,1.0,0.93
w10s-obj-off-s61,w10s-obj-off,61,9157632,0.39,0.842,-1.0,-0.0012,0.0,0.0,0.0,0.0,1.0,0.93
w10s-obj-off-s61,w10s-obj-off,61,9188352,0.47,0.913,-1.0,0.0827,0.0,0.0,0.0,0.0,1.0,0.93
w10s-obj-off-s61,w10s-obj-off,61,9219072,0.39,0.817,-1.0,-0.0211,0.0,0.0,0.0,0.0,1.0,0.93
w10s-obj-off-s61,w10s-obj-off,61,9249792,0.45,0.906,-1.0,-0.1222,0.0,0.0,0.0,0.0,1.0,0.93
w10s-obj-off-s61,w10s-obj-off,61,9280512,0.47,0.925,-1.0,-0.0025,0.0,0.0,0.0,0.0,1.0,0.929
w10s-obj-off-s61,w10s-obj-off,61,9311232,0.5,0.952,-1.0,0.1379,0.0,0.0,0.0,0.0,1.0,0.929
w10s-obj-off-s61,w10s-obj-off,61,9341952,0.39,0.855,-1.0,0.0426,0.0,0.0,0.0,0.0,1.0,0.929
w10s-obj-off-s61,w10s-obj-off,61,9372672,0.47,0.946,-1.0,0.1254,0.0,0.0,0.0,0.0,1.0,0.929
w10s-obj-off-s61,w10s-obj-off,61,9403392,0.46,0.957,-1.0,0.3084,0.0,0.0,0.0,0.0,1.0,0.929
w10s-obj-off-s61,w10s-obj-off,61,9434112,0.48,0.933,-1.0,-0.2321,0.0,0.0,0.0,0.0,1.0,0.929
w10s-obj-off-s61,w10s-obj-off,61,9464832,0.43,0.883,-1.0,-0.1337,0.0,0.0,0.0,0.0,1.0,0.929
w10s-obj-off-s61,w10s-obj-off,61,9495552,0.52,0.993,-1.0,0.0591,0.0,0.0,0.0,0.0,1.0,0.929
w10s-obj-off-s61,w10s-obj-off,61,9526272,0.47,0.95,-1.0,0.2795,0.0,0.0,0.0,0.0,1.0,0.929
w10s-obj-off-s61,w10s-obj-off,61,9556992,0.45,0.904,-1.0,-0.0061,0.0,0.0,0.0,0.0,1.0,0.929
w10s-obj-off-s61,w10s-obj-off,61,9587712,0.48,0.961,-1.0,0.0972,0.0,0.0,0.0,0.0,1.0,0.929
w10s-obj-off-s61,w10s-obj-off,61,9618432,0.52,0.984,-1.0,0.1341,0.0,0.0,0.0,0.0,1.0,0.928
w10s-obj-off-s61,w10s-obj-off,61,9649152,0.45,0.877,-1.0,0.0812,0.0,0.0,0.0,0.0,1.0,0.928
w10s-obj-off-s61,w10s-obj-off,61,9679872,0.5,0.975,-1.0,0.1659,0.0,0.0,0.0,0.0,1.0,0.928
w10s-obj-off-s61,w10s-obj-off,61,9710592,0.48,0.992,-1.0,0.2557,0.0,0.0,0.0,0.0,1.0,0.928
w10s-obj-off-s61,w10s-obj-off,61,9741312,0.44,0.901,-1.0,0.0262,0.0,0.0,0.0,0.0,1.0,0.928
w10s-obj-off-s61,w10s-obj-off,61,9772032,0.45,0.892,-1.0,-0.0573,0.0,0.0,0.0,0.0,1.0,0.928
w10s-obj-off-s61,w10s-obj-off,61,9802752,0.47,0.915,-1.0,0.2422,0.0,0.0,0.0,0.0,1.0,0.928
w10s-obj-off-s61,w10s-obj-off,61,9833472,0.48,0.931,-1.0,0.0924,0.0,0.0,0.0,0.0,1.0,0.928
w10s-obj-off-s61,w10s-obj-off,61,9864192,0.48,0.924,-1.0,0.0989,0.0,0.0,0.0,0.0,1.0,0.928
w10s-obj-off-s61,w10s-obj-off,61,9894912,0.43,0.883,-1.0,0.1258,0.0,0.0,0.0,0.0,1.0,0.928
w10s-obj-off-s61,w10s-obj-off,61,9925632,0.45,0.914,-1.0,-0.0692,0.0,0.0,0.0,0.0,1.0,0.928
w10s-obj-off-s61,w10s-obj-off,61,9956352,0.41,0.854,-1.0,0.1004,0.0,0.0,0.0,0.0,1.0,0.928
w10s-obj-off-s61,w10s-obj-off,61,9987072,0.46,0.95,-1.0,0.0617,0.0,0.0,0.0,0.0,1.0,0.927
w10s-obj-off-s61,w10s-obj-off,61,10017792,0.33,0.835,-1.0,0.2226,0.0,0.0,0.0,0.0,1.0,0.927
w10s-obj-off-s61,w10s-obj-off,61,10048512,0.47,0.924,-1.0,0.0461,0.0,0.0,0.0,0.0,1.0,0.927
w10s-obj-off-s61,w10s-obj-off,61,10079232,0.51,0.951,-1.0,0.0274,0.0,0.0,0.0,0.0,1.0,0.927
w10s-obj-off-s61,w10s-obj-off,61,10109952,0.49,0.946,-1.0,0.0253,0.0,0.0,0.0,0.0,1.0,0.927
w10s-obj-off-s61,w10s-obj-off,61,10140672,0.47,0.939,-1.0,0.2033,0.0,0.0,0.0,0.0,1.0,0.927
w10s-obj-off-s61,w10s-obj-off,61,10171392,0.56,1.012,-1.0,0.2377,0.0,0.0,0.0,0.0,1.0,0.927
w10s-obj-off-s61,w10s-obj-off,61,10202112,0.52,0.959,-1.0,0.1888,0.0,0.0,0.0,0.0,1.0,0.927
w10s-obj-off-s61,w10s-obj-off,61,10232832,0.5,0.97,-1.0,0.3136,0.0,0.0,0.0,0.0,1.0,0.927
w10s-obj-off-s61,w10s-obj-off,61,10263552,0.57,1.014,-1.0,0.1208,0.0,0.0,0.0,0.0,1.0,0.927
w10s-obj-off-s61,w10s-obj-off,61,10294272,0.42,0.891,-1.0,0.0614,0.0,0.0,0.0,0.0,1.0,0.927
w10s-obj-off-s61,w10s-obj-off,61,10324992,0.51,0.946,-1.0,0.1319,0.0,0.0,0.0,0.0,1.0,0.927
w10s-obj-off-s61,w10s-obj-off,61,10355712,0.46,0.926,-1.0,0.2108,0.0,0.0,0.0,0.0,1.0,0.927
w10s-obj-off-s61,w10s-obj-off,61,10386432,0.53,0.98,-1.0,0.3149,0.0,0.0,0.0,0.0,1.0,0.926
w10s-obj-off-s61,w10s-obj-off,61,10417152,0.47,0.924,-1.0,0.0919,0.0,0.0,0.0,0.0,1.0,0.926
w10s-obj-off-s61,w10s-obj-off,61,10447872,0.49,0.945,-1.0,0.1729,0.0,0.0,0.0,0.0,1.0,0.926
w10s-obj-off-s61,w10s-obj-off,61,10478592,0.46,0.936,-1.0,0.0021,0.0,0.0,0.0,0.0,1.0,0.926
w10s-obj-off-s61,w10s-obj-off,61,10509312,0.58,1.008,-1.0,0.1612,0.0,0.0,0.0,0.0,1.0,0.926
w10s-obj-off-s61,w10s-obj-off,61,10540032,0.56,1.036,-1.0,0.2084,0.0,0.0,0.0,0.0,1.0,0.926
w10s-obj-off-s61,w10s-obj-off,61,10570752,0.59,1.05,-1.0,0.2641,0.0,0.0,0.0,0.0,1.0,0.926
w10s-obj-off-s61,w10s-obj-off,61,10601472,0.53,1.003,-1.0,0.0741,0.0,0.0,0.0,0.0,1.0,0.926
w10s-obj-off-s61,w10s-obj-off,61,10632192,0.63,1.09,-1.0,0.3067,0.0,0.0,0.0,0.0,1.0,0.926
w10s-obj-off-s61,w10s-obj-off,61,10662912,0.56,1.022,-1.0,0.1121,0.0,0.0,0.0,0.0,1.0,0.926
w10s-obj-off-s61,w10s-obj-off,61,10693632,0.52,1.01,-1.0,0.1734,0.0,0.0,0.0,0.0,1.0,0.926
w10s-obj-off-s61,w10s-obj-off,61,10724352,0.54,0.973,-1.0,0.2251,0.0,0.0,0.0,0.0,1.0,0.926
w10s-obj-off-s61,w10s-obj-off,61,10755072,0.56,1.019,-1.0,0.2205,0.0,0.0,0.0,0.0,1.0,0.925
w10s-obj-off-s61,w10s-obj-off,61,10785792,0.58,1.021,-1.0,0.4191,0.0,0.0,0.0,0.0,1.0,0.925
w10s-obj-off-s61,w10s-obj-off,61,10816512,0.59,1.074,-1.0,0.363,0.0,0.0,0.0,0.0,1.0,0.925
w10s-obj-off-s61,w10s-obj-off,61,10847232,0.52,0.977,-1.0,0.204,0.0,0.0,0.0,0.0,1.0,0.925
w10s-obj-off-s61,w10s-obj-off,61,10877952,0.57,1.035,-1.0,0.0037,0.0,0.0,0.0,0.0,1.0,0.925
w10s-obj-off-s61,w10s-obj-off,61,10908672,0.44,0.912,-1.0,0.6092,0.0,0.0,0.0,0.0,1.0,0.925
w10s-obj-off-s61,w10s-obj-off,61,10939392,0.49,0.958,-1.0,0.531,0.0,0.0,0.0,0.0,1.0,0.925
w10s-obj-off-s61,w10s-obj-off,61,10970112,0.56,0.997,-1.0,0.244,0.0,0.0,0.0,0.0,1.0,0.925
w10s-obj-off-s61,w10s-obj-off,61,11000832,0.52,0.98,-1.0,0.2307,0.0,0.0,0.0,0.0,1.0,0.925
w10s-obj-off-s61,w10s-obj-off,61,11031552,0.52,0.971,-1.0,0.2705,0.0,0.0,0.0,0.0,1.0,0.925
w10s-obj-off-s61,w10s-obj-off,61,11062272,0.63,1.092,-1.0,0.3224,0.0,0.0,0.0,0.0,1.0,0.925
w10s-obj-off-s61,w10s-obj-off,61,11092992,0.61,1.057,-1.0,0.3732,0.0,0.0,0.0,0.0,1.0,0.925
w10s-obj-off-s61,w10s-obj-off,61,11123712,0.6,1.059,-1.0,0.4049,0.0,0.0,0.0,0.0,1.0,0.924
w10s-obj-off-s61,w10s-obj-off,61,11154432,0.59,1.001,-1.0,0.3638,0.0,0.0,0.0,0.0,1.0,0.924
w10s-obj-off-s61,w10s-obj-off,61,11185152,0.72,1.118,-1.0,0.5513,0.0,0.0,0.0,0.0,1.0,0.924
w10s-obj-off-s61,w10s-obj-off,61,11215872,0.59,1.046,-1.0,0.4119,0.0,0.0,0.0,0.0,1.0,0.924
w10s-obj-off-s61,w10s-obj-off,61,11246592,0.59,1.065,-1.0,0.4577,0.0,0.0,0.0,0.0,1.0,0.924
w10s-obj-off-s61,w10s-obj-off,61,11277312,0.55,1.008,-1.0,0.3812,0.0,0.0,0.0,0.0,1.0,0.924
w10s-obj-off-s61,w10s-obj-off,61,11308032,0.62,1.082,-1.0,0.3535,0.0,0.0,0.0,0.0,1.0,0.924
w10s-obj-off-s61,w10s-obj-off,61,11338752,0.64,1.106,-1.0,0.4578,0.0,0.0,0.0,0.0,1.0,0.924
w10s-obj-off-s61,w10s-obj-off,61,11369472,0.57,1.043,-1.0,0.4676,0.0,0.0,0.0,0.0,1.0,0.924
w10s-obj-off-s61,w10s-obj-off,61,11400192,0.58,1.031,-1.0,0.3768,0.0,0.0,0.0,0.0,1.0,0.924
w10s-obj-off-s61,w10s-obj-off,61,11430912,0.64,1.073,-1.0,0.6148,0.0,0.0,0.0,0.0,1.0,0.924
w10s-obj-off-s61,w10s-obj-off,61,11461632,0.59,1.048,-1.0,0.5796,0.0,0.0,0.0,0.0,1.0,0.924
w10s-obj-off-s61,w10s-obj-off,61,11492352,0.66,1.138,-1.0,0.4503,0.0,0.0,0.0,0.0,1.0,0.924
w10s-obj-off-s61,w10s-obj-off,61,11523072,0.6,1.029,-1.0,0.276,0.0,0.0,0.0,0.0,1.0,0.923
w10s-obj-off-s61,w10s-obj-off,61,11553792,0.61,1.087,-1.0,0.6209,0.0,0.0,0.0,0.0,1.0,0.923
w10s-obj-off-s61,w10s-obj-off,61,11584512,0.51,0.975,-1.0,0.5251,0.0,0.0,0.0,0.0,1.0,0.923
w10s-obj-off-s61,w10s-obj-off,61,11615232,0.52,0.987,-1.0,0.5486,0.0,0.0,0.0,0.0,1.0,0.923
w10s-obj-off-s61,w10s-obj-off,61,11645952,0.65,1.063,-1.0,0.6094,0.0,0.0,0.0,0.0,1.0,0.923
w10s-obj-off-s61,w10s-obj-off,61,11676672,0.62,1.065,-1.0,0.4825,0.0,0.0,0.0,0.0,1.0,0.923
w10s-obj-off-s61,w10s-obj-off,61,11707392,0.63,1.077,-1.0,0.5299,0.0,0.0,0.0,0.0,1.0,0.923
w10s-obj-off-s61,w10s-obj-off,61,11738112,0.58,1.043,-1.0,0.5741,0.0,0.0,0.0,0.0,1.0,0.923
w10s-obj-off-s61,w10s-obj-off,61,11768832,0.61,1.083,-1.0,0.4554,0.0,0.0,0.0,0.0,1.0,0.923
w10s-obj-off-s61,w10s-obj-off,61,11799552,0.6,1.086,-1.0,0.5592,0.0,0.0,0.0,0.0,1.0,0.923
w10s-obj-off-s61,w10s-obj-off,61,11830272,0.63,1.084,-1.0,0.465,0.0,0.0,0.0,0.0,1.0,0.923
w10s-obj-off-s61,w10s-obj-off,61,11860992,0.68,1.108,-1.0,0.1932,0.0,0.0,0.0,0.0,1.0,0.923
w10s-obj-off-s61,w10s-obj-off,61,11891712,0.57,1.051,-1.0,0.6441,0.0,0.0,0.0,0.0,1.0,0.923
w10s-obj-off-s61,w10s-obj-off,61,11922432,0.59,1.05,-1.0,0.5665,0.0,0.0,0.0,0.0,1.0,0.923
w10s-obj-off-s61,w10s-obj-off,61,11953152,0.58,1.049,-1.0,0.4086,0.0,0.0,0.0,0.0,1.0,0.922
w10s-obj-off-s61,w10s-obj-off,61,11983872,0.54,1.027,-1.0,0.5614,0.0,0.0,0.0,0.0,1.0,0.922
w10s-obj-off-s61,w10s-obj-off,61,12014592,0.67,1.124,-1.0,0.5016,0.0,0.0,0.0,0.0,1.0,0.922
w10s-obj-off-s61,w10s-obj-off,61,12045312,0.58,1.061,-1.0,0.5163,0.0,0.0,0.0,0.0,1.0,0.922
w10s-obj-off-s61,w10s-obj-off,61,12076032,0.59,1.046,-1.0,0.5549,0.0,0.0,0.0,0.0,1.0,0.922
w10s-obj-off-s61,w10s-obj-off,61,12106752,0.66,1.082,-1.0,0.4414,0.0,0.0,0.0,0.0,1.0,0.922
w10s-obj-off-s61,w10s-obj-off,61,12137472,0.66,1.097,-1.0,0.5306,0.0,0.0,0.0,0.0,1.0,0.922
w10s-obj-off-s61,w10s-obj-off,61,12168192,0.68,1.114,-1.0,0.4714,0.0,0.0,0.0,0.0,1.0,0.922
w10s-obj-off-s61,w10s-obj-off,61,12198912,0.63,1.071,-1.0,0.569,0.0,0.0,0.0,0.0,1.0,0.922
w10s-obj-off-s61,w10s-obj-off,61,12229632,0.76,1.16,-1.0,0.4136,0.0,0.0,0.0,0.0,1.0,0.922
w10s-obj-off-s61,w10s-obj-off,61,12260352,0.57,1.01,-1.0,0.5853,0.0,0.0,0.0,0.0,1.0,0.922
w10s-obj-off-s61,w10s-obj-off,61,12291072,0.69,1.123,-1.0,0.4872,0.0,0.0,0.0,0.0,1.0,0.922
w10s-obj-off-s61,w10s-obj-off,61,12321792,0.67,1.123,-1.0,0.7265,0.0,0.0,0.0,0.0,1.0,0.922
w10s-obj-off-s61,w10s-obj-off,61,12352512,0.66,1.099,-1.0,0.6621,0.0,0.0,0.0,0.0,1.0,0.922
w10s-obj-off-s61,w10s-obj-off,61,12383232,0.61,1.066,-1.0,0.5644,0.0,0.0,0.0,0.0,1.0,0.921
w10s-obj-off-s61,w10s-obj-off,61,12413952,0.58,1.017,-1.0,0.6058,0.0,0.0,0.0,0.0,1.0,0.921
w10s-obj-off-s61,w10s-obj-off,61,12444672,0.69,1.128,-1.0,0.685,0.0,0.0,0.0,0.0,1.0,0.921
w10s-obj-off-s61,w10s-obj-off,61,12475392,0.57,1.064,-1.0,0.5156,0.0,0.0,0.0,0.0,1.0,0.921
w10s-obj-off-s61,w10s-obj-off,61,12506112,0.64,1.064,-1.0,0.4778,0.0,0.0,0.0,0.0,1.0,0.921
w10s-obj-off-s61,w10s-obj-off,61,12536832,0.61,1.027,-1.0,0.63,0.0,0.0,0.0,0.0,1.0,0.921
w10s-obj-off-s61,w10s-obj-off,61,12567552,0.59,1.062,-1.0,0.3831,0.0,0.0,0.0,0.0,1.0,0.921
w10s-obj-off-s61,w10s-obj-off,61,12598272,0.61,1.098,-1.0,0.6938,0.0,0.0,0.0,0.0,1.0,0.921
w10s-obj-off-s61,w10s-obj-off,61,12628992,0.66,1.103,-1.0,0.726,0.0,0.0,0.0,0.0,1.0,0.921
w10s-obj-off-s61,w10s-obj-off,61,12659712,0.63,1.066,-1.0,0.6007,0.0,0.0,0.0,0.0,1.0,0.921
w10s-obj-off-s61,w10s-obj-off,61,12690432,0.64,1.086,-1.0,0.3509,0.0,0.0,0.0,0.0,1.0,0.921
w10s-obj-off-s61,w10s-obj-off,61,12721152,0.7,1.12,-1.0,0.8022,0.0,0.0,0.0,0.0,1.0,0.921
w10s-obj-off-s61,w10s-obj-off,61,12751872,0.63,1.106,-1.0,0.6269,0.0,0.0,0.0,0.0,1.0,0.921
w10s-obj-off-s61,w10s-obj-off,61,12782592,0.67,1.114,-1.0,0.5763,0.0,0.0,0.0,0.0,1.0,0.92
w10s-obj-off-s61,w10s-obj-off,61,12813312,0.67,1.112,-1.0,0.6732,0.0,0.0,0.0,0.0,1.0,0.92
w10s-obj-off-s61,w10s-obj-off,61,12844032,0.62,1.057,-1.0,0.5905,0.0,0.0,0.0,0.0,1.0,0.92
w10s-obj-off-s61,w10s-obj-off,61,12874752,0.72,1.164,-1.0,0.6352,0.0,0.0,0.0,0.0,1.0,0.92
w10s-obj-off-s61,w10s-obj-off,61,12905472,0.67,1.106,-1.0,0.5872,0.0,0.0,0.0,0.0,1.0,0.92
w10s-obj-off-s61,w10s-obj-off,61,12936192,0.6,1.052,-1.0,0.5995,0.0,0.0,0.0,0.0,1.0,0.92
w10s-obj-off-s61,w10s-obj-off,61,12966912,0.75,1.17,-1.0,0.562,0.0,0.0,0.0,0.0,1.0,0.92
w10s-obj-off-s61,w10s-obj-off,61,12997632,0.66,1.071,-1.0,0.5734,0.0,0.0,0.0,0.0,1.0,0.92
w10s-obj-off-s61,w10s-obj-off,61,13028352,0.59,1.017,-1.0,0.8451,0.0,0.0,0.0,0.0,1.0,0.92
w10s-obj-off-s61,w10s-obj-off,61,13059072,0.58,1.049,-1.0,0.7066,0.0,0.0,0.0,0.0,1.0,0.92
w10s-obj-off-s61,w10s-obj-off,61,13089792,0.57,1.033,-1.0,0.6864,0.0,0.0,0.0,0.0,1.0,0.92
w10s-obj-off-s61,w10s-obj-off,61,13120512,0.67,1.096,-1.0,0.4336,0.0,0.0,0.0,0.0,1.0,0.92
w10s-obj-off-s61,w10s-obj-off,61,13151232,0.74,1.166,-1.0,0.758,0.0,0.0,0.0,0.0,1.0,0.92
w10s-obj-off-s61,w10s-obj-off,61,13181952,0.77,1.188,-1.0,0.5593,0.0,0.0,0.0,0.0,1.0,0.92
w10s-obj-off-s61,w10s-obj-off,61,13212672,0.71,1.134,-1.0,0.3121,0.0,0.0,0.0,0.0,1.0,0.919
w10s-obj-off-s61,w10s-obj-off,61,13243392,0.64,1.063,-1.0,0.7293,0.0,0.0,0.0,0.0,1.0,0.919
w10s-obj-off-s61,w10s-obj-off,61,13274112,0.68,1.107,-1.0,0.5448,0.0,0.0,0.0,0.0,1.0,0.919
w10s-obj-off-s61,w10s-obj-off,61,13304832,0.68,1.098,-1.0,0.5285,0.0,0.0,0.0,0.0,1.0,0.919
w10s-obj-off-s61,w10s-obj-off,61,13335552,0.76,1.191,-1.0,0.577,0.0,0.0,0.0,0.0,1.0,0.919
w10s-obj-off-s61,w10s-obj-off,61,13366272,0.76,1.165,-1.0,0.4306,0.0,0.0,0.0,0.0,1.0,0.919
w10s-obj-off-s61,w10s-obj-off,61,13396992,0.67,1.095,-1.0,0.6058,0.0,0.0,0.0,0.0,1.0,0.919
w10s-obj-off-s61,w10s-obj-off,61,13427712,0.71,1.124,-1.0,0.697,0.0,0.0,0.0,0.0,1.0,0.919
w10s-obj-off-s61,w10s-obj-off,61,13458432,0.71,1.163,-1.0,0.4568,0.0,0.0,0.0,0.0,1.0,0.919
w10s-obj-off-s61,w10s-obj-off,61,13489152,0.61,1.088,-1.0,0.6506,0.0,0.0,0.0,0.0,1.0,0.919
w10s-obj-off-s61,w10s-obj-off,61,13519872,0.71,1.134,-1.0,0.506,0.0,0.0,0.0,0.0,1.0,0.919
w10s-obj-off-s61,w10s-obj-off,61,13550592,0.65,1.077,-1.0,0.6981,0.0,0.0,0.0,0.0,1.0,0.919
w10s-obj-off-s61,w10s-obj-off,61,13581312,0.68,1.107,-1.0,0.5872,0.0,0.0,0.0,0.0,1.0,0.919
w10s-obj-off-s61,w10s-obj-off,61,13612032,0.79,1.213,-1.0,0.7654,0.0,0.0,0.0,0.0,1.0,0.919
w10s-obj-off-s61,w10s-obj-off,61,13642752,0.79,1.208,-1.0,0.5811,0.0,0.0,0.0,0.0,1.0,0.918
w10s-obj-off-s61,w10s-obj-off,61,13673472,0.79,1.208,-1.0,0.6489,0.0,0.0,0.0,0.0,1.0,0.918
w10s-obj-off-s61,w10s-obj-off,61,13704192,0.7,1.128,-1.0,0.8372,0.0,0.0,0.0,0.0,1.0,0.918
w10s-obj-off-s61,w10s-obj-off,61,13734912,0.75,1.178,-1.0,0.4833,0.0,0.0,0.0,0.0,1.0,0.918
w10s-obj-off-s61,w10s-obj-off,61,13765632,0.64,1.085,-1.0,0.7317,0.0,0.0,0.0,0.0,1.0,0.918
w10s-obj-off-s61,w10s-obj-off,61,13796352,0.75,1.164,-1.0,0.4552,0.0,0.0,0.0,0.0,1.0,0.918
w10s-obj-off-s61,w10s-obj-off,61,13827072,0.64,1.114,-1.0,0.7409,0.0,0.0,0.0,0.0,1.0,0.918
w10s-obj-off-s61,w10s-obj-off,61,13857792,0.71,1.14,-1.0,0.6761,0.0,0.0,0.0,0.0,1.0,0.918
w10s-obj-off-s61,w10s-obj-off,61,13888512,0.72,1.168,-1.0,0.6378,0.0,0.0,0.0,0.0,1.0,0.918
w10s-obj-off-s61,w10s-obj-off,61,13919232,0.72,1.125,-1.0,0.7252,0.0,0.0,0.0,0.0,1.0,0.918
w10s-obj-off-s61,w10s-obj-off,61,13949952,0.69,1.146,-1.0,0.6421,0.0,0.0,0.0,0.0,1.0,0.918
w10s-obj-off-s61,w10s-obj-off,61,13980672,0.74,1.19,-1.0,0.5384,0.0,0.0,0.0,0.0,1.0,0.918
w10s-obj-off-s61,w10s-obj-off,61,14011392,0.73,1.176,-1.0,0.7314,0.0,0.0,0.0,0.0,1.0,0.918
w10s-obj-off-s61,w10s-obj-off,61,14042112,0.71,1.173,-1.0,0.6507,0.0,0.0,0.0,0.0,1.0,0.917
w10s-obj-off-s61,w10s-obj-off,61,14072832,0.74,1.195,-1.0,0.5592,0.0,0.0,0.0,0.0,1.0,0.917
w10s-obj-off-s61,w10s-obj-off,61,14103552,0.71,1.141,-1.0,0.5499,0.0,0.0,0.0,0.0,1.0,0.917
w10s-obj-off-s61,w10s-obj-off,61,14134272,0.72,1.147,-1.0,0.6402,0.0,0.0,0.0,0.0,1.0,0.917
w10s-obj-off-s61,w10s-obj-off,61,14164992,0.69,1.145,-1.0,0.4776,0.0,0.0,0.0,0.0,1.0,0.917
w10s-obj-off-s61,w10s-obj-off,61,14195712,0.64,1.073,-1.0,0.6261,0.0,0.0,0.0,0.0,1.0,0.917
w10s-obj-off-s61,w10s-obj-off,61,14226432,0.73,1.166,-1.0,0.578,0.0,0.0,0.0,0.0,1.0,0.917
w10s-obj-off-s61,w10s-obj-off,61,14257152,0.73,1.165,-1.0,0.5187,0.0,0.0,0.0,0.0,1.0,0.917
w10s-obj-off-s61,w10s-obj-off,61,14287872,0.64,1.138,-1.0,0.8047,0.0,0.0,0.0,0.0,1.0,0.917
w10s-obj-off-s61,w10s-obj-off,61,14318592,0.69,1.106,-1.0,0.8489,0.0,0.0,0.0,0.0,1.0,0.917
w10s-obj-off-s61,w10s-obj-off,61,14349312,0.75,1.195,-1.0,0.6166,0.0,0.0,0.0,0.0,1.0,0.917
w10s-obj-off-s61,w10s-obj-off,61,14380032,0.75,1.188,-1.0,0.6505,0.0,0.0,0.0,0.0,1.0,0.917
w10s-obj-off-s61,w10s-obj-off,61,14410752,0.75,1.184,-1.0,0.5293,0.0,0.0,0.0,0.0,1.0,0.916
w10s-obj-off-s61,w10s-obj-off,61,14441472,0.7,1.14,-1.0,0.5478,0.0,0.0,0.0,0.0,1.0,0.916
w10s-obj-off-s61,w10s-obj-off,61,14472192,0.72,1.167,-1.0,0.6413,0.0,0.0,0.0,0.0,1.0,0.916
w10s-obj-off-s61,w10s-obj-off,61,14502912,0.73,1.164,-1.0,0.6384,0.0,0.0,0.0,0.0,1.0,0.916
w10s-obj-off-s61,w10s-obj-off,61,14533632,0.71,1.171,-1.0,0.6003,0.0,0.0,0.0,0.0,1.0,0.916
w10s-obj-off-s61,w10s-obj-off,61,14564352,0.69,1.162,-1.0,0.7284,0.0,0.0,0.0,0.0,1.0,0.916
w10s-obj-off-s61,w10s-obj-off,61,14595072,0.73,1.189,-1.0,0.5693,0.0,0.0,0.0,0.0,1.0,0.916
w10s-obj-off-s61,w10s-obj-off,61,14625792,0.7,1.159,-1.0,0.5911,0.0,0.0,0.0,0.0,1.0,0.916
w10s-obj-off-s61,w10s-obj-off,61,14656512,0.72,1.2,-1.0,0.8022,0.0,0.0,0.0,0.0,1.0,0.916
w10s-obj-off-s61,w10s-obj-off,61,14687232,0.78,1.224,-1.0,0.7115,0.0,0.0,0.0,0.0,1.0,0.916
w10s-obj-off-s61,w10s-obj-off,61,14717952,0.68,1.14,-1.0,0.6701,0.0,0.0,0.0,0.0,1.0,0.916
w10s-obj-off-s61,w10s-obj-off,61,14748672,0.64,1.122,-1.0,0.8923,0.0,0.0,0.0,0.0,1.0,0.915
w10s-obj-off-s61,w10s-obj-off,61,14779392,0.74,1.205,-1.0,0.6998,0.0,0.0,0.0,0.0,1.0,0.915
w10s-obj-off-s61,w10s-obj-off,61,14810112,0.75,1.213,-1.0,0.6079,0.0,0.0,0.0,0.0,1.0,0.915
w10s-obj-off-s61,w10s-obj-off,61,14840832,0.76,1.205,-1.0,0.7947,0.0,0.0,0.0,0.0,1.0,0.915
w10s-obj-off-s61,w10s-obj-off,61,14871552,0.78,1.197,-1.0,0.7216,0.0,0.0,0.0,0.0,1.0,0.915
w10s-obj-off-s61,w10s-obj-off,61,14902272,0.7,1.126,-1.0,0.8391,0.0,0.0,0.0,0.0,1.0,0.915
w10s-obj-off-s61,w10s-obj-off,61,14932992,0.65,1.117,-1.0,0.6334,0.0,0.0,0.0,0.0,1.0,0.915
w10s-obj-off-s61,w10s-obj-off,61,14963712,0.71,1.17,-1.0,0.7493,0.0,0.0,0.0,0.0,1.0,0.915
w10s-obj-off-s61,w10s-obj-off,61,14994432,0.74,1.2,-1.0,0.7324,0.0,0.0,0.0,0.0,1.0,0.915
w10s-obj-off-s61,w10s-obj-off,61,14997504,0.71,1.168,-1.0,0.6848,0.0,0.0,0.0,0.0,1.0,0.915
w10s-obj-off-s62,w10s-obj-off,62,3072,0.0,0.389,-1.0,,,,,,,
w10s-obj-off-s62,w10s-obj-off,62,33792,0.0,0.418,-1.0,-1.0,0.0,0.0,0.0,0.0,0.953,0.915
w10s-obj-off-s62,w10s-obj-off,62,64512,0.0,0.42,-1.0,-0.9791,0.0,0.0,0.0,0.0,0.978,0.899
w10s-obj-off-s62,w10s-obj-off,62,95232,0.0,0.454,-1.0,-0.9767,0.0,0.0,0.0,0.0,0.991,0.89
w10s-obj-off-s62,w10s-obj-off,62,125952,0.0,0.462,-1.0,-1.0,0.0,0.0,0.0,0.0,0.997,0.891
w10s-obj-off-s62,w10s-obj-off,62,156672,0.0,0.432,-1.0,-1.0,0.0,0.0,0.0,0.0,0.999,0.896
w10s-obj-off-s62,w10s-obj-off,62,187392,0.0,0.461,-1.0,-1.0,0.0,0.0,0.0,0.0,1.0,0.9
w10s-obj-off-s62,w10s-obj-off,62,218112,0.02,0.51,-1.0,-0.9759,0.0,0.0,0.0,0.0,1.0,0.901
w10s-obj-off-s62,w10s-obj-off,62,248832,0.02,0.535,-1.0,-1.0,0.0,0.0,0.0,0.0,1.0,0.902
w10s-obj-off-s62,w10s-obj-off,62,279552,0.02,0.505,-1.0,-0.9767,0.0,0.0,0.0,0.0,1.0,0.904
w10s-obj-off-s62,w10s-obj-off,62,310272,0.01,0.478,-1.0,-0.9753,0.0,0.0,0.0,0.0,1.0,0.906
w10s-obj-off-s62,w10s-obj-off,62,340992,0.01,0.476,-1.0,-0.9502,0.0,0.0,0.0,0.0,1.0,0.908
w10s-obj-off-s62,w10s-obj-off,62,371712,0.0,0.518,-1.0,-0.9526,0.0,0.0,0.0,0.0,1.0,0.909
w10s-obj-off-s62,w10s-obj-off,62,402432,0.01,0.506,-1.0,-0.9569,0.0,0.0,0.0,0.0,1.0,0.911
w10s-obj-off-s62,w10s-obj-off,62,433152,0.02,0.49,-1.0,-1.0,0.0,0.0,0.0,0.0,1.0,0.912
w10s-obj-off-s62,w10s-obj-off,62,463872,0.02,0.503,-1.0,-0.934,0.0,0.0,0.0,0.0,1.0,0.912
w10s-obj-off-s62,w10s-obj-off,62,494592,0.0,0.472,-1.0,-0.9759,0.0,0.0,0.0,0.0,1.0,0.913
w10s-obj-off-s62,w10s-obj-off,62,525312,0.01,0.495,-1.0,-1.0,0.0,0.0,0.0,0.0,1.0,0.914
w10s-obj-off-s62,w10s-obj-off,62,556032,0.0,0.508,-1.0,-0.975,0.0,0.0,0.0,0.0,1.0,0.915
w10s-obj-off-s62,w10s-obj-off,62,586752,0.02,0.512,-1.0,-0.9313,0.0,0.0,0.0,0.0,1.0,0.916
w10s-obj-off-s62,w10s-obj-off,62,617472,0.02,0.509,-1.0,-0.9289,0.0,0.0,0.0,0.0,1.0,0.917
w10s-obj-off-s62,w10s-obj-off,62,648192,0.01,0.508,-1.0,-0.975,0.0,0.0,0.0,0.0,1.0,0.918
w10s-obj-off-s62,w10s-obj-off,62,678912,0.01,0.484,-1.0,-0.9756,0.0,0.0,0.0,0.0,1.0,0.919
w10s-obj-off-s62,w10s-obj-off,62,709632,0.01,0.472,-1.0,-0.9782,0.0,0.0,0.0,0.0,1.0,0.919
w10s-obj-off-s62,w10s-obj-off,62,740352,0.01,0.485,-1.0,-0.9561,0.0,0.0,0.0,0.0,1.0,0.919
w10s-obj-off-s62,w10s-obj-off,62,771072,0.04,0.532,-1.0,-0.9279,0.0,0.0,0.0,0.0,1.0,0.92
w10s-obj-off-s62,w10s-obj-off,62,801792,0.01,0.512,-1.0,-0.975,0.0,0.0,0.0,0.0,1.0,0.921
w10s-obj-off-s62,w10s-obj-off,62,832512,0.02,0.515,-1.0,-1.0,0.0,0.0,0.0,0.0,1.0,0.921
w10s-obj-off-s62,w10s-obj-off,62,863232,0.02,0.549,-1.0,-0.95,0.0,0.0,0.0,0.0,1.0,0.922
w10s-obj-off-s62,w10s-obj-off,62,893952,0.01,0.528,-1.0,-0.8829,0.0,0.0,0.0,0.0,1.0,0.923
w10s-obj-off-s62,w10s-obj-off,62,924672,0.0,0.499,-1.0,-0.8351,0.0,0.0,0.0,0.0,1.0,0.924
w10s-obj-off-s62,w10s-obj-off,62,955392,0.05,0.551,-1.0,-0.879,0.0,0.0,0.0,0.0,1.0,0.925
w10s-obj-off-s62,w10s-obj-off,62,986112,0.05,0.541,-1.0,-0.8532,0.0,0.0,0.0,0.0,1.0,0.925
w10s-obj-off-s62,w10s-obj-off,62,1016832,0.04,0.546,-1.0,-0.9796,0.0,0.0,0.0,0.0,1.0,0.926
w10s-obj-off-s62,w10s-obj-off,62,1047552,0.03,0.518,-1.0,-0.8375,0.0,0.0,0.0,0.0,1.0,0.927
w10s-obj-off-s62,w10s-obj-off,62,1078272,0.05,0.553,-1.0,-0.9029,0.0,0.0,0.0,0.0,1.0,0.927
w10s-obj-off-s62,w10s-obj-off,62,1108992,0.01,0.544,-1.0,-0.9074,0.0,0.0,0.0,0.0,1.0,0.928
w10s-obj-off-s62,w10s-obj-off,62,1139712,0.01,0.547,-1.0,-0.9537,0.0,0.0,0.0,0.0,1.0,0.929
w10s-obj-off-s62,w10s-obj-off,62,1170432,0.01,0.511,-1.0,-0.929,0.0,0.0,0.0,0.0,1.0,0.929
w10s-obj-off-s62,w10s-obj-off,62,1201152,0.03,0.558,-1.0,-0.9308,0.0,0.0,0.0,0.0,1.0,0.929
w10s-obj-off-s62,w10s-obj-off,62,1231872,0.02,0.514,-1.0,-0.9069,0.0,0.0,0.0,0.0,1.0,0.93
w10s-obj-off-s62,w10s-obj-off,62,1262592,0.0,0.505,-1.0,-0.9555,0.0,0.0,0.0,0.0,1.0,0.93
w10s-obj-off-s62,w10s-obj-off,62,1293312,0.02,0.503,-1.0,-0.8342,0.0,0.0,0.0,0.0,1.0,0.93
w10s-obj-off-s62,w10s-obj-off,62,1324032,0.0,0.512,-1.0,-0.975,0.0,0.0,0.0,0.0,1.0,0.93
w10s-obj-off-s62,w10s-obj-off,62,1354752,0.03,0.524,-1.0,-0.9072,0.0,0.0,0.0,0.0,1.0,0.93
w10s-obj-off-s62,w10s-obj-off,62,1385472,0.02,0.496,-1.0,-0.954,0.0,0.0,0.0,0.0,1.0,0.93
w10s-obj-off-s62,w10s-obj-off,62,1416192,0.04,0.573,-1.0,-0.916,0.0,0.0,0.0,0.0,1.0,0.93
w10s-obj-off-s62,w10s-obj-off,62,1446912,0.03,0.491,-1.0,-0.9795,0.0,0.0,0.0,0.0,1.0,0.931
w10s-obj-off-s62,w10s-obj-off,62,1477632,0.05,0.528,-1.0,-1.0,0.0,0.0,0.0,0.0,1.0,0.931
w10s-obj-off-s62,w10s-obj-off,62,1508352,0.04,0.53,-1.0,-0.8787,0.0,0.0,0.0,0.0,1.0,0.931
w10s-obj-off-s62,w10s-obj-off,62,1539072,0.03,0.532,-1.0,-0.9045,0.0,0.0,0.0,0.0,1.0,0.931
w10s-obj-off-s62,w10s-obj-off,62,1569792,0.04,0.511,-1.0,-0.932,0.0,0.0,0.0,0.0,1.0,0.932
w10s-obj-off-s62,w10s-obj-off,62,1600512,0.03,0.508,-1.0,-0.9317,0.0,0.0,0.0,0.0,1.0,0.932
w10s-obj-off-s62,w10s-obj-off,62,1631232,0.07,0.552,-1.0,-0.9501,0.0,0.0,0.0,0.0,1.0,0.932
w10s-obj-off-s62,w10s-obj-off,62,1661952,0.04,0.541,-1.0,-0.95,0.0,0.0,0.0,0.0,1.0,0.933
w10s-obj-off-s62,w10s-obj-off,62,1692672,0.0,0.439,-1.0,-0.975,0.0,0.0,0.0,0.0,1.0,0.933
w10s-obj-off-s62,w10s-obj-off,62,1723392,0.03,0.501,-1.0,-0.9079,0.0,0.0,0.0,0.0,1.0,0.934
w10s-obj-off-s62,w10s-obj-off,62,1754112,0.04,0.513,-1.0,-0.884,0.0,0.0,0.0,0.0,1.0,0.934
w10s-obj-off-s62,w10s-obj-off,62,1784832,0.02,0.522,-1.0,-0.8821,0.0,0.0,0.0,0.0,1.0,0.934
w10s-obj-off-s62,w10s-obj-off,62,1815552,0.02,0.497,-1.0,-0.9271,0.0,0.0,0.0,0.0,1.0,0.935
w10s-obj-off-s62,w10s-obj-off,62,1846272,0.09,0.578,-1.0,-0.9321,0.0,0.0,0.0,0.0,1.0,0.935
w10s-obj-off-s62,w10s-obj-off,62,1876992,0.03,0.533,-1.0,-0.7389,0.0,0.0,0.0,0.0,1.0,0.935
w10s-obj-off-s62,w10s-obj-off,62,1907712,0.02,0.504,-1.0,-0.8363,0.0,0.0,0.0,0.0,1.0,0.935
w10s-obj-off-s62,w10s-obj-off,62,1938432,0.05,0.567,-1.0,-0.8389,0.0,0.0,0.0,0.0,1.0,0.935
w10s-obj-off-s62,w10s-obj-off,62,1969152,0.0,0.472,-1.0,-0.9296,0.0,0.0,0.0,0.0,1.0,0.936
w10s-obj-off-s62,w10s-obj-off,62,1999872,0.03,0.529,-1.0,-0.8838,0.0,0.0,0.0,0.0,1.0,0.936
w10s-obj-off-s62,w10s-obj-off,62,2030592,0.03,0.5,-1.0,-0.95,0.0,0.0,0.0,0.0,1.0,0.936
w10s-obj-off-s62,w10s-obj-off,62,2061312,0.06,0.566,-1.0,-0.8595,0.0,0.0,0.0,0.0,1.0,0.936
w10s-obj-off-s62,w10s-obj-off,62,2092032,0.06,0.558,-1.0,-0.8895,0.0,0.0,0.0,0.0,1.0,0.936
w10s-obj-off-s62,w10s-obj-off,62,2122752,0.07,0.561,-1.0,-0.8327,0.0,0.0,0.0,0.0,1.0,0.936
w10s-obj-off-s62,w10s-obj-off,62,2153472,0.07,0.584,-1.0,-0.9547,0.0,0.0,0.0,0.0,1.0,0.936
w10s-obj-off-s62,w10s-obj-off,62,2184192,0.02,0.536,-1.0,-0.8642,0.0,0.0,0.0,0.0,1.0,0.936
w10s-obj-off-s62,w10s-obj-off,62,2214912,0.06,0.525,-1.0,-0.8605,0.0,0.0,0.0,0.0,1.0,0.936
w10s-obj-off-s62,w10s-obj-off,62,2245632,0.06,0.561,-1.0,-0.9533,0.0,0.0,0.0,0.0,1.0,0.936
w10s-obj-off-s62,w10s-obj-off,62,2276352,0.03,0.503,-1.0,-0.8804,0.0,0.0,0.0,0.0,1.0,0.937
w10s-obj-off-s62,w10s-obj-off,62,2307072,0.08,0.562,-1.0,-0.9258,0.0,0.0,0.0,0.0,1.0,0.937
w10s-obj-off-s62,w10s-obj-off,62,2337792,0.06,0.555,-1.0,-0.9302,0.0,0.0,0.0,0.0,1.0,0.937
w10s-obj-off-s62,w10s-obj-off,62,2368512,0.06,0.54,-1.0,-0.8227,0.0,0.0,0.0,0.0,1.0,0.937
w10s-obj-off-s62,w10s-obj-off,62,2399232,0.13,0.612,-1.0,-0.9532,0.0,0.0,0.0,0.0,1.0,0.937
w10s-obj-off-s62,w10s-obj-off,62,2429952,0.06,0.55,-1.0,-0.7828,0.0,0.0,0.0,0.0,1.0,0.937
w10s-obj-off-s62,w10s-obj-off,62,2460672,0.07,0.558,-1.0,-0.8374,0.0,0.0,0.0,0.0,1.0,0.937
w10s-obj-off-s62,w10s-obj-off,62,2491392,0.05,0.512,-1.0,-0.8576,0.0,0.0,0.0,0.0,1.0,0.937
w10s-obj-off-s62,w10s-obj-off,62,2522112,0.05,0.525,-1.0,-0.8406,0.0,0.0,0.0,0.0,1.0,0.938
w10s-obj-off-s62,w10s-obj-off,62,2552832,0.11,0.56,-1.0,-0.8141,0.0,0.0,0.0,0.0,1.0,0.938
w10s-obj-off-s62,w10s-obj-off,62,2583552,0.04,0.498,-1.0,-0.8364,0.0,0.0,0.0,0.0,1.0,0.938
w10s-obj-off-s62,w10s-obj-off,62,2614272,0.04,0.536,-1.0,-0.7665,0.0,0.0,0.0,0.0,1.0,0.938
w10s-obj-off-s62,w10s-obj-off,62,2644992,0.07,0.554,-1.0,-0.8623,0.0,0.0,0.0,0.0,1.0,0.938
w10s-obj-off-s62,w10s-obj-off,62,2675712,0.06,0.53,-1.0,-0.8644,0.0,0.0,0.0,0.0,1.0,0.938
w10s-obj-off-s62,w10s-obj-off,62,2706432,0.04,0.534,-1.0,-0.7877,0.0,0.0,0.0,0.0,1.0,0.938
w10s-obj-off-s62,w10s-obj-off,62,2737152,0.08,0.57,-1.0,-0.8815,0.0,0.0,0.0,0.0,1.0,0.938
w10s-obj-off-s62,w10s-obj-off,62,2767872,0.08,0.572,-1.0,-0.8773,0.0,0.0,0.0,0.0,1.0,0.938
w10s-obj-off-s62,w10s-obj-off,62,2798592,0.08,0.553,-1.0,-0.8088,0.0,0.0,0.0,0.0,1.0,0.939
w10s-obj-off-s62,w10s-obj-off,62,2829312,0.07,0.555,-1.0,-0.9556,0.0,0.0,0.0,0.0,1.0,0.939
w10s-obj-off-s62,w10s-obj-off,62,2860032,0.1,0.575,-1.0,-0.8597,0.0,0.0,0.0,0.0,1.0,0.939
w10s-obj-off-s62,w10s-obj-off,62,2890752,0.1,0.549,-1.0,-0.7838,0.0,0.0,0.0,0.0,1.0,0.939
w10s-obj-off-s62,w10s-obj-off,62,2921472,0.08,0.576,-1.0,-0.8375,0.0,0.0,0.0,0.0,1.0,0.939
w10s-obj-off-s62,w10s-obj-off,62,2952192,0.1,0.574,-1.0,-0.8672,0.0,0.0,0.0,0.0,1.0,0.939
w10s-obj-off-s62,w10s-obj-off,62,2982912,0.12,0.61,-1.0,-0.7941,0.0,0.0,0.0,0.0,1.0,0.939
w10s-obj-off-s62,w10s-obj-off,62,3013632,0.04,0.575,-1.0,-0.6841,0.0,0.0,0.0,0.0,1.0,0.939
w10s-obj-off-s62,w10s-obj-off,62,3044352,0.04,0.486,-1.0,-0.8598,0.0,0.0,0.0,0.0,1.0,0.939
w10s-obj-off-s62,w10s-obj-off,62,3075072,0.09,0.614,-1.0,-0.8885,0.0,0.0,0.0,0.0,1.0,0.94
w10s-obj-off-s62,w10s-obj-off,62,3105792,0.09,0.566,-1.0,-0.8061,0.0,0.0,0.0,0.0,1.0,0.94
w10s-obj-off-s62,w10s-obj-off,62,3136512,0.05,0.555,-1.0,-0.7349,0.0,0.0,0.0,0.0,1.0,0.94
w10s-obj-off-s62,w10s-obj-off,62,3167232,0.08,0.563,-1.0,-0.793,0.0,0.0,0.0,0.0,1.0,0.94
w10s-obj-off-s62,w10s-obj-off,62,3197952,0.14,0.592,-1.0,-0.734,0.0,0.0,0.0,0.0,1.0,0.94
w10s-obj-off-s62,w10s-obj-off,62,3228672,0.09,0.567,-1.0,-0.8394,0.0,0.0,0.0,0.0,1.0,0.94
w10s-obj-off-s62,w10s-obj-off,62,3259392,0.11,0.617,-1.0,-0.8665,0.0,0.0,0.0,0.0,1.0,0.94
w10s-obj-off-s62,w10s-obj-off,62,3290112,0.04,0.542,-1.0,-0.7734,0.0,0.0,0.0,0.0,1.0,0.94
w10s-obj-off-s62,w10s-obj-off,62,3320832,0.12,0.565,-1.0,-0.8164,0.0,0.0,0.0,0.0,1.0,0.94
w10s-obj-off-s62,w10s-obj-off,62,3351552,0.09,0.524,-1.0,-0.7508,0.0,0.0,0.0,0.0,1.0,0.94
w10s-obj-off-s62,w10s-obj-off,62,3382272,0.1,0.541,-1.0,-0.7419,0.0,0.0,0.0,0.0,1.0,0.94
w10s-obj-off-s62,w10s-obj-off,62,3412992,0.09,0.532,-1.0,-0.7645,0.0,0.0,0.0,0.0,1.0,0.941
w10s-obj-off-s62,w10s-obj-off,62,3443712,0.09,0.543,-1.0,-0.8108,0.0,0.0,0.0,0.0,1.0,0.941
w10s-obj-off-s62,w10s-obj-off,62,3474432,0.1,0.518,-1.0,-0.8398,0.0,0.0,0.0,0.0,1.0,0.941
w10s-obj-off-s62,w10s-obj-off,62,3505152,0.09,0.558,-1.0,-0.8663,0.0,0.0,0.0,0.0,1.0,0.941
w10s-obj-off-s62,w10s-obj-off,62,3535872,0.08,0.554,-1.0,-0.6804,0.0,0.0,0.0,0.0,1.0,0.941
w10s-obj-off-s62,w10s-obj-off,62,3566592,0.14,0.607,-1.0,-0.6273,0.0,0.0,0.0,0.0,1.0,0.941
w10s-obj-off-s62,w10s-obj-off,62,3597312,0.11,0.58,-1.0,-0.6942,0.0,0.0,0.0,0.0,1.0,0.941
w10s-obj-off-s62,w10s-obj-off,62,3628032,0.22,0.683,-1.0,-0.6483,0.0,0.0,0.0,0.0,1.0,0.941
w10s-obj-off-s62,w10s-obj-off,62,3658752,0.13,0.611,-1.0,-0.7491,0.0,0.0,0.0,0.0,1.0,0.941
w10s-obj-off-s62,w10s-obj-off,62,3689472,0.13,0.59,-1.0,-0.6123,0.0,0.0,0.0,0.0,1.0,0.941
w10s-obj-off-s62,w10s-obj-off,62,3720192,0.11,0.575,-1.0,-0.8136,0.0,0.0,0.0,0.0,1.0,0.941
w10s-obj-off-s62,w10s-obj-off,62,3750912,0.12,0.56,-1.0,-0.648,0.0,0.0,0.0,0.0,1.0,0.941
w10s-obj-off-s62,w10s-obj-off,62,3781632,0.12,0.583,-1.0,-0.6605,0.0,0.0,0.0,0.0,1.0,0.941
w10s-obj-off-s62,w10s-obj-off,62,3812352,0.09,0.527,-1.0,-0.7764,0.0,0.0,0.0,0.0,1.0,0.941
w10s-obj-off-s62,w10s-obj-off,62,3843072,0.14,0.579,-1.0,-0.8193,0.0,0.0,0.0,0.0,1.0,0.942
w10s-obj-off-s62,w10s-obj-off,62,3873792,0.12,0.593,-1.0,-0.7698,0.0,0.0,0.0,0.0,1.0,0.942
w10s-obj-off-s62,w10s-obj-off,62,3904512,0.18,0.647,-1.0,-0.6137,0.0,0.0,0.0,0.0,1.0,0.942
w10s-obj-off-s62,w10s-obj-off,62,3935232,0.12,0.603,-1.0,-0.5913,0.0,0.0,0.0,0.0,1.0,0.942
w10s-obj-off-s62,w10s-obj-off,62,3965952,0.14,0.594,-1.0,-0.7236,0.0,0.0,0.0,0.0,1.0,0.942
w10s-obj-off-s62,w10s-obj-off,62,3996672,0.17,0.66,-1.0,-0.7177,0.0,0.0,0.0,0.0,1.0,0.942
w10s-obj-off-s62,w10s-obj-off,62,4027392,0.13,0.586,-1.0,-0.7633,0.0,0.0,0.0,0.0,1.0,0.942
w10s-obj-off-s62,w10s-obj-off,62,4058112,0.14,0.607,-1.0,-0.698,0.0,0.0,0.0,0.0,1.0,0.942
w10s-obj-off-s62,w10s-obj-off,62,4088832,0.11,0.575,-1.0,-0.8115,0.0,0.0,0.0,0.0,1.0,0.942
w10s-obj-off-s62,w10s-obj-off,62,4119552,0.16,0.647,-1.0,-0.649,0.0,0.0,0.0,0.0,1.0,0.942
w10s-obj-off-s62,w10s-obj-off,62,4150272,0.06,0.521,-1.0,-0.7359,0.0,0.0,0.0,0.0,1.0,0.942
w10s-obj-off-s62,w10s-obj-off,62,4180992,0.15,0.636,-1.0,-0.6373,0.0,0.0,0.0,0.0,1.0,0.942
w10s-obj-off-s62,w10s-obj-off,62,4211712,0.18,0.604,-1.0,-0.493,0.0,0.0,0.0,0.0,1.0,0.942
w10s-obj-off-s62,w10s-obj-off,62,4242432,0.15,0.586,-1.0,-0.7193,0.0,0.0,0.0,0.0,1.0,0.942
w10s-obj-off-s62,w10s-obj-off,62,4273152,0.14,0.581,-1.0,-0.5283,0.0,0.0,0.0,0.0,1.0,0.942
w10s-obj-off-s62,w10s-obj-off,62,4303872,0.14,0.587,-1.0,-0.6387,0.0,0.0,0.0,0.0,1.0,0.942
w10s-obj-off-s62,w10s-obj-off,62,4334592,0.15,0.584,-1.0,-0.592,0.0,0.0,0.0,0.0,1.0,0.942
w10s-obj-off-s62,w10s-obj-off,62,4365312,0.14,0.585,-1.0,-0.6931,0.0,0.0,0.0,0.0,1.0,0.942
w10s-obj-off-s62,w10s-obj-off,62,4396032,0.17,0.645,-1.0,-0.6307,0.0,0.0,0.0,0.0,1.0,0.942
w10s-obj-off-s62,w10s-obj-off,62,4426752,0.14,0.594,-1.0,-0.5898,0.0,0.0,0.0,0.0,1.0,0.942
w10s-obj-off-s62,w10s-obj-off,62,4457472,0.18,0.624,-1.0,-0.6306,0.0,0.0,0.0,0.0,1.0,0.942
w10s-obj-off-s62,w10s-obj-off,62,4488192,0.17,0.628,-1.0,-0.7038,0.0,0.0,0.0,0.0,1.0,0.942
w10s-obj-off-s62,w10s-obj-off,62,4518912,0.21,0.631,-1.0,-0.7446,0.0,0.0,0.0,0.0,1.0,0.942
w10s-obj-off-s62,w10s-obj-off,62,4549632,0.17,0.629,-1.0,-0.5819,0.0,0.0,0.0,0.0,1.0,0.942
w10s-obj-off-s62,w10s-obj-off,62,4580352,0.21,0.65,-1.0,-0.7692,0.0,0.0,0.0,0.0,1.0,0.942
w10s-obj-off-s62,w10s-obj-off,62,4611072,0.15,0.601,-1.0,-0.5646,0.0,0.0,0.0,0.0,1.0,0.942
w10s-obj-off-s62,w10s-obj-off,62,4641792,0.16,0.64,-1.0,-0.6824,0.0,0.0,0.0,0.0,1.0,0.942
w10s-obj-off-s62,w10s-obj-off,62,4672512,0.19,0.638,-1.0,-0.6695,0.0,0.0,0.0,0.0,1.0,0.943
w10s-obj-off-s62,w10s-obj-off,62,4703232,0.15,0.606,-1.0,-0.5058,0.0,0.0,0.0,0.0,1.0,0.943
w10s-obj-off-s62,w10s-obj-off,62,4733952,0.07,0.577,-1.0,-0.5084,0.0,0.0,0.0,0.0,1.0,0.943
w10s-obj-off-s62,w10s-obj-off,62,4764672,0.17,0.637,-1.0,-0.6248,0.0,0.0,0.0,0.0,1.0,0.943
w10s-obj-off-s62,w10s-obj-off,62,4795392,0.17,0.623,-1.0,-0.544,0.0,0.0,0.0,0.0,1.0,0.943
w10s-obj-off-s62,w10s-obj-off,62,4826112,0.18,0.622,-1.0,-0.3998,0.0,0.0,0.0,0.0,1.0,0.943
w10s-obj-off-s62,w10s-obj-off,62,4856832,0.2,0.63,-1.0,-0.5833,0.0,0.0,0.0,0.0,1.0,0.943
w10s-obj-off-s62,w10s-obj-off,62,4887552,0.18,0.603,-1.0,-0.598,0.0,0.0,0.0,0.0,1.0,0.943
w10s-obj-off-s62,w10s-obj-off,62,4918272,0.18,0.639,-1.0,-0.6089,0.0,0.0,0.0,0.0,1.0,0.943
w10s-obj-off-s62,w10s-obj-off,62,4948992,0.2,0.619,-1.0,-0.5814,0.0,0.0,0.0,0.0,1.0,0.943
w10s-obj-off-s62,w10s-obj-off,62,4979712,0.24,0.658,-1.0,-0.5684,0.0,0.0,0.0,0.0,1.0,0.943
w10s-obj-off-s62,w10s-obj-off,62,5010432,0.18,0.64,-1.0,-0.6278,0.0,0.0,0.0,0.0,1.0,0.943
w10s-obj-off-s62,w10s-obj-off,62,5041152,0.09,0.552,-1.0,-0.4063,0.0,0.0,0.0,0.0,1.0,0.943
w10s-obj-off-s62,w10s-obj-off,62,5071872,0.18,0.624,-1.0,-0.6511,0.0,0.0,0.0,0.0,1.0,0.943
w10s-obj-off-s62,w10s-obj-off,62,5102592,0.2,0.636,-1.0,-0.4739,0.0,0.0,0.0,0.0,1.0,0.943
w10s-obj-off-s62,w10s-obj-off,62,5133312,0.22,0.663,-1.0,-0.5612,0.0,0.0,0.0,0.0,1.0,0.943
w10s-obj-off-s62,w10s-obj-off,62,5164032,0.17,0.639,-1.0,-0.5179,0.0,0.0,0.0,0.0,1.0,0.943
w10s-obj-off-s62,w10s-obj-off,62,5194752,0.18,0.623,-1.0,-0.356,0.0,0.0,0.0,0.0,1.0,0.943
w10s-obj-off-s62,w10s-obj-off,62,5225472,0.25,0.666,-1.0,-0.612,0.0,0.0,0.0,0.0,1.0,0.943
w10s-obj-off-s62,w10s-obj-off,62,5256192,0.15,0.589,-1.0,-0.4454,0.0,0.0,0.0,0.0,1.0,0.943
w10s-obj-off-s62,w10s-obj-off,62,5286912,0.14,0.597,-1.0,-0.5275,0.0,0.0,0.0,0.0,1.0,0.943
w10s-obj-off-s62,w10s-obj-off,62,5317632,0.24,0.694,-1.0,-0.3957,0.0,0.0,0.0,0.0,1.0,0.943
w10s-obj-off-s62,w10s-obj-off,62,5348352,0.26,0.699,-1.0,-0.5534,0.0,0.0,0.0,0.0,1.0,0.943
w10s-obj-off-s62,w10s-obj-off,62,5379072,0.23,0.664,-1.0,-0.4624,0.0,0.0,0.0,0.0,1.0,0.943
w10s-obj-off-s62,w10s-obj-off,62,5409792,0.27,0.707,-1.0,-0.6245,0.0,0.0,0.0,0.0,1.0,0.943
w10s-obj-off-s62,w10s-obj-off,62,5440512,0.25,0.714,-1.0,-0.5007,0.0,0.0,0.0,0.0,1.0,0.943
w10s-obj-off-s62,w10s-obj-off,62,5471232,0.26,0.704,-1.0,-0.4914,0.0,0.0,0.0,0.0,1.0,0.943
w10s-obj-off-s62,w10s-obj-off,62,5501952,0.26,0.677,-1.0,-0.4647,0.0,0.0,0.0,0.0,1.0,0.943
w10s-obj-off-s62,w10s-obj-off,62,5532672,0.25,0.689,-1.0,-0.2807,0.0,0.0,0.0,0.0,1.0,0.943
w10s-obj-off-s62,w10s-obj-off,62,5563392,0.24,0.706,-1.0,-0.4597,0.0,0.0,0.0,0.0,1.0,0.943
w10s-obj-off-s62,w10s-obj-off,62,5594112,0.19,0.677,-1.0,-0.4854,0.0,0.0,0.0,0.0,1.0,0.943
w10s-obj-off-s62,w10s-obj-off,62,5624832,0.18,0.631,-1.0,-0.4081,0.0,0.0,0.0,0.0,1.0,0.943
w10s-obj-off-s62,w10s-obj-off,62,5655552,0.22,0.678,-1.0,-0.3692,0.0,0.0,0.0,0.0,1.0,0.943
w10s-obj-off-s62,w10s-obj-off,62,5686272,0.36,0.81,-1.0,-0.4601,0.0,0.0,0.0,0.0,1.0,0.943
w10s-obj-off-s62,w10s-obj-off,62,5716992,0.21,0.647,-1.0,-0.4632,0.0,0.0,0.0,0.0,1.0,0.943
w10s-obj-off-s62,w10s-obj-off,62,5747712,0.15,0.618,-1.0,-0.5572,0.0,0.0,0.0,0.0,1.0,0.943
w10s-obj-off-s62,w10s-obj-off,62,5778432,0.21,0.664,-1.0,-0.5839,0.0,0.0,0.0,0.0,1.0,0.943
w10s-obj-off-s62,w10s-obj-off,62,5809152,0.21,0.632,-1.0,-0.5958,0.0,0.0,0.0,0.0,1.0,0.943
w10s-obj-off-s62,w10s-obj-off,62,5839872,0.23,0.663,-1.0,-0.6063,0.0,0.0,0.0,0.0,1.0,0.943
w10s-obj-off-s62,w10s-obj-off,62,5870592,0.19,0.656,-1.0,-0.5332,0.0,0.0,0.0,0.0,1.0,0.943
w10s-obj-off-s62,w10s-obj-off,62,5901312,0.23,0.651,-1.0,-0.3248,0.0,0.0,0.0,0.0,1.0,0.943
w10s-obj-off-s62,w10s-obj-off,62,5932032,0.18,0.657,-1.0,-0.4662,0.0,0.0,0.0,0.0,1.0,0.943
w10s-obj-off-s62,w10s-obj-off,62,5962752,0.23,0.659,-1.0,-0.3046,0.0,0.0,0.0,0.0,1.0,0.943
w10s-obj-off-s62,w10s-obj-off,62,5993472,0.21,0.674,-1.0,-0.5064,0.0,0.0,0.0,0.0,1.0,0.943
w10s-obj-off-s62,w10s-obj-off,62,6024192,0.31,0.762,-1.0,-0.4851,0.0,0.0,0.0,0.0,1.0,0.943
w10s-obj-off-s62,w10s-obj-off,62,6054912,0.29,0.738,-1.0,-0.2303,0.0,0.0,0.0,0.0,1.0,0.943
w10s-obj-off-s62,w10s-obj-off,62,6085632,0.25,0.73,-1.0,-0.3792,0.0,0.0,0.0,0.0,1.0,0.943
w10s-obj-off-s62,w10s-obj-off,62,6116352,0.26,0.699,-1.0,-0.2602,0.0,0.0,0.0,0.0,1.0,0.943
w10s-obj-off-s62,w10s-obj-off,62,6147072,0.26,0.714,-1.0,-0.2283,0.0,0.0,0.0,0.0,1.0,0.943
w10s-obj-off-s62,w10s-obj-off,62,6177792,0.28,0.659,-1.0,-0.3552,0.0,0.0,0.0,0.0,1.0,0.943
w10s-obj-off-s62,w10s-obj-off,62,6208512,0.31,0.74,-1.0,-0.4903,0.0,0.0,0.0,0.0,1.0,0.943
w10s-obj-off-s62,w10s-obj-off,62,6239232,0.33,0.732,-1.0,-0.403,0.0,0.0,0.0,0.0,1.0,0.943
w10s-obj-off-s62,w10s-obj-off,62,6269952,0.3,0.698,-1.0,-0.2994,0.0,0.0,0.0,0.0,1.0,0.943
w10s-obj-off-s62,w10s-obj-off,62,6300672,0.31,0.732,-1.0,-0.3644,0.0,0.0,0.0,0.0,1.0,0.943
w10s-obj-off-s62,w10s-obj-off,62,6331392,0.34,0.736,-1.0,-0.2049,0.0,0.0,0.0,0.0,1.0,0.943
w10s-obj-off-s62,w10s-obj-off,62,6362112,0.26,0.693,-1.0,-0.3766,0.0,0.0,0.0,0.0,1.0,0.943
w10s-obj-off-s62,w10s-obj-off,62,6392832,0.32,0.778,-1.0,-0.4234,0.0,0.0,0.0,0.0,1.0,0.943
w10s-obj-off-s62,w10s-obj-off,62,6423552,0.18,0.636,-1.0,-0.4971,0.0,0.0,0.0,0.0,1.0,0.943
w10s-obj-off-s62,w10s-obj-off,62,6454272,0.32,0.76,-1.0,-0.3625,0.0,0.0,0.0,0.0,1.0,0.943
w10s-obj-off-s62,w10s-obj-off,62,6484992,0.28,0.717,-1.0,-0.3594,0.0,0.0,0.0,0.0,1.0,0.943
w10s-obj-off-s62,w10s-obj-off,62,6515712,0.29,0.727,-1.0,-0.2202,0.0,0.0,0.0,0.0,1.0,0.943
w10s-obj-off-s62,w10s-obj-off,62,6546432,0.28,0.693,-1.0,-0.4162,0.0,0.0,0.0,0.0,1.0,0.943
w10s-obj-off-s62,w10s-obj-off,62,6577152,0.29,0.733,-1.0,-0.4484,0.0,0.0,0.0,0.0,1.0,0.943
w10s-obj-off-s62,w10s-obj-off,62,6607872,0.28,0.692,-1.0,-0.3634,0.0,0.0,0.0,0.0,1.0,0.943
w10s-obj-off-s62,w10s-obj-off,62,6638592,0.3,0.697,-1.0,-0.2962,0.0,0.0,0.0,0.0,1.0,0.943
w10s-obj-off-s62,w10s-obj-off,62,6669312,0.3,0.745,-1.0,-0.3819,0.0,0.0,0.0,0.0,1.0,0.943
w10s-obj-off-s62,w10s-obj-off,62,6700032,0.36,0.769,-1.0,-0.4324,0.0,0.0,0.0,0.0,1.0,0.943
w10s-obj-off-s62,w10s-obj-off,62,6730752,0.28,0.709,-1.0,-0.1832,0.0,0.0,0.0,0.0,1.0,0.943
w10s-obj-off-s62,w10s-obj-off,62,6761472,0.36,0.758,-1.0,-0.3218,0.0,0.0,0.0,0.0,1.0,0.943
w10s-obj-off-s62,w10s-obj-off,62,6792192,0.29,0.71,-1.0,-0.2102,0.0,0.0,0.0,0.0,1.0,0.943
w10s-obj-off-s62,w10s-obj-off,62,6822912,0.35,0.768,-1.0,-0.2543,0.0,0.0,0.0,0.0,1.0,0.943
w10s-obj-off-s62,w10s-obj-off,62,6853632,0.27,0.69,-1.0,-0.3569,0.0,0.0,0.0,0.0,1.0,0.943
w10s-obj-off-s62,w10s-obj-off,62,6884352,0.3,0.709,-1.0,-0.1755,0.0,0.0,0.0,0.0,1.0,0.943
w10s-obj-off-s62,w10s-obj-off,62,6915072,0.3,0.693,-1.0,-0.3007,0.0,0.0,0.0,0.0,1.0,0.943
w10s-obj-off-s62,w10s-obj-off,62,6945792,0.29,0.717,-1.0,-0.4004,0.0,0.0,0.0,0.0,1.0,0.943
w10s-obj-off-s62,w10s-obj-off,62,6976512,0.37,0.792,-1.0,-0.4508,0.0,0.0,0.0,0.0,1.0,0.943
w10s-obj-off-s62,w10s-obj-off,62,7007232,0.28,0.724,-1.0,-0.3179,0.0,0.0,0.0,0.0,1.0,0.943
w10s-obj-off-s62,w10s-obj-off,62,7037952,0.32,0.741,-1.0,-0.4885,0.0,0.0,0.0,0.0,1.0,0.943
w10s-obj-off-s62,w10s-obj-off,62,7068672,0.33,0.739,-1.0,-0.2966,0.0,0.0,0.0,0.0,1.0,0.943
w10s-obj-off-s62,w10s-obj-off,62,7099392,0.33,0.719,-1.0,-0.2322,0.0,0.0,0.0,0.0,1.0,0.943
w10s-obj-off-s62,w10s-obj-off,62,7130112,0.28,0.729,-1.0,-0.2591,0.0,0.0,0.0,0.0,1.0,0.943
w10s-obj-off-s62,w10s-obj-off,62,7160832,0.39,0.831,-1.0,-0.2763,0.0,0.0,0.0,0.0,1.0,0.943
w10s-obj-off-s62,w10s-obj-off,62,7191552,0.28,0.674,-1.0,0.1412,0.0,0.0,0.0,0.0,1.0,0.943
w10s-obj-off-s62,w10s-obj-off,62,7222272,0.42,0.813,-1.0,-0.4698,0.0,0.0,0.0,0.0,1.0,0.943
w10s-obj-off-s62,w10s-obj-off,62,7252992,0.35,0.758,-1.0,-0.4585,0.0,0.0,0.0,0.0,1.0,0.942
w10s-obj-off-s62,w10s-obj-off,62,7283712,0.31,0.748,-1.0,-0.2527,0.0,0.0,0.0,0.0,1.0,0.942
w10s-obj-off-s62,w10s-obj-off,62,7314432,0.35,0.73,-1.0,-0.2698,0.0,0.0,0.0,0.0,1.0,0.942
w10s-obj-off-s62,w10s-obj-off,62,7345152,0.34,0.744,-1.0,-0.2589,0.0,0.0,0.0,0.0,1.0,0.942
w10s-obj-off-s62,w10s-obj-off,62,7375872,0.28,0.732,-1.0,-0.2074,0.0,0.0,0.0,0.0,1.0,0.942
w10s-obj-off-s62,w10s-obj-off,62,7406592,0.28,0.667,-1.0,-0.1178,0.0,0.0,0.0,0.0,1.0,0.942
w10s-obj-off-s62,w10s-obj-off,62,7437312,0.32,0.704,-1.0,-0.2045,0.0,0.0,0.0,0.0,1.0,0.942
w10s-obj-off-s62,w10s-obj-off,62,7468032,0.34,0.768,-1.0,-0.0941,0.0,0.0,0.0,0.0,1.0,0.942
w10s-obj-off-s62,w10s-obj-off,62,7498752,0.29,0.716,-1.0,-0.3161,0.0,0.0,0.0,0.0,1.0,0.942
w10s-obj-off-s62,w10s-obj-off,62,7529472,0.22,0.649,-1.0,-0.444,0.0,0.0,0.0,0.0,1.0,0.942
w10s-obj-off-s62,w10s-obj-off,62,7560192,0.29,0.758,-1.0,-0.3703,0.0,0.0,0.0,0.0,1.0,0.942
w10s-obj-off-s62,w10s-obj-off,62,7590912,0.31,0.718,-1.0,-0.4581,0.0,0.0,0.0,0.0,1.0,0.942
w10s-obj-off-s62,w10s-obj-off,62,7621632,0.31,0.73,-1.0,-0.2339,0.0,0.0,0.0,0.0,1.0,0.942
w10s-obj-off-s62,w10s-obj-off,62,7652352,0.34,0.77,-1.0,-0.0649,0.0,0.0,0.0,0.0,1.0,0.942
w10s-obj-off-s62,w10s-obj-off,62,7683072,0.3,0.702,-1.0,-0.2751,0.0,0.0,0.0,0.0,1.0,0.942
w10s-obj-off-s62,w10s-obj-off,62,7713792,0.38,0.835,-1.0,-0.2871,0.0,0.0,0.0,0.0,1.0,0.942
w10s-obj-off-s62,w10s-obj-off,62,7744512,0.31,0.711,-1.0,-0.2645,0.0,0.0,0.0,0.0,1.0,0.942
w10s-obj-off-s62,w10s-obj-off,62,7775232,0.31,0.729,-1.0,-0.3429,0.0,0.0,0.0,0.0,1.0,0.942
w10s-obj-off-s62,w10s-obj-off,62,7805952,0.32,0.757,-1.0,-0.1392,0.0,0.0,0.0,0.0,1.0,0.942
w10s-obj-off-s62,w10s-obj-off,62,7836672,0.25,0.692,-1.0,-0.1713,0.0,0.0,0.0,0.0,1.0,0.942
w10s-obj-off-s62,w10s-obj-off,62,7867392,0.31,0.762,-1.0,-0.1688,0.0,0.0,0.0,0.0,1.0,0.942
w10s-obj-off-s62,w10s-obj-off,62,7898112,0.37,0.775,-1.0,-0.3056,0.0,0.0,0.0,0.0,1.0,0.942
w10s-obj-off-s62,w10s-obj-off,62,7928832,0.34,0.773,-1.0,-0.1964,0.0,0.0,0.0,0.0,1.0,0.942
w10s-obj-off-s62,w10s-obj-off,62,7959552,0.26,0.683,-1.0,0.2244,0.0,0.0,0.0,0.0,1.0,0.942
w10s-obj-off-s62,w10s-obj-off,62,7990272,0.36,0.762,-1.0,-0.2805,0.0,0.0,0.0,0.0,1.0,0.942
w10s-obj-off-s62,w10s-obj-off,62,8020992,0.16,0.629,-1.0,-0.1856,0.0,0.0,0.0,0.0,1.0,0.942
w10s-obj-off-s62,w10s-obj-off,62,8051712,0.42,0.805,-1.0,-0.1008,0.0,0.0,0.0,0.0,1.0,0.942
w10s-obj-off-s62,w10s-obj-off,62,8082432,0.35,0.764,-1.0,-0.0978,0.0,0.0,0.0,0.0,1.0,0.941
w10s-obj-off-s62,w10s-obj-off,62,8113152,0.3,0.716,-1.0,-0.1378,0.0,0.0,0.0,0.0,1.0,0.941
w10s-obj-off-s62,w10s-obj-off,62,8143872,0.36,0.773,-1.0,-0.155,0.0,0.0,0.0,0.0,1.0,0.941
w10s-obj-off-s62,w10s-obj-off,62,8174592,0.29,0.746,-1.0,-0.137,0.0,0.0,0.0,0.0,1.0,0.941
w10s-obj-off-s62,w10s-obj-off,62,8205312,0.44,0.825,-1.0,-0.2704,0.0,0.0,0.0,0.0,1.0,0.941
w10s-obj-off-s62,w10s-obj-off,62,8236032,0.32,0.746,-1.0,-0.2777,0.0,0.0,0.0,0.0,1.0,0.941
w10s-obj-off-s62,w10s-obj-off,62,8266752,0.41,0.81,-1.0,-0.1564,0.0,0.0,0.0,0.0,1.0,0.941
w10s-obj-off-s62,w10s-obj-off,62,8297472,0.35,0.781,-1.0,-0.1822,0.0,0.0,0.0,0.0,1.0,0.941
w10s-obj-off-s62,w10s-obj-off,62,8328192,0.38,0.775,-1.0,-0.0633,0.0,0.0,0.0,0.0,1.0,0.941
w10s-obj-off-s62,w10s-obj-off,62,8358912,0.3,0.713,-1.0,-0.1112,0.0,0.0,0.0,0.0,1.0,0.941
w10s-obj-off-s62,w10s-obj-off,62,8389632,0.38,0.758,-1.0,-0.2607,0.0,0.0,0.0,0.0,1.0,0.941
w10s-obj-off-s62,w10s-obj-off,62,8420352,0.35,0.79,-1.0,-0.4009,0.0,0.0,0.0,0.0,1.0,0.941
w10s-obj-off-s62,w10s-obj-off,62,8451072,0.35,0.743,-1.0,0.0571,0.0,0.0,0.0,0.0,1.0,0.941
w10s-obj-off-s62,w10s-obj-off,62,8481792,0.42,0.819,-1.0,0.0576,0.0,0.0,0.0,0.0,1.0,0.941
w10s-obj-off-s62,w10s-obj-off,62,8512512,0.27,0.687,-1.0,-0.2154,0.0,0.0,0.0,0.0,1.0,0.941
w10s-obj-off-s62,w10s-obj-off,62,8543232,0.4,0.836,-1.0,-0.2888,0.0,0.0,0.0,0.0,1.0,0.941
w10s-obj-off-s62,w10s-obj-off,62,8573952,0.4,0.818,-1.0,-0.1426,0.0,0.0,0.0,0.0,1.0,0.941
w10s-obj-off-s62,w10s-obj-off,62,8604672,0.41,0.813,-1.0,-0.4392,0.0,0.0,0.0,0.0,1.0,0.941
w10s-obj-off-s62,w10s-obj-off,62,8635392,0.36,0.785,-1.0,-0.1971,0.0,0.0,0.0,0.0,1.0,0.941
w10s-obj-off-s62,w10s-obj-off,62,8666112,0.46,0.878,-1.0,-0.0649,0.0,0.0,0.0,0.0,1.0,0.941
w10s-obj-off-s62,w10s-obj-off,62,8696832,0.37,0.812,-1.0,-0.2804,0.0,0.0,0.0,0.0,1.0,0.94
w10s-obj-off-s62,w10s-obj-off,62,8727552,0.37,0.787,-1.0,-0.233,0.0,0.0,0.0,0.0,1.0,0.94
w10s-obj-off-s62,w10s-obj-off,62,8758272,0.46,0.867,-1.0,0.1417,0.0,0.0,0.0,0.0,1.0,0.94
w10s-obj-off-s62,w10s-obj-off,62,8788992,0.38,0.822,-1.0,-0.2343,0.0,0.0,0.0,0.0,1.0,0.94
w10s-obj-off-s62,w10s-obj-off,62,8819712,0.4,0.835,-1.0,-0.0582,0.0,0.0,0.0,0.0,1.0,0.94
w10s-obj-off-s62,w10s-obj-off,62,8850432,0.42,0.843,-1.0,0.0207,0.0,0.0,0.0,0.0,1.0,0.94
w10s-obj-off-s62,w10s-obj-off,62,8881152,0.38,0.778,-1.0,0.0487,0.0,0.0,0.0,0.0,1.0,0.94
w10s-obj-off-s62,w10s-obj-off,62,8911872,0.43,0.866,-1.0,-0.0153,0.0,0.0,0.0,0.0,1.0,0.94
w10s-obj-off-s62,w10s-obj-off,62,8942592,0.35,0.785,-1.0,-0.1383,0.0,0.0,0.0,0.0,1.0,0.94
w10s-obj-off-s62,w10s-obj-off,62,8973312,0.42,0.82,-1.0,0.0084,0.0,0.0,0.0,0.0,1.0,0.94
w10s-obj-off-s62,w10s-obj-off,62,9004032,0.4,0.857,-1.0,0.0435,0.0,0.0,0.0,0.0,1.0,0.94
w10s-obj-off-s62,w10s-obj-off,62,9034752,0.43,0.855,-1.0,0.0772,0.0,0.0,0.0,0.0,1.0,0.94
w10s-obj-off-s62,w10s-obj-off,62,9065472,0.39,0.797,-1.0,-0.1007,0.0,0.0,0.0,0.0,1.0,0.94
w10s-obj-off-s62,w10s-obj-off,62,9096192,0.43,0.884,-1.0,0.0519,0.0,0.0,0.0,0.0,1.0,0.94
w10s-obj-off-s62,w10s-obj-off,62,9126912,0.44,0.868,-1.0,-0.161,0.0,0.0,0.0,0.0,1.0,0.94
w10s-obj-off-s62,w10s-obj-off,62,9157632,0.39,0.832,-1.0,0.1873,0.0,0.0,0.0,0.0,1.0,0.94
w10s-obj-off-s62,w10s-obj-off,62,9188352,0.42,0.832,-1.0,-0.0125,0.0,0.0,0.0,0.0,1.0,0.939
w10s-obj-off-s62,w10s-obj-off,62,9219072,0.41,0.821,-1.0,-0.2191,0.0,0.0,0.0,0.0,1.0,0.939
w10s-obj-off-s62,w10s-obj-off,62,9249792,0.44,0.866,-1.0,-0.0674,0.0,0.0,0.0,0.0,1.0,0.939
w10s-obj-off-s62,w10s-obj-off,62,9280512,0.43,0.874,-1.0,-0.103,0.0,0.0,0.0,0.0,1.0,0.939
w10s-obj-off-s62,w10s-obj-off,62,9311232,0.4,0.841,-1.0,0.0121,0.0,0.0,0.0,0.0,1.0,0.939
w10s-obj-off-s62,w10s-obj-off,62,9341952,0.45,0.88,-1.0,0.0552,0.0,0.0,0.0,0.0,1.0,0.939
w10s-obj-off-s62,w10s-obj-off,62,9372672,0.4,0.857,-1.0,0.3114,0.0,0.0,0.0,0.0,1.0,0.939
w10s-obj-off-s62,w10s-obj-off,62,9403392,0.48,0.921,-1.0,0.2232,0.0,0.0,0.0,0.0,1.0,0.939
w10s-obj-off-s62,w10s-obj-off,62,9434112,0.39,0.807,-1.0,-0.1237,0.0,0.0,0.0,0.0,1.0,0.939
w10s-obj-off-s62,w10s-obj-off,62,9464832,0.45,0.872,-1.0,0.0583,0.0,0.0,0.0,0.0,1.0,0.939
w10s-obj-off-s62,w10s-obj-off,62,9495552,0.43,0.833,-1.0,0.0706,0.0,0.0,0.0,0.0,1.0,0.939
w10s-obj-off-s62,w10s-obj-off,62,9526272,0.54,0.945,-1.0,0.0144,0.0,0.0,0.0,0.0,1.0,0.939
w10s-obj-off-s62,w10s-obj-off,62,9556992,0.44,0.86,-1.0,0.1506,0.0,0.0,0.0,0.0,1.0,0.939
w10s-obj-off-s62,w10s-obj-off,62,9587712,0.45,0.943,-1.0,0.2689,0.0,0.0,0.0,0.0,1.0,0.939
w10s-obj-off-s62,w10s-obj-off,62,9618432,0.41,0.82,-1.0,0.0789,0.0,0.0,0.0,0.0,1.0,0.938
w10s-obj-off-s62,w10s-obj-off,62,9649152,0.5,0.908,-1.0,0.1252,0.0,0.0,0.0,0.0,1.0,0.938
w10s-obj-off-s62,w10s-obj-off,62,9679872,0.46,0.896,-1.0,0.0474,0.0,0.0,0.0,0.0,1.0,0.938
w10s-obj-off-s62,w10s-obj-off,62,9710592,0.47,0.926,-1.0,0.2807,0.0,0.0,0.0,0.0,1.0,0.938
w10s-obj-off-s62,w10s-obj-off,62,9741312,0.55,0.932,-1.0,0.0392,0.0,0.0,0.0,0.0,1.0,0.938
w10s-obj-off-s62,w10s-obj-off,62,9772032,0.47,0.908,-1.0,0.1061,0.0,0.0,0.0,0.0,1.0,0.938
w10s-obj-off-s62,w10s-obj-off,62,9802752,0.38,0.877,-1.0,0.2014,0.0,0.0,0.0,0.0,1.0,0.938
w10s-obj-off-s62,w10s-obj-off,62,9833472,0.47,0.963,-1.0,0.2986,0.0,0.0,0.0,0.0,1.0,0.938
w10s-obj-off-s62,w10s-obj-off,62,9864192,0.47,0.955,-1.0,-0.0553,0.0,0.0,0.0,0.0,1.0,0.938
w10s-obj-off-s62,w10s-obj-off,62,9894912,0.5,0.938,-1.0,0.1636,0.0,0.0,0.0,0.0,1.0,0.938
w10s-obj-off-s62,w10s-obj-off,62,9925632,0.5,0.919,-1.0,0.4014,0.0,0.0,0.0,0.0,1.0,0.938
w10s-obj-off-s62,w10s-obj-off,62,9956352,0.53,0.994,-1.0,0.1656,0.0,0.0,0.0,0.0,1.0,0.938
w10s-obj-off-s62,w10s-obj-off,62,9987072,0.47,0.911,-1.0,0.2075,0.0,0.0,0.0,0.0,1.0,0.938
w10s-obj-off-s62,w10s-obj-off,62,10017792,0.39,0.85,-1.0,0.2469,0.0,0.0,0.0,0.0,1.0,0.937
w10s-obj-off-s62,w10s-obj-off,62,10048512,0.52,0.971,-1.0,-0.0849,0.0,0.0,0.0,0.0,1.0,0.937
w10s-obj-off-s62,w10s-obj-off,62,10079232,0.48,0.947,-1.0,0.3044,0.0,0.0,0.0,0.0,1.0,0.937
w10s-obj-off-s62,w10s-obj-off,62,10109952,0.43,0.858,-1.0,0.2923,0.0,0.0,0.0,0.0,1.0,0.937
w10s-obj-off-s62,w10s-obj-off,62,10140672,0.47,0.928,-1.0,0.0716,0.0,0.0,0.0,0.0,1.0,0.937
w10s-obj-off-s62,w10s-obj-off,62,10171392,0.44,0.901,-1.0,0.4025,0.0,0.0,0.0,0.0,1.0,0.937
w10s-obj-off-s62,w10s-obj-off,62,10202112,0.47,0.888,-1.0,0.2513,0.0,0.0,0.0,0.0,1.0,0.937
w10s-obj-off-s62,w10s-obj-off,62,10232832,0.49,0.958,-1.0,0.2431,0.0,0.0,0.0,0.0,1.0,0.937
w10s-obj-off-s62,w10s-obj-off,62,10263552,0.45,0.906,-1.0,0.0259,0.0,0.0,0.0,0.0,1.0,0.937
w10s-obj-off-s62,w10s-obj-off,62,10294272,0.43,0.86,-1.0,0.0593,0.0,0.0,0.0,0.0,1.0,0.937
w10s-obj-off-s62,w10s-obj-off,62,10324992,0.51,0.958,-1.0,0.2412,0.0,0.0,0.0,0.0,1.0,0.937
w10s-obj-off-s62,w10s-obj-off,62,10355712,0.5,0.942,-1.0,0.1494,0.0,0.0,0.0,0.0,1.0,0.936
w10s-obj-off-s62,w10s-obj-off,62,10386432,0.52,0.984,-1.0,0.236,0.0,0.0,0.0,0.0,1.0,0.936
w10s-obj-off-s62,w10s-obj-off,62,10417152,0.43,0.889,-1.0,0.2047,0.0,0.0,0.0,0.0,1.0,0.936
w10s-obj-off-s62,w10s-obj-off,62,10447872,0.54,0.997,-1.0,0.3171,0.0,0.0,0.0,0.0,1.0,0.936
w10s-obj-off-s62,w10s-obj-off,62,10478592,0.49,0.929,-1.0,0.2132,0.0,0.0,0.0,0.0,1.0,0.936
w10s-obj-off-s62,w10s-obj-off,62,10509312,0.54,1.004,-1.0,0.293,0.0,0.0,0.0,0.0,1.0,0.936
w10s-obj-off-s62,w10s-obj-off,62,10540032,0.53,0.951,-1.0,-0.0181,0.0,0.0,0.0,0.0,1.0,0.936
w10s-obj-off-s62,w10s-obj-off,62,10570752,0.55,0.998,-1.0,-0.0194,0.0,0.0,0.0,0.0,1.0,0.936
w10s-obj-off-s62,w10s-obj-off,62,10601472,0.53,1.033,-1.0,0.0234,0.0,0.0,0.0,0.0,1.0,0.936
w10s-obj-off-s62,w10s-obj-off,62,10632192,0.53,0.974,-1.0,0.2754,0.0,0.0,0.0,0.0,1.0,0.936
w10s-obj-off-s62,w10s-obj-off,62,10662912,0.45,0.935,-1.0,0.374,0.0,0.0,0.0,0.0,1.0,0.936
w10s-obj-off-s62,w10s-obj-off,62,10693632,0.54,0.976,-1.0,0.0092,0.0,0.0,0.0,0.0,1.0,0.935
w10s-obj-off-s62,w10s-obj-off,62,10724352,0.54,0.983,-1.0,0.3424,0.0,0.0,0.0,0.0,1.0,0.935
w10s-obj-off-s62,w10s-obj-off,62,10755072,0.57,1.013,-1.0,0.2702,0.0,0.0,0.0,0.0,1.0,0.935
w10s-obj-off-s62,w10s-obj-off,62,10785792,0.56,1.016,-1.0,0.3875,0.0,0.0,0.0,0.0,1.0,0.935
w10s-obj-off-s62,w10s-obj-off,62,10816512,0.48,0.96,-1.0,0.2921,0.0,0.0,0.0,0.0,1.0,0.935
w10s-obj-off-s62,w10s-obj-off,62,10847232,0.56,1.023,-1.0,0.1588,0.0,0.0,0.0,0.0,1.0,0.935
w10s-obj-off-s62,w10s-obj-off,62,10877952,0.59,1.047,-1.0,0.3558,0.0,0.0,0.0,0.0,1.0,0.935
w10s-obj-off-s62,w10s-obj-off,62,10908672,0.61,1.069,-1.0,0.2475,0.0,0.0,0.0,0.0,1.0,0.935
w10s-obj-off-s62,w10s-obj-off,62,10939392,0.55,1.03,-1.0,0.3256,0.0,0.0,0.0,0.0,1.0,0.935
w10s-obj-off-s62,w10s-obj-off,62,10970112,0.58,1.04,-1.0,0.1599,0.0,0.0,0.0,0.0,1.0,0.935
w10s-obj-off-s62,w10s-obj-off,62,11000832,0.56,1.032,-1.0,0.3665,0.0,0.0,0.0,0.0,1.0,0.934
w10s-obj-off-s62,w10s-obj-off,62,11031552,0.58,1.063,-1.0,0.4236,0.0,0.0,0.0,0.0,1.0,0.934
w10s-obj-off-s62,w10s-obj-off,62,11062272,0.52,1.026,-1.0,0.3457,0.0,0.0,0.0,0.0,1.0,0.934
w10s-obj-off-s62,w10s-obj-off,62,11092992,0.63,1.095,-1.0,0.4763,0.0,0.0,0.0,0.0,1.0,0.934
w10s-obj-off-s62,w10s-obj-off,62,11123712,0.55,1.033,-1.0,0.5136,0.0,0.0,0.0,0.0,1.0,0.934
w10s-obj-off-s62,w10s-obj-off,62,11154432,0.51,0.988,-1.0,0.3654,0.0,0.0,0.0,0.0,1.0,0.934
w10s-obj-off-s62,w10s-obj-off,62,11185152,0.6,1.099,-1.0,0.2725,0.0,0.0,0.0,0.0,1.0,0.934
w10s-obj-off-s62,w10s-obj-off,62,11215872,0.56,1.039,-1.0,0.4174,0.0,0.0,0.0,0.0,1.0,0.934
w10s-obj-off-s62,w10s-obj-off,62,11246592,0.54,1.03,-1.0,0.4272,0.0,0.0,0.0,0.0,1.0,0.934
w10s-obj-off-s62,w10s-obj-off,62,11277312,0.51,1.015,-1.0,0.4224,0.0,0.0,0.0,0.0,1.0,0.934
w10s-obj-off-s62,w10s-obj-off,62,11308032,0.57,1.07,-1.0,0.3029,0.0,0.0,0.0,0.0,1.0,0.933
w10s-obj-off-s62,w10s-obj-off,62,11338752,0.65,1.091,-1.0,0.3528,0.0,0.0,0.0,0.0,1.0,0.933
w10s-obj-off-s62,w10s-obj-off,62,11369472,0.54,1.016,-1.0,0.301,0.0,0.0,0.0,0.0,1.0,0.933
w10s-obj-off-s62,w10s-obj-off,62,11400192,0.64,1.104,-1.0,0.2853,0.0,0.0,0.0,0.0,1.0,0.933
w10s-obj-off-s62,w10s-obj-off,62,11430912,0.57,1.057,-1.0,0.3375,0.0,0.0,0.0,0.0,1.0,0.933
w10s-obj-off-s62,w10s-obj-off,62,11461632,0.56,1.055,-1.0,0.4679,0.0,0.0,0.0,0.0,1.0,0.933
w10s-obj-off-s62,w10s-obj-off,62,11492352,0.62,1.089,-1.0,0.3063,0.0,0.0,0.0,0.0,1.0,0.933
w10s-obj-off-s62,w10s-obj-off,62,11523072,0.61,1.123,-1.0,0.5003,0.0,0.0,0.0,0.0,1.0,0.933
w10s-obj-off-s62,w10s-obj-off,62,11553792,0.62,1.104,-1.0,0.4291,0.0,0.0,0.0,0.0,1.0,0.933
w10s-obj-off-s62,w10s-obj-off,62,11584512,0.65,1.114,-1.0,0.3231,0.0,0.0,0.0,0.0,1.0,0.933
w10s-obj-off-s62,w10s-obj-off,62,11615232,0.58,1.043,-1.0,0.2949,0.0,0.0,0.0,0.0,1.0,0.932
w10s-obj-off-s62,w10s-obj-off,62,11645952,0.6,1.048,-1.0,0.4683,0.0,0.0,0.0,0.0,1.0,0.932
w10s-obj-off-s62,w10s-obj-off,62,11676672,0.68,1.145,-1.0,0.4222,0.0,0.0,0.0,0.0,1.0,0.932
w10s-obj-off-s62,w10s-obj-off,62,11707392,0.59,1.068,-1.0,0.5117,0.0,0.0,0.0,0.0,1.0,0.932
w10s-obj-off-s62,w10s-obj-off,62,11738112,0.64,1.074,-1.0,0.4194,0.0,0.0,0.0,0.0,1.0,0.932
w10s-obj-off-s62,w10s-obj-off,62,11768832,0.71,1.181,-1.0,0.3438,0.0,0.0,0.0,0.0,1.0,0.932
w10s-obj-off-s62,w10s-obj-off,62,11799552,0.57,1.045,-1.0,0.2383,0.0,0.0,0.0,0.0,1.0,0.932
w10s-obj-off-s62,w10s-obj-off,62,11830272,0.7,1.131,-1.0,0.5701,0.0,0.0,0.0,0.0,1.0,0.932
w10s-obj-off-s62,w10s-obj-off,62,11860992,0.67,1.134,-1.0,0.321,0.0,0.0,0.0,0.0,1.0,0.932
w10s-obj-off-s62,w10s-obj-off,62,11891712,0.64,1.09,-1.0,0.5657,0.0,0.0,0.0,0.0,1.0,0.932
w10s-obj-off-s62,w10s-obj-off,62,11922432,0.58,1.037,-1.0,0.462,0.0,0.0,0.0,0.0,1.0,0.931
w10s-obj-off-s62,w10s-obj-off,62,11953152,0.75,1.189,-1.0,0.4288,0.0,0.0,0.0,0.0,1.0,0.931
w10s-obj-off-s62,w10s-obj-off,62,11983872,0.67,1.128,-1.0,0.6118,0.0,0.0,0.0,0.0,1.0,0.931
w10s-obj-off-s62,w10s-obj-off,62,12014592,0.66,1.155,-1.0,0.448,0.0,0.0,0.0,0.0,1.0,0.931
w10s-obj-off-s62,w10s-obj-off,62,12045312,0.63,1.104,-1.0,0.4328,0.0,0.0,0.0,0.0,1.0,0.931
w10s-obj-off-s62,w10s-obj-off,62,12076032,0.57,1.065,-1.0,0.4491,0.0,0.0,0.0,0.0,1.0,0.931
w10s-obj-off-s62,w10s-obj-off,62,12106752,0.69,1.132,-1.0,0.7134,0.0,0.0,0.0,0.0,1.0,0.931
w10s-obj-off-s62,w10s-obj-off,62,12137472,0.64,1.108,-1.0,0.4411,0.0,0.0,0.0,0.0,1.0,0.931
w10s-obj-off-s62,w10s-obj-off,62,12168192,0.62,1.078,-1.0,0.4473,0.0,0.0,0.0,0.0,1.0,0.931
w10s-obj-off-s62,w10s-obj-off,62,12198912,0.64,1.115,-1.0,0.5685,0.0,0.0,0.0,0.0,1.0,0.931
w10s-obj-off-s62,w10s-obj-off,62,12229632,0.6,1.056,-1.0,0.4559,0.0,0.0,0.0,0.0,1.0,0.93
w10s-obj-off-s62,w10s-obj-off,62,12260352,0.71,1.144,-1.0,0.5777,0.0,0.0,0.0,0.0,1.0,0.93
w10s-obj-off-s62,w10s-obj-off,62,12291072,0.78,1.189,-1.0,0.6237,0.0,0.0,0.0,0.0,1.0,0.93
w10s-obj-off-s62,w10s-obj-off,62,12321792,0.64,1.085,-1.0,0.5065,0.0,0.0,0.0,0.0,1.0,0.93
w10s-obj-off-s62,w10s-obj-off,62,12352512,0.64,1.088,-1.0,0.7254,0.0,0.0,0.0,0.0,1.0,0.93
w10s-obj-off-s62,w10s-obj-off,62,12383232,0.66,1.132,-1.0,0.5255,0.0,0.0,0.0,0.0,1.0,0.93
w10s-obj-off-s62,w10s-obj-off,62,12413952,0.65,1.103,-1.0,0.7904,0.0,0.0,0.0,0.0,1.0,0.93
w10s-obj-off-s62,w10s-obj-off,62,12444672,0.69,1.133,-1.0,0.7881,0.0,0.0,0.0,0.0,1.0,0.93
w10s-obj-off-s62,w10s-obj-off,62,12475392,0.69,1.149,-1.0,0.535,0.0,0.0,0.0,0.0,1.0,0.93
w10s-obj-off-s62,w10s-obj-off,62,12506112,0.69,1.139,-1.0,0.5324,0.0,0.0,0.0,0.0,1.0,0.93
w10s-obj-off-s62,w10s-obj-off,62,12536832,0.69,1.176,-1.0,0.6965,0.0,0.0,0.0,0.0,1.0,0.929
w10s-obj-off-s62,w10s-obj-off,62,12567552,0.59,1.105,-1.0,0.6117,0.0,0.0,0.0,0.0,1.0,0.929
w10s-obj-off-s62,w10s-obj-off,62,12598272,0.68,1.112,-1.0,0.5314,0.0,0.0,0.0,0.0,1.0,0.929
w10s-obj-off-s62,w10s-obj-off,62,12628992,0.74,1.187,-1.0,0.6121,0.0,0.0,0.0,0.0,1.0,0.929
w10s-obj-off-s62,w10s-obj-off,62,12659712,0.66,1.133,-1.0,0.5065,0.0,0.0,0.0,0.0,1.0,0.929
w10s-obj-off-s62,w10s-obj-off,62,12690432,0.62,1.11,-1.0,0.6747,0.0,0.0,0.0,0.0,1.0,0.929
w10s-obj-off-s62,w10s-obj-off,62,12721152,0.68,1.118,-1.0,0.6823,0.0,0.0,0.0,0.0,1.0,0.929
w10s-obj-off-s62,w10s-obj-off,62,12751872,0.64,1.139,-1.0,0.6442,0.0,0.0,0.0,0.0,1.0,0.929
w10s-obj-off-s62,w10s-obj-off,62,12782592,0.68,1.164,-1.0,0.565,0.0,0.0,0.0,0.0,1.0,0.929
w10s-obj-off-s62,w10s-obj-off,62,12813312,0.72,1.19,-1.0,0.6956,0.0,0.0,0.0,0.0,1.0,0.929
w10s-obj-off-s62,w10s-obj-off,62,12844032,0.79,1.228,-1.0,0.5935,0.0,0.0,0.0,0.0,1.0,0.928
w10s-obj-off-s62,w10s-obj-off,62,12874752,0.72,1.209,-1.0,0.7565,0.0,0.0,0.0,0.0,1.0,0.928
w10s-obj-off-s62,w10s-obj-off,62,12905472,0.76,1.184,-1.0,0.6142,0.0,0.0,0.0,0.0,1.0,0.928
w10s-obj-off-s62,w10s-obj-off,62,12936192,0.74,1.191,-1.0,0.4715,0.0,0.0,0.0,0.0,1.0,0.928
w10s-obj-off-s62,w10s-obj-off,62,12966912,0.58,1.079,-1.0,0.7026,0.0,0.0,0.0,0.0,1.0,0.928
w10s-obj-off-s62,w10s-obj-off,62,12997632,0.79,1.232,-1.0,0.7243,0.0,0.0,0.0,0.0,1.0,0.928
w10s-obj-off-s62,w10s-obj-off,62,13028352,0.79,1.227,-1.0,0.5796,0.0,0.0,0.0,0.0,1.0,0.928
w10s-obj-off-s62,w10s-obj-off,62,13059072,0.8,1.231,-1.0,0.6408,0.0,0.0,0.0,0.0,1.0,0.928
w10s-obj-off-s62,w10s-obj-off,62,13089792,0.76,1.198,-1.0,0.6116,0.0,0.0,0.0,0.0,1.0,0.928
w10s-obj-off-s62,w10s-obj-off,62,13120512,0.72,1.191,-1.0,0.4857,0.0,0.0,0.0,0.0,1.0,0.928
w10s-obj-off-s62,w10s-obj-off,62,13151232,0.67,1.12,-1.0,0.7655,0.0,0.0,0.0,0.0,1.0,0.927
w10s-obj-off-s62,w10s-obj-off,62,13181952,0.68,1.15,-1.0,0.7101,0.0,0.0,0.0,0.0,1.0,0.927
w10s-obj-off-s62,w10s-obj-off,62,13212672,0.66,1.133,-1.0,0.8429,0.0,0.0,0.0,0.0,1.0,0.927
w10s-obj-off-s62,w10s-obj-off,62,13243392,0.74,1.212,-1.0,0.6809,0.0,0.0,0.0,0.0,1.0,0.927
w10s-obj-off-s62,w10s-obj-off,62,13274112,0.72,1.17,-1.0,0.8036,0.0,0.0,0.0,0.0,1.0,0.927
w10s-obj-off-s62,w10s-obj-off,62,13304832,0.69,1.153,-1.0,0.7533,0.0,0.0,0.0,0.0,1.0,0.927
w10s-obj-off-s62,w10s-obj-off,62,13335552,0.65,1.128,-1.0,0.6327,0.0,0.0,0.0,0.0,1.0,0.927
w10s-obj-off-s62,w10s-obj-off,62,13366272,0.75,1.223,-1.0,0.8647,0.0,0.0,0.0,0.0,1.0,0.927
w10s-obj-off-s62,w10s-obj-off,62,13396992,0.69,1.177,-1.0,0.6026,0.0,0.0,0.0,0.0,1.0,0.927
w10s-obj-off-s62,w10s-obj-off,62,13427712,0.72,1.171,-1.0,0.8605,0.0,0.0,0.0,0.0,1.0,0.927
w10s-obj-off-s62,w10s-obj-off,62,13458432,0.68,1.132,-1.0,0.7694,0.0,0.0,0.0,0.0,1.0,0.926
w10s-obj-off-s62,w10s-obj-off,62,13489152,0.66,1.131,-1.0,0.8718,0.0,0.0,0.0,0.0,1.0,0.926
w10s-obj-off-s62,w10s-obj-off,62,13519872,0.71,1.198,-1.0,0.7098,0.0,0.0,0.0,0.0,1.0,0.926
w10s-obj-off-s62,w10s-obj-off,62,13550592,0.69,1.129,-1.0,0.7444,0.0,0.0,0.0,0.0,1.0,0.926
w10s-obj-off-s62,w10s-obj-off,62,13581312,0.77,1.196,-1.0,0.813,0.0,0.0,0.0,0.0,1.0,0.926
w10s-obj-off-s62,w10s-obj-off,62,13612032,0.77,1.212,-1.0,0.8295,0.0,0.0,0.0,0.0,1.0,0.926
w10s-obj-off-s62,w10s-obj-off,62,13642752,0.73,1.189,-1.0,0.8058,0.0,0.0,0.0,0.0,1.0,0.926
w10s-obj-off-s62,w10s-obj-off,62,13673472,0.81,1.269,-1.0,0.6497,0.0,0.0,0.0,0.0,1.0,0.926
w10s-obj-off-s62,w10s-obj-off,62,13704192,0.71,1.163,-1.0,0.6331,0.0,0.0,0.0,0.0,1.0,0.926
w10s-obj-off-s62,w10s-obj-off,62,13734912,0.79,1.212,-1.0,0.5918,0.0,0.0,0.0,0.0,1.0,0.926
w10s-obj-off-s62,w10s-obj-off,62,13765632,0.7,1.15,-1.0,0.6885,0.0,0.0,0.0,0.0,1.0,0.925
w10s-obj-off-s62,w10s-obj-off,62,13796352,0.67,1.14,-1.0,0.7256,0.0,0.0,0.0,0.0,1.0,0.925
w10s-obj-off-s62,w10s-obj-off,62,13827072,0.77,1.216,-1.0,0.6863,0.0,0.0,0.0,0.0,1.0,0.925
w10s-obj-off-s62,w10s-obj-off,62,13857792,0.77,1.229,-1.0,0.7834,0.0,0.0,0.0,0.0,1.0,0.925
w10s-obj-off-s62,w10s-obj-off,62,13888512,0.87,1.296,-1.0,0.5664,0.0,0.0,0.0,0.0,1.0,0.925
w10s-obj-off-s62,w10s-obj-off,62,13919232,0.73,1.176,-1.0,0.6615,0.0,0.0,0.0,0.0,1.0,0.925
w10s-obj-off-s62,w10s-obj-off,62,13949952,0.78,1.218,-1.0,0.8251,0.0,0.0,0.0,0.0,1.0,0.925
w10s-obj-off-s62,w10s-obj-off,62,13980672,0.71,1.186,-1.0,0.8966,0.0,0.0,0.0,0.0,1.0,0.925
w10s-obj-off-s62,w10s-obj-off,62,14011392,0.79,1.256,-1.0,0.7236,0.0,0.0,0.0,0.0,1.0,0.925
w10s-obj-off-s62,w10s-obj-off,62,14042112,0.79,1.228,-1.0,0.8788,0.0,0.0,0.0,0.0,1.0,0.925
w10s-obj-off-s62,w10s-obj-off,62,14072832,0.76,1.189,-1.0,0.7535,0.0,0.0,0.0,0.0,1.0,0.924
w10s-obj-off-s62,w10s-obj-off,62,14103552,0.72,1.17,-1.0,1.0101,0.0,0.0,0.0,0.0,1.0,0.924
w10s-obj-off-s62,w10s-obj-off,62,14134272,0.78,1.225,-1.0,0.6211,0.0,0.0,0.0,0.0,1.0,0.924
w10s-obj-off-s62,w10s-obj-off,62,14164992,0.73,1.221,-1.0,0.7646,0.0,0.0,0.0,0.0,1.0,0.924
w10s-obj-off-s62,w10s-obj-off,62,14195712,0.83,1.263,-1.0,0.7498,0.0,0.0,0.0,0.0,1.0,0.924
w10s-obj-off-s62,w10s-obj-off,62,14226432,0.74,1.214,-1.0,0.8191,0.0,0.0,0.0,0.0,1.0,0.924
w10s-obj-off-s62,w10s-obj-off,62,14257152,0.81,1.245,-1.0,0.748,0.0,0.0,0.0,0.0,1.0,0.924
w10s-obj-off-s62,w10s-obj-off,62,14287872,0.71,1.184,-1.0,0.8662,0.0,0.0,0.0,0.0,1.0,0.924
w10s-obj-off-s62,w10s-obj-off,62,14318592,0.74,1.195,-1.0,0.6971,0.0,0.0,0.0,0.0,1.0,0.924
w10s-obj-off-s62,w10s-obj-off,62,14349312,0.73,1.186,-1.0,0.8676,0.0,0.0,0.0,0.0,1.0,0.924
w10s-obj-off-s62,w10s-obj-off,62,14380032,0.74,1.208,-1.0,0.9463,0.0,0.0,0.0,0.0,1.0,0.924
w10s-obj-off-s62,w10s-obj-off,62,14410752,0.8,1.225,-1.0,0.7698,0.0,0.0,0.0,0.0,1.0,0.923
w10s-obj-off-s62,w10s-obj-off,62,14441472,0.73,1.191,-1.0,0.7142,0.0,0.0,0.0,0.0,1.0,0.923
w10s-obj-off-s62,w10s-obj-off,62,14472192,0.8,1.253,-1.0,0.7736,0.0,0.0,0.0,0.0,1.0,0.923
w10s-obj-off-s62,w10s-obj-off,62,14502912,0.77,1.201,-1.0,0.9259,0.0,0.0,0.0,0.0,1.0,0.923
w10s-obj-off-s62,w10s-obj-off,62,14533632,0.68,1.175,-1.0,0.8755,0.0,0.0,0.0,0.0,1.0,0.923
w10s-obj-off-s62,w10s-obj-off,62,14564352,0.7,1.182,-1.0,0.7456,0.0,0.0,0.0,0.0,1.0,0.923
w10s-obj-off-s62,w10s-obj-off,62,14595072,0.79,1.235,-1.0,0.682,0.0,0.0,0.0,0.0,1.0,0.923
w10s-obj-off-s62,w10s-obj-off,62,14625792,0.74,1.195,-1.0,0.8875,0.0,0.0,0.0,0.0,1.0,0.923
w10s-obj-off-s62,w10s-obj-off,62,14656512,0.69,1.154,-1.0,0.9703,0.0,0.0,0.0,0.0,1.0,0.923
w10s-obj-off-s62,w10s-obj-off,62,14687232,0.77,1.231,-1.0,0.918,0.0,0.0,0.0,0.0,1.0,0.923
w10s-obj-off-s62,w10s-obj-off,62,14717952,0.72,1.216,-1.0,0.7771,0.0,0.0,0.0,0.0,1.0,0.922
w10s-obj-off-s62,w10s-obj-off,62,14748672,0.73,1.233,-1.0,0.7393,0.0,0.0,0.0,0.0,1.0,0.922
w10s-obj-off-s62,w10s-obj-off,62,14779392,0.74,1.192,-1.0,0.8334,0.0,0.0,0.0,0.0,1.0,0.922
w10s-obj-off-s62,w10s-obj-off,62,14810112,0.75,1.22,-1.0,0.6342,0.0,0.0,0.0,0.0,1.0,0.922
w10s-obj-off-s62,w10s-obj-off,62,14840832,0.77,1.228,-1.0,0.8086,0.0,0.0,0.0,0.0,1.0,0.922
w10s-obj-off-s62,w10s-obj-off,62,14871552,0.83,1.269,-1.0,0.8334,0.0,0.0,0.0,0.0,1.0,0.922
w10s-obj-off-s62,w10s-obj-off,62,14902272,0.8,1.223,-1.0,1.0427,0.0,0.0,0.0,0.0,1.0,0.922
w10s-obj-off-s62,w10s-obj-off,62,14932992,0.77,1.213,-1.0,1.0235,0.0,0.0,0.0,0.0,1.0,0.922
w10s-obj-off-s62,w10s-obj-off,62,14963712,0.8,1.229,-1.0,0.7521,0.0,0.0,0.0,0.0,1.0,0.922
w10s-obj-off-s62,w10s-obj-off,62,14994432,0.75,1.226,-1.0,0.9205,0.0,0.0,0.0,0.0,1.0,0.922
w10s-obj-off-s62,w10s-obj-off,62,14997504,0.77,1.218,-1.0,0.8295,0.0,0.0,0.0,0.0,1.0,0.922
w10s-dlt-cur-s62,w10s-dlt-cur,62,3072,0.01,0.441,-1.0,,,,,,,
w10s-dlt-cur-s62,w10s-dlt-cur,62,33792,0.0,0.443,-1.0,-1.0,0.0,0.0,0.0,0.0145,0.965,0.936
w10s-dlt-cur-s62,w10s-dlt-cur,62,64512,0.04,0.537,-1.0,-0.95,0.0,0.0,0.0,0.016,0.994,0.938
w10s-dlt-cur-s62,w10s-dlt-cur,62,95232,0.04,0.555,-1.0,-0.9256,0.0,0.0,0.0,0.0135,0.999,0.942
w10s-dlt-cur-s62,w10s-dlt-cur,62,125952,0.04,0.56,-1.0,-0.95,0.0,0.0,0.0,0.0114,0.999,0.944
w10s-dlt-cur-s62,w10s-dlt-cur,62,156672,0.01,0.541,-1.0,-0.9536,0.0,0.0,0.0,0.01,1.0,0.946
w10s-dlt-cur-s62,w10s-dlt-cur,62,187392,0.02,0.511,-1.0,-0.9059,0.0,0.0,0.0,0.0092,1.0,0.948
w10s-dlt-cur-s62,w10s-dlt-cur,62,218112,0.02,0.553,-1.0,-0.9,0.0,0.0,0.0,0.0085,1.0,0.95
w10s-dlt-cur-s62,w10s-dlt-cur,62,248832,0.01,0.564,-1.0,-0.9532,0.0,0.0,0.0,0.0078,1.0,0.951
w10s-dlt-cur-s62,w10s-dlt-cur,62,279552,0.02,0.549,-1.0,-0.9765,0.0,0.0,0.0,0.0078,1.0,0.952
w10s-dlt-cur-s62,w10s-dlt-cur,62,310272,0.05,0.586,-1.0,-0.9037,0.0,0.0,0.0,0.0069,1.0,0.952
w10s-dlt-cur-s62,w10s-dlt-cur,62,340992,0.04,0.574,-1.0,-0.9028,0.0,0.0,0.0,0.0065,1.0,0.952
w10s-dlt-cur-s62,w10s-dlt-cur,62,371712,0.01,0.551,-1.0,-0.9313,0.0,0.0,0.0,0.006,1.0,0.953
w10s-dlt-cur-s62,w10s-dlt-cur,62,402432,0.06,0.601,-1.0,-0.9039,0.0,0.0,0.0,0.0061,1.0,0.953
w10s-dlt-cur-s62,w10s-dlt-cur,62,433152,0.08,0.609,-1.0,-0.8376,0.0,0.0,0.0,0.0063,1.0,0.954
w10s-dlt-cur-s62,w10s-dlt-cur,62,463872,0.08,0.622,-1.0,-0.8584,0.0,0.0,0.0,0.0056,1.0,0.954
w10s-dlt-cur-s62,w10s-dlt-cur,62,494592,0.04,0.585,-1.0,-0.975,0.0,0.0,0.0,0.0056,1.0,0.954
w10s-dlt-cur-s62,w10s-dlt-cur,62,525312,0.02,0.541,-1.0,-0.8284,0.0,0.0,0.0,0.0054,1.0,0.954
w10s-dlt-cur-s62,w10s-dlt-cur,62,556032,0.09,0.66,-1.0,-0.9302,0.0,0.0,0.0,0.0053,1.0,0.953
w10s-dlt-cur-s62,w10s-dlt-cur,62,586752,0.02,0.586,-1.0,-0.8296,0.0,0.0,0.0,0.0053,1.0,0.953
w10s-dlt-cur-s62,w10s-dlt-cur,62,617472,0.05,0.586,-1.0,-0.8606,0.0,0.0,0.0,0.0049,1.0,0.953
w10s-dlt-cur-s62,w10s-dlt-cur,62,648192,0.09,0.625,-1.0,-0.8796,0.0,0.0,0.0,0.0051,1.0,0.953
w10s-dlt-cur-s62,w10s-dlt-cur,62,678912,0.04,0.578,-1.0,-0.8288,0.0,0.0,0.0,0.0046,1.0,0.954
w10s-dlt-cur-s62,w10s-dlt-cur,62,709632,0.08,0.595,-1.0,-0.8501,0.0,0.0,0.0,0.0051,1.0,0.954
w10s-dlt-cur-s62,w10s-dlt-cur,62,740352,0.05,0.558,-1.0,-0.8073,0.0,0.0,0.0,0.0048,1.0,0.954
w10s-dlt-cur-s62,w10s-dlt-cur,62,771072,0.01,0.582,-1.0,-0.8556,0.0,0.0,0.0,0.0045,1.0,0.954
w10s-dlt-cur-s62,w10s-dlt-cur,62,801792,0.1,0.613,-1.0,-0.8831,0.0,0.0,0.0,0.0048,1.0,0.955
w10s-dlt-cur-s62,w10s-dlt-cur,62,832512,0.05,0.579,-1.0,-0.7569,0.0,0.0,0.0,0.0046,1.0,0.955
w10s-dlt-cur-s62,w10s-dlt-cur,62,863232,0.03,0.581,-1.0,-0.8545,0.0,0.0,0.0,0.0041,1.0,0.955
w10s-dlt-cur-s62,w10s-dlt-cur,62,893952,0.08,0.591,-1.0,-0.8057,0.0,0.0,0.0,0.0045,1.0,0.956
w10s-dlt-cur-s62,w10s-dlt-cur,62,924672,0.05,0.581,-1.0,-0.7856,0.0,0.0,0.0,0.0037,1.0,0.956
w10s-dlt-cur-s62,w10s-dlt-cur,62,955392,0.08,0.623,-1.0,-0.9038,0.0,0.0,0.0,0.004,1.0,0.956
w10s-dlt-cur-s62,w10s-dlt-cur,62,986112,0.08,0.612,-1.0,-0.9025,0.0,0.0,0.0,0.0039,1.0,0.957
w10s-dlt-cur-s62,w10s-dlt-cur,62,1016832,0.06,0.613,-1.0,-0.8812,0.0,0.0,0.0,0.0039,1.0,0.957
w10s-dlt-cur-s62,w10s-dlt-cur,62,1047552,0.03,0.52,-1.0,-0.7914,0.0,0.0,0.0,0.0039,1.0,0.957
w10s-dlt-cur-s62,w10s-dlt-cur,62,1078272,0.1,0.621,-1.0,-0.8557,0.0,0.0,0.0,0.0041,1.0,0.957
w10s-dlt-cur-s62,w10s-dlt-cur,62,1108992,0.04,0.575,-1.0,-0.7636,0.0,0.0,0.0,0.0039,1.0,0.957
w10s-dlt-cur-s62,w10s-dlt-cur,62,1139712,0.07,0.597,-1.0,-0.9504,0.0,0.0,0.0,0.0039,1.0,0.957
w10s-dlt-cur-s62,w10s-dlt-cur,62,1170432,0.13,0.643,-1.0,-0.805,0.0,0.0,0.0,0.0038,1.0,0.957
w10s-dlt-cur-s62,w10s-dlt-cur,62,1201152,0.12,0.643,-1.0,-0.7194,0.0,0.0,0.0,0.0038,1.0,0.957
w10s-dlt-cur-s62,w10s-dlt-cur,62,1231872,0.09,0.668,-1.0,-0.733,0.0,0.0,0.0,0.0035,1.0,0.957
w10s-dlt-cur-s62,w10s-dlt-cur,62,1262592,0.11,0.641,-1.0,-0.7897,0.0,0.0,0.0,0.0037,1.0,0.957
w10s-dlt-cur-s62,w10s-dlt-cur,62,1293312,0.11,0.655,-1.0,-0.6567,0.0,0.0,0.0,0.0036,1.0,0.957
w10s-dlt-cur-s62,w10s-dlt-cur,62,1324032,0.09,0.655,-1.0,-0.8585,0.0,0.0,0.0,0.0035,1.0,0.957
w10s-dlt-cur-s62,w10s-dlt-cur,62,1354752,0.07,0.548,-1.0,-0.7122,0.0,0.0,0.0,0.0034,1.0,0.957
w10s-dlt-cur-s62,w10s-dlt-cur,62,1385472,0.1,0.64,-1.0,-0.636,0.0,0.0,0.0,0.0035,1.0,0.957
w10s-dlt-cur-s62,w10s-dlt-cur,62,1416192,0.08,0.64,-1.0,-0.6964,0.0,0.0,0.0,0.0032,1.0,0.957
w10s-dlt-cur-s62,w10s-dlt-cur,62,1446912,0.15,0.72,-1.0,-0.6652,0.0,0.0,0.0,0.0034,1.0,0.957
w10s-dlt-cur-s62,w10s-dlt-cur,62,1477632,0.1,0.667,-1.0,-0.6846,0.0,0.0,0.0,0.0032,1.0,0.957
w10s-dlt-cur-s62,w10s-dlt-cur,62,1508352,0.11,0.658,-1.0,-0.6124,0.0,0.0,0.0,0.0033,1.0,0.957
w10s-dlt-cur-s62,w10s-dlt-cur,62,1539072,0.13,0.608,-1.0,-0.735,0.0,0.0,0.0,0.0032,1.0,0.957
w10s-dlt-cur-s62,w10s-dlt-cur,62,1569792,0.17,0.673,-1.0,-0.697,0.0,0.0,0.0,0.0033,1.0,0.957
w10s-dlt-cur-s62,w10s-dlt-cur,62,1600512,0.11,0.642,-1.0,-0.7811,0.0,0.0,0.0,0.0031,1.0,0.957
w10s-dlt-cur-s62,w10s-dlt-cur,62,1631232,0.11,0.655,-1.0,-0.6972,0.0,0.0,0.0,0.003,1.0,0.957
w10s-dlt-cur-s62,w10s-dlt-cur,62,1661952,0.06,0.616,-1.0,-0.6362,0.0,0.0,0.0,0.0033,1.0,0.957
w10s-dlt-cur-s62,w10s-dlt-cur,62,1692672,0.1,0.646,-1.0,-0.5192,0.0,0.0,0.0,0.0029,1.0,0.957
w10s-dlt-cur-s62,w10s-dlt-cur,62,1723392,0.1,0.656,-1.0,-0.8384,0.0,0.0,0.0,0.0033,1.0,0.957
w10s-dlt-cur-s62,w10s-dlt-cur,62,1754112,0.13,0.649,-1.0,-0.7439,0.0,0.0,0.0,0.003,1.0,0.957
w10s-dlt-cur-s62,w10s-dlt-cur,62,1784832,0.15,0.636,-1.0,-0.8195,0.0,0.0,0.0,0.003,1.0,0.957
w10s-dlt-cur-s62,w10s-dlt-cur,62,1815552,0.11,0.642,-1.0,-0.6449,0.0,0.0,0.0,0.0029,1.0,0.957
w10s-dlt-cur-s62,w10s-dlt-cur,62,1846272,0.13,0.656,-1.0,-0.6817,0.0,0.0,0.0,0.0032,1.0,0.957
w10s-dlt-cur-s62,w10s-dlt-cur,62,1876992,0.08,0.61,-1.0,-0.6124,0.0,0.0,0.0,0.003,1.0,0.957
w10s-dlt-cur-s62,w10s-dlt-cur,62,1907712,0.08,0.625,-1.0,-0.7865,0.0,0.0,0.0,0.0027,1.0,0.957
w10s-dlt-cur-s62,w10s-dlt-cur,62,1938432,0.2,0.73,-1.0,-0.537,0.0,0.0,0.0,0.003,1.0,0.957
w10s-dlt-cur-s62,w10s-dlt-cur,62,1969152,0.22,0.698,-1.0,-0.6383,0.0,0.0,0.0,0.003,1.0,0.957
w10s-dlt-cur-s62,w10s-dlt-cur,62,1999872,0.15,0.651,-1.0,-0.7598,0.0,0.0,0.0,0.0027,1.0,0.957
w10s-dlt-cur-s62,w10s-dlt-cur,62,2030592,0.13,0.656,-1.0,-0.5918,0.0,0.0,0.0,0.0031,1.0,0.957
w10s-dlt-cur-s62,w10s-dlt-cur,62,2061312,0.16,0.645,-1.0,-0.8514,0.0,0.0,0.0,0.0028,1.0,0.957
w10s-dlt-cur-s62,w10s-dlt-cur,62,2092032,0.15,0.635,-1.0,-0.5632,0.0,0.0,0.0,0.0027,1.0,0.957
w10s-dlt-cur-s62,w10s-dlt-cur,62,2122752,0.18,0.672,-1.0,-0.7291,0.0,0.0,0.0,0.003,1.0,0.957
w10s-dlt-cur-s62,w10s-dlt-cur,62,2153472,0.13,0.676,-1.0,-0.6376,0.0,0.0,0.0,0.0026,1.0,0.957
w10s-dlt-cur-s62,w10s-dlt-cur,62,2184192,0.18,0.716,-1.0,-0.4327,0.0,0.0,0.0,0.0027,1.0,0.957
w10s-dlt-cur-s62,w10s-dlt-cur,62,2214912,0.16,0.711,-1.0,-0.5925,0.0,0.0,0.0,0.0027,1.0,0.957
w10s-dlt-cur-s62,w10s-dlt-cur,62,2245632,0.19,0.727,-1.0,-0.6383,0.0,0.0,0.0,0.003,1.0,0.957
w10s-dlt-cur-s62,w10s-dlt-cur,62,2276352,0.17,0.747,-1.0,-0.6622,0.0,0.0,0.0,0.0029,1.0,0.957
w10s-dlt-cur-s62,w10s-dlt-cur,62,2307072,0.19,0.723,-1.0,-0.6116,0.0,0.0,0.0,0.0028,1.0,0.956
w10s-dlt-cur-s62,w10s-dlt-cur,62,2337792,0.22,0.762,-1.0,-0.5459,0.0,0.0,0.0,0.0026,1.0,0.956
w10s-dlt-cur-s62,w10s-dlt-cur,62,2368512,0.18,0.677,-1.0,-0.6242,0.0,0.0,0.0,0.0026,1.0,0.956
w10s-dlt-cur-s62,w10s-dlt-cur,62,2399232,0.14,0.636,-1.0,-0.481,0.0,0.0,0.0,0.0027,1.0,0.957
w10s-dlt-cur-s62,w10s-dlt-cur,62,2429952,0.16,0.655,-1.0,-0.6389,0.0,0.0,0.0,0.0027,1.0,0.957
w10s-dlt-cur-s62,w10s-dlt-cur,62,2460672,0.21,0.7,-1.0,-0.5213,0.0,0.0,0.0,0.0027,1.0,0.957
w10s-dlt-cur-s62,w10s-dlt-cur,62,2491392,0.25,0.715,-1.0,-0.3696,0.0,0.0,0.0,0.0025,1.0,0.957
w10s-dlt-cur-s62,w10s-dlt-cur,62,2522112,0.19,0.706,-1.0,-0.2616,0.0,0.0,0.0,0.0026,1.0,0.957
w10s-dlt-cur-s62,w10s-dlt-cur,62,2552832,0.22,0.775,-1.0,-0.4043,0.0,0.0,0.0,0.0025,1.0,0.957
w10s-dlt-cur-s62,w10s-dlt-cur,62,2583552,0.25,0.773,-1.0,-0.3075,0.0,0.0,0.0,0.0024,1.0,0.957
w10s-dlt-cur-s62,w10s-dlt-cur,62,2614272,0.23,0.743,-1.0,-0.3476,0.0,0.0,0.0,0.0026,1.0,0.957
w10s-dlt-cur-s62,w10s-dlt-cur,62,2644992,0.24,0.741,-1.0,-0.5234,0.0,0.0,0.0,0.0027,1.0,0.957
w10s-dlt-cur-s62,w10s-dlt-cur,62,2675712,0.23,0.724,-1.0,-0.5915,0.0,0.0,0.0,0.0023,1.0,0.957
w10s-dlt-cur-s62,w10s-dlt-cur,62,2706432,0.27,0.751,-1.0,-0.4503,0.0,0.0,0.0,0.0023,1.0,0.957
w10s-dlt-cur-s62,w10s-dlt-cur,62,2737152,0.26,0.718,-1.0,-0.3994,0.0,0.0,0.0,0.0024,1.0,0.957
w10s-dlt-cur-s62,w10s-dlt-cur,62,2767872,0.25,0.745,-1.0,-0.3915,0.0,0.0,0.0,0.0024,1.0,0.957
w10s-dlt-cur-s62,w10s-dlt-cur,62,2798592,0.31,0.788,-1.0,-0.2049,0.0,0.0,0.0,0.0021,1.0,0.957
w10s-dlt-cur-s62,w10s-dlt-cur,62,2829312,0.27,0.779,-1.0,-0.4251,0.0,0.0,0.0,0.0024,1.0,0.957
w10s-dlt-cur-s62,w10s-dlt-cur,62,2860032,0.18,0.711,-1.0,-0.3721,0.0,0.0,0.0,0.0024,1.0,0.957
w10s-dlt-cur-s62,w10s-dlt-cur,62,2890752,0.29,0.807,-1.0,-0.2881,0.0,0.0,0.0,0.0021,1.0,0.957
w10s-dlt-cur-s62,w10s-dlt-cur,62,2921472,0.27,0.744,-1.0,-0.4404,0.0,0.0,0.0,0.0023,1.0,0.957
w10s-dlt-cur-s62,w10s-dlt-cur,62,2952192,0.36,0.833,-1.0,-0.3881,0.0,0.0,0.0,0.0024,1.0,0.957
w10s-dlt-cur-s62,w10s-dlt-cur,62,2982912,0.28,0.799,-1.0,-0.324,0.0,0.0,0.0,0.0024,1.0,0.957
w10s-dlt-cur-s62,w10s-dlt-cur,62,3013632,0.25,0.742,-1.0,-0.4697,0.0,0.0,0.0,0.0023,1.0,0.957
w10s-dlt-cur-s62,w10s-dlt-cur,62,3044352,0.27,0.782,-1.0,-0.4452,0.0,0.0,0.0,0.0021,1.0,0.957
w10s-dlt-cur-s62,w10s-dlt-cur,62,3075072,0.34,0.813,-1.0,-0.1931,0.0,0.0,0.0,0.0021,1.0,0.957
w10s-dlt-cur-s62,w10s-dlt-cur,62,3105792,0.31,0.784,-1.0,-0.239,0.0,0.0,0.0,0.0022,1.0,0.957
w10s-dlt-cur-s62,w10s-dlt-cur,62,3136512,0.32,0.786,-1.0,-0.2024,0.0,0.0,0.0,0.0022,1.0,0.957
w10s-dlt-cur-s62,w10s-dlt-cur,62,3167232,0.26,0.778,-1.0,-0.1706,0.0,0.0,0.0,0.0022,1.0,0.957
w10s-dlt-cur-s62,w10s-dlt-cur,62,3197952,0.3,0.834,-1.0,-0.1363,0.0,0.0,0.0,0.0021,1.0,0.957
w10s-dlt-cur-s62,w10s-dlt-cur,62,3228672,0.38,0.839,-1.0,-0.3682,0.0,0.0,0.0,0.002,1.0,0.957
w10s-dlt-cur-s62,w10s-dlt-cur,62,3259392,0.42,0.886,-1.0,-0.3044,0.0,0.0,0.0,0.0021,1.0,0.957
w10s-dlt-cur-s62,w10s-dlt-cur,62,3290112,0.29,0.773,-1.0,-0.3054,0.0,0.0,0.0,0.0021,1.0,0.957
w10s-dlt-cur-s62,w10s-dlt-cur,62,3320832,0.29,0.761,-1.0,-0.1784,0.0,0.0,0.0,0.0022,1.0,0.957
w10s-dlt-cur-s62,w10s-dlt-cur,62,3351552,0.3,0.792,-1.0,-0.0419,0.0,0.0,0.0,0.002,1.0,0.957
w10s-dlt-cur-s62,w10s-dlt-cur,62,3382272,0.31,0.815,-1.0,-0.4027,0.0,0.0,0.0,0.0021,1.0,0.957
w10s-dlt-cur-s62,w10s-dlt-cur,62,3412992,0.29,0.784,-1.0,-0.1734,0.0,0.0,0.0,0.0023,1.0,0.957
w10s-dlt-cur-s62,w10s-dlt-cur,62,3443712,0.35,0.879,-1.0,-0.4794,0.0,0.0,0.0,0.0021,1.0,0.957
w10s-dlt-cur-s62,w10s-dlt-cur,62,3474432,0.38,0.843,-1.0,-0.0836,0.0,0.0,0.0,0.0021,1.0,0.957
w10s-dlt-cur-s62,w10s-dlt-cur,62,3505152,0.33,0.833,-1.0,-0.3049,0.0,0.0,0.0,0.0022,1.0,0.957
w10s-dlt-cur-s62,w10s-dlt-cur,62,3535872,0.42,0.937,-1.0,0.0107,0.0,0.0,0.0,0.0021,1.0,0.957
w10s-dlt-cur-s62,w10s-dlt-cur,62,3566592,0.42,0.898,-1.0,-0.3324,0.0,0.0,0.0,0.0021,1.0,0.957
w10s-dlt-cur-s62,w10s-dlt-cur,62,3597312,0.41,0.871,-1.0,-0.0317,0.0,0.0,0.0,0.0019,1.0,0.956
w10s-dlt-cur-s62,w10s-dlt-cur,62,3628032,0.39,0.857,-1.0,-0.0406,0.0,0.0,0.0,0.002,1.0,0.956
w10s-dlt-cur-s62,w10s-dlt-cur,62,3658752,0.4,0.895,-1.0,-0.2283,0.0,0.0,0.0,0.0023,1.0,0.956
w10s-dlt-cur-s62,w10s-dlt-cur,62,3689472,0.32,0.857,-1.0,0.1173,0.0,0.0,0.0,0.0021,1.0,0.956
w10s-dlt-cur-s62,w10s-dlt-cur,62,3720192,0.44,0.922,-1.0,0.0226,0.0,0.0,0.0,0.0019,1.0,0.956
w10s-dlt-cur-s62,w10s-dlt-cur,62,3750912,0.34,0.832,-1.0,-0.0476,0.0,0.0,0.0,0.0022,1.0,0.956
w10s-dlt-cur-s62,w10s-dlt-cur,62,3781632,0.45,0.948,-1.0,0.0871,0.0,0.0,0.0,0.0019,1.0,0.956
w10s-dlt-cur-s62,w10s-dlt-cur,62,3812352,0.46,0.923,-1.0,-0.2658,0.0,0.0,0.0,0.0019,1.0,0.956
w10s-dlt-cur-s62,w10s-dlt-cur,62,3843072,0.37,0.853,-1.0,-0.1357,0.0,0.0,0.0,0.0019,1.0,0.956
w10s-dlt-cur-s62,w10s-dlt-cur,62,3873792,0.43,0.928,-1.0,-0.0337,0.0,0.0,0.0,0.0019,1.0,0.956
w10s-dlt-cur-s62,w10s-dlt-cur,62,3904512,0.47,0.936,-1.0,-0.1081,0.0,0.0,0.0,0.0018,1.0,0.956
w10s-dlt-cur-s62,w10s-dlt-cur,62,3935232,0.48,0.973,-1.0,-0.0361,0.0,0.0,0.0,0.002,1.0,0.956
w10s-dlt-cur-s62,w10s-dlt-cur,62,3965952,0.4,0.878,-1.0,0.0027,0.0,0.0,0.0,0.002,1.0,0.956
w10s-dlt-cur-s62,w10s-dlt-cur,62,3996672,0.38,0.881,-1.0,-0.2761,0.0,0.0,0.0,0.002,1.0,0.956
w10s-dlt-cur-s62,w10s-dlt-cur,62,4027392,0.5,0.991,-1.0,0.0839,0.0,0.0,0.0,0.0019,1.0,0.956
w10s-dlt-cur-s62,w10s-dlt-cur,62,4058112,0.39,0.881,-1.0,-0.0114,0.0,0.0,0.0,0.002,1.0,0.955
w10s-dlt-cur-s62,w10s-dlt-cur,62,4088832,0.37,0.878,-1.0,0.0897,0.0,0.0,0.0,0.0019,1.0,0.955
w10s-dlt-cur-s62,w10s-dlt-cur,62,4119552,0.36,0.897,-1.0,0.338,0.0,0.0,0.0,0.0019,1.0,0.955
w10s-dlt-cur-s62,w10s-dlt-cur,62,4150272,0.43,0.911,-1.0,0.0673,0.0,0.0,0.0,0.002,1.0,0.955
w10s-dlt-cur-s62,w10s-dlt-cur,62,4180992,0.5,1.004,-1.0,0.1253,0.0,0.0,0.0,0.0019,1.0,0.955
w10s-dlt-cur-s62,w10s-dlt-cur,62,4211712,0.49,0.983,-1.0,0.2178,0.0,0.0,0.0,0.0017,1.0,0.955
w10s-dlt-cur-s62,w10s-dlt-cur,62,4242432,0.47,0.966,-1.0,0.2875,0.0,0.0,0.0,0.0019,1.0,0.955
w10s-dlt-cur-s62,w10s-dlt-cur,62,4273152,0.42,0.94,-1.0,-0.06,0.0,0.0,0.0,0.0019,1.0,0.955
w10s-dlt-cur-s62,w10s-dlt-cur,62,4303872,0.57,1.034,-1.0,0.0852,0.0,0.0,0.0,0.0017,1.0,0.955
w10s-dlt-cur-s62,w10s-dlt-cur,62,4334592,0.52,1.033,-1.0,0.0523,0.0,0.0,0.0,0.0019,1.0,0.955
w10s-dlt-cur-s62,w10s-dlt-cur,62,4365312,0.5,0.992,-1.0,0.3048,0.0,0.0,0.0,0.0018,1.0,0.954
w10s-dlt-cur-s62,w10s-dlt-cur,62,4396032,0.54,1.044,-1.0,0.2223,0.0,0.0,0.0,0.0019,1.0,0.954
w10s-dlt-cur-s62,w10s-dlt-cur,62,4426752,0.47,0.998,-1.0,0.254,0.0,0.0,0.0,0.0017,1.0,0.954
w10s-dlt-cur-s62,w10s-dlt-cur,62,4457472,0.41,0.927,-1.0,0.1542,0.0,0.0,0.0,0.0019,1.0,0.954
w10s-dlt-cur-s62,w10s-dlt-cur,62,4488192,0.54,1.065,-0.988,0.3897,0.0,0.0,0.0,0.0018,1.0,0.954
w10s-dlt-cur-s62,w10s-dlt-cur,62,4518912,0.54,1.055,-0.988,0.3026,0.0,0.0,0.0,0.0018,1.0,0.954
w10s-dlt-cur-s62,w10s-dlt-cur,62,4549632,0.43,0.927,-1.0,0.2697,0.0,0.0,0.0,0.0019,1.0,0.954
w10s-dlt-cur-s62,w10s-dlt-cur,62,4580352,0.49,0.962,-1.0,0.4525,0.0,0.0,0.0,0.0019,1.0,0.954
w10s-dlt-cur-s62,w10s-dlt-cur,62,4611072,0.5,1.016,-1.0,0.3315,0.0,0.0,0.0,0.0017,1.0,0.953
w10s-dlt-cur-s62,w10s-dlt-cur,62,4641792,0.53,1.046,-1.0,0.1656,0.0,0.0,0.0,0.0019,1.0,0.953
w10s-dlt-cur-s62,w10s-dlt-cur,62,4672512,0.56,1.077,-1.0,0.3726,0.0,0.0,0.0,0.0019,1.0,0.953
w10s-dlt-cur-s62,w10s-dlt-cur,62,4703232,0.52,1.055,-0.986,0.2693,0.0,0.0,0.0,0.0018,1.0,0.953
w10s-dlt-cur-s62,w10s-dlt-cur,62,4733952,0.55,1.027,-0.986,0.3574,0.0,0.0,0.0,0.0019,1.0,0.953
w10s-dlt-cur-s62,w10s-dlt-cur,62,4764672,0.56,1.053,-0.986,0.1649,0.0,0.0,0.0,0.0018,1.0,0.953
w10s-dlt-cur-s62,w10s-dlt-cur,62,4795392,0.48,0.984,-0.986,0.2858,0.0,0.0,0.0,0.0018,1.0,0.953
w10s-dlt-cur-s62,w10s-dlt-cur,62,4826112,0.5,1.013,-0.975,0.4344,0.0,0.0,0.0,0.0016,1.0,0.953
w10s-dlt-cur-s62,w10s-dlt-cur,62,4856832,0.63,1.122,-0.975,0.1872,0.0,0.0,0.0,0.0018,1.0,0.952
w10s-dlt-cur-s62,w10s-dlt-cur,62,4887552,0.63,1.082,-0.934,0.1578,0.0,0.0,0.0,0.0015,1.0,0.952
w10s-dlt-cur-s62,w10s-dlt-cur,62,4918272,0.5,1.021,-0.909,0.3905,0.0,0.0,0.0,0.0016,1.0,0.952
w10s-dlt-cur-s62,w10s-dlt-cur,62,4948992,0.63,1.133,-0.846,0.2061,0.0,0.0,0.0,0.0016,1.0,0.952
w10s-dlt-cur-s62,w10s-dlt-cur,62,4979712,0.56,1.061,-0.81,0.495,0.0,0.0,0.0,0.0016,1.0,0.952
w10s-dlt-cur-s62,w10s-dlt-cur,62,5010432,0.54,1.05,-0.81,0.4513,0.0,0.0,0.0,0.0017,1.0,0.952
w10s-dlt-cur-s62,w10s-dlt-cur,62,5041152,0.65,1.117,-0.798,0.3868,0.0,0.0,0.0,0.0016,1.0,0.952
w10s-dlt-cur-s62,w10s-dlt-cur,62,5071872,0.59,1.093,-0.739,0.3747,0.0,0.0,0.0,0.0015,1.0,0.951
w10s-dlt-cur-s62,w10s-dlt-cur,62,5102592,0.55,1.044,-0.725,0.2439,0.0,0.0,0.0,0.0017,1.0,0.951
w10s-dlt-cur-s62,w10s-dlt-cur,62,5133312,0.54,1.038,-0.725,0.4344,0.0,0.0,0.0,0.0016,1.0,0.951
w10s-dlt-cur-s62,w10s-dlt-cur,62,5164032,0.51,1.035,-0.714,0.2002,0.0,0.0,0.0,0.0017,1.0,0.951
w10s-dlt-cur-s62,w10s-dlt-cur,62,5194752,0.59,1.096,-0.7,0.3342,0.0,0.0,0.0,0.0016,1.0,0.951
w10s-dlt-cur-s62,w10s-dlt-cur,62,5225472,0.57,1.07,-0.7,0.1445,0.0,0.0,0.0,0.0016,1.0,0.951
w10s-dlt-cur-s62,w10s-dlt-cur,62,5256192,0.61,1.078,-0.689,0.2216,0.0,0.0,0.0,0.0015,1.0,0.95
w10s-dlt-cur-s62,w10s-dlt-cur,62,5286912,0.52,1.042,-0.627,0.4661,0.0,0.0,0.0,0.0015,1.0,0.95
w10s-dlt-cur-s62,w10s-dlt-cur,62,5317632,0.55,1.034,-0.627,0.2903,0.0,0.0,0.0,0.0016,1.0,0.95
w10s-dlt-cur-s62,w10s-dlt-cur,62,5348352,0.59,1.069,-0.589,0.0878,0.0,0.0,0.0,0.0016,1.0,0.95
w10s-dlt-cur-s62,w10s-dlt-cur,62,5379072,0.56,1.057,-0.589,0.1514,0.0,0.0,0.0,0.0016,1.0,0.95
w10s-dlt-cur-s62,w10s-dlt-cur,62,5409792,0.49,0.996,-0.556,0.3028,0.0,0.0,0.0,0.0015,1.0,0.95
w10s-dlt-cur-s62,w10s-dlt-cur,62,5440512,0.51,1.027,-0.542,0.4236,0.0,0.0,0.0,0.0015,1.0,0.95
w10s-dlt-cur-s62,w10s-dlt-cur,62,5471232,0.56,1.074,-0.47,0.4922,0.0,0.0,0.0,0.0015,1.0,0.95
w10s-dlt-cur-s62,w10s-dlt-cur,62,5501952,0.54,1.059,-0.459,0.2309,0.0,0.0,0.0,0.0014,1.0,0.949
w10s-dlt-cur-s62,w10s-dlt-cur,62,5532672,0.54,1.055,-0.404,0.1645,0.0,0.0,0.0,0.0014,1.0,0.949
w10s-dlt-cur-s62,w10s-dlt-cur,62,5563392,0.6,1.088,-0.393,0.4353,0.0,0.0,0.0,0.0015,1.0,0.949
w10s-dlt-cur-s62,w10s-dlt-cur,62,5594112,0.57,1.075,-0.393,0.3512,0.0,0.0,0.0,0.0014,1.0,0.949
w10s-dlt-cur-s62,w10s-dlt-cur,62,5624832,0.49,1.002,-0.379,0.3391,0.0,0.0,0.0,0.0014,1.0,0.949
w10s-dlt-cur-s62,w10s-dlt-cur,62,5655552,0.5,1.005,-0.354,0.4426,0.0,0.0,0.0,0.0015,1.0,0.949
w10s-dlt-cur-s62,w10s-dlt-cur,62,5686272,0.66,1.139,-0.341,0.3689,0.0,0.0,0.0,0.0014,1.0,0.948
w10s-dlt-cur-s62,w10s-dlt-cur,62,5716992,0.53,1.037,-0.301,0.4498,0.0,0.0,0.0,0.0015,1.0,0.948
w10s-dlt-cur-s62,w10s-dlt-cur,62,5747712,0.58,1.05,-0.25,0.5022,0.0,0.0,0.0,0.0014,1.0,0.948
w10s-dlt-cur-s62,w10s-dlt-cur,62,5778432,0.62,1.099,-0.207,0.5385,0.0,0.0,0.0,0.0014,1.0,0.948
w10s-dlt-cur-s62,w10s-dlt-cur,62,5809152,0.49,0.994,-0.183,0.1824,0.0,0.0,0.0,0.0014,1.0,0.948
w10s-dlt-cur-s62,w10s-dlt-cur,62,5839872,0.6,1.021,-0.132,0.2828,0.0,0.0,0.0,0.0014,1.0,0.948
w10s-dlt-cur-s62,w10s-dlt-cur,62,5870592,0.55,1.05,-0.113,0.3823,0.0,0.0,0.0,0.0014,1.0,0.948
w10s-dlt-cur-s62,w10s-dlt-cur,62,5901312,0.61,1.076,-0.078,0.6158,0.0,0.0,0.0,0.0013,1.0,0.947
w10s-dlt-cur-s62,w10s-dlt-cur,62,5932032,0.54,1.02,-0.055,0.2812,0.0,0.0,0.0,0.0014,1.0,0.947
w10s-dlt-cur-s62,w10s-dlt-cur,62,5962752,0.53,1.025,-0.024,0.3188,0.0,0.0,0.0,0.0013,1.0,0.947
w10s-dlt-cur-s62,w10s-dlt-cur,62,5993472,0.5,0.993,-0.011,0.2519,0.0,0.0,0.0,0.0012,1.0,0.947
w10s-dlt-cur-s62,w10s-dlt-cur,62,6024192,0.54,1.005,0.0,0.3349,0.0,0.0,0.0,0.0013,1.0,0.947
w10s-dlt-cur-s62,w10s-dlt-cur,62,6054912,0.57,1.028,0.0,0.3087,0.0,0.0,0.0,0.0013,1.0,0.947
w10s-dlt-cur-s62,w10s-dlt-cur,62,6085632,0.55,1.02,0.0,0.3826,0.0,0.0,0.0,0.0014,1.0,0.947
w10s-dlt-cur-s62,w10s-dlt-cur,62,6116352,0.6,1.062,0.0,0.4195,0.0,0.0,0.0,0.0014,1.0,0.946
w10s-dlt-cur-s62,w10s-dlt-cur,62,6147072,0.63,1.09,0.0,0.1719,0.0,0.0,0.0,0.0013,1.0,0.946
w10s-dlt-cur-s62,w10s-dlt-cur,62,6177792,0.54,0.986,0.0,0.4787,0.0,0.0,0.0,0.0013,1.0,0.946
w10s-dlt-cur-s62,w10s-dlt-cur,62,6208512,0.59,1.061,0.0,0.3056,0.0,0.0,0.0,0.0012,1.0,0.946
w10s-dlt-cur-s62,w10s-dlt-cur,62,6239232,0.64,1.086,0.0,0.4804,0.0,0.0,0.0,0.0012,1.0,0.946
w10s-dlt-cur-s62,w10s-dlt-cur,62,6269952,0.62,1.061,0.0,0.5015,0.0,0.0,0.0,0.0012,1.0,0.946
w10s-dlt-cur-s62,w10s-dlt-cur,62,6300672,0.64,1.087,0.0,0.4625,0.0,0.0,0.0,0.0013,1.0,0.946
w10s-dlt-cur-s62,w10s-dlt-cur,62,6331392,0.67,1.117,0.0,0.2963,0.0,0.0,0.0,0.0012,1.0,0.946
w10s-dlt-cur-s62,w10s-dlt-cur,62,6362112,0.65,1.1,0.0,0.4621,0.0,0.0,0.0,0.0013,1.0,0.945
w10s-dlt-cur-s62,w10s-dlt-cur,62,6392832,0.6,1.063,0.0,0.4284,0.0,0.0,0.0,0.0012,1.0,0.945
w10s-dlt-cur-s62,w10s-dlt-cur,62,6423552,0.63,1.091,0.0,0.3093,0.0,0.0,0.0,0.0013,1.0,0.945
w10s-dlt-cur-s62,w10s-dlt-cur,62,6454272,0.67,1.094,0.0,0.4726,0.0,0.0,0.0,0.0013,1.0,0.945
w10s-dlt-cur-s62,w10s-dlt-cur,62,6484992,0.57,1.041,0.0,0.2209,0.0,0.0,0.0,0.0013,1.0,0.945
w10s-dlt-cur-s62,w10s-dlt-cur,62,6515712,0.57,1.053,0.0,0.3273,0.0,0.0,0.0,0.0012,1.0,0.945
w10s-dlt-cur-s62,w10s-dlt-cur,62,6546432,0.67,1.091,0.0,0.5787,0.0,0.0,0.0,0.0012,1.0,0.945
w10s-dlt-cur-s62,w10s-dlt-cur,62,6577152,0.52,0.982,0.0,0.3639,0.0,0.0,0.0,0.0012,1.0,0.945
w10s-dlt-cur-s62,w10s-dlt-cur,62,6607872,0.6,1.072,0.0,0.3954,0.0,0.0,0.0,0.0012,1.0,0.944
w10s-dlt-cur-s62,w10s-dlt-cur,62,6638592,0.61,1.067,0.0,0.7185,0.0,0.0,0.0,0.0013,1.0,0.944
w10s-dlt-cur-s62,w10s-dlt-cur,62,6669312,0.61,1.052,0.0,0.3945,0.0,0.0,0.0,0.0013,1.0,0.944
w10s-dlt-cur-s62,w10s-dlt-cur,62,6700032,0.64,1.086,0.0,0.4341,0.0,0.0,0.0,0.0012,1.0,0.944
w10s-dlt-cur-s62,w10s-dlt-cur,62,6730752,0.65,1.088,0.0,0.612,0.0,0.0,0.0,0.0013,1.0,0.944
w10s-dlt-cur-s62,w10s-dlt-cur,62,6761472,0.66,1.071,0.0,0.2718,0.0,0.0,0.0,0.0012,1.0,0.944
w10s-dlt-cur-s62,w10s-dlt-cur,62,6792192,0.65,1.091,0.0,0.5396,0.0,0.0,0.0,0.0013,1.0,0.944
w10s-dlt-cur-s62,w10s-dlt-cur,62,6822912,0.61,1.059,0.0,0.5934,0.0,0.0,0.0,0.0013,1.0,0.943
w10s-dlt-cur-s62,w10s-dlt-cur,62,6853632,0.74,1.151,0.0,0.2538,0.0,0.0,0.0,0.0011,1.0,0.943
w10s-dlt-cur-s62,w10s-dlt-cur,62,6884352,0.61,1.081,0.0,0.649,0.0,0.0,0.0,0.0012,1.0,0.943
w10s-dlt-cur-s62,w10s-dlt-cur,62,6915072,0.67,1.105,0.0,0.4806,0.0,0.0,0.0,0.0013,1.0,0.943
w10s-dlt-cur-s62,w10s-dlt-cur,62,6945792,0.67,1.111,0.0,0.3956,0.0,0.0,0.0,0.0011,1.0,0.943
w10s-dlt-cur-s62,w10s-dlt-cur,62,6976512,0.64,1.088,0.0,0.5478,0.0,0.0,0.0,0.0012,1.0,0.943
w10s-dlt-cur-s62,w10s-dlt-cur,62,7007232,0.69,1.084,0.0,0.7867,0.0,0.0,0.0,0.0012,1.0,0.943
w10s-dlt-cur-s62,w10s-dlt-cur,62,7037952,0.61,1.054,0.0,0.6425,0.0,0.0,0.0,0.0012,1.0,0.943
w10s-dlt-cur-s62,w10s-dlt-cur,62,7068672,0.61,1.072,0.0,0.2405,0.0,0.0,0.0,0.0011,1.0,0.942
w10s-dlt-cur-s62,w10s-dlt-cur,62,7099392,0.68,1.081,0.0,0.4328,0.0,0.0,0.0,0.0011,1.0,0.942
w10s-dlt-cur-s62,w10s-dlt-cur,62,7130112,0.72,1.138,0.0,0.7876,0.0,0.0,0.0,0.0012,1.0,0.942
w10s-dlt-cur-s62,w10s-dlt-cur,62,7160832,0.72,1.128,0.0,0.3956,0.0,0.0,0.0,0.0012,1.0,0.942
w10s-dlt-cur-s62,w10s-dlt-cur,62,7191552,0.64,1.09,0.0,0.3584,0.0,0.0,0.0,0.0012,1.0,0.942
w10s-dlt-cur-s62,w10s-dlt-cur,62,7222272,0.7,1.114,0.0,0.644,0.0,0.0,0.0,0.0012,1.0,0.942
w10s-dlt-cur-s62,w10s-dlt-cur,62,7252992,0.6,1.076,0.0,0.4951,0.0,0.0,0.0,0.0011,1.0,0.942
w10s-dlt-cur-s62,w10s-dlt-cur,62,7283712,0.65,1.063,0.0,0.4086,0.0,0.0,0.0,0.0011,1.0,0.941
w10s-dlt-cur-s62,w10s-dlt-cur,62,7314432,0.62,1.091,0.0,0.5411,0.0,0.0,0.0,0.0011,1.0,0.941
w10s-dlt-cur-s62,w10s-dlt-cur,62,7345152,0.66,1.099,0.0,0.5459,0.0,0.0,0.0,0.0012,1.0,0.941
w10s-dlt-cur-s62,w10s-dlt-cur,62,7375872,0.7,1.096,0.0,0.5126,0.0,0.0,0.0,0.0011,1.0,0.941
w10s-dlt-cur-s62,w10s-dlt-cur,62,7406592,0.67,1.097,0.0,0.2388,0.0,0.0,0.0,0.0011,1.0,0.941
w10s-dlt-cur-s62,w10s-dlt-cur,62,7437312,0.65,1.07,0.0,0.4628,0.0,0.0,0.0,0.0012,1.0,0.941
w10s-dlt-cur-s62,w10s-dlt-cur,62,7468032,0.7,1.137,0.0,0.6665,0.0,0.0,0.0,0.0011,1.0,0.941
w10s-dlt-cur-s62,w10s-dlt-cur,62,7498752,0.65,1.131,0.0,0.6,0.0,0.0,0.0,0.0012,1.0,0.94
w10s-dlt-cur-s62,w10s-dlt-cur,62,7529472,0.68,1.12,0.0,0.6106,0.0,0.0,0.0,0.0012,1.0,0.94
w10s-dlt-cur-s62,w10s-dlt-cur,62,7560192,0.7,1.137,0.0,0.753,0.0,0.0,0.0,0.0011,1.0,0.94
w10s-dlt-cur-s62,w10s-dlt-cur,62,7590912,0.76,1.201,0.0,0.5073,0.0,0.0,0.0,0.0011,1.0,0.94
w10s-dlt-cur-s62,w10s-dlt-cur,62,7621632,0.72,1.164,0.0,0.7208,0.0,0.0,0.0,0.0011,1.0,0.94
w10s-dlt-cur-s62,w10s-dlt-cur,62,7652352,0.73,1.158,0.0,0.5883,0.0,0.0,0.0,0.0011,1.0,0.94
w10s-dlt-cur-s62,w10s-dlt-cur,62,7683072,0.69,1.116,0.0,0.6479,0.0,0.0,0.0,0.001,1.0,0.939
w10s-dlt-cur-s62,w10s-dlt-cur,62,7713792,0.82,1.217,0.0,0.5886,0.0,0.0,0.0,0.0011,1.0,0.939
w10s-dlt-cur-s62,w10s-dlt-cur,62,7744512,0.69,1.15,0.0,0.5888,0.0,0.0,0.0,0.0013,1.0,0.939
w10s-dlt-cur-s62,w10s-dlt-cur,62,7775232,0.67,1.085,0.0,0.6728,0.0,0.0,0.0,0.0012,1.0,0.939
w10s-dlt-cur-s62,w10s-dlt-cur,62,7805952,0.71,1.133,0.0,0.462,0.0,0.0,0.0,0.0012,1.0,0.939
w10s-dlt-cur-s62,w10s-dlt-cur,62,7836672,0.74,1.167,0.0,0.7734,0.0,0.0,0.0,0.0012,1.0,0.939
w10s-dlt-cur-s62,w10s-dlt-cur,62,7867392,0.74,1.149,0.0,0.5953,0.0,0.0,0.0,0.0011,1.0,0.939
w10s-dlt-cur-s62,w10s-dlt-cur,62,7898112,0.63,1.076,0.0,0.6463,0.0,0.0,0.0,0.0012,1.0,0.938
w10s-dlt-cur-s62,w10s-dlt-cur,62,7928832,0.82,1.259,0.0,0.803,0.0,0.0,0.0,0.0011,1.0,0.938
w10s-dlt-cur-s62,w10s-dlt-cur,62,7959552,0.74,1.148,0.0,0.7385,0.0,0.0,0.0,0.0011,1.0,0.938
w10s-dlt-cur-s62,w10s-dlt-cur,62,7990272,0.77,1.199,0.0,0.7313,0.0,0.0,0.0,0.0011,1.0,0.938
w10s-dlt-cur-s62,w10s-dlt-cur,62,8020992,0.73,1.177,0.0,0.7586,0.0,0.0,0.0,0.0011,1.0,0.938
w10s-dlt-cur-s62,w10s-dlt-cur,62,8051712,0.74,1.16,0.0,0.9339,0.0,0.0,0.0,0.0011,1.0,0.938
w10s-dlt-cur-s62,w10s-dlt-cur,62,8082432,0.72,1.142,0.0,0.6653,0.0,0.0,0.0,0.0012,1.0,0.938
w10s-dlt-cur-s62,w10s-dlt-cur,62,8113152,0.59,1.056,0.0,0.6083,0.0,0.0,0.0,0.0012,1.0,0.938
w10s-dlt-cur-s62,w10s-dlt-cur,62,8143872,0.7,1.137,0.0,0.6743,0.0,0.0,0.0,0.0011,1.0,0.937
w10s-dlt-cur-s62,w10s-dlt-cur,62,8174592,0.74,1.161,0.0,0.8672,0.0,0.0,0.0,0.0012,1.0,0.937
w10s-dlt-cur-s62,w10s-dlt-cur,62,8205312,0.65,1.071,0.0,0.9596,0.0,0.0,0.0,0.0011,1.0,0.937
w10s-dlt-cur-s62,w10s-dlt-cur,62,8236032,0.72,1.17,0.0,0.6328,0.0,0.0,0.0,0.0012,1.0,0.937
w10s-dlt-cur-s62,w10s-dlt-cur,62,8266752,0.72,1.143,0.0,0.8736,0.0,0.0,0.0,0.0012,1.0,0.937
w10s-dlt-cur-s62,w10s-dlt-cur,62,8297472,0.77,1.196,0.0,0.6574,0.0,0.0,0.0,0.0012,1.0,0.937
w10s-dlt-cur-s62,w10s-dlt-cur,62,8328192,0.79,1.199,0.0,0.8923,0.0,0.0,0.0,0.0012,1.0,0.937
w10s-dlt-cur-s62,w10s-dlt-cur,62,8358912,0.67,1.097,0.0,0.8589,0.0,0.0,0.0,0.0011,1.0,0.936
w10s-dlt-cur-s62,w10s-dlt-cur,62,8389632,0.74,1.184,0.0,0.638,0.0,0.0,0.0,0.0011,1.0,0.936
w10s-dlt-cur-s62,w10s-dlt-cur,62,8420352,0.75,1.124,0.0,0.7053,0.0,0.0,0.0,0.0011,1.0,0.936
w10s-dlt-cur-s62,w10s-dlt-cur,62,8451072,0.71,1.144,0.0,0.695,0.0,0.0,0.0,0.001,1.0,0.936
w10s-dlt-cur-s62,w10s-dlt-cur,62,8481792,0.67,1.114,0.0,0.7295,0.0,0.0,0.0,0.0011,1.0,0.936
w10s-dlt-cur-s62,w10s-dlt-cur,62,8512512,0.74,1.177,0.0,0.6787,0.0,0.0,0.0,0.0011,1.0,0.936
w10s-dlt-cur-s62,w10s-dlt-cur,62,8543232,0.67,1.133,0.0,0.7625,0.0,0.0,0.0,0.0011,1.0,0.936
w10s-dlt-cur-s62,w10s-dlt-cur,62,8573952,0.7,1.104,0.0,0.6966,0.0,0.0,0.0,0.0011,1.0,0.936
w10s-dlt-cur-s62,w10s-dlt-cur,62,8604672,0.71,1.135,0.0,0.9123,0.0,0.0,0.0,0.0011,1.0,0.935
w10s-dlt-cur-s62,w10s-dlt-cur,62,8635392,0.73,1.127,0.0,0.7091,0.0,0.0,0.0,0.0011,1.0,0.935
w10s-dlt-cur-s62,w10s-dlt-cur,62,8666112,0.68,1.093,0.0,0.8407,0.0,0.0,0.0,0.001,1.0,0.935
w10s-dlt-cur-s62,w10s-dlt-cur,62,8696832,0.68,1.118,0.0,0.772,0.0,0.0,0.0,0.0011,1.0,0.935
w10s-dlt-cur-s62,w10s-dlt-cur,62,8727552,0.76,1.182,0.0,0.4732,0.0,0.0,0.0,0.0011,1.0,0.935
w10s-dlt-cur-s62,w10s-dlt-cur,62,8758272,0.78,1.212,0.0,0.9237,0.0,0.0,0.0,0.0012,1.0,0.935
w10s-dlt-cur-s62,w10s-dlt-cur,62,8788992,0.81,1.197,0.0,0.7484,0.0,0.0,0.0,0.0011,1.0,0.935
w10s-dlt-cur-s62,w10s-dlt-cur,62,8819712,0.68,1.137,0.0,0.5394,0.0,0.0,0.0,0.0012,1.0,0.934
w10s-dlt-cur-s62,w10s-dlt-cur,62,8850432,0.67,1.113,0.0,0.9735,0.0,0.0,0.0,0.0011,1.0,0.934
w10s-dlt-cur-s62,w10s-dlt-cur,62,8881152,0.78,1.199,0.0,0.7105,0.0,0.0,0.0,0.0012,1.0,0.934
w10s-dlt-cur-s62,w10s-dlt-cur,62,8911872,0.79,1.194,0.0,0.7214,0.0,0.0,0.0,0.001,1.0,0.934
w10s-dlt-cur-s62,w10s-dlt-cur,62,8942592,0.71,1.153,0.0,0.8889,0.0,0.0,0.0,0.0012,1.0,0.934
w10s-dlt-cur-s62,w10s-dlt-cur,62,8973312,0.75,1.161,0.0,0.768,0.0,0.0,0.0,0.0011,1.0,0.934
w10s-dlt-cur-s62,w10s-dlt-cur,62,9004032,0.78,1.205,0.0,0.7252,0.0,0.0,0.0,0.0011,1.0,0.934
w10s-dlt-cur-s62,w10s-dlt-cur,62,9034752,0.77,1.192,0.0,0.665,0.0,0.0,0.0,0.001,1.0,0.934
w10s-dlt-cur-s62,w10s-dlt-cur,62,9065472,0.76,1.164,0.0,0.9661,0.0,0.0,0.0,0.0011,1.0,0.934
w10s-dlt-cur-s62,w10s-dlt-cur,62,9096192,0.74,1.154,0.0,0.8984,0.0,0.0,0.0,0.0012,1.0,0.933
w10s-dlt-cur-s62,w10s-dlt-cur,62,9126912,0.72,1.165,0.0,0.8398,0.0,0.0,0.0,0.0011,1.0,0.933
w10s-dlt-cur-s62,w10s-dlt-cur,62,9157632,0.75,1.161,0.0,0.7303,0.0,0.0,0.0,0.0011,1.0,0.933
w10s-dlt-cur-s62,w10s-dlt-cur,62,9188352,0.74,1.158,0.0,0.7087,0.0,0.0,0.0,0.001,1.0,0.933
w10s-dlt-cur-s62,w10s-dlt-cur,62,9219072,0.76,1.185,0.0,0.7496,0.0,0.0,0.0,0.0011,1.0,0.933
w10s-dlt-cur-s62,w10s-dlt-cur,62,9249792,0.7,1.147,0.0,0.8607,0.0,0.0,0.0,0.0012,1.0,0.933
w10s-dlt-cur-s62,w10s-dlt-cur,62,9280512,0.8,1.218,0.0,0.6194,0.0,0.0,0.0,0.0011,1.0,0.933
w10s-dlt-cur-s62,w10s-dlt-cur,62,9311232,0.8,1.203,0.0,0.6366,0.0,0.0,0.0,0.001,1.0,0.933
w10s-dlt-cur-s62,w10s-dlt-cur,62,9341952,0.77,1.147,0.0,0.8059,0.0,0.0,0.0,0.001,1.0,0.932
w10s-dlt-cur-s62,w10s-dlt-cur,62,9372672,0.73,1.154,0.0,0.6827,0.0,0.0,0.0,0.001,1.0,0.932
w10s-dlt-cur-s62,w10s-dlt-cur,62,9403392,0.66,1.088,0.0,0.8111,0.0,0.0,0.0,0.0011,1.0,0.932
w10s-dlt-cur-s62,w10s-dlt-cur,62,9434112,0.76,1.199,0.0,0.6138,0.0,0.0,0.0,0.0011,1.0,0.932
w10s-dlt-cur-s62,w10s-dlt-cur,62,9464832,0.76,1.193,0.0,0.8041,0.0,0.0,0.0,0.0011,1.0,0.932
w10s-dlt-cur-s62,w10s-dlt-cur,62,9495552,0.69,1.146,0.0,0.8514,0.0,0.0,0.0,0.001,1.0,0.932
w10s-dlt-cur-s62,w10s-dlt-cur,62,9526272,0.81,1.231,0.0,0.8416,0.0,0.0,0.0,0.0011,1.0,0.932
w10s-dlt-cur-s62,w10s-dlt-cur,62,9556992,0.68,1.14,0.0,0.7715,0.0,0.0,0.0,0.0011,1.0,0.932
w10s-dlt-cur-s62,w10s-dlt-cur,62,9587712,0.79,1.214,0.0,0.6351,0.0,0.0,0.0,0.0012,1.0,0.932
w10s-dlt-cur-s62,w10s-dlt-cur,62,9618432,0.66,1.103,0.0,0.6356,0.0,0.0,0.0,0.001,1.0,0.931
w10s-dlt-cur-s62,w10s-dlt-cur,62,9649152,0.73,1.156,0.0,0.8909,0.0,0.0,0.0,0.0011,1.0,0.931
w10s-dlt-cur-s62,w10s-dlt-cur,62,9679872,0.82,1.221,0.0,0.5931,0.0,0.0,0.0,0.0011,1.0,0.931
w10s-dlt-cur-s62,w10s-dlt-cur,62,9710592,0.76,1.162,0.0,0.7295,0.0,0.0,0.0,0.0011,1.0,0.931
w10s-dlt-cur-s62,w10s-dlt-cur,62,9741312,0.82,1.224,0.0,0.6623,0.0,0.0,0.0,0.001,1.0,0.931
w10s-dlt-cur-s62,w10s-dlt-cur,62,9772032,0.74,1.13,0.0,0.7403,0.0,0.0,0.0,0.0011,1.0,0.931
w10s-dlt-cur-s62,w10s-dlt-cur,62,9802752,0.7,1.16,0.0,0.7767,0.0,0.0,0.0,0.0011,1.0,0.931
w10s-dlt-cur-s62,w10s-dlt-cur,62,9833472,0.86,1.293,0.0,0.8121,0.0,0.0,0.0,0.001,1.0,0.931
w10s-dlt-cur-s62,w10s-dlt-cur,62,9864192,0.79,1.203,0.0,0.8768,0.0,0.0,0.0,0.001,1.0,0.931
w10s-dlt-cur-s62,w10s-dlt-cur,62,9894912,0.76,1.178,0.0,0.8448,0.0,0.0,0.0,0.001,1.0,0.931
w10s-dlt-cur-s62,w10s-dlt-cur,62,9925632,0.76,1.189,0.0,0.8518,0.0,0.0,0.0,0.001,1.0,0.93
w10s-dlt-cur-s62,w10s-dlt-cur,62,9956352,0.7,1.108,0.0,0.5354,0.0,0.0,0.0,0.001,1.0,0.93
w10s-dlt-cur-s62,w10s-dlt-cur,62,9987072,0.79,1.203,0.0,0.8547,0.0,0.0,0.0,0.001,1.0,0.93
w10s-dlt-cur-s62,w10s-dlt-cur,62,10017792,0.79,1.218,0.0,0.935,0.0,0.0,0.0,0.001,1.0,0.93
w10s-dlt-cur-s62,w10s-dlt-cur,62,10048512,0.79,1.218,0.0,0.9072,0.0,0.0,0.0,0.001,1.0,0.93
w10s-dlt-cur-s62,w10s-dlt-cur,62,10079232,0.74,1.227,0.0,0.8812,0.0,0.0,0.0,0.0012,1.0,0.93
w10s-dlt-cur-s62,w10s-dlt-cur,62,10109952,0.81,1.224,0.0,0.776,0.0,0.0,0.0,0.001,1.0,0.93
w10s-dlt-cur-s62,w10s-dlt-cur,62,10140672,0.81,1.214,0.0,0.8331,0.0,0.0,0.0,0.0011,1.0,0.93
w10s-dlt-cur-s62,w10s-dlt-cur,62,10171392,0.79,1.219,0.0,0.8489,0.0,0.0,0.0,0.001,1.0,0.93
w10s-dlt-cur-s62,w10s-dlt-cur,62,10202112,0.77,1.171,0.0,0.8106,0.0,0.0,0.0,0.001,1.0,0.93
w10s-dlt-cur-s62,w10s-dlt-cur,62,10232832,0.77,1.21,0.0,0.7798,0.0,0.0,0.0,0.001,1.0,0.929
w10s-dlt-cur-s62,w10s-dlt-cur,62,10263552,0.79,1.214,0.0,0.942,0.0,0.0,0.0,0.0011,1.0,0.929
w10s-dlt-cur-s62,w10s-dlt-cur,62,10294272,0.77,1.184,0.0,0.6248,0.0,0.0,0.0,0.001,1.0,0.929
w10s-dlt-cur-s62,w10s-dlt-cur,62,10324992,0.76,1.214,0.0,0.879,0.0,0.0,0.0,0.0011,1.0,0.929
w10s-dlt-cur-s62,w10s-dlt-cur,62,10355712,0.83,1.23,0.0,0.8976,0.0,0.0,0.0,0.001,1.0,0.929
w10s-dlt-cur-s62,w10s-dlt-cur,62,10386432,0.81,1.238,0.0,0.7725,0.0,0.0,0.0,0.001,1.0,0.929
w10s-dlt-cur-s62,w10s-dlt-cur,62,10417152,0.77,1.209,0.0,0.8527,0.0,0.0,0.0,0.001,1.0,0.929
w10s-dlt-cur-s62,w10s-dlt-cur,62,10447872,0.85,1.242,0.0,0.7694,0.0,0.0,0.0,0.0011,1.0,0.929
w10s-dlt-cur-s62,w10s-dlt-cur,62,10478592,0.79,1.214,0.0,0.7523,0.0,0.0,0.0,0.001,1.0,0.929
w10s-dlt-cur-s62,w10s-dlt-cur,62,10509312,0.73,1.173,0.0,0.8697,0.0,0.0,0.0,0.0011,1.0,0.929
w10s-dlt-cur-s62,w10s-dlt-cur,62,10540032,0.79,1.21,0.0,1.0022,0.0,0.0,0.0,0.0011,1.0,0.928
w10s-dlt-cur-s62,w10s-dlt-cur,62,10570752,0.73,1.15,0.0,0.9433,0.0,0.0,0.0,0.001,1.0,0.928
w10s-dlt-cur-s62,w10s-dlt-cur,62,10601472,0.83,1.228,0.0,0.8063,0.0,0.0,0.0,0.001,1.0,0.928
w10s-dlt-cur-s62,w10s-dlt-cur,62,10632192,0.73,1.189,0.0,0.7966,0.0,0.0,0.0,0.0011,1.0,0.928
w10s-dlt-cur-s62,w10s-dlt-cur,62,10662912,0.76,1.182,0.0,0.735,0.0,0.0,0.0,0.001,1.0,0.928
w10s-dlt-cur-s62,w10s-dlt-cur,62,10693632,0.7,1.173,0.0,0.9021,0.0,0.0,0.0,0.0011,1.0,0.928
w10s-dlt-cur-s62,w10s-dlt-cur,62,10724352,0.79,1.212,0.0,0.7476,0.0,0.0,0.0,0.001,1.0,0.928
w10s-dlt-cur-s62,w10s-dlt-cur,62,10755072,0.79,1.244,0.0,0.7614,0.0,0.0,0.0,0.0011,1.0,0.928
w10s-dlt-cur-s62,w10s-dlt-cur,62,10785792,0.81,1.227,0.0,0.9465,0.0,0.0,0.0,0.0011,1.0,0.928
w10s-dlt-cur-s62,w10s-dlt-cur,62,10816512,0.74,1.152,0.0,0.9047,0.0,0.0,0.0,0.001,1.0,0.928
w10s-dlt-cur-s62,w10s-dlt-cur,62,10847232,0.85,1.225,0.0,0.7312,0.0,0.0,0.0,0.001,1.0,0.928
w10s-dlt-cur-s62,w10s-dlt-cur,62,10877952,0.87,1.258,0.0,0.9485,0.0,0.0,0.0,0.001,1.0,0.927
w10s-dlt-cur-s62,w10s-dlt-cur,62,10908672,0.78,1.203,0.0,0.8934,0.0,0.0,0.0,0.0011,1.0,0.927
w10s-dlt-cur-s62,w10s-dlt-cur,62,10939392,0.83,1.251,0.0,0.9532,0.0,0.0,0.0,0.0011,1.0,0.927
w10s-dlt-cur-s62,w10s-dlt-cur,62,10970112,0.68,1.122,0.0,0.8316,0.0,0.0,0.0,0.001,1.0,0.927
w10s-dlt-cur-s62,w10s-dlt-cur,62,11000832,0.82,1.251,0.0,0.8967,0.0,0.0,0.0,0.001,1.0,0.927
w10s-dlt-cur-s62,w10s-dlt-cur,62,11031552,0.8,1.223,0.0,0.8522,0.0,0.0,0.0,0.0009,1.0,0.927
w10s-dlt-cur-s62,w10s-dlt-cur,62,11062272,0.75,1.179,0.0,1.0429,0.0,0.0,0.0,0.001,1.0,0.927
w10s-dlt-cur-s62,w10s-dlt-cur,62,11092992,0.83,1.224,0.0,0.9087,0.0,0.0,0.0,0.001,1.0,0.927
w10s-dlt-cur-s62,w10s-dlt-cur,62,11123712,0.81,1.232,0.0,0.8642,0.0,0.0,0.0,0.001,1.0,0.927
w10s-dlt-cur-s62,w10s-dlt-cur,62,11154432,0.8,1.228,0.0,0.9481,0.0,0.0,0.0,0.0011,1.0,0.927
w10s-dlt-cur-s62,w10s-dlt-cur,62,11185152,0.75,1.175,0.0,0.9244,0.0,0.0,0.0,0.001,1.0,0.927
w10s-dlt-cur-s62,w10s-dlt-cur,62,11215872,0.77,1.207,0.0,0.8935,0.0,0.0,0.0,0.001,1.0,0.927
w10s-dlt-cur-s62,w10s-dlt-cur,62,11246592,0.73,1.194,0.0,0.7996,0.0,0.0,0.0,0.0009,1.0,0.926
w10s-dlt-cur-s62,w10s-dlt-cur,62,11277312,0.77,1.199,0.0,0.8617,0.0,0.0,0.0,0.001,1.0,0.926
w10s-dlt-cur-s62,w10s-dlt-cur,62,11308032,0.85,1.246,0.0,0.9794,0.0,0.0,0.0,0.0011,1.0,0.926
w10s-dlt-cur-s62,w10s-dlt-cur,62,11338752,0.81,1.246,0.0,0.8208,0.0,0.0,0.0,0.001,1.0,0.926
w10s-dlt-cur-s62,w10s-dlt-cur,62,11369472,0.85,1.281,0.0,0.7821,0.0,0.0,0.0,0.0011,1.0,0.926
w10s-dlt-cur-s62,w10s-dlt-cur,62,11400192,0.85,1.278,0.0,0.9051,0.0,0.0,0.0,0.001,1.0,0.926
w10s-dlt-cur-s62,w10s-dlt-cur,62,11430912,0.84,1.235,0.0,0.8757,0.0,0.0,0.0,0.001,1.0,0.926
w10s-dlt-cur-s62,w10s-dlt-cur,62,11461632,0.8,1.209,0.0,1.0196,0.0,0.0,0.0,0.001,1.0,0.926
w10s-dlt-cur-s62,w10s-dlt-cur,62,11492352,0.73,1.154,0.0,0.8121,0.0,0.0,0.0,0.001,1.0,0.926
w10s-dlt-cur-s62,w10s-dlt-cur,62,11523072,0.81,1.24,0.0,0.7437,0.0,0.0,0.0,0.0009,1.0,0.926
w10s-dlt-cur-s62,w10s-dlt-cur,62,11553792,0.78,1.222,0.0,1.1092,0.0,0.0,0.0,0.001,1.0,0.926
w10s-dlt-cur-s62,w10s-dlt-cur,62,11584512,0.83,1.272,0.0,0.9643,0.0,0.0,0.0,0.001,1.0,0.926
w10s-dlt-cur-s62,w10s-dlt-cur,62,11615232,0.81,1.225,0.0,0.8721,0.0,0.0,0.0,0.001,1.0,0.926
w10s-dlt-cur-s62,w10s-dlt-cur,62,11645952,0.85,1.251,0.0,1.0838,0.0,0.0,0.0,0.0011,1.0,0.925
w10s-dlt-cur-s62,w10s-dlt-cur,62,11676672,0.74,1.19,0.0,0.9641,0.0,0.0,0.0,0.001,1.0,0.925
w10s-dlt-cur-s62,w10s-dlt-cur,62,11707392,0.78,1.204,0.0,0.8124,0.0,0.0,0.0,0.0011,1.0,0.925
w10s-dlt-cur-s62,w10s-dlt-cur,62,11738112,0.75,1.188,0.0,1.0281,0.0,0.0,0.0,0.001,1.0,0.925
w10s-dlt-cur-s62,w10s-dlt-cur,62,11768832,0.84,1.251,0.0,0.881,0.0,0.0,0.0,0.001,1.0,0.925
w10s-dlt-cur-s62,w10s-dlt-cur,62,11799552,0.79,1.199,0.0,0.9282,0.0,0.0,0.0,0.0009,1.0,0.925
w10s-dlt-cur-s62,w10s-dlt-cur,62,11830272,0.79,1.223,0.0,0.9724,0.0,0.0,0.0,0.001,1.0,0.925
w10s-dlt-cur-s62,w10s-dlt-cur,62,11860992,0.85,1.273,0.0,0.842,0.0,0.0,0.0,0.001,1.0,0.925
w10s-dlt-cur-s62,w10s-dlt-cur,62,11891712,0.78,1.241,0.0,0.938,0.0,0.0,0.0,0.001,1.0,0.925
w10s-dlt-cur-s62,w10s-dlt-cur,62,11922432,0.85,1.266,0.0,0.7832,0.0,0.0,0.0,0.001,1.0,0.925
w10s-dlt-cur-s62,w10s-dlt-cur,62,11953152,0.83,1.268,0.0,0.8621,0.0,0.0,0.0,0.001,1.0,0.925
w10s-dlt-cur-s62,w10s-dlt-cur,62,11983872,0.76,1.214,0.0,0.8187,0.0,0.0,0.0,0.001,1.0,0.925
w10s-dlt-cur-s62,w10s-dlt-cur,62,12014592,0.81,1.241,0.0,0.8813,0.0,0.0,0.0,0.001,1.0,0.924
w10s-dlt-cur-s62,w10s-dlt-cur,62,12045312,0.72,1.153,0.0,1.0992,0.0,0.0,0.0,0.001,1.0,0.924
w10s-dlt-cur-s62,w10s-dlt-cur,62,12076032,0.79,1.246,0.0,1.0282,0.0,0.0,0.0,0.001,1.0,0.924
w10s-dlt-cur-s62,w10s-dlt-cur,62,12106752,0.76,1.175,0.0,0.8489,0.0,0.0,0.0,0.001,1.0,0.924
w10s-dlt-cur-s62,w10s-dlt-cur,62,12137472,0.81,1.248,0.0,0.9285,0.0,0.0,0.0,0.0011,1.0,0.924
w10s-dlt-cur-s62,w10s-dlt-cur,62,12168192,0.77,1.196,0.0,0.9098,0.0,0.0,0.0,0.0011,1.0,0.924
w10s-dlt-cur-s62,w10s-dlt-cur,62,12198912,0.82,1.243,0.0,0.8335,0.0,0.0,0.0,0.001,1.0,0.924
w10s-dlt-cur-s62,w10s-dlt-cur,62,12229632,0.87,1.293,0.0,1.0362,0.0,0.0,0.0,0.001,1.0,0.924
w10s-dlt-cur-s62,w10s-dlt-cur,62,12260352,0.76,1.18,0.0,1.0511,0.0,0.0,0.0,0.001,1.0,0.924
w10s-dlt-cur-s62,w10s-dlt-cur,62,12291072,0.78,1.233,0.0,1.0575,0.0,0.0,0.0,0.0011,1.0,0.924
w10s-dlt-cur-s62,w10s-dlt-cur,62,12321792,0.83,1.258,0.0,0.8285,0.0,0.0,0.0,0.001,1.0,0.924
w10s-dlt-cur-s62,w10s-dlt-cur,62,12352512,0.83,1.301,0.0,0.8756,0.0,0.0,0.0,0.001,1.0,0.924
w10s-dlt-cur-s62,w10s-dlt-cur,62,12383232,0.82,1.249,0.0,0.8469,0.0,0.0,0.0,0.0011,1.0,0.924
w10s-dlt-cur-s62,w10s-dlt-cur,62,12413952,0.76,1.206,0.0,0.8592,0.0,0.0,0.0,0.0011,1.0,0.924
w10s-dlt-cur-s62,w10s-dlt-cur,62,12444672,0.81,1.246,0.0,0.9904,0.0,0.0,0.0,0.001,1.0,0.923
w10s-dlt-cur-s62,w10s-dlt-cur,62,12475392,0.75,1.212,0.0,0.9764,0.0,0.0,0.0,0.001,1.0,0.923
w10s-dlt-cur-s62,w10s-dlt-cur,62,12506112,0.81,1.242,0.0,0.7957,0.0,0.0,0.0,0.001,1.0,0.923
w10s-dlt-cur-s62,w10s-dlt-cur,62,12536832,0.79,1.207,0.0,0.9913,0.0,0.0,0.0,0.001,1.0,0.923
w10s-dlt-cur-s62,w10s-dlt-cur,62,12567552,0.83,1.247,0.0,0.9223,0.0,0.0,0.0,0.001,1.0,0.923
w10s-dlt-cur-s62,w10s-dlt-cur,62,12598272,0.82,1.231,0.0,0.9289,0.0,0.0,0.0,0.001,1.0,0.923
w10s-dlt-cur-s62,w10s-dlt-cur,62,12628992,0.89,1.312,0.0,0.8819,0.0,0.0,0.0,0.001,1.0,0.923
w10s-dlt-cur-s62,w10s-dlt-cur,62,12659712,0.77,1.242,0.0,0.9473,0.0,0.0,0.0,0.001,1.0,0.923
w10s-dlt-cur-s62,w10s-dlt-cur,62,12690432,0.84,1.279,0.0,1.0333,0.0,0.0,0.0,0.001,1.0,0.923
w10s-dlt-cur-s62,w10s-dlt-cur,62,12721152,0.85,1.278,0.0,1.0363,0.0,0.0,0.0,0.001,1.0,0.923
w10s-dlt-cur-s62,w10s-dlt-cur,62,12751872,0.82,1.244,0.0,0.972,0.0,0.0,0.0,0.001,1.0,0.923
w10s-dlt-cur-s62,w10s-dlt-cur,62,12782592,0.81,1.259,0.0,1.1035,0.0,0.0,0.0,0.0011,1.0,0.923
w10s-dlt-cur-s62,w10s-dlt-cur,62,12813312,0.87,1.288,0.0,1.0803,0.0,0.0,0.0,0.0009,1.0,0.923
w10s-dlt-cur-s62,w10s-dlt-cur,62,12844032,0.81,1.241,0.0,0.8138,0.0,0.0,0.0,0.001,1.0,0.922
w10s-dlt-cur-s62,w10s-dlt-cur,62,12874752,0.88,1.306,0.0,0.774,0.0,0.0,0.0,0.001,1.0,0.922
w10s-dlt-cur-s62,w10s-dlt-cur,62,12905472,0.87,1.269,0.0,0.9355,0.0,0.0,0.0,0.001,1.0,0.922
w10s-dlt-cur-s62,w10s-dlt-cur,62,12936192,0.77,1.221,0.0,0.9583,0.0,0.0,0.0,0.001,1.0,0.922
w10s-dlt-cur-s62,w10s-dlt-cur,62,12966912,0.81,1.252,0.0,1.049,0.0,0.0,0.0,0.001,1.0,0.922
w10s-dlt-cur-s62,w10s-dlt-cur,62,12997632,0.84,1.285,0.0,0.9754,0.0,0.0,0.0,0.001,1.0,0.922
w10s-dlt-cur-s62,w10s-dlt-cur,62,13028352,0.84,1.267,0.0,0.927,0.0,0.0,0.0,0.0009,1.0,0.922
w10s-dlt-cur-s62,w10s-dlt-cur,62,13059072,0.8,1.284,0.0,0.9577,0.0,0.0,0.0,0.001,1.0,0.922
w10s-dlt-cur-s62,w10s-dlt-cur,62,13089792,0.78,1.236,0.0,1.0571,0.0,0.0,0.0,0.001,1.0,0.922
w10s-dlt-cur-s62,w10s-dlt-cur,62,13120512,0.82,1.251,0.0,0.9514,0.0,0.0,0.0,0.001,1.0,0.922
w10s-dlt-cur-s62,w10s-dlt-cur,62,13151232,0.81,1.262,0.0,0.9117,0.0,0.0,0.0,0.001,1.0,0.922
w10s-dlt-cur-s62,w10s-dlt-cur,62,13181952,0.82,1.25,0.0,0.821,0.0,0.0,0.0,0.0009,1.0,0.922
w10s-dlt-cur-s62,w10s-dlt-cur,62,13212672,0.84,1.275,0.0,0.9663,0.0,0.0,0.0,0.0009,1.0,0.922
w10s-dlt-cur-s62,w10s-dlt-cur,62,13243392,0.86,1.297,0.0,0.8976,0.0,0.0,0.0,0.001,1.0,0.922
w10s-dlt-cur-s62,w10s-dlt-cur,62,13274112,0.81,1.245,0.0,0.9999,0.0,0.0,0.0,0.0009,1.0,0.921
w10s-dlt-cur-s62,w10s-dlt-cur,62,13304832,0.8,1.229,0.0,0.9499,0.0,0.0,0.0,0.001,1.0,0.921
w10s-dlt-cur-s62,w10s-dlt-cur,62,13335552,0.92,1.34,0.0,1.0259,0.0,0.0,0.0,0.001,1.0,0.921
w10s-dlt-cur-s62,w10s-dlt-cur,62,13366272,0.76,1.224,0.0,1.0748,0.0,0.0,0.0,0.001,1.0,0.921
w10s-dlt-cur-s62,w10s-dlt-cur,62,13396992,0.84,1.285,0.0,0.9569,0.0,0.0,0.0,0.001,1.0,0.921
w10s-dlt-cur-s62,w10s-dlt-cur,62,13427712,0.86,1.269,0.0,0.8935,0.0,0.0,0.0,0.0009,1.0,0.921
w10s-dlt-cur-s62,w10s-dlt-cur,62,13458432,0.86,1.31,0.0,0.77,0.0,0.0,0.0,0.001,1.0,0.921
w10s-dlt-cur-s62,w10s-dlt-cur,62,13489152,0.82,1.254,0.0,1.0122,0.0,0.0,0.0,0.001,1.0,0.921
w10s-dlt-cur-s62,w10s-dlt-cur,62,13519872,0.8,1.242,0.0,0.9613,0.0,0.0,0.0,0.001,1.0,0.921
w10s-dlt-cur-s62,w10s-dlt-cur,62,13550592,0.83,1.291,0.0,1.0791,0.0,0.0,0.0,0.001,1.0,0.921
w10s-dlt-cur-s62,w10s-dlt-cur,62,13581312,0.88,1.294,0.0,1.0464,0.0,0.0,0.0,0.001,1.0,0.921
w10s-dlt-cur-s62,w10s-dlt-cur,62,13612032,0.83,1.246,0.0,1.0682,0.0,0.0,0.0,0.001,1.0,0.921
w10s-dlt-cur-s62,w10s-dlt-cur,62,13642752,0.86,1.27,0.0,1.1263,0.0,0.0,0.0,0.0011,1.0,0.921
w10s-dlt-cur-s62,w10s-dlt-cur,62,13673472,0.81,1.264,0.0,1.075,0.0,0.0,0.0,0.001,1.0,0.921
w10s-dlt-cur-s62,w10s-dlt-cur,62,13704192,0.83,1.277,0.0,1.0866,0.0,0.0,0.0,0.0009,1.0,0.92
w10s-dlt-cur-s62,w10s-dlt-cur,62,13734912,0.88,1.299,0.0,1.0044,0.0,0.0,0.0,0.0009,1.0,0.92
w10s-dlt-cur-s62,w10s-dlt-cur,62,13765632,0.82,1.247,0.0,1.1655,0.0,0.0,0.0,0.0009,1.0,0.92
w10s-dlt-cur-s62,w10s-dlt-cur,62,13796352,0.85,1.277,0.0,1.0244,0.0,0.0,0.0,0.0009,1.0,0.92
w10s-dlt-cur-s62,w10s-dlt-cur,62,13827072,0.84,1.278,0.0,0.7739,0.0,0.0,0.0,0.001,1.0,0.92
w10s-dlt-cur-s62,w10s-dlt-cur,62,13857792,0.87,1.281,0.0,0.9572,0.0,0.0,0.0,0.0009,1.0,0.92
w10s-dlt-cur-s62,w10s-dlt-cur,62,13888512,0.86,1.316,0.0,0.8531,0.0,0.0,0.0,0.0009,1.0,0.92
w10s-dlt-cur-s62,w10s-dlt-cur,62,13919232,0.85,1.276,0.0,1.0806,0.0,0.0,0.0,0.0009,1.0,0.92
w10s-dlt-cur-s62,w10s-dlt-cur,62,13949952,0.77,1.221,0.0,0.8428,0.0,0.0,0.0,0.0009,1.0,0.92
w10s-dlt-cur-s62,w10s-dlt-cur,62,13980672,0.87,1.289,0.0,1.157,0.0,0.0,0.0,0.0009,1.0,0.92
w10s-dlt-cur-s62,w10s-dlt-cur,62,14011392,0.85,1.263,0.0,0.9775,0.0,0.0,0.0,0.0009,1.0,0.92
w10s-dlt-cur-s62,w10s-dlt-cur,62,14042112,0.88,1.294,0.0,1.1323,0.0,0.0,0.0,0.0009,1.0,0.92
w10s-dlt-cur-s62,w10s-dlt-cur,62,14072832,0.88,1.305,0.0,1.0144,0.0,0.0,0.0,0.0009,1.0,0.92
w10s-dlt-cur-s62,w10s-dlt-cur,62,14103552,0.85,1.294,0.0,0.9524,0.0,0.0,0.0,0.0009,1.0,0.919
w10s-dlt-cur-s62,w10s-dlt-cur,62,14134272,0.88,1.295,0.0,1.162,0.0,0.0,0.0,0.0009,1.0,0.919
w10s-dlt-cur-s62,w10s-dlt-cur,62,14164992,0.81,1.257,0.0,0.9836,0.0,0.0,0.0,0.0009,1.0,0.919
w10s-dlt-cur-s62,w10s-dlt-cur,62,14195712,0.87,1.292,0.0,1.1355,0.0,0.0,0.0,0.0009,1.0,0.919
w10s-dlt-cur-s62,w10s-dlt-cur,62,14226432,0.92,1.336,0.0,0.9719,0.0,0.0,0.0,0.0008,1.0,0.919
w10s-dlt-cur-s62,w10s-dlt-cur,62,14257152,0.82,1.281,0.0,1.0716,0.0,0.0,0.0,0.0009,1.0,0.919
w10s-dlt-cur-s62,w10s-dlt-cur,62,14287872,0.85,1.278,0.0,1.0711,0.0,0.0,0.0,0.0008,1.0,0.919
w10s-dlt-cur-s62,w10s-dlt-cur,62,14318592,0.85,1.259,0.0,1.0155,0.0,0.0,0.0,0.0009,1.0,0.919
w10s-dlt-cur-s62,w10s-dlt-cur,62,14349312,0.92,1.312,0.0,1.1604,0.0,0.0,0.0,0.0009,1.0,0.919
w10s-dlt-cur-s62,w10s-dlt-cur,62,14380032,0.87,1.298,0.0,1.1851,0.0,0.0,0.0,0.0009,1.0,0.919
w10s-dlt-cur-s62,w10s-dlt-cur,62,14410752,0.85,1.258,0.0,1.15,0.0,0.0,0.0,0.0009,1.0,0.919
w10s-dlt-cur-s62,w10s-dlt-cur,62,14441472,0.86,1.275,0.0,1.1297,0.0,0.0,0.0,0.0009,1.0,0.919
w10s-dlt-cur-s62,w10s-dlt-cur,62,14472192,0.86,1.281,0.0,1.0227,0.0,0.0,0.0,0.0009,1.0,0.918
w10s-dlt-cur-s62,w10s-dlt-cur,62,14502912,0.86,1.301,0.0,1.151,0.0,0.0,0.0,0.0009,1.0,0.918
w10s-dlt-cur-s62,w10s-dlt-cur,62,14533632,0.86,1.308,0.0,1.3061,0.0,0.0,0.0,0.0009,1.0,0.918
w10s-dlt-cur-s62,w10s-dlt-cur,62,14564352,0.85,1.285,0.0,1.1882,0.0,0.0,0.0,0.0009,1.0,0.918
w10s-dlt-cur-s62,w10s-dlt-cur,62,14595072,0.86,1.304,0.0,1.1234,0.0,0.0,0.0,0.0008,1.0,0.918
w10s-dlt-cur-s62,w10s-dlt-cur,62,14625792,0.91,1.313,0.0,1.0565,0.0,0.0,0.0,0.0008,1.0,0.918
w10s-dlt-cur-s62,w10s-dlt-cur,62,14656512,0.91,1.306,0.0,1.0832,0.0,0.0,0.0,0.0009,1.0,0.918
w10s-dlt-cur-s62,w10s-dlt-cur,62,14687232,0.91,1.316,0.0,1.0955,0.0,0.0,0.0,0.0009,1.0,0.918
w10s-dlt-cur-s62,w10s-dlt-cur,62,14717952,0.89,1.294,0.0,1.0133,0.0,0.0,0.0,0.0008,1.0,0.918
w10s-dlt-cur-s62,w10s-dlt-cur,62,14748672,0.92,1.33,0.0,1.2477,0.0,0.0,0.0,0.0009,1.0,0.918
w10s-dlt-cur-s62,w10s-dlt-cur,62,14779392,0.89,1.306,0.0,1.0656,0.0,0.0,0.0,0.0008,1.0,0.918
w10s-dlt-cur-s62,w10s-dlt-cur,62,14810112,0.94,1.34,0.0,1.0839,0.0,0.0,0.0,0.0009,1.0,0.918
w10s-dlt-cur-s62,w10s-dlt-cur,62,14840832,0.89,1.294,0.0,1.1347,0.0,0.0,0.0,0.0008,1.0,0.917
w10s-dlt-cur-s62,w10s-dlt-cur,62,14871552,0.89,1.331,0.0,1.1328,0.0,0.0,0.0,0.0009,1.0,0.917
w10s-dlt-cur-s62,w10s-dlt-cur,62,14902272,0.81,1.248,0.0,1.0264,0.0,0.0,0.0,0.0008,1.0,0.917
w10s-dlt-cur-s62,w10s-dlt-cur,62,14932992,0.9,1.304,0.0,1.2037,0.0,0.0,0.0,0.0008,1.0,0.917
w10s-dlt-cur-s62,w10s-dlt-cur,62,14963712,0.87,1.303,0.0,1.1827,0.0,0.0,0.0,0.0009,1.0,0.917
w10s-dlt-cur-s62,w10s-dlt-cur,62,14994432,0.82,1.231,0.0,1.0325,0.0,0.0,0.0,0.0008,1.0,0.917
w10s-dlt-cur-s62,w10s-dlt-cur,62,14997504,0.93,1.335,0.0,1.2129,0.0,0.0,0.0,0.0009,1.0,0.917
w10s-dlt-cur-s63,w10s-dlt-cur,63,3072,0.01,0.454,-1.0,,,,,,,
w10s-dlt-cur-s63,w10s-dlt-cur,63,33792,0.0,0.439,-1.0,-0.9765,0.0,0.0,0.0,0.0197,0.969,0.941
w10s-dlt-cur-s63,w10s-dlt-cur,63,64512,0.0,0.518,-1.0,-0.925,0.0,0.0,0.0,0.0138,0.988,0.944
w10s-dlt-cur-s63,w10s-dlt-cur,63,95232,0.02,0.544,-1.0,-0.95,0.0,0.0,0.0,0.0118,0.998,0.945
w10s-dlt-cur-s63,w10s-dlt-cur,63,125952,0.03,0.528,-1.0,-0.9032,0.0,0.0,0.0,0.0118,0.998,0.947
w10s-dlt-cur-s63,w10s-dlt-cur,63,156672,0.03,0.529,-1.0,-1.0,0.0,0.0,0.0,0.0098,0.999,0.949
w10s-dlt-cur-s63,w10s-dlt-cur,63,187392,0.02,0.517,-1.0,-0.9253,0.0,0.0,0.0,0.0093,0.999,0.949
w10s-dlt-cur-s63,w10s-dlt-cur,63,218112,0.02,0.557,-1.0,-0.8595,0.0,0.0,0.0,0.0079,1.0,0.949
w10s-dlt-cur-s63,w10s-dlt-cur,63,248832,0.02,0.545,-1.0,-0.9,0.0,0.0,0.0,0.008,1.0,0.95
w10s-dlt-cur-s63,w10s-dlt-cur,63,279552,0.05,0.595,-1.0,-0.9302,0.0,0.0,0.0,0.008,1.0,0.95
w10s-dlt-cur-s63,w10s-dlt-cur,63,310272,0.05,0.591,-1.0,-0.95,0.0,0.0,0.0,0.0075,1.0,0.949
w10s-dlt-cur-s63,w10s-dlt-cur,63,340992,0.04,0.541,-1.0,-0.885,0.0,0.0,0.0,0.0066,1.0,0.95
w10s-dlt-cur-s63,w10s-dlt-cur,63,371712,0.03,0.603,-1.0,-0.9549,0.0,0.0,0.0,0.007,1.0,0.95
w10s-dlt-cur-s63,w10s-dlt-cur,63,402432,0.03,0.598,-1.0,-0.875,0.0,0.0,0.0,0.0066,1.0,0.95
w10s-dlt-cur-s63,w10s-dlt-cur,63,433152,0.05,0.559,-1.0,-0.8593,0.0,0.0,0.0,0.0063,1.0,0.95
w10s-dlt-cur-s63,w10s-dlt-cur,63,463872,0.03,0.566,-1.0,-0.9081,0.0,0.0,0.0,0.0059,1.0,0.95
w10s-dlt-cur-s63,w10s-dlt-cur,63,494592,0.08,0.626,-1.0,-0.8883,0.0,0.0,0.0,0.0059,1.0,0.95
w10s-dlt-cur-s63,w10s-dlt-cur,63,525312,0.06,0.607,-1.0,-0.9017,0.0,0.0,0.0,0.0056,1.0,0.95
w10s-dlt-cur-s63,w10s-dlt-cur,63,556032,0.03,0.557,-1.0,-0.8025,0.0,0.0,0.0,0.0058,1.0,0.95
w10s-dlt-cur-s63,w10s-dlt-cur,63,586752,0.04,0.574,-1.0,-0.9007,0.0,0.0,0.0,0.0052,1.0,0.95
w10s-dlt-cur-s63,w10s-dlt-cur,63,617472,0.03,0.57,-1.0,-0.9021,0.0,0.0,0.0,0.0053,1.0,0.95
w10s-dlt-cur-s63,w10s-dlt-cur,63,648192,0.04,0.57,-1.0,-0.9035,0.0,0.0,0.0,0.0053,1.0,0.95
w10s-dlt-cur-s63,w10s-dlt-cur,63,678912,0.03,0.618,-1.0,-0.925,0.0,0.0,0.0,0.0056,1.0,0.95
w10s-dlt-cur-s63,w10s-dlt-cur,63,709632,0.03,0.571,-1.0,-0.879,0.0,0.0,0.0,0.0049,1.0,0.95
w10s-dlt-cur-s63,w10s-dlt-cur,63,740352,0.13,0.657,-1.0,-0.8303,0.0,0.0,0.0,0.0048,1.0,0.95
w10s-dlt-cur-s63,w10s-dlt-cur,63,771072,0.05,0.634,-1.0,-0.8038,0.0,0.0,0.0,0.0045,1.0,0.95
w10s-dlt-cur-s63,w10s-dlt-cur,63,801792,0.07,0.641,-1.0,-0.832,0.0,0.0,0.0,0.0048,1.0,0.95
w10s-dlt-cur-s63,w10s-dlt-cur,63,832512,0.07,0.619,-1.0,-0.8537,0.0,0.0,0.0,0.0042,1.0,0.95
w10s-dlt-cur-s63,w10s-dlt-cur,63,863232,0.02,0.546,-1.0,-0.954,0.0,0.0,0.0,0.0046,1.0,0.95
w10s-dlt-cur-s63,w10s-dlt-cur,63,893952,0.05,0.614,-1.0,-0.6708,0.0,0.0,0.0,0.0042,1.0,0.951
w10s-dlt-cur-s63,w10s-dlt-cur,63,924672,0.04,0.643,-1.0,-0.8557,0.0,0.0,0.0,0.0044,1.0,0.951
w10s-dlt-cur-s63,w10s-dlt-cur,63,955392,0.13,0.651,-1.0,-0.7886,0.0,0.0,0.0,0.004,1.0,0.951
w10s-dlt-cur-s63,w10s-dlt-cur,63,986112,0.02,0.562,-1.0,-0.9309,0.0,0.0,0.0,0.0042,1.0,0.951
w10s-dlt-cur-s63,w10s-dlt-cur,63,1016832,0.08,0.613,-1.0,-0.9021,0.0,0.0,0.0,0.0043,1.0,0.951
w10s-dlt-cur-s63,w10s-dlt-cur,63,1047552,0.07,0.663,-1.0,-0.8822,0.0,0.0,0.0,0.0041,1.0,0.952
w10s-dlt-cur-s63,w10s-dlt-cur,63,1078272,0.08,0.627,-1.0,-0.7831,0.0,0.0,0.0,0.004,1.0,0.952
w10s-dlt-cur-s63,w10s-dlt-cur,63,1108992,0.08,0.636,-1.0,-0.8787,0.0,0.0,0.0,0.0039,1.0,0.952
w10s-dlt-cur-s63,w10s-dlt-cur,63,1139712,0.07,0.606,-1.0,-0.7617,0.0,0.0,0.0,0.0039,1.0,0.952
w10s-dlt-cur-s63,w10s-dlt-cur,63,1170432,0.09,0.6,-1.0,-0.8164,0.0,0.0,0.0,0.0041,1.0,0.952
w10s-dlt-cur-s63,w10s-dlt-cur,63,1201152,0.08,0.592,-1.0,-0.8566,0.0,0.0,0.0,0.0037,1.0,0.952
w10s-dlt-cur-s63,w10s-dlt-cur,63,1231872,0.06,0.628,-1.0,-0.6451,0.0,0.0,0.0,0.0039,1.0,0.953
w10s-dlt-cur-s63,w10s-dlt-cur,63,1262592,0.08,0.649,-1.0,-0.804,0.0,0.0,0.0,0.0037,1.0,0.953
w10s-dlt-cur-s63,w10s-dlt-cur,63,1293312,0.14,0.647,-1.0,-0.8567,0.0,0.0,0.0,0.0035,1.0,0.953
w10s-dlt-cur-s63,w10s-dlt-cur,63,1324032,0.07,0.586,-1.0,-0.832,0.0,0.0,0.0,0.0036,1.0,0.953
w10s-dlt-cur-s63,w10s-dlt-cur,63,1354752,0.09,0.642,-1.0,-0.7091,0.0,0.0,0.0,0.0035,1.0,0.953
w10s-dlt-cur-s63,w10s-dlt-cur,63,1385472,0.04,0.6,-1.0,-0.6936,0.0,0.0,0.0,0.0037,1.0,0.953
w10s-dlt-cur-s63,w10s-dlt-cur,63,1416192,0.06,0.608,-1.0,-0.8324,0.0,0.0,0.0,0.0037,1.0,0.953
w10s-dlt-cur-s63,w10s-dlt-cur,63,1446912,0.16,0.696,-1.0,-0.8314,0.0,0.0,0.0,0.0035,1.0,0.953
w10s-dlt-cur-s63,w10s-dlt-cur,63,1477632,0.11,0.641,-1.0,-0.6642,0.0,0.0,0.0,0.0034,1.0,0.953
w10s-dlt-cur-s63,w10s-dlt-cur,63,1508352,0.04,0.599,-1.0,-0.8522,0.0,0.0,0.0,0.0032,1.0,0.953
w10s-dlt-cur-s63,w10s-dlt-cur,63,1539072,0.15,0.706,-1.0,-0.6858,0.0,0.0,0.0,0.0033,1.0,0.953
w10s-dlt-cur-s63,w10s-dlt-cur,63,1569792,0.08,0.652,-1.0,-0.7763,0.0,0.0,0.0,0.0031,1.0,0.953
w10s-dlt-cur-s63,w10s-dlt-cur,63,1600512,0.09,0.643,-1.0,-0.7161,0.0,0.0,0.0,0.0028,1.0,0.953
w10s-dlt-cur-s63,w10s-dlt-cur,63,1631232,0.14,0.654,-1.0,-0.812,0.0,0.0,0.0,0.003,1.0,0.952
w10s-dlt-cur-s63,w10s-dlt-cur,63,1661952,0.15,0.673,-1.0,-0.5844,0.0,0.0,0.0,0.0034,1.0,0.953
w10s-dlt-cur-s63,w10s-dlt-cur,63,1692672,0.09,0.649,-1.0,-0.7873,0.0,0.0,0.0,0.0033,1.0,0.952
w10s-dlt-cur-s63,w10s-dlt-cur,63,1723392,0.17,0.69,-1.0,-0.7575,0.0,0.0,0.0,0.0032,1.0,0.952
w10s-dlt-cur-s63,w10s-dlt-cur,63,1754112,0.08,0.613,-1.0,-0.6268,0.0,0.0,0.0,0.003,1.0,0.952
w10s-dlt-cur-s63,w10s-dlt-cur,63,1784832,0.08,0.593,-1.0,-0.6963,0.0,0.0,0.0,0.003,1.0,0.952
w10s-dlt-cur-s63,w10s-dlt-cur,63,1815552,0.11,0.662,-1.0,-0.7182,0.0,0.0,0.0,0.0029,1.0,0.952
w10s-dlt-cur-s63,w10s-dlt-cur,63,1846272,0.13,0.68,-1.0,-0.6885,0.0,0.0,0.0,0.0027,1.0,0.952
w10s-dlt-cur-s63,w10s-dlt-cur,63,1876992,0.08,0.635,-1.0,-0.7013,0.0,0.0,0.0,0.0029,1.0,0.952
w10s-dlt-cur-s63,w10s-dlt-cur,63,1907712,0.21,0.748,-1.0,-0.7177,0.0,0.0,0.0,0.0028,1.0,0.952
w10s-dlt-cur-s63,w10s-dlt-cur,63,1938432,0.12,0.609,-1.0,-0.6941,0.0,0.0,0.0,0.003,1.0,0.952
w10s-dlt-cur-s63,w10s-dlt-cur,63,1969152,0.18,0.703,-1.0,-0.5912,0.0,0.0,0.0,0.0028,1.0,0.952
w10s-dlt-cur-s63,w10s-dlt-cur,63,1999872,0.08,0.584,-1.0,-0.7581,0.0,0.0,0.0,0.0031,1.0,0.952
w10s-dlt-cur-s63,w10s-dlt-cur,63,2030592,0.06,0.642,-1.0,-0.6705,0.0,0.0,0.0,0.0027,1.0,0.952
w10s-dlt-cur-s63,w10s-dlt-cur,63,2061312,0.14,0.687,-1.0,-0.6635,0.0,0.0,0.0,0.0029,1.0,0.952
w10s-dlt-cur-s63,w10s-dlt-cur,63,2092032,0.18,0.646,-1.0,-0.6492,0.0,0.0,0.0,0.0027,1.0,0.953
w10s-dlt-cur-s63,w10s-dlt-cur,63,2122752,0.14,0.624,-1.0,-0.788,0.0,0.0,0.0,0.0029,1.0,0.953
w10s-dlt-cur-s63,w10s-dlt-cur,63,2153472,0.18,0.702,-1.0,-0.6903,0.0,0.0,0.0,0.0027,1.0,0.953
w10s-dlt-cur-s63,w10s-dlt-cur,63,2184192,0.18,0.707,-1.0,-0.8324,0.0,0.0,0.0,0.0025,1.0,0.953
w10s-dlt-cur-s63,w10s-dlt-cur,63,2214912,0.17,0.691,-1.0,-0.615,0.0,0.0,0.0,0.0026,1.0,0.953
w10s-dlt-cur-s63,w10s-dlt-cur,63,2245632,0.14,0.641,-1.0,-0.7572,0.0,0.0,0.0,0.0026,1.0,0.953
w10s-dlt-cur-s63,w10s-dlt-cur,63,2276352,0.12,0.625,-1.0,-0.6379,0.0,0.0,0.0,0.0026,1.0,0.953
w10s-dlt-cur-s63,w10s-dlt-cur,63,2307072,0.11,0.628,-1.0,-0.6956,0.0,0.0,0.0,0.0026,1.0,0.953
w10s-dlt-cur-s63,w10s-dlt-cur,63,2337792,0.15,0.66,-1.0,-0.6233,0.0,0.0,0.0,0.0024,1.0,0.953
w10s-dlt-cur-s63,w10s-dlt-cur,63,2368512,0.11,0.619,-1.0,-0.6483,0.0,0.0,0.0,0.0025,1.0,0.953
w10s-dlt-cur-s63,w10s-dlt-cur,63,2399232,0.16,0.695,-1.0,-0.5623,0.0,0.0,0.0,0.0026,1.0,0.953
w10s-dlt-cur-s63,w10s-dlt-cur,63,2429952,0.18,0.678,-1.0,-0.7133,0.0,0.0,0.0,0.0026,1.0,0.954
w10s-dlt-cur-s63,w10s-dlt-cur,63,2460672,0.14,0.677,-1.0,-0.5743,0.0,0.0,0.0,0.0023,1.0,0.954
w10s-dlt-cur-s63,w10s-dlt-cur,63,2491392,0.16,0.645,-1.0,-0.6909,0.0,0.0,0.0,0.0026,1.0,0.954
w10s-dlt-cur-s63,w10s-dlt-cur,63,2522112,0.14,0.709,-1.0,-0.422,0.0,0.0,0.0,0.0027,1.0,0.954
w10s-dlt-cur-s63,w10s-dlt-cur,63,2552832,0.19,0.698,-1.0,-0.637,0.0,0.0,0.0,0.0025,1.0,0.954
w10s-dlt-cur-s63,w10s-dlt-cur,63,2583552,0.16,0.685,-1.0,-0.5924,0.0,0.0,0.0,0.0024,1.0,0.954
w10s-dlt-cur-s63,w10s-dlt-cur,63,2614272,0.17,0.703,-1.0,-0.4219,0.0,0.0,0.0,0.0025,1.0,0.954
w10s-dlt-cur-s63,w10s-dlt-cur,63,2644992,0.27,0.801,-1.0,-0.6834,0.0,0.0,0.0,0.0026,1.0,0.954
w10s-dlt-cur-s63,w10s-dlt-cur,63,2675712,0.22,0.728,-1.0,-0.5607,0.0,0.0,0.0,0.0023,1.0,0.954
w10s-dlt-cur-s63,w10s-dlt-cur,63,2706432,0.27,0.786,-1.0,-0.4035,0.0,0.0,0.0,0.0025,1.0,0.954
w10s-dlt-cur-s63,w10s-dlt-cur,63,2737152,0.28,0.798,-1.0,-0.4468,0.0,0.0,0.0,0.0024,1.0,0.954
w10s-dlt-cur-s63,w10s-dlt-cur,63,2767872,0.24,0.788,-1.0,-0.6235,0.0,0.0,0.0,0.0023,1.0,0.953
w10s-dlt-cur-s63,w10s-dlt-cur,63,2798592,0.19,0.701,-1.0,-0.6912,0.0,0.0,0.0,0.0025,1.0,0.953
w10s-dlt-cur-s63,w10s-dlt-cur,63,2829312,0.19,0.719,-1.0,-0.5875,0.0,0.0,0.0,0.0024,1.0,0.953
w10s-dlt-cur-s63,w10s-dlt-cur,63,2860032,0.19,0.743,-1.0,-0.392,0.0,0.0,0.0,0.0025,1.0,0.953
w10s-dlt-cur-s63,w10s-dlt-cur,63,2890752,0.11,0.6,-1.0,-0.6442,0.0,0.0,0.0,0.0022,1.0,0.953
w10s-dlt-cur-s63,w10s-dlt-cur,63,2921472,0.22,0.691,-1.0,-0.3447,0.0,0.0,0.0,0.0021,1.0,0.953
w10s-dlt-cur-s63,w10s-dlt-cur,63,2952192,0.22,0.74,-1.0,-0.3315,0.0,0.0,0.0,0.0023,1.0,0.953
w10s-dlt-cur-s63,w10s-dlt-cur,63,2982912,0.31,0.815,-1.0,-0.398,0.0,0.0,0.0,0.0022,1.0,0.953
w10s-dlt-cur-s63,w10s-dlt-cur,63,3013632,0.25,0.751,-1.0,-0.4855,0.0,0.0,0.0,0.0022,1.0,0.953
w10s-dlt-cur-s63,w10s-dlt-cur,63,3044352,0.23,0.698,-1.0,-0.3612,0.0,0.0,0.0,0.0023,1.0,0.953
w10s-dlt-cur-s63,w10s-dlt-cur,63,3075072,0.27,0.774,-1.0,-0.4829,0.0,0.0,0.0,0.0021,1.0,0.953
w10s-dlt-cur-s63,w10s-dlt-cur,63,3105792,0.29,0.819,-1.0,-0.5515,0.0,0.0,0.0,0.0021,1.0,0.953
w10s-dlt-cur-s63,w10s-dlt-cur,63,3136512,0.17,0.716,-1.0,-0.4193,0.0,0.0,0.0,0.0023,1.0,0.953
w10s-dlt-cur-s63,w10s-dlt-cur,63,3167232,0.33,0.84,-1.0,-0.503,0.0,0.0,0.0,0.0023,1.0,0.953
w10s-dlt-cur-s63,w10s-dlt-cur,63,3197952,0.25,0.756,-1.0,-0.2129,0.0,0.0,0.0,0.0022,1.0,0.953
w10s-dlt-cur-s63,w10s-dlt-cur,63,3228672,0.15,0.662,-1.0,-0.4096,0.0,0.0,0.0,0.0022,1.0,0.953
w10s-dlt-cur-s63,w10s-dlt-cur,63,3259392,0.21,0.72,-1.0,-0.5305,0.0,0.0,0.0,0.0021,1.0,0.953
w10s-dlt-cur-s63,w10s-dlt-cur,63,3290112,0.24,0.756,-1.0,-0.3274,0.0,0.0,0.0,0.0023,1.0,0.953
w10s-dlt-cur-s63,w10s-dlt-cur,63,3320832,0.23,0.759,-1.0,-0.5305,0.0,0.0,0.0,0.0025,1.0,0.953
w10s-dlt-cur-s63,w10s-dlt-cur,63,3351552,0.25,0.794,-1.0,-0.3991,0.0,0.0,0.0,0.002,1.0,0.953
w10s-dlt-cur-s63,w10s-dlt-cur,63,3382272,0.32,0.816,-1.0,-0.3599,0.0,0.0,0.0,0.0022,1.0,0.953
w10s-dlt-cur-s63,w10s-dlt-cur,63,3412992,0.23,0.776,-1.0,-0.3777,0.0,0.0,0.0,0.0022,1.0,0.953
w10s-dlt-cur-s63,w10s-dlt-cur,63,3443712,0.25,0.756,-1.0,-0.3016,0.0,0.0,0.0,0.0023,1.0,0.953
w10s-dlt-cur-s63,w10s-dlt-cur,63,3474432,0.29,0.825,-1.0,-0.3171,0.0,0.0,0.0,0.0022,1.0,0.953
w10s-dlt-cur-s63,w10s-dlt-cur,63,3505152,0.34,0.869,-1.0,-0.2532,0.0,0.0,0.0,0.0023,1.0,0.953
w10s-dlt-cur-s63,w10s-dlt-cur,63,3535872,0.32,0.842,-1.0,-0.3572,0.0,0.0,0.0,0.0022,1.0,0.953
w10s-dlt-cur-s63,w10s-dlt-cur,63,3566592,0.28,0.806,-1.0,-0.4682,0.0,0.0,0.0,0.0021,1.0,0.953
w10s-dlt-cur-s63,w10s-dlt-cur,63,3597312,0.24,0.763,-1.0,-0.3829,0.0,0.0,0.0,0.0022,1.0,0.953
w10s-dlt-cur-s63,w10s-dlt-cur,63,3628032,0.39,0.924,-1.0,-0.2408,0.0,0.0,0.0,0.0021,1.0,0.953
w10s-dlt-cur-s63,w10s-dlt-cur,63,3658752,0.3,0.805,-1.0,-0.128,0.0,0.0,0.0,0.0023,1.0,0.953
w10s-dlt-cur-s63,w10s-dlt-cur,63,3689472,0.31,0.847,-1.0,-0.1709,0.0,0.0,0.0,0.002,1.0,0.953
w10s-dlt-cur-s63,w10s-dlt-cur,63,3720192,0.28,0.819,-1.0,-0.1638,0.0,0.0,0.0,0.0019,1.0,0.953
w10s-dlt-cur-s63,w10s-dlt-cur,63,3750912,0.32,0.836,-1.0,-0.3094,0.0,0.0,0.0,0.002,1.0,0.952
w10s-dlt-cur-s63,w10s-dlt-cur,63,3781632,0.29,0.799,-1.0,-0.2416,0.0,0.0,0.0,0.0019,1.0,0.952
w10s-dlt-cur-s63,w10s-dlt-cur,63,3812352,0.33,0.847,-1.0,-0.104,0.0,0.0,0.0,0.0021,1.0,0.952
w10s-dlt-cur-s63,w10s-dlt-cur,63,3843072,0.33,0.876,-1.0,-0.2661,0.0,0.0,0.0,0.002,1.0,0.952
w10s-dlt-cur-s63,w10s-dlt-cur,63,3873792,0.3,0.813,-1.0,-0.3044,0.0,0.0,0.0,0.0021,1.0,0.952
w10s-dlt-cur-s63,w10s-dlt-cur,63,3904512,0.32,0.847,-1.0,-0.2903,0.0,0.0,0.0,0.002,1.0,0.952
w10s-dlt-cur-s63,w10s-dlt-cur,63,3935232,0.31,0.851,-1.0,-0.137,0.0,0.0,0.0,0.0019,1.0,0.952
w10s-dlt-cur-s63,w10s-dlt-cur,63,3965952,0.35,0.872,-1.0,-0.0353,0.0,0.0,0.0,0.002,1.0,0.952
w10s-dlt-cur-s63,w10s-dlt-cur,63,3996672,0.4,0.925,-1.0,-0.1388,0.0,0.0,0.0,0.0019,1.0,0.952
w10s-dlt-cur-s63,w10s-dlt-cur,63,4027392,0.36,0.87,-1.0,-0.0505,0.0,0.0,0.0,0.002,1.0,0.952
w10s-dlt-cur-s63,w10s-dlt-cur,63,4058112,0.43,0.928,-1.0,-0.0154,0.0,0.0,0.0,0.0017,1.0,0.951
w10s-dlt-cur-s63,w10s-dlt-cur,63,4088832,0.38,0.917,-1.0,-0.0412,0.0,0.0,0.0,0.002,1.0,0.951
w10s-dlt-cur-s63,w10s-dlt-cur,63,4119552,0.4,0.92,-1.0,0.0346,0.0,0.0,0.0,0.0019,1.0,0.951
w10s-dlt-cur-s63,w10s-dlt-cur,63,4150272,0.33,0.869,-1.0,-0.1513,0.0,0.0,0.0,0.002,1.0,0.951
w10s-dlt-cur-s63,w10s-dlt-cur,63,4180992,0.34,0.869,-1.0,-0.277,0.0,0.0,0.0,0.0021,1.0,0.951
w10s-dlt-cur-s63,w10s-dlt-cur,63,4211712,0.48,1.01,-1.0,-0.0326,0.0,0.0,0.0,0.0019,1.0,0.951
w10s-dlt-cur-s63,w10s-dlt-cur,63,4242432,0.42,0.902,-1.0,0.2661,0.0,0.0,0.0,0.002,1.0,0.951
w10s-dlt-cur-s63,w10s-dlt-cur,63,4273152,0.42,0.947,-1.0,-0.0682,0.0,0.0,0.0,0.0019,1.0,0.951
w10s-dlt-cur-s63,w10s-dlt-cur,63,4303872,0.42,0.956,-1.0,0.1063,0.0,0.0,0.0,0.0018,1.0,0.951
w10s-dlt-cur-s63,w10s-dlt-cur,63,4334592,0.44,0.924,-1.0,0.0368,0.0,0.0,0.0,0.0018,1.0,0.951
w10s-dlt-cur-s63,w10s-dlt-cur,63,4365312,0.4,0.891,-1.0,0.1555,0.0,0.0,0.0,0.0019,1.0,0.951
w10s-dlt-cur-s63,w10s-dlt-cur,63,4396032,0.51,1.005,-1.0,0.2155,0.0,0.0,0.0,0.0019,1.0,0.95
w10s-dlt-cur-s63,w10s-dlt-cur,63,4426752,0.42,0.914,-1.0,-0.021,0.0,0.0,0.0,0.0018,1.0,0.95
w10s-dlt-cur-s63,w10s-dlt-cur,63,4457472,0.48,0.983,-1.0,0.1884,0.0,0.0,0.0,0.0018,1.0,0.95
w10s-dlt-cur-s63,w10s-dlt-cur,63,4488192,0.41,0.89,-1.0,0.0475,0.0,0.0,0.0,0.0017,1.0,0.95
w10s-dlt-cur-s63,w10s-dlt-cur,63,4518912,0.45,0.928,-1.0,0.217,0.0,0.0,0.0,0.0017,1.0,0.95
w10s-dlt-cur-s63,w10s-dlt-cur,63,4549632,0.46,0.976,-1.0,0.0369,0.0,0.0,0.0,0.0019,1.0,0.95
w10s-dlt-cur-s63,w10s-dlt-cur,63,4580352,0.49,0.981,-1.0,0.4471,0.0,0.0,0.0,0.0018,1.0,0.95
w10s-dlt-cur-s63,w10s-dlt-cur,63,4611072,0.46,0.933,-1.0,-0.0539,0.0,0.0,0.0,0.0019,1.0,0.95
w10s-dlt-cur-s63,w10s-dlt-cur,63,4641792,0.54,1.043,-1.0,-0.0559,0.0,0.0,0.0,0.0019,1.0,0.95
w10s-dlt-cur-s63,w10s-dlt-cur,63,4672512,0.4,0.929,-1.0,0.0621,0.0,0.0,0.0,0.0019,1.0,0.949
w10s-dlt-cur-s63,w10s-dlt-cur,63,4703232,0.42,0.906,-1.0,-0.1479,0.0,0.0,0.0,0.0018,1.0,0.949
w10s-dlt-cur-s63,w10s-dlt-cur,63,4733952,0.54,1.015,-1.0,0.381,0.0,0.0,0.0,0.0017,1.0,0.949
w10s-dlt-cur-s63,w10s-dlt-cur,63,4764672,0.59,1.061,-0.984,0.1886,0.0,0.0,0.0,0.0016,1.0,0.949
w10s-dlt-cur-s63,w10s-dlt-cur,63,4795392,0.54,1.04,-0.984,0.176,0.0,0.0,0.0,0.0018,1.0,0.949
w10s-dlt-cur-s63,w10s-dlt-cur,63,4826112,0.51,0.99,-0.984,0.1235,0.0,0.0,0.0,0.0018,1.0,0.949
w10s-dlt-cur-s63,w10s-dlt-cur,63,4856832,0.55,1.055,-0.973,0.27,0.0,0.0,0.0,0.0017,1.0,0.949
w10s-dlt-cur-s63,w10s-dlt-cur,63,4887552,0.56,1.041,-0.973,0.171,0.0,0.0,0.0,0.0017,1.0,0.949
w10s-dlt-cur-s63,w10s-dlt-cur,63,4918272,0.52,1.023,-0.947,-0.0404,0.0,0.0,0.0,0.0017,1.0,0.948
w10s-dlt-cur-s63,w10s-dlt-cur,63,4948992,0.49,0.99,-0.936,0.009,0.0,0.0,0.0,0.0017,1.0,0.948
w10s-dlt-cur-s63,w10s-dlt-cur,63,4979712,0.52,0.979,-0.936,0.229,0.0,0.0,0.0,0.0017,1.0,0.948
w10s-dlt-cur-s63,w10s-dlt-cur,63,5010432,0.55,1.028,-0.936,0.0296,0.0,0.0,0.0,0.0017,1.0,0.948
w10s-dlt-cur-s63,w10s-dlt-cur,63,5041152,0.5,0.927,-0.921,0.213,0.0,0.0,0.0,0.0015,1.0,0.948
w10s-dlt-cur-s63,w10s-dlt-cur,63,5071872,0.55,1.018,-0.899,0.1545,0.0,0.0,0.0,0.0017,1.0,0.948
w10s-dlt-cur-s63,w10s-dlt-cur,63,5102592,0.59,1.015,-0.887,0.3182,0.0,0.0,0.0,0.0019,1.0,0.948
w10s-dlt-cur-s63,w10s-dlt-cur,63,5133312,0.53,1.047,-0.887,0.1312,0.0,0.0,0.0,0.0016,1.0,0.948
w10s-dlt-cur-s63,w10s-dlt-cur,63,5164032,0.51,1.021,-0.887,0.2264,0.0,0.0,0.0,0.0015,1.0,0.947
w10s-dlt-cur-s63,w10s-dlt-cur,63,5194752,0.46,0.947,-0.872,0.5361,0.0,0.0,0.0,0.0016,1.0,0.947
w10s-dlt-cur-s63,w10s-dlt-cur,63,5225472,0.59,1.087,-0.86,0.2357,0.0,0.0,0.0,0.0016,1.0,0.947
w10s-dlt-cur-s63,w10s-dlt-cur,63,5256192,0.52,1.035,-0.86,0.1649,0.0,0.0,0.0,0.0017,1.0,0.947
w10s-dlt-cur-s63,w10s-dlt-cur,63,5286912,0.54,1.033,-0.835,0.3176,0.0,0.0,0.0,0.0016,1.0,0.947
w10s-dlt-cur-s63,w10s-dlt-cur,63,5317632,0.51,0.991,-0.786,0.2474,0.0,0.0,0.0,0.0016,1.0,0.947
w10s-dlt-cur-s63,w10s-dlt-cur,63,5348352,0.55,1.025,-0.757,0.3217,0.0,0.0,0.0,0.0015,1.0,0.947
w10s-dlt-cur-s63,w10s-dlt-cur,63,5379072,0.61,1.098,-0.745,0.2399,0.0,0.0,0.0,0.0017,1.0,0.947
w10s-dlt-cur-s63,w10s-dlt-cur,63,5409792,0.5,0.972,-0.709,0.1689,0.0,0.0,0.0,0.0015,1.0,0.947
w10s-dlt-cur-s63,w10s-dlt-cur,63,5440512,0.61,1.08,-0.698,0.1508,0.0,0.0,0.0,0.0015,1.0,0.946
w10s-dlt-cur-s63,w10s-dlt-cur,63,5471232,0.53,0.979,-0.687,0.3709,0.0,0.0,0.0,0.0015,1.0,0.946
w10s-dlt-cur-s63,w10s-dlt-cur,63,5501952,0.54,1.025,-0.687,0.4105,0.0,0.0,0.0,0.0016,1.0,0.946
w10s-dlt-cur-s63,w10s-dlt-cur,63,5532672,0.65,1.101,-0.673,0.4132,0.0,0.0,0.0,0.0016,1.0,0.946
w10s-dlt-cur-s63,w10s-dlt-cur,63,5563392,0.48,0.955,-0.658,0.2435,0.0,0.0,0.0,0.0014,1.0,0.946
w10s-dlt-cur-s63,w10s-dlt-cur,63,5594112,0.43,0.923,-0.646,0.2873,0.0,0.0,0.0,0.0014,1.0,0.946
w10s-dlt-cur-s63,w10s-dlt-cur,63,5624832,0.43,0.963,-0.635,0.1939,0.0,0.0,0.0,0.0014,1.0,0.946
w10s-dlt-cur-s63,w10s-dlt-cur,63,5655552,0.5,1.007,-0.635,0.2722,0.0,0.0,0.0,0.0014,1.0,0.946
w10s-dlt-cur-s63,w10s-dlt-cur,63,5686272,0.53,1.02,-0.635,0.2046,0.0,0.0,0.0,0.0015,1.0,0.945
w10s-dlt-cur-s63,w10s-dlt-cur,63,5716992,0.48,0.983,-0.635,0.3953,0.0,0.0,0.0,0.0014,1.0,0.945
w10s-dlt-cur-s63,w10s-dlt-cur,63,5747712,0.54,0.988,-0.608,0.37,0.0,0.0,0.0,0.0014,1.0,0.945
w10s-dlt-cur-s63,w10s-dlt-cur,63,5778432,0.45,0.93,-0.594,0.1305,0.0,0.0,0.0,0.0015,1.0,0.945
w10s-dlt-cur-s63,w10s-dlt-cur,63,5809152,0.53,0.985,-0.58,0.2219,0.0,0.0,0.0,0.0014,1.0,0.945
w10s-dlt-cur-s63,w10s-dlt-cur,63,5839872,0.55,1.045,-0.545,0.1876,0.0,0.0,0.0,0.0014,1.0,0.945
w10s-dlt-cur-s63,w10s-dlt-cur,63,5870592,0.52,1.023,-0.503,0.4987,0.0,0.0,0.0,0.0015,1.0,0.945
w10s-dlt-cur-s63,w10s-dlt-cur,63,5901312,0.57,1.043,-0.483,0.3941,0.0,0.0,0.0,0.0015,1.0,0.945
w10s-dlt-cur-s63,w10s-dlt-cur,63,5932032,0.5,0.972,-0.47,0.3551,0.0,0.0,0.0,0.0014,1.0,0.945
w10s-dlt-cur-s63,w10s-dlt-cur,63,5962752,0.57,1.069,-0.439,0.2533,0.0,0.0,0.0,0.0014,1.0,0.944
w10s-dlt-cur-s63,w10s-dlt-cur,63,5993472,0.64,1.109,-0.439,0.1396,0.0,0.0,0.0,0.0016,1.0,0.944
w10s-dlt-cur-s63,w10s-dlt-cur,63,6024192,0.53,1.033,-0.401,0.1819,0.0,0.0,0.0,0.0015,1.0,0.944
w10s-dlt-cur-s63,w10s-dlt-cur,63,6054912,0.44,0.943,-0.379,0.0681,0.0,0.0,0.0,0.0013,1.0,0.944
w10s-dlt-cur-s63,w10s-dlt-cur,63,6085632,0.46,0.967,-0.343,0.5051,0.0,0.0,0.0,0.0012,1.0,0.944
w10s-dlt-cur-s63,w10s-dlt-cur,63,6116352,0.5,0.967,-0.331,0.3447,0.0,0.0,0.0,0.0013,1.0,0.944
w10s-dlt-cur-s63,w10s-dlt-cur,63,6147072,0.55,1.046,-0.331,0.2686,0.0,0.0,0.0,0.0013,1.0,0.944
w10s-dlt-cur-s63,w10s-dlt-cur,63,6177792,0.54,1.043,-0.296,0.3736,0.0,0.0,0.0,0.0013,1.0,0.944
w10s-dlt-cur-s63,w10s-dlt-cur,63,6208512,0.53,0.983,-0.296,0.1811,0.0,0.0,0.0,0.0014,1.0,0.943
w10s-dlt-cur-s63,w10s-dlt-cur,63,6239232,0.61,1.076,-0.268,0.3174,0.0,0.0,0.0,0.0013,1.0,0.943
w10s-dlt-cur-s63,w10s-dlt-cur,63,6269952,0.47,0.972,-0.257,0.3648,0.0,0.0,0.0,0.0013,1.0,0.943
w10s-dlt-cur-s63,w10s-dlt-cur,63,6300672,0.5,0.988,-0.216,0.357,0.0,0.0,0.0,0.0012,1.0,0.943
w10s-dlt-cur-s63,w10s-dlt-cur,63,6331392,0.57,1.007,-0.177,0.2487,0.0,0.0,0.0,0.0014,1.0,0.943
w10s-dlt-cur-s63,w10s-dlt-cur,63,6362112,0.52,1.0,-0.139,-0.0174,0.0,0.0,0.0,0.0012,1.0,0.943
w10s-dlt-cur-s63,w10s-dlt-cur,63,6392832,0.52,0.975,-0.123,0.5409,0.0,0.0,0.0,0.0013,1.0,0.943
w10s-dlt-cur-s63,w10s-dlt-cur,63,6423552,0.55,1.034,-0.107,0.3074,0.0,0.0,0.0,0.0013,1.0,0.942
w10s-dlt-cur-s63,w10s-dlt-cur,63,6454272,0.59,1.034,-0.095,0.3337,0.0,0.0,0.0,0.0013,1.0,0.942
w10s-dlt-cur-s63,w10s-dlt-cur,63,6484992,0.63,1.066,-0.06,0.2388,0.0,0.0,0.0,0.0013,1.0,0.942
w10s-dlt-cur-s63,w10s-dlt-cur,63,6515712,0.59,1.004,-0.022,0.303,0.0,0.0,0.0,0.0012,1.0,0.942
w10s-dlt-cur-s63,w10s-dlt-cur,63,6546432,0.6,1.048,-0.022,0.3482,0.0,0.0,0.0,0.0012,1.0,0.942
w10s-dlt-cur-s63,w10s-dlt-cur,63,6577152,0.56,1.021,-0.022,0.2731,0.0,0.0,0.0,0.0012,1.0,0.942
w10s-dlt-cur-s63,w10s-dlt-cur,63,6607872,0.43,0.888,-0.01,0.3945,0.0,0.0,0.0,0.0013,1.0,0.942
w10s-dlt-cur-s63,w10s-dlt-cur,63,6638592,0.55,1.047,0.0,0.3834,0.0,0.0,0.0,0.0012,1.0,0.941
w10s-dlt-cur-s63,w10s-dlt-cur,63,6669312,0.62,1.052,0.0,0.5619,0.0,0.0,0.0,0.0011,1.0,0.941
w10s-dlt-cur-s63,w10s-dlt-cur,63,6700032,0.55,0.955,0.0,0.254,0.0,0.0,0.0,0.0011,1.0,0.941
w10s-dlt-cur-s63,w10s-dlt-cur,63,6730752,0.56,0.99,0.0,0.4303,0.0,0.0,0.0,0.0012,1.0,0.941
w10s-dlt-cur-s63,w10s-dlt-cur,63,6761472,0.62,1.056,0.0,0.3005,0.0,0.0,0.0,0.0011,1.0,0.941
w10s-dlt-cur-s63,w10s-dlt-cur,63,6792192,0.61,1.055,0.0,0.495,0.0,0.0,0.0,0.0012,1.0,0.941
w10s-dlt-cur-s63,w10s-dlt-cur,63,6822912,0.62,1.071,0.0,0.2022,0.0,0.0,0.0,0.0012,1.0,0.941
w10s-dlt-cur-s63,w10s-dlt-cur,63,6853632,0.54,0.968,0.0,0.4694,0.0,0.0,0.0,0.0011,1.0,0.94
w10s-dlt-cur-s63,w10s-dlt-cur,63,6884352,0.64,1.067,0.0,0.2168,0.0,0.0,0.0,0.0011,1.0,0.94
w10s-dlt-cur-s63,w10s-dlt-cur,63,6915072,0.54,1.018,0.0,0.3801,0.0,0.0,0.0,0.0011,1.0,0.94
w10s-dlt-cur-s63,w10s-dlt-cur,63,6945792,0.47,0.917,0.0,0.241,0.0,0.0,0.0,0.0012,1.0,0.94
w10s-dlt-cur-s63,w10s-dlt-cur,63,6976512,0.64,1.076,0.0,0.17,0.0,0.0,0.0,0.0012,1.0,0.94
w10s-dlt-cur-s63,w10s-dlt-cur,63,7007232,0.62,1.004,0.0,0.4558,0.0,0.0,0.0,0.0011,1.0,0.94
w10s-dlt-cur-s63,w10s-dlt-cur,63,7037952,0.6,1.031,0.0,0.5499,0.0,0.0,0.0,0.0012,1.0,0.94
w10s-dlt-cur-s63,w10s-dlt-cur,63,7068672,0.54,0.982,0.0,0.4018,0.0,0.0,0.0,0.0011,1.0,0.94
w10s-dlt-cur-s63,w10s-dlt-cur,63,7099392,0.61,1.041,0.0,0.434,0.0,0.0,0.0,0.0013,1.0,0.939
w10s-dlt-cur-s63,w10s-dlt-cur,63,7130112,0.76,1.18,0.0,0.5315,0.0,0.0,0.0,0.0012,1.0,0.939
w10s-dlt-cur-s63,w10s-dlt-cur,63,7160832,0.6,1.048,0.0,0.2902,0.0,0.0,0.0,0.0012,1.0,0.939
w10s-dlt-cur-s63,w10s-dlt-cur,63,7191552,0.66,1.096,0.0,0.4665,0.0,0.0,0.0,0.0012,1.0,0.939
w10s-dlt-cur-s63,w10s-dlt-cur,63,7222272,0.75,1.142,0.0,0.3982,0.0,0.0,0.0,0.0011,1.0,0.939
w10s-dlt-cur-s63,w10s-dlt-cur,63,7252992,0.58,1.04,0.0,0.4826,0.0,0.0,0.0,0.0011,1.0,0.939
w10s-dlt-cur-s63,w10s-dlt-cur,63,7283712,0.53,0.981,0.0,0.2666,0.0,0.0,0.0,0.0012,1.0,0.939
w10s-dlt-cur-s63,w10s-dlt-cur,63,7314432,0.65,1.086,0.0,0.5322,0.0,0.0,0.0,0.0012,1.0,0.939
w10s-dlt-cur-s63,w10s-dlt-cur,63,7345152,0.54,0.982,0.0,0.3068,0.0,0.0,0.0,0.0012,1.0,0.938
w10s-dlt-cur-s63,w10s-dlt-cur,63,7375872,0.63,1.06,0.0,0.6017,0.0,0.0,0.0,0.0012,1.0,0.938
w10s-dlt-cur-s63,w10s-dlt-cur,63,7406592,0.74,1.12,0.0,0.4692,0.0,0.0,0.0,0.0012,1.0,0.938
w10s-dlt-cur-s63,w10s-dlt-cur,63,7437312,0.66,1.086,0.0,0.5385,0.0,0.0,0.0,0.0011,1.0,0.938
w10s-dlt-cur-s63,w10s-dlt-cur,63,7468032,0.64,1.031,0.0,0.5054,0.0,0.0,0.0,0.0011,1.0,0.938
w10s-dlt-cur-s63,w10s-dlt-cur,63,7498752,0.63,1.054,0.0,0.4985,0.0,0.0,0.0,0.0011,1.0,0.938
w10s-dlt-cur-s63,w10s-dlt-cur,63,7529472,0.64,1.075,0.0,0.3386,0.0,0.0,0.0,0.0011,1.0,0.938
w10s-dlt-cur-s63,w10s-dlt-cur,63,7560192,0.66,1.078,0.0,0.4786,0.0,0.0,0.0,0.0012,1.0,0.938
w10s-dlt-cur-s63,w10s-dlt-cur,63,7590912,0.63,1.074,0.0,0.3758,0.0,0.0,0.0,0.0012,1.0,0.937
w10s-dlt-cur-s63,w10s-dlt-cur,63,7621632,0.58,1.032,0.0,0.4478,0.0,0.0,0.0,0.0011,1.0,0.937
w10s-dlt-cur-s63,w10s-dlt-cur,63,7652352,0.61,1.047,0.0,0.5545,0.0,0.0,0.0,0.0012,1.0,0.937
w10s-dlt-cur-s63,w10s-dlt-cur,63,7683072,0.67,1.09,0.0,0.5042,0.0,0.0,0.0,0.0012,1.0,0.937
w10s-dlt-cur-s63,w10s-dlt-cur,63,7713792,0.61,1.065,0.0,0.5327,0.0,0.0,0.0,0.0012,1.0,0.937
w10s-dlt-cur-s63,w10s-dlt-cur,63,7744512,0.66,1.091,0.0,0.4484,0.0,0.0,0.0,0.0011,1.0,0.937
w10s-dlt-cur-s63,w10s-dlt-cur,63,7775232,0.61,1.052,0.0,0.6024,0.0,0.0,0.0,0.0012,1.0,0.937
w10s-dlt-cur-s63,w10s-dlt-cur,63,7805952,0.64,1.075,0.0,0.6143,0.0,0.0,0.0,0.0012,1.0,0.936
w10s-dlt-cur-s63,w10s-dlt-cur,63,7836672,0.69,1.125,0.0,0.5374,0.0,0.0,0.0,0.0011,1.0,0.936
w10s-dlt-cur-s63,w10s-dlt-cur,63,7867392,0.6,1.07,0.0,0.7819,0.0,0.0,0.0,0.0012,1.0,0.936
w10s-dlt-cur-s63,w10s-dlt-cur,63,7898112,0.67,1.098,0.0,0.3974,0.0,0.0,0.0,0.0012,1.0,0.936
w10s-dlt-cur-s63,w10s-dlt-cur,63,7928832,0.67,1.112,0.0,0.2573,0.0,0.0,0.0,0.0011,1.0,0.936
w10s-dlt-cur-s63,w10s-dlt-cur,63,7959552,0.66,1.083,0.0,0.5126,0.0,0.0,0.0,0.0011,1.0,0.936
w10s-dlt-cur-s63,w10s-dlt-cur,63,7990272,0.69,1.131,0.0,0.5884,0.0,0.0,0.0,0.0011,1.0,0.936
w10s-dlt-cur-s63,w10s-dlt-cur,63,8020992,0.7,1.101,0.0,0.5356,0.0,0.0,0.0,0.0012,1.0,0.936
w10s-dlt-cur-s63,w10s-dlt-cur,63,8051712,0.68,1.069,0.0,0.5518,0.0,0.0,0.0,0.0011,1.0,0.935
w10s-dlt-cur-s63,w10s-dlt-cur,63,8082432,0.65,1.081,0.0,0.4984,0.0,0.0,0.0,0.0011,1.0,0.935
w10s-dlt-cur-s63,w10s-dlt-cur,63,8113152,0.73,1.143,0.0,0.5587,0.0,0.0,0.0,0.001,1.0,0.935
w10s-dlt-cur-s63,w10s-dlt-cur,63,8143872,0.74,1.147,0.0,0.7558,0.0,0.0,0.0,0.0011,1.0,0.935
w10s-dlt-cur-s63,w10s-dlt-cur,63,8174592,0.7,1.121,0.0,0.6193,0.0,0.0,0.0,0.0011,1.0,0.935
w10s-dlt-cur-s63,w10s-dlt-cur,63,8205312,0.69,1.091,0.0,0.6038,0.0,0.0,0.0,0.0011,1.0,0.935
w10s-dlt-cur-s63,w10s-dlt-cur,63,8236032,0.65,1.051,0.0,0.3867,0.0,0.0,0.0,0.0011,1.0,0.935
w10s-dlt-cur-s63,w10s-dlt-cur,63,8266752,0.74,1.165,0.0,0.6244,0.0,0.0,0.0,0.0011,1.0,0.935
w10s-dlt-cur-s63,w10s-dlt-cur,63,8297472,0.59,1.043,0.0,0.7093,0.0,0.0,0.0,0.0012,1.0,0.934
w10s-dlt-cur-s63,w10s-dlt-cur,63,8328192,0.65,1.091,0.0,0.5622,0.0,0.0,0.0,0.0012,1.0,0.934
w10s-dlt-cur-s63,w10s-dlt-cur,63,8358912,0.65,1.052,0.0,0.6744,0.0,0.0,0.0,0.001,1.0,0.934
w10s-dlt-cur-s63,w10s-dlt-cur,63,8389632,0.64,1.068,0.0,0.6104,0.0,0.0,0.0,0.001,1.0,0.934
w10s-dlt-cur-s63,w10s-dlt-cur,63,8420352,0.73,1.148,0.0,0.7754,0.0,0.0,0.0,0.0011,1.0,0.934
w10s-dlt-cur-s63,w10s-dlt-cur,63,8451072,0.65,1.041,0.0,0.585,0.0,0.0,0.0,0.0011,1.0,0.934
w10s-dlt-cur-s63,w10s-dlt-cur,63,8481792,0.67,1.087,0.0,0.6681,0.0,0.0,0.0,0.001,1.0,0.934
w10s-dlt-cur-s63,w10s-dlt-cur,63,8512512,0.62,1.051,0.0,0.6843,0.0,0.0,0.0,0.0011,1.0,0.934
w10s-dlt-cur-s63,w10s-dlt-cur,63,8543232,0.64,1.044,0.0,0.543,0.0,0.0,0.0,0.0012,1.0,0.934
w10s-dlt-cur-s63,w10s-dlt-cur,63,8573952,0.67,1.102,0.0,0.4795,0.0,0.0,0.0,0.0011,1.0,0.933
w10s-dlt-cur-s63,w10s-dlt-cur,63,8604672,0.69,1.117,0.0,0.7503,0.0,0.0,0.0,0.0011,1.0,0.933
w10s-dlt-cur-s63,w10s-dlt-cur,63,8635392,0.69,1.114,0.0,0.5239,0.0,0.0,0.0,0.0011,1.0,0.933
w10s-dlt-cur-s63,w10s-dlt-cur,63,8666112,0.75,1.167,0.0,0.8345,0.0,0.0,0.0,0.0011,1.0,0.933
w10s-dlt-cur-s63,w10s-dlt-cur,63,8696832,0.76,1.145,0.0,0.554,0.0,0.0,0.0,0.001,1.0,0.933
w10s-dlt-cur-s63,w10s-dlt-cur,63,8727552,0.74,1.181,0.0,0.7078,0.0,0.0,0.0,0.0011,1.0,0.933
w10s-dlt-cur-s63,w10s-dlt-cur,63,8758272,0.69,1.105,0.0,0.6049,0.0,0.0,0.0,0.001,1.0,0.933
w10s-dlt-cur-s63,w10s-dlt-cur,63,8788992,0.62,1.056,0.0,0.6452,0.0,0.0,0.0,0.001,1.0,0.933
w10s-dlt-cur-s63,w10s-dlt-cur,63,8819712,0.71,1.12,0.0,0.6121,0.0,0.0,0.0,0.001,1.0,0.933
w10s-dlt-cur-s63,w10s-dlt-cur,63,8850432,0.68,1.111,0.0,0.4626,0.0,0.0,0.0,0.0011,1.0,0.932
w10s-dlt-cur-s63,w10s-dlt-cur,63,8881152,0.64,1.062,0.0,0.8064,0.0,0.0,0.0,0.0011,1.0,0.932
w10s-dlt-cur-s63,w10s-dlt-cur,63,8911872,0.75,1.174,0.0,0.6765,0.0,0.0,0.0,0.001,1.0,0.932
w10s-dlt-cur-s63,w10s-dlt-cur,63,8942592,0.69,1.122,0.0,0.4861,0.0,0.0,0.0,0.0011,1.0,0.932
w10s-dlt-cur-s63,w10s-dlt-cur,63,8973312,0.71,1.145,0.0,0.773,0.0,0.0,0.0,0.0011,1.0,0.932
w10s-dlt-cur-s63,w10s-dlt-cur,63,9004032,0.74,1.181,0.0,0.6423,0.0,0.0,0.0,0.001,1.0,0.932
w10s-dlt-cur-s63,w10s-dlt-cur,63,9034752,0.73,1.158,0.0,0.5657,0.0,0.0,0.0,0.001,1.0,0.932
w10s-dlt-cur-s63,w10s-dlt-cur,63,9065472,0.72,1.134,0.0,0.8161,0.0,0.0,0.0,0.0011,1.0,0.932
w10s-dlt-cur-s63,w10s-dlt-cur,63,9096192,0.73,1.146,0.0,0.7236,0.0,0.0,0.0,0.0011,1.0,0.932
w10s-dlt-cur-s63,w10s-dlt-cur,63,9126912,0.76,1.182,0.0,0.7802,0.0,0.0,0.0,0.0011,1.0,0.931
w10s-dlt-cur-s63,w10s-dlt-cur,63,9157632,0.74,1.161,0.0,0.618,0.0,0.0,0.0,0.0011,1.0,0.931
w10s-dlt-cur-s63,w10s-dlt-cur,63,9188352,0.74,1.155,0.0,0.7798,0.0,0.0,0.0,0.0011,1.0,0.931
w10s-dlt-cur-s63,w10s-dlt-cur,63,9219072,0.76,1.171,0.0,0.5094,0.0,0.0,0.0,0.001,1.0,0.931
w10s-dlt-cur-s63,w10s-dlt-cur,63,9249792,0.69,1.142,0.0,0.809,0.0,0.0,0.0,0.0011,1.0,0.931
w10s-dlt-cur-s63,w10s-dlt-cur,63,9280512,0.77,1.159,0.0,0.7987,0.0,0.0,0.0,0.0011,1.0,0.931
w10s-dlt-cur-s63,w10s-dlt-cur,63,9311232,0.75,1.182,0.0,0.6197,0.0,0.0,0.0,0.0011,1.0,0.931
w10s-dlt-cur-s63,w10s-dlt-cur,63,9341952,0.74,1.163,0.0,0.5954,0.0,0.0,0.0,0.001,1.0,0.931
w10s-dlt-cur-s63,w10s-dlt-cur,63,9372672,0.68,1.112,0.0,0.5329,0.0,0.0,0.0,0.001,1.0,0.931
w10s-dlt-cur-s63,w10s-dlt-cur,63,9403392,0.71,1.152,0.0,0.8141,0.0,0.0,0.0,0.0011,1.0,0.93
w10s-dlt-cur-s63,w10s-dlt-cur,63,9434112,0.73,1.176,0.0,0.6617,0.0,0.0,0.0,0.001,1.0,0.93
w10s-dlt-cur-s63,w10s-dlt-cur,63,9464832,0.72,1.155,0.0,0.6849,0.0,0.0,0.0,0.001,1.0,0.93
w10s-dlt-cur-s63,w10s-dlt-cur,63,9495552,0.71,1.129,0.0,0.5678,0.0,0.0,0.0,0.001,1.0,0.93
w10s-dlt-cur-s63,w10s-dlt-cur,63,9526272,0.73,1.159,0.0,0.5447,0.0,0.0,0.0,0.001,1.0,0.93
w10s-dlt-cur-s63,w10s-dlt-cur,63,9556992,0.74,1.181,0.0,0.7245,0.0,0.0,0.0,0.001,1.0,0.93
w10s-dlt-cur-s63,w10s-dlt-cur,63,9587712,0.64,1.089,0.0,0.6026,0.0,0.0,0.0,0.0011,1.0,0.93
w10s-dlt-cur-s63,w10s-dlt-cur,63,9618432,0.75,1.152,0.0,0.7016,0.0,0.0,0.0,0.0011,1.0,0.93
w10s-dlt-cur-s63,w10s-dlt-cur,63,9649152,0.76,1.179,0.0,0.7788,0.0,0.0,0.0,0.001,1.0,0.93
w10s-dlt-cur-s63,w10s-dlt-cur,63,9679872,0.72,1.165,0.0,0.7784,0.0,0.0,0.0,0.0012,1.0,0.93
w10s-dlt-cur-s63,w10s-dlt-cur,63,9710592,0.73,1.155,0.0,0.7469,0.0,0.0,0.0,0.0011,1.0,0.929
w10s-dlt-cur-s63,w10s-dlt-cur,63,9741312,0.71,1.136,0.0,0.7103,0.0,0.0,0.0,0.0011,1.0,0.929
w10s-dlt-cur-s63,w10s-dlt-cur,63,9772032,0.78,1.226,0.0,0.8109,0.0,0.0,0.0,0.001,1.0,0.929
w10s-dlt-cur-s63,w10s-dlt-cur,63,9802752,0.66,1.12,0.0,0.7558,0.0,0.0,0.0,0.0011,1.0,0.929
w10s-dlt-cur-s63,w10s-dlt-cur,63,9833472,0.78,1.198,0.0,0.819,0.0,0.0,0.0,0.001,1.0,0.929
w10s-dlt-cur-s63,w10s-dlt-cur,63,9864192,0.73,1.158,0.0,0.7899,0.0,0.0,0.0,0.0011,1.0,0.929
w10s-dlt-cur-s63,w10s-dlt-cur,63,9894912,0.62,1.107,0.0,0.8624,0.0,0.0,0.0,0.0011,1.0,0.929
w10s-dlt-cur-s63,w10s-dlt-cur,63,9925632,0.75,1.161,0.0,0.7718,0.0,0.0,0.0,0.0012,1.0,0.929
w10s-dlt-cur-s63,w10s-dlt-cur,63,9956352,0.75,1.192,0.0,0.7474,0.0,0.0,0.0,0.001,1.0,0.929
w10s-dlt-cur-s63,w10s-dlt-cur,63,9987072,0.72,1.182,0.0,0.6549,0.0,0.0,0.0,0.0011,1.0,0.929
w10s-dlt-cur-s63,w10s-dlt-cur,63,10017792,0.68,1.118,0.0,0.8759,0.0,0.0,0.0,0.0011,1.0,0.928
w10s-dlt-cur-s63,w10s-dlt-cur,63,10048512,0.73,1.152,0.0,0.8837,0.0,0.0,0.0,0.0012,1.0,0.928
w10s-dlt-cur-s63,w10s-dlt-cur,63,10079232,0.75,1.188,0.0,0.6865,0.0,0.0,0.0,0.0011,1.0,0.928
w10s-dlt-cur-s63,w10s-dlt-cur,63,10109952,0.73,1.148,0.0,1.0458,0.0,0.0,0.0,0.001,1.0,0.928
w10s-dlt-cur-s63,w10s-dlt-cur,63,10140672,0.72,1.154,0.0,0.6132,0.0,0.0,0.0,0.0011,1.0,0.928
w10s-dlt-cur-s63,w10s-dlt-cur,63,10171392,0.71,1.151,0.0,0.7924,0.0,0.0,0.0,0.0011,1.0,0.928
w10s-dlt-cur-s63,w10s-dlt-cur,63,10202112,0.79,1.197,0.0,0.7683,0.0,0.0,0.0,0.0011,1.0,0.928
w10s-dlt-cur-s63,w10s-dlt-cur,63,10232832,0.71,1.16,0.0,0.8715,0.0,0.0,0.0,0.001,1.0,0.928
w10s-dlt-cur-s63,w10s-dlt-cur,63,10263552,0.77,1.201,0.0,0.8485,0.0,0.0,0.0,0.0011,1.0,0.928
w10s-dlt-cur-s63,w10s-dlt-cur,63,10294272,0.83,1.264,0.0,0.7563,0.0,0.0,0.0,0.0011,1.0,0.927
w10s-dlt-cur-s63,w10s-dlt-cur,63,10324992,0.79,1.22,0.0,0.9409,0.0,0.0,0.0,0.0011,1.0,0.927
w10s-dlt-cur-s63,w10s-dlt-cur,63,10355712,0.75,1.192,0.0,0.8575,0.0,0.0,0.0,0.001,1.0,0.927
w10s-dlt-cur-s63,w10s-dlt-cur,63,10386432,0.77,1.217,0.0,0.8196,0.0,0.0,0.0,0.0011,1.0,0.927
w10s-dlt-cur-s63,w10s-dlt-cur,63,10417152,0.8,1.222,0.0,0.5998,0.0,0.0,0.0,0.001,1.0,0.927
w10s-dlt-cur-s63,w10s-dlt-cur,63,10447872,0.71,1.127,0.0,0.6823,0.0,0.0,0.0,0.001,1.0,0.927
w10s-dlt-cur-s63,w10s-dlt-cur,63,10478592,0.78,1.221,0.0,0.7545,0.0,0.0,0.0,0.0011,1.0,0.927
w10s-dlt-cur-s63,w10s-dlt-cur,63,10509312,0.76,1.227,0.0,0.8255,0.0,0.0,0.0,0.001,1.0,0.927
w10s-dlt-cur-s63,w10s-dlt-cur,63,10540032,0.79,1.214,0.0,0.7059,0.0,0.0,0.0,0.001,1.0,0.927
w10s-dlt-cur-s63,w10s-dlt-cur,63,10570752,0.74,1.188,0.0,0.9115,0.0,0.0,0.0,0.0011,1.0,0.927
w10s-dlt-cur-s63,w10s-dlt-cur,63,10601472,0.79,1.215,0.0,0.7049,0.0,0.0,0.0,0.0011,1.0,0.927
w10s-dlt-cur-s63,w10s-dlt-cur,63,10632192,0.77,1.17,0.0,0.8357,0.0,0.0,0.0,0.001,1.0,0.926
w10s-dlt-cur-s63,w10s-dlt-cur,63,10662912,0.78,1.196,0.0,0.9407,0.0,0.0,0.0,0.001,1.0,0.926
w10s-dlt-cur-s63,w10s-dlt-cur,63,10693632,0.75,1.201,0.0,0.8144,0.0,0.0,0.0,0.001,1.0,0.926
w10s-dlt-cur-s63,w10s-dlt-cur,63,10724352,0.74,1.17,0.0,0.8838,0.0,0.0,0.0,0.001,1.0,0.926
w10s-dlt-cur-s63,w10s-dlt-cur,63,10755072,0.79,1.242,0.0,0.8109,0.0,0.0,0.0,0.001,1.0,0.926
w10s-dlt-cur-s63,w10s-dlt-cur,63,10785792,0.76,1.19,0.0,0.6939,0.0,0.0,0.0,0.001,1.0,0.926
w10s-dlt-cur-s63,w10s-dlt-cur,63,10816512,0.89,1.3,0.0,0.7103,0.0,0.0,0.0,0.001,1.0,0.926
w10s-dlt-cur-s63,w10s-dlt-cur,63,10847232,0.79,1.2,0.0,0.9783,0.0,0.0,0.0,0.001,1.0,0.926
w10s-dlt-cur-s63,w10s-dlt-cur,63,10877952,0.77,1.204,0.0,0.7882,0.0,0.0,0.0,0.0011,1.0,0.926
w10s-dlt-cur-s63,w10s-dlt-cur,63,10908672,0.8,1.23,0.0,0.8385,0.0,0.0,0.0,0.001,1.0,0.926
w10s-dlt-cur-s63,w10s-dlt-cur,63,10939392,0.87,1.247,0.0,0.9665,0.0,0.0,0.0,0.001,1.0,0.925
w10s-dlt-cur-s63,w10s-dlt-cur,63,10970112,0.83,1.254,0.0,0.8086,0.0,0.0,0.0,0.0009,1.0,0.925
w10s-dlt-cur-s63,w10s-dlt-cur,63,11000832,0.85,1.265,0.0,0.8332,0.0,0.0,0.0,0.001,1.0,0.925
w10s-dlt-cur-s63,w10s-dlt-cur,63,11031552,0.8,1.226,0.0,0.781,0.0,0.0,0.0,0.001,1.0,0.925
w10s-dlt-cur-s63,w10s-dlt-cur,63,11062272,0.79,1.232,0.0,0.7062,0.0,0.0,0.0,0.0011,1.0,0.925
w10s-dlt-cur-s63,w10s-dlt-cur,63,11092992,0.79,1.225,0.0,0.9365,0.0,0.0,0.0,0.0011,1.0,0.925
w10s-dlt-cur-s63,w10s-dlt-cur,63,11123712,0.79,1.217,0.0,0.8696,0.0,0.0,0.0,0.001,1.0,0.925
w10s-dlt-cur-s63,w10s-dlt-cur,63,11154432,0.79,1.21,0.0,0.7126,0.0,0.0,0.0,0.001,1.0,0.925
w10s-dlt-cur-s63,w10s-dlt-cur,63,11185152,0.72,1.194,0.0,0.6966,0.0,0.0,0.0,0.001,1.0,0.925
w10s-dlt-cur-s63,w10s-dlt-cur,63,11215872,0.78,1.221,0.0,0.8822,0.0,0.0,0.0,0.0011,1.0,0.925
w10s-dlt-cur-s63,w10s-dlt-cur,63,11246592,0.82,1.242,0.0,0.8918,0.0,0.0,0.0,0.0011,1.0,0.925
w10s-dlt-cur-s63,w10s-dlt-cur,63,11277312,0.76,1.186,0.0,0.7406,0.0,0.0,0.0,0.0011,1.0,0.924
w10s-dlt-cur-s63,w10s-dlt-cur,63,11308032,0.76,1.191,0.0,0.7533,0.0,0.0,0.0,0.001,1.0,0.924
w10s-dlt-cur-s63,w10s-dlt-cur,63,11338752,0.81,1.223,0.0,0.6897,0.0,0.0,0.0,0.0011,1.0,0.924
w10s-dlt-cur-s63,w10s-dlt-cur,63,11369472,0.74,1.172,0.0,0.9067,0.0,0.0,0.0,0.001,1.0,0.924
w10s-dlt-cur-s63,w10s-dlt-cur,63,11400192,0.79,1.209,0.0,0.9095,0.0,0.0,0.0,0.001,1.0,0.924
w10s-dlt-cur-s63,w10s-dlt-cur,63,11430912,0.88,1.285,0.0,0.99,0.0,0.0,0.0,0.001,1.0,0.924
w10s-dlt-cur-s63,w10s-dlt-cur,63,11461632,0.8,1.209,0.0,0.9144,0.0,0.0,0.0,0.001,1.0,0.924
w10s-dlt-cur-s63,w10s-dlt-cur,63,11492352,0.74,1.19,0.0,1.0988,0.0,0.0,0.0,0.0011,1.0,0.924
w10s-dlt-cur-s63,w10s-dlt-cur,63,11523072,0.84,1.241,0.0,0.8095,0.0,0.0,0.0,0.001,1.0,0.924
w10s-dlt-cur-s63,w10s-dlt-cur,63,11553792,0.78,1.226,0.0,0.8317,0.0,0.0,0.0,0.001,1.0,0.924
w10s-dlt-cur-s63,w10s-dlt-cur,63,11584512,0.75,1.179,0.0,0.8369,0.0,0.0,0.0,0.0011,1.0,0.924
w10s-dlt-cur-s63,w10s-dlt-cur,63,11615232,0.8,1.232,0.0,0.8888,0.0,0.0,0.0,0.001,1.0,0.924
w10s-dlt-cur-s63,w10s-dlt-cur,63,11645952,0.79,1.203,0.0,1.0097,0.0,0.0,0.0,0.0011,1.0,0.923
w10s-dlt-cur-s63,w10s-dlt-cur,63,11676672,0.83,1.233,0.0,0.8342,0.0,0.0,0.0,0.001,1.0,0.923
w10s-dlt-cur-s63,w10s-dlt-cur,63,11707392,0.84,1.286,0.0,0.8885,0.0,0.0,0.0,0.0011,1.0,0.923
w10s-dlt-cur-s63,w10s-dlt-cur,63,11738112,0.87,1.285,0.0,0.999,0.0,0.0,0.0,0.0011,1.0,0.923
w10s-dlt-cur-s63,w10s-dlt-cur,63,11768832,0.8,1.234,0.0,0.7603,0.0,0.0,0.0,0.0011,1.0,0.923
w10s-dlt-cur-s63,w10s-dlt-cur,63,11799552,0.81,1.231,0.0,0.9174,0.0,0.0,0.0,0.0011,1.0,0.923
w10s-dlt-cur-s63,w10s-dlt-cur,63,11830272,0.81,1.232,0.0,1.1532,0.0,0.0,0.0,0.001,1.0,0.923
w10s-dlt-cur-s63,w10s-dlt-cur,63,11860992,0.85,1.262,0.0,0.8971,0.0,0.0,0.0,0.001,1.0,0.923
w10s-dlt-cur-s63,w10s-dlt-cur,63,11891712,0.77,1.226,0.0,0.952,0.0,0.0,0.0,0.001,1.0,0.923
w10s-dlt-cur-s63,w10s-dlt-cur,63,11922432,0.76,1.238,0.0,0.9357,0.0,0.0,0.0,0.001,1.0,0.923
w10s-dlt-cur-s63,w10s-dlt-cur,63,11953152,0.81,1.261,0.0,1.0592,0.0,0.0,0.0,0.0011,1.0,0.923
w10s-dlt-cur-s63,w10s-dlt-cur,63,11983872,0.83,1.27,0.0,0.9286,0.0,0.0,0.0,0.001,1.0,0.923
w10s-dlt-cur-s63,w10s-dlt-cur,63,12014592,0.84,1.273,0.0,0.8925,0.0,0.0,0.0,0.001,1.0,0.923
w10s-dlt-cur-s63,w10s-dlt-cur,63,12045312,0.81,1.271,0.0,1.0361,0.0,0.0,0.0,0.001,1.0,0.923
w10s-dlt-cur-s63,w10s-dlt-cur,63,12076032,0.86,1.259,0.0,0.7662,0.0,0.0,0.0,0.001,1.0,0.922
w10s-dlt-cur-s63,w10s-dlt-cur,63,12106752,0.87,1.294,0.0,0.9224,0.0,0.0,0.0,0.001,1.0,0.922
w10s-dlt-cur-s63,w10s-dlt-cur,63,12137472,0.73,1.181,0.0,0.933,0.0,0.0,0.0,0.0011,1.0,0.922
w10s-dlt-cur-s63,w10s-dlt-cur,63,12168192,0.85,1.276,0.0,0.8714,0.0,0.0,0.0,0.001,1.0,0.922
w10s-dlt-cur-s63,w10s-dlt-cur,63,12198912,0.8,1.22,0.0,0.8324,0.0,0.0,0.0,0.001,1.0,0.922
w10s-dlt-cur-s63,w10s-dlt-cur,63,12229632,0.75,1.199,0.0,0.9387,0.0,0.0,0.0,0.001,1.0,0.922
w10s-dlt-cur-s63,w10s-dlt-cur,63,12260352,0.82,1.243,0.0,1.0595,0.0,0.0,0.0,0.0011,1.0,0.922
w10s-dlt-cur-s63,w10s-dlt-cur,63,12291072,0.79,1.243,0.0,1.0243,0.0,0.0,0.0,0.001,1.0,0.922
w10s-dlt-cur-s63,w10s-dlt-cur,63,12321792,0.81,1.246,0.0,1.0334,0.0,0.0,0.0,0.001,1.0,0.922
w10s-dlt-cur-s63,w10s-dlt-cur,63,12352512,0.83,1.265,0.0,0.9371,0.0,0.0,0.0,0.001,1.0,0.922
w10s-dlt-cur-s63,w10s-dlt-cur,63,12383232,0.84,1.265,0.0,1.0378,0.0,0.0,0.0,0.0011,1.0,0.922
w10s-dlt-cur-s63,w10s-dlt-cur,63,12413952,0.78,1.232,0.0,1.1467,0.0,0.0,0.0,0.0011,1.0,0.922
w10s-dlt-cur-s63,w10s-dlt-cur,63,12444672,0.81,1.253,0.0,0.8728,0.0,0.0,0.0,0.001,1.0,0.922
w10s-dlt-cur-s63,w10s-dlt-cur,63,12475392,0.78,1.252,0.0,1.0627,0.0,0.0,0.0,0.0011,1.0,0.922
w10s-dlt-cur-s63,w10s-dlt-cur,63,12506112,0.79,1.247,0.0,0.8887,0.0,0.0,0.0,0.001,1.0,0.922
w10s-dlt-cur-s63,w10s-dlt-cur,63,12536832,0.86,1.303,0.0,0.9643,0.0,0.0,0.0,0.0011,1.0,0.922
w10s-dlt-cur-s63,w10s-dlt-cur,63,12567552,0.76,1.189,0.0,0.9647,0.0,0.0,0.0,0.001,1.0,0.922
w10s-dlt-cur-s63,w10s-dlt-cur,63,12598272,0.84,1.269,0.0,0.9463,0.0,0.0,0.0,0.0011,1.0,0.921
w10s-dlt-cur-s63,w10s-dlt-cur,63,12628992,0.84,1.274,0.0,0.8281,0.0,0.0,0.0,0.001,1.0,0.921
w10s-dlt-cur-s63,w10s-dlt-cur,63,12659712,0.85,1.261,0.0,1.1962,0.0,0.0,0.0,0.001,1.0,0.921
w10s-dlt-cur-s63,w10s-dlt-cur,63,12690432,0.79,1.236,0.0,0.8785,0.0,0.0,0.0,0.001,1.0,0.921
w10s-dlt-cur-s63,w10s-dlt-cur,63,12721152,0.83,1.243,0.0,0.771,0.0,0.0,0.0,0.001,1.0,0.921
w10s-dlt-cur-s63,w10s-dlt-cur,63,12751872,0.8,1.226,0.0,0.891,0.0,0.0,0.0,0.001,1.0,0.921
w10s-dlt-cur-s63,w10s-dlt-cur,63,12782592,0.8,1.236,0.0,0.9868,0.0,0.0,0.0,0.001,1.0,0.921
w10s-dlt-cur-s63,w10s-dlt-cur,63,12813312,0.88,1.328,0.0,1.0396,0.0,0.0,0.0,0.001,1.0,0.921
w10s-dlt-cur-s63,w10s-dlt-cur,63,12844032,0.82,1.261,0.0,0.9685,0.0,0.0,0.0,0.001,1.0,0.921
w10s-dlt-cur-s63,w10s-dlt-cur,63,12874752,0.86,1.288,0.0,0.9931,0.0,0.0,0.0,0.001,1.0,0.921
w10s-dlt-cur-s63,w10s-dlt-cur,63,12905472,0.79,1.23,0.0,1.0207,0.0,0.0,0.0,0.001,1.0,0.921
w10s-dlt-cur-s63,w10s-dlt-cur,63,12936192,0.84,1.271,0.0,1.1028,0.0,0.0,0.0,0.001,1.0,0.921
w10s-dlt-cur-s63,w10s-dlt-cur,63,12966912,0.86,1.262,0.0,0.945,0.0,0.0,0.0,0.001,1.0,0.921
w10s-dlt-cur-s63,w10s-dlt-cur,63,12997632,0.85,1.277,0.0,0.8656,0.0,0.0,0.0,0.001,1.0,0.921
w10s-dlt-cur-s63,w10s-dlt-cur,63,13028352,0.83,1.291,0.0,0.9157,0.0,0.0,0.0,0.001,1.0,0.921
w10s-dlt-cur-s63,w10s-dlt-cur,63,13059072,0.86,1.294,0.0,0.9857,0.0,0.0,0.0,0.0011,1.0,0.921
w10s-dlt-cur-s63,w10s-dlt-cur,63,13089792,0.76,1.203,0.0,0.9771,0.0,0.0,0.0,0.001,1.0,0.92
w10s-dlt-cur-s63,w10s-dlt-cur,63,13120512,0.86,1.283,0.0,1.0187,0.0,0.0,0.0,0.001,1.0,0.92
w10s-dlt-cur-s63,w10s-dlt-cur,63,13151232,0.9,1.281,0.0,0.8366,0.0,0.0,0.0,0.0009,1.0,0.92
w10s-dlt-cur-s63,w10s-dlt-cur,63,13181952,0.84,1.269,0.0,1.0399,0.0,0.0,0.0,0.001,1.0,0.92
w10s-dlt-cur-s63,w10s-dlt-cur,63,13212672,0.89,1.323,0.0,0.8351,0.0,0.0,0.0,0.001,1.0,0.92
w10s-dlt-cur-s63,w10s-dlt-cur,63,13243392,0.87,1.288,0.0,1.043,0.0,0.0,0.0,0.001,1.0,0.92
w10s-dlt-cur-s63,w10s-dlt-cur,63,13274112,0.84,1.279,0.0,1.053,0.0,0.0,0.0,0.0009,1.0,0.92
w10s-dlt-cur-s63,w10s-dlt-cur,63,13304832,0.79,1.229,0.0,0.98,0.0,0.0,0.0,0.0009,1.0,0.92
w10s-dlt-cur-s63,w10s-dlt-cur,63,13335552,0.83,1.265,0.0,1.0218,0.0,0.0,0.0,0.001,1.0,0.92
w10s-dlt-cur-s63,w10s-dlt-cur,63,13366272,0.86,1.277,0.0,1.0811,0.0,0.0,0.0,0.001,1.0,0.92
w10s-dlt-cur-s63,w10s-dlt-cur,63,13396992,0.93,1.334,0.0,1.0452,0.0,0.0,0.0,0.001,1.0,0.92
w10s-dlt-cur-s63,w10s-dlt-cur,63,13427712,0.84,1.273,0.0,1.1426,0.0,0.0,0.0,0.0009,1.0,0.92
w10s-dlt-cur-s63,w10s-dlt-cur,63,13458432,0.89,1.286,0.0,0.9386,0.0,0.0,0.0,0.0011,1.0,0.92
w10s-dlt-cur-s63,w10s-dlt-cur,63,13489152,0.86,1.291,0.0,1.0446,0.0,0.0,0.0,0.001,1.0,0.92
w10s-dlt-cur-s63,w10s-dlt-cur,63,13519872,0.81,1.261,0.0,0.9561,0.0,0.0,0.0,0.001,1.0,0.92
w10s-dlt-cur-s63,w10s-dlt-cur,63,13550592,0.86,1.284,0.0,1.154,0.0,0.0,0.0,0.0009,1.0,0.92
w10s-dlt-cur-s63,w10s-dlt-cur,63,13581312,0.86,1.277,0.0,1.091,0.0,0.0,0.0,0.001,1.0,0.919
w10s-dlt-cur-s63,w10s-dlt-cur,63,13612032,0.84,1.258,0.0,1.0479,0.0,0.0,0.0,0.001,1.0,0.919
w10s-dlt-cur-s63,w10s-dlt-cur,63,13642752,0.81,1.246,0.0,0.9342,0.0,0.0,0.0,0.001,1.0,0.919
w10s-dlt-cur-s63,w10s-dlt-cur,63,13673472,0.89,1.289,0.0,1.2498,0.0,0.0,0.0,0.001,1.0,0.919
w10s-dlt-cur-s63,w10s-dlt-cur,63,13704192,0.87,1.278,0.0,1.1191,0.0,0.0,0.0,0.001,1.0,0.919
w10s-dlt-cur-s63,w10s-dlt-cur,63,13734912,0.87,1.297,0.0,1.0288,0.0,0.0,0.0,0.001,1.0,0.919
w10s-dlt-cur-s63,w10s-dlt-cur,63,13765632,0.81,1.207,0.0,1.0023,0.0,0.0,0.0,0.001,1.0,0.919
w10s-dlt-cur-s63,w10s-dlt-cur,63,13796352,0.88,1.308,0.0,0.9859,0.0,0.0,0.0,0.001,1.0,0.919
w10s-dlt-cur-s63,w10s-dlt-cur,63,13827072,0.84,1.249,0.0,1.1396,0.0,0.0,0.0,0.0009,1.0,0.919
w10s-dlt-cur-s63,w10s-dlt-cur,63,13857792,0.83,1.262,0.0,1.1604,0.0,0.0,0.0,0.001,1.0,0.919
w10s-dlt-cur-s63,w10s-dlt-cur,63,13888512,0.93,1.34,0.0,1.117,0.0,0.0,0.0,0.001,1.0,0.919
w10s-dlt-cur-s63,w10s-dlt-cur,63,13919232,0.8,1.228,0.0,1.0211,0.0,0.0,0.0,0.001,1.0,0.919
w10s-dlt-cur-s63,w10s-dlt-cur,63,13949952,0.94,1.363,0.0,0.8805,0.0,0.0,0.0,0.0009,1.0,0.919
w10s-dlt-cur-s63,w10s-dlt-cur,63,13980672,0.86,1.298,0.0,0.9994,0.0,0.0,0.0,0.001,1.0,0.919
w10s-dlt-cur-s63,w10s-dlt-cur,63,14011392,0.94,1.331,0.0,0.9526,0.0,0.0,0.0,0.0009,1.0,0.919
w10s-dlt-cur-s63,w10s-dlt-cur,63,14042112,0.89,1.327,0.0,1.2272,0.0,0.0,0.0,0.0009,1.0,0.918
w10s-dlt-cur-s63,w10s-dlt-cur,63,14072832,0.87,1.315,0.0,1.1673,0.0,0.0,0.0,0.0009,1.0,0.918
w10s-dlt-cur-s63,w10s-dlt-cur,63,14103552,0.86,1.303,0.0,1.2183,0.0,0.0,0.0,0.0009,1.0,0.918
w10s-dlt-cur-s63,w10s-dlt-cur,63,14134272,0.88,1.302,0.0,1.1183,0.0,0.0,0.0,0.0009,1.0,0.918
w10s-dlt-cur-s63,w10s-dlt-cur,63,14164992,0.91,1.329,0.0,1.1396,0.0,0.0,0.0,0.001,1.0,0.918
w10s-dlt-cur-s63,w10s-dlt-cur,63,14195712,0.93,1.343,0.0,1.1351,0.0,0.0,0.0,0.001,1.0,0.918
w10s-dlt-cur-s63,w10s-dlt-cur,63,14226432,0.88,1.304,0.0,1.1888,0.0,0.0,0.0,0.0009,1.0,0.918
w10s-dlt-cur-s63,w10s-dlt-cur,63,14257152,0.89,1.306,0.0,1.1207,0.0,0.0,0.0,0.0009,1.0,0.918
w10s-dlt-cur-s63,w10s-dlt-cur,63,14287872,0.88,1.306,0.0,1.1078,0.0,0.0,0.0,0.0009,1.0,0.918
w10s-dlt-cur-s63,w10s-dlt-cur,63,14318592,0.93,1.337,0.0,1.0599,0.0,0.0,0.0,0.0009,1.0,0.918
w10s-dlt-cur-s63,w10s-dlt-cur,63,14349312,0.92,1.322,0.0,1.1783,0.0,0.0,0.0,0.0009,1.0,0.918
w10s-dlt-cur-s63,w10s-dlt-cur,63,14380032,0.88,1.309,0.0,1.276,0.0,0.0,0.0,0.001,1.0,0.918
w10s-dlt-cur-s63,w10s-dlt-cur,63,14410752,0.83,1.248,0.0,1.0584,0.0,0.0,0.0,0.001,1.0,0.918
w10s-dlt-cur-s63,w10s-dlt-cur,63,14441472,0.96,1.357,0.0,1.1239,0.0,0.0,0.0,0.001,1.0,0.918
w10s-dlt-cur-s63,w10s-dlt-cur,63,14472192,0.88,1.316,0.0,1.0945,0.0,0.0,0.0,0.001,1.0,0.917
w10s-dlt-cur-s63,w10s-dlt-cur,63,14502912,0.93,1.364,0.0,1.0896,0.0,0.0,0.0,0.0009,1.0,0.917
w10s-dlt-cur-s63,w10s-dlt-cur,63,14533632,0.91,1.317,0.0,1.1195,0.0,0.0,0.0,0.0009,1.0,0.917
w10s-dlt-cur-s63,w10s-dlt-cur,63,14564352,0.88,1.302,0.0,1.0582,0.0,0.0,0.0,0.0009,1.0,0.917
w10s-dlt-cur-s63,w10s-dlt-cur,63,14595072,0.89,1.324,0.0,1.1454,0.0,0.0,0.0,0.001,1.0,0.917
w10s-dlt-cur-s63,w10s-dlt-cur,63,14625792,0.87,1.285,0.0,1.0038,0.0,0.0,0.0,0.0009,1.0,0.917
w10s-dlt-cur-s63,w10s-dlt-cur,63,14656512,0.92,1.342,0.0,1.1036,0.0,0.0,0.0,0.0009,1.0,0.917
w10s-dlt-cur-s63,w10s-dlt-cur,63,14687232,0.87,1.286,0.0,1.1956,0.0,0.0,0.0,0.0009,1.0,0.917
w10s-dlt-cur-s63,w10s-dlt-cur,63,14717952,0.88,1.293,0.0,1.1323,0.0,0.0,0.0,0.0009,1.0,0.917
w10s-dlt-cur-s63,w10s-dlt-cur,63,14748672,0.92,1.317,0.0,1.2594,0.0,0.0,0.0,0.0009,1.0,0.917
w10s-dlt-cur-s63,w10s-dlt-cur,63,14779392,0.88,1.285,0.0,1.216,0.0,0.0,0.0,0.0009,1.0,0.917
w10s-dlt-cur-s63,w10s-dlt-cur,63,14810112,0.9,1.31,0.0,1.0985,0.0,0.0,0.0,0.0009,1.0,0.917
w10s-dlt-cur-s63,w10s-dlt-cur,63,14840832,0.93,1.302,0.0,1.137,0.0,0.0,0.0,0.0009,1.0,0.917
w10s-dlt-cur-s63,w10s-dlt-cur,63,14871552,0.91,1.324,0.0,1.1415,0.0,0.0,0.0,0.0008,1.0,0.916
w10s-dlt-cur-s63,w10s-dlt-cur,63,14902272,0.86,1.305,0.0,1.1824,0.0,0.0,0.0,0.001,1.0,0.916
w10s-dlt-cur-s63,w10s-dlt-cur,63,14932992,0.9,1.331,0.0,1.1891,0.0,0.0,0.0,0.0009,1.0,0.916
w10s-dlt-cur-s63,w10s-dlt-cur,63,14963712,0.85,1.273,0.0,1.1712,0.0,0.0,0.0,0.0009,1.0,0.916
w10s-dlt-cur-s63,w10s-dlt-cur,63,14994432,0.95,1.337,0.0,0.9924,0.0,0.0,0.0,0.0009,1.0,0.916
w10s-dlt-cur-s63,w10s-dlt-cur,63,14997504,0.92,1.31,0.0,1.1892,0.0,0.0,0.0,0.0009,1.0,0.916
w10s-dlt-off-s61,w10s-dlt-off,61,3072,0.0,0.408,-1.0,,,,,,,
w10s-dlt-off-s61,w10s-dlt-off,61,33792,0.0,0.436,-1.0,-0.9755,0.0,0.0,0.0,0.0164,0.947,0.925
w10s-dlt-off-s61,w10s-dlt-off,61,64512,0.01,0.48,-1.0,-1.0,0.0,0.0,0.0,0.0116,0.979,0.927
w10s-dlt-off-s61,w10s-dlt-off,61,95232,0.01,0.499,-1.0,-0.975,0.0,0.0,0.0,0.0101,0.987,0.925
w10s-dlt-off-s61,w10s-dlt-off,61,125952,0.01,0.506,-1.0,-0.9755,0.0,0.0,0.0,0.0088,0.994,0.924
w10s-dlt-off-s61,w10s-dlt-off,61,156672,0.03,0.479,-1.0,-0.975,0.0,0.0,0.0,0.0075,0.996,0.924
w10s-dlt-off-s61,w10s-dlt-off,61,187392,0.01,0.495,-1.0,-0.9777,0.0,0.0,0.0,0.0074,0.999,0.924
w10s-dlt-off-s61,w10s-dlt-off,61,218112,0.01,0.521,-1.0,-0.9514,0.0,0.0,0.0,0.0068,0.999,0.924
w10s-dlt-off-s61,w10s-dlt-off,61,248832,0.02,0.524,-1.0,-0.9776,0.0,0.0,0.0,0.0064,0.999,0.925
w10s-dlt-off-s61,w10s-dlt-off,61,279552,0.01,0.516,-1.0,-0.9546,0.0,0.0,0.0,0.0065,1.0,0.927
w10s-dlt-off-s61,w10s-dlt-off,61,310272,0.01,0.486,-1.0,-1.0,0.0,0.0,0.0,0.0057,1.0,0.929
w10s-dlt-off-s61,w10s-dlt-off,61,340992,0.0,0.493,-1.0,-0.9772,0.0,0.0,0.0,0.0054,1.0,0.928
w10s-dlt-off-s61,w10s-dlt-off,61,371712,0.03,0.523,-1.0,-1.0,0.0,0.0,0.0,0.0057,1.0,0.928
w10s-dlt-off-s61,w10s-dlt-off,61,402432,0.01,0.501,-1.0,-0.9528,0.0,0.0,0.0,0.0052,1.0,0.928
w10s-dlt-off-s61,w10s-dlt-off,61,433152,0.04,0.534,-1.0,-0.9507,0.0,0.0,0.0,0.0046,1.0,0.929
w10s-dlt-off-s61,w10s-dlt-off,61,463872,0.0,0.503,-1.0,-0.957,0.0,0.0,0.0,0.005,1.0,0.93
w10s-dlt-off-s61,w10s-dlt-off,61,494592,0.01,0.506,-1.0,-0.9316,0.0,0.0,0.0,0.0047,1.0,0.93
w10s-dlt-off-s61,w10s-dlt-off,61,525312,0.0,0.516,-1.0,-0.9298,0.0,0.0,0.0,0.0043,1.0,0.93
w10s-dlt-off-s61,w10s-dlt-off,61,556032,0.01,0.543,-1.0,-0.9345,0.0,0.0,0.0,0.0042,1.0,0.93
w10s-dlt-off-s61,w10s-dlt-off,61,586752,0.02,0.538,-1.0,-1.0,0.0,0.0,0.0,0.0039,1.0,0.93
w10s-dlt-off-s61,w10s-dlt-off,61,617472,0.02,0.522,-1.0,-0.9751,0.0,0.0,0.0,0.004,1.0,0.93
w10s-dlt-off-s61,w10s-dlt-off,61,648192,0.0,0.454,-1.0,-1.0,0.0,0.0,0.0,0.004,1.0,0.93
w10s-dlt-off-s61,w10s-dlt-off,61,678912,0.05,0.532,-1.0,-0.975,0.0,0.0,0.0,0.0038,1.0,0.93
w10s-dlt-off-s61,w10s-dlt-off,61,709632,0.02,0.471,-1.0,-0.9525,0.0,0.0,0.0,0.0044,1.0,0.93
w10s-dlt-off-s61,w10s-dlt-off,61,740352,0.04,0.551,-1.0,-0.9285,0.0,0.0,0.0,0.0039,1.0,0.93
w10s-dlt-off-s61,w10s-dlt-off,61,771072,0.02,0.521,-1.0,-0.8804,0.0,0.0,0.0,0.0035,1.0,0.93
w10s-dlt-off-s61,w10s-dlt-off,61,801792,0.01,0.533,-1.0,-0.925,0.0,0.0,0.0,0.0034,1.0,0.93
w10s-dlt-off-s61,w10s-dlt-off,61,832512,0.03,0.526,-1.0,-0.975,0.0,0.0,0.0,0.0035,1.0,0.931
w10s-dlt-off-s61,w10s-dlt-off,61,863232,0.03,0.511,-1.0,-0.975,0.0,0.0,0.0,0.0037,1.0,0.931
w10s-dlt-off-s61,w10s-dlt-off,61,893952,0.05,0.565,-1.0,-0.9527,0.0,0.0,0.0,0.0033,1.0,0.93
w10s-dlt-off-s61,w10s-dlt-off,61,924672,0.03,0.512,-1.0,-0.9768,0.0,0.0,0.0,0.0036,1.0,0.93
w10s-dlt-off-s61,w10s-dlt-off,61,955392,0.03,0.568,-1.0,-0.975,0.0,0.0,0.0,0.0033,1.0,0.93
w10s-dlt-off-s61,w10s-dlt-off,61,986112,0.0,0.54,-1.0,-0.9778,0.0,0.0,0.0,0.0035,1.0,0.93
w10s-dlt-off-s61,w10s-dlt-off,61,1016832,0.03,0.543,-1.0,-0.9077,0.0,0.0,0.0,0.0031,1.0,0.93
w10s-dlt-off-s61,w10s-dlt-off,61,1047552,0.03,0.569,-1.0,-0.9296,0.0,0.0,0.0,0.0031,1.0,0.93
w10s-dlt-off-s61,w10s-dlt-off,61,1078272,0.04,0.533,-1.0,-0.9282,0.0,0.0,0.0,0.003,1.0,0.93
w10s-dlt-off-s61,w10s-dlt-off,61,1108992,0.04,0.547,-1.0,-0.8593,0.0,0.0,0.0,0.0032,1.0,0.93
w10s-dlt-off-s61,w10s-dlt-off,61,1139712,0.01,0.479,-1.0,-0.9296,0.0,0.0,0.0,0.0031,1.0,0.931
w10s-dlt-off-s61,w10s-dlt-off,61,1170432,0.06,0.565,-1.0,-0.9794,0.0,0.0,0.0,0.0027,1.0,0.931
w10s-dlt-off-s61,w10s-dlt-off,61,1201152,0.03,0.485,-1.0,-0.975,0.0,0.0,0.0,0.0029,1.0,0.932
w10s-dlt-off-s61,w10s-dlt-off,61,1231872,0.06,0.58,-1.0,-0.9567,0.0,0.0,0.0,0.0029,1.0,0.932
w10s-dlt-off-s61,w10s-dlt-off,61,1262592,0.02,0.503,-1.0,-0.883,0.0,0.0,0.0,0.0028,1.0,0.932
w10s-dlt-off-s61,w10s-dlt-off,61,1293312,0.05,0.58,-1.0,-0.975,0.0,0.0,0.0,0.0027,1.0,0.932
w10s-dlt-off-s61,w10s-dlt-off,61,1324032,0.08,0.553,-1.0,-0.9092,0.0,0.0,0.0,0.003,1.0,0.932
w10s-dlt-off-s61,w10s-dlt-off,61,1354752,0.06,0.573,-1.0,-0.9568,0.0,0.0,0.0,0.0024,1.0,0.932
w10s-dlt-off-s61,w10s-dlt-off,61,1385472,0.02,0.517,-1.0,-0.8884,0.0,0.0,0.0,0.0028,1.0,0.932
w10s-dlt-off-s61,w10s-dlt-off,61,1416192,0.02,0.528,-1.0,-0.9556,0.0,0.0,0.0,0.0026,1.0,0.932
w10s-dlt-off-s61,w10s-dlt-off,61,1446912,0.06,0.565,-1.0,-0.9292,0.0,0.0,0.0,0.0026,1.0,0.932
w10s-dlt-off-s61,w10s-dlt-off,61,1477632,0.02,0.535,-1.0,-0.9543,0.0,0.0,0.0,0.0027,1.0,0.933
w10s-dlt-off-s61,w10s-dlt-off,61,1508352,0.08,0.592,-1.0,-0.9534,0.0,0.0,0.0,0.0025,1.0,0.933
w10s-dlt-off-s61,w10s-dlt-off,61,1539072,0.07,0.578,-1.0,-0.9552,0.0,0.0,0.0,0.0028,1.0,0.934
w10s-dlt-off-s61,w10s-dlt-off,61,1569792,0.02,0.507,-1.0,-0.8097,0.0,0.0,0.0,0.0026,1.0,0.934
w10s-dlt-off-s61,w10s-dlt-off,61,1600512,0.04,0.554,-1.0,-0.9302,0.0,0.0,0.0,0.0027,1.0,0.934
w10s-dlt-off-s61,w10s-dlt-off,61,1631232,0.04,0.51,-1.0,-0.9523,0.0,0.0,0.0,0.0027,1.0,0.935
w10s-dlt-off-s61,w10s-dlt-off,61,1661952,0.04,0.585,-1.0,-0.905,0.0,0.0,0.0,0.0025,1.0,0.935
w10s-dlt-off-s61,w10s-dlt-off,61,1692672,0.05,0.518,-1.0,-0.8436,0.0,0.0,0.0,0.0024,1.0,0.935
w10s-dlt-off-s61,w10s-dlt-off,61,1723392,0.05,0.601,-1.0,-0.8371,0.0,0.0,0.0,0.0025,1.0,0.935
w10s-dlt-off-s61,w10s-dlt-off,61,1754112,0.04,0.564,-1.0,-0.9768,0.0,0.0,0.0,0.0028,1.0,0.936
w10s-dlt-off-s61,w10s-dlt-off,61,1784832,0.05,0.556,-1.0,-0.7762,0.0,0.0,0.0,0.0025,1.0,0.936
w10s-dlt-off-s61,w10s-dlt-off,61,1815552,0.04,0.603,-1.0,-0.8376,0.0,0.0,0.0,0.0025,1.0,0.936
w10s-dlt-off-s61,w10s-dlt-off,61,1846272,0.06,0.552,-1.0,-0.9273,0.0,0.0,0.0,0.0026,1.0,0.936
w10s-dlt-off-s61,w10s-dlt-off,61,1876992,0.01,0.485,-1.0,-0.9285,0.0,0.0,0.0,0.0024,1.0,0.936
w10s-dlt-off-s61,w10s-dlt-off,61,1907712,0.04,0.569,-1.0,-0.8855,0.0,0.0,0.0,0.0026,1.0,0.937
w10s-dlt-off-s61,w10s-dlt-off,61,1938432,0.02,0.562,-1.0,-0.8863,0.0,0.0,0.0,0.0024,1.0,0.937
w10s-dlt-off-s61,w10s-dlt-off,61,1969152,0.05,0.574,-1.0,-0.9276,0.0,0.0,0.0,0.0024,1.0,0.937
w10s-dlt-off-s61,w10s-dlt-off,61,1999872,0.08,0.578,-1.0,-0.9085,0.0,0.0,0.0,0.002,1.0,0.937
w10s-dlt-off-s61,w10s-dlt-off,61,2030592,0.06,0.594,-1.0,-0.8398,0.0,0.0,0.0,0.0022,1.0,0.937
w10s-dlt-off-s61,w10s-dlt-off,61,2061312,0.04,0.557,-1.0,-0.8188,0.0,0.0,0.0,0.0026,1.0,0.937
w10s-dlt-off-s61,w10s-dlt-off,61,2092032,0.08,0.617,-1.0,-0.8847,0.0,0.0,0.0,0.0023,1.0,0.937
w10s-dlt-off-s61,w10s-dlt-off,61,2122752,0.09,0.572,-1.0,-0.9512,0.0,0.0,0.0,0.002,1.0,0.937
w10s-dlt-off-s61,w10s-dlt-off,61,2153472,0.04,0.582,-1.0,-0.8677,0.0,0.0,0.0,0.0022,1.0,0.938
w10s-dlt-off-s61,w10s-dlt-off,61,2184192,0.09,0.594,-1.0,-0.8412,0.0,0.0,0.0,0.0023,1.0,0.938
w10s-dlt-off-s61,w10s-dlt-off,61,2214912,0.05,0.544,-1.0,-0.9533,0.0,0.0,0.0,0.0019,1.0,0.938
w10s-dlt-off-s61,w10s-dlt-off,61,2245632,0.09,0.575,-1.0,-0.9533,0.0,0.0,0.0,0.002,1.0,0.938
w10s-dlt-off-s61,w10s-dlt-off,61,2276352,0.04,0.516,-1.0,-0.8606,0.0,0.0,0.0,0.0023,1.0,0.938
w10s-dlt-off-s61,w10s-dlt-off,61,2307072,0.11,0.589,-1.0,-0.881,0.0,0.0,0.0,0.0021,1.0,0.938
w10s-dlt-off-s61,w10s-dlt-off,61,2337792,0.09,0.592,-1.0,-0.9074,0.0,0.0,0.0,0.002,1.0,0.938
w10s-dlt-off-s61,w10s-dlt-off,61,2368512,0.1,0.604,-1.0,-0.7866,0.0,0.0,0.0,0.0023,1.0,0.939
w10s-dlt-off-s61,w10s-dlt-off,61,2399232,0.05,0.569,-1.0,-0.7659,0.0,0.0,0.0,0.0021,1.0,0.939
w10s-dlt-off-s61,w10s-dlt-off,61,2429952,0.05,0.548,-1.0,-0.8849,0.0,0.0,0.0,0.0022,1.0,0.939
w10s-dlt-off-s61,w10s-dlt-off,61,2460672,0.16,0.643,-1.0,-0.886,0.0,0.0,0.0,0.002,1.0,0.939
w10s-dlt-off-s61,w10s-dlt-off,61,2491392,0.07,0.536,-1.0,-0.9341,0.0,0.0,0.0,0.002,1.0,0.939
w10s-dlt-off-s61,w10s-dlt-off,61,2522112,0.07,0.526,-1.0,-0.8563,0.0,0.0,0.0,0.0018,1.0,0.939
w10s-dlt-off-s61,w10s-dlt-off,61,2552832,0.1,0.57,-1.0,-0.7563,0.0,0.0,0.0,0.002,1.0,0.939
w10s-dlt-off-s61,w10s-dlt-off,61,2583552,0.03,0.529,-1.0,-0.7308,0.0,0.0,0.0,0.0021,1.0,0.939
w10s-dlt-off-s61,w10s-dlt-off,61,2614272,0.08,0.574,-1.0,-0.9136,0.0,0.0,0.0,0.002,1.0,0.939
w10s-dlt-off-s61,w10s-dlt-off,61,2644992,0.1,0.58,-1.0,-0.8195,0.0,0.0,0.0,0.0019,1.0,0.939
w10s-dlt-off-s61,w10s-dlt-off,61,2675712,0.06,0.545,-1.0,-0.95,0.0,0.0,0.0,0.0017,1.0,0.939
w10s-dlt-off-s61,w10s-dlt-off,61,2706432,0.05,0.54,-1.0,-0.7915,0.0,0.0,0.0,0.0019,1.0,0.939
w10s-dlt-off-s61,w10s-dlt-off,61,2737152,0.04,0.528,-1.0,-0.7015,0.0,0.0,0.0,0.0019,1.0,0.939
w10s-dlt-off-s61,w10s-dlt-off,61,2767872,0.12,0.587,-1.0,-0.8629,0.0,0.0,0.0,0.0019,1.0,0.939
w10s-dlt-off-s61,w10s-dlt-off,61,2798592,0.1,0.603,-1.0,-0.8593,0.0,0.0,0.0,0.0019,1.0,0.939
w10s-dlt-off-s61,w10s-dlt-off,61,2829312,0.09,0.565,-1.0,-0.9058,0.0,0.0,0.0,0.0018,1.0,0.94
w10s-dlt-off-s61,w10s-dlt-off,61,2860032,0.05,0.524,-1.0,-0.8181,0.0,0.0,0.0,0.0018,1.0,0.939
w10s-dlt-off-s61,w10s-dlt-off,61,2890752,0.05,0.514,-1.0,-0.8379,0.0,0.0,0.0,0.002,1.0,0.939
w10s-dlt-off-s61,w10s-dlt-off,61,2921472,0.07,0.57,-1.0,-0.821,0.0,0.0,0.0,0.0019,1.0,0.939
w10s-dlt-off-s61,w10s-dlt-off,61,2952192,0.06,0.539,-1.0,-0.7927,0.0,0.0,0.0,0.0019,1.0,0.94
w10s-dlt-off-s61,w10s-dlt-off,61,2982912,0.09,0.544,-1.0,-0.8174,0.0,0.0,0.0,0.0019,1.0,0.94
w10s-dlt-off-s61,w10s-dlt-off,61,3013632,0.07,0.568,-1.0,-0.6978,0.0,0.0,0.0,0.0017,1.0,0.94
w10s-dlt-off-s61,w10s-dlt-off,61,3044352,0.09,0.54,-1.0,-0.7225,0.0,0.0,0.0,0.0019,1.0,0.94
w10s-dlt-off-s61,w10s-dlt-off,61,3075072,0.12,0.591,-1.0,-0.8161,0.0,0.0,0.0,0.0017,1.0,0.94
w10s-dlt-off-s61,w10s-dlt-off,61,3105792,0.08,0.581,-1.0,-0.5881,0.0,0.0,0.0,0.002,1.0,0.94
w10s-dlt-off-s61,w10s-dlt-off,61,3136512,0.11,0.577,-1.0,-0.6684,0.0,0.0,0.0,0.0017,1.0,0.94
w10s-dlt-off-s61,w10s-dlt-off,61,3167232,0.06,0.539,-1.0,-0.6534,0.0,0.0,0.0,0.0017,1.0,0.94
w10s-dlt-off-s61,w10s-dlt-off,61,3197952,0.06,0.568,-1.0,-0.9047,0.0,0.0,0.0,0.0019,1.0,0.94
w10s-dlt-off-s61,w10s-dlt-off,61,3228672,0.13,0.585,-1.0,-0.8149,0.0,0.0,0.0,0.002,1.0,0.94
w10s-dlt-off-s61,w10s-dlt-off,61,3259392,0.07,0.555,-1.0,-0.7003,0.0,0.0,0.0,0.0019,1.0,0.94
w10s-dlt-off-s61,w10s-dlt-off,61,3290112,0.13,0.6,-1.0,-0.7748,0.0,0.0,0.0,0.0017,1.0,0.94
w10s-dlt-off-s61,w10s-dlt-off,61,3320832,0.11,0.597,-1.0,-0.861,0.0,0.0,0.0,0.0015,1.0,0.94
w10s-dlt-off-s61,w10s-dlt-off,61,3351552,0.12,0.618,-1.0,-0.8836,0.0,0.0,0.0,0.0017,1.0,0.94
w10s-dlt-off-s61,w10s-dlt-off,61,3382272,0.1,0.575,-1.0,-0.6974,0.0,0.0,0.0,0.0017,1.0,0.941
w10s-dlt-off-s61,w10s-dlt-off,61,3412992,0.06,0.516,-1.0,-0.8379,0.0,0.0,0.0,0.0016,1.0,0.941
w10s-dlt-off-s61,w10s-dlt-off,61,3443712,0.13,0.577,-1.0,-0.8641,0.0,0.0,0.0,0.0015,1.0,0.941
w10s-dlt-off-s61,w10s-dlt-off,61,3474432,0.15,0.569,-1.0,-0.7532,0.0,0.0,0.0,0.0017,1.0,0.941
w10s-dlt-off-s61,w10s-dlt-off,61,3505152,0.17,0.626,-1.0,-0.637,0.0,0.0,0.0,0.0016,1.0,0.941
w10s-dlt-off-s61,w10s-dlt-off,61,3535872,0.07,0.57,-1.0,-0.8864,0.0,0.0,0.0,0.0016,1.0,0.941
w10s-dlt-off-s61,w10s-dlt-off,61,3566592,0.08,0.527,-1.0,-0.8398,0.0,0.0,0.0,0.0017,1.0,0.941
w10s-dlt-off-s61,w10s-dlt-off,61,3597312,0.15,0.635,-1.0,-0.7522,0.0,0.0,0.0,0.0016,1.0,0.941
w10s-dlt-off-s61,w10s-dlt-off,61,3628032,0.09,0.557,-1.0,-0.778,0.0,0.0,0.0,0.0015,1.0,0.941
w10s-dlt-off-s61,w10s-dlt-off,61,3658752,0.13,0.625,-1.0,-0.7357,0.0,0.0,0.0,0.0018,1.0,0.941
w10s-dlt-off-s61,w10s-dlt-off,61,3689472,0.11,0.621,-1.0,-0.7434,0.0,0.0,0.0,0.0017,1.0,0.941
w10s-dlt-off-s61,w10s-dlt-off,61,3720192,0.13,0.632,-1.0,-0.6598,0.0,0.0,0.0,0.0016,1.0,0.941
w10s-dlt-off-s61,w10s-dlt-off,61,3750912,0.17,0.606,-1.0,-0.7969,0.0,0.0,0.0,0.0016,1.0,0.942
w10s-dlt-off-s61,w10s-dlt-off,61,3781632,0.09,0.579,-1.0,-0.7193,0.0,0.0,0.0,0.0015,1.0,0.942
w10s-dlt-off-s61,w10s-dlt-off,61,3812352,0.18,0.648,-1.0,-0.7701,0.0,0.0,0.0,0.0016,1.0,0.942
w10s-dlt-off-s61,w10s-dlt-off,61,3843072,0.11,0.593,-1.0,-0.6691,0.0,0.0,0.0,0.0014,1.0,0.942
w10s-dlt-off-s61,w10s-dlt-off,61,3873792,0.12,0.563,-1.0,-0.6337,0.0,0.0,0.0,0.0016,1.0,0.942
w10s-dlt-off-s61,w10s-dlt-off,61,3904512,0.15,0.624,-1.0,-0.7723,0.0,0.0,0.0,0.0015,1.0,0.942
w10s-dlt-off-s61,w10s-dlt-off,61,3935232,0.1,0.564,-1.0,-0.7194,0.0,0.0,0.0,0.0016,1.0,0.942
w10s-dlt-off-s61,w10s-dlt-off,61,3965952,0.15,0.607,-1.0,-0.688,0.0,0.0,0.0,0.0014,1.0,0.942
w10s-dlt-off-s61,w10s-dlt-off,61,3996672,0.07,0.567,-1.0,-0.6377,0.0,0.0,0.0,0.0017,1.0,0.942
w10s-dlt-off-s61,w10s-dlt-off,61,4027392,0.21,0.68,-1.0,-0.5681,0.0,0.0,0.0,0.0014,1.0,0.942
w10s-dlt-off-s61,w10s-dlt-off,61,4058112,0.1,0.6,-1.0,-0.4906,0.0,0.0,0.0,0.0015,1.0,0.942
w10s-dlt-off-s61,w10s-dlt-off,61,4088832,0.16,0.642,-1.0,-0.5826,0.0,0.0,0.0,0.0015,1.0,0.942
w10s-dlt-off-s61,w10s-dlt-off,61,4119552,0.16,0.619,-1.0,-0.7283,0.0,0.0,0.0,0.0015,1.0,0.942
w10s-dlt-off-s61,w10s-dlt-off,61,4150272,0.16,0.665,-1.0,-0.7241,0.0,0.0,0.0,0.0014,1.0,0.942
w10s-dlt-off-s61,w10s-dlt-off,61,4180992,0.13,0.57,-1.0,-0.653,0.0,0.0,0.0,0.0015,1.0,0.942
w10s-dlt-off-s61,w10s-dlt-off,61,4211712,0.19,0.658,-1.0,-0.7722,0.0,0.0,0.0,0.0016,1.0,0.942
w10s-dlt-off-s61,w10s-dlt-off,61,4242432,0.15,0.623,-1.0,-0.6031,0.0,0.0,0.0,0.0014,1.0,0.942
w10s-dlt-off-s61,w10s-dlt-off,61,4273152,0.14,0.587,-1.0,-0.497,0.0,0.0,0.0,0.0015,1.0,0.942
w10s-dlt-off-s61,w10s-dlt-off,61,4303872,0.19,0.646,-1.0,-0.3879,0.0,0.0,0.0,0.0013,1.0,0.942
w10s-dlt-off-s61,w10s-dlt-off,61,4334592,0.17,0.592,-1.0,-0.7011,0.0,0.0,0.0,0.0015,1.0,0.943
w10s-dlt-off-s61,w10s-dlt-off,61,4365312,0.1,0.577,-1.0,-0.7215,0.0,0.0,0.0,0.0014,1.0,0.943
w10s-dlt-off-s61,w10s-dlt-off,61,4396032,0.28,0.714,-1.0,-0.7216,0.0,0.0,0.0,0.0015,1.0,0.943
w10s-dlt-off-s61,w10s-dlt-off,61,4426752,0.19,0.619,-1.0,-0.6867,0.0,0.0,0.0,0.0017,1.0,0.943
w10s-dlt-off-s61,w10s-dlt-off,61,4457472,0.15,0.641,-1.0,-0.3854,0.0,0.0,0.0,0.0015,1.0,0.943
w10s-dlt-off-s61,w10s-dlt-off,61,4488192,0.18,0.651,-1.0,-0.5634,0.0,0.0,0.0,0.0014,1.0,0.943
w10s-dlt-off-s61,w10s-dlt-off,61,4518912,0.13,0.6,-1.0,-0.4502,0.0,0.0,0.0,0.0014,1.0,0.943
w10s-dlt-off-s61,w10s-dlt-off,61,4549632,0.15,0.602,-1.0,-0.6902,0.0,0.0,0.0,0.0014,1.0,0.943
w10s-dlt-off-s61,w10s-dlt-off,61,4580352,0.22,0.654,-1.0,-0.7008,0.0,0.0,0.0,0.0015,1.0,0.943
w10s-dlt-off-s61,w10s-dlt-off,61,4611072,0.17,0.668,-1.0,-0.4898,0.0,0.0,0.0,0.0014,1.0,0.943
w10s-dlt-off-s61,w10s-dlt-off,61,4641792,0.24,0.726,-1.0,-0.51,0.0,0.0,0.0,0.0015,1.0,0.943
w10s-dlt-off-s61,w10s-dlt-off,61,4672512,0.17,0.6,-1.0,-0.5335,0.0,0.0,0.0,0.0013,1.0,0.943
w10s-dlt-off-s61,w10s-dlt-off,61,4703232,0.12,0.582,-1.0,-0.5363,0.0,0.0,0.0,0.0015,1.0,0.943
w10s-dlt-off-s61,w10s-dlt-off,61,4733952,0.2,0.643,-1.0,-0.4054,0.0,0.0,0.0,0.0014,1.0,0.943
w10s-dlt-off-s61,w10s-dlt-off,61,4764672,0.2,0.694,-1.0,-0.4979,0.0,0.0,0.0,0.0014,1.0,0.943
w10s-dlt-off-s61,w10s-dlt-off,61,4795392,0.3,0.773,-1.0,-0.5652,0.0,0.0,0.0,0.0015,1.0,0.943
w10s-dlt-off-s61,w10s-dlt-off,61,4826112,0.28,0.693,-1.0,-0.5609,0.0,0.0,0.0,0.0015,1.0,0.943
w10s-dlt-off-s61,w10s-dlt-off,61,4856832,0.15,0.628,-1.0,-0.4938,0.0,0.0,0.0,0.0013,1.0,0.943
w10s-dlt-off-s61,w10s-dlt-off,61,4887552,0.17,0.649,-1.0,-0.5321,0.0,0.0,0.0,0.0015,1.0,0.943
w10s-dlt-off-s61,w10s-dlt-off,61,4918272,0.17,0.632,-1.0,-0.4631,0.0,0.0,0.0,0.0013,1.0,0.943
w10s-dlt-off-s61,w10s-dlt-off,61,4948992,0.19,0.66,-1.0,-0.3946,0.0,0.0,0.0,0.0013,1.0,0.943
w10s-dlt-off-s61,w10s-dlt-off,61,4979712,0.26,0.694,-1.0,-0.4528,0.0,0.0,0.0,0.0014,1.0,0.943
w10s-dlt-off-s61,w10s-dlt-off,61,5010432,0.29,0.745,-1.0,-0.6041,0.0,0.0,0.0,0.0012,1.0,0.943
w10s-dlt-off-s61,w10s-dlt-off,61,5041152,0.16,0.627,-1.0,-0.5876,0.0,0.0,0.0,0.0013,1.0,0.943
w10s-dlt-off-s61,w10s-dlt-off,61,5071872,0.22,0.69,-1.0,-0.4138,0.0,0.0,0.0,0.0013,1.0,0.943
w10s-dlt-off-s61,w10s-dlt-off,61,5102592,0.27,0.729,-1.0,-0.6293,0.0,0.0,0.0,0.0013,1.0,0.943
w10s-dlt-off-s61,w10s-dlt-off,61,5133312,0.25,0.674,-1.0,-0.4846,0.0,0.0,0.0,0.0014,1.0,0.943
w10s-dlt-off-s61,w10s-dlt-off,61,5164032,0.26,0.658,-1.0,-0.5039,0.0,0.0,0.0,0.0013,1.0,0.943
w10s-dlt-off-s61,w10s-dlt-off,61,5194752,0.28,0.735,-1.0,-0.483,0.0,0.0,0.0,0.0014,1.0,0.943
w10s-dlt-off-s61,w10s-dlt-off,61,5225472,0.2,0.657,-1.0,-0.3148,0.0,0.0,0.0,0.0013,1.0,0.943
w10s-dlt-off-s61,w10s-dlt-off,61,5256192,0.22,0.671,-1.0,-0.3657,0.0,0.0,0.0,0.0014,1.0,0.943
w10s-dlt-off-s61,w10s-dlt-off,61,5286912,0.28,0.735,-1.0,-0.4889,0.0,0.0,0.0,0.0012,1.0,0.943
w10s-dlt-off-s61,w10s-dlt-off,61,5317632,0.29,0.725,-1.0,-0.2893,0.0,0.0,0.0,0.0014,1.0,0.943
w10s-dlt-off-s61,w10s-dlt-off,61,5348352,0.27,0.71,-1.0,-0.2891,0.0,0.0,0.0,0.0013,1.0,0.943
w10s-dlt-off-s61,w10s-dlt-off,61,5379072,0.29,0.716,-1.0,-0.212,0.0,0.0,0.0,0.0012,1.0,0.942
w10s-dlt-off-s61,w10s-dlt-off,61,5409792,0.29,0.699,-1.0,-0.4501,0.0,0.0,0.0,0.0012,1.0,0.942
w10s-dlt-off-s61,w10s-dlt-off,61,5440512,0.28,0.707,-1.0,-0.4296,0.0,0.0,0.0,0.0013,1.0,0.942
w10s-dlt-off-s61,w10s-dlt-off,61,5471232,0.2,0.665,-1.0,-0.4343,0.0,0.0,0.0,0.0013,1.0,0.942
w10s-dlt-off-s61,w10s-dlt-off,61,5501952,0.29,0.706,-1.0,-0.3737,0.0,0.0,0.0,0.0013,1.0,0.942
w10s-dlt-off-s61,w10s-dlt-off,61,5532672,0.27,0.721,-1.0,-0.2752,0.0,0.0,0.0,0.0013,1.0,0.942
w10s-dlt-off-s61,w10s-dlt-off,61,5563392,0.21,0.631,-1.0,-0.5193,0.0,0.0,0.0,0.0012,1.0,0.942
w10s-dlt-off-s61,w10s-dlt-off,61,5594112,0.18,0.585,-1.0,-0.4433,0.0,0.0,0.0,0.0012,1.0,0.942
w10s-dlt-off-s61,w10s-dlt-off,61,5624832,0.27,0.715,-1.0,-0.2563,0.0,0.0,0.0,0.0013,1.0,0.942
w10s-dlt-off-s61,w10s-dlt-off,61,5655552,0.31,0.765,-1.0,-0.3253,0.0,0.0,0.0,0.0012,1.0,0.942
w10s-dlt-off-s61,w10s-dlt-off,61,5686272,0.28,0.715,-1.0,-0.291,0.0,0.0,0.0,0.0012,1.0,0.942
w10s-dlt-off-s61,w10s-dlt-off,61,5716992,0.31,0.757,-1.0,-0.333,0.0,0.0,0.0,0.0013,1.0,0.942
w10s-dlt-off-s61,w10s-dlt-off,61,5747712,0.29,0.774,-1.0,-0.3578,0.0,0.0,0.0,0.0012,1.0,0.942
w10s-dlt-off-s61,w10s-dlt-off,61,5778432,0.32,0.759,-1.0,-0.4535,0.0,0.0,0.0,0.0014,1.0,0.942
w10s-dlt-off-s61,w10s-dlt-off,61,5809152,0.26,0.711,-1.0,-0.4245,0.0,0.0,0.0,0.0011,1.0,0.942
w10s-dlt-off-s61,w10s-dlt-off,61,5839872,0.18,0.621,-1.0,-0.3524,0.0,0.0,0.0,0.0012,1.0,0.942
w10s-dlt-off-s61,w10s-dlt-off,61,5870592,0.3,0.761,-1.0,-0.2927,0.0,0.0,0.0,0.0012,1.0,0.942
w10s-dlt-off-s61,w10s-dlt-off,61,5901312,0.28,0.738,-1.0,-0.3953,0.0,0.0,0.0,0.0013,1.0,0.942
w10s-dlt-off-s61,w10s-dlt-off,61,5932032,0.29,0.751,-1.0,-0.3636,0.0,0.0,0.0,0.0013,1.0,0.942
w10s-dlt-off-s61,w10s-dlt-off,61,5962752,0.27,0.742,-1.0,-0.2359,0.0,0.0,0.0,0.0012,1.0,0.942
w10s-dlt-off-s61,w10s-dlt-off,61,5993472,0.26,0.727,-1.0,-0.324,0.0,0.0,0.0,0.0012,1.0,0.942
w10s-dlt-off-s61,w10s-dlt-off,61,6024192,0.3,0.741,-1.0,-0.3141,0.0,0.0,0.0,0.0013,1.0,0.942
w10s-dlt-off-s61,w10s-dlt-off,61,6054912,0.36,0.788,-1.0,-0.1086,0.0,0.0,0.0,0.0012,1.0,0.942
w10s-dlt-off-s61,w10s-dlt-off,61,6085632,0.35,0.784,-1.0,-0.1453,0.0,0.0,0.0,0.0011,1.0,0.942
w10s-dlt-off-s61,w10s-dlt-off,61,6116352,0.24,0.715,-1.0,-0.2014,0.0,0.0,0.0,0.0011,1.0,0.942
w10s-dlt-off-s61,w10s-dlt-off,61,6147072,0.32,0.779,-1.0,-0.3509,0.0,0.0,0.0,0.0012,1.0,0.942
w10s-dlt-off-s61,w10s-dlt-off,61,6177792,0.27,0.687,-1.0,-0.1788,0.0,0.0,0.0,0.0013,1.0,0.942
w10s-dlt-off-s61,w10s-dlt-off,61,6208512,0.44,0.824,-1.0,-0.3693,0.0,0.0,0.0,0.0012,1.0,0.941
w10s-dlt-off-s61,w10s-dlt-off,61,6239232,0.24,0.665,-1.0,-0.2449,0.0,0.0,0.0,0.0012,1.0,0.941
w10s-dlt-off-s61,w10s-dlt-off,61,6269952,0.34,0.772,-1.0,-0.3385,0.0,0.0,0.0,0.0013,1.0,0.941
w10s-dlt-off-s61,w10s-dlt-off,61,6300672,0.3,0.738,-1.0,-0.286,0.0,0.0,0.0,0.0011,1.0,0.941
w10s-dlt-off-s61,w10s-dlt-off,61,6331392,0.33,0.754,-1.0,-0.1873,0.0,0.0,0.0,0.0013,1.0,0.941
w10s-dlt-off-s61,w10s-dlt-off,61,6362112,0.19,0.68,-1.0,-0.4478,0.0,0.0,0.0,0.0012,1.0,0.941
w10s-dlt-off-s61,w10s-dlt-off,61,6392832,0.36,0.814,-1.0,-0.2914,0.0,0.0,0.0,0.0011,1.0,0.941
w10s-dlt-off-s61,w10s-dlt-off,61,6423552,0.25,0.66,-1.0,-0.4276,0.0,0.0,0.0,0.0012,1.0,0.941
w10s-dlt-off-s61,w10s-dlt-off,61,6454272,0.35,0.797,-1.0,-0.3194,0.0,0.0,0.0,0.0012,1.0,0.941
w10s-dlt-off-s61,w10s-dlt-off,61,6484992,0.32,0.759,-1.0,-0.36,0.0,0.0,0.0,0.0012,1.0,0.941
w10s-dlt-off-s61,w10s-dlt-off,61,6515712,0.34,0.776,-1.0,-0.2465,0.0,0.0,0.0,0.0012,1.0,0.941
w10s-dlt-off-s61,w10s-dlt-off,61,6546432,0.31,0.743,-1.0,-0.1455,0.0,0.0,0.0,0.0011,1.0,0.941
w10s-dlt-off-s61,w10s-dlt-off,61,6577152,0.28,0.724,-1.0,-0.3069,0.0,0.0,0.0,0.0012,1.0,0.941
w10s-dlt-off-s61,w10s-dlt-off,61,6607872,0.34,0.766,-1.0,-0.1824,0.0,0.0,0.0,0.0012,1.0,0.941
w10s-dlt-off-s61,w10s-dlt-off,61,6638592,0.39,0.836,-1.0,-0.3662,0.0,0.0,0.0,0.0011,1.0,0.941
w10s-dlt-off-s61,w10s-dlt-off,61,6669312,0.34,0.8,-1.0,-0.167,0.0,0.0,0.0,0.0011,1.0,0.941
w10s-dlt-off-s61,w10s-dlt-off,61,6700032,0.34,0.771,-1.0,-0.3021,0.0,0.0,0.0,0.0012,1.0,0.941
w10s-dlt-off-s61,w10s-dlt-off,61,6730752,0.38,0.835,-1.0,-0.2615,0.0,0.0,0.0,0.0011,1.0,0.941
w10s-dlt-off-s61,w10s-dlt-off,61,6761472,0.36,0.835,-1.0,-0.2086,0.0,0.0,0.0,0.0011,1.0,0.941
w10s-dlt-off-s61,w10s-dlt-off,61,6792192,0.35,0.836,-1.0,0.008,0.0,0.0,0.0,0.0011,1.0,0.941
w10s-dlt-off-s61,w10s-dlt-off,61,6822912,0.24,0.697,-1.0,-0.1833,0.0,0.0,0.0,0.0012,1.0,0.941
w10s-dlt-off-s61,w10s-dlt-off,61,6853632,0.33,0.784,-1.0,-0.0463,0.0,0.0,0.0,0.001,1.0,0.94
w10s-dlt-off-s61,w10s-dlt-off,61,6884352,0.36,0.812,-1.0,0.1426,0.0,0.0,0.0,0.001,1.0,0.94
w10s-dlt-off-s61,w10s-dlt-off,61,6915072,0.39,0.819,-1.0,-0.1155,0.0,0.0,0.0,0.0012,1.0,0.94
w10s-dlt-off-s61,w10s-dlt-off,61,6945792,0.43,0.837,-1.0,-0.1419,0.0,0.0,0.0,0.0011,1.0,0.94
w10s-dlt-off-s61,w10s-dlt-off,61,6976512,0.39,0.795,-1.0,-0.1651,0.0,0.0,0.0,0.001,1.0,0.94
w10s-dlt-off-s61,w10s-dlt-off,61,7007232,0.36,0.795,-1.0,0.079,0.0,0.0,0.0,0.001,1.0,0.94
w10s-dlt-off-s61,w10s-dlt-off,61,7037952,0.42,0.884,-1.0,-0.1239,0.0,0.0,0.0,0.001,1.0,0.94
w10s-dlt-off-s61,w10s-dlt-off,61,7068672,0.33,0.766,-1.0,-0.0609,0.0,0.0,0.0,0.0011,1.0,0.94
w10s-dlt-off-s61,w10s-dlt-off,61,7099392,0.38,0.871,-1.0,-0.0136,0.0,0.0,0.0,0.0012,1.0,0.94
w10s-dlt-off-s61,w10s-dlt-off,61,7130112,0.39,0.831,-1.0,-0.078,0.0,0.0,0.0,0.0012,1.0,0.94
w10s-dlt-off-s61,w10s-dlt-off,61,7160832,0.39,0.853,-1.0,0.0681,0.0,0.0,0.0,0.0011,1.0,0.94
w10s-dlt-off-s61,w10s-dlt-off,61,7191552,0.41,0.818,-1.0,-0.236,0.0,0.0,0.0,0.001,1.0,0.94
w10s-dlt-off-s61,w10s-dlt-off,61,7222272,0.41,0.828,-1.0,0.0149,0.0,0.0,0.0,0.0011,1.0,0.94
w10s-dlt-off-s61,w10s-dlt-off,61,7252992,0.39,0.806,-1.0,0.0631,0.0,0.0,0.0,0.0011,1.0,0.94
w10s-dlt-off-s61,w10s-dlt-off,61,7283712,0.38,0.819,-1.0,-0.0515,0.0,0.0,0.0,0.0012,1.0,0.94
w10s-dlt-off-s61,w10s-dlt-off,61,7314432,0.39,0.843,-1.0,-0.2024,0.0,0.0,0.0,0.0011,1.0,0.94
w10s-dlt-off-s61,w10s-dlt-off,61,7345152,0.39,0.822,-1.0,-0.0937,0.0,0.0,0.0,0.0011,1.0,0.94
w10s-dlt-off-s61,w10s-dlt-off,61,7375872,0.44,0.874,-1.0,-0.1163,0.0,0.0,0.0,0.0011,1.0,0.94
w10s-dlt-off-s61,w10s-dlt-off,61,7406592,0.4,0.861,-1.0,-0.1821,0.0,0.0,0.0,0.0011,1.0,0.94
w10s-dlt-off-s61,w10s-dlt-off,61,7437312,0.39,0.815,-1.0,0.0736,0.0,0.0,0.0,0.001,1.0,0.94
w10s-dlt-off-s61,w10s-dlt-off,61,7468032,0.48,0.898,-1.0,-0.1933,0.0,0.0,0.0,0.0011,1.0,0.94
w10s-dlt-off-s61,w10s-dlt-off,61,7498752,0.46,0.912,-1.0,-0.0023,0.0,0.0,0.0,0.0011,1.0,0.939
w10s-dlt-off-s61,w10s-dlt-off,61,7529472,0.41,0.832,-1.0,-0.0445,0.0,0.0,0.0,0.0012,1.0,0.939
w10s-dlt-off-s61,w10s-dlt-off,61,7560192,0.42,0.877,-1.0,0.0547,0.0,0.0,0.0,0.0011,1.0,0.939
w10s-dlt-off-s61,w10s-dlt-off,61,7590912,0.45,0.882,-1.0,-0.1212,0.0,0.0,0.0,0.001,1.0,0.939
w10s-dlt-off-s61,w10s-dlt-off,61,7621632,0.5,0.946,-1.0,-0.2025,0.0,0.0,0.0,0.001,1.0,0.939
w10s-dlt-off-s61,w10s-dlt-off,61,7652352,0.42,0.869,-1.0,0.1822,0.0,0.0,0.0,0.0012,1.0,0.939
w10s-dlt-off-s61,w10s-dlt-off,61,7683072,0.36,0.771,-1.0,0.0135,0.0,0.0,0.0,0.0013,1.0,0.939
w10s-dlt-off-s61,w10s-dlt-off,61,7713792,0.45,0.885,-1.0,0.0116,0.0,0.0,0.0,0.0012,1.0,0.939
w10s-dlt-off-s61,w10s-dlt-off,61,7744512,0.49,0.945,-1.0,-0.1508,0.0,0.0,0.0,0.001,1.0,0.939
w10s-dlt-off-s61,w10s-dlt-off,61,7775232,0.43,0.825,-1.0,0.0238,0.0,0.0,0.0,0.001,1.0,0.939
w10s-dlt-off-s61,w10s-dlt-off,61,7805952,0.36,0.784,-1.0,-0.0859,0.0,0.0,0.0,0.0011,1.0,0.939
w10s-dlt-off-s61,w10s-dlt-off,61,7836672,0.44,0.857,-1.0,-0.0467,0.0,0.0,0.0,0.001,1.0,0.939
w10s-dlt-off-s61,w10s-dlt-off,61,7867392,0.44,0.88,-1.0,-0.1862,0.0,0.0,0.0,0.001,1.0,0.939
w10s-dlt-off-s61,w10s-dlt-off,61,7898112,0.41,0.858,-1.0,-0.1778,0.0,0.0,0.0,0.0011,1.0,0.939
w10s-dlt-off-s61,w10s-dlt-off,61,7928832,0.51,0.876,-1.0,0.0995,0.0,0.0,0.0,0.001,1.0,0.939
w10s-dlt-off-s61,w10s-dlt-off,61,7959552,0.46,0.915,-1.0,-0.0006,0.0,0.0,0.0,0.0011,1.0,0.939
w10s-dlt-off-s61,w10s-dlt-off,61,7990272,0.49,0.892,-1.0,0.024,0.0,0.0,0.0,0.0011,1.0,0.938
w10s-dlt-off-s61,w10s-dlt-off,61,8020992,0.39,0.864,-1.0,0.2657,0.0,0.0,0.0,0.0011,1.0,0.938
w10s-dlt-off-s61,w10s-dlt-off,61,8051712,0.41,0.855,-1.0,0.1165,0.0,0.0,0.0,0.0011,1.0,0.938
w10s-dlt-off-s61,w10s-dlt-off,61,8082432,0.3,0.735,-1.0,0.0017,0.0,0.0,0.0,0.0011,1.0,0.938
w10s-dlt-off-s61,w10s-dlt-off,61,8113152,0.5,0.916,-1.0,-0.1025,0.0,0.0,0.0,0.001,1.0,0.938
w10s-dlt-off-s61,w10s-dlt-off,61,8143872,0.38,0.826,-1.0,0.0986,0.0,0.0,0.0,0.001,1.0,0.938
w10s-dlt-off-s61,w10s-dlt-off,61,8174592,0.49,0.91,-1.0,-0.0364,0.0,0.0,0.0,0.0009,1.0,0.938
w10s-dlt-off-s61,w10s-dlt-off,61,8205312,0.49,0.883,-1.0,-0.0486,0.0,0.0,0.0,0.0011,1.0,0.938
w10s-dlt-off-s61,w10s-dlt-off,61,8236032,0.56,0.977,-1.0,0.0438,0.0,0.0,0.0,0.0011,1.0,0.938
w10s-dlt-off-s61,w10s-dlt-off,61,8266752,0.39,0.825,-1.0,-0.0167,0.0,0.0,0.0,0.0011,1.0,0.938
w10s-dlt-off-s61,w10s-dlt-off,61,8297472,0.5,0.925,-1.0,0.0141,0.0,0.0,0.0,0.001,1.0,0.938
w10s-dlt-off-s61,w10s-dlt-off,61,8328192,0.52,0.951,-1.0,0.0805,0.0,0.0,0.0,0.0011,1.0,0.938
w10s-dlt-off-s61,w10s-dlt-off,61,8358912,0.39,0.815,-1.0,-0.0912,0.0,0.0,0.0,0.001,1.0,0.938
w10s-dlt-off-s61,w10s-dlt-off,61,8389632,0.39,0.805,-1.0,0.1996,0.0,0.0,0.0,0.001,1.0,0.938
w10s-dlt-off-s61,w10s-dlt-off,61,8420352,0.55,0.949,-1.0,0.0463,0.0,0.0,0.0,0.001,1.0,0.937
w10s-dlt-off-s61,w10s-dlt-off,61,8451072,0.48,0.927,-1.0,-0.047,0.0,0.0,0.0,0.0009,1.0,0.937
w10s-dlt-off-s61,w10s-dlt-off,61,8481792,0.49,0.906,-1.0,0.0421,0.0,0.0,0.0,0.0011,1.0,0.937
w10s-dlt-off-s61,w10s-dlt-off,61,8512512,0.46,0.861,-1.0,0.0895,0.0,0.0,0.0,0.001,1.0,0.937
w10s-dlt-off-s61,w10s-dlt-off,61,8543232,0.5,0.947,-1.0,0.0911,0.0,0.0,0.0,0.0011,1.0,0.937
w10s-dlt-off-s61,w10s-dlt-off,61,8573952,0.52,0.946,-1.0,0.2897,0.0,0.0,0.0,0.001,1.0,0.937
w10s-dlt-off-s61,w10s-dlt-off,61,8604672,0.54,0.99,-1.0,0.0085,0.0,0.0,0.0,0.0009,1.0,0.937
w10s-dlt-off-s61,w10s-dlt-off,61,8635392,0.41,0.847,-1.0,-0.0991,0.0,0.0,0.0,0.0011,1.0,0.937
w10s-dlt-off-s61,w10s-dlt-off,61,8666112,0.44,0.926,-1.0,-0.1372,0.0,0.0,0.0,0.001,1.0,0.937
w10s-dlt-off-s61,w10s-dlt-off,61,8696832,0.46,0.898,-1.0,0.2255,0.0,0.0,0.0,0.0011,1.0,0.937
w10s-dlt-off-s61,w10s-dlt-off,61,8727552,0.52,0.978,-1.0,0.2395,0.0,0.0,0.0,0.0009,1.0,0.937
w10s-dlt-off-s61,w10s-dlt-off,61,8758272,0.48,0.887,-1.0,0.1996,0.0,0.0,0.0,0.001,1.0,0.936
w10s-dlt-off-s61,w10s-dlt-off,61,8788992,0.47,0.878,-1.0,0.0675,0.0,0.0,0.0,0.001,1.0,0.936
w10s-dlt-off-s61,w10s-dlt-off,61,8819712,0.48,0.936,-1.0,-0.0574,0.0,0.0,0.0,0.0011,1.0,0.936
w10s-dlt-off-s61,w10s-dlt-off,61,8850432,0.45,0.922,-1.0,0.1684,0.0,0.0,0.0,0.001,1.0,0.936
w10s-dlt-off-s61,w10s-dlt-off,61,8881152,0.48,0.91,-1.0,0.0905,0.0,0.0,0.0,0.0009,1.0,0.936
w10s-dlt-off-s61,w10s-dlt-off,61,8911872,0.51,0.895,-1.0,0.2527,0.0,0.0,0.0,0.001,1.0,0.936
w10s-dlt-off-s61,w10s-dlt-off,61,8942592,0.53,0.968,-1.0,0.0318,0.0,0.0,0.0,0.0011,1.0,0.936
w10s-dlt-off-s61,w10s-dlt-off,61,8973312,0.58,0.959,-1.0,0.2849,0.0,0.0,0.0,0.001,1.0,0.936
w10s-dlt-off-s61,w10s-dlt-off,61,9004032,0.46,0.884,-1.0,0.217,0.0,0.0,0.0,0.001,1.0,0.936
w10s-dlt-off-s61,w10s-dlt-off,61,9034752,0.56,0.979,-1.0,0.1705,0.0,0.0,0.0,0.0009,1.0,0.936
w10s-dlt-off-s61,w10s-dlt-off,61,9065472,0.54,0.971,-1.0,0.1023,0.0,0.0,0.0,0.001,1.0,0.936
w10s-dlt-off-s61,w10s-dlt-off,61,9096192,0.56,0.937,-1.0,0.0415,0.0,0.0,0.0,0.0009,1.0,0.936
w10s-dlt-off-s61,w10s-dlt-off,61,9126912,0.51,0.927,-1.0,0.0267,0.0,0.0,0.0,0.001,1.0,0.936
w10s-dlt-off-s61,w10s-dlt-off,61,9157632,0.45,0.892,-1.0,0.3739,0.0,0.0,0.0,0.001,1.0,0.935
w10s-dlt-off-s61,w10s-dlt-off,61,9188352,0.54,0.936,-1.0,0.1137,0.0,0.0,0.0,0.0009,1.0,0.935
w10s-dlt-off-s61,w10s-dlt-off,61,9219072,0.5,0.95,-1.0,0.2339,0.0,0.0,0.0,0.001,1.0,0.935
w10s-dlt-off-s61,w10s-dlt-off,61,9249792,0.6,1.001,-1.0,0.0381,0.0,0.0,0.0,0.001,1.0,0.935
w10s-dlt-off-s61,w10s-dlt-off,61,9280512,0.44,0.868,-1.0,0.0302,0.0,0.0,0.0,0.0009,1.0,0.935
w10s-dlt-off-s61,w10s-dlt-off,61,9311232,0.48,0.912,-1.0,0.2272,0.0,0.0,0.0,0.0009,1.0,0.935
w10s-dlt-off-s61,w10s-dlt-off,61,9341952,0.49,0.914,-1.0,0.3653,0.0,0.0,0.0,0.001,1.0,0.935
w10s-dlt-off-s61,w10s-dlt-off,61,9372672,0.53,0.928,-1.0,0.2854,0.0,0.0,0.0,0.0011,1.0,0.935
w10s-dlt-off-s61,w10s-dlt-off,61,9403392,0.48,0.909,-1.0,0.1022,0.0,0.0,0.0,0.0009,1.0,0.935
w10s-dlt-off-s61,w10s-dlt-off,61,9434112,0.52,0.936,-1.0,0.072,0.0,0.0,0.0,0.0009,1.0,0.935
w10s-dlt-off-s61,w10s-dlt-off,61,9464832,0.54,0.995,-1.0,0.2372,0.0,0.0,0.0,0.001,1.0,0.934
w10s-dlt-off-s61,w10s-dlt-off,61,9495552,0.5,0.934,-1.0,0.1993,0.0,0.0,0.0,0.001,1.0,0.934
w10s-dlt-off-s61,w10s-dlt-off,61,9526272,0.53,0.925,-1.0,0.2532,0.0,0.0,0.0,0.001,1.0,0.934
w10s-dlt-off-s61,w10s-dlt-off,61,9556992,0.49,0.93,-1.0,-0.0468,0.0,0.0,0.0,0.001,1.0,0.934
w10s-dlt-off-s61,w10s-dlt-off,61,9587712,0.54,0.955,-1.0,0.2359,0.0,0.0,0.0,0.001,1.0,0.934
w10s-dlt-off-s61,w10s-dlt-off,61,9618432,0.57,0.982,-1.0,0.192,0.0,0.0,0.0,0.001,1.0,0.934
w10s-dlt-off-s61,w10s-dlt-off,61,9649152,0.51,0.943,-1.0,0.0137,0.0,0.0,0.0,0.001,1.0,0.934
w10s-dlt-off-s61,w10s-dlt-off,61,9679872,0.51,0.911,-1.0,0.2907,0.0,0.0,0.0,0.001,1.0,0.934
w10s-dlt-off-s61,w10s-dlt-off,61,9710592,0.54,0.948,-1.0,0.2705,0.0,0.0,0.0,0.001,1.0,0.934
w10s-dlt-off-s61,w10s-dlt-off,61,9741312,0.57,1.011,-1.0,0.2868,0.0,0.0,0.0,0.001,1.0,0.934
w10s-dlt-off-s61,w10s-dlt-off,61,9772032,0.63,1.035,-1.0,0.3278,0.0,0.0,0.0,0.001,1.0,0.934
w10s-dlt-off-s61,w10s-dlt-off,61,9802752,0.51,0.941,-1.0,0.2843,0.0,0.0,0.0,0.001,1.0,0.934
w10s-dlt-off-s61,w10s-dlt-off,61,9833472,0.54,0.966,-1.0,0.0841,0.0,0.0,0.0,0.001,1.0,0.933
w10s-dlt-off-s61,w10s-dlt-off,61,9864192,0.41,0.872,-1.0,0.4304,0.0,0.0,0.0,0.0009,1.0,0.933
w10s-dlt-off-s61,w10s-dlt-off,61,9894912,0.48,0.915,-1.0,0.1505,0.0,0.0,0.0,0.0009,1.0,0.933
w10s-dlt-off-s61,w10s-dlt-off,61,9925632,0.6,1.038,-1.0,0.5544,0.0,0.0,0.0,0.0009,1.0,0.933
w10s-dlt-off-s61,w10s-dlt-off,61,9956352,0.61,1.046,-1.0,0.1843,0.0,0.0,0.0,0.001,1.0,0.933
w10s-dlt-off-s61,w10s-dlt-off,61,9987072,0.58,0.988,-1.0,0.1064,0.0,0.0,0.0,0.001,1.0,0.933
w10s-dlt-off-s61,w10s-dlt-off,61,10017792,0.58,0.963,-1.0,0.3061,0.0,0.0,0.0,0.001,1.0,0.933
w10s-dlt-off-s61,w10s-dlt-off,61,10048512,0.6,1.022,-1.0,0.2848,0.0,0.0,0.0,0.001,1.0,0.933
w10s-dlt-off-s61,w10s-dlt-off,61,10079232,0.57,0.956,-1.0,0.4968,0.0,0.0,0.0,0.0009,1.0,0.933
w10s-dlt-off-s61,w10s-dlt-off,61,10109952,0.43,0.856,-1.0,0.3512,0.0,0.0,0.0,0.001,1.0,0.933
w10s-dlt-off-s61,w10s-dlt-off,61,10140672,0.59,1.016,-1.0,0.2044,0.0,0.0,0.0,0.0009,1.0,0.933
w10s-dlt-off-s61,w10s-dlt-off,61,10171392,0.42,0.9,-1.0,0.1273,0.0,0.0,0.0,0.0009,1.0,0.932
w10s-dlt-off-s61,w10s-dlt-off,61,10202112,0.48,0.894,-1.0,0.0967,0.0,0.0,0.0,0.0008,1.0,0.932
w10s-dlt-off-s61,w10s-dlt-off,61,10232832,0.57,1.037,-1.0,0.1628,0.0,0.0,0.0,0.001,1.0,0.932
w10s-dlt-off-s61,w10s-dlt-off,61,10263552,0.54,0.986,-1.0,0.3349,0.0,0.0,0.0,0.001,1.0,0.932
w10s-dlt-off-s61,w10s-dlt-off,61,10294272,0.61,1.034,-1.0,0.2784,0.0,0.0,0.0,0.0009,1.0,0.932
w10s-dlt-off-s61,w10s-dlt-off,61,10324992,0.55,0.951,-1.0,0.5494,0.0,0.0,0.0,0.001,1.0,0.932
w10s-dlt-off-s61,w10s-dlt-off,61,10355712,0.58,1.057,-1.0,0.266,0.0,0.0,0.0,0.0009,1.0,0.932
w10s-dlt-off-s61,w10s-dlt-off,61,10386432,0.55,0.981,-1.0,0.3435,0.0,0.0,0.0,0.0009,1.0,0.932
w10s-dlt-off-s61,w10s-dlt-off,61,10417152,0.64,1.074,-1.0,0.2336,0.0,0.0,0.0,0.0009,1.0,0.932
w10s-dlt-off-s61,w10s-dlt-off,61,10447872,0.65,1.071,-1.0,0.4195,0.0,0.0,0.0,0.0009,1.0,0.932
w10s-dlt-off-s61,w10s-dlt-off,61,10478592,0.53,0.918,-1.0,0.3916,0.0,0.0,0.0,0.001,1.0,0.932
w10s-dlt-off-s61,w10s-dlt-off,61,10509312,0.53,0.971,-1.0,0.302,0.0,0.0,0.0,0.001,1.0,0.931
w10s-dlt-off-s61,w10s-dlt-off,61,10540032,0.61,1.045,-1.0,0.3909,0.0,0.0,0.0,0.001,1.0,0.931
w10s-dlt-off-s61,w10s-dlt-off,61,10570752,0.52,0.936,-1.0,0.2294,0.0,0.0,0.0,0.0009,1.0,0.931
w10s-dlt-off-s61,w10s-dlt-off,61,10601472,0.52,0.957,-1.0,0.4334,0.0,0.0,0.0,0.0009,1.0,0.931
w10s-dlt-off-s61,w10s-dlt-off,61,10632192,0.52,0.943,-1.0,0.3422,0.0,0.0,0.0,0.0009,1.0,0.931
w10s-dlt-off-s61,w10s-dlt-off,61,10662912,0.57,1.003,-1.0,0.4187,0.0,0.0,0.0,0.001,1.0,0.931
w10s-dlt-off-s61,w10s-dlt-off,61,10693632,0.61,1.005,-1.0,0.5375,0.0,0.0,0.0,0.001,1.0,0.931
w10s-dlt-off-s61,w10s-dlt-off,61,10724352,0.52,0.976,-1.0,0.3648,0.0,0.0,0.0,0.001,1.0,0.931
w10s-dlt-off-s61,w10s-dlt-off,61,10755072,0.5,0.907,-1.0,0.4607,0.0,0.0,0.0,0.001,1.0,0.931
w10s-dlt-off-s61,w10s-dlt-off,61,10785792,0.54,0.998,-1.0,0.1415,0.0,0.0,0.0,0.0009,1.0,0.931
w10s-dlt-off-s61,w10s-dlt-off,61,10816512,0.53,0.956,-1.0,0.4808,0.0,0.0,0.0,0.0008,1.0,0.931
w10s-dlt-off-s61,w10s-dlt-off,61,10847232,0.6,1.006,-1.0,0.3581,0.0,0.0,0.0,0.0009,1.0,0.931
w10s-dlt-off-s61,w10s-dlt-off,61,10877952,0.62,1.035,-1.0,0.3819,0.0,0.0,0.0,0.0008,1.0,0.93
w10s-dlt-off-s61,w10s-dlt-off,61,10908672,0.52,0.943,-1.0,0.1635,0.0,0.0,0.0,0.0009,1.0,0.93
w10s-dlt-off-s61,w10s-dlt-off,61,10939392,0.53,0.958,-1.0,0.1678,0.0,0.0,0.0,0.001,1.0,0.93
w10s-dlt-off-s61,w10s-dlt-off,61,10970112,0.58,1.001,-1.0,0.2828,0.0,0.0,0.0,0.0008,1.0,0.93
w10s-dlt-off-s61,w10s-dlt-off,61,11000832,0.58,0.993,-1.0,0.1532,0.0,0.0,0.0,0.001,1.0,0.93
w10s-dlt-off-s61,w10s-dlt-off,61,11031552,0.6,1.027,-1.0,0.5617,0.0,0.0,0.0,0.0009,1.0,0.93
w10s-dlt-off-s61,w10s-dlt-off,61,11062272,0.54,0.942,-1.0,0.3804,0.0,0.0,0.0,0.0009,1.0,0.93
w10s-dlt-off-s61,w10s-dlt-off,61,11092992,0.58,0.994,-1.0,0.4223,0.0,0.0,0.0,0.001,1.0,0.93
w10s-dlt-off-s61,w10s-dlt-off,61,11123712,0.59,1.026,-1.0,0.3991,0.0,0.0,0.0,0.001,1.0,0.93
w10s-dlt-off-s61,w10s-dlt-off,61,11154432,0.58,0.979,-1.0,0.7376,0.0,0.0,0.0,0.0009,1.0,0.93
w10s-dlt-off-s61,w10s-dlt-off,61,11185152,0.61,1.018,-1.0,0.3267,0.0,0.0,0.0,0.0009,1.0,0.93
w10s-dlt-off-s61,w10s-dlt-off,61,11215872,0.58,1.008,-1.0,0.5456,0.0,0.0,0.0,0.0009,1.0,0.93
w10s-dlt-off-s61,w10s-dlt-off,61,11246592,0.55,0.993,-1.0,0.4246,0.0,0.0,0.0,0.0009,1.0,0.93
w10s-dlt-off-s61,w10s-dlt-off,61,11277312,0.57,0.999,-1.0,0.578,0.0,0.0,0.0,0.0009,1.0,0.929
w10s-dlt-off-s61,w10s-dlt-off,61,11308032,0.57,0.986,-1.0,0.4217,0.0,0.0,0.0,0.001,1.0,0.929
w10s-dlt-off-s61,w10s-dlt-off,61,11338752,0.64,1.019,-1.0,0.306,0.0,0.0,0.0,0.0009,1.0,0.929
w10s-dlt-off-s61,w10s-dlt-off,61,11369472,0.56,0.993,-1.0,0.3849,0.0,0.0,0.0,0.0008,1.0,0.929
w10s-dlt-off-s61,w10s-dlt-off,61,11400192,0.55,0.967,-1.0,0.4646,0.0,0.0,0.0,0.0009,1.0,0.929
w10s-dlt-off-s61,w10s-dlt-off,61,11430912,0.61,1.014,-1.0,0.389,0.0,0.0,0.0,0.0009,1.0,0.929
w10s-dlt-off-s61,w10s-dlt-off,61,11461632,0.54,0.959,-1.0,0.3107,0.0,0.0,0.0,0.0009,1.0,0.929
w10s-dlt-off-s61,w10s-dlt-off,61,11492352,0.63,1.083,-1.0,0.4345,0.0,0.0,0.0,0.001,1.0,0.929
w10s-dlt-off-s61,w10s-dlt-off,61,11523072,0.5,0.957,-1.0,0.4266,0.0,0.0,0.0,0.001,1.0,0.929
w10s-dlt-off-s61,w10s-dlt-off,61,11553792,0.51,0.959,-1.0,0.3287,0.0,0.0,0.0,0.0009,1.0,0.929
w10s-dlt-off-s61,w10s-dlt-off,61,11584512,0.59,1.02,-1.0,0.5228,0.0,0.0,0.0,0.001,1.0,0.929
w10s-dlt-off-s61,w10s-dlt-off,61,11615232,0.62,1.031,-1.0,0.3644,0.0,0.0,0.0,0.0008,1.0,0.929
w10s-dlt-off-s61,w10s-dlt-off,61,11645952,0.64,1.057,-1.0,0.3058,0.0,0.0,0.0,0.0009,1.0,0.929
w10s-dlt-off-s61,w10s-dlt-off,61,11676672,0.76,1.178,-1.0,0.3994,0.0,0.0,0.0,0.0008,1.0,0.929
w10s-dlt-off-s61,w10s-dlt-off,61,11707392,0.58,0.972,-1.0,0.4081,0.0,0.0,0.0,0.0009,1.0,0.928
w10s-dlt-off-s61,w10s-dlt-off,61,11738112,0.53,0.952,-1.0,0.2822,0.0,0.0,0.0,0.0009,1.0,0.928
w10s-dlt-off-s61,w10s-dlt-off,61,11768832,0.62,1.028,-1.0,0.5334,0.0,0.0,0.0,0.0009,1.0,0.928
w10s-dlt-off-s61,w10s-dlt-off,61,11799552,0.56,0.956,-1.0,0.3511,0.0,0.0,0.0,0.0009,1.0,0.928
w10s-dlt-off-s61,w10s-dlt-off,61,11830272,0.6,1.013,-1.0,0.446,0.0,0.0,0.0,0.0009,1.0,0.928
w10s-dlt-off-s61,w10s-dlt-off,61,11860992,0.52,0.94,-1.0,0.442,0.0,0.0,0.0,0.001,1.0,0.928
w10s-dlt-off-s61,w10s-dlt-off,61,11891712,0.59,0.997,-1.0,0.4924,0.0,0.0,0.0,0.001,1.0,0.928
w10s-dlt-off-s61,w10s-dlt-off,61,11922432,0.68,1.069,-1.0,0.4148,0.0,0.0,0.0,0.0008,1.0,0.928
w10s-dlt-off-s61,w10s-dlt-off,61,11953152,0.54,0.992,-1.0,0.5357,0.0,0.0,0.0,0.001,1.0,0.928
w10s-dlt-off-s61,w10s-dlt-off,61,11983872,0.65,1.046,-1.0,0.4346,0.0,0.0,0.0,0.0009,1.0,0.928
w10s-dlt-off-s61,w10s-dlt-off,61,12014592,0.65,1.055,-1.0,0.4409,0.0,0.0,0.0,0.0009,1.0,0.928
w10s-dlt-off-s61,w10s-dlt-off,61,12045312,0.58,0.992,-1.0,0.3185,0.0,0.0,0.0,0.001,1.0,0.928
w10s-dlt-off-s61,w10s-dlt-off,61,12076032,0.54,0.967,-1.0,0.543,0.0,0.0,0.0,0.0009,1.0,0.928
w10s-dlt-off-s61,w10s-dlt-off,61,12106752,0.59,0.978,-1.0,0.2114,0.0,0.0,0.0,0.0009,1.0,0.928
w10s-dlt-off-s61,w10s-dlt-off,61,12137472,0.61,1.057,-1.0,0.4532,0.0,0.0,0.0,0.0009,1.0,0.927
w10s-dlt-off-s61,w10s-dlt-off,61,12168192,0.53,0.967,-1.0,0.454,0.0,0.0,0.0,0.0009,1.0,0.927
w10s-dlt-off-s61,w10s-dlt-off,61,12198912,0.62,1.031,-1.0,0.3182,0.0,0.0,0.0,0.0009,1.0,0.927
w10s-dlt-off-s61,w10s-dlt-off,61,12229632,0.63,1.023,-1.0,0.3588,0.0,0.0,0.0,0.0009,1.0,0.927
w10s-dlt-off-s61,w10s-dlt-off,61,12260352,0.6,0.985,-1.0,0.4218,0.0,0.0,0.0,0.0009,1.0,0.927
w10s-dlt-off-s61,w10s-dlt-off,61,12291072,0.52,0.911,-1.0,0.2746,0.0,0.0,0.0,0.0008,1.0,0.927
w10s-dlt-off-s61,w10s-dlt-off,61,12321792,0.67,1.066,-1.0,0.4425,0.0,0.0,0.0,0.0008,1.0,0.927
w10s-dlt-off-s61,w10s-dlt-off,61,12352512,0.65,1.048,-1.0,0.4653,0.0,0.0,0.0,0.0009,1.0,0.927
w10s-dlt-off-s61,w10s-dlt-off,61,12383232,0.55,0.977,-1.0,0.4996,0.0,0.0,0.0,0.0009,1.0,0.927
w10s-dlt-off-s61,w10s-dlt-off,61,12413952,0.58,0.969,-1.0,0.2365,0.0,0.0,0.0,0.0009,1.0,0.927
w10s-dlt-off-s61,w10s-dlt-off,61,12444672,0.59,0.972,-1.0,0.1648,0.0,0.0,0.0,0.0009,1.0,0.927
w10s-dlt-off-s61,w10s-dlt-off,61,12475392,0.58,0.98,-1.0,0.533,0.0,0.0,0.0,0.0009,1.0,0.927
w10s-dlt-off-s61,w10s-dlt-off,61,12506112,0.68,1.082,-1.0,0.2369,0.0,0.0,0.0,0.0009,1.0,0.927
w10s-dlt-off-s61,w10s-dlt-off,61,12536832,0.57,0.958,-1.0,0.6299,0.0,0.0,0.0,0.0009,1.0,0.927
w10s-dlt-off-s61,w10s-dlt-off,61,12567552,0.61,1.006,-1.0,0.4641,0.0,0.0,0.0,0.0009,1.0,0.927
w10s-dlt-off-s61,w10s-dlt-off,61,12598272,0.55,0.956,-1.0,0.3121,0.0,0.0,0.0,0.0008,1.0,0.927
w10s-dlt-off-s61,w10s-dlt-off,61,12628992,0.61,1.058,-1.0,0.3295,0.0,0.0,0.0,0.0009,1.0,0.926
w10s-dlt-off-s61,w10s-dlt-off,61,12659712,0.55,0.978,-1.0,0.5164,0.0,0.0,0.0,0.0009,1.0,0.926
w10s-dlt-off-s61,w10s-dlt-off,61,12690432,0.59,1.018,-1.0,0.6663,0.0,0.0,0.0,0.0009,1.0,0.926
w10s-dlt-off-s61,w10s-dlt-off,61,12721152,0.56,0.97,-1.0,0.5318,0.0,0.0,0.0,0.0009,1.0,0.926
w10s-dlt-off-s61,w10s-dlt-off,61,12751872,0.65,1.031,-1.0,0.4402,0.0,0.0,0.0,0.0007,1.0,0.926
w10s-dlt-off-s61,w10s-dlt-off,61,12782592,0.66,1.054,-1.0,0.2484,0.0,0.0,0.0,0.0008,1.0,0.926
w10s-dlt-off-s61,w10s-dlt-off,61,12813312,0.6,1.041,-1.0,0.5241,0.0,0.0,0.0,0.001,1.0,0.926
w10s-dlt-off-s61,w10s-dlt-off,61,12844032,0.54,0.956,-1.0,0.3454,0.0,0.0,0.0,0.0008,1.0,0.926
w10s-dlt-off-s61,w10s-dlt-off,61,12874752,0.51,0.936,-1.0,0.3536,0.0,0.0,0.0,0.0009,1.0,0.926
w10s-dlt-off-s61,w10s-dlt-off,61,12905472,0.63,1.041,-1.0,0.5354,0.0,0.0,0.0,0.001,1.0,0.926
w10s-dlt-off-s61,w10s-dlt-off,61,12936192,0.59,1.008,-1.0,0.6334,0.0,0.0,0.0,0.001,1.0,0.926
w10s-dlt-off-s61,w10s-dlt-off,61,12966912,0.58,1.007,-1.0,0.6332,0.0,0.0,0.0,0.0009,1.0,0.926
w10s-dlt-off-s61,w10s-dlt-off,61,12997632,0.57,1.026,-1.0,0.5529,0.0,0.0,0.0,0.0008,1.0,0.926
w10s-dlt-off-s61,w10s-dlt-off,61,13028352,0.62,1.029,-1.0,0.4703,0.0,0.0,0.0,0.0009,1.0,0.926
w10s-dlt-off-s61,w10s-dlt-off,61,13059072,0.63,1.052,-1.0,0.5657,0.0,0.0,0.0,0.0008,1.0,0.926
w10s-dlt-off-s61,w10s-dlt-off,61,13089792,0.61,1.044,-1.0,0.3621,0.0,0.0,0.0,0.0008,1.0,0.926
w10s-dlt-off-s61,w10s-dlt-off,61,13120512,0.56,0.985,-1.0,0.511,0.0,0.0,0.0,0.0009,1.0,0.926
w10s-dlt-off-s61,w10s-dlt-off,61,13151232,0.65,1.051,-1.0,0.4734,0.0,0.0,0.0,0.0009,1.0,0.925
w10s-dlt-off-s61,w10s-dlt-off,61,13181952,0.54,0.954,-1.0,0.284,0.0,0.0,0.0,0.0008,1.0,0.925
w10s-dlt-off-s61,w10s-dlt-off,61,13212672,0.65,1.059,-1.0,0.6062,0.0,0.0,0.0,0.0009,1.0,0.925
w10s-dlt-off-s61,w10s-dlt-off,61,13243392,0.62,1.041,-1.0,0.3156,0.0,0.0,0.0,0.0009,1.0,0.925
w10s-dlt-off-s61,w10s-dlt-off,61,13274112,0.64,1.031,-1.0,0.758,0.0,0.0,0.0,0.0009,1.0,0.925
w10s-dlt-off-s61,w10s-dlt-off,61,13304832,0.58,1.022,-1.0,0.2923,0.0,0.0,0.0,0.0009,1.0,0.925
w10s-dlt-off-s61,w10s-dlt-off,61,13335552,0.65,1.057,-1.0,0.5249,0.0,0.0,0.0,0.0008,1.0,0.925
w10s-dlt-off-s61,w10s-dlt-off,61,13366272,0.58,1.054,-1.0,0.5326,0.0,0.0,0.0,0.0009,1.0,0.925
w10s-dlt-off-s61,w10s-dlt-off,61,13396992,0.69,1.093,-1.0,0.4004,0.0,0.0,0.0,0.0009,1.0,0.925
w10s-dlt-off-s61,w10s-dlt-off,61,13427712,0.67,1.072,-1.0,0.4328,0.0,0.0,0.0,0.0008,1.0,0.925
w10s-dlt-off-s61,w10s-dlt-off,61,13458432,0.61,1.031,-1.0,0.3873,0.0,0.0,0.0,0.0009,1.0,0.925
w10s-dlt-off-s61,w10s-dlt-off,61,13489152,0.61,1.012,-1.0,0.4964,0.0,0.0,0.0,0.0009,1.0,0.925
w10s-dlt-off-s61,w10s-dlt-off,61,13519872,0.61,1.028,-1.0,0.3819,0.0,0.0,0.0,0.0009,1.0,0.925
w10s-dlt-off-s61,w10s-dlt-off,61,13550592,0.57,0.983,-1.0,0.4103,0.0,0.0,0.0,0.0009,1.0,0.925
w10s-dlt-off-s61,w10s-dlt-off,61,13581312,0.58,0.993,-1.0,0.4225,0.0,0.0,0.0,0.0008,1.0,0.925
w10s-dlt-off-s61,w10s-dlt-off,61,13612032,0.68,1.083,-1.0,0.7021,0.0,0.0,0.0,0.0008,1.0,0.925
w10s-dlt-off-s61,w10s-dlt-off,61,13642752,0.59,1.029,-1.0,0.4155,0.0,0.0,0.0,0.0008,1.0,0.925
w10s-dlt-off-s61,w10s-dlt-off,61,13673472,0.6,1.021,-1.0,0.3359,0.0,0.0,0.0,0.0009,1.0,0.924
w10s-dlt-off-s61,w10s-dlt-off,61,13704192,0.62,1.073,-1.0,0.381,0.0,0.0,0.0,0.0008,1.0,0.924
w10s-dlt-off-s61,w10s-dlt-off,61,13734912,0.57,0.98,-1.0,0.3961,0.0,0.0,0.0,0.0008,1.0,0.924
w10s-dlt-off-s61,w10s-dlt-off,61,13765632,0.59,1.014,-1.0,0.4036,0.0,0.0,0.0,0.0008,1.0,0.924
w10s-dlt-off-s61,w10s-dlt-off,61,13796352,0.71,1.111,-1.0,0.4697,0.0,0.0,0.0,0.0008,1.0,0.924
w10s-dlt-off-s61,w10s-dlt-off,61,13827072,0.63,1.055,-1.0,0.5564,0.0,0.0,0.0,0.0008,1.0,0.924
w10s-dlt-off-s61,w10s-dlt-off,61,13857792,0.67,1.034,-1.0,0.435,0.0,0.0,0.0,0.0008,1.0,0.924
w10s-dlt-off-s61,w10s-dlt-off,61,13888512,0.7,1.098,-1.0,0.374,0.0,0.0,0.0,0.0008,1.0,0.924
w10s-dlt-off-s61,w10s-dlt-off,61,13919232,0.64,1.049,-1.0,0.5885,0.0,0.0,0.0,0.0009,1.0,0.924
w10s-dlt-off-s61,w10s-dlt-off,61,13949952,0.66,1.048,-1.0,0.5315,0.0,0.0,0.0,0.0008,1.0,0.924
w10s-dlt-off-s61,w10s-dlt-off,61,13980672,0.6,1.021,-1.0,0.4365,0.0,0.0,0.0,0.0009,1.0,0.924
w10s-dlt-off-s61,w10s-dlt-off,61,14011392,0.66,1.058,-1.0,0.3854,0.0,0.0,0.0,0.0008,1.0,0.924
w10s-dlt-off-s61,w10s-dlt-off,61,14042112,0.52,0.955,-1.0,0.5442,0.0,0.0,0.0,0.0008,1.0,0.924
w10s-dlt-off-s61,w10s-dlt-off,61,14072832,0.63,1.043,-1.0,0.4698,0.0,0.0,0.0,0.0009,1.0,0.924
w10s-dlt-off-s61,w10s-dlt-off,61,14103552,0.57,0.992,-1.0,0.5778,0.0,0.0,0.0,0.0008,1.0,0.924
w10s-dlt-off-s61,w10s-dlt-off,61,14134272,0.61,1.047,-1.0,0.3461,0.0,0.0,0.0,0.0009,1.0,0.924
w10s-dlt-off-s61,w10s-dlt-off,61,14164992,0.59,0.995,-1.0,0.4469,0.0,0.0,0.0,0.0008,1.0,0.923
w10s-dlt-off-s61,w10s-dlt-off,61,14195712,0.7,1.125,-1.0,0.4306,0.0,0.0,0.0,0.0008,1.0,0.923
w10s-dlt-off-s61,w10s-dlt-off,61,14226432,0.67,1.088,-1.0,0.5597,0.0,0.0,0.0,0.0008,1.0,0.923
w10s-dlt-off-s61,w10s-dlt-off,61,14257152,0.56,0.993,-1.0,0.5412,0.0,0.0,0.0,0.0008,1.0,0.923
w10s-dlt-off-s61,w10s-dlt-off,61,14287872,0.63,1.059,-1.0,0.236,0.0,0.0,0.0,0.0007,1.0,0.923
w10s-dlt-off-s61,w10s-dlt-off,61,14318592,0.59,1.024,-1.0,0.4962,0.0,0.0,0.0,0.0008,1.0,0.923
w10s-dlt-off-s61,w10s-dlt-off,61,14349312,0.6,1.031,-1.0,0.5845,0.0,0.0,0.0,0.0008,1.0,0.923
w10s-dlt-off-s61,w10s-dlt-off,61,14380032,0.58,1.048,-1.0,0.5876,0.0,0.0,0.0,0.0008,1.0,0.923
w10s-dlt-off-s61,w10s-dlt-off,61,14410752,0.56,1.011,-1.0,0.3259,0.0,0.0,0.0,0.0008,1.0,0.923
w10s-dlt-off-s61,w10s-dlt-off,61,14441472,0.71,1.106,-1.0,0.6031,0.0,0.0,0.0,0.0008,1.0,0.923
w10s-dlt-off-s61,w10s-dlt-off,61,14472192,0.72,1.141,-1.0,0.6839,0.0,0.0,0.0,0.0008,1.0,0.923
w10s-dlt-off-s61,w10s-dlt-off,61,14502912,0.68,1.142,-1.0,0.6136,0.0,0.0,0.0,0.0008,1.0,0.923
w10s-dlt-off-s61,w10s-dlt-off,61,14533632,0.74,1.165,-1.0,0.3665,0.0,0.0,0.0,0.0008,1.0,0.923
w10s-dlt-off-s61,w10s-dlt-off,61,14564352,0.56,1.0,-1.0,0.4334,0.0,0.0,0.0,0.0008,1.0,0.923
w10s-dlt-off-s61,w10s-dlt-off,61,14595072,0.6,1.028,-1.0,0.6253,0.0,0.0,0.0,0.0008,1.0,0.923
w10s-dlt-off-s61,w10s-dlt-off,61,14625792,0.67,1.07,-1.0,0.2965,0.0,0.0,0.0,0.0008,1.0,0.922
w10s-dlt-off-s61,w10s-dlt-off,61,14656512,0.59,1.043,-1.0,0.5239,0.0,0.0,0.0,0.0008,1.0,0.922
w10s-dlt-off-s61,w10s-dlt-off,61,14687232,0.59,1.007,-1.0,0.2795,0.0,0.0,0.0,0.0008,1.0,0.922
w10s-dlt-off-s61,w10s-dlt-off,61,14717952,0.63,1.06,-1.0,0.4545,0.0,0.0,0.0,0.0008,1.0,0.922
w10s-dlt-off-s61,w10s-dlt-off,61,14748672,0.63,1.045,-1.0,0.4299,0.0,0.0,0.0,0.0008,1.0,0.922
w10s-dlt-off-s61,w10s-dlt-off,61,14779392,0.59,1.029,-1.0,0.4367,0.0,0.0,0.0,0.0008,1.0,0.922
w10s-dlt-off-s61,w10s-dlt-off,61,14810112,0.64,1.047,-1.0,0.5217,0.0,0.0,0.0,0.0008,1.0,0.922
w10s-dlt-off-s61,w10s-dlt-off,61,14840832,0.57,0.996,-1.0,0.4594,0.0,0.0,0.0,0.0007,1.0,0.922
w10s-dlt-off-s61,w10s-dlt-off,61,14871552,0.68,1.104,-1.0,0.4819,0.0,0.0,0.0,0.0008,1.0,0.922
w10s-dlt-off-s61,w10s-dlt-off,61,14902272,0.64,1.065,-1.0,0.4941,0.0,0.0,0.0,0.0008,1.0,0.922
w10s-dlt-off-s61,w10s-dlt-off,61,14932992,0.71,1.129,-1.0,0.5396,0.0,0.0,0.0,0.0009,1.0,0.922
w10s-dlt-off-s61,w10s-dlt-off,61,14963712,0.59,1.014,-1.0,0.3955,0.0,0.0,0.0,0.0008,1.0,0.922
w10s-dlt-off-s61,w10s-dlt-off,61,14994432,0.61,1.066,-1.0,0.5363,0.0,0.0,0.0,0.0007,1.0,0.922
w10s-dlt-off-s61,w10s-dlt-off,61,14997504,0.53,0.986,-1.0,0.2648,0.0,0.0,0.0,0.0008,1.0,0.922
w10s-dlt-off-s62,w10s-dlt-off,62,3072,0.0,0.389,-1.0,,,,,,,
w10s-dlt-off-s62,w10s-dlt-off,62,33792,0.0,0.443,-1.0,-1.0,0.0,0.0,0.0,0.0157,0.955,0.922
w10s-dlt-off-s62,w10s-dlt-off,62,64512,0.01,0.484,-1.0,-0.9796,0.0,0.0,0.0,0.0118,0.984,0.915
w10s-dlt-off-s62,w10s-dlt-off,62,95232,0.0,0.476,-1.0,-0.9784,0.0,0.0,0.0,0.0105,0.998,0.916
w10s-dlt-off-s62,w10s-dlt-off,62,125952,0.02,0.465,-1.0,-1.0,0.0,0.0,0.0,0.009,0.999,0.917
w10s-dlt-off-s62,w10s-dlt-off,62,156672,0.0,0.487,-1.0,-0.9751,0.0,0.0,0.0,0.0088,1.0,0.916
w10s-dlt-off-s62,w10s-dlt-off,62,187392,0.01,0.492,-1.0,-1.0,0.0,0.0,0.0,0.007,1.0,0.916
w10s-dlt-off-s62,w10s-dlt-off,62,218112,0.01,0.47,-1.0,-0.9266,0.0,0.0,0.0,0.0073,1.0,0.916
w10s-dlt-off-s62,w10s-dlt-off,62,248832,0.0,0.476,-1.0,-0.975,0.0,0.0,0.0,0.0063,1.0,0.917
w10s-dlt-off-s62,w10s-dlt-off,62,279552,0.0,0.471,-1.0,-0.9526,0.0,0.0,0.0,0.0068,1.0,0.918
w10s-dlt-off-s62,w10s-dlt-off,62,310272,0.0,0.513,-1.0,-1.0,0.0,0.0,0.0,0.0069,1.0,0.92
w10s-dlt-off-s62,w10s-dlt-off,62,340992,0.01,0.488,-1.0,-1.0,0.0,0.0,0.0,0.0051,1.0,0.921
w10s-dlt-off-s62,w10s-dlt-off,62,371712,0.02,0.492,-1.0,-0.9555,0.0,0.0,0.0,0.0055,1.0,0.922
w10s-dlt-off-s62,w10s-dlt-off,62,402432,0.01,0.495,-1.0,-0.907,0.0,0.0,0.0,0.0051,1.0,0.923
w10s-dlt-off-s62,w10s-dlt-off,62,433152,0.04,0.52,-1.0,-0.9561,0.0,0.0,0.0,0.0052,1.0,0.924
w10s-dlt-off-s62,w10s-dlt-off,62,463872,0.01,0.556,-1.0,-0.975,0.0,0.0,0.0,0.0047,1.0,0.926
w10s-dlt-off-s62,w10s-dlt-off,62,494592,0.0,0.492,-1.0,-0.975,0.0,0.0,0.0,0.0048,1.0,0.927
w10s-dlt-off-s62,w10s-dlt-off,62,525312,0.0,0.468,-1.0,-1.0,0.0,0.0,0.0,0.0048,1.0,0.927
w10s-dlt-off-s62,w10s-dlt-off,62,556032,0.01,0.547,-1.0,-0.9757,0.0,0.0,0.0,0.0042,1.0,0.928
w10s-dlt-off-s62,w10s-dlt-off,62,586752,0.01,0.521,-1.0,-0.9293,0.0,0.0,0.0,0.0038,1.0,0.928
w10s-dlt-off-s62,w10s-dlt-off,62,617472,0.01,0.532,-1.0,-0.9752,0.0,0.0,0.0,0.004,1.0,0.928
w10s-dlt-off-s62,w10s-dlt-off,62,648192,0.07,0.566,-1.0,-0.975,0.0,0.0,0.0,0.0038,1.0,0.928
w10s-dlt-off-s62,w10s-dlt-off,62,678912,0.0,0.545,-1.0,-0.9272,0.0,0.0,0.0,0.0041,1.0,0.928
w10s-dlt-off-s62,w10s-dlt-off,62,709632,0.04,0.556,-1.0,-0.9308,0.0,0.0,0.0,0.0041,1.0,0.928
w10s-dlt-off-s62,w10s-dlt-off,62,740352,0.01,0.501,-1.0,-0.9527,0.0,0.0,0.0,0.0037,1.0,0.929
w10s-dlt-off-s62,w10s-dlt-off,62,771072,0.07,0.546,-1.0,-0.9033,0.0,0.0,0.0,0.0033,1.0,0.929
w10s-dlt-off-s62,w10s-dlt-off,62,801792,0.02,0.48,-1.0,-0.9529,0.0,0.0,0.0,0.0034,1.0,0.93
w10s-dlt-off-s62,w10s-dlt-off,62,832512,0.03,0.483,-1.0,-0.9574,0.0,0.0,0.0,0.0037,1.0,0.93
w10s-dlt-off-s62,w10s-dlt-off,62,863232,0.01,0.479,-1.0,-0.9506,0.0,0.0,0.0,0.0032,1.0,0.931
w10s-dlt-off-s62,w10s-dlt-off,62,893952,0.04,0.505,-1.0,-0.9756,0.0,0.0,0.0,0.0031,1.0,0.931
w10s-dlt-off-s62,w10s-dlt-off,62,924672,0.01,0.506,-1.0,-0.9756,0.0,0.0,0.0,0.0032,1.0,0.932
w10s-dlt-off-s62,w10s-dlt-off,62,955392,0.01,0.499,-1.0,-0.9089,0.0,0.0,0.0,0.0038,1.0,0.932
w10s-dlt-off-s62,w10s-dlt-off,62,986112,0.04,0.554,-1.0,-1.0,0.0,0.0,0.0,0.0033,1.0,0.933
w10s-dlt-off-s62,w10s-dlt-off,62,1016832,0.03,0.545,-1.0,-0.9278,0.0,0.0,0.0,0.0037,1.0,0.933
w10s-dlt-off-s62,w10s-dlt-off,62,1047552,0.02,0.523,-1.0,-0.8639,0.0,0.0,0.0,0.003,1.0,0.934
w10s-dlt-off-s62,w10s-dlt-off,62,1078272,0.02,0.521,-1.0,-0.9286,0.0,0.0,0.0,0.0031,1.0,0.935
w10s-dlt-off-s62,w10s-dlt-off,62,1108992,0.0,0.513,-1.0,-0.9276,0.0,0.0,0.0,0.0033,1.0,0.936
w10s-dlt-off-s62,w10s-dlt-off,62,1139712,0.01,0.529,-1.0,-0.9542,0.0,0.0,0.0,0.0029,1.0,0.936
w10s-dlt-off-s62,w10s-dlt-off,62,1170432,0.04,0.553,-1.0,-0.9084,0.0,0.0,0.0,0.0031,1.0,0.936
w10s-dlt-off-s62,w10s-dlt-off,62,1201152,0.03,0.493,-1.0,-0.932,0.0,0.0,0.0,0.0028,1.0,0.936
w10s-dlt-off-s62,w10s-dlt-off,62,1231872,0.04,0.58,-1.0,-0.9304,0.0,0.0,0.0,0.003,1.0,0.937
w10s-dlt-off-s62,w10s-dlt-off,62,1262592,0.04,0.534,-1.0,-0.9329,0.0,0.0,0.0,0.0031,1.0,0.937
w10s-dlt-off-s62,w10s-dlt-off,62,1293312,0.03,0.533,-1.0,-0.9063,0.0,0.0,0.0,0.0031,1.0,0.937
w10s-dlt-off-s62,w10s-dlt-off,62,1324032,0.05,0.559,-1.0,-0.957,0.0,0.0,0.0,0.003,1.0,0.936
w10s-dlt-off-s62,w10s-dlt-off,62,1354752,0.04,0.491,-1.0,-0.9519,0.0,0.0,0.0,0.0027,1.0,0.936
w10s-dlt-off-s62,w10s-dlt-off,62,1385472,0.03,0.56,-1.0,-0.975,0.0,0.0,0.0,0.0027,1.0,0.936
w10s-dlt-off-s62,w10s-dlt-off,62,1416192,0.06,0.543,-1.0,-0.9538,0.0,0.0,0.0,0.0026,1.0,0.936
w10s-dlt-off-s62,w10s-dlt-off,62,1446912,0.0,0.494,-1.0,-0.9063,0.0,0.0,0.0,0.0029,1.0,0.936
w10s-dlt-off-s62,w10s-dlt-off,62,1477632,0.03,0.499,-1.0,-0.8133,0.0,0.0,0.0,0.0025,1.0,0.936
w10s-dlt-off-s62,w10s-dlt-off,62,1508352,0.02,0.529,-1.0,-0.906,0.0,0.0,0.0,0.0026,1.0,0.936
w10s-dlt-off-s62,w10s-dlt-off,62,1539072,0.04,0.502,-1.0,-0.8599,0.0,0.0,0.0,0.0026,1.0,0.936
w10s-dlt-off-s62,w10s-dlt-off,62,1569792,0.04,0.585,-1.0,-0.8594,0.0,0.0,0.0,0.0027,1.0,0.936
w10s-dlt-off-s62,w10s-dlt-off,62,1600512,0.03,0.525,-1.0,-0.9546,0.0,0.0,0.0,0.0026,1.0,0.936
w10s-dlt-off-s62,w10s-dlt-off,62,1631232,0.08,0.618,-1.0,-0.9349,0.0,0.0,0.0,0.0025,1.0,0.936
w10s-dlt-off-s62,w10s-dlt-off,62,1661952,0.04,0.537,-1.0,-0.9033,0.0,0.0,0.0,0.0028,1.0,0.937
w10s-dlt-off-s62,w10s-dlt-off,62,1692672,0.04,0.5,-1.0,-0.9122,0.0,0.0,0.0,0.0028,1.0,0.937
w10s-dlt-off-s62,w10s-dlt-off,62,1723392,0.04,0.552,-1.0,-0.9524,0.0,0.0,0.0,0.0024,1.0,0.937
w10s-dlt-off-s62,w10s-dlt-off,62,1754112,0.06,0.603,-1.0,-0.8874,0.0,0.0,0.0,0.0023,1.0,0.937
w10s-dlt-off-s62,w10s-dlt-off,62,1784832,0.03,0.517,-1.0,-0.9298,0.0,0.0,0.0,0.0021,1.0,0.937
w10s-dlt-off-s62,w10s-dlt-off,62,1815552,0.05,0.573,-1.0,-0.8817,0.0,0.0,0.0,0.0024,1.0,0.937
w10s-dlt-off-s62,w10s-dlt-off,62,1846272,0.04,0.553,-1.0,-0.8598,0.0,0.0,0.0,0.0024,1.0,0.937
w10s-dlt-off-s62,w10s-dlt-off,62,1876992,0.04,0.572,-1.0,-0.9373,0.0,0.0,0.0,0.0024,1.0,0.937
w10s-dlt-off-s62,w10s-dlt-off,62,1907712,0.06,0.562,-1.0,-0.9065,0.0,0.0,0.0,0.0022,1.0,0.937
w10s-dlt-off-s62,w10s-dlt-off,62,1938432,0.05,0.517,-1.0,-0.8841,0.0,0.0,0.0,0.0022,1.0,0.937
w10s-dlt-off-s62,w10s-dlt-off,62,1969152,0.02,0.527,-1.0,-0.8617,0.0,0.0,0.0,0.0022,1.0,0.938
w10s-dlt-off-s62,w10s-dlt-off,62,1999872,0.05,0.587,-1.0,-0.9353,0.0,0.0,0.0,0.0023,1.0,0.938
w10s-dlt-off-s62,w10s-dlt-off,62,2030592,0.05,0.572,-1.0,-0.8871,0.0,0.0,0.0,0.0022,1.0,0.938
w10s-dlt-off-s62,w10s-dlt-off,62,2061312,0.05,0.541,-1.0,-0.8151,0.0,0.0,0.0,0.0021,1.0,0.938
w10s-dlt-off-s62,w10s-dlt-off,62,2092032,0.05,0.516,-1.0,-0.9327,0.0,0.0,0.0,0.0018,1.0,0.938
w10s-dlt-off-s62,w10s-dlt-off,62,2122752,0.03,0.508,-1.0,-0.8636,0.0,0.0,0.0,0.0022,1.0,0.938
w10s-dlt-off-s62,w10s-dlt-off,62,2153472,0.07,0.588,-1.0,-0.9568,0.0,0.0,0.0,0.0022,1.0,0.937
w10s-dlt-off-s62,w10s-dlt-off,62,2184192,0.08,0.567,-1.0,-0.8809,0.0,0.0,0.0,0.0023,1.0,0.937
w10s-dlt-off-s62,w10s-dlt-off,62,2214912,0.09,0.567,-1.0,-0.8435,0.0,0.0,0.0,0.0021,1.0,0.937
w10s-dlt-off-s62,w10s-dlt-off,62,2245632,0.02,0.536,-1.0,-0.8615,0.0,0.0,0.0,0.0019,1.0,0.937
w10s-dlt-off-s62,w10s-dlt-off,62,2276352,0.06,0.563,-1.0,-0.9368,0.0,0.0,0.0,0.0023,1.0,0.937
w10s-dlt-off-s62,w10s-dlt-off,62,2307072,0.03,0.536,-1.0,-0.796,0.0,0.0,0.0,0.0021,1.0,0.937
w10s-dlt-off-s62,w10s-dlt-off,62,2337792,0.06,0.558,-1.0,-0.9094,0.0,0.0,0.0,0.0016,1.0,0.937
w10s-dlt-off-s62,w10s-dlt-off,62,2368512,0.07,0.57,-1.0,-0.8379,0.0,0.0,0.0,0.002,1.0,0.937
w10s-dlt-off-s62,w10s-dlt-off,62,2399232,0.07,0.54,-1.0,-0.8864,0.0,0.0,0.0,0.0021,1.0,0.937
w10s-dlt-off-s62,w10s-dlt-off,62,2429952,0.08,0.569,-1.0,-0.7903,0.0,0.0,0.0,0.0019,1.0,0.937
w10s-dlt-off-s62,w10s-dlt-off,62,2460672,0.1,0.584,-1.0,-0.8583,0.0,0.0,0.0,0.0018,1.0,0.937
w10s-dlt-off-s62,w10s-dlt-off,62,2491392,0.03,0.542,-1.0,-0.8862,0.0,0.0,0.0,0.0018,1.0,0.937
w10s-dlt-off-s62,w10s-dlt-off,62,2522112,0.05,0.514,-1.0,-0.8857,0.0,0.0,0.0,0.0021,1.0,0.937
w10s-dlt-off-s62,w10s-dlt-off,62,2552832,0.05,0.501,-1.0,-0.8831,0.0,0.0,0.0,0.002,1.0,0.937
w10s-dlt-off-s62,w10s-dlt-off,62,2583552,0.07,0.536,-1.0,-0.8207,0.0,0.0,0.0,0.0022,1.0,0.937
w10s-dlt-off-s62,w10s-dlt-off,62,2614272,0.07,0.561,-1.0,-0.8117,0.0,0.0,0.0,0.002,1.0,0.938
w10s-dlt-off-s62,w10s-dlt-off,62,2644992,0.08,0.557,-1.0,-0.8433,0.0,0.0,0.0,0.0018,1.0,0.938
w10s-dlt-off-s62,w10s-dlt-off,62,2675712,0.08,0.56,-1.0,-0.8868,0.0,0.0,0.0,0.0021,1.0,0.938
w10s-dlt-off-s62,w10s-dlt-off,62,2706432,0.05,0.528,-1.0,-0.7403,0.0,0.0,0.0,0.0022,1.0,0.938
w10s-dlt-off-s62,w10s-dlt-off,62,2737152,0.05,0.568,-1.0,-0.8819,0.0,0.0,0.0,0.002,1.0,0.938
w10s-dlt-off-s62,w10s-dlt-off,62,2767872,0.05,0.544,-1.0,-0.8589,0.0,0.0,0.0,0.002,1.0,0.938
w10s-dlt-off-s62,w10s-dlt-off,62,2798592,0.06,0.581,-1.0,-0.8781,0.0,0.0,0.0,0.0017,1.0,0.938
w10s-dlt-off-s62,w10s-dlt-off,62,2829312,0.04,0.521,-1.0,-0.9027,0.0,0.0,0.0,0.002,1.0,0.938
w10s-dlt-off-s62,w10s-dlt-off,62,2860032,0.12,0.619,-1.0,-0.8003,0.0,0.0,0.0,0.0019,1.0,0.938
w10s-dlt-off-s62,w10s-dlt-off,62,2890752,0.08,0.549,-1.0,-0.7731,0.0,0.0,0.0,0.0018,1.0,0.938
w10s-dlt-off-s62,w10s-dlt-off,62,2921472,0.07,0.564,-1.0,-0.768,0.0,0.0,0.0,0.0016,1.0,0.938
w10s-dlt-off-s62,w10s-dlt-off,62,2952192,0.07,0.52,-1.0,-0.809,0.0,0.0,0.0,0.0019,1.0,0.938
w10s-dlt-off-s62,w10s-dlt-off,62,2982912,0.09,0.603,-1.0,-0.8344,0.0,0.0,0.0,0.0018,1.0,0.938
w10s-dlt-off-s62,w10s-dlt-off,62,3013632,0.01,0.461,-1.0,-0.8642,0.0,0.0,0.0,0.0019,1.0,0.938
w10s-dlt-off-s62,w10s-dlt-off,62,3044352,0.05,0.528,-1.0,-0.8137,0.0,0.0,0.0,0.0017,1.0,0.938
w10s-dlt-off-s62,w10s-dlt-off,62,3075072,0.05,0.539,-1.0,-0.9038,0.0,0.0,0.0,0.0016,1.0,0.938
w10s-dlt-off-s62,w10s-dlt-off,62,3105792,0.12,0.567,-1.0,-0.8102,0.0,0.0,0.0,0.0018,1.0,0.938
w10s-dlt-off-s62,w10s-dlt-off,62,3136512,0.05,0.579,-1.0,-0.7502,0.0,0.0,0.0,0.0017,1.0,0.938
w10s-dlt-off-s62,w10s-dlt-off,62,3167232,0.09,0.548,-1.0,-0.74,0.0,0.0,0.0,0.0018,1.0,0.938
w10s-dlt-off-s62,w10s-dlt-off,62,3197952,0.09,0.569,-1.0,-0.743,0.0,0.0,0.0,0.0018,1.0,0.938
w10s-dlt-off-s62,w10s-dlt-off,62,3228672,0.05,0.486,-1.0,-0.6653,0.0,0.0,0.0,0.0017,1.0,0.938
w10s-dlt-off-s62,w10s-dlt-off,62,3259392,0.03,0.498,-1.0,-0.7136,0.0,0.0,0.0,0.0016,1.0,0.938
w10s-dlt-off-s62,w10s-dlt-off,62,3290112,0.07,0.563,-1.0,-0.8195,0.0,0.0,0.0,0.0016,1.0,0.938
w10s-dlt-off-s62,w10s-dlt-off,62,3320832,0.12,0.594,-1.0,-0.8695,0.0,0.0,0.0,0.0016,1.0,0.938
w10s-dlt-off-s62,w10s-dlt-off,62,3351552,0.09,0.526,-1.0,-0.7637,0.0,0.0,0.0,0.0018,1.0,0.938
w10s-dlt-off-s62,w10s-dlt-off,62,3382272,0.05,0.486,-1.0,-0.8707,0.0,0.0,0.0,0.0016,1.0,0.939
w10s-dlt-off-s62,w10s-dlt-off,62,3412992,0.12,0.598,-1.0,-0.817,0.0,0.0,0.0,0.0016,1.0,0.939
w10s-dlt-off-s62,w10s-dlt-off,62,3443712,0.1,0.541,-1.0,-0.7756,0.0,0.0,0.0,0.0016,1.0,0.939
w10s-dlt-off-s62,w10s-dlt-off,62,3474432,0.12,0.59,-1.0,-0.7318,0.0,0.0,0.0,0.0017,1.0,0.939
w10s-dlt-off-s62,w10s-dlt-off,62,3505152,0.08,0.557,-1.0,-0.7658,0.0,0.0,0.0,0.0018,1.0,0.939
w10s-dlt-off-s62,w10s-dlt-off,62,3535872,0.06,0.545,-1.0,-0.7451,0.0,0.0,0.0,0.0017,1.0,0.939
w10s-dlt-off-s62,w10s-dlt-off,62,3566592,0.11,0.57,-1.0,-0.7442,0.0,0.0,0.0,0.0017,1.0,0.939
w10s-dlt-off-s62,w10s-dlt-off,62,3597312,0.1,0.584,-1.0,-0.7717,0.0,0.0,0.0,0.0017,1.0,0.939
w10s-dlt-off-s62,w10s-dlt-off,62,3628032,0.07,0.564,-1.0,-0.6691,0.0,0.0,0.0,0.0016,1.0,0.939
w10s-dlt-off-s62,w10s-dlt-off,62,3658752,0.12,0.592,-1.0,-0.7237,0.0,0.0,0.0,0.0015,1.0,0.939
w10s-dlt-off-s62,w10s-dlt-off,62,3689472,0.12,0.561,-1.0,-0.7288,0.0,0.0,0.0,0.0015,1.0,0.939
w10s-dlt-off-s62,w10s-dlt-off,62,3720192,0.09,0.544,-1.0,-0.7542,0.0,0.0,0.0,0.0014,1.0,0.939
w10s-dlt-off-s62,w10s-dlt-off,62,3750912,0.12,0.621,-1.0,-0.6943,0.0,0.0,0.0,0.0018,1.0,0.939
w10s-dlt-off-s62,w10s-dlt-off,62,3781632,0.14,0.613,-1.0,-0.8163,0.0,0.0,0.0,0.0017,1.0,0.939
w10s-dlt-off-s62,w10s-dlt-off,62,3812352,0.18,0.591,-1.0,-0.7555,0.0,0.0,0.0,0.0017,1.0,0.939
w10s-dlt-off-s62,w10s-dlt-off,62,3843072,0.11,0.55,-1.0,-0.6904,0.0,0.0,0.0,0.0016,1.0,0.939
w10s-dlt-off-s62,w10s-dlt-off,62,3873792,0.16,0.628,-1.0,-0.6045,0.0,0.0,0.0,0.0017,1.0,0.939
w10s-dlt-off-s62,w10s-dlt-off,62,3904512,0.17,0.632,-1.0,-0.7332,0.0,0.0,0.0,0.0015,1.0,0.939
w10s-dlt-off-s62,w10s-dlt-off,62,3935232,0.11,0.563,-1.0,-0.7573,0.0,0.0,0.0,0.0016,1.0,0.939
w10s-dlt-off-s62,w10s-dlt-off,62,3965952,0.09,0.532,-1.0,-0.6271,0.0,0.0,0.0,0.0016,1.0,0.939
w10s-dlt-off-s62,w10s-dlt-off,62,3996672,0.12,0.578,-1.0,-0.6942,0.0,0.0,0.0,0.0015,1.0,0.939
w10s-dlt-off-s62,w10s-dlt-off,62,4027392,0.07,0.623,-1.0,-0.7028,0.0,0.0,0.0,0.0014,1.0,0.939
w10s-dlt-off-s62,w10s-dlt-off,62,4058112,0.13,0.618,-1.0,-0.7633,0.0,0.0,0.0,0.0016,1.0,0.939
w10s-dlt-off-s62,w10s-dlt-off,62,4088832,0.07,0.578,-1.0,-0.7899,0.0,0.0,0.0,0.0015,1.0,0.939
w10s-dlt-off-s62,w10s-dlt-off,62,4119552,0.13,0.602,-1.0,-0.672,0.0,0.0,0.0,0.0015,1.0,0.939
w10s-dlt-off-s62,w10s-dlt-off,62,4150272,0.16,0.625,-1.0,-0.6545,0.0,0.0,0.0,0.0015,1.0,0.939
w10s-dlt-off-s62,w10s-dlt-off,62,4180992,0.14,0.59,-1.0,-0.7531,0.0,0.0,0.0,0.0015,1.0,0.939
w10s-dlt-off-s62,w10s-dlt-off,62,4211712,0.13,0.603,-1.0,-0.7033,0.0,0.0,0.0,0.0015,1.0,0.939
w10s-dlt-off-s62,w10s-dlt-off,62,4242432,0.13,0.595,-1.0,-0.6932,0.0,0.0,0.0,0.0014,1.0,0.939
w10s-dlt-off-s62,w10s-dlt-off,62,4273152,0.13,0.57,-1.0,-0.7952,0.0,0.0,0.0,0.0016,1.0,0.939
w10s-dlt-off-s62,w10s-dlt-off,62,4303872,0.1,0.546,-1.0,-0.6247,0.0,0.0,0.0,0.0014,1.0,0.94
w10s-dlt-off-s62,w10s-dlt-off,62,4334592,0.18,0.635,-1.0,-0.8653,0.0,0.0,0.0,0.0015,1.0,0.94
w10s-dlt-off-s62,w10s-dlt-off,62,4365312,0.15,0.645,-1.0,-0.7228,0.0,0.0,0.0,0.0014,1.0,0.94
w10s-dlt-off-s62,w10s-dlt-off,62,4396032,0.15,0.64,-1.0,-0.5484,0.0,0.0,0.0,0.0015,1.0,0.94
w10s-dlt-off-s62,w10s-dlt-off,62,4426752,0.11,0.608,-1.0,-0.7382,0.0,0.0,0.0,0.0016,1.0,0.94
w10s-dlt-off-s62,w10s-dlt-off,62,4457472,0.18,0.635,-1.0,-0.6569,0.0,0.0,0.0,0.0014,1.0,0.94
w10s-dlt-off-s62,w10s-dlt-off,62,4488192,0.15,0.649,-1.0,-0.7679,0.0,0.0,0.0,0.0014,1.0,0.94
w10s-dlt-off-s62,w10s-dlt-off,62,4518912,0.15,0.583,-1.0,-0.7023,0.0,0.0,0.0,0.0015,1.0,0.94
w10s-dlt-off-s62,w10s-dlt-off,62,4549632,0.21,0.675,-1.0,-0.7177,0.0,0.0,0.0,0.0013,1.0,0.94
w10s-dlt-off-s62,w10s-dlt-off,62,4580352,0.14,0.57,-1.0,-0.6541,0.0,0.0,0.0,0.0014,1.0,0.94
w10s-dlt-off-s62,w10s-dlt-off,62,4611072,0.14,0.588,-1.0,-0.6263,0.0,0.0,0.0,0.0014,1.0,0.94
w10s-dlt-off-s62,w10s-dlt-off,62,4641792,0.08,0.528,-1.0,-0.607,0.0,0.0,0.0,0.0014,1.0,0.94
w10s-dlt-off-s62,w10s-dlt-off,62,4672512,0.2,0.645,-1.0,-0.6518,0.0,0.0,0.0,0.0015,1.0,0.94
w10s-dlt-off-s62,w10s-dlt-off,62,4703232,0.18,0.622,-1.0,-0.5131,0.0,0.0,0.0,0.0014,1.0,0.94
w10s-dlt-off-s62,w10s-dlt-off,62,4733952,0.25,0.718,-1.0,-0.508,0.0,0.0,0.0,0.0015,1.0,0.94
w10s-dlt-off-s62,w10s-dlt-off,62,4764672,0.19,0.652,-1.0,-0.5355,0.0,0.0,0.0,0.0014,1.0,0.94
w10s-dlt-off-s62,w10s-dlt-off,62,4795392,0.16,0.617,-1.0,-0.4557,0.0,0.0,0.0,0.0013,1.0,0.94
w10s-dlt-off-s62,w10s-dlt-off,62,4826112,0.13,0.612,-1.0,-0.5179,0.0,0.0,0.0,0.0014,1.0,0.94
w10s-dlt-off-s62,w10s-dlt-off,62,4856832,0.11,0.517,-1.0,-0.6842,0.0,0.0,0.0,0.0014,1.0,0.94
w10s-dlt-off-s62,w10s-dlt-off,62,4887552,0.16,0.62,-1.0,-0.6357,0.0,0.0,0.0,0.0013,1.0,0.94
w10s-dlt-off-s62,w10s-dlt-off,62,4918272,0.12,0.596,-1.0,-0.7427,0.0,0.0,0.0,0.0013,1.0,0.94
w10s-dlt-off-s62,w10s-dlt-off,62,4948992,0.23,0.702,-1.0,-0.535,0.0,0.0,0.0,0.0014,1.0,0.94
w10s-dlt-off-s62,w10s-dlt-off,62,4979712,0.19,0.632,-1.0,-0.6742,0.0,0.0,0.0,0.0013,1.0,0.94
w10s-dlt-off-s62,w10s-dlt-off,62,5010432,0.23,0.69,-1.0,-0.6016,0.0,0.0,0.0,0.0012,1.0,0.94
w10s-dlt-off-s62,w10s-dlt-off,62,5041152,0.25,0.696,-1.0,-0.6122,0.0,0.0,0.0,0.0013,1.0,0.94
w10s-dlt-off-s62,w10s-dlt-off,62,5071872,0.22,0.71,-1.0,-0.5187,0.0,0.0,0.0,0.0014,1.0,0.94
w10s-dlt-off-s62,w10s-dlt-off,62,5102592,0.2,0.621,-1.0,-0.4551,0.0,0.0,0.0,0.0012,1.0,0.94
w10s-dlt-off-s62,w10s-dlt-off,62,5133312,0.18,0.658,-1.0,-0.5021,0.0,0.0,0.0,0.0012,1.0,0.94
w10s-dlt-off-s62,w10s-dlt-off,62,5164032,0.21,0.661,-1.0,-0.6484,0.0,0.0,0.0,0.0012,1.0,0.94
w10s-dlt-off-s62,w10s-dlt-off,62,5194752,0.19,0.679,-1.0,-0.4937,0.0,0.0,0.0,0.0014,1.0,0.94
w10s-dlt-off-s62,w10s-dlt-off,62,5225472,0.2,0.661,-1.0,-0.5712,0.0,0.0,0.0,0.0013,1.0,0.94
w10s-dlt-off-s62,w10s-dlt-off,62,5256192,0.17,0.625,-1.0,-0.6534,0.0,0.0,0.0,0.0015,1.0,0.94
w10s-dlt-off-s62,w10s-dlt-off,62,5286912,0.24,0.69,-1.0,-0.5334,0.0,0.0,0.0,0.0013,1.0,0.94
w10s-dlt-off-s62,w10s-dlt-off,62,5317632,0.18,0.645,-1.0,-0.4979,0.0,0.0,0.0,0.0013,1.0,0.94
w10s-dlt-off-s62,w10s-dlt-off,62,5348352,0.18,0.685,-1.0,-0.5315,0.0,0.0,0.0,0.0014,1.0,0.94
w10s-dlt-off-s62,w10s-dlt-off,62,5379072,0.2,0.634,-1.0,-0.3886,0.0,0.0,0.0,0.0014,1.0,0.94
w10s-dlt-off-s62,w10s-dlt-off,62,5409792,0.24,0.708,-1.0,-0.6087,0.0,0.0,0.0,0.0012,1.0,0.94
w10s-dlt-off-s62,w10s-dlt-off,62,5440512,0.24,0.706,-1.0,-0.5407,0.0,0.0,0.0,0.0012,1.0,0.94
w10s-dlt-off-s62,w10s-dlt-off,62,5471232,0.22,0.637,-1.0,-0.6275,0.0,0.0,0.0,0.0015,1.0,0.94
w10s-dlt-off-s62,w10s-dlt-off,62,5501952,0.22,0.663,-1.0,-0.7161,0.0,0.0,0.0,0.0014,1.0,0.94
w10s-dlt-off-s62,w10s-dlt-off,62,5532672,0.15,0.594,-1.0,-0.5119,0.0,0.0,0.0,0.0011,1.0,0.94
w10s-dlt-off-s62,w10s-dlt-off,62,5563392,0.18,0.64,-1.0,-0.5142,0.0,0.0,0.0,0.0014,1.0,0.94
w10s-dlt-off-s62,w10s-dlt-off,62,5594112,0.2,0.66,-1.0,-0.5202,0.0,0.0,0.0,0.0012,1.0,0.94
w10s-dlt-off-s62,w10s-dlt-off,62,5624832,0.22,0.641,-1.0,-0.6365,0.0,0.0,0.0,0.0013,1.0,0.94
w10s-dlt-off-s62,w10s-dlt-off,62,5655552,0.17,0.61,-1.0,-0.3459,0.0,0.0,0.0,0.0013,1.0,0.94
w10s-dlt-off-s62,w10s-dlt-off,62,5686272,0.3,0.761,-1.0,-0.5798,0.0,0.0,0.0,0.0012,1.0,0.94
w10s-dlt-off-s62,w10s-dlt-off,62,5716992,0.2,0.645,-1.0,-0.4724,0.0,0.0,0.0,0.0013,1.0,0.94
w10s-dlt-off-s62,w10s-dlt-off,62,5747712,0.18,0.634,-1.0,-0.4883,0.0,0.0,0.0,0.0012,1.0,0.94
w10s-dlt-off-s62,w10s-dlt-off,62,5778432,0.24,0.658,-1.0,-0.4826,0.0,0.0,0.0,0.0013,1.0,0.94
w10s-dlt-off-s62,w10s-dlt-off,62,5809152,0.18,0.636,-1.0,-0.5674,0.0,0.0,0.0,0.0013,1.0,0.94
w10s-dlt-off-s62,w10s-dlt-off,62,5839872,0.17,0.629,-1.0,-0.5045,0.0,0.0,0.0,0.0013,1.0,0.94
w10s-dlt-off-s62,w10s-dlt-off,62,5870592,0.27,0.714,-1.0,-0.267,0.0,0.0,0.0,0.0013,1.0,0.94
w10s-dlt-off-s62,w10s-dlt-off,62,5901312,0.23,0.646,-1.0,-0.4653,0.0,0.0,0.0,0.0013,1.0,0.94
w10s-dlt-off-s62,w10s-dlt-off,62,5932032,0.24,0.662,-1.0,-0.4147,0.0,0.0,0.0,0.0012,1.0,0.94
w10s-dlt-off-s62,w10s-dlt-off,62,5962752,0.21,0.643,-1.0,-0.4615,0.0,0.0,0.0,0.0013,1.0,0.94
w10s-dlt-off-s62,w10s-dlt-off,62,5993472,0.33,0.783,-1.0,-0.4356,0.0,0.0,0.0,0.0013,1.0,0.94
w10s-dlt-off-s62,w10s-dlt-off,62,6024192,0.19,0.672,-1.0,-0.4419,0.0,0.0,0.0,0.0012,1.0,0.94
w10s-dlt-off-s62,w10s-dlt-off,62,6054912,0.19,0.642,-1.0,-0.5847,0.0,0.0,0.0,0.0012,1.0,0.94
w10s-dlt-off-s62,w10s-dlt-off,62,6085632,0.22,0.685,-1.0,-0.3732,0.0,0.0,0.0,0.0013,1.0,0.94
w10s-dlt-off-s62,w10s-dlt-off,62,6116352,0.28,0.73,-1.0,-0.4593,0.0,0.0,0.0,0.0013,1.0,0.94
w10s-dlt-off-s62,w10s-dlt-off,62,6147072,0.21,0.671,-1.0,-0.3141,0.0,0.0,0.0,0.0012,1.0,0.94
w10s-dlt-off-s62,w10s-dlt-off,62,6177792,0.34,0.782,-1.0,-0.4751,0.0,0.0,0.0,0.0012,1.0,0.94
w10s-dlt-off-s62,w10s-dlt-off,62,6208512,0.26,0.711,-1.0,-0.2672,0.0,0.0,0.0,0.0012,1.0,0.94
w10s-dlt-off-s62,w10s-dlt-off,62,6239232,0.27,0.703,-1.0,-0.4911,0.0,0.0,0.0,0.0012,1.0,0.94
w10s-dlt-off-s62,w10s-dlt-off,62,6269952,0.24,0.663,-1.0,-0.3594,0.0,0.0,0.0,0.0012,1.0,0.94
w10s-dlt-off-s62,w10s-dlt-off,62,6300672,0.29,0.737,-1.0,-0.4633,0.0,0.0,0.0,0.0012,1.0,0.94
w10s-dlt-off-s62,w10s-dlt-off,62,6331392,0.27,0.718,-1.0,-0.2409,0.0,0.0,0.0,0.0012,1.0,0.94
w10s-dlt-off-s62,w10s-dlt-off,62,6362112,0.25,0.702,-1.0,-0.2705,0.0,0.0,0.0,0.0012,1.0,0.94
w10s-dlt-off-s62,w10s-dlt-off,62,6392832,0.25,0.705,-1.0,-0.3413,0.0,0.0,0.0,0.0013,1.0,0.94
w10s-dlt-off-s62,w10s-dlt-off,62,6423552,0.29,0.736,-1.0,-0.3032,0.0,0.0,0.0,0.0012,1.0,0.94
w10s-dlt-off-s62,w10s-dlt-off,62,6454272,0.25,0.71,-1.0,-0.3712,0.0,0.0,0.0,0.0012,1.0,0.939
w10s-dlt-off-s62,w10s-dlt-off,62,6484992,0.2,0.662,-1.0,-0.3023,0.0,0.0,0.0,0.0011,1.0,0.939
w10s-dlt-off-s62,w10s-dlt-off,62,6515712,0.22,0.679,-1.0,-0.1931,0.0,0.0,0.0,0.0012,1.0,0.939
w10s-dlt-off-s62,w10s-dlt-off,62,6546432,0.33,0.751,-1.0,-0.37,0.0,0.0,0.0,0.0012,1.0,0.939
w10s-dlt-off-s62,w10s-dlt-off,62,6577152,0.3,0.735,-1.0,-0.2402,0.0,0.0,0.0,0.0012,1.0,0.939
w10s-dlt-off-s62,w10s-dlt-off,62,6607872,0.27,0.73,-1.0,-0.3737,0.0,0.0,0.0,0.0012,1.0,0.939
w10s-dlt-off-s62,w10s-dlt-off,62,6638592,0.27,0.745,-1.0,-0.3988,0.0,0.0,0.0,0.0012,1.0,0.939
w10s-dlt-off-s62,w10s-dlt-off,62,6669312,0.33,0.762,-1.0,-0.1929,0.0,0.0,0.0,0.0012,1.0,0.939
w10s-dlt-off-s62,w10s-dlt-off,62,6700032,0.33,0.744,-1.0,-0.2741,0.0,0.0,0.0,0.0012,1.0,0.939
w10s-dlt-off-s62,w10s-dlt-off,62,6730752,0.25,0.682,-1.0,-0.372,0.0,0.0,0.0,0.001,1.0,0.939
w10s-dlt-off-s62,w10s-dlt-off,62,6761472,0.29,0.751,-1.0,-0.3561,0.0,0.0,0.0,0.0012,1.0,0.939
w10s-dlt-off-s62,w10s-dlt-off,62,6792192,0.34,0.791,-1.0,-0.4263,0.0,0.0,0.0,0.0012,1.0,0.939
w10s-dlt-off-s62,w10s-dlt-off,62,6822912,0.26,0.699,-1.0,-0.3567,0.0,0.0,0.0,0.0012,1.0,0.939
w10s-dlt-off-s62,w10s-dlt-off,62,6853632,0.29,0.738,-1.0,-0.2864,0.0,0.0,0.0,0.0013,1.0,0.939
w10s-dlt-off-s62,w10s-dlt-off,62,6884352,0.33,0.741,-1.0,-0.2628,0.0,0.0,0.0,0.0011,1.0,0.939
w10s-dlt-off-s62,w10s-dlt-off,62,6915072,0.37,0.788,-1.0,-0.3147,0.0,0.0,0.0,0.0012,1.0,0.939
w10s-dlt-off-s62,w10s-dlt-off,62,6945792,0.3,0.724,-1.0,-0.2104,0.0,0.0,0.0,0.0011,1.0,0.939
w10s-dlt-off-s62,w10s-dlt-off,62,6976512,0.25,0.692,-1.0,-0.2649,0.0,0.0,0.0,0.0012,1.0,0.939
w10s-dlt-off-s62,w10s-dlt-off,62,7007232,0.22,0.689,-1.0,-0.2081,0.0,0.0,0.0,0.0011,1.0,0.939
w10s-dlt-off-s62,w10s-dlt-off,62,7037952,0.29,0.733,-1.0,-0.2716,0.0,0.0,0.0,0.0012,1.0,0.939
w10s-dlt-off-s62,w10s-dlt-off,62,7068672,0.31,0.746,-1.0,-0.1802,0.0,0.0,0.0,0.0011,1.0,0.939
w10s-dlt-off-s62,w10s-dlt-off,62,7099392,0.39,0.832,-1.0,-0.2405,0.0,0.0,0.0,0.0011,1.0,0.939
w10s-dlt-off-s62,w10s-dlt-off,62,7130112,0.23,0.677,-1.0,-0.3492,0.0,0.0,0.0,0.0012,1.0,0.939
w10s-dlt-off-s62,w10s-dlt-off,62,7160832,0.28,0.718,-1.0,-0.0612,0.0,0.0,0.0,0.0011,1.0,0.939
w10s-dlt-off-s62,w10s-dlt-off,62,7191552,0.4,0.814,-1.0,-0.1432,0.0,0.0,0.0,0.0011,1.0,0.939
w10s-dlt-off-s62,w10s-dlt-off,62,7222272,0.3,0.734,-1.0,-0.2473,0.0,0.0,0.0,0.0012,1.0,0.939
w10s-dlt-off-s62,w10s-dlt-off,62,7252992,0.4,0.838,-1.0,-0.0097,0.0,0.0,0.0,0.0011,1.0,0.939
w10s-dlt-off-s62,w10s-dlt-off,62,7283712,0.27,0.723,-1.0,-0.1281,0.0,0.0,0.0,0.0011,1.0,0.939
w10s-dlt-off-s62,w10s-dlt-off,62,7314432,0.25,0.688,-1.0,-0.1835,0.0,0.0,0.0,0.001,1.0,0.939
w10s-dlt-off-s62,w10s-dlt-off,62,7345152,0.33,0.784,-1.0,-0.1377,0.0,0.0,0.0,0.0011,1.0,0.939
w10s-dlt-off-s62,w10s-dlt-off,62,7375872,0.31,0.75,-1.0,-0.2487,0.0,0.0,0.0,0.0011,1.0,0.939
w10s-dlt-off-s62,w10s-dlt-off,62,7406592,0.38,0.829,-1.0,-0.1627,0.0,0.0,0.0,0.001,1.0,0.939
w10s-dlt-off-s62,w10s-dlt-off,62,7437312,0.38,0.796,-1.0,-0.0393,0.0,0.0,0.0,0.001,1.0,0.938
w10s-dlt-off-s62,w10s-dlt-off,62,7468032,0.39,0.817,-1.0,-0.1136,0.0,0.0,0.0,0.0011,1.0,0.938
w10s-dlt-off-s62,w10s-dlt-off,62,7498752,0.31,0.74,-1.0,-0.2329,0.0,0.0,0.0,0.0011,1.0,0.938
w10s-dlt-off-s62,w10s-dlt-off,62,7529472,0.47,0.849,-1.0,-0.2406,0.0,0.0,0.0,0.0011,1.0,0.938
w10s-dlt-off-s62,w10s-dlt-off,62,7560192,0.35,0.779,-1.0,-0.0918,0.0,0.0,0.0,0.0011,1.0,0.938
w10s-dlt-off-s62,w10s-dlt-off,62,7590912,0.32,0.757,-1.0,-0.3171,0.0,0.0,0.0,0.0011,1.0,0.938
w10s-dlt-off-s62,w10s-dlt-off,62,7621632,0.32,0.741,-1.0,-0.2862,0.0,0.0,0.0,0.001,1.0,0.938
w10s-dlt-off-s62,w10s-dlt-off,62,7652352,0.37,0.785,-1.0,-0.2364,0.0,0.0,0.0,0.0012,1.0,0.938
w10s-dlt-off-s62,w10s-dlt-off,62,7683072,0.27,0.736,-1.0,-0.1795,0.0,0.0,0.0,0.0012,1.0,0.938
w10s-dlt-off-s62,w10s-dlt-off,62,7713792,0.25,0.687,-1.0,-0.2877,0.0,0.0,0.0,0.001,1.0,0.938
w10s-dlt-off-s62,w10s-dlt-off,62,7744512,0.37,0.789,-1.0,-0.2159,0.0,0.0,0.0,0.0012,1.0,0.938
w10s-dlt-off-s62,w10s-dlt-off,62,7775232,0.38,0.805,-1.0,-0.107,0.0,0.0,0.0,0.001,1.0,0.938
w10s-dlt-off-s62,w10s-dlt-off,62,7805952,0.46,0.854,-1.0,-0.0592,0.0,0.0,0.0,0.0011,1.0,0.938
w10s-dlt-off-s62,w10s-dlt-off,62,7836672,0.34,0.78,-1.0,-0.3705,0.0,0.0,0.0,0.0012,1.0,0.938
w10s-dlt-off-s62,w10s-dlt-off,62,7867392,0.39,0.83,-1.0,-0.2343,0.0,0.0,0.0,0.0011,1.0,0.938
w10s-dlt-off-s62,w10s-dlt-off,62,7898112,0.43,0.836,-1.0,-0.1452,0.0,0.0,0.0,0.0011,1.0,0.938
w10s-dlt-off-s62,w10s-dlt-off,62,7928832,0.33,0.744,-1.0,-0.117,0.0,0.0,0.0,0.0011,1.0,0.938
w10s-dlt-off-s62,w10s-dlt-off,62,7959552,0.35,0.781,-1.0,-0.1521,0.0,0.0,0.0,0.001,1.0,0.938
w10s-dlt-off-s62,w10s-dlt-off,62,7990272,0.4,0.789,-1.0,0.1245,0.0,0.0,0.0,0.0011,1.0,0.938
w10s-dlt-off-s62,w10s-dlt-off,62,8020992,0.42,0.835,-1.0,-0.149,0.0,0.0,0.0,0.0011,1.0,0.938
w10s-dlt-off-s62,w10s-dlt-off,62,8051712,0.33,0.768,-1.0,-0.1791,0.0,0.0,0.0,0.001,1.0,0.937
w10s-dlt-off-s62,w10s-dlt-off,62,8082432,0.45,0.856,-1.0,0.1122,0.0,0.0,0.0,0.001,1.0,0.937
w10s-dlt-off-s62,w10s-dlt-off,62,8113152,0.34,0.763,-1.0,-0.1316,0.0,0.0,0.0,0.0011,1.0,0.937
w10s-dlt-off-s62,w10s-dlt-off,62,8143872,0.36,0.824,-1.0,0.0041,0.0,0.0,0.0,0.0011,1.0,0.937
w10s-dlt-off-s62,w10s-dlt-off,62,8174592,0.39,0.822,-1.0,-0.3366,0.0,0.0,0.0,0.001,1.0,0.937
w10s-dlt-off-s62,w10s-dlt-off,62,8205312,0.38,0.826,-1.0,-0.1678,0.0,0.0,0.0,0.001,1.0,0.937
w10s-dlt-off-s62,w10s-dlt-off,62,8236032,0.42,0.865,-1.0,-0.1007,0.0,0.0,0.0,0.001,1.0,0.937
w10s-dlt-off-s62,w10s-dlt-off,62,8266752,0.34,0.804,-1.0,-0.147,0.0,0.0,0.0,0.001,1.0,0.937
w10s-dlt-off-s62,w10s-dlt-off,62,8297472,0.39,0.822,-1.0,0.035,0.0,0.0,0.0,0.001,1.0,0.937
w10s-dlt-off-s62,w10s-dlt-off,62,8328192,0.48,0.909,-1.0,-0.1812,0.0,0.0,0.0,0.001,1.0,0.937
w10s-dlt-off-s62,w10s-dlt-off,62,8358912,0.47,0.864,-1.0,-0.087,0.0,0.0,0.0,0.001,1.0,0.937
w10s-dlt-off-s62,w10s-dlt-off,62,8389632,0.39,0.809,-1.0,-0.1115,0.0,0.0,0.0,0.001,1.0,0.937
w10s-dlt-off-s62,w10s-dlt-off,62,8420352,0.42,0.88,-1.0,0.0505,0.0,0.0,0.0,0.0011,1.0,0.937
w10s-dlt-off-s62,w10s-dlt-off,62,8451072,0.44,0.871,-1.0,-0.0493,0.0,0.0,0.0,0.0011,1.0,0.937
w10s-dlt-off-s62,w10s-dlt-off,62,8481792,0.34,0.764,-1.0,0.0229,0.0,0.0,0.0,0.0011,1.0,0.937
w10s-dlt-off-s62,w10s-dlt-off,62,8512512,0.31,0.76,-1.0,-0.0654,0.0,0.0,0.0,0.0011,1.0,0.937
w10s-dlt-off-s62,w10s-dlt-off,62,8543232,0.41,0.843,-1.0,-0.0707,0.0,0.0,0.0,0.001,1.0,0.937
w10s-dlt-off-s62,w10s-dlt-off,62,8573952,0.42,0.822,-1.0,0.0129,0.0,0.0,0.0,0.001,1.0,0.937
w10s-dlt-off-s62,w10s-dlt-off,62,8604672,0.37,0.811,-1.0,-0.1682,0.0,0.0,0.0,0.001,1.0,0.937
w10s-dlt-off-s62,w10s-dlt-off,62,8635392,0.41,0.823,-1.0,0.0127,0.0,0.0,0.0,0.001,1.0,0.936
w10s-dlt-off-s62,w10s-dlt-off,62,8666112,0.39,0.846,-1.0,0.0425,0.0,0.0,0.0,0.001,1.0,0.936
w10s-dlt-off-s62,w10s-dlt-off,62,8696832,0.36,0.789,-1.0,-0.1061,0.0,0.0,0.0,0.0009,1.0,0.936
w10s-dlt-off-s62,w10s-dlt-off,62,8727552,0.46,0.891,-1.0,-0.17,0.0,0.0,0.0,0.001,1.0,0.936
w10s-dlt-off-s62,w10s-dlt-off,62,8758272,0.36,0.78,-1.0,-0.1244,0.0,0.0,0.0,0.0011,1.0,0.936
w10s-dlt-off-s62,w10s-dlt-off,62,8788992,0.4,0.819,-1.0,-0.1013,0.0,0.0,0.0,0.001,1.0,0.936
w10s-dlt-off-s62,w10s-dlt-off,62,8819712,0.38,0.79,-1.0,-0.0535,0.0,0.0,0.0,0.0011,1.0,0.936
w10s-dlt-off-s62,w10s-dlt-off,62,8850432,0.47,0.895,-1.0,-0.0424,0.0,0.0,0.0,0.001,1.0,0.936
w10s-dlt-off-s62,w10s-dlt-off,62,8881152,0.44,0.863,-1.0,-0.0891,0.0,0.0,0.0,0.001,1.0,0.936
w10s-dlt-off-s62,w10s-dlt-off,62,8911872,0.42,0.863,-1.0,0.0084,0.0,0.0,0.0,0.001,1.0,0.936
w10s-dlt-off-s62,w10s-dlt-off,62,8942592,0.42,0.828,-1.0,-0.018,0.0,0.0,0.0,0.001,1.0,0.936
w10s-dlt-off-s62,w10s-dlt-off,62,8973312,0.45,0.889,-1.0,0.0655,0.0,0.0,0.0,0.001,1.0,0.936
w10s-dlt-off-s62,w10s-dlt-off,62,9004032,0.39,0.865,-1.0,0.0466,0.0,0.0,0.0,0.001,1.0,0.936
w10s-dlt-off-s62,w10s-dlt-off,62,9034752,0.42,0.867,-1.0,-0.0612,0.0,0.0,0.0,0.001,1.0,0.935
w10s-dlt-off-s62,w10s-dlt-off,62,9065472,0.38,0.807,-1.0,0.0623,0.0,0.0,0.0,0.001,1.0,0.935
w10s-dlt-off-s62,w10s-dlt-off,62,9096192,0.51,0.917,-1.0,0.0832,0.0,0.0,0.0,0.0011,1.0,0.935
w10s-dlt-off-s62,w10s-dlt-off,62,9126912,0.42,0.872,-1.0,-0.1576,0.0,0.0,0.0,0.001,1.0,0.935
w10s-dlt-off-s62,w10s-dlt-off,62,9157632,0.45,0.883,-1.0,-0.0791,0.0,0.0,0.0,0.0011,1.0,0.935
w10s-dlt-off-s62,w10s-dlt-off,62,9188352,0.4,0.867,-1.0,0.0554,0.0,0.0,0.0,0.0011,1.0,0.935
w10s-dlt-off-s62,w10s-dlt-off,62,9219072,0.4,0.813,-1.0,0.1957,0.0,0.0,0.0,0.0009,1.0,0.935
w10s-dlt-off-s62,w10s-dlt-off,62,9249792,0.35,0.77,-1.0,-0.1231,0.0,0.0,0.0,0.001,1.0,0.935
w10s-dlt-off-s62,w10s-dlt-off,62,9280512,0.47,0.864,-1.0,-0.0275,0.0,0.0,0.0,0.0009,1.0,0.935
w10s-dlt-off-s62,w10s-dlt-off,62,9311232,0.5,0.935,-1.0,-0.0603,0.0,0.0,0.0,0.0009,1.0,0.935
w10s-dlt-off-s62,w10s-dlt-off,62,9341952,0.44,0.881,-1.0,-0.2085,0.0,0.0,0.0,0.001,1.0,0.935
w10s-dlt-off-s62,w10s-dlt-off,62,9372672,0.43,0.868,-1.0,0.172,0.0,0.0,0.0,0.001,1.0,0.934
w10s-dlt-off-s62,w10s-dlt-off,62,9403392,0.53,0.929,-1.0,0.2692,0.0,0.0,0.0,0.001,1.0,0.934
w10s-dlt-off-s62,w10s-dlt-off,62,9434112,0.47,0.93,-1.0,0.1275,0.0,0.0,0.0,0.001,1.0,0.934
w10s-dlt-off-s62,w10s-dlt-off,62,9464832,0.48,0.906,-1.0,0.2707,0.0,0.0,0.0,0.001,1.0,0.934
w10s-dlt-off-s62,w10s-dlt-off,62,9495552,0.44,0.867,-1.0,0.156,0.0,0.0,0.0,0.001,1.0,0.934
w10s-dlt-off-s62,w10s-dlt-off,62,9526272,0.45,0.881,-1.0,0.11,0.0,0.0,0.0,0.001,1.0,0.934
w10s-dlt-off-s62,w10s-dlt-off,62,9556992,0.54,0.941,-1.0,0.0483,0.0,0.0,0.0,0.001,1.0,0.934
w10s-dlt-off-s62,w10s-dlt-off,62,9587712,0.43,0.869,-1.0,-0.0557,0.0,0.0,0.0,0.001,1.0,0.934
w10s-dlt-off-s62,w10s-dlt-off,62,9618432,0.44,0.858,-1.0,0.16,0.0,0.0,0.0,0.001,1.0,0.934
w10s-dlt-off-s62,w10s-dlt-off,62,9649152,0.43,0.868,-1.0,0.1025,0.0,0.0,0.0,0.001,1.0,0.933
w10s-dlt-off-s62,w10s-dlt-off,62,9679872,0.42,0.836,-1.0,0.1104,0.0,0.0,0.0,0.001,1.0,0.933
w10s-dlt-off-s62,w10s-dlt-off,62,9710592,0.41,0.846,-1.0,0.1525,0.0,0.0,0.0,0.001,1.0,0.933
w10s-dlt-off-s62,w10s-dlt-off,62,9741312,0.46,0.914,-1.0,0.1309,0.0,0.0,0.0,0.001,1.0,0.933
w10s-dlt-off-s62,w10s-dlt-off,62,9772032,0.52,0.945,-1.0,0.1752,0.0,0.0,0.0,0.001,1.0,0.933
w10s-dlt-off-s62,w10s-dlt-off,62,9802752,0.52,0.99,-1.0,0.1251,0.0,0.0,0.0,0.001,1.0,0.933
w10s-dlt-off-s62,w10s-dlt-off,62,9833472,0.53,0.979,-1.0,0.1625,0.0,0.0,0.0,0.0011,1.0,0.933
w10s-dlt-off-s62,w10s-dlt-off,62,9864192,0.52,0.979,-1.0,0.1098,0.0,0.0,0.0,0.001,1.0,0.933
w10s-dlt-off-s62,w10s-dlt-off,62,9894912,0.54,0.969,-1.0,0.2742,0.0,0.0,0.0,0.001,1.0,0.933
w10s-dlt-off-s62,w10s-dlt-off,62,9925632,0.49,0.934,-1.0,0.0269,0.0,0.0,0.0,0.001,1.0,0.932
w10s-dlt-off-s62,w10s-dlt-off,62,9956352,0.44,0.943,-1.0,0.2856,0.0,0.0,0.0,0.001,1.0,0.932
w10s-dlt-off-s62,w10s-dlt-off,62,9987072,0.52,0.966,-1.0,0.0304,0.0,0.0,0.0,0.001,1.0,0.932
w10s-dlt-off-s62,w10s-dlt-off,62,10017792,0.5,0.977,-1.0,0.3271,0.0,0.0,0.0,0.0011,1.0,0.932
w10s-dlt-off-s62,w10s-dlt-off,62,10048512,0.51,1.024,-1.0,0.2404,0.0,0.0,0.0,0.001,1.0,0.932
w10s-dlt-off-s62,w10s-dlt-off,62,10079232,0.56,1.039,-1.0,0.3427,0.0,0.0,0.0,0.001,1.0,0.932
w10s-dlt-off-s62,w10s-dlt-off,62,10109952,0.63,1.069,-1.0,0.2944,0.0,0.0,0.0,0.0011,1.0,0.932
w10s-dlt-off-s62,w10s-dlt-off,62,10140672,0.54,1.032,-1.0,0.2133,0.0,0.0,0.0,0.001,1.0,0.932
w10s-dlt-off-s62,w10s-dlt-off,62,10171392,0.58,1.018,-1.0,0.2666,0.0,0.0,0.0,0.0011,1.0,0.931
w10s-dlt-off-s62,w10s-dlt-off,62,10202112,0.52,1.021,-1.0,0.2548,0.0,0.0,0.0,0.001,1.0,0.931
w10s-dlt-off-s62,w10s-dlt-off,62,10232832,0.47,0.979,-1.0,0.3409,0.0,0.0,0.0,0.0011,1.0,0.931
w10s-dlt-off-s62,w10s-dlt-off,62,10263552,0.51,0.975,-1.0,0.2478,0.0,0.0,0.0,0.001,1.0,0.931
w10s-dlt-off-s62,w10s-dlt-off,62,10294272,0.56,1.019,-1.0,0.1446,0.0,0.0,0.0,0.001,1.0,0.931
w10s-dlt-off-s62,w10s-dlt-off,62,10324992,0.51,0.984,-1.0,0.3353,0.0,0.0,0.0,0.0011,1.0,0.931
w10s-dlt-off-s62,w10s-dlt-off,62,10355712,0.55,1.021,-1.0,0.3095,0.0,0.0,0.0,0.001,1.0,0.931
w10s-dlt-off-s62,w10s-dlt-off,62,10386432,0.51,0.98,-1.0,0.2674,0.0,0.0,0.0,0.0011,1.0,0.93
w10s-dlt-off-s62,w10s-dlt-off,62,10417152,0.53,1.034,-1.0,0.3072,0.0,0.0,0.0,0.001,1.0,0.93
w10s-dlt-off-s62,w10s-dlt-off,62,10447872,0.56,1.036,-1.0,0.2061,0.0,0.0,0.0,0.001,1.0,0.93
w10s-dlt-off-s62,w10s-dlt-off,62,10478592,0.58,1.068,-1.0,0.102,0.0,0.0,0.0,0.0011,1.0,0.93
w10s-dlt-off-s62,w10s-dlt-off,62,10509312,0.65,1.109,-1.0,0.3403,0.0,0.0,0.0,0.001,1.0,0.93
w10s-dlt-off-s62,w10s-dlt-off,62,10540032,0.51,0.994,-1.0,0.2249,0.0,0.0,0.0,0.0012,1.0,0.93
w10s-dlt-off-s62,w10s-dlt-off,62,10570752,0.55,1.042,-1.0,0.2374,0.0,0.0,0.0,0.0011,1.0,0.93
w10s-dlt-off-s62,w10s-dlt-off,62,10601472,0.53,1.004,-1.0,0.3077,0.0,0.0,0.0,0.001,1.0,0.93
w10s-dlt-off-s62,w10s-dlt-off,62,10632192,0.52,1.0,-1.0,0.2005,0.0,0.0,0.0,0.001,1.0,0.929
w10s-dlt-off-s62,w10s-dlt-off,62,10662912,0.57,1.052,-1.0,0.5974,0.0,0.0,0.0,0.001,1.0,0.929
w10s-dlt-off-s62,w10s-dlt-off,62,10693632,0.6,1.076,-1.0,0.3269,0.0,0.0,0.0,0.0009,1.0,0.929
w10s-dlt-off-s62,w10s-dlt-off,62,10724352,0.55,1.018,-1.0,0.3081,0.0,0.0,0.0,0.001,1.0,0.929
w10s-dlt-off-s62,w10s-dlt-off,62,10755072,0.59,1.072,-1.0,0.2765,0.0,0.0,0.0,0.001,1.0,0.929
w10s-dlt-off-s62,w10s-dlt-off,62,10785792,0.56,1.025,-1.0,0.4317,0.0,0.0,0.0,0.001,1.0,0.929
w10s-dlt-off-s62,w10s-dlt-off,62,10816512,0.65,1.117,-1.0,0.338,0.0,0.0,0.0,0.001,1.0,0.929
w10s-dlt-off-s62,w10s-dlt-off,62,10847232,0.57,1.075,-1.0,0.4298,0.0,0.0,0.0,0.001,1.0,0.928
w10s-dlt-off-s62,w10s-dlt-off,62,10877952,0.61,1.092,-1.0,0.3512,0.0,0.0,0.0,0.0011,1.0,0.928
w10s-dlt-off-s62,w10s-dlt-off,62,10908672,0.61,1.044,-1.0,0.4046,0.0,0.0,0.0,0.0009,1.0,0.928
w10s-dlt-off-s62,w10s-dlt-off,62,10939392,0.64,1.075,-1.0,0.4243,0.0,0.0,0.0,0.001,1.0,0.928
w10s-dlt-off-s62,w10s-dlt-off,62,10970112,0.54,1.038,-1.0,0.2515,0.0,0.0,0.0,0.001,1.0,0.928
w10s-dlt-off-s62,w10s-dlt-off,62,11000832,0.57,1.036,-1.0,0.3714,0.0,0.0,0.0,0.001,1.0,0.928
w10s-dlt-off-s62,w10s-dlt-off,62,11031552,0.61,1.092,-1.0,0.293,0.0,0.0,0.0,0.001,1.0,0.928
w10s-dlt-off-s62,w10s-dlt-off,62,11062272,0.59,1.056,-1.0,0.3481,0.0,0.0,0.0,0.001,1.0,0.927
w10s-dlt-off-s62,w10s-dlt-off,62,11092992,0.6,1.073,-1.0,0.5577,0.0,0.0,0.0,0.001,1.0,0.927
w10s-dlt-off-s62,w10s-dlt-off,62,11123712,0.66,1.098,-1.0,0.3885,0.0,0.0,0.0,0.001,1.0,0.927
w10s-dlt-off-s62,w10s-dlt-off,62,11154432,0.69,1.169,-1.0,0.5012,0.0,0.0,0.0,0.001,1.0,0.927
w10s-dlt-off-s62,w10s-dlt-off,62,11185152,0.54,1.031,-1.0,0.3329,0.0,0.0,0.0,0.001,1.0,0.927
w10s-dlt-off-s62,w10s-dlt-off,62,11215872,0.65,1.104,-1.0,0.2519,0.0,0.0,0.0,0.001,1.0,0.927
w10s-dlt-off-s62,w10s-dlt-off,62,11246592,0.64,1.09,-1.0,0.3946,0.0,0.0,0.0,0.001,1.0,0.927
w10s-dlt-off-s62,w10s-dlt-off,62,11277312,0.65,1.09,-1.0,0.6387,0.0,0.0,0.0,0.001,1.0,0.927
w10s-dlt-off-s62,w10s-dlt-off,62,11308032,0.68,1.151,-1.0,0.4542,0.0,0.0,0.0,0.0011,1.0,0.926
w10s-dlt-off-s62,w10s-dlt-off,62,11338752,0.66,1.099,-1.0,0.5318,0.0,0.0,0.0,0.0011,1.0,0.926
w10s-dlt-off-s62,w10s-dlt-off,62,11369472,0.63,1.101,-1.0,0.5982,0.0,0.0,0.0,0.0009,1.0,0.926
w10s-dlt-off-s62,w10s-dlt-off,62,11400192,0.68,1.134,-1.0,0.5297,0.0,0.0,0.0,0.001,1.0,0.926
w10s-dlt-off-s62,w10s-dlt-off,62,11430912,0.59,1.086,-1.0,0.5862,0.0,0.0,0.0,0.0009,1.0,0.926
w10s-dlt-off-s62,w10s-dlt-off,62,11461632,0.62,1.06,-1.0,0.393,0.0,0.0,0.0,0.001,1.0,0.926
w10s-dlt-off-s62,w10s-dlt-off,62,11492352,0.62,1.062,-1.0,0.3597,0.0,0.0,0.0,0.001,1.0,0.926
w10s-dlt-off-s62,w10s-dlt-off,62,11523072,0.65,1.111,-1.0,0.395,0.0,0.0,0.0,0.001,1.0,0.926
w10s-dlt-off-s62,w10s-dlt-off,62,11553792,0.67,1.117,-1.0,0.5028,0.0,0.0,0.0,0.001,1.0,0.925
w10s-dlt-off-s62,w10s-dlt-off,62,11584512,0.73,1.156,-1.0,0.5752,0.0,0.0,0.0,0.001,1.0,0.925
w10s-dlt-off-s62,w10s-dlt-off,62,11615232,0.57,1.037,-1.0,0.3215,0.0,0.0,0.0,0.0009,1.0,0.925
w10s-dlt-off-s62,w10s-dlt-off,62,11645952,0.65,1.103,-1.0,0.5947,0.0,0.0,0.0,0.001,1.0,0.925
w10s-dlt-off-s62,w10s-dlt-off,62,11676672,0.63,1.048,-1.0,0.6561,0.0,0.0,0.0,0.0009,1.0,0.925
w10s-dlt-off-s62,w10s-dlt-off,62,11707392,0.6,1.054,-1.0,0.5082,0.0,0.0,0.0,0.001,1.0,0.925
w10s-dlt-off-s62,w10s-dlt-off,62,11738112,0.64,1.083,-1.0,0.6862,0.0,0.0,0.0,0.0009,1.0,0.925
w10s-dlt-off-s62,w10s-dlt-off,62,11768832,0.67,1.108,-1.0,0.7494,0.0,0.0,0.0,0.0009,1.0,0.924
w10s-dlt-off-s62,w10s-dlt-off,62,11799552,0.58,1.073,-1.0,0.6068,0.0,0.0,0.0,0.0009,1.0,0.924
w10s-dlt-off-s62,w10s-dlt-off,62,11830272,0.68,1.141,-1.0,0.5416,0.0,0.0,0.0,0.0009,1.0,0.924
w10s-dlt-off-s62,w10s-dlt-off,62,11860992,0.65,1.082,-1.0,0.5559,0.0,0.0,0.0,0.0009,1.0,0.924
w10s-dlt-off-s62,w10s-dlt-off,62,11891712,0.7,1.112,-1.0,0.7666,0.0,0.0,0.0,0.0009,1.0,0.924
w10s-dlt-off-s62,w10s-dlt-off,62,11922432,0.62,1.062,-1.0,0.6459,0.0,0.0,0.0,0.0009,1.0,0.924
w10s-dlt-off-s62,w10s-dlt-off,62,11953152,0.68,1.126,-1.0,0.5309,0.0,0.0,0.0,0.001,1.0,0.924
w10s-dlt-off-s62,w10s-dlt-off,62,11983872,0.73,1.15,-1.0,0.422,0.0,0.0,0.0,0.001,1.0,0.924
w10s-dlt-off-s62,w10s-dlt-off,62,12014592,0.68,1.157,-1.0,0.701,0.0,0.0,0.0,0.0009,1.0,0.923
w10s-dlt-off-s62,w10s-dlt-off,62,12045312,0.67,1.133,-1.0,0.5847,0.0,0.0,0.0,0.0009,1.0,0.923
w10s-dlt-off-s62,w10s-dlt-off,62,12076032,0.65,1.114,-1.0,0.528,0.0,0.0,0.0,0.001,1.0,0.923
w10s-dlt-off-s62,w10s-dlt-off,62,12106752,0.64,1.107,-1.0,0.5801,0.0,0.0,0.0,0.0009,1.0,0.923
w10s-dlt-off-s62,w10s-dlt-off,62,12137472,0.68,1.13,-1.0,0.542,0.0,0.0,0.0,0.0009,1.0,0.923
w10s-dlt-off-s62,w10s-dlt-off,62,12168192,0.72,1.151,-1.0,0.5172,0.0,0.0,0.0,0.0008,1.0,0.923
w10s-dlt-off-s62,w10s-dlt-off,62,12198912,0.64,1.085,-1.0,0.8162,0.0,0.0,0.0,0.0009,1.0,0.923
w10s-dlt-off-s62,w10s-dlt-off,62,12229632,0.67,1.105,-1.0,0.6849,0.0,0.0,0.0,0.0009,1.0,0.922
w10s-dlt-off-s62,w10s-dlt-off,62,12260352,0.68,1.121,-1.0,0.62,0.0,0.0,0.0,0.0009,1.0,0.922
w10s-dlt-off-s62,w10s-dlt-off,62,12291072,0.71,1.144,-1.0,0.7089,0.0,0.0,0.0,0.0009,1.0,0.922
w10s-dlt-off-s62,w10s-dlt-off,62,12321792,0.67,1.11,-1.0,0.3541,0.0,0.0,0.0,0.0009,1.0,0.922
w10s-dlt-off-s62,w10s-dlt-off,62,12352512,0.69,1.133,-1.0,0.6995,0.0,0.0,0.0,0.0009,1.0,0.922
w10s-dlt-off-s62,w10s-dlt-off,62,12383232,0.65,1.091,-1.0,0.6917,0.0,0.0,0.0,0.0009,1.0,0.922
w10s-dlt-off-s62,w10s-dlt-off,62,12413952,0.69,1.133,-1.0,0.542,0.0,0.0,0.0,0.0008,1.0,0.922
w10s-dlt-off-s62,w10s-dlt-off,62,12444672,0.66,1.102,-1.0,0.7329,0.0,0.0,0.0,0.0008,1.0,0.921
w10s-dlt-off-s62,w10s-dlt-off,62,12475392,0.64,1.108,-1.0,0.4633,0.0,0.0,0.0,0.0009,1.0,0.921
w10s-dlt-off-s62,w10s-dlt-off,62,12506112,0.62,1.088,-1.0,0.6476,0.0,0.0,0.0,0.0009,1.0,0.921
w10s-dlt-off-s62,w10s-dlt-off,62,12536832,0.66,1.094,-1.0,0.6842,0.0,0.0,0.0,0.0009,1.0,0.921
w10s-dlt-off-s62,w10s-dlt-off,62,12567552,0.68,1.147,-1.0,0.6221,0.0,0.0,0.0,0.0009,1.0,0.921
w10s-dlt-off-s62,w10s-dlt-off,62,12598272,0.73,1.14,-1.0,0.4872,0.0,0.0,0.0,0.0009,1.0,0.921
w10s-dlt-off-s62,w10s-dlt-off,62,12628992,0.75,1.188,-1.0,0.8655,0.0,0.0,0.0,0.0009,1.0,0.921
w10s-dlt-off-s62,w10s-dlt-off,62,12659712,0.67,1.127,-1.0,0.5195,0.0,0.0,0.0,0.0009,1.0,0.92
w10s-dlt-off-s62,w10s-dlt-off,62,12690432,0.67,1.119,-1.0,0.5405,0.0,0.0,0.0,0.0009,1.0,0.92
w10s-dlt-off-s62,w10s-dlt-off,62,12721152,0.74,1.168,-1.0,0.5349,0.0,0.0,0.0,0.001,1.0,0.92
w10s-dlt-off-s62,w10s-dlt-off,62,12751872,0.65,1.104,-1.0,0.6797,0.0,0.0,0.0,0.0009,1.0,0.92
w10s-dlt-off-s62,w10s-dlt-off,62,12782592,0.71,1.143,-1.0,0.6192,0.0,0.0,0.0,0.0009,1.0,0.92
w10s-dlt-off-s62,w10s-dlt-off,62,12813312,0.72,1.178,-1.0,0.7959,0.0,0.0,0.0,0.0009,1.0,0.92
w10s-dlt-off-s62,w10s-dlt-off,62,12844032,0.7,1.139,-1.0,0.6162,0.0,0.0,0.0,0.0009,1.0,0.92
w10s-dlt-off-s62,w10s-dlt-off,62,12874752,0.73,1.157,-1.0,0.5359,0.0,0.0,0.0,0.0009,1.0,0.919
w10s-dlt-off-s62,w10s-dlt-off,62,12905472,0.7,1.134,-1.0,0.5054,0.0,0.0,0.0,0.0009,1.0,0.919
w10s-dlt-off-s62,w10s-dlt-off,62,12936192,0.7,1.159,-1.0,0.7088,0.0,0.0,0.0,0.0009,1.0,0.919
w10s-dlt-off-s62,w10s-dlt-off,62,12966912,0.64,1.1,-1.0,0.4352,0.0,0.0,0.0,0.0009,1.0,0.919
w10s-dlt-off-s62,w10s-dlt-off,62,12997632,0.74,1.167,-1.0,0.6333,0.0,0.0,0.0,0.001,1.0,0.919
w10s-dlt-off-s62,w10s-dlt-off,62,13028352,0.67,1.126,-1.0,0.7283,0.0,0.0,0.0,0.0009,1.0,0.919
w10s-dlt-off-s62,w10s-dlt-off,62,13059072,0.77,1.202,-1.0,0.5319,0.0,0.0,0.0,0.0008,1.0,0.919
w10s-dlt-off-s62,w10s-dlt-off,62,13089792,0.75,1.19,-1.0,0.6522,0.0,0.0,0.0,0.0009,1.0,0.918
w10s-dlt-off-s62,w10s-dlt-off,62,13120512,0.67,1.13,-1.0,0.6833,0.0,0.0,0.0,0.0009,1.0,0.918
w10s-dlt-off-s62,w10s-dlt-off,62,13151232,0.66,1.11,-1.0,0.5973,0.0,0.0,0.0,0.0009,1.0,0.918
w10s-dlt-off-s62,w10s-dlt-off,62,13181952,0.72,1.137,-1.0,0.6766,0.0,0.0,0.0,0.0009,1.0,0.918
w10s-dlt-off-s62,w10s-dlt-off,62,13212672,0.78,1.193,-1.0,0.6356,0.0,0.0,0.0,0.0009,1.0,0.918
w10s-dlt-off-s62,w10s-dlt-off,62,13243392,0.58,1.079,-1.0,0.7092,0.0,0.0,0.0,0.0009,1.0,0.918
w10s-dlt-off-s62,w10s-dlt-off,62,13274112,0.66,1.15,-1.0,0.8749,0.0,0.0,0.0,0.001,1.0,0.918
w10s-dlt-off-s62,w10s-dlt-off,62,13304832,0.77,1.206,-1.0,0.8438,0.0,0.0,0.0,0.0009,1.0,0.918
w10s-dlt-off-s62,w10s-dlt-off,62,13335552,0.77,1.217,-1.0,0.8891,0.0,0.0,0.0,0.0009,1.0,0.917
w10s-dlt-off-s62,w10s-dlt-off,62,13366272,0.68,1.156,-1.0,0.6731,0.0,0.0,0.0,0.0009,1.0,0.917
w10s-dlt-off-s62,w10s-dlt-off,62,13396992,0.7,1.156,-1.0,0.5177,0.0,0.0,0.0,0.0008,1.0,0.917
w10s-dlt-off-s62,w10s-dlt-off,62,13427712,0.64,1.12,-1.0,0.635,0.0,0.0,0.0,0.0009,1.0,0.917
w10s-dlt-off-s62,w10s-dlt-off,62,13458432,0.77,1.189,-1.0,0.6619,0.0,0.0,0.0,0.0009,1.0,0.917
w10s-dlt-off-s62,w10s-dlt-off,62,13489152,0.69,1.137,-1.0,0.6031,0.0,0.0,0.0,0.0008,1.0,0.917
w10s-dlt-off-s62,w10s-dlt-off,62,13519872,0.75,1.19,-1.0,0.7142,0.0,0.0,0.0,0.0008,1.0,0.917
w10s-dlt-off-s62,w10s-dlt-off,62,13550592,0.69,1.132,-1.0,0.6306,0.0,0.0,0.0,0.0009,1.0,0.917
w10s-dlt-off-s62,w10s-dlt-off,62,13581312,0.75,1.214,-1.0,0.7403,0.0,0.0,0.0,0.0009,1.0,0.916
w10s-dlt-off-s62,w10s-dlt-off,62,13612032,0.69,1.154,-1.0,0.8484,0.0,0.0,0.0,0.0009,1.0,0.916
w10s-dlt-off-s62,w10s-dlt-off,62,13642752,0.73,1.202,-1.0,0.7369,0.0,0.0,0.0,0.0009,1.0,0.916
w10s-dlt-off-s62,w10s-dlt-off,62,13673472,0.74,1.21,-1.0,0.7122,0.0,0.0,0.0,0.0008,1.0,0.916
w10s-dlt-off-s62,w10s-dlt-off,62,13704192,0.75,1.194,-1.0,0.6917,0.0,0.0,0.0,0.0009,1.0,0.916
w10s-dlt-off-s62,w10s-dlt-off,62,13734912,0.76,1.159,-1.0,0.9342,0.0,0.0,0.0,0.0009,1.0,0.916
w10s-dlt-off-s62,w10s-dlt-off,62,13765632,0.74,1.188,-1.0,0.6395,0.0,0.0,0.0,0.0009,1.0,0.916
w10s-dlt-off-s62,w10s-dlt-off,62,13796352,0.8,1.228,-1.0,0.8149,0.0,0.0,0.0,0.0009,1.0,0.915
w10s-dlt-off-s62,w10s-dlt-off,62,13827072,0.74,1.173,-1.0,0.8425,0.0,0.0,0.0,0.0009,1.0,0.915
w10s-dlt-off-s62,w10s-dlt-off,62,13857792,0.7,1.17,-1.0,0.8619,0.0,0.0,0.0,0.0008,1.0,0.915
w10s-dlt-off-s62,w10s-dlt-off,62,13888512,0.76,1.221,-1.0,0.7736,0.0,0.0,0.0,0.0008,1.0,0.915
w10s-dlt-off-s62,w10s-dlt-off,62,13919232,0.72,1.177,-1.0,0.8843,0.0,0.0,0.0,0.0009,1.0,0.915
w10s-dlt-off-s62,w10s-dlt-off,62,13949952,0.79,1.202,-1.0,0.7668,0.0,0.0,0.0,0.0009,1.0,0.915
w10s-dlt-off-s62,w10s-dlt-off,62,13980672,0.73,1.179,-1.0,0.8382,0.0,0.0,0.0,0.0008,1.0,0.915
w10s-dlt-off-s62,w10s-dlt-off,62,14011392,0.69,1.162,-1.0,0.6841,0.0,0.0,0.0,0.0009,1.0,0.915
w10s-dlt-off-s62,w10s-dlt-off,62,14042112,0.71,1.17,-1.0,0.7886,0.0,0.0,0.0,0.0009,1.0,0.914
w10s-dlt-off-s62,w10s-dlt-off,62,14072832,0.78,1.231,-1.0,0.69,0.0,0.0,0.0,0.0008,1.0,0.914
w10s-dlt-off-s62,w10s-dlt-off,62,14103552,0.72,1.165,-1.0,0.75,0.0,0.0,0.0,0.0008,1.0,0.914
w10s-dlt-off-s62,w10s-dlt-off,62,14134272,0.77,1.204,-1.0,0.6236,0.0,0.0,0.0,0.0008,1.0,0.914
w10s-dlt-off-s62,w10s-dlt-off,62,14164992,0.67,1.149,-1.0,0.8219,0.0,0.0,0.0,0.0009,1.0,0.914
w10s-dlt-off-s62,w10s-dlt-off,62,14195712,0.77,1.21,-1.0,0.7715,0.0,0.0,0.0,0.0009,1.0,0.914
w10s-dlt-off-s62,w10s-dlt-off,62,14226432,0.8,1.237,-1.0,0.6536,0.0,0.0,0.0,0.0008,1.0,0.914
w10s-dlt-off-s62,w10s-dlt-off,62,14257152,0.72,1.164,-1.0,0.7918,0.0,0.0,0.0,0.0009,1.0,0.914
w10s-dlt-off-s62,w10s-dlt-off,62,14287872,0.75,1.193,-1.0,0.8656,0.0,0.0,0.0,0.0008,1.0,0.913
w10s-dlt-off-s62,w10s-dlt-off,62,14318592,0.81,1.226,-1.0,0.7522,0.0,0.0,0.0,0.0008,1.0,0.913
w10s-dlt-off-s62,w10s-dlt-off,62,14349312,0.73,1.173,-1.0,0.717,0.0,0.0,0.0,0.0008,1.0,0.913
w10s-dlt-off-s62,w10s-dlt-off,62,14380032,0.69,1.139,-1.0,0.6959,0.0,0.0,0.0,0.0009,1.0,0.913
w10s-dlt-off-s62,w10s-dlt-off,62,14410752,0.74,1.194,-1.0,0.9166,0.0,0.0,0.0,0.0009,1.0,0.913
w10s-dlt-off-s62,w10s-dlt-off,62,14441472,0.72,1.2,-1.0,0.631,0.0,0.0,0.0,0.0008,1.0,0.913
w10s-dlt-off-s62,w10s-dlt-off,62,14472192,0.81,1.26,-1.0,0.8825,0.0,0.0,0.0,0.0008,1.0,0.913
w10s-dlt-off-s62,w10s-dlt-off,62,14502912,0.72,1.156,-1.0,0.9175,0.0,0.0,0.0,0.0008,1.0,0.913
w10s-dlt-off-s62,w10s-dlt-off,62,14533632,0.79,1.203,-1.0,0.6591,0.0,0.0,0.0,0.0009,1.0,0.912
w10s-dlt-off-s62,w10s-dlt-off,62,14564352,0.75,1.169,-1.0,0.8635,0.0,0.0,0.0,0.0009,1.0,0.912
w10s-dlt-off-s62,w10s-dlt-off,62,14595072,0.72,1.172,-1.0,0.8377,0.0,0.0,0.0,0.0008,1.0,0.912
w10s-dlt-off-s62,w10s-dlt-off,62,14625792,0.68,1.15,-1.0,0.8432,0.0,0.0,0.0,0.0008,1.0,0.912
w10s-dlt-off-s62,w10s-dlt-off,62,14656512,0.7,1.136,-1.0,1.0103,0.0,0.0,0.0,0.0009,1.0,0.912
w10s-dlt-off-s62,w10s-dlt-off,62,14687232,0.8,1.225,-1.0,0.9529,0.0,0.0,0.0,0.0009,1.0,0.912
w10s-dlt-off-s62,w10s-dlt-off,62,14717952,0.73,1.155,-1.0,0.6687,0.0,0.0,0.0,0.0008,1.0,0.912
w10s-dlt-off-s62,w10s-dlt-off,62,14748672,0.71,1.168,-1.0,0.8972,0.0,0.0,0.0,0.0008,1.0,0.911
w10s-dlt-off-s62,w10s-dlt-off,62,14779392,0.67,1.158,-1.0,0.7518,0.0,0.0,0.0,0.0008,1.0,0.911
w10s-dlt-off-s62,w10s-dlt-off,62,14810112,0.78,1.205,-1.0,0.8401,0.0,0.0,0.0,0.0008,1.0,0.911
w10s-dlt-off-s62,w10s-dlt-off,62,14840832,0.73,1.17,-1.0,0.8351,0.0,0.0,0.0,0.0009,1.0,0.911
w10s-dlt-off-s62,w10s-dlt-off,62,14871552,0.76,1.198,-1.0,0.8531,0.0,0.0,0.0,0.0008,1.0,0.911
w10s-dlt-off-s62,w10s-dlt-off,62,14902272,0.72,1.19,-1.0,0.765,0.0,0.0,0.0,0.0008,1.0,0.911
w10s-dlt-off-s62,w10s-dlt-off,62,14932992,0.75,1.238,-1.0,0.7409,0.0,0.0,0.0,0.0009,1.0,0.911
w10s-dlt-off-s62,w10s-dlt-off,62,14963712,0.73,1.179,-1.0,0.6778,0.0,0.0,0.0,0.0009,1.0,0.91
w10s-dlt-off-s62,w10s-dlt-off,62,14994432,0.63,1.121,-1.0,0.7783,0.0,0.0,0.0,0.0008,1.0,0.91
w10s-dlt-off-s62,w10s-dlt-off,62,14997504,0.77,1.21,-1.0,0.8353,0.0,0.0,0.0,0.0009,1.0,0.91
w10s-dlt-off-s63,w10s-dlt-off,63,3072,0.0,0.412,-1.0,,,,,,,
w10s-dlt-off-s63,w10s-dlt-off,63,33792,0.0,0.457,-1.0,-1.0,0.0,0.0,0.0,0.0158,0.952,0.924
w10s-dlt-off-s63,w10s-dlt-off,63,64512,0.0,0.464,-1.0,-1.0,0.0,0.0,0.0,0.0134,0.985,0.928
w10s-dlt-off-s63,w10s-dlt-off,63,95232,0.0,0.439,-1.0,-1.0,0.0,0.0,0.0,0.0102,0.997,0.929
w10s-dlt-off-s63,w10s-dlt-off,63,125952,0.01,0.5,-1.0,-1.0,0.0,0.0,0.0,0.0089,0.998,0.932
w10s-dlt-off-s63,w10s-dlt-off,63,156672,0.04,0.556,-1.0,-0.9293,0.0,0.0,0.0,0.0082,0.999,0.932
w10s-dlt-off-s63,w10s-dlt-off,63,187392,0.0,0.505,-1.0,-1.0,0.0,0.0,0.0,0.0075,1.0,0.932
w10s-dlt-off-s63,w10s-dlt-off,63,218112,0.01,0.515,-1.0,-0.9286,0.0,0.0,0.0,0.007,1.0,0.933
w10s-dlt-off-s63,w10s-dlt-off,63,248832,0.01,0.523,-1.0,-1.0,0.0,0.0,0.0,0.0062,1.0,0.934
w10s-dlt-off-s63,w10s-dlt-off,63,279552,0.05,0.53,-1.0,-0.9562,0.0,0.0,0.0,0.0059,1.0,0.933
w10s-dlt-off-s63,w10s-dlt-off,63,310272,0.03,0.553,-1.0,-0.9322,0.0,0.0,0.0,0.0063,1.0,0.934
w10s-dlt-off-s63,w10s-dlt-off,63,340992,0.01,0.506,-1.0,-0.9528,0.0,0.0,0.0,0.005,1.0,0.934
w10s-dlt-off-s63,w10s-dlt-off,63,371712,0.03,0.53,-1.0,-0.9551,0.0,0.0,0.0,0.0049,1.0,0.935
w10s-dlt-off-s63,w10s-dlt-off,63,402432,0.01,0.46,-1.0,-0.9572,0.0,0.0,0.0,0.0053,1.0,0.936
w10s-dlt-off-s63,w10s-dlt-off,63,433152,0.01,0.44,-1.0,-0.9504,0.0,0.0,0.0,0.0043,1.0,0.936
w10s-dlt-off-s63,w10s-dlt-off,63,463872,0.0,0.496,-1.0,-0.9302,0.0,0.0,0.0,0.0046,1.0,0.937
w10s-dlt-off-s63,w10s-dlt-off,63,494592,0.04,0.496,-1.0,-0.9316,0.0,0.0,0.0,0.0048,1.0,0.937
w10s-dlt-off-s63,w10s-dlt-off,63,525312,0.01,0.506,-1.0,-0.975,0.0,0.0,0.0,0.0044,1.0,0.937
w10s-dlt-off-s63,w10s-dlt-off,63,556032,0.01,0.551,-1.0,-0.8845,0.0,0.0,0.0,0.0045,1.0,0.937
w10s-dlt-off-s63,w10s-dlt-off,63,586752,0.01,0.469,-1.0,-0.9501,0.0,0.0,0.0,0.004,1.0,0.937
w10s-dlt-off-s63,w10s-dlt-off,63,617472,0.01,0.503,-1.0,-0.977,0.0,0.0,0.0,0.0039,1.0,0.937
w10s-dlt-off-s63,w10s-dlt-off,63,648192,0.02,0.515,-1.0,-0.9513,0.0,0.0,0.0,0.0037,1.0,0.936
w10s-dlt-off-s63,w10s-dlt-off,63,678912,0.01,0.503,-1.0,-1.0,0.0,0.0,0.0,0.004,1.0,0.936
w10s-dlt-off-s63,w10s-dlt-off,63,709632,0.02,0.499,-1.0,-0.9281,0.0,0.0,0.0,0.0043,1.0,0.936
w10s-dlt-off-s63,w10s-dlt-off,63,740352,0.03,0.502,-1.0,-0.9779,0.0,0.0,0.0,0.0036,1.0,0.935
w10s-dlt-off-s63,w10s-dlt-off,63,771072,0.04,0.525,-1.0,-0.975,0.0,0.0,0.0,0.0036,1.0,0.935
w10s-dlt-off-s63,w10s-dlt-off,63,801792,0.03,0.536,-1.0,-0.9103,0.0,0.0,0.0,0.0031,1.0,0.935
w10s-dlt-off-s63,w10s-dlt-off,63,832512,0.03,0.521,-1.0,-0.9319,0.0,0.0,0.0,0.0035,1.0,0.935
w10s-dlt-off-s63,w10s-dlt-off,63,863232,0.01,0.507,-1.0,-0.9275,0.0,0.0,0.0,0.0033,1.0,0.935
w10s-dlt-off-s63,w10s-dlt-off,63,893952,0.03,0.485,-1.0,-0.9525,0.0,0.0,0.0,0.0033,1.0,0.935
w10s-dlt-off-s63,w10s-dlt-off,63,924672,0.02,0.482,-1.0,-0.9556,0.0,0.0,0.0,0.0031,1.0,0.935
w10s-dlt-off-s63,w10s-dlt-off,63,955392,0.03,0.56,-1.0,-0.8883,0.0,0.0,0.0,0.0032,1.0,0.936
w10s-dlt-off-s63,w10s-dlt-off,63,986112,0.03,0.571,-1.0,-0.9045,0.0,0.0,0.0,0.003,1.0,0.936
w10s-dlt-off-s63,w10s-dlt-off,63,1016832,0.01,0.529,-1.0,-0.8379,0.0,0.0,0.0,0.003,1.0,0.936
w10s-dlt-off-s63,w10s-dlt-off,63,1047552,0.02,0.504,-1.0,-0.9028,0.0,0.0,0.0,0.0029,1.0,0.936
w10s-dlt-off-s63,w10s-dlt-off,63,1078272,0.04,0.55,-1.0,-0.8798,0.0,0.0,0.0,0.0031,1.0,0.936
w10s-dlt-off-s63,w10s-dlt-off,63,1108992,0.02,0.532,-1.0,-0.8345,0.0,0.0,0.0,0.0031,1.0,0.936
w10s-dlt-off-s63,w10s-dlt-off,63,1139712,0.07,0.556,-1.0,-0.9586,0.0,0.0,0.0,0.0031,1.0,0.936
w10s-dlt-off-s63,w10s-dlt-off,63,1170432,0.05,0.542,-1.0,-0.7633,0.0,0.0,0.0,0.003,1.0,0.937
w10s-dlt-off-s63,w10s-dlt-off,63,1201152,0.03,0.528,-1.0,-0.9319,0.0,0.0,0.0,0.0027,1.0,0.937
w10s-dlt-off-s63,w10s-dlt-off,63,1231872,0.03,0.5,-1.0,-0.9319,0.0,0.0,0.0,0.0035,1.0,0.937
w10s-dlt-off-s63,w10s-dlt-off,63,1262592,0.03,0.504,-1.0,-0.9089,0.0,0.0,0.0,0.0028,1.0,0.937
w10s-dlt-off-s63,w10s-dlt-off,63,1293312,0.04,0.545,-1.0,-0.8851,0.0,0.0,0.0,0.0028,1.0,0.937
w10s-dlt-off-s63,w10s-dlt-off,63,1324032,0.04,0.555,-1.0,-0.9091,0.0,0.0,0.0,0.0029,1.0,0.937
w10s-dlt-off-s63,w10s-dlt-off,63,1354752,0.05,0.5,-1.0,-0.8824,0.0,0.0,0.0,0.0029,1.0,0.937
w10s-dlt-off-s63,w10s-dlt-off,63,1385472,0.05,0.545,-1.0,-0.9774,0.0,0.0,0.0,0.003,1.0,0.937
w10s-dlt-off-s63,w10s-dlt-off,63,1416192,0.07,0.526,-1.0,-0.9043,0.0,0.0,0.0,0.0028,1.0,0.937
w10s-dlt-off-s63,w10s-dlt-off,63,1446912,0.04,0.524,-1.0,-0.8878,0.0,0.0,0.0,0.0026,1.0,0.937
w10s-dlt-off-s63,w10s-dlt-off,63,1477632,0.02,0.476,-1.0,-0.9324,0.0,0.0,0.0,0.0024,1.0,0.937
w10s-dlt-off-s63,w10s-dlt-off,63,1508352,0.06,0.518,-1.0,-0.8531,0.0,0.0,0.0,0.0029,1.0,0.937
w10s-dlt-off-s63,w10s-dlt-off,63,1539072,0.06,0.54,-1.0,-0.8838,0.0,0.0,0.0,0.0026,1.0,0.938
w10s-dlt-off-s63,w10s-dlt-off,63,1569792,0.05,0.561,-1.0,-0.9066,0.0,0.0,0.0,0.0026,1.0,0.938
w10s-dlt-off-s63,w10s-dlt-off,63,1600512,0.02,0.531,-1.0,-0.9034,0.0,0.0,0.0,0.0028,1.0,0.938
w10s-dlt-off-s63,w10s-dlt-off,63,1631232,0.07,0.59,-1.0,-0.9502,0.0,0.0,0.0,0.0024,1.0,0.938
w10s-dlt-off-s63,w10s-dlt-off,63,1661952,0.06,0.511,-1.0,-0.9082,0.0,0.0,0.0,0.0025,1.0,0.938
w10s-dlt-off-s63,w10s-dlt-off,63,1692672,0.03,0.516,-1.0,-0.912,0.0,0.0,0.0,0.0026,1.0,0.938
w10s-dlt-off-s63,w10s-dlt-off,63,1723392,0.02,0.512,-1.0,-0.9544,0.0,0.0,0.0,0.0026,1.0,0.938
w10s-dlt-off-s63,w10s-dlt-off,63,1754112,0.05,0.519,-1.0,-0.8834,0.0,0.0,0.0,0.0024,1.0,0.938
w10s-dlt-off-s63,w10s-dlt-off,63,1784832,0.08,0.553,-1.0,-0.8577,0.0,0.0,0.0,0.0026,1.0,0.938
w10s-dlt-off-s63,w10s-dlt-off,63,1815552,0.04,0.531,-1.0,-0.8337,0.0,0.0,0.0,0.0023,1.0,0.938
w10s-dlt-off-s63,w10s-dlt-off,63,1846272,0.08,0.558,-1.0,-0.8629,0.0,0.0,0.0,0.0023,1.0,0.938
w10s-dlt-off-s63,w10s-dlt-off,63,1876992,0.06,0.544,-1.0,-0.9272,0.0,0.0,0.0,0.0024,1.0,0.938
w10s-dlt-off-s63,w10s-dlt-off,63,1907712,0.06,0.532,-1.0,-0.8105,0.0,0.0,0.0,0.0021,1.0,0.938
w10s-dlt-off-s63,w10s-dlt-off,63,1938432,0.03,0.528,-1.0,-0.8641,0.0,0.0,0.0,0.0023,1.0,0.938
w10s-dlt-off-s63,w10s-dlt-off,63,1969152,0.04,0.559,-1.0,-0.929,0.0,0.0,0.0,0.0021,1.0,0.938
w10s-dlt-off-s63,w10s-dlt-off,63,1999872,0.11,0.573,-1.0,-0.8195,0.0,0.0,0.0,0.0021,1.0,0.938
w10s-dlt-off-s63,w10s-dlt-off,63,2030592,0.04,0.523,-1.0,-0.8289,0.0,0.0,0.0,0.002,1.0,0.938
w10s-dlt-off-s63,w10s-dlt-off,63,2061312,0.03,0.5,-1.0,-0.8607,0.0,0.0,0.0,0.0024,1.0,0.938
w10s-dlt-off-s63,w10s-dlt-off,63,2092032,0.04,0.51,-1.0,-0.9072,0.0,0.0,0.0,0.0022,1.0,0.938
w10s-dlt-off-s63,w10s-dlt-off,63,2122752,0.13,0.594,-1.0,-0.9075,0.0,0.0,0.0,0.002,1.0,0.938
w10s-dlt-off-s63,w10s-dlt-off,63,2153472,0.07,0.566,-1.0,-0.9545,0.0,0.0,0.0,0.0023,1.0,0.939
w10s-dlt-off-s63,w10s-dlt-off,63,2184192,0.08,0.561,-1.0,-0.86,0.0,0.0,0.0,0.0022,1.0,0.939
w10s-dlt-off-s63,w10s-dlt-off,63,2214912,0.09,0.566,-1.0,-0.9781,0.0,0.0,0.0,0.0021,1.0,0.939
w10s-dlt-off-s63,w10s-dlt-off,63,2245632,0.09,0.561,-1.0,-0.7146,0.0,0.0,0.0,0.002,1.0,0.939
w10s-dlt-off-s63,w10s-dlt-off,63,2276352,0.07,0.596,-1.0,-0.8862,0.0,0.0,0.0,0.002,1.0,0.939
w10s-dlt-off-s63,w10s-dlt-off,63,2307072,0.06,0.584,-1.0,-0.9105,0.0,0.0,0.0,0.0021,1.0,0.939
w10s-dlt-off-s63,w10s-dlt-off,63,2337792,0.09,0.603,-1.0,-0.7798,0.0,0.0,0.0,0.0021,1.0,0.939
w10s-dlt-off-s63,w10s-dlt-off,63,2368512,0.08,0.566,-1.0,-0.7935,0.0,0.0,0.0,0.0024,1.0,0.939
w10s-dlt-off-s63,w10s-dlt-off,63,2399232,0.08,0.575,-1.0,-0.8809,0.0,0.0,0.0,0.0018,1.0,0.939
w10s-dlt-off-s63,w10s-dlt-off,63,2429952,0.09,0.571,-1.0,-0.8104,0.0,0.0,0.0,0.002,1.0,0.938
w10s-dlt-off-s63,w10s-dlt-off,63,2460672,0.06,0.552,-1.0,-0.9079,0.0,0.0,0.0,0.0019,1.0,0.939
w10s-dlt-off-s63,w10s-dlt-off,63,2491392,0.1,0.557,-1.0,-0.8169,0.0,0.0,0.0,0.0019,1.0,0.939
w10s-dlt-off-s63,w10s-dlt-off,63,2522112,0.1,0.553,-1.0,-0.8384,0.0,0.0,0.0,0.0017,1.0,0.939
w10s-dlt-off-s63,w10s-dlt-off,63,2552832,0.06,0.6,-1.0,-0.9095,0.0,0.0,0.0,0.0019,1.0,0.939
w10s-dlt-off-s63,w10s-dlt-off,63,2583552,0.09,0.561,-1.0,-0.8554,0.0,0.0,0.0,0.0019,1.0,0.939
w10s-dlt-off-s63,w10s-dlt-off,63,2614272,0.08,0.547,-1.0,-0.8344,0.0,0.0,0.0,0.0018,1.0,0.939
w10s-dlt-off-s63,w10s-dlt-off,63,2644992,0.04,0.502,-1.0,-0.7395,0.0,0.0,0.0,0.0022,1.0,0.939
w10s-dlt-off-s63,w10s-dlt-off,63,2675712,0.05,0.533,-1.0,-0.7721,0.0,0.0,0.0,0.002,1.0,0.939
w10s-dlt-off-s63,w10s-dlt-off,63,2706432,0.12,0.568,-1.0,-0.7687,0.0,0.0,0.0,0.0019,1.0,0.939
w10s-dlt-off-s63,w10s-dlt-off,63,2737152,0.04,0.481,-1.0,-0.9106,0.0,0.0,0.0,0.0018,1.0,0.939
w10s-dlt-off-s63,w10s-dlt-off,63,2767872,0.1,0.533,-1.0,-0.8378,0.0,0.0,0.0,0.0021,1.0,0.939
w10s-dlt-off-s63,w10s-dlt-off,63,2798592,0.07,0.563,-1.0,-0.6984,0.0,0.0,0.0,0.0016,1.0,0.939
w10s-dlt-off-s63,w10s-dlt-off,63,2829312,0.16,0.674,-1.0,-0.7289,0.0,0.0,0.0,0.0017,1.0,0.939
w10s-dlt-off-s63,w10s-dlt-off,63,2860032,0.08,0.571,-1.0,-0.7507,0.0,0.0,0.0,0.0018,1.0,0.939
w10s-dlt-off-s63,w10s-dlt-off,63,2890752,0.08,0.522,-1.0,-0.8423,0.0,0.0,0.0,0.0018,1.0,0.939
w10s-dlt-off-s63,w10s-dlt-off,63,2921472,0.07,0.567,-1.0,-0.7502,0.0,0.0,0.0,0.0019,1.0,0.939
w10s-dlt-off-s63,w10s-dlt-off,63,2952192,0.11,0.559,-1.0,-0.7355,0.0,0.0,0.0,0.0019,1.0,0.939
w10s-dlt-off-s63,w10s-dlt-off,63,2982912,0.1,0.517,-1.0,-0.7934,0.0,0.0,0.0,0.0017,1.0,0.939
w10s-dlt-off-s63,w10s-dlt-off,63,3013632,0.08,0.559,-1.0,-0.793,0.0,0.0,0.0,0.002,1.0,0.939
w10s-dlt-off-s63,w10s-dlt-off,63,3044352,0.1,0.594,-1.0,-0.5851,0.0,0.0,0.0,0.0018,1.0,0.939
w10s-dlt-off-s63,w10s-dlt-off,63,3075072,0.08,0.525,-1.0,-0.8597,0.0,0.0,0.0,0.0017,1.0,0.939
w10s-dlt-off-s63,w10s-dlt-off,63,3105792,0.14,0.599,-1.0,-0.7278,0.0,0.0,0.0,0.0015,1.0,0.939
w10s-dlt-off-s63,w10s-dlt-off,63,3136512,0.07,0.557,-1.0,-0.8181,0.0,0.0,0.0,0.0017,1.0,0.939
w10s-dlt-off-s63,w10s-dlt-off,63,3167232,0.09,0.58,-1.0,-0.7671,0.0,0.0,0.0,0.0018,1.0,0.939
w10s-dlt-off-s63,w10s-dlt-off,63,3197952,0.11,0.634,-1.0,-0.6474,0.0,0.0,0.0,0.0018,1.0,0.939
w10s-dlt-off-s63,w10s-dlt-off,63,3228672,0.1,0.586,-1.0,-0.8566,0.0,0.0,0.0,0.0017,1.0,0.939
w10s-dlt-off-s63,w10s-dlt-off,63,3259392,0.13,0.608,-1.0,-0.9274,0.0,0.0,0.0,0.0017,1.0,0.939
w10s-dlt-off-s63,w10s-dlt-off,63,3290112,0.09,0.565,-1.0,-0.8141,0.0,0.0,0.0,0.0017,1.0,0.939
w10s-dlt-off-s63,w10s-dlt-off,63,3320832,0.11,0.604,-1.0,-0.7912,0.0,0.0,0.0,0.0018,1.0,0.94
w10s-dlt-off-s63,w10s-dlt-off,63,3351552,0.1,0.596,-1.0,-0.7251,0.0,0.0,0.0,0.0017,1.0,0.94
w10s-dlt-off-s63,w10s-dlt-off,63,3382272,0.1,0.568,-1.0,-0.7472,0.0,0.0,0.0,0.0018,1.0,0.94
w10s-dlt-off-s63,w10s-dlt-off,63,3412992,0.12,0.602,-1.0,-0.6991,0.0,0.0,0.0,0.0017,1.0,0.94
w10s-dlt-off-s63,w10s-dlt-off,63,3443712,0.12,0.576,-1.0,-0.7433,0.0,0.0,0.0,0.0017,1.0,0.94
w10s-dlt-off-s63,w10s-dlt-off,63,3474432,0.1,0.588,-1.0,-0.6836,0.0,0.0,0.0,0.0016,1.0,0.94
w10s-dlt-off-s63,w10s-dlt-off,63,3505152,0.11,0.549,-1.0,-0.814,0.0,0.0,0.0,0.0018,1.0,0.94
w10s-dlt-off-s63,w10s-dlt-off,63,3535872,0.13,0.587,-1.0,-0.7191,0.0,0.0,0.0,0.0017,1.0,0.94
w10s-dlt-off-s63,w10s-dlt-off,63,3566592,0.17,0.63,-1.0,-0.6867,0.0,0.0,0.0,0.0017,1.0,0.94
w10s-dlt-off-s63,w10s-dlt-off,63,3597312,0.15,0.613,-1.0,-0.679,0.0,0.0,0.0,0.0015,1.0,0.94
w10s-dlt-off-s63,w10s-dlt-off,63,3628032,0.13,0.608,-1.0,-0.7917,0.0,0.0,0.0,0.0017,1.0,0.94
w10s-dlt-off-s63,w10s-dlt-off,63,3658752,0.15,0.606,-1.0,-0.7418,0.0,0.0,0.0,0.0016,1.0,0.94
w10s-dlt-off-s63,w10s-dlt-off,63,3689472,0.07,0.581,-1.0,-0.6742,0.0,0.0,0.0,0.0014,1.0,0.94
w10s-dlt-off-s63,w10s-dlt-off,63,3720192,0.04,0.478,-1.0,-0.5176,0.0,0.0,0.0,0.0015,1.0,0.94
w10s-dlt-off-s63,w10s-dlt-off,63,3750912,0.09,0.538,-1.0,-0.6249,0.0,0.0,0.0,0.0016,1.0,0.94
w10s-dlt-off-s63,w10s-dlt-off,63,3781632,0.14,0.619,-1.0,-0.6576,0.0,0.0,0.0,0.0016,1.0,0.94
w10s-dlt-off-s63,w10s-dlt-off,63,3812352,0.2,0.669,-1.0,-0.7228,0.0,0.0,0.0,0.0015,1.0,0.94
w10s-dlt-off-s63,w10s-dlt-off,63,3843072,0.14,0.614,-1.0,-0.5886,0.0,0.0,0.0,0.0016,1.0,0.94
w10s-dlt-off-s63,w10s-dlt-off,63,3873792,0.18,0.634,-1.0,-0.6712,0.0,0.0,0.0,0.0016,1.0,0.94
w10s-dlt-off-s63,w10s-dlt-off,63,3904512,0.13,0.598,-1.0,-0.654,0.0,0.0,0.0,0.0015,1.0,0.94
w10s-dlt-off-s63,w10s-dlt-off,63,3935232,0.18,0.619,-1.0,-0.6728,0.0,0.0,0.0,0.0014,1.0,0.94
w10s-dlt-off-s63,w10s-dlt-off,63,3965952,0.09,0.534,-1.0,-0.6773,0.0,0.0,0.0,0.0014,1.0,0.94
w10s-dlt-off-s63,w10s-dlt-off,63,3996672,0.12,0.617,-1.0,-0.6993,0.0,0.0,0.0,0.0016,1.0,0.94
w10s-dlt-off-s63,w10s-dlt-off,63,4027392,0.15,0.602,-1.0,-0.6099,0.0,0.0,0.0,0.0015,1.0,0.94
w10s-dlt-off-s63,w10s-dlt-off,63,4058112,0.16,0.665,-1.0,-0.5669,0.0,0.0,0.0,0.0015,1.0,0.94
w10s-dlt-off-s63,w10s-dlt-off,63,4088832,0.19,0.634,-1.0,-0.5909,0.0,0.0,0.0,0.0015,1.0,0.94
w10s-dlt-off-s63,w10s-dlt-off,63,4119552,0.11,0.57,-1.0,-0.7472,0.0,0.0,0.0,0.0016,1.0,0.94
w10s-dlt-off-s63,w10s-dlt-off,63,4150272,0.15,0.577,-1.0,-0.5101,0.0,0.0,0.0,0.0013,1.0,0.94
w10s-dlt-off-s63,w10s-dlt-off,63,4180992,0.19,0.658,-1.0,-0.5405,0.0,0.0,0.0,0.0015,1.0,0.94
w10s-dlt-off-s63,w10s-dlt-off,63,4211712,0.24,0.702,-1.0,-0.414,0.0,0.0,0.0,0.0013,1.0,0.94
w10s-dlt-off-s63,w10s-dlt-off,63,4242432,0.18,0.639,-1.0,-0.6048,0.0,0.0,0.0,0.0014,1.0,0.94
w10s-dlt-off-s63,w10s-dlt-off,63,4273152,0.21,0.695,-1.0,-0.5055,0.0,0.0,0.0,0.0013,1.0,0.94
w10s-dlt-off-s63,w10s-dlt-off,63,4303872,0.15,0.636,-1.0,-0.6545,0.0,0.0,0.0,0.0013,1.0,0.94
w10s-dlt-off-s63,w10s-dlt-off,63,4334592,0.08,0.559,-1.0,-0.6148,0.0,0.0,0.0,0.0013,1.0,0.94
w10s-dlt-off-s63,w10s-dlt-off,63,4365312,0.2,0.674,-1.0,-0.5391,0.0,0.0,0.0,0.0015,1.0,0.94
w10s-dlt-off-s63,w10s-dlt-off,63,4396032,0.28,0.665,-1.0,-0.5771,0.0,0.0,0.0,0.0014,1.0,0.94
w10s-dlt-off-s63,w10s-dlt-off,63,4426752,0.13,0.6,-1.0,-0.5801,0.0,0.0,0.0,0.0014,1.0,0.94
w10s-dlt-off-s63,w10s-dlt-off,63,4457472,0.18,0.662,-1.0,-0.5823,0.0,0.0,0.0,0.0013,1.0,0.94
w10s-dlt-off-s63,w10s-dlt-off,63,4488192,0.14,0.583,-1.0,-0.5797,0.0,0.0,0.0,0.0014,1.0,0.94
w10s-dlt-off-s63,w10s-dlt-off,63,4518912,0.18,0.653,-1.0,-0.5458,0.0,0.0,0.0,0.0014,1.0,0.94
w10s-dlt-off-s63,w10s-dlt-off,63,4549632,0.27,0.705,-1.0,-0.4626,0.0,0.0,0.0,0.0013,1.0,0.94
w10s-dlt-off-s63,w10s-dlt-off,63,4580352,0.18,0.651,-1.0,-0.43,0.0,0.0,0.0,0.0014,1.0,0.94
w10s-dlt-off-s63,w10s-dlt-off,63,4611072,0.19,0.633,-1.0,-0.4846,0.0,0.0,0.0,0.0013,1.0,0.94
w10s-dlt-off-s63,w10s-dlt-off,63,4641792,0.27,0.688,-1.0,-0.4922,0.0,0.0,0.0,0.0013,1.0,0.94
w10s-dlt-off-s63,w10s-dlt-off,63,4672512,0.23,0.693,-1.0,-0.2783,0.0,0.0,0.0,0.0014,1.0,0.94
w10s-dlt-off-s63,w10s-dlt-off,63,4703232,0.21,0.663,-1.0,-0.6806,0.0,0.0,0.0,0.0013,1.0,0.94
w10s-dlt-off-s63,w10s-dlt-off,63,4733952,0.27,0.697,-1.0,-0.5173,0.0,0.0,0.0,0.0014,1.0,0.94
w10s-dlt-off-s63,w10s-dlt-off,63,4764672,0.21,0.654,-1.0,-0.3535,0.0,0.0,0.0,0.0014,1.0,0.94
w10s-dlt-off-s63,w10s-dlt-off,63,4795392,0.21,0.666,-1.0,-0.5464,0.0,0.0,0.0,0.0013,1.0,0.939
w10s-dlt-off-s63,w10s-dlt-off,63,4826112,0.19,0.635,-1.0,-0.4204,0.0,0.0,0.0,0.0013,1.0,0.939
w10s-dlt-off-s63,w10s-dlt-off,63,4856832,0.17,0.609,-1.0,-0.5661,0.0,0.0,0.0,0.0013,1.0,0.939
w10s-dlt-off-s63,w10s-dlt-off,63,4887552,0.13,0.573,-1.0,-0.539,0.0,0.0,0.0,0.0012,1.0,0.939
w10s-dlt-off-s63,w10s-dlt-off,63,4918272,0.22,0.654,-1.0,-0.6191,0.0,0.0,0.0,0.0013,1.0,0.939
w10s-dlt-off-s63,w10s-dlt-off,63,4948992,0.28,0.701,-1.0,-0.3977,0.0,0.0,0.0,0.0013,1.0,0.939
w10s-dlt-off-s63,w10s-dlt-off,63,4979712,0.21,0.643,-1.0,-0.5306,0.0,0.0,0.0,0.0014,1.0,0.939
w10s-dlt-off-s63,w10s-dlt-off,63,5010432,0.27,0.689,-1.0,-0.508,0.0,0.0,0.0,0.0014,1.0,0.939
w10s-dlt-off-s63,w10s-dlt-off,63,5041152,0.19,0.662,-1.0,-0.536,0.0,0.0,0.0,0.0015,1.0,0.939
w10s-dlt-off-s63,w10s-dlt-off,63,5071872,0.19,0.66,-1.0,-0.3756,0.0,0.0,0.0,0.0013,1.0,0.939
w10s-dlt-off-s63,w10s-dlt-off,63,5102592,0.28,0.729,-1.0,-0.4304,0.0,0.0,0.0,0.0014,1.0,0.939
w10s-dlt-off-s63,w10s-dlt-off,63,5133312,0.18,0.624,-1.0,-0.4256,0.0,0.0,0.0,0.0012,1.0,0.939
w10s-dlt-off-s63,w10s-dlt-off,63,5164032,0.16,0.619,-1.0,-0.3303,0.0,0.0,0.0,0.0013,1.0,0.939
w10s-dlt-off-s63,w10s-dlt-off,63,5194752,0.24,0.669,-1.0,-0.2651,0.0,0.0,0.0,0.0013,1.0,0.939
w10s-dlt-off-s63,w10s-dlt-off,63,5225472,0.29,0.707,-1.0,-0.4007,0.0,0.0,0.0,0.0015,1.0,0.939
w10s-dlt-off-s63,w10s-dlt-off,63,5256192,0.22,0.702,-1.0,-0.5331,0.0,0.0,0.0,0.0013,1.0,0.939
w10s-dlt-off-s63,w10s-dlt-off,63,5286912,0.19,0.6,-1.0,-0.5619,0.0,0.0,0.0,0.0013,1.0,0.939
w10s-dlt-off-s63,w10s-dlt-off,63,5317632,0.3,0.752,-1.0,-0.536,0.0,0.0,0.0,0.0013,1.0,0.939
w10s-dlt-off-s63,w10s-dlt-off,63,5348352,0.21,0.629,-1.0,-0.3103,0.0,0.0,0.0,0.0013,1.0,0.939
w10s-dlt-off-s63,w10s-dlt-off,63,5379072,0.17,0.655,-1.0,-0.5636,0.0,0.0,0.0,0.0014,1.0,0.939
w10s-dlt-off-s63,w10s-dlt-off,63,5409792,0.24,0.694,-1.0,-0.4068,0.0,0.0,0.0,0.0012,1.0,0.939
w10s-dlt-off-s63,w10s-dlt-off,63,5440512,0.22,0.7,-1.0,-0.5625,0.0,0.0,0.0,0.0014,1.0,0.939
w10s-dlt-off-s63,w10s-dlt-off,63,5471232,0.23,0.68,-1.0,-0.6218,0.0,0.0,0.0,0.0013,1.0,0.939
w10s-dlt-off-s63,w10s-dlt-off,63,5501952,0.26,0.7,-1.0,-0.3551,0.0,0.0,0.0,0.0012,1.0,0.939
w10s-dlt-off-s63,w10s-dlt-off,63,5532672,0.21,0.655,-1.0,-0.3714,0.0,0.0,0.0,0.0013,1.0,0.939
w10s-dlt-off-s63,w10s-dlt-off,63,5563392,0.33,0.78,-1.0,-0.4174,0.0,0.0,0.0,0.0013,1.0,0.939
w10s-dlt-off-s63,w10s-dlt-off,63,5594112,0.25,0.716,-1.0,-0.5042,0.0,0.0,0.0,0.0012,1.0,0.939
w10s-dlt-off-s63,w10s-dlt-off,63,5624832,0.3,0.728,-1.0,-0.3058,0.0,0.0,0.0,0.0012,1.0,0.939
w10s-dlt-off-s63,w10s-dlt-off,63,5655552,0.29,0.708,-1.0,-0.1584,0.0,0.0,0.0,0.0013,1.0,0.938
w10s-dlt-off-s63,w10s-dlt-off,63,5686272,0.24,0.667,-1.0,-0.4505,0.0,0.0,0.0,0.0013,1.0,0.938
w10s-dlt-off-s63,w10s-dlt-off,63,5716992,0.31,0.782,-1.0,-0.1879,0.0,0.0,0.0,0.0013,1.0,0.938
w10s-dlt-off-s63,w10s-dlt-off,63,5747712,0.24,0.711,-1.0,-0.2706,0.0,0.0,0.0,0.0012,1.0,0.938
w10s-dlt-off-s63,w10s-dlt-off,63,5778432,0.2,0.647,-1.0,-0.1864,0.0,0.0,0.0,0.0012,1.0,0.938
w10s-dlt-off-s63,w10s-dlt-off,63,5809152,0.3,0.725,-1.0,-0.4169,0.0,0.0,0.0,0.0012,1.0,0.938
w10s-dlt-off-s63,w10s-dlt-off,63,5839872,0.3,0.728,-1.0,-0.2243,0.0,0.0,0.0,0.0012,1.0,0.938
w10s-dlt-off-s63,w10s-dlt-off,63,5870592,0.29,0.713,-1.0,-0.4065,0.0,0.0,0.0,0.0012,1.0,0.938
w10s-dlt-off-s63,w10s-dlt-off,63,5901312,0.31,0.741,-1.0,-0.2877,0.0,0.0,0.0,0.0012,1.0,0.938
w10s-dlt-off-s63,w10s-dlt-off,63,5932032,0.27,0.715,-1.0,-0.3019,0.0,0.0,0.0,0.0012,1.0,0.938
w10s-dlt-off-s63,w10s-dlt-off,63,5962752,0.35,0.743,-1.0,-0.4678,0.0,0.0,0.0,0.0012,1.0,0.938
w10s-dlt-off-s63,w10s-dlt-off,63,5993472,0.31,0.741,-1.0,-0.1992,0.0,0.0,0.0,0.0012,1.0,0.938
w10s-dlt-off-s63,w10s-dlt-off,63,6024192,0.31,0.778,-1.0,-0.3014,0.0,0.0,0.0,0.0013,1.0,0.938
w10s-dlt-off-s63,w10s-dlt-off,63,6054912,0.39,0.802,-1.0,-0.3356,0.0,0.0,0.0,0.0013,1.0,0.938
w10s-dlt-off-s63,w10s-dlt-off,63,6085632,0.28,0.761,-1.0,-0.5307,0.0,0.0,0.0,0.0012,1.0,0.938
w10s-dlt-off-s63,w10s-dlt-off,63,6116352,0.35,0.757,-1.0,-0.23,0.0,0.0,0.0,0.0013,1.0,0.938
w10s-dlt-off-s63,w10s-dlt-off,63,6147072,0.28,0.727,-1.0,-0.3003,0.0,0.0,0.0,0.0013,1.0,0.938
w10s-dlt-off-s63,w10s-dlt-off,63,6177792,0.25,0.683,-1.0,-0.2831,0.0,0.0,0.0,0.0013,1.0,0.937
w10s-dlt-off-s63,w10s-dlt-off,63,6208512,0.25,0.667,-1.0,-0.3624,0.0,0.0,0.0,0.0014,1.0,0.937
w10s-dlt-off-s63,w10s-dlt-off,63,6239232,0.29,0.735,-1.0,-0.492,0.0,0.0,0.0,0.0011,1.0,0.937
w10s-dlt-off-s63,w10s-dlt-off,63,6269952,0.26,0.677,-1.0,-0.2183,0.0,0.0,0.0,0.0012,1.0,0.937
w10s-dlt-off-s63,w10s-dlt-off,63,6300672,0.32,0.75,-1.0,-0.2192,0.0,0.0,0.0,0.0013,1.0,0.937
w10s-dlt-off-s63,w10s-dlt-off,63,6331392,0.32,0.771,-1.0,-0.173,0.0,0.0,0.0,0.0012,1.0,0.937
w10s-dlt-off-s63,w10s-dlt-off,63,6362112,0.25,0.734,-1.0,-0.3594,0.0,0.0,0.0,0.0011,1.0,0.937
w10s-dlt-off-s63,w10s-dlt-off,63,6392832,0.37,0.83,-1.0,-0.1593,0.0,0.0,0.0,0.0012,1.0,0.937
w10s-dlt-off-s63,w10s-dlt-off,63,6423552,0.35,0.74,-1.0,-0.3034,0.0,0.0,0.0,0.0012,1.0,0.937
w10s-dlt-off-s63,w10s-dlt-off,63,6454272,0.26,0.744,-1.0,-0.2822,0.0,0.0,0.0,0.0012,1.0,0.937
w10s-dlt-off-s63,w10s-dlt-off,63,6484992,0.3,0.709,-1.0,-0.0534,0.0,0.0,0.0,0.0011,1.0,0.937
w10s-dlt-off-s63,w10s-dlt-off,63,6515712,0.33,0.774,-1.0,-0.3485,0.0,0.0,0.0,0.0013,1.0,0.937
w10s-dlt-off-s63,w10s-dlt-off,63,6546432,0.36,0.792,-1.0,-0.2782,0.0,0.0,0.0,0.0013,1.0,0.937
w10s-dlt-off-s63,w10s-dlt-off,63,6577152,0.4,0.794,-1.0,-0.3434,0.0,0.0,0.0,0.0011,1.0,0.937
w10s-dlt-off-s63,w10s-dlt-off,63,6607872,0.34,0.779,-1.0,-0.2581,0.0,0.0,0.0,0.0012,1.0,0.936
w10s-dlt-off-s63,w10s-dlt-off,63,6638592,0.33,0.785,-1.0,-0.1518,0.0,0.0,0.0,0.0011,1.0,0.936
w10s-dlt-off-s63,w10s-dlt-off,63,6669312,0.22,0.653,-1.0,-0.3695,0.0,0.0,0.0,0.0011,1.0,0.936
w10s-dlt-off-s63,w10s-dlt-off,63,6700032,0.38,0.835,-1.0,-0.1788,0.0,0.0,0.0,0.0012,1.0,0.936
w10s-dlt-off-s63,w10s-dlt-off,63,6730752,0.4,0.824,-1.0,-0.3243,0.0,0.0,0.0,0.0011,1.0,0.936
w10s-dlt-off-s63,w10s-dlt-off,63,6761472,0.33,0.763,-1.0,-0.1704,0.0,0.0,0.0,0.0011,1.0,0.936
w10s-dlt-off-s63,w10s-dlt-off,63,6792192,0.31,0.755,-1.0,-0.0926,0.0,0.0,0.0,0.0012,1.0,0.936
w10s-dlt-off-s63,w10s-dlt-off,63,6822912,0.33,0.779,-1.0,-0.0163,0.0,0.0,0.0,0.0011,1.0,0.936
w10s-dlt-off-s63,w10s-dlt-off,63,6853632,0.32,0.733,-1.0,-0.3268,0.0,0.0,0.0,0.0011,1.0,0.936
w10s-dlt-off-s63,w10s-dlt-off,63,6884352,0.37,0.808,-1.0,-0.0918,0.0,0.0,0.0,0.0012,1.0,0.936
w10s-dlt-off-s63,w10s-dlt-off,63,6915072,0.31,0.76,-1.0,-0.1313,0.0,0.0,0.0,0.0011,1.0,0.936
w10s-dlt-off-s63,w10s-dlt-off,63,6945792,0.38,0.797,-1.0,-0.1973,0.0,0.0,0.0,0.0012,1.0,0.936
w10s-dlt-off-s63,w10s-dlt-off,63,6976512,0.33,0.779,-1.0,-0.2025,0.0,0.0,0.0,0.0012,1.0,0.936
w10s-dlt-off-s63,w10s-dlt-off,63,7007232,0.35,0.813,-1.0,-0.3686,0.0,0.0,0.0,0.0012,1.0,0.936
w10s-dlt-off-s63,w10s-dlt-off,63,7037952,0.36,0.789,-1.0,-0.3276,0.0,0.0,0.0,0.0012,1.0,0.935
w10s-dlt-off-s63,w10s-dlt-off,63,7068672,0.42,0.848,-1.0,-0.1382,0.0,0.0,0.0,0.0011,1.0,0.935
w10s-dlt-off-s63,w10s-dlt-off,63,7099392,0.34,0.751,-1.0,-0.1491,0.0,0.0,0.0,0.0011,1.0,0.935
w10s-dlt-off-s63,w10s-dlt-off,63,7130112,0.45,0.837,-1.0,-0.2205,0.0,0.0,0.0,0.0011,1.0,0.935
w10s-dlt-off-s63,w10s-dlt-off,63,7160832,0.34,0.768,-1.0,-0.144,0.0,0.0,0.0,0.0011,1.0,0.935
w10s-dlt-off-s63,w10s-dlt-off,63,7191552,0.41,0.853,-1.0,-0.3166,0.0,0.0,0.0,0.0012,1.0,0.935
w10s-dlt-off-s63,w10s-dlt-off,63,7222272,0.33,0.789,-1.0,-0.279,0.0,0.0,0.0,0.0012,1.0,0.935
w10s-dlt-off-s63,w10s-dlt-off,63,7252992,0.38,0.848,-1.0,-0.0474,0.0,0.0,0.0,0.0012,1.0,0.935
w10s-dlt-off-s63,w10s-dlt-off,63,7283712,0.37,0.781,-1.0,-0.022,0.0,0.0,0.0,0.0011,1.0,0.935
w10s-dlt-off-s63,w10s-dlt-off,63,7314432,0.34,0.777,-1.0,0.0604,0.0,0.0,0.0,0.0011,1.0,0.935
w10s-dlt-off-s63,w10s-dlt-off,63,7345152,0.44,0.866,-1.0,-0.0747,0.0,0.0,0.0,0.0012,1.0,0.935
w10s-dlt-off-s63,w10s-dlt-off,63,7375872,0.39,0.822,-1.0,-0.0132,0.0,0.0,0.0,0.001,1.0,0.935
w10s-dlt-off-s63,w10s-dlt-off,63,7406592,0.38,0.811,-1.0,-0.1341,0.0,0.0,0.0,0.0011,1.0,0.934
w10s-dlt-off-s63,w10s-dlt-off,63,7437312,0.37,0.836,-1.0,-0.0203,0.0,0.0,0.0,0.0011,1.0,0.934
w10s-dlt-off-s63,w10s-dlt-off,63,7468032,0.36,0.806,-1.0,-0.0746,0.0,0.0,0.0,0.0011,1.0,0.934
w10s-dlt-off-s63,w10s-dlt-off,63,7498752,0.45,0.909,-1.0,-0.0669,0.0,0.0,0.0,0.001,1.0,0.934
w10s-dlt-off-s63,w10s-dlt-off,63,7529472,0.39,0.869,-1.0,0.0003,0.0,0.0,0.0,0.0012,1.0,0.934
w10s-dlt-off-s63,w10s-dlt-off,63,7560192,0.41,0.852,-1.0,-0.1365,0.0,0.0,0.0,0.001,1.0,0.934
w10s-dlt-off-s63,w10s-dlt-off,63,7590912,0.42,0.856,-1.0,0.0082,0.0,0.0,0.0,0.0011,1.0,0.934
w10s-dlt-off-s63,w10s-dlt-off,63,7621632,0.39,0.818,-1.0,-0.1105,0.0,0.0,0.0,0.0011,1.0,0.934
w10s-dlt-off-s63,w10s-dlt-off,63,7652352,0.38,0.829,-1.0,-0.1588,0.0,0.0,0.0,0.0011,1.0,0.934
w10s-dlt-off-s63,w10s-dlt-off,63,7683072,0.47,0.937,-1.0,-0.0878,0.0,0.0,0.0,0.001,1.0,0.934
w10s-dlt-off-s63,w10s-dlt-off,63,7713792,0.38,0.837,-1.0,-0.1119,0.0,0.0,0.0,0.0011,1.0,0.934
w10s-dlt-off-s63,w10s-dlt-off,63,7744512,0.47,0.897,-1.0,0.0039,0.0,0.0,0.0,0.001,1.0,0.934
w10s-dlt-off-s63,w10s-dlt-off,63,7775232,0.29,0.762,-1.0,-0.1084,0.0,0.0,0.0,0.0011,1.0,0.933
w10s-dlt-off-s63,w10s-dlt-off,63,7805952,0.49,0.916,-1.0,-0.1324,0.0,0.0,0.0,0.0012,1.0,0.933
w10s-dlt-off-s63,w10s-dlt-off,63,7836672,0.51,0.922,-1.0,-0.134,0.0,0.0,0.0,0.001,1.0,0.933
w10s-dlt-off-s63,w10s-dlt-off,63,7867392,0.42,0.879,-1.0,-0.1029,0.0,0.0,0.0,0.0011,1.0,0.933
w10s-dlt-off-s63,w10s-dlt-off,63,7898112,0.36,0.784,-1.0,-0.2554,0.0,0.0,0.0,0.001,1.0,0.933
w10s-dlt-off-s63,w10s-dlt-off,63,7928832,0.3,0.804,-1.0,-0.1841,0.0,0.0,0.0,0.0011,1.0,0.933
w10s-dlt-off-s63,w10s-dlt-off,63,7959552,0.45,0.908,-1.0,0.0337,0.0,0.0,0.0,0.0011,1.0,0.933
w10s-dlt-off-s63,w10s-dlt-off,63,7990272,0.37,0.815,-1.0,0.0742,0.0,0.0,0.0,0.0011,1.0,0.933
w10s-dlt-off-s63,w10s-dlt-off,63,8020992,0.38,0.864,-1.0,-0.1445,0.0,0.0,0.0,0.0011,1.0,0.933
w10s-dlt-off-s63,w10s-dlt-off,63,8051712,0.45,0.883,-1.0,-0.0531,0.0,0.0,0.0,0.001,1.0,0.932
w10s-dlt-off-s63,w10s-dlt-off,63,8082432,0.37,0.823,-1.0,0.0139,0.0,0.0,0.0,0.0011,1.0,0.932
w10s-dlt-off-s63,w10s-dlt-off,63,8113152,0.49,0.92,-1.0,-0.0007,0.0,0.0,0.0,0.001,1.0,0.932
w10s-dlt-off-s63,w10s-dlt-off,63,8143872,0.47,0.894,-1.0,-0.0772,0.0,0.0,0.0,0.0011,1.0,0.932
w10s-dlt-off-s63,w10s-dlt-off,63,8174592,0.45,0.883,-1.0,0.0314,0.0,0.0,0.0,0.0011,1.0,0.932
w10s-dlt-off-s63,w10s-dlt-off,63,8205312,0.4,0.858,-1.0,0.0807,0.0,0.0,0.0,0.0012,1.0,0.932
w10s-dlt-off-s63,w10s-dlt-off,63,8236032,0.45,0.896,-1.0,0.0412,0.0,0.0,0.0,0.0012,1.0,0.932
w10s-dlt-off-s63,w10s-dlt-off,63,8266752,0.45,0.933,-1.0,-0.017,0.0,0.0,0.0,0.0011,1.0,0.932
w10s-dlt-off-s63,w10s-dlt-off,63,8297472,0.42,0.884,-1.0,0.0885,0.0,0.0,0.0,0.0011,1.0,0.932
w10s-dlt-off-s63,w10s-dlt-off,63,8328192,0.4,0.874,-1.0,-0.0429,0.0,0.0,0.0,0.001,1.0,0.932
w10s-dlt-off-s63,w10s-dlt-off,63,8358912,0.38,0.854,-1.0,0.1628,0.0,0.0,0.0,0.0011,1.0,0.932
w10s-dlt-off-s63,w10s-dlt-off,63,8389632,0.47,0.878,-1.0,-0.1365,0.0,0.0,0.0,0.0011,1.0,0.931
w10s-dlt-off-s63,w10s-dlt-off,63,8420352,0.46,0.89,-1.0,0.1702,0.0,0.0,0.0,0.0012,1.0,0.931
w10s-dlt-off-s63,w10s-dlt-off,63,8451072,0.35,0.809,-1.0,0.072,0.0,0.0,0.0,0.0011,1.0,0.931
w10s-dlt-off-s63,w10s-dlt-off,63,8481792,0.42,0.861,-1.0,-0.0135,0.0,0.0,0.0,0.0011,1.0,0.931
w10s-dlt-off-s63,w10s-dlt-off,63,8512512,0.42,0.837,-1.0,0.1586,0.0,0.0,0.0,0.0011,1.0,0.931
w10s-dlt-off-s63,w10s-dlt-off,63,8543232,0.53,0.982,-1.0,-0.0987,0.0,0.0,0.0,0.0012,1.0,0.931
w10s-dlt-off-s63,w10s-dlt-off,63,8573952,0.51,0.95,-1.0,0.11,0.0,0.0,0.0,0.001,1.0,0.931
w10s-dlt-off-s63,w10s-dlt-off,63,8604672,0.49,0.959,-1.0,-0.0694,0.0,0.0,0.0,0.0011,1.0,0.931
w10s-dlt-off-s63,w10s-dlt-off,63,8635392,0.41,0.859,-1.0,0.0247,0.0,0.0,0.0,0.0011,1.0,0.931
w10s-dlt-off-s63,w10s-dlt-off,63,8666112,0.49,0.91,-1.0,-0.0872,0.0,0.0,0.0,0.0011,1.0,0.931
w10s-dlt-off-s63,w10s-dlt-off,63,8696832,0.44,0.873,-1.0,0.3133,0.0,0.0,0.0,0.0011,1.0,0.93
w10s-dlt-off-s63,w10s-dlt-off,63,8727552,0.44,0.892,-1.0,0.0461,0.0,0.0,0.0,0.0011,1.0,0.93
w10s-dlt-off-s63,w10s-dlt-off,63,8758272,0.45,0.913,-1.0,0.0935,0.0,0.0,0.0,0.0011,1.0,0.93
w10s-dlt-off-s63,w10s-dlt-off,63,8788992,0.47,0.932,-1.0,-0.0217,0.0,0.0,0.0,0.0009,1.0,0.93
w10s-dlt-off-s63,w10s-dlt-off,63,8819712,0.41,0.858,-1.0,-0.0617,0.0,0.0,0.0,0.0011,1.0,0.93
w10s-dlt-off-s63,w10s-dlt-off,63,8850432,0.47,0.879,-1.0,0.0076,0.0,0.0,0.0,0.001,1.0,0.93
w10s-dlt-off-s63,w10s-dlt-off,63,8881152,0.4,0.884,-1.0,-0.0727,0.0,0.0,0.0,0.001,1.0,0.93
w10s-dlt-off-s63,w10s-dlt-off,63,8911872,0.39,0.873,-1.0,0.4493,0.0,0.0,0.0,0.0011,1.0,0.93
w10s-dlt-off-s63,w10s-dlt-off,63,8942592,0.44,0.917,-1.0,0.0254,0.0,0.0,0.0,0.001,1.0,0.93
w10s-dlt-off-s63,w10s-dlt-off,63,8973312,0.41,0.86,-1.0,0.1563,0.0,0.0,0.0,0.001,1.0,0.93
w10s-dlt-off-s63,w10s-dlt-off,63,9004032,0.52,0.921,-1.0,0.2101,0.0,0.0,0.0,0.001,1.0,0.93
w10s-dlt-off-s63,w10s-dlt-off,63,9034752,0.55,0.972,-1.0,0.0171,0.0,0.0,0.0,0.0011,1.0,0.929
w10s-dlt-off-s63,w10s-dlt-off,63,9065472,0.57,1.019,-1.0,0.0873,0.0,0.0,0.0,0.0011,1.0,0.929
w10s-dlt-off-s63,w10s-dlt-off,63,9096192,0.52,0.918,-1.0,0.4429,0.0,0.0,0.0,0.001,1.0,0.929
w10s-dlt-off-s63,w10s-dlt-off,63,9126912,0.5,0.938,-1.0,0.0887,0.0,0.0,0.0,0.001,1.0,0.929
w10s-dlt-off-s63,w10s-dlt-off,63,9157632,0.51,0.944,-1.0,0.0698,0.0,0.0,0.0,0.0011,1.0,0.929
w10s-dlt-off-s63,w10s-dlt-off,63,9188352,0.48,0.954,-1.0,-0.0175,0.0,0.0,0.0,0.0011,1.0,0.929
w10s-dlt-off-s63,w10s-dlt-off,63,9219072,0.45,0.943,-1.0,0.2135,0.0,0.0,0.0,0.0011,1.0,0.929
w10s-dlt-off-s63,w10s-dlt-off,63,9249792,0.46,0.892,-1.0,0.004,0.0,0.0,0.0,0.001,1.0,0.929
w10s-dlt-off-s63,w10s-dlt-off,63,9280512,0.58,0.995,-1.0,0.1589,0.0,0.0,0.0,0.001,1.0,0.929
w10s-dlt-off-s63,w10s-dlt-off,63,9311232,0.52,0.963,-1.0,0.036,0.0,0.0,0.0,0.0009,1.0,0.929
w10s-dlt-off-s63,w10s-dlt-off,63,9341952,0.49,0.996,-1.0,0.2029,0.0,0.0,0.0,0.001,1.0,0.929
w10s-dlt-off-s63,w10s-dlt-off,63,9372672,0.53,0.976,-1.0,0.1416,0.0,0.0,0.0,0.001,1.0,0.928
w10s-dlt-off-s63,w10s-dlt-off,63,9403392,0.57,1.023,-1.0,0.1524,0.0,0.0,0.0,0.001,1.0,0.928
w10s-dlt-off-s63,w10s-dlt-off,63,9434112,0.59,1.031,-1.0,0.23,0.0,0.0,0.0,0.0011,1.0,0.928
w10s-dlt-off-s63,w10s-dlt-off,63,9464832,0.51,0.948,-1.0,0.2337,0.0,0.0,0.0,0.0011,1.0,0.928
w10s-dlt-off-s63,w10s-dlt-off,63,9495552,0.52,0.996,-1.0,0.1825,0.0,0.0,0.0,0.001,1.0,0.928
w10s-dlt-off-s63,w10s-dlt-off,63,9526272,0.45,0.894,-1.0,0.3558,0.0,0.0,0.0,0.001,1.0,0.928
w10s-dlt-off-s63,w10s-dlt-off,63,9556992,0.55,0.981,-1.0,0.2478,0.0,0.0,0.0,0.001,1.0,0.928
w10s-dlt-off-s63,w10s-dlt-off,63,9587712,0.58,0.983,-1.0,0.2025,0.0,0.0,0.0,0.0009,1.0,0.928
w10s-dlt-off-s63,w10s-dlt-off,63,9618432,0.54,0.998,-1.0,0.3114,0.0,0.0,0.0,0.001,1.0,0.928
w10s-dlt-off-s63,w10s-dlt-off,63,9649152,0.49,0.929,-1.0,0.3873,0.0,0.0,0.0,0.001,1.0,0.927
w10s-dlt-off-s63,w10s-dlt-off,63,9679872,0.54,1.005,-1.0,0.1462,0.0,0.0,0.0,0.001,1.0,0.927
w10s-dlt-off-s63,w10s-dlt-off,63,9710592,0.59,1.031,-1.0,0.1754,0.0,0.0,0.0,0.001,1.0,0.927
w10s-dlt-off-s63,w10s-dlt-off,63,9741312,0.54,1.008,-1.0,0.1283,0.0,0.0,0.0,0.001,1.0,0.927
w10s-dlt-off-s63,w10s-dlt-off,63,9772032,0.49,0.921,-1.0,0.3188,0.0,0.0,0.0,0.0009,1.0,0.927
w10s-dlt-off-s63,w10s-dlt-off,63,9802752,0.52,0.96,-1.0,0.3581,0.0,0.0,0.0,0.001,1.0,0.927
w10s-dlt-off-s63,w10s-dlt-off,63,9833472,0.52,0.989,-1.0,0.3985,0.0,0.0,0.0,0.0009,1.0,0.927
w10s-dlt-off-s63,w10s-dlt-off,63,9864192,0.51,0.958,-1.0,0.2893,0.0,0.0,0.0,0.0009,1.0,0.927
w10s-dlt-off-s63,w10s-dlt-off,63,9894912,0.56,0.964,-1.0,0.2369,0.0,0.0,0.0,0.001,1.0,0.927
w10s-dlt-off-s63,w10s-dlt-off,63,9925632,0.56,0.973,-1.0,0.2092,0.0,0.0,0.0,0.001,1.0,0.926
w10s-dlt-off-s63,w10s-dlt-off,63,9956352,0.47,0.949,-1.0,0.3309,0.0,0.0,0.0,0.001,1.0,0.926
w10s-dlt-off-s63,w10s-dlt-off,63,9987072,0.57,1.015,-1.0,0.5504,0.0,0.0,0.0,0.0011,1.0,0.926
w10s-dlt-off-s63,w10s-dlt-off,63,10017792,0.53,0.976,-1.0,0.6246,0.0,0.0,0.0,0.0009,1.0,0.926
w10s-dlt-off-s63,w10s-dlt-off,63,10048512,0.46,0.882,-1.0,0.4636,0.0,0.0,0.0,0.001,1.0,0.926
w10s-dlt-off-s63,w10s-dlt-off,63,10079232,0.56,0.999,-1.0,0.2899,0.0,0.0,0.0,0.001,1.0,0.926
w10s-dlt-off-s63,w10s-dlt-off,63,10109952,0.56,1.015,-1.0,0.3315,0.0,0.0,0.0,0.0009,1.0,0.926
w10s-dlt-off-s63,w10s-dlt-off,63,10140672,0.56,0.98,-1.0,0.2675,0.0,0.0,0.0,0.001,1.0,0.926
w10s-dlt-off-s63,w10s-dlt-off,63,10171392,0.59,1.047,-1.0,0.3873,0.0,0.0,0.0,0.001,1.0,0.926
w10s-dlt-off-s63,w10s-dlt-off,63,10202112,0.62,1.049,-1.0,0.395,0.0,0.0,0.0,0.001,1.0,0.925
w10s-dlt-off-s63,w10s-dlt-off,63,10232832,0.54,0.978,-1.0,0.2672,0.0,0.0,0.0,0.0009,1.0,0.925
w10s-dlt-off-s63,w10s-dlt-off,63,10263552,0.56,0.976,-1.0,0.7209,0.0,0.0,0.0,0.0011,1.0,0.925
w10s-dlt-off-s63,w10s-dlt-off,63,10294272,0.66,1.06,-1.0,0.4096,0.0,0.0,0.0,0.001,1.0,0.925
w10s-dlt-off-s63,w10s-dlt-off,63,10324992,0.45,0.943,-1.0,0.2918,0.0,0.0,0.0,0.0011,1.0,0.925
w10s-dlt-off-s63,w10s-dlt-off,63,10355712,0.53,0.972,-1.0,0.6221,0.0,0.0,0.0,0.001,1.0,0.925
w10s-dlt-off-s63,w10s-dlt-off,63,10386432,0.52,0.994,-1.0,0.6323,0.0,0.0,0.0,0.001,1.0,0.925
w10s-dlt-off-s63,w10s-dlt-off,63,10417152,0.51,0.952,-1.0,0.3733,0.0,0.0,0.0,0.0009,1.0,0.925
w10s-dlt-off-s63,w10s-dlt-off,63,10447872,0.57,1.03,-1.0,0.328,0.0,0.0,0.0,0.001,1.0,0.925
w10s-dlt-off-s63,w10s-dlt-off,63,10478592,0.59,1.047,-1.0,0.2886,0.0,0.0,0.0,0.001,1.0,0.924
w10s-dlt-off-s63,w10s-dlt-off,63,10509312,0.51,1.012,-1.0,0.7757,0.0,0.0,0.0,0.001,1.0,0.924
w10s-dlt-off-s63,w10s-dlt-off,63,10540032,0.62,1.059,-1.0,0.3881,0.0,0.0,0.0,0.0009,1.0,0.924
w10s-dlt-off-s63,w10s-dlt-off,63,10570752,0.63,1.083,-1.0,0.4636,0.0,0.0,0.0,0.001,1.0,0.924
w10s-dlt-off-s63,w10s-dlt-off,63,10601472,0.6,1.056,-1.0,0.3888,0.0,0.0,0.0,0.0009,1.0,0.924
w10s-dlt-off-s63,w10s-dlt-off,63,10632192,0.6,1.055,-1.0,0.403,0.0,0.0,0.0,0.0009,1.0,0.924
w10s-dlt-off-s63,w10s-dlt-off,63,10662912,0.57,1.015,-1.0,0.2772,0.0,0.0,0.0,0.001,1.0,0.924
w10s-dlt-off-s63,w10s-dlt-off,63,10693632,0.66,1.062,-1.0,0.4061,0.0,0.0,0.0,0.0011,1.0,0.924
w10s-dlt-off-s63,w10s-dlt-off,63,10724352,0.54,0.993,-1.0,0.4557,0.0,0.0,0.0,0.0009,1.0,0.924
w10s-dlt-off-s63,w10s-dlt-off,63,10755072,0.54,0.993,-1.0,0.2028,0.0,0.0,0.0,0.0009,1.0,0.923
w10s-dlt-off-s63,w10s-dlt-off,63,10785792,0.61,1.064,-1.0,0.0437,0.0,0.0,0.0,0.001,1.0,0.923
w10s-dlt-off-s63,w10s-dlt-off,63,10816512,0.59,1.056,-1.0,0.3458,0.0,0.0,0.0,0.0008,1.0,0.923
w10s-dlt-off-s63,w10s-dlt-off,63,10847232,0.59,1.054,-1.0,0.5643,0.0,0.0,0.0,0.0009,1.0,0.923
w10s-dlt-off-s63,w10s-dlt-off,63,10877952,0.57,1.02,-1.0,0.4113,0.0,0.0,0.0,0.001,1.0,0.923
w10s-dlt-off-s63,w10s-dlt-off,63,10908672,0.62,1.046,-1.0,0.6157,0.0,0.0,0.0,0.001,1.0,0.923
w10s-dlt-off-s63,w10s-dlt-off,63,10939392,0.71,1.113,-1.0,0.3723,0.0,0.0,0.0,0.001,1.0,0.923
w10s-dlt-off-s63,w10s-dlt-off,63,10970112,0.68,1.106,-1.0,0.2994,0.0,0.0,0.0,0.0009,1.0,0.923
w10s-dlt-off-s63,w10s-dlt-off,63,11000832,0.53,0.987,-1.0,0.4995,0.0,0.0,0.0,0.001,1.0,0.922
w10s-dlt-off-s63,w10s-dlt-off,63,11031552,0.61,1.062,-1.0,0.3531,0.0,0.0,0.0,0.001,1.0,0.922
w10s-dlt-off-s63,w10s-dlt-off,63,11062272,0.59,1.036,-1.0,0.6921,0.0,0.0,0.0,0.0009,1.0,0.922
w10s-dlt-off-s63,w10s-dlt-off,63,11092992,0.56,1.024,-1.0,0.3645,0.0,0.0,0.0,0.001,1.0,0.922
w10s-dlt-off-s63,w10s-dlt-off,63,11123712,0.61,1.042,-1.0,0.4742,0.0,0.0,0.0,0.001,1.0,0.922
w10s-dlt-off-s63,w10s-dlt-off,63,11154432,0.7,1.11,-1.0,0.4657,0.0,0.0,0.0,0.0009,1.0,0.922
w10s-dlt-off-s63,w10s-dlt-off,63,11185152,0.51,0.967,-1.0,0.3741,0.0,0.0,0.0,0.0009,1.0,0.922
w10s-dlt-off-s63,w10s-dlt-off,63,11215872,0.69,1.12,-1.0,0.5619,0.0,0.0,0.0,0.0009,1.0,0.922
w10s-dlt-off-s63,w10s-dlt-off,63,11246592,0.64,1.089,-1.0,0.417,0.0,0.0,0.0,0.0009,1.0,0.921
w10s-dlt-off-s63,w10s-dlt-off,63,11277312,0.65,1.085,-1.0,0.6359,0.0,0.0,0.0,0.001,1.0,0.921
w10s-dlt-off-s63,w10s-dlt-off,63,11308032,0.52,0.991,-1.0,0.6079,0.0,0.0,0.0,0.0009,1.0,0.921
w10s-dlt-off-s63,w10s-dlt-off,63,11338752,0.63,1.057,-1.0,0.1679,0.0,0.0,0.0,0.0009,1.0,0.921
w10s-dlt-off-s63,w10s-dlt-off,63,11369472,0.54,0.97,-1.0,0.3221,0.0,0.0,0.0,0.001,1.0,0.921
w10s-dlt-off-s63,w10s-dlt-off,63,11400192,0.52,0.937,-1.0,0.4445,0.0,0.0,0.0,0.0008,1.0,0.921
w10s-dlt-off-s63,w10s-dlt-off,63,11430912,0.62,1.061,-1.0,0.5726,0.0,0.0,0.0,0.001,1.0,0.921
w10s-dlt-off-s63,w10s-dlt-off,63,11461632,0.65,1.1,-1.0,0.4861,0.0,0.0,0.0,0.0009,1.0,0.921
w10s-dlt-off-s63,w10s-dlt-off,63,11492352,0.61,1.061,-1.0,0.2726,0.0,0.0,0.0,0.001,1.0,0.92
w10s-dlt-off-s63,w10s-dlt-off,63,11523072,0.57,1.031,-1.0,0.5914,0.0,0.0,0.0,0.001,1.0,0.92
w10s-dlt-off-s63,w10s-dlt-off,63,11553792,0.64,1.072,-1.0,0.3546,0.0,0.0,0.0,0.0009,1.0,0.92
w10s-dlt-off-s63,w10s-dlt-off,63,11584512,0.66,1.081,-1.0,0.5275,0.0,0.0,0.0,0.001,1.0,0.92
w10s-dlt-off-s63,w10s-dlt-off,63,11615232,0.65,1.073,-1.0,0.6954,0.0,0.0,0.0,0.0009,1.0,0.92
w10s-dlt-off-s63,w10s-dlt-off,63,11645952,0.63,1.066,-1.0,0.4386,0.0,0.0,0.0,0.001,1.0,0.92
w10s-dlt-off-s63,w10s-dlt-off,63,11676672,0.67,1.14,-1.0,0.6376,0.0,0.0,0.0,0.0009,1.0,0.92
w10s-dlt-off-s63,w10s-dlt-off,63,11707392,0.62,1.065,-1.0,0.4882,0.0,0.0,0.0,0.001,1.0,0.92
w10s-dlt-off-s63,w10s-dlt-off,63,11738112,0.7,1.135,-1.0,0.6104,0.0,0.0,0.0,0.001,1.0,0.919
w10s-dlt-off-s63,w10s-dlt-off,63,11768832,0.7,1.139,-1.0,0.4602,0.0,0.0,0.0,0.0009,1.0,0.919
w10s-dlt-off-s63,w10s-dlt-off,63,11799552,0.64,1.12,-1.0,0.6109,0.0,0.0,0.0,0.0009,1.0,0.919
w10s-dlt-off-s63,w10s-dlt-off,63,11830272,0.67,1.125,-1.0,0.5657,0.0,0.0,0.0,0.001,1.0,0.919
w10s-dlt-off-s63,w10s-dlt-off,63,11860992,0.64,1.094,-1.0,0.4543,0.0,0.0,0.0,0.001,1.0,0.919
w10s-dlt-off-s63,w10s-dlt-off,63,11891712,0.71,1.169,-1.0,0.5281,0.0,0.0,0.0,0.001,1.0,0.919
w10s-dlt-off-s63,w10s-dlt-off,63,11922432,0.66,1.107,-1.0,0.5876,0.0,0.0,0.0,0.0009,1.0,0.919
w10s-dlt-off-s63,w10s-dlt-off,63,11953152,0.66,1.111,-1.0,0.5002,0.0,0.0,0.0,0.001,1.0,0.919
w10s-dlt-off-s63,w10s-dlt-off,63,11983872,0.75,1.212,-1.0,0.6064,0.0,0.0,0.0,0.0009,1.0,0.918
w10s-dlt-off-s63,w10s-dlt-off,63,12014592,0.72,1.144,-1.0,0.4272,0.0,0.0,0.0,0.001,1.0,0.918
w10s-dlt-off-s63,w10s-dlt-off,63,12045312,0.6,1.052,-1.0,0.6965,0.0,0.0,0.0,0.001,1.0,0.918
w10s-dlt-off-s63,w10s-dlt-off,63,12076032,0.68,1.12,-1.0,0.3777,0.0,0.0,0.0,0.001,1.0,0.918
w10s-dlt-off-s63,w10s-dlt-off,63,12106752,0.72,1.195,-1.0,0.6364,0.0,0.0,0.0,0.0009,1.0,0.918
w10s-dlt-off-s63,w10s-dlt-off,63,12137472,0.64,1.117,-1.0,0.7185,0.0,0.0,0.0,0.0009,1.0,0.918
w10s-dlt-off-s63,w10s-dlt-off,63,12168192,0.67,1.142,-1.0,0.639,0.0,0.0,0.0,0.001,1.0,0.918
w10s-dlt-off-s63,w10s-dlt-off,63,12198912,0.66,1.109,-1.0,0.7048,0.0,0.0,0.0,0.0008,1.0,0.918
w10s-dlt-off-s63,w10s-dlt-off,63,12229632,0.73,1.192,-1.0,0.5765,0.0,0.0,0.0,0.0009,1.0,0.917
w10s-dlt-off-s63,w10s-dlt-off,63,12260352,0.69,1.148,-1.0,0.8115,0.0,0.0,0.0,0.001,1.0,0.917
w10s-dlt-off-s63,w10s-dlt-off,63,12291072,0.65,1.103,-1.0,0.5811,0.0,0.0,0.0,0.0009,1.0,0.917
w10s-dlt-off-s63,w10s-dlt-off,63,12321792,0.67,1.137,-1.0,0.6055,0.0,0.0,0.0,0.0009,1.0,0.917
w10s-dlt-off-s63,w10s-dlt-off,63,12352512,0.67,1.135,-1.0,0.6777,0.0,0.0,0.0,0.001,1.0,0.917
w10s-dlt-off-s63,w10s-dlt-off,63,12383232,0.75,1.187,-1.0,0.5788,0.0,0.0,0.0,0.0009,1.0,0.917
w10s-dlt-off-s63,w10s-dlt-off,63,12413952,0.68,1.128,-1.0,0.6742,0.0,0.0,0.0,0.0009,1.0,0.917
w10s-dlt-off-s63,w10s-dlt-off,63,12444672,0.72,1.174,-1.0,0.4438,0.0,0.0,0.0,0.001,1.0,0.917
w10s-dlt-off-s63,w10s-dlt-off,63,12475392,0.7,1.147,-1.0,0.6093,0.0,0.0,0.0,0.001,1.0,0.916
w10s-dlt-off-s63,w10s-dlt-off,63,12506112,0.67,1.158,-1.0,0.6615,0.0,0.0,0.0,0.0008,1.0,0.916
w10s-dlt-off-s63,w10s-dlt-off,63,12536832,0.73,1.178,-1.0,0.5623,0.0,0.0,0.0,0.001,1.0,0.916
w10s-dlt-off-s63,w10s-dlt-off,63,12567552,0.65,1.106,-1.0,0.7342,0.0,0.0,0.0,0.0009,1.0,0.916
w10s-dlt-off-s63,w10s-dlt-off,63,12598272,0.71,1.167,-1.0,0.8339,0.0,0.0,0.0,0.0009,1.0,0.916
w10s-dlt-off-s63,w10s-dlt-off,63,12628992,0.68,1.174,-1.0,0.65,0.0,0.0,0.0,0.0009,1.0,0.916
w10s-dlt-off-s63,w10s-dlt-off,63,12659712,0.76,1.236,-1.0,0.6061,0.0,0.0,0.0,0.0009,1.0,0.916
w10s-dlt-off-s63,w10s-dlt-off,63,12690432,0.69,1.156,-1.0,0.6214,0.0,0.0,0.0,0.0009,1.0,0.916
w10s-dlt-off-s63,w10s-dlt-off,63,12721152,0.65,1.116,-1.0,0.4584,0.0,0.0,0.0,0.0009,1.0,0.915
w10s-dlt-off-s63,w10s-dlt-off,63,12751872,0.76,1.181,-1.0,0.5924,0.0,0.0,0.0,0.0009,1.0,0.915
w10s-dlt-off-s63,w10s-dlt-off,63,12782592,0.75,1.148,-1.0,0.7554,0.0,0.0,0.0,0.0009,1.0,0.915
w10s-dlt-off-s63,w10s-dlt-off,63,12813312,0.71,1.184,-1.0,0.823,0.0,0.0,0.0,0.0009,1.0,0.915
w10s-dlt-off-s63,w10s-dlt-off,63,12844032,0.69,1.127,-1.0,0.5687,0.0,0.0,0.0,0.0009,1.0,0.915
w10s-dlt-off-s63,w10s-dlt-off,63,12874752,0.68,1.13,-1.0,0.5155,0.0,0.0,0.0,0.0009,1.0,0.915
w10s-dlt-off-s63,w10s-dlt-off,63,12905472,0.73,1.17,-1.0,0.8111,0.0,0.0,0.0,0.0009,1.0,0.915
w10s-dlt-off-s63,w10s-dlt-off,63,12936192,0.68,1.153,-1.0,0.7412,0.0,0.0,0.0,0.0009,1.0,0.915
w10s-dlt-off-s63,w10s-dlt-off,63,12966912,0.74,1.198,-1.0,0.7642,0.0,0.0,0.0,0.0008,1.0,0.914
w10s-dlt-off-s63,w10s-dlt-off,63,12997632,0.75,1.2,-1.0,0.8139,0.0,0.0,0.0,0.0009,1.0,0.914
w10s-dlt-off-s63,w10s-dlt-off,63,13028352,0.69,1.139,-1.0,0.7736,0.0,0.0,0.0,0.0009,1.0,0.914
w10s-dlt-off-s63,w10s-dlt-off,63,13059072,0.64,1.1,-1.0,0.8298,0.0,0.0,0.0,0.001,1.0,0.914
w10s-dlt-off-s63,w10s-dlt-off,63,13089792,0.75,1.178,-1.0,1.0136,0.0,0.0,0.0,0.0009,1.0,0.914
w10s-dlt-off-s63,w10s-dlt-off,63,13120512,0.73,1.177,-1.0,0.6145,0.0,0.0,0.0,0.0008,1.0,0.914
w10s-dlt-off-s63,w10s-dlt-off,63,13151232,0.72,1.178,-1.0,0.6722,0.0,0.0,0.0,0.001,1.0,0.914
w10s-dlt-off-s63,w10s-dlt-off,63,13181952,0.71,1.164,-1.0,0.6407,0.0,0.0,0.0,0.0009,1.0,0.914
w10s-dlt-off-s63,w10s-dlt-off,63,13212672,0.7,1.147,-1.0,0.7031,0.0,0.0,0.0,0.0009,1.0,0.914
w10s-dlt-off-s63,w10s-dlt-off,63,13243392,0.72,1.177,-1.0,0.6165,0.0,0.0,0.0,0.001,1.0,0.913
w10s-dlt-off-s63,w10s-dlt-off,63,13274112,0.72,1.177,-1.0,0.761,0.0,0.0,0.0,0.0009,1.0,0.913
w10s-dlt-off-s63,w10s-dlt-off,63,13304832,0.71,1.165,-1.0,0.7705,0.0,0.0,0.0,0.0008,1.0,0.913
w10s-dlt-off-s63,w10s-dlt-off,63,13335552,0.72,1.177,-1.0,0.774,0.0,0.0,0.0,0.0009,1.0,0.913
w10s-dlt-off-s63,w10s-dlt-off,63,13366272,0.79,1.238,-1.0,0.7159,0.0,0.0,0.0,0.0009,1.0,0.913
w10s-dlt-off-s63,w10s-dlt-off,63,13396992,0.74,1.212,-1.0,0.8159,0.0,0.0,0.0,0.0008,1.0,0.913
w10s-dlt-off-s63,w10s-dlt-off,63,13427712,0.68,1.15,-1.0,0.736,0.0,0.0,0.0,0.0009,1.0,0.913
w10s-dlt-off-s63,w10s-dlt-off,63,13458432,0.73,1.166,-1.0,0.7072,0.0,0.0,0.0,0.0009,1.0,0.913
w10s-dlt-off-s63,w10s-dlt-off,63,13489152,0.67,1.127,-1.0,0.7957,0.0,0.0,0.0,0.001,1.0,0.912
w10s-dlt-off-s63,w10s-dlt-off,63,13519872,0.78,1.243,-1.0,0.6972,0.0,0.0,0.0,0.0009,1.0,0.912
w10s-dlt-off-s63,w10s-dlt-off,63,13550592,0.74,1.162,-1.0,0.9091,0.0,0.0,0.0,0.0009,1.0,0.912
w10s-dlt-off-s63,w10s-dlt-off,63,13581312,0.65,1.081,-1.0,0.8693,0.0,0.0,0.0,0.0009,1.0,0.912
w10s-dlt-off-s63,w10s-dlt-off,63,13612032,0.74,1.198,-1.0,0.9264,0.0,0.0,0.0,0.0009,1.0,0.912
w10s-dlt-off-s63,w10s-dlt-off,63,13642752,0.75,1.193,-1.0,0.6732,0.0,0.0,0.0,0.0009,1.0,0.912
w10s-dlt-off-s63,w10s-dlt-off,63,13673472,0.72,1.171,-1.0,0.8274,0.0,0.0,0.0,0.0009,1.0,0.912
w10s-dlt-off-s63,w10s-dlt-off,63,13704192,0.78,1.208,-1.0,1.0474,0.0,0.0,0.0,0.0009,1.0,0.912
w10s-dlt-off-s63,w10s-dlt-off,63,13734912,0.73,1.159,-1.0,0.8431,0.0,0.0,0.0,0.0008,1.0,0.912
w10s-dlt-off-s63,w10s-dlt-off,63,13765632,0.79,1.228,-1.0,0.7914,0.0,0.0,0.0,0.0009,1.0,0.911
w10s-dlt-off-s63,w10s-dlt-off,63,13796352,0.77,1.197,-1.0,0.8135,0.0,0.0,0.0,0.0009,1.0,0.911
w10s-dlt-off-s63,w10s-dlt-off,63,13827072,0.71,1.198,-1.0,0.7027,0.0,0.0,0.0,0.0008,1.0,0.911
w10s-dlt-off-s63,w10s-dlt-off,63,13857792,0.78,1.191,-1.0,0.7049,0.0,0.0,0.0,0.0009,1.0,0.911
w10s-dlt-off-s63,w10s-dlt-off,63,13888512,0.77,1.228,-1.0,0.8599,0.0,0.0,0.0,0.0009,1.0,0.911
w10s-dlt-off-s63,w10s-dlt-off,63,13919232,0.77,1.23,-1.0,0.8615,0.0,0.0,0.0,0.0009,1.0,0.911
w10s-dlt-off-s63,w10s-dlt-off,63,13949952,0.77,1.218,-1.0,0.7996,0.0,0.0,0.0,0.0009,1.0,0.911
w10s-dlt-off-s63,w10s-dlt-off,63,13980672,0.83,1.271,-1.0,0.7524,0.0,0.0,0.0,0.001,1.0,0.911
w10s-dlt-off-s63,w10s-dlt-off,63,14011392,0.8,1.197,-1.0,0.9081,0.0,0.0,0.0,0.0009,1.0,0.911
w10s-dlt-off-s63,w10s-dlt-off,63,14042112,0.83,1.259,-1.0,0.7929,0.0,0.0,0.0,0.001,1.0,0.91
w10s-dlt-off-s63,w10s-dlt-off,63,14072832,0.79,1.263,-1.0,0.9472,0.0,0.0,0.0,0.0009,1.0,0.91
w10s-dlt-off-s63,w10s-dlt-off,63,14103552,0.79,1.223,-1.0,0.7256,0.0,0.0,0.0,0.0009,1.0,0.91
w10s-dlt-off-s63,w10s-dlt-off,63,14134272,0.8,1.219,-1.0,0.7663,0.0,0.0,0.0,0.0009,1.0,0.91
w10s-dlt-off-s63,w10s-dlt-off,63,14164992,0.73,1.177,-1.0,0.8189,0.0,0.0,0.0,0.0008,1.0,0.91
w10s-dlt-off-s63,w10s-dlt-off,63,14195712,0.83,1.259,-1.0,0.8562,0.0,0.0,0.0,0.0008,1.0,0.91
w10s-dlt-off-s63,w10s-dlt-off,63,14226432,0.74,1.204,-1.0,0.8835,0.0,0.0,0.0,0.0009,1.0,0.91
w10s-dlt-off-s63,w10s-dlt-off,63,14257152,0.74,1.19,-1.0,0.9084,0.0,0.0,0.0,0.0009,1.0,0.91
w10s-dlt-off-s63,w10s-dlt-off,63,14287872,0.73,1.18,-1.0,1.1018,0.0,0.0,0.0,0.0009,1.0,0.909
w10s-dlt-off-s63,w10s-dlt-off,63,14318592,0.79,1.249,-1.0,1.014,0.0,0.0,0.0,0.0009,1.0,0.909
w10s-dlt-off-s63,w10s-dlt-off,63,14349312,0.89,1.304,-1.0,0.8734,0.0,0.0,0.0,0.0008,1.0,0.909
w10s-dlt-off-s63,w10s-dlt-off,63,14380032,0.88,1.289,-1.0,1.0179,0.0,0.0,0.0,0.0009,1.0,0.909
w10s-dlt-off-s63,w10s-dlt-off,63,14410752,0.72,1.187,-1.0,0.8837,0.0,0.0,0.0,0.0009,1.0,0.909
w10s-dlt-off-s63,w10s-dlt-off,63,14441472,0.73,1.232,-1.0,0.7653,0.0,0.0,0.0,0.0009,1.0,0.909
w10s-dlt-off-s63,w10s-dlt-off,63,14472192,0.78,1.221,-1.0,0.8321,0.0,0.0,0.0,0.0009,1.0,0.909
w10s-dlt-off-s63,w10s-dlt-off,63,14502912,0.85,1.286,-1.0,0.8977,0.0,0.0,0.0,0.0008,1.0,0.909
w10s-dlt-off-s63,w10s-dlt-off,63,14533632,0.77,1.21,-1.0,0.9752,0.0,0.0,0.0,0.0008,1.0,0.909
w10s-dlt-off-s63,w10s-dlt-off,63,14564352,0.81,1.257,-1.0,0.8273,0.0,0.0,0.0,0.0008,1.0,0.908
w10s-dlt-off-s63,w10s-dlt-off,63,14595072,0.78,1.211,-1.0,0.8781,0.0,0.0,0.0,0.0009,1.0,0.908
w10s-dlt-off-s63,w10s-dlt-off,63,14625792,0.76,1.203,-1.0,0.9647,0.0,0.0,0.0,0.0008,1.0,0.908
w10s-dlt-off-s63,w10s-dlt-off,63,14656512,0.75,1.219,-1.0,0.8321,0.0,0.0,0.0,0.0009,1.0,0.908
w10s-dlt-off-s63,w10s-dlt-off,63,14687232,0.84,1.263,-1.0,1.0141,0.0,0.0,0.0,0.0008,1.0,0.908
w10s-dlt-off-s63,w10s-dlt-off,63,14717952,0.84,1.257,-1.0,0.8952,0.0,0.0,0.0,0.0008,1.0,0.908
w10s-dlt-off-s63,w10s-dlt-off,63,14748672,0.85,1.26,-1.0,0.9421,0.0,0.0,0.0,0.0009,1.0,0.908
w10s-dlt-off-s63,w10s-dlt-off,63,14779392,0.81,1.251,-1.0,1.0947,0.0,0.0,0.0,0.0009,1.0,0.908
w10s-dlt-off-s63,w10s-dlt-off,63,14810112,0.84,1.292,-1.0,1.0896,0.0,0.0,0.0,0.0008,1.0,0.908
w10s-dlt-off-s63,w10s-dlt-off,63,14840832,0.91,1.325,-1.0,0.9048,0.0,0.0,0.0,0.0009,1.0,0.907
w10s-dlt-off-s63,w10s-dlt-off,63,14871552,0.76,1.197,-1.0,0.8955,0.0,0.0,0.0,0.0009,1.0,0.907
w10s-dlt-off-s63,w10s-dlt-off,63,14902272,0.76,1.215,-1.0,0.9977,0.0,0.0,0.0,0.0009,1.0,0.907
w10s-dlt-off-s63,w10s-dlt-off,63,14932992,0.84,1.268,-1.0,1.0166,0.0,0.0,0.0,0.0008,1.0,0.907
w10s-dlt-off-s63,w10s-dlt-off,63,14963712,0.83,1.279,-1.0,0.9548,0.0,0.0,0.0,0.0009,1.0,0.907
w10s-dlt-off-s63,w10s-dlt-off,63,14994432,0.78,1.232,-1.0,0.9684,0.0,0.0,0.0,0.0008,1.0,0.907
w10s-dlt-off-s63,w10s-dlt-off,63,14997504,0.83,1.233,-1.0,0.9661,0.0,0.0,0.0,0.0007,1.0,0.907
w10s-obj-off-s63,w10s-obj-off,63,3072,0.0,0.412,-1.0,,,,,,,
w10s-obj-off-s63,w10s-obj-off,63,33792,0.0,0.423,-1.0,-1.0,0.0,0.0,0.0,0.0,0.941,0.92
w10s-obj-off-s63,w10s-obj-off,63,64512,0.0,0.469,-1.0,-0.9522,0.0,0.0,0.0,0.0,0.978,0.912
w10s-obj-off-s63,w10s-obj-off,63,95232,0.0,0.451,-1.0,-1.0,0.0,0.0,0.0,0.0,0.991,0.91
w10s-obj-off-s63,w10s-obj-off,63,125952,0.0,0.489,-1.0,-0.975,0.0,0.0,0.0,0.0,0.997,0.908
w10s-obj-off-s63,w10s-obj-off,63,156672,0.01,0.492,-1.0,-0.9543,0.0,0.0,0.0,0.0,0.999,0.906
w10s-obj-off-s63,w10s-obj-off,63,187392,0.01,0.499,-1.0,-0.975,0.0,0.0,0.0,0.0,0.999,0.905
w10s-obj-off-s63,w10s-obj-off,63,218112,0.0,0.483,-1.0,-0.9797,0.0,0.0,0.0,0.0,1.0,0.906
w10s-obj-off-s63,w10s-obj-off,63,248832,0.01,0.483,-1.0,-1.0,0.0,0.0,0.0,0.0,1.0,0.908
w10s-obj-off-s63,w10s-obj-off,63,279552,0.01,0.527,-1.0,-0.975,0.0,0.0,0.0,0.0,1.0,0.909
w10s-obj-off-s63,w10s-obj-off,63,310272,0.02,0.501,-1.0,-1.0,0.0,0.0,0.0,0.0,1.0,0.91
w10s-obj-off-s63,w10s-obj-off,63,340992,0.01,0.491,-1.0,-0.95,0.0,0.0,0.0,0.0,1.0,0.912
w10s-obj-off-s63,w10s-obj-off,63,371712,0.01,0.502,-1.0,-0.9759,0.0,0.0,0.0,0.0,1.0,0.913
w10s-obj-off-s63,w10s-obj-off,63,402432,0.02,0.549,-1.0,-0.9772,0.0,0.0,0.0,0.0,1.0,0.913
w10s-obj-off-s63,w10s-obj-off,63,433152,0.02,0.494,-1.0,-1.0,0.0,0.0,0.0,0.0,1.0,0.915
w10s-obj-off-s63,w10s-obj-off,63,463872,0.0,0.495,-1.0,-0.9079,0.0,0.0,0.0,0.0,1.0,0.917
w10s-obj-off-s63,w10s-obj-off,63,494592,0.01,0.494,-1.0,-0.9559,0.0,0.0,0.0,0.0,1.0,0.918
w10s-obj-off-s63,w10s-obj-off,63,525312,0.04,0.546,-1.0,-1.0,0.0,0.0,0.0,0.0,1.0,0.92
w10s-obj-off-s63,w10s-obj-off,63,556032,0.0,0.512,-1.0,-0.9582,0.0,0.0,0.0,0.0,1.0,0.921
w10s-obj-off-s63,w10s-obj-off,63,586752,0.02,0.517,-1.0,-0.9776,0.0,0.0,0.0,0.0,1.0,0.922
w10s-obj-off-s63,w10s-obj-off,63,617472,0.03,0.517,-1.0,-0.954,0.0,0.0,0.0,0.0,1.0,0.923
w10s-obj-off-s63,w10s-obj-off,63,648192,0.03,0.493,-1.0,-1.0,0.0,0.0,0.0,0.0,1.0,0.924
w10s-obj-off-s63,w10s-obj-off,63,678912,0.01,0.474,-1.0,-0.9293,0.0,0.0,0.0,0.0,1.0,0.924
w10s-obj-off-s63,w10s-obj-off,63,709632,0.01,0.473,-1.0,-0.9504,0.0,0.0,0.0,0.0,1.0,0.925
w10s-obj-off-s63,w10s-obj-off,63,740352,0.04,0.5,-1.0,-0.9501,0.0,0.0,0.0,0.0,1.0,0.927
w10s-obj-off-s63,w10s-obj-off,63,771072,0.02,0.552,-1.0,-0.9298,0.0,0.0,0.0,0.0,1.0,0.927
w10s-obj-off-s63,w10s-obj-off,63,801792,0.01,0.48,-1.0,-0.9293,0.0,0.0,0.0,0.0,1.0,0.928
w10s-obj-off-s63,w10s-obj-off,63,832512,0.02,0.496,-1.0,-0.9365,0.0,0.0,0.0,0.0,1.0,0.929
w10s-obj-off-s63,w10s-obj-off,63,863232,0.05,0.537,-1.0,-0.9526,0.0,0.0,0.0,0.0,1.0,0.929
w10s-obj-off-s63,w10s-obj-off,63,893952,0.03,0.533,-1.0,-0.9779,0.0,0.0,0.0,0.0,1.0,0.93
w10s-obj-off-s63,w10s-obj-off,63,924672,0.04,0.556,-1.0,-0.9567,0.0,0.0,0.0,0.0,1.0,0.931
w10s-obj-off-s63,w10s-obj-off,63,955392,0.02,0.515,-1.0,-0.952,0.0,0.0,0.0,0.0,1.0,0.931
w10s-obj-off-s63,w10s-obj-off,63,986112,0.02,0.5,-1.0,-0.906,0.0,0.0,0.0,0.0,1.0,0.931
w10s-obj-off-s63,w10s-obj-off,63,1016832,0.02,0.533,-1.0,-1.0,0.0,0.0,0.0,0.0,1.0,0.931
w10s-obj-off-s63,w10s-obj-off,63,1047552,0.01,0.506,-1.0,-1.0,0.0,0.0,0.0,0.0,1.0,0.931
w10s-obj-off-s63,w10s-obj-off,63,1078272,0.03,0.546,-1.0,-0.9533,0.0,0.0,0.0,0.0,1.0,0.932
w10s-obj-off-s63,w10s-obj-off,63,1108992,0.03,0.494,-1.0,-0.9047,0.0,0.0,0.0,0.0,1.0,0.932
w10s-obj-off-s63,w10s-obj-off,63,1139712,0.04,0.532,-1.0,-0.8625,0.0,0.0,0.0,0.0,1.0,0.932
w10s-obj-off-s63,w10s-obj-off,63,1170432,0.04,0.49,-1.0,-0.8585,0.0,0.0,0.0,0.0,1.0,0.932
w10s-obj-off-s63,w10s-obj-off,63,1201152,0.04,0.578,-1.0,-0.9543,0.0,0.0,0.0,0.0,1.0,0.932
w10s-obj-off-s63,w10s-obj-off,63,1231872,0.03,0.51,-1.0,-0.975,0.0,0.0,0.0,0.0,1.0,0.932
w10s-obj-off-s63,w10s-obj-off,63,1262592,0.01,0.461,-1.0,-0.9798,0.0,0.0,0.0,0.0,1.0,0.933
w10s-obj-off-s63,w10s-obj-off,63,1293312,0.02,0.484,-1.0,-0.9543,0.0,0.0,0.0,0.0,1.0,0.933
w10s-obj-off-s63,w10s-obj-off,63,1324032,0.03,0.499,-1.0,-0.9553,0.0,0.0,0.0,0.0,1.0,0.933
w10s-obj-off-s63,w10s-obj-off,63,1354752,0.03,0.494,-1.0,-0.975,0.0,0.0,0.0,0.0,1.0,0.933
w10s-obj-off-s63,w10s-obj-off,63,1385472,0.02,0.523,-1.0,-0.8928,0.0,0.0,0.0,0.0,1.0,0.933
w10s-obj-off-s63,w10s-obj-off,63,1416192,0.05,0.581,-1.0,-0.9312,0.0,0.0,0.0,0.0,1.0,0.933
w10s-obj-off-s63,w10s-obj-off,63,1446912,0.01,0.483,-1.0,-0.9269,0.0,0.0,0.0,0.0,1.0,0.933
w10s-obj-off-s63,w10s-obj-off,63,1477632,0.04,0.567,-1.0,-0.9089,0.0,0.0,0.0,0.0,1.0,0.933
w10s-obj-off-s63,w10s-obj-off,63,1508352,0.0,0.498,-1.0,-0.933,0.0,0.0,0.0,0.0,1.0,0.933
w10s-obj-off-s63,w10s-obj-off,63,1539072,0.04,0.545,-1.0,-0.857,0.0,0.0,0.0,0.0,1.0,0.933
w10s-obj-off-s63,w10s-obj-off,63,1569792,0.07,0.54,-1.0,-0.9319,0.0,0.0,0.0,0.0,1.0,0.934
w10s-obj-off-s63,w10s-obj-off,63,1600512,0.05,0.488,-1.0,-0.975,0.0,0.0,0.0,0.0,1.0,0.934
w10s-obj-off-s63,w10s-obj-off,63,1631232,0.03,0.546,-1.0,-0.9123,0.0,0.0,0.0,0.0,1.0,0.934
w10s-obj-off-s63,w10s-obj-off,63,1661952,0.02,0.547,-1.0,-0.9077,0.0,0.0,0.0,0.0,1.0,0.934
w10s-obj-off-s63,w10s-obj-off,63,1692672,0.05,0.529,-1.0,-0.9282,0.0,0.0,0.0,0.0,1.0,0.934
w10s-obj-off-s63,w10s-obj-off,63,1723392,0.06,0.551,-1.0,-0.9503,0.0,0.0,0.0,0.0,1.0,0.934
w10s-obj-off-s63,w10s-obj-off,63,1754112,0.04,0.575,-1.0,-0.8334,0.0,0.0,0.0,0.0,1.0,0.934
w10s-obj-off-s63,w10s-obj-off,63,1784832,0.04,0.57,-1.0,-0.859,0.0,0.0,0.0,0.0,1.0,0.934
w10s-obj-off-s63,w10s-obj-off,63,1815552,0.04,0.526,-1.0,-0.8382,0.0,0.0,0.0,0.0,1.0,0.934
w10s-obj-off-s63,w10s-obj-off,63,1846272,0.07,0.538,-1.0,-0.9539,0.0,0.0,0.0,0.0,1.0,0.935
w10s-obj-off-s63,w10s-obj-off,63,1876992,0.07,0.54,-1.0,-0.8647,0.0,0.0,0.0,0.0,1.0,0.935
w10s-obj-off-s63,w10s-obj-off,63,1907712,0.03,0.52,-1.0,-0.929,0.0,0.0,0.0,0.0,1.0,0.935
w10s-obj-off-s63,w10s-obj-off,63,1938432,0.03,0.539,-1.0,-0.9068,0.0,0.0,0.0,0.0,1.0,0.935
w10s-obj-off-s63,w10s-obj-off,63,1969152,0.04,0.546,-1.0,-0.8591,0.0,0.0,0.0,0.0,1.0,0.935
w10s-obj-off-s63,w10s-obj-off,63,1999872,0.08,0.548,-1.0,-0.975,0.0,0.0,0.0,0.0,1.0,0.935
w10s-obj-off-s63,w10s-obj-off,63,2030592,0.04,0.499,-1.0,-0.833,0.0,0.0,0.0,0.0,1.0,0.935
w10s-obj-off-s63,w10s-obj-off,63,2061312,0.05,0.567,-1.0,-0.9303,0.0,0.0,0.0,0.0,1.0,0.935
w10s-obj-off-s63,w10s-obj-off,63,2092032,0.05,0.536,-1.0,-0.9315,0.0,0.0,0.0,0.0,1.0,0.936
w10s-obj-off-s63,w10s-obj-off,63,2122752,0.05,0.555,-1.0,-0.8594,0.0,0.0,0.0,0.0,1.0,0.936
w10s-obj-off-s63,w10s-obj-off,63,2153472,0.07,0.559,-1.0,-0.8805,0.0,0.0,0.0,0.0,1.0,0.936
w10s-obj-off-s63,w10s-obj-off,63,2184192,0.06,0.535,-1.0,-0.8858,0.0,0.0,0.0,0.0,1.0,0.936
w10s-obj-off-s63,w10s-obj-off,63,2214912,0.04,0.522,-1.0,-0.8884,0.0,0.0,0.0,0.0,1.0,0.936
w10s-obj-off-s63,w10s-obj-off,63,2245632,0.04,0.52,-1.0,-0.8581,0.0,0.0,0.0,0.0,1.0,0.936
w10s-obj-off-s63,w10s-obj-off,63,2276352,0.04,0.497,-1.0,-0.9542,0.0,0.0,0.0,0.0,1.0,0.936
w10s-obj-off-s63,w10s-obj-off,63,2307072,0.09,0.556,-1.0,-0.8637,0.0,0.0,0.0,0.0,1.0,0.936
w10s-obj-off-s63,w10s-obj-off,63,2337792,0.07,0.543,-1.0,-0.7897,0.0,0.0,0.0,0.0,1.0,0.936
w10s-obj-off-s63,w10s-obj-off,63,2368512,0.08,0.526,-1.0,-0.844,0.0,0.0,0.0,0.0,1.0,0.936
w10s-obj-off-s63,w10s-obj-off,63,2399232,0.01,0.494,-1.0,-0.857,0.0,0.0,0.0,0.0,1.0,0.936
w10s-obj-off-s63,w10s-obj-off,63,2429952,0.08,0.573,-1.0,-0.844,0.0,0.0,0.0,0.0,1.0,0.936
w10s-obj-off-s63,w10s-obj-off,63,2460672,0.04,0.527,-1.0,-0.8569,0.0,0.0,0.0,0.0,1.0,0.936
w10s-obj-off-s63,w10s-obj-off,63,2491392,0.09,0.542,-1.0,-0.7562,0.0,0.0,0.0,0.0,1.0,0.936
w10s-obj-off-s63,w10s-obj-off,63,2522112,0.05,0.549,-1.0,-0.7979,0.0,0.0,0.0,0.0,1.0,0.936
w10s-obj-off-s63,w10s-obj-off,63,2552832,0.04,0.523,-1.0,-0.9043,0.0,0.0,0.0,0.0,1.0,0.937
w10s-obj-off-s63,w10s-obj-off,63,2583552,0.08,0.547,-1.0,-0.836,0.0,0.0,0.0,0.0,1.0,0.937
w10s-obj-off-s63,w10s-obj-off,63,2614272,0.09,0.563,-1.0,-0.8344,0.0,0.0,0.0,0.0,1.0,0.937
w10s-obj-off-s63,w10s-obj-off,63,2644992,0.05,0.559,-1.0,-0.9278,0.0,0.0,0.0,0.0,1.0,0.937
w10s-obj-off-s63,w10s-obj-off,63,2675712,0.08,0.59,-1.0,-0.7654,0.0,0.0,0.0,0.0,1.0,0.937
w10s-obj-off-s63,w10s-obj-off,63,2706432,0.07,0.564,-1.0,-0.8195,0.0,0.0,0.0,0.0,1.0,0.937
w10s-obj-off-s63,w10s-obj-off,63,2737152,0.11,0.567,-1.0,-0.7902,0.0,0.0,0.0,0.0,1.0,0.937
w10s-obj-off-s63,w10s-obj-off,63,2767872,0.04,0.553,-1.0,-0.7661,0.0,0.0,0.0,0.0,1.0,0.937
w10s-obj-off-s63,w10s-obj-off,63,2798592,0.1,0.593,-1.0,-0.7174,0.0,0.0,0.0,0.0,1.0,0.937
w10s-obj-off-s63,w10s-obj-off,63,2829312,0.06,0.568,-1.0,-0.7942,0.0,0.0,0.0,0.0,1.0,0.937
w10s-obj-off-s63,w10s-obj-off,63,2860032,0.07,0.535,-1.0,-0.8363,0.0,0.0,0.0,0.0,1.0,0.937
w10s-obj-off-s63,w10s-obj-off,63,2890752,0.06,0.514,-1.0,-0.7764,0.0,0.0,0.0,0.0,1.0,0.937
w10s-obj-off-s63,w10s-obj-off,63,2921472,0.09,0.569,-1.0,-0.8617,0.0,0.0,0.0,0.0,1.0,0.937
w10s-obj-off-s63,w10s-obj-off,63,2952192,0.01,0.492,-1.0,-0.8235,0.0,0.0,0.0,0.0,1.0,0.937
w10s-obj-off-s63,w10s-obj-off,63,2982912,0.05,0.567,-1.0,-0.8402,0.0,0.0,0.0,0.0,1.0,0.937
w10s-obj-off-s63,w10s-obj-off,63,3013632,0.06,0.546,-1.0,-0.8857,0.0,0.0,0.0,0.0,1.0,0.937
w10s-obj-off-s63,w10s-obj-off,63,3044352,0.07,0.528,-1.0,-0.8003,0.0,0.0,0.0,0.0,1.0,0.937
w10s-obj-off-s63,w10s-obj-off,63,3075072,0.1,0.531,-1.0,-0.8898,0.0,0.0,0.0,0.0,1.0,0.937
w10s-obj-off-s63,w10s-obj-off,63,3105792,0.08,0.573,-1.0,-0.8392,0.0,0.0,0.0,0.0,1.0,0.937
w10s-obj-off-s63,w10s-obj-off,63,3136512,0.08,0.556,-1.0,-0.9092,0.0,0.0,0.0,0.0,1.0,0.938
w10s-obj-off-s63,w10s-obj-off,63,3167232,0.06,0.566,-1.0,-0.788,0.0,0.0,0.0,0.0,1.0,0.938
w10s-obj-off-s63,w10s-obj-off,63,3197952,0.05,0.52,-1.0,-0.8628,0.0,0.0,0.0,0.0,1.0,0.938
w10s-obj-off-s63,w10s-obj-off,63,3228672,0.06,0.519,-1.0,-0.7406,0.0,0.0,0.0,0.0,1.0,0.938
w10s-obj-off-s63,w10s-obj-off,63,3259392,0.07,0.557,-1.0,-0.769,0.0,0.0,0.0,0.0,1.0,0.938
w10s-obj-off-s63,w10s-obj-off,63,3290112,0.1,0.596,-1.0,-0.7433,0.0,0.0,0.0,0.0,1.0,0.938
w10s-obj-off-s63,w10s-obj-off,63,3320832,0.1,0.579,-1.0,-0.7219,0.0,0.0,0.0,0.0,1.0,0.938
w10s-obj-off-s63,w10s-obj-off,63,3351552,0.08,0.569,-1.0,-0.6979,0.0,0.0,0.0,0.0,1.0,0.938
w10s-obj-off-s63,w10s-obj-off,63,3382272,0.11,0.579,-1.0,-0.7401,0.0,0.0,0.0,0.0,1.0,0.938
w10s-obj-off-s63,w10s-obj-off,63,3412992,0.1,0.569,-1.0,-0.8166,0.0,0.0,0.0,0.0,1.0,0.938
w10s-obj-off-s63,w10s-obj-off,63,3443712,0.09,0.566,-1.0,-0.9052,0.0,0.0,0.0,0.0,1.0,0.938
w10s-obj-off-s63,w10s-obj-off,63,3474432,0.18,0.627,-1.0,-0.5487,0.0,0.0,0.0,0.0,1.0,0.938
w10s-obj-off-s63,w10s-obj-off,63,3505152,0.12,0.588,-1.0,-0.7662,0.0,0.0,0.0,0.0,1.0,0.938
w10s-obj-off-s63,w10s-obj-off,63,3535872,0.09,0.61,-1.0,-0.6957,0.0,0.0,0.0,0.0,1.0,0.938
w10s-obj-off-s63,w10s-obj-off,63,3566592,0.12,0.634,-1.0,-0.7736,0.0,0.0,0.0,0.0,1.0,0.938
w10s-obj-off-s63,w10s-obj-off,63,3597312,0.13,0.626,-1.0,-0.7504,0.0,0.0,0.0,0.0,1.0,0.938
w10s-obj-off-s63,w10s-obj-off,63,3628032,0.08,0.538,-1.0,-0.8149,0.0,0.0,0.0,0.0,1.0,0.938
w10s-obj-off-s63,w10s-obj-off,63,3658752,0.08,0.552,-1.0,-0.8629,0.0,0.0,0.0,0.0,1.0,0.938
w10s-obj-off-s63,w10s-obj-off,63,3689472,0.17,0.665,-1.0,-0.6468,0.0,0.0,0.0,0.0,1.0,0.938
w10s-obj-off-s63,w10s-obj-off,63,3720192,0.14,0.628,-1.0,-0.7217,0.0,0.0,0.0,0.0,1.0,0.938
w10s-obj-off-s63,w10s-obj-off,63,3750912,0.09,0.539,-1.0,-0.6781,0.0,0.0,0.0,0.0,1.0,0.938
w10s-obj-off-s63,w10s-obj-off,63,3781632,0.2,0.648,-1.0,-0.7632,0.0,0.0,0.0,0.0,1.0,0.939
w10s-obj-off-s63,w10s-obj-off,63,3812352,0.05,0.513,-1.0,-0.6753,0.0,0.0,0.0,0.0,1.0,0.939
w10s-obj-off-s63,w10s-obj-off,63,3843072,0.17,0.616,-1.0,-0.8131,0.0,0.0,0.0,0.0,1.0,0.939
w10s-obj-off-s63,w10s-obj-off,63,3873792,0.11,0.582,-1.0,-0.6893,0.0,0.0,0.0,0.0,1.0,0.939
w10s-obj-off-s63,w10s-obj-off,63,3904512,0.12,0.603,-1.0,-0.7228,0.0,0.0,0.0,0.0,1.0,0.939
w10s-obj-off-s63,w10s-obj-off,63,3935232,0.11,0.572,-1.0,-0.6632,0.0,0.0,0.0,0.0,1.0,0.939
w10s-obj-off-s63,w10s-obj-off,63,3965952,0.15,0.61,-1.0,-0.7723,0.0,0.0,0.0,0.0,1.0,0.939
w10s-obj-off-s63,w10s-obj-off,63,3996672,0.15,0.627,-1.0,-0.6738,0.0,0.0,0.0,0.0,1.0,0.939
w10s-obj-off-s63,w10s-obj-off,63,4027392,0.12,0.584,-1.0,-0.6962,0.0,0.0,0.0,0.0,1.0,0.939
w10s-obj-off-s63,w10s-obj-off,63,4058112,0.18,0.646,-1.0,-0.7917,0.0,0.0,0.0,0.0,1.0,0.939
w10s-obj-off-s63,w10s-obj-off,63,4088832,0.14,0.595,-1.0,-0.808,0.0,0.0,0.0,0.0,1.0,0.939
w10s-obj-off-s63,w10s-obj-off,63,4119552,0.16,0.638,-1.0,-0.676,0.0,0.0,0.0,0.0,1.0,0.939
w10s-obj-off-s63,w10s-obj-off,63,4150272,0.15,0.615,-1.0,-0.7693,0.0,0.0,0.0,0.0,1.0,0.939
w10s-obj-off-s63,w10s-obj-off,63,4180992,0.14,0.637,-1.0,-0.6823,0.0,0.0,0.0,0.0,1.0,0.939
w10s-obj-off-s63,w10s-obj-off,63,4211712,0.18,0.634,-1.0,-0.6522,0.0,0.0,0.0,0.0,1.0,0.939
w10s-obj-off-s63,w10s-obj-off,63,4242432,0.14,0.589,-1.0,-0.7509,0.0,0.0,0.0,0.0,1.0,0.939
w10s-obj-off-s63,w10s-obj-off,63,4273152,0.14,0.626,-1.0,-0.5449,0.0,0.0,0.0,0.0,1.0,0.939
w10s-obj-off-s63,w10s-obj-off,63,4303872,0.2,0.66,-1.0,-0.6335,0.0,0.0,0.0,0.0,1.0,0.939
w10s-obj-off-s63,w10s-obj-off,63,4334592,0.14,0.63,-1.0,-0.6816,0.0,0.0,0.0,0.0,1.0,0.939
w10s-obj-off-s63,w10s-obj-off,63,4365312,0.14,0.616,-1.0,-0.7223,0.0,0.0,0.0,0.0,1.0,0.939
w10s-obj-off-s63,w10s-obj-off,63,4396032,0.23,0.686,-1.0,-0.4306,0.0,0.0,0.0,0.0,1.0,0.939
w10s-obj-off-s63,w10s-obj-off,63,4426752,0.17,0.622,-1.0,-0.6187,0.0,0.0,0.0,0.0,1.0,0.939
w10s-obj-off-s63,w10s-obj-off,63,4457472,0.24,0.688,-1.0,-0.6714,0.0,0.0,0.0,0.0,1.0,0.939
w10s-obj-off-s63,w10s-obj-off,63,4488192,0.23,0.648,-1.0,-0.6819,0.0,0.0,0.0,0.0,1.0,0.939
w10s-obj-off-s63,w10s-obj-off,63,4518912,0.19,0.644,-1.0,-0.6494,0.0,0.0,0.0,0.0,1.0,0.939
w10s-obj-off-s63,w10s-obj-off,63,4549632,0.15,0.59,-1.0,-0.5818,0.0,0.0,0.0,0.0,1.0,0.939
w10s-obj-off-s63,w10s-obj-off,63,4580352,0.15,0.612,-1.0,-0.5393,0.0,0.0,0.0,0.0,1.0,0.939
w10s-obj-off-s63,w10s-obj-off,63,4611072,0.15,0.63,-1.0,-0.5586,0.0,0.0,0.0,0.0,1.0,0.939
w10s-obj-off-s63,w10s-obj-off,63,4641792,0.19,0.628,-1.0,-0.766,0.0,0.0,0.0,0.0,1.0,0.939
w10s-obj-off-s63,w10s-obj-off,63,4672512,0.17,0.634,-1.0,-0.6085,0.0,0.0,0.0,0.0,1.0,0.94
w10s-obj-off-s63,w10s-obj-off,63,4703232,0.15,0.595,-1.0,-0.4393,0.0,0.0,0.0,0.0,1.0,0.94
w10s-obj-off-s63,w10s-obj-off,63,4733952,0.1,0.543,-1.0,-0.5369,0.0,0.0,0.0,0.0,1.0,0.94
w10s-obj-off-s63,w10s-obj-off,63,4764672,0.14,0.627,-1.0,-0.679,0.0,0.0,0.0,0.0,1.0,0.94
w10s-obj-off-s63,w10s-obj-off,63,4795392,0.17,0.623,-1.0,-0.6435,0.0,0.0,0.0,0.0,1.0,0.94
w10s-obj-off-s63,w10s-obj-off,63,4826112,0.2,0.622,-1.0,-0.5085,0.0,0.0,0.0,0.0,1.0,0.94
w10s-obj-off-s63,w10s-obj-off,63,4856832,0.24,0.659,-1.0,-0.4607,0.0,0.0,0.0,0.0,1.0,0.94
w10s-obj-off-s63,w10s-obj-off,63,4887552,0.28,0.714,-1.0,-0.4717,0.0,0.0,0.0,0.0,1.0,0.94
w10s-obj-off-s63,w10s-obj-off,63,4918272,0.28,0.727,-1.0,-0.4774,0.0,0.0,0.0,0.0,1.0,0.94
w10s-obj-off-s63,w10s-obj-off,63,4948992,0.19,0.637,-1.0,-0.4887,0.0,0.0,0.0,0.0,1.0,0.94
w10s-obj-off-s63,w10s-obj-off,63,4979712,0.2,0.66,-1.0,-0.5941,0.0,0.0,0.0,0.0,1.0,0.94
w10s-obj-off-s63,w10s-obj-off,63,5010432,0.23,0.683,-1.0,-0.5449,0.0,0.0,0.0,0.0,1.0,0.94
w10s-obj-off-s63,w10s-obj-off,63,5041152,0.16,0.615,-1.0,-0.4708,0.0,0.0,0.0,0.0,1.0,0.94
w10s-obj-off-s63,w10s-obj-off,63,5071872,0.16,0.599,-1.0,-0.4853,0.0,0.0,0.0,0.0,1.0,0.94
w10s-obj-off-s63,w10s-obj-off,63,5102592,0.27,0.668,-1.0,-0.4043,0.0,0.0,0.0,0.0,1.0,0.94
w10s-obj-off-s63,w10s-obj-off,63,5133312,0.23,0.677,-1.0,-0.4481,0.0,0.0,0.0,0.0,1.0,0.94
w10s-obj-off-s63,w10s-obj-off,63,5164032,0.22,0.684,-1.0,-0.477,0.0,0.0,0.0,0.0,1.0,0.94
w10s-obj-off-s63,w10s-obj-off,63,5194752,0.19,0.63,-1.0,-0.5703,0.0,0.0,0.0,0.0,1.0,0.94
w10s-obj-off-s63,w10s-obj-off,63,5225472,0.2,0.667,-1.0,-0.6491,0.0,0.0,0.0,0.0,1.0,0.94
w10s-obj-off-s63,w10s-obj-off,63,5256192,0.23,0.712,-1.0,-0.5427,0.0,0.0,0.0,0.0,1.0,0.94
w10s-obj-off-s63,w10s-obj-off,63,5286912,0.18,0.669,-1.0,-0.4724,0.0,0.0,0.0,0.0,1.0,0.94
w10s-obj-off-s63,w10s-obj-off,63,5317632,0.25,0.716,-1.0,-0.299,0.0,0.0,0.0,0.0,1.0,0.94
w10s-obj-off-s63,w10s-obj-off,63,5348352,0.25,0.698,-1.0,-0.5799,0.0,0.0,0.0,0.0,1.0,0.94
w10s-obj-off-s63,w10s-obj-off,63,5379072,0.24,0.71,-1.0,-0.6051,0.0,0.0,0.0,0.0,1.0,0.94
w10s-obj-off-s63,w10s-obj-off,63,5409792,0.26,0.691,-1.0,-0.5839,0.0,0.0,0.0,0.0,1.0,0.94
w10s-obj-off-s63,w10s-obj-off,63,5440512,0.24,0.687,-1.0,-0.3905,0.0,0.0,0.0,0.0,1.0,0.94
w10s-obj-off-s63,w10s-obj-off,63,5471232,0.26,0.727,-1.0,-0.4661,0.0,0.0,0.0,0.0,1.0,0.94
w10s-obj-off-s63,w10s-obj-off,63,5501952,0.26,0.725,-1.0,-0.491,0.0,0.0,0.0,0.0,1.0,0.94
w10s-obj-off-s63,w10s-obj-off,63,5532672,0.24,0.671,-1.0,-0.5576,0.0,0.0,0.0,0.0,1.0,0.94
w10s-obj-off-s63,w10s-obj-off,63,5563392,0.19,0.646,-1.0,-0.5587,0.0,0.0,0.0,0.0,1.0,0.94
w10s-obj-off-s63,w10s-obj-off,63,5594112,0.34,0.764,-1.0,-0.3485,0.0,0.0,0.0,0.0,1.0,0.94
w10s-obj-off-s63,w10s-obj-off,63,5624832,0.13,0.566,-1.0,-0.4592,0.0,0.0,0.0,0.0,1.0,0.94
w10s-obj-off-s63,w10s-obj-off,63,5655552,0.22,0.669,-1.0,-0.4722,0.0,0.0,0.0,0.0,1.0,0.94
w10s-obj-off-s63,w10s-obj-off,63,5686272,0.26,0.695,-1.0,-0.4894,0.0,0.0,0.0,0.0,1.0,0.94
w10s-obj-off-s63,w10s-obj-off,63,5716992,0.24,0.693,-1.0,-0.433,0.0,0.0,0.0,0.0,1.0,0.94
w10s-obj-off-s63,w10s-obj-off,63,5747712,0.31,0.75,-1.0,-0.3802,0.0,0.0,0.0,0.0,1.0,0.94
w10s-obj-off-s63,w10s-obj-off,63,5778432,0.26,0.687,-1.0,-0.3596,0.0,0.0,0.0,0.0,1.0,0.94
w10s-obj-off-s63,w10s-obj-off,63,5809152,0.26,0.677,-1.0,-0.6967,0.0,0.0,0.0,0.0,1.0,0.94
w10s-obj-off-s63,w10s-obj-off,63,5839872,0.19,0.684,-1.0,-0.5854,0.0,0.0,0.0,0.0,1.0,0.94
w10s-obj-off-s63,w10s-obj-off,63,5870592,0.24,0.685,-1.0,-0.4144,0.0,0.0,0.0,0.0,1.0,0.94
w10s-obj-off-s63,w10s-obj-off,63,5901312,0.23,0.682,-1.0,-0.4927,0.0,0.0,0.0,0.0,1.0,0.94
w10s-obj-off-s63,w10s-obj-off,63,5932032,0.16,0.623,-1.0,-0.3893,0.0,0.0,0.0,0.0,1.0,0.94
w10s-obj-off-s63,w10s-obj-off,63,5962752,0.19,0.629,-1.0,-0.412,0.0,0.0,0.0,0.0,1.0,0.94
w10s-obj-off-s63,w10s-obj-off,63,5993472,0.22,0.67,-1.0,-0.4232,0.0,0.0,0.0,0.0,1.0,0.94
w10s-obj-off-s63,w10s-obj-off,63,6024192,0.27,0.71,-1.0,-0.49,0.0,0.0,0.0,0.0,1.0,0.94
w10s-obj-off-s63,w10s-obj-off,63,6054912,0.21,0.691,-1.0,-0.1836,0.0,0.0,0.0,0.0,1.0,0.94
w10s-obj-off-s63,w10s-obj-off,63,6085632,0.28,0.737,-1.0,-0.371,0.0,0.0,0.0,0.0,1.0,0.94
w10s-obj-off-s63,w10s-obj-off,63,6116352,0.27,0.739,-1.0,-0.362,0.0,0.0,0.0,0.0,1.0,0.94
w10s-obj-off-s63,w10s-obj-off,63,6147072,0.29,0.727,-1.0,-0.4677,0.0,0.0,0.0,0.0,1.0,0.94
w10s-obj-off-s63,w10s-obj-off,63,6177792,0.31,0.712,-1.0,-0.3799,0.0,0.0,0.0,0.0,1.0,0.94
w10s-obj-off-s63,w10s-obj-off,63,6208512,0.26,0.71,-1.0,-0.2607,0.0,0.0,0.0,0.0,1.0,0.94
w10s-obj-off-s63,w10s-obj-off,63,6239232,0.26,0.717,-1.0,-0.4657,0.0,0.0,0.0,0.0,1.0,0.94
w10s-obj-off-s63,w10s-obj-off,63,6269952,0.3,0.726,-1.0,-0.3534,0.0,0.0,0.0,0.0,1.0,0.94
w10s-obj-off-s63,w10s-obj-off,63,6300672,0.27,0.674,-1.0,-0.3193,0.0,0.0,0.0,0.0,1.0,0.94
w10s-obj-off-s63,w10s-obj-off,63,6331392,0.29,0.708,-1.0,-0.2334,0.0,0.0,0.0,0.0,1.0,0.94
w10s-obj-off-s63,w10s-obj-off,63,6362112,0.25,0.667,-1.0,-0.107,0.0,0.0,0.0,0.0,1.0,0.94
w10s-obj-off-s63,w10s-obj-off,63,6392832,0.3,0.71,-1.0,-0.4956,0.0,0.0,0.0,0.0,1.0,0.94
w10s-obj-off-s63,w10s-obj-off,63,6423552,0.3,0.774,-1.0,-0.2734,0.0,0.0,0.0,0.0,1.0,0.94
w10s-obj-off-s63,w10s-obj-off,63,6454272,0.21,0.69,-1.0,-0.235,0.0,0.0,0.0,0.0,1.0,0.94
w10s-obj-off-s63,w10s-obj-off,63,6484992,0.3,0.729,-1.0,-0.3384,0.0,0.0,0.0,0.0,1.0,0.94
w10s-obj-off-s63,w10s-obj-off,63,6515712,0.38,0.822,-1.0,-0.2445,0.0,0.0,0.0,0.0,1.0,0.94
w10s-obj-off-s63,w10s-obj-off,63,6546432,0.33,0.738,-1.0,-0.3153,0.0,0.0,0.0,0.0,1.0,0.94
w10s-obj-off-s63,w10s-obj-off,63,6577152,0.34,0.796,-1.0,-0.249,0.0,0.0,0.0,0.0,1.0,0.94
w10s-obj-off-s63,w10s-obj-off,63,6607872,0.29,0.713,-1.0,-0.3283,0.0,0.0,0.0,0.0,1.0,0.94
w10s-obj-off-s63,w10s-obj-off,63,6638592,0.2,0.639,-1.0,-0.2596,0.0,0.0,0.0,0.0,1.0,0.94
w10s-obj-off-s63,w10s-obj-off,63,6669312,0.25,0.678,-1.0,-0.2202,0.0,0.0,0.0,0.0,1.0,0.94
w10s-obj-off-s63,w10s-obj-off,63,6700032,0.32,0.733,-1.0,-0.1713,0.0,0.0,0.0,0.0,1.0,0.94
w10s-obj-off-s63,w10s-obj-off,63,6730752,0.32,0.724,-1.0,-0.1777,0.0,0.0,0.0,0.0,1.0,0.94
w10s-obj-off-s63,w10s-obj-off,63,6761472,0.23,0.703,-1.0,-0.1516,0.0,0.0,0.0,0.0,1.0,0.94
w10s-obj-off-s63,w10s-obj-off,63,6792192,0.36,0.78,-1.0,-0.1964,0.0,0.0,0.0,0.0,1.0,0.94
w10s-obj-off-s63,w10s-obj-off,63,6822912,0.33,0.716,-1.0,-0.4729,0.0,0.0,0.0,0.0,1.0,0.94
w10s-obj-off-s63,w10s-obj-off,63,6853632,0.38,0.771,-1.0,-0.3712,0.0,0.0,0.0,0.0,1.0,0.94
w10s-obj-off-s63,w10s-obj-off,63,6884352,0.34,0.767,-1.0,-0.2807,0.0,0.0,0.0,0.0,1.0,0.94
w10s-obj-off-s63,w10s-obj-off,63,6915072,0.33,0.712,-1.0,-0.2309,0.0,0.0,0.0,0.0,1.0,0.94
w10s-obj-off-s63,w10s-obj-off,63,6945792,0.26,0.663,-1.0,-0.1073,0.0,0.0,0.0,0.0,1.0,0.94
w10s-obj-off-s63,w10s-obj-off,63,6976512,0.31,0.753,-1.0,-0.4792,0.0,0.0,0.0,0.0,1.0,0.94
w10s-obj-off-s63,w10s-obj-off,63,7007232,0.35,0.765,-1.0,-0.3952,0.0,0.0,0.0,0.0,1.0,0.939
w10s-obj-off-s63,w10s-obj-off,63,7037952,0.23,0.695,-1.0,-0.0841,0.0,0.0,0.0,0.0,1.0,0.939
w10s-obj-off-s63,w10s-obj-off,63,7068672,0.31,0.736,-1.0,-0.2815,0.0,0.0,0.0,0.0,1.0,0.939
w10s-obj-off-s63,w10s-obj-off,63,7099392,0.29,0.706,-1.0,-0.286,0.0,0.0,0.0,0.0,1.0,0.939
w10s-obj-off-s63,w10s-obj-off,63,7130112,0.31,0.731,-1.0,-0.188,0.0,0.0,0.0,0.0,1.0,0.939
w10s-obj-off-s63,w10s-obj-off,63,7160832,0.34,0.751,-1.0,-0.2399,0.0,0.0,0.0,0.0,1.0,0.939
w10s-obj-off-s63,w10s-obj-off,63,7191552,0.36,0.785,-1.0,-0.1678,0.0,0.0,0.0,0.0,1.0,0.939
w10s-obj-off-s63,w10s-obj-off,63,7222272,0.35,0.809,-1.0,-0.3356,0.0,0.0,0.0,0.0,1.0,0.939
w10s-obj-off-s63,w10s-obj-off,63,7252992,0.3,0.728,-1.0,-0.2859,0.0,0.0,0.0,0.0,1.0,0.939
w10s-obj-off-s63,w10s-obj-off,63,7283712,0.33,0.759,-1.0,-0.0762,0.0,0.0,0.0,0.0,1.0,0.939
w10s-obj-off-s63,w10s-obj-off,63,7314432,0.33,0.781,-1.0,-0.4462,0.0,0.0,0.0,0.0,1.0,0.939
w10s-obj-off-s63,w10s-obj-off,63,7345152,0.3,0.736,-1.0,-0.2605,0.0,0.0,0.0,0.0,1.0,0.939
w10s-obj-off-s63,w10s-obj-off,63,7375872,0.25,0.685,-1.0,-0.3251,0.0,0.0,0.0,0.0,1.0,0.939
w10s-obj-off-s63,w10s-obj-off,63,7406592,0.35,0.757,-1.0,-0.0834,0.0,0.0,0.0,0.0,1.0,0.939
w10s-obj-off-s63,w10s-obj-off,63,7437312,0.35,0.799,-1.0,-0.1801,0.0,0.0,0.0,0.0,1.0,0.939
w10s-obj-off-s63,w10s-obj-off,63,7468032,0.29,0.757,-1.0,-0.2228,0.0,0.0,0.0,0.0,1.0,0.939
w10s-obj-off-s63,w10s-obj-off,63,7498752,0.37,0.788,-1.0,-0.1003,0.0,0.0,0.0,0.0,1.0,0.939
w10s-obj-off-s63,w10s-obj-off,63,7529472,0.31,0.748,-1.0,-0.144,0.0,0.0,0.0,0.0,1.0,0.939
w10s-obj-off-s63,w10s-obj-off,63,7560192,0.35,0.775,-1.0,0.0941,0.0,0.0,0.0,0.0,1.0,0.939
w10s-obj-off-s63,w10s-obj-off,63,7590912,0.41,0.866,-1.0,-0.2957,0.0,0.0,0.0,0.0,1.0,0.939
w10s-obj-off-s63,w10s-obj-off,63,7621632,0.34,0.808,-1.0,-0.217,0.0,0.0,0.0,0.0,1.0,0.939
w10s-obj-off-s63,w10s-obj-off,63,7652352,0.31,0.768,-1.0,-0.2012,0.0,0.0,0.0,0.0,1.0,0.939
w10s-obj-off-s63,w10s-obj-off,63,7683072,0.36,0.733,-1.0,-0.2807,0.0,0.0,0.0,0.0,1.0,0.939
w10s-obj-off-s63,w10s-obj-off,63,7713792,0.35,0.813,-1.0,-0.2195,0.0,0.0,0.0,0.0,1.0,0.939
w10s-obj-off-s63,w10s-obj-off,63,7744512,0.27,0.719,-1.0,0.0305,0.0,0.0,0.0,0.0,1.0,0.939
w10s-obj-off-s63,w10s-obj-off,63,7775232,0.41,0.84,-1.0,-0.1625,0.0,0.0,0.0,0.0,1.0,0.939
w10s-obj-off-s63,w10s-obj-off,63,7805952,0.39,0.837,-1.0,-0.1348,0.0,0.0,0.0,0.0,1.0,0.938
w10s-obj-off-s63,w10s-obj-off,63,7836672,0.35,0.755,-1.0,-0.1173,0.0,0.0,0.0,0.0,1.0,0.938
w10s-obj-off-s63,w10s-obj-off,63,7867392,0.38,0.834,-1.0,0.0225,0.0,0.0,0.0,0.0,1.0,0.938
w10s-obj-off-s63,w10s-obj-off,63,7898112,0.4,0.811,-1.0,0.0059,0.0,0.0,0.0,0.0,1.0,0.938
w10s-obj-off-s63,w10s-obj-off,63,7928832,0.38,0.824,-1.0,0.2125,0.0,0.0,0.0,0.0,1.0,0.938
w10s-obj-off-s63,w10s-obj-off,63,7959552,0.41,0.832,-1.0,0.061,0.0,0.0,0.0,0.0,1.0,0.938
w10s-obj-off-s63,w10s-obj-off,63,7990272,0.32,0.721,-1.0,-0.0151,0.0,0.0,0.0,0.0,1.0,0.938
w10s-obj-off-s63,w10s-obj-off,63,8020992,0.42,0.836,-1.0,-0.0493,0.0,0.0,0.0,0.0,1.0,0.938
w10s-obj-off-s63,w10s-obj-off,63,8051712,0.41,0.823,-1.0,-0.1265,0.0,0.0,0.0,0.0,1.0,0.938
w10s-obj-off-s63,w10s-obj-off,63,8082432,0.4,0.838,-1.0,-0.2178,0.0,0.0,0.0,0.0,1.0,0.938
w10s-obj-off-s63,w10s-obj-off,63,8113152,0.4,0.863,-1.0,-0.1051,0.0,0.0,0.0,0.0,1.0,0.938
w10s-obj-off-s63,w10s-obj-off,63,8143872,0.33,0.766,-1.0,-0.0698,0.0,0.0,0.0,0.0,1.0,0.938
w10s-obj-off-s63,w10s-obj-off,63,8174592,0.37,0.792,-1.0,-0.1154,0.0,0.0,0.0,0.0,1.0,0.938
w10s-obj-off-s63,w10s-obj-off,63,8205312,0.46,0.867,-1.0,-0.2058,0.0,0.0,0.0,0.0,1.0,0.938
w10s-obj-off-s63,w10s-obj-off,63,8236032,0.38,0.823,-1.0,-0.3111,0.0,0.0,0.0,0.0,1.0,0.938
w10s-obj-off-s63,w10s-obj-off,63,8266752,0.38,0.831,-1.0,0.044,0.0,0.0,0.0,0.0,1.0,0.938
w10s-obj-off-s63,w10s-obj-off,63,8297472,0.3,0.776,-1.0,-0.1391,0.0,0.0,0.0,0.0,1.0,0.938
w10s-obj-off-s63,w10s-obj-off,63,8328192,0.38,0.834,-1.0,-0.1534,0.0,0.0,0.0,0.0,1.0,0.938
w10s-obj-off-s63,w10s-obj-off,63,8358912,0.41,0.828,-1.0,0.1355,0.0,0.0,0.0,0.0,1.0,0.938
w10s-obj-off-s63,w10s-obj-off,63,8389632,0.42,0.86,-1.0,-0.0798,0.0,0.0,0.0,0.0,1.0,0.938
w10s-obj-off-s63,w10s-obj-off,63,8420352,0.39,0.848,-1.0,-0.0246,0.0,0.0,0.0,0.0,1.0,0.938
w10s-obj-off-s63,w10s-obj-off,63,8451072,0.42,0.836,-1.0,0.089,0.0,0.0,0.0,0.0,1.0,0.938
w10s-obj-off-s63,w10s-obj-off,63,8481792,0.4,0.807,-1.0,-0.0878,0.0,0.0,0.0,0.0,1.0,0.937
w10s-obj-off-s63,w10s-obj-off,63,8512512,0.5,0.934,-1.0,0.0433,0.0,0.0,0.0,0.0,1.0,0.937
w10s-obj-off-s63,w10s-obj-off,63,8543232,0.46,0.906,-1.0,-0.1248,0.0,0.0,0.0,0.0,1.0,0.937
w10s-obj-off-s63,w10s-obj-off,63,8573952,0.42,0.835,-1.0,0.016,0.0,0.0,0.0,0.0,1.0,0.937
w10s-obj-off-s63,w10s-obj-off,63,8604672,0.42,0.842,-1.0,0.0828,0.0,0.0,0.0,0.0,1.0,0.937
w10s-obj-off-s63,w10s-obj-off,63,8635392,0.48,0.861,-1.0,-0.2063,0.0,0.0,0.0,0.0,1.0,0.937
w10s-obj-off-s63,w10s-obj-off,63,8666112,0.47,0.901,-1.0,-0.0182,0.0,0.0,0.0,0.0,1.0,0.937
w10s-obj-off-s63,w10s-obj-off,63,8696832,0.36,0.762,-1.0,-0.216,0.0,0.0,0.0,0.0,1.0,0.937
w10s-obj-off-s63,w10s-obj-off,63,8727552,0.38,0.842,-1.0,0.0877,0.0,0.0,0.0,0.0,1.0,0.937
w10s-obj-off-s63,w10s-obj-off,63,8758272,0.38,0.83,-1.0,-0.0518,0.0,0.0,0.0,0.0,1.0,0.937
w10s-obj-off-s63,w10s-obj-off,63,8788992,0.42,0.851,-1.0,-0.0116,0.0,0.0,0.0,0.0,1.0,0.937
w10s-obj-off-s63,w10s-obj-off,63,8819712,0.56,0.964,-1.0,0.1072,0.0,0.0,0.0,0.0,1.0,0.937
w10s-obj-off-s63,w10s-obj-off,63,8850432,0.42,0.871,-1.0,0.0504,0.0,0.0,0.0,0.0,1.0,0.937
w10s-obj-off-s63,w10s-obj-off,63,8881152,0.46,0.878,-1.0,-0.086,0.0,0.0,0.0,0.0,1.0,0.937
w10s-obj-off-s63,w10s-obj-off,63,8911872,0.4,0.84,-1.0,-0.0366,0.0,0.0,0.0,0.0,1.0,0.937
w10s-obj-off-s63,w10s-obj-off,63,8942592,0.46,0.896,-1.0,0.0371,0.0,0.0,0.0,0.0,1.0,0.937
w10s-obj-off-s63,w10s-obj-off,63,8973312,0.4,0.826,-1.0,-0.1132,0.0,0.0,0.0,0.0,1.0,0.937
w10s-obj-off-s63,w10s-obj-off,63,9004032,0.56,0.919,-1.0,0.0106,0.0,0.0,0.0,0.0,1.0,0.937
w10s-obj-off-s63,w10s-obj-off,63,9034752,0.47,0.891,-1.0,-0.0708,0.0,0.0,0.0,0.0,1.0,0.937
w10s-obj-off-s63,w10s-obj-off,63,9065472,0.42,0.851,-1.0,0.3147,0.0,0.0,0.0,0.0,1.0,0.937
w10s-obj-off-s63,w10s-obj-off,63,9096192,0.46,0.912,-1.0,0.088,0.0,0.0,0.0,0.0,1.0,0.937
w10s-obj-off-s63,w10s-obj-off,63,9126912,0.37,0.798,-1.0,0.2264,0.0,0.0,0.0,0.0,1.0,0.937
w10s-obj-off-s63,w10s-obj-off,63,9157632,0.54,0.949,-1.0,0.1546,0.0,0.0,0.0,0.0,1.0,0.936
w10s-obj-off-s63,w10s-obj-off,63,9188352,0.49,0.893,-1.0,0.0814,0.0,0.0,0.0,0.0,1.0,0.936
w10s-obj-off-s63,w10s-obj-off,63,9219072,0.46,0.918,-1.0,0.1098,0.0,0.0,0.0,0.0,1.0,0.936
w10s-obj-off-s63,w10s-obj-off,63,9249792,0.47,0.853,-1.0,-0.1451,0.0,0.0,0.0,0.0,1.0,0.936
w10s-obj-off-s63,w10s-obj-off,63,9280512,0.5,0.881,-1.0,0.1289,0.0,0.0,0.0,0.0,1.0,0.936
w10s-obj-off-s63,w10s-obj-off,63,9311232,0.44,0.873,-1.0,-0.0126,0.0,0.0,0.0,0.0,1.0,0.936
w10s-obj-off-s63,w10s-obj-off,63,9341952,0.44,0.851,-1.0,0.0476,0.0,0.0,0.0,0.0,1.0,0.936
w10s-obj-off-s63,w10s-obj-off,63,9372672,0.55,0.991,-1.0,0.0567,0.0,0.0,0.0,0.0,1.0,0.936
w10s-obj-off-s63,w10s-obj-off,63,9403392,0.52,0.918,-1.0,0.1336,0.0,0.0,0.0,0.0,1.0,0.936
w10s-obj-off-s63,w10s-obj-off,63,9434112,0.47,0.887,-1.0,0.079,0.0,0.0,0.0,0.0,1.0,0.936
w10s-obj-off-s63,w10s-obj-off,63,9464832,0.48,0.93,-1.0,0.3869,0.0,0.0,0.0,0.0,1.0,0.936
w10s-obj-off-s63,w10s-obj-off,63,9495552,0.41,0.852,-1.0,0.2322,0.0,0.0,0.0,0.0,1.0,0.936
w10s-obj-off-s63,w10s-obj-off,63,9526272,0.41,0.888,-1.0,0.2366,0.0,0.0,0.0,0.0,1.0,0.936
w10s-obj-off-s63,w10s-obj-off,63,9556992,0.47,0.88,-1.0,-0.0183,0.0,0.0,0.0,0.0,1.0,0.936
w10s-obj-off-s63,w10s-obj-off,63,9587712,0.53,0.968,-1.0,0.0622,0.0,0.0,0.0,0.0,1.0,0.936
w10s-obj-off-s63,w10s-obj-off,63,9618432,0.57,0.946,-1.0,-0.023,0.0,0.0,0.0,0.0,1.0,0.936
w10s-obj-off-s63,w10s-obj-off,63,9649152,0.42,0.846,-1.0,0.2071,0.0,0.0,0.0,0.0,1.0,0.936
w10s-obj-off-s63,w10s-obj-off,63,9679872,0.42,0.844,-1.0,-0.0486,0.0,0.0,0.0,0.0,1.0,0.936
w10s-obj-off-s63,w10s-obj-off,63,9710592,0.55,0.962,-1.0,0.4646,0.0,0.0,0.0,0.0,1.0,0.936
w10s-obj-off-s63,w10s-obj-off,63,9741312,0.46,0.921,-1.0,0.2658,0.0,0.0,0.0,0.0,1.0,0.935
w10s-obj-off-s63,w10s-obj-off,63,9772032,0.44,0.884,-1.0,0.2305,0.0,0.0,0.0,0.0,1.0,0.935
w10s-obj-off-s63,w10s-obj-off,63,9802752,0.54,0.958,-1.0,0.3202,0.0,0.0,0.0,0.0,1.0,0.935
w10s-obj-off-s63,w10s-obj-off,63,9833472,0.51,0.909,-1.0,0.1309,0.0,0.0,0.0,0.0,1.0,0.935
w10s-obj-off-s63,w10s-obj-off,63,9864192,0.5,0.928,-1.0,0.2661,0.0,0.0,0.0,0.0,1.0,0.935
w10s-obj-off-s63,w10s-obj-off,63,9894912,0.53,0.936,-1.0,0.2564,0.0,0.0,0.0,0.0,1.0,0.935
w10s-obj-off-s63,w10s-obj-off,63,9925632,0.48,0.919,-1.0,0.3845,0.0,0.0,0.0,0.0,1.0,0.935
w10s-obj-off-s63,w10s-obj-off,63,9956352,0.49,0.932,-1.0,0.2293,0.0,0.0,0.0,0.0,1.0,0.935
w10s-obj-off-s63,w10s-obj-off,63,9987072,0.5,0.953,-1.0,0.1046,0.0,0.0,0.0,0.0,1.0,0.935
w10s-obj-off-s63,w10s-obj-off,63,10017792,0.59,0.993,-1.0,0.162,0.0,0.0,0.0,0.0,1.0,0.935
w10s-obj-off-s63,w10s-obj-off,63,10048512,0.45,0.849,-1.0,0.2755,0.0,0.0,0.0,0.0,1.0,0.935
w10s-obj-off-s63,w10s-obj-off,63,10079232,0.46,0.886,-1.0,0.0891,0.0,0.0,0.0,0.0,1.0,0.935
w10s-obj-off-s63,w10s-obj-off,63,10109952,0.44,0.877,-1.0,0.1518,0.0,0.0,0.0,0.0,1.0,0.935
w10s-obj-off-s63,w10s-obj-off,63,10140672,0.45,0.908,-1.0,0.1652,0.0,0.0,0.0,0.0,1.0,0.935
w10s-obj-off-s63,w10s-obj-off,63,10171392,0.45,0.902,-1.0,-0.0209,0.0,0.0,0.0,0.0,1.0,0.935
w10s-obj-off-s63,w10s-obj-off,63,10202112,0.55,1.0,-1.0,0.1652,0.0,0.0,0.0,0.0,1.0,0.934
w10s-obj-off-s63,w10s-obj-off,63,10232832,0.5,0.925,-1.0,0.2692,0.0,0.0,0.0,0.0,1.0,0.934
w10s-obj-off-s63,w10s-obj-off,63,10263552,0.44,0.853,-1.0,0.1782,0.0,0.0,0.0,0.0,1.0,0.934
w10s-obj-off-s63,w10s-obj-off,63,10294272,0.5,0.957,-1.0,0.25,0.0,0.0,0.0,0.0,1.0,0.934
w10s-obj-off-s63,w10s-obj-off,63,10324992,0.54,0.987,-1.0,0.3893,0.0,0.0,0.0,0.0,1.0,0.934
w10s-obj-off-s63,w10s-obj-off,63,10355712,0.53,0.928,-1.0,0.0638,0.0,0.0,0.0,0.0,1.0,0.934
w10s-obj-off-s63,w10s-obj-off,63,10386432,0.47,0.915,-1.0,0.1909,0.0,0.0,0.0,0.0,1.0,0.934
w10s-obj-off-s63,w10s-obj-off,63,10417152,0.54,0.98,-1.0,0.1332,0.0,0.0,0.0,0.0,1.0,0.934
w10s-obj-off-s63,w10s-obj-off,63,10447872,0.55,0.981,-1.0,0.1967,0.0,0.0,0.0,0.0,1.0,0.934
w10s-obj-off-s63,w10s-obj-off,63,10478592,0.47,0.912,-1.0,0.201,0.0,0.0,0.0,0.0,1.0,0.934
w10s-obj-off-s63,w10s-obj-off,63,10509312,0.52,0.93,-1.0,0.1774,0.0,0.0,0.0,0.0,1.0,0.934
w10s-obj-off-s63,w10s-obj-off,63,10540032,0.51,0.964,-1.0,0.3129,0.0,0.0,0.0,0.0,1.0,0.934
w10s-obj-off-s63,w10s-obj-off,63,10570752,0.52,0.933,-1.0,0.2255,0.0,0.0,0.0,0.0,1.0,0.934
w10s-obj-off-s63,w10s-obj-off,63,10601472,0.5,0.919,-1.0,0.3234,0.0,0.0,0.0,0.0,1.0,0.934
w10s-obj-off-s63,w10s-obj-off,63,10632192,0.47,0.918,-1.0,0.3498,0.0,0.0,0.0,0.0,1.0,0.934
w10s-obj-off-s63,w10s-obj-off,63,10662912,0.49,0.908,-1.0,0.1403,0.0,0.0,0.0,0.0,1.0,0.933
w10s-obj-off-s63,w10s-obj-off,63,10693632,0.64,1.035,-1.0,0.2427,0.0,0.0,0.0,0.0,1.0,0.933
w10s-obj-off-s63,w10s-obj-off,63,10724352,0.51,0.956,-1.0,0.0121,0.0,0.0,0.0,0.0,1.0,0.933
w10s-obj-off-s63,w10s-obj-off,63,10755072,0.61,1.038,-1.0,0.1812,0.0,0.0,0.0,0.0,1.0,0.933
w10s-obj-off-s63,w10s-obj-off,63,10785792,0.52,0.944,-1.0,0.0848,0.0,0.0,0.0,0.0,1.0,0.933
w10s-obj-off-s63,w10s-obj-off,63,10816512,0.57,0.975,-1.0,0.3638,0.0,0.0,0.0,0.0,1.0,0.933
w10s-obj-off-s63,w10s-obj-off,63,10847232,0.53,0.92,-1.0,0.2578,0.0,0.0,0.0,0.0,1.0,0.933
w10s-obj-off-s63,w10s-obj-off,63,10877952,0.48,0.943,-1.0,0.2314,0.0,0.0,0.0,0.0,1.0,0.933
w10s-obj-off-s63,w10s-obj-off,63,10908672,0.52,0.963,-1.0,0.1993,0.0,0.0,0.0,0.0,1.0,0.933
w10s-obj-off-s63,w10s-obj-off,63,10939392,0.51,0.946,-1.0,0.1592,0.0,0.0,0.0,0.0,1.0,0.933
w10s-obj-off-s63,w10s-obj-off,63,10970112,0.56,0.985,-1.0,0.201,0.0,0.0,0.0,0.0,1.0,0.933
w10s-obj-off-s63,w10s-obj-off,63,11000832,0.52,0.973,-1.0,0.1997,0.0,0.0,0.0,0.0,1.0,0.933
w10s-obj-off-s63,w10s-obj-off,63,11031552,0.52,0.951,-1.0,0.372,0.0,0.0,0.0,0.0,1.0,0.932
w10s-obj-off-s63,w10s-obj-off,63,11062272,0.57,0.999,-1.0,0.322,0.0,0.0,0.0,0.0,1.0,0.932
w10s-obj-off-s63,w10s-obj-off,63,11092992,0.55,1.015,-1.0,0.2745,0.0,0.0,0.0,0.0,1.0,0.932
w10s-obj-off-s63,w10s-obj-off,63,11123712,0.48,0.913,-1.0,0.1892,0.0,0.0,0.0,0.0,1.0,0.932
w10s-obj-off-s63,w10s-obj-off,63,11154432,0.54,0.99,-1.0,0.1449,0.0,0.0,0.0,0.0,1.0,0.932
w10s-obj-off-s63,w10s-obj-off,63,11185152,0.62,1.04,-1.0,0.3678,0.0,0.0,0.0,0.0,1.0,0.932
w10s-obj-off-s63,w10s-obj-off,63,11215872,0.62,1.064,-1.0,0.2841,0.0,0.0,0.0,0.0,1.0,0.932
w10s-obj-off-s63,w10s-obj-off,63,11246592,0.61,1.03,-1.0,0.3165,0.0,0.0,0.0,0.0,1.0,0.932
w10s-obj-off-s63,w10s-obj-off,63,11277312,0.58,0.971,-1.0,0.1252,0.0,0.0,0.0,0.0,1.0,0.932
w10s-obj-off-s63,w10s-obj-off,63,11308032,0.47,0.934,-1.0,0.2933,0.0,0.0,0.0,0.0,1.0,0.932
w10s-obj-off-s63,w10s-obj-off,63,11338752,0.49,0.932,-1.0,0.5608,0.0,0.0,0.0,0.0,1.0,0.932
w10s-obj-off-s63,w10s-obj-off,63,11369472,0.53,0.944,-1.0,0.3381,0.0,0.0,0.0,0.0,1.0,0.932
w10s-obj-off-s63,w10s-obj-off,63,11400192,0.55,0.996,-1.0,0.211,0.0,0.0,0.0,0.0,1.0,0.931
w10s-obj-off-s63,w10s-obj-off,63,11430912,0.51,0.929,-1.0,0.1769,0.0,0.0,0.0,0.0,1.0,0.931
w10s-obj-off-s63,w10s-obj-off,63,11461632,0.53,0.955,-1.0,0.6071,0.0,0.0,0.0,0.0,1.0,0.931
w10s-obj-off-s63,w10s-obj-off,63,11492352,0.49,0.97,-1.0,0.3353,0.0,0.0,0.0,0.0,1.0,0.931
w10s-obj-off-s63,w10s-obj-off,63,11523072,0.59,1.021,-1.0,0.295,0.0,0.0,0.0,0.0,1.0,0.931
w10s-obj-off-s63,w10s-obj-off,63,11553792,0.43,0.882,-1.0,0.1579,0.0,0.0,0.0,0.0,1.0,0.931
w10s-obj-off-s63,w10s-obj-off,63,11584512,0.56,0.965,-1.0,0.4004,0.0,0.0,0.0,0.0,1.0,0.931
w10s-obj-off-s63,w10s-obj-off,63,11615232,0.63,1.042,-1.0,0.4082,0.0,0.0,0.0,0.0,1.0,0.931
w10s-obj-off-s63,w10s-obj-off,63,11645952,0.57,1.012,-1.0,0.0448,0.0,0.0,0.0,0.0,1.0,0.931
w10s-obj-off-s63,w10s-obj-off,63,11676672,0.55,1.014,-1.0,0.1752,0.0,0.0,0.0,0.0,1.0,0.931
w10s-obj-off-s63,w10s-obj-off,63,11707392,0.54,0.991,-1.0,0.4147,0.0,0.0,0.0,0.0,1.0,0.931
w10s-obj-off-s63,w10s-obj-off,63,11738112,0.56,1.003,-1.0,0.5729,0.0,0.0,0.0,0.0,1.0,0.931
w10s-obj-off-s63,w10s-obj-off,63,11768832,0.53,0.966,-1.0,0.2816,0.0,0.0,0.0,0.0,1.0,0.93
w10s-obj-off-s63,w10s-obj-off,63,11799552,0.57,1.033,-1.0,0.3313,0.0,0.0,0.0,0.0,1.0,0.93
w10s-obj-off-s63,w10s-obj-off,63,11830272,0.52,0.977,-1.0,0.0997,0.0,0.0,0.0,0.0,1.0,0.93
w10s-obj-off-s63,w10s-obj-off,63,11860992,0.54,0.993,-1.0,0.4128,0.0,0.0,0.0,0.0,1.0,0.93
w10s-obj-off-s63,w10s-obj-off,63,11891712,0.61,1.071,-1.0,0.5248,0.0,0.0,0.0,0.0,1.0,0.93
w10s-obj-off-s63,w10s-obj-off,63,11922432,0.58,1.045,-1.0,0.3993,0.0,0.0,0.0,0.0,1.0,0.93
w10s-obj-off-s63,w10s-obj-off,63,11953152,0.62,1.079,-1.0,0.3945,0.0,0.0,0.0,0.0,1.0,0.93
w10s-obj-off-s63,w10s-obj-off,63,11983872,0.49,1.008,-1.0,0.3952,0.0,0.0,0.0,0.0,1.0,0.93
w10s-obj-off-s63,w10s-obj-off,63,12014592,0.63,1.097,-1.0,0.4085,0.0,0.0,0.0,0.0,1.0,0.93
w10s-obj-off-s63,w10s-obj-off,63,12045312,0.64,1.109,-1.0,0.4327,0.0,0.0,0.0,0.0,1.0,0.93
w10s-obj-off-s63,w10s-obj-off,63,12076032,0.57,1.052,-1.0,0.3871,0.0,0.0,0.0,0.0,1.0,0.929
w10s-obj-off-s63,w10s-obj-off,63,12106752,0.59,1.055,-1.0,0.5234,0.0,0.0,0.0,0.0,1.0,0.929
w10s-obj-off-s63,w10s-obj-off,63,12137472,0.5,1.029,-1.0,0.3263,0.0,0.0,0.0,0.0,1.0,0.929
w10s-obj-off-s63,w10s-obj-off,63,12168192,0.58,1.076,-1.0,0.2314,0.0,0.0,0.0,0.0,1.0,0.929
w10s-obj-off-s63,w10s-obj-off,63,12198912,0.56,1.058,-1.0,0.2588,0.0,0.0,0.0,0.0,1.0,0.929
w10s-obj-off-s63,w10s-obj-off,63,12229632,0.61,1.115,-1.0,0.4348,0.0,0.0,0.0,0.0,1.0,0.929
w10s-obj-off-s63,w10s-obj-off,63,12260352,0.59,1.073,-1.0,0.392,0.0,0.0,0.0,0.0,1.0,0.929
w10s-obj-off-s63,w10s-obj-off,63,12291072,0.64,1.112,-1.0,0.4482,0.0,0.0,0.0,0.0,1.0,0.929
w10s-obj-off-s63,w10s-obj-off,63,12321792,0.57,1.063,-1.0,0.6258,0.0,0.0,0.0,0.0,1.0,0.929
w10s-obj-off-s63,w10s-obj-off,63,12352512,0.62,1.101,-1.0,0.4833,0.0,0.0,0.0,0.0,1.0,0.928
w10s-obj-off-s63,w10s-obj-off,63,12383232,0.71,1.168,-1.0,0.4851,0.0,0.0,0.0,0.0,1.0,0.928
w10s-obj-off-s63,w10s-obj-off,63,12413952,0.69,1.123,-1.0,0.4827,0.0,0.0,0.0,0.0,1.0,0.928
w10s-obj-off-s63,w10s-obj-off,63,12444672,0.66,1.144,-1.0,0.5858,0.0,0.0,0.0,0.0,1.0,0.928
w10s-obj-off-s63,w10s-obj-off,63,12475392,0.66,1.133,-1.0,0.3499,0.0,0.0,0.0,0.0,1.0,0.928
w10s-obj-off-s63,w10s-obj-off,63,12506112,0.63,1.114,-1.0,0.5107,0.0,0.0,0.0,0.0,1.0,0.928
w10s-obj-off-s63,w10s-obj-off,63,12536832,0.58,1.1,-1.0,0.5634,0.0,0.0,0.0,0.0,1.0,0.928
w10s-obj-off-s63,w10s-obj-off,63,12567552,0.69,1.148,-1.0,0.5222,0.0,0.0,0.0,0.0,1.0,0.928
w10s-obj-off-s63,w10s-obj-off,63,12598272,0.66,1.129,-1.0,0.5645,0.0,0.0,0.0,0.0,1.0,0.928
w10s-obj-off-s63,w10s-obj-off,63,12628992,0.58,1.082,-1.0,0.4209,0.0,0.0,0.0,0.0,1.0,0.928
w10s-obj-off-s63,w10s-obj-off,63,12659712,0.68,1.154,-1.0,0.4986,0.0,0.0,0.0,0.0,1.0,0.927
w10s-obj-off-s63,w10s-obj-off,63,12690432,0.58,1.063,-1.0,0.4006,0.0,0.0,0.0,0.0,1.0,0.927
w10s-obj-off-s63,w10s-obj-off,63,12721152,0.64,1.099,-1.0,0.5185,0.0,0.0,0.0,0.0,1.0,0.927
w10s-obj-off-s63,w10s-obj-off,63,12751872,0.66,1.144,-1.0,0.6818,0.0,0.0,0.0,0.0,1.0,0.927
w10s-obj-off-s63,w10s-obj-off,63,12782592,0.69,1.164,-1.0,0.4412,0.0,0.0,0.0,0.0,1.0,0.927
w10s-obj-off-s63,w10s-obj-off,63,12813312,0.65,1.122,-1.0,0.5972,0.0,0.0,0.0,0.0,1.0,0.927
w10s-obj-off-s63,w10s-obj-off,63,12844032,0.64,1.107,-1.0,0.4877,0.0,0.0,0.0,0.0,1.0,0.927
w10s-obj-off-s63,w10s-obj-off,63,12874752,0.63,1.114,-1.0,0.603,0.0,0.0,0.0,0.0,1.0,0.927
w10s-obj-off-s63,w10s-obj-off,63,12905472,0.68,1.15,-1.0,0.6588,0.0,0.0,0.0,0.0,1.0,0.927
w10s-obj-off-s63,w10s-obj-off,63,12936192,0.62,1.094,-1.0,0.6123,0.0,0.0,0.0,0.0,1.0,0.927
w10s-obj-off-s63,w10s-obj-off,63,12966912,0.66,1.144,-1.0,0.7329,0.0,0.0,0.0,0.0,1.0,0.927
w10s-obj-off-s63,w10s-obj-off,63,12997632,0.69,1.158,-1.0,0.6157,0.0,0.0,0.0,0.0,1.0,0.926
w10s-obj-off-s63,w10s-obj-off,63,13028352,0.72,1.171,-1.0,0.657,0.0,0.0,0.0,0.0,1.0,0.926
w10s-obj-off-s63,w10s-obj-off,63,13059072,0.6,1.074,-1.0,0.48,0.0,0.0,0.0,0.0,1.0,0.926
w10s-obj-off-s63,w10s-obj-off,63,13089792,0.63,1.125,-1.0,0.5885,0.0,0.0,0.0,0.0,1.0,0.926
w10s-obj-off-s63,w10s-obj-off,63,13120512,0.64,1.127,-1.0,0.5885,0.0,0.0,0.0,0.0,1.0,0.926
w10s-obj-off-s63,w10s-obj-off,63,13151232,0.62,1.104,-1.0,0.5443,0.0,0.0,0.0,0.0,1.0,0.926
w10s-obj-off-s63,w10s-obj-off,63,13181952,0.61,1.082,-1.0,0.6903,0.0,0.0,0.0,0.0,1.0,0.926
w10s-obj-off-s63,w10s-obj-off,63,13212672,0.66,1.13,-1.0,0.4011,0.0,0.0,0.0,0.0,1.0,0.926
w10s-obj-off-s63,w10s-obj-off,63,13243392,0.81,1.25,-1.0,0.634,0.0,0.0,0.0,0.0,1.0,0.926
w10s-obj-off-s63,w10s-obj-off,63,13274112,0.67,1.152,-1.0,0.5498,0.0,0.0,0.0,0.0,1.0,0.926
w10s-obj-off-s63,w10s-obj-off,63,13304832,0.71,1.161,-1.0,0.5761,0.0,0.0,0.0,0.0,1.0,0.926
w10s-obj-off-s63,w10s-obj-off,63,13335552,0.71,1.181,-1.0,0.8601,0.0,0.0,0.0,0.0,1.0,0.926
w10s-obj-off-s63,w10s-obj-off,63,13366272,0.73,1.204,-1.0,0.5126,0.0,0.0,0.0,0.0,1.0,0.925
w10s-obj-off-s63,w10s-obj-off,63,13396992,0.71,1.154,-1.0,0.7584,0.0,0.0,0.0,0.0,1.0,0.925
w10s-obj-off-s63,w10s-obj-off,63,13427712,0.68,1.153,-1.0,0.6298,0.0,0.0,0.0,0.0,1.0,0.925
w10s-obj-off-s63,w10s-obj-off,63,13458432,0.71,1.179,-1.0,0.6367,0.0,0.0,0.0,0.0,1.0,0.925
w10s-obj-off-s63,w10s-obj-off,63,13489152,0.72,1.185,-1.0,0.5617,0.0,0.0,0.0,0.0,1.0,0.925
w10s-obj-off-s63,w10s-obj-off,63,13519872,0.72,1.195,-1.0,0.779,0.0,0.0,0.0,0.0,1.0,0.925
w10s-obj-off-s63,w10s-obj-off,63,13550592,0.73,1.165,-1.0,0.7639,0.0,0.0,0.0,0.0,1.0,0.925
w10s-obj-off-s63,w10s-obj-off,63,13581312,0.69,1.153,-1.0,0.5254,0.0,0.0,0.0,0.0,1.0,0.925
w10s-obj-off-s63,w10s-obj-off,63,13612032,0.69,1.199,-1.0,0.7976,0.0,0.0,0.0,0.0,1.0,0.925
w10s-obj-off-s63,w10s-obj-off,63,13642752,0.78,1.2,-1.0,0.7093,0.0,0.0,0.0,0.0,1.0,0.925
w10s-obj-off-s63,w10s-obj-off,63,13673472,0.67,1.17,-1.0,0.6145,0.0,0.0,0.0,0.0,1.0,0.925
w10s-obj-off-s63,w10s-obj-off,63,13704192,0.7,1.162,-1.0,0.8581,0.0,0.0,0.0,0.0,1.0,0.925
w10s-obj-off-s63,w10s-obj-off,63,13734912,0.68,1.166,-1.0,0.6609,0.0,0.0,0.0,0.0,1.0,0.925
w10s-obj-off-s63,w10s-obj-off,63,13765632,0.76,1.195,-1.0,0.6399,0.0,0.0,0.0,0.0,1.0,0.924
w10s-obj-off-s63,w10s-obj-off,63,13796352,0.66,1.144,-1.0,0.8577,0.0,0.0,0.0,0.0,1.0,0.924
w10s-obj-off-s63,w10s-obj-off,63,13827072,0.72,1.209,-1.0,0.7192,0.0,0.0,0.0,0.0,1.0,0.924
w10s-obj-off-s63,w10s-obj-off,63,13857792,0.69,1.154,-1.0,0.7157,0.0,0.0,0.0,0.0,1.0,0.924
w10s-obj-off-s63,w10s-obj-off,63,13888512,0.73,1.214,-1.0,0.567,0.0,0.0,0.0,0.0,1.0,0.924
w10s-obj-off-s63,w10s-obj-off,63,13919232,0.68,1.167,-1.0,0.8306,0.0,0.0,0.0,0.0,1.0,0.924
w10s-obj-off-s63,w10s-obj-off,63,13949952,0.63,1.113,-1.0,0.5115,0.0,0.0,0.0,0.0,1.0,0.924
w10s-obj-off-s63,w10s-obj-off,63,13980672,0.75,1.21,-1.0,0.825,0.0,0.0,0.0,0.0,1.0,0.924
w10s-obj-off-s63,w10s-obj-off,63,14011392,0.79,1.237,-1.0,0.7246,0.0,0.0,0.0,0.0,1.0,0.924
w10s-obj-off-s63,w10s-obj-off,63,14042112,0.7,1.174,-1.0,0.6439,0.0,0.0,0.0,0.0,1.0,0.924
w10s-obj-off-s63,w10s-obj-off,63,14072832,0.7,1.181,-1.0,0.8141,0.0,0.0,0.0,0.0,1.0,0.924
w10s-obj-off-s63,w10s-obj-off,63,14103552,0.66,1.155,-1.0,0.8414,0.0,0.0,0.0,0.0,1.0,0.924
w10s-obj-off-s63,w10s-obj-off,63,14134272,0.76,1.218,-1.0,0.6778,0.0,0.0,0.0,0.0,1.0,0.923
w10s-obj-off-s63,w10s-obj-off,63,14164992,0.73,1.194,-1.0,0.8742,0.0,0.0,0.0,0.0,1.0,0.923
w10s-obj-off-s63,w10s-obj-off,63,14195712,0.74,1.216,-1.0,0.7259,0.0,0.0,0.0,0.0,1.0,0.923
w10s-obj-off-s63,w10s-obj-off,63,14226432,0.73,1.165,-1.0,0.7869,0.0,0.0,0.0,0.0,1.0,0.923
w10s-obj-off-s63,w10s-obj-off,63,14257152,0.73,1.187,-1.0,0.9144,0.0,0.0,0.0,0.0,1.0,0.923
w10s-obj-off-s63,w10s-obj-off,63,14287872,0.73,1.187,-1.0,0.6884,0.0,0.0,0.0,0.0,1.0,0.923
w10s-obj-off-s63,w10s-obj-off,63,14318592,0.73,1.186,-1.0,0.8241,0.0,0.0,0.0,0.0,1.0,0.923
w10s-obj-off-s63,w10s-obj-off,63,14349312,0.75,1.249,-1.0,0.6571,0.0,0.0,0.0,0.0,1.0,0.923
w10s-obj-off-s63,w10s-obj-off,63,14380032,0.75,1.213,-1.0,0.7575,0.0,0.0,0.0,0.0,1.0,0.923
w10s-obj-off-s63,w10s-obj-off,63,14410752,0.78,1.232,-1.0,0.7748,0.0,0.0,0.0,0.0,1.0,0.923
w10s-obj-off-s63,w10s-obj-off,63,14441472,0.77,1.209,-1.0,0.7518,0.0,0.0,0.0,0.0,1.0,0.923
w10s-obj-off-s63,w10s-obj-off,63,14472192,0.76,1.217,-1.0,0.9359,0.0,0.0,0.0,0.0,1.0,0.923
w10s-obj-off-s63,w10s-obj-off,63,14502912,0.69,1.175,-1.0,0.716,0.0,0.0,0.0,0.0,1.0,0.923
w10s-obj-off-s63,w10s-obj-off,63,14533632,0.76,1.225,-1.0,1.0098,0.0,0.0,0.0,0.0,1.0,0.922
w10s-obj-off-s63,w10s-obj-off,63,14564352,0.69,1.154,-1.0,0.6688,0.0,0.0,0.0,0.0,1.0,0.922
w10s-obj-off-s63,w10s-obj-off,63,14595072,0.68,1.191,-1.0,0.8366,0.0,0.0,0.0,0.0,1.0,0.922
w10s-obj-off-s63,w10s-obj-off,63,14625792,0.7,1.165,-1.0,0.8296,0.0,0.0,0.0,0.0,1.0,0.922
w10s-obj-off-s63,w10s-obj-off,63,14656512,0.76,1.225,-1.0,0.7439,0.0,0.0,0.0,0.0,1.0,0.922
w10s-obj-off-s63,w10s-obj-off,63,14687232,0.77,1.248,-1.0,0.8222,0.0,0.0,0.0,0.0,1.0,0.922
w10s-obj-off-s63,w10s-obj-off,63,14717952,0.69,1.157,-1.0,0.7446,0.0,0.0,0.0,0.0,1.0,0.922
w10s-obj-off-s63,w10s-obj-off,63,14748672,0.75,1.207,-1.0,0.948,0.0,0.0,0.0,0.0,1.0,0.922
w10s-obj-off-s63,w10s-obj-off,63,14779392,0.82,1.282,-1.0,0.9304,0.0,0.0,0.0,0.0,1.0,0.922
w10s-obj-off-s63,w10s-obj-off,63,14810112,0.77,1.228,-1.0,0.854,0.0,0.0,0.0,0.0,1.0,0.922
w10s-obj-off-s63,w10s-obj-off,63,14840832,0.75,1.215,-1.0,0.5853,0.0,0.0,0.0,0.0,1.0,0.922
w10s-obj-off-s63,w10s-obj-off,63,14871552,0.7,1.187,-1.0,0.6721,0.0,0.0,0.0,0.0,1.0,0.922
w10s-obj-off-s63,w10s-obj-off,63,14902272,0.77,1.233,-1.0,0.8823,0.0,0.0,0.0,0.0,1.0,0.921
w10s-obj-off-s63,w10s-obj-off,63,14932992,0.75,1.236,-1.0,0.8233,0.0,0.0,0.0,0.0,1.0,0.921
w10s-obj-off-s63,w10s-obj-off,63,14963712,0.7,1.184,-1.0,0.8593,0.0,0.0,0.0,0.0,1.0,0.921
w10s-obj-off-s63,w10s-obj-off,63,14994432,0.82,1.258,-1.0,0.9155,0.0,0.0,0.0,0.0,1.0,0.921
w10s-obj-off-s63,w10s-obj-off,63,14997504,0.82,1.236,-1.0,0.9473,0.0,0.0,0.0,0.0,1.0,0.921
w10s-shp-cur-s61,w10s-shp-cur,61,3072,0.0,0.431,-1.0,,,,,,,
w10s-shp-cur-s61,w10s-shp-cur,61,33792,0.03,0.477,-1.0,-1.0,0.0701,0.0002,-0.018,0.0198,0.971,0.934
w10s-shp-cur-s61,w10s-shp-cur,61,64512,0.01,0.505,-1.0,-1.0,0.0718,0.0002,-0.0166,0.0151,0.994,0.94
w10s-shp-cur-s61,w10s-shp-cur,61,95232,0.03,0.49,-1.0,-0.9796,0.0737,0.0002,-0.0202,0.0125,1.0,0.944
w10s-shp-cur-s61,w10s-shp-cur,61,125952,0.01,0.551,-1.0,-0.9253,0.0718,0.0002,-0.017,0.0113,1.0,0.945
w10s-shp-cur-s61,w10s-shp-cur,61,156672,0.02,0.552,-1.0,-0.9347,0.0706,0.0002,-0.0184,0.0105,1.0,0.946
w10s-shp-cur-s61,w10s-shp-cur,61,187392,0.04,0.548,-1.0,-0.9506,0.0707,0.0002,-0.0176,0.0092,1.0,0.948
w10s-shp-cur-s61,w10s-shp-cur,61,218112,0.06,0.619,-1.0,-0.8563,0.0698,0.0002,-0.0174,0.009,1.0,0.95
w10s-shp-cur-s61,w10s-shp-cur,61,248832,0.05,0.587,-1.0,-0.9,0.0729,0.0002,-0.0174,0.0089,1.0,0.951
w10s-shp-cur-s61,w10s-shp-cur,61,279552,0.02,0.549,-1.0,-0.8775,0.0699,0.0001,-0.0174,0.0078,1.0,0.952
w10s-shp-cur-s61,w10s-shp-cur,61,310272,0.06,0.618,-1.0,-0.881,0.0734,0.0002,-0.0182,0.0073,1.0,0.954
w10s-shp-cur-s61,w10s-shp-cur,61,340992,0.03,0.588,-1.0,-0.932,0.073,0.0002,-0.0183,0.0068,1.0,0.954
w10s-shp-cur-s61,w10s-shp-cur,61,371712,0.02,0.571,-1.0,-0.95,0.0713,0.0002,-0.0165,0.0071,1.0,0.955
w10s-shp-cur-s61,w10s-shp-cur,61,402432,0.01,0.566,-1.0,-0.8528,0.0707,0.0002,-0.0178,0.0063,1.0,0.955
w10s-shp-cur-s61,w10s-shp-cur,61,433152,0.04,0.557,-1.0,-0.8635,0.07,0.0002,-0.019,0.0062,1.0,0.955
w10s-shp-cur-s61,w10s-shp-cur,61,463872,0.08,0.632,-1.0,-0.9297,0.0711,0.0002,-0.0172,0.0062,1.0,0.956
w10s-shp-cur-s61,w10s-shp-cur,61,494592,0.05,0.619,-1.0,-0.9025,0.068,0.0002,-0.0179,0.0058,1.0,0.956
w10s-shp-cur-s61,w10s-shp-cur,61,525312,0.07,0.576,-1.0,-0.8834,0.0717,0.0002,-0.0174,0.0056,1.0,0.957
w10s-shp-cur-s61,w10s-shp-cur,61,556032,0.07,0.568,-1.0,-0.9272,0.0734,0.0001,-0.0177,0.0053,1.0,0.957
w10s-shp-cur-s61,w10s-shp-cur,61,586752,0.09,0.636,-1.0,-0.8123,0.0709,0.0002,-0.0196,0.0051,1.0,0.958
w10s-shp-cur-s61,w10s-shp-cur,61,617472,0.05,0.584,-1.0,-0.8795,0.0691,0.0002,-0.0182,0.0052,1.0,0.958
w10s-shp-cur-s61,w10s-shp-cur,61,648192,0.03,0.597,-1.0,-0.7092,0.0709,0.0002,-0.0179,0.0054,1.0,0.958
w10s-shp-cur-s61,w10s-shp-cur,61,678912,0.08,0.62,-1.0,-0.9542,0.0718,0.0002,-0.0183,0.0049,1.0,0.958
w10s-shp-cur-s61,w10s-shp-cur,61,709632,0.06,0.591,-1.0,-0.9292,0.0696,0.0002,-0.0185,0.0045,1.0,0.958
w10s-shp-cur-s61,w10s-shp-cur,61,740352,0.03,0.628,-1.0,-0.7303,0.0683,0.0002,-0.0203,0.0047,1.0,0.958
w10s-shp-cur-s61,w10s-shp-cur,61,771072,0.04,0.554,-1.0,-0.8629,0.0696,0.0002,-0.0197,0.0047,1.0,0.958
w10s-shp-cur-s61,w10s-shp-cur,61,801792,0.04,0.59,-1.0,-0.8504,0.0688,0.0002,-0.0172,0.005,1.0,0.958
w10s-shp-cur-s61,w10s-shp-cur,61,832512,0.06,0.6,-1.0,-0.9262,0.071,0.0002,-0.0176,0.0047,1.0,0.958
w10s-shp-cur-s61,w10s-shp-cur,61,863232,0.06,0.63,-1.0,-0.8314,0.0714,0.0002,-0.0169,0.0048,1.0,0.958
w10s-shp-cur-s61,w10s-shp-cur,61,893952,0.11,0.601,-1.0,-0.7618,0.0692,0.0002,-0.0184,0.0042,1.0,0.958
w10s-shp-cur-s61,w10s-shp-cur,61,924672,0.07,0.566,-1.0,-0.8903,0.0702,0.0002,-0.0167,0.0041,1.0,0.958
w10s-shp-cur-s61,w10s-shp-cur,61,955392,0.06,0.633,-1.0,-0.9318,0.0725,0.0002,-0.0191,0.004,1.0,0.959
w10s-shp-cur-s61,w10s-shp-cur,61,986112,0.09,0.642,-1.0,-0.7103,0.0717,0.0002,-0.0199,0.0044,1.0,0.959
w10s-shp-cur-s61,w10s-shp-cur,61,1016832,0.08,0.643,-1.0,-0.7066,0.0705,0.0002,-0.019,0.004,1.0,0.959
w10s-shp-cur-s61,w10s-shp-cur,61,1047552,0.09,0.607,-1.0,-0.6409,0.0711,0.0002,-0.02,0.0042,1.0,0.959
w10s-shp-cur-s61,w10s-shp-cur,61,1078272,0.08,0.639,-1.0,-0.9327,0.0719,0.0002,-0.0183,0.0042,1.0,0.959
w10s-shp-cur-s61,w10s-shp-cur,61,1108992,0.06,0.611,-1.0,-0.782,0.0694,0.0002,-0.0186,0.0039,1.0,0.959
w10s-shp-cur-s61,w10s-shp-cur,61,1139712,0.06,0.673,-1.0,-0.6395,0.0709,0.0002,-0.0178,0.0038,1.0,0.959
w10s-shp-cur-s61,w10s-shp-cur,61,1170432,0.04,0.614,-1.0,-0.7421,0.0706,0.0002,-0.019,0.0037,1.0,0.959
w10s-shp-cur-s61,w10s-shp-cur,61,1201152,0.14,0.71,-1.0,-0.8287,0.0727,0.0002,-0.017,0.0038,1.0,0.959
w10s-shp-cur-s61,w10s-shp-cur,61,1231872,0.09,0.616,-1.0,-0.7584,0.0722,0.0002,-0.0179,0.0036,1.0,0.958
w10s-shp-cur-s61,w10s-shp-cur,61,1262592,0.05,0.64,-1.0,-0.5869,0.0678,0.0002,-0.0169,0.0034,1.0,0.958
w10s-shp-cur-s61,w10s-shp-cur,61,1293312,0.09,0.675,-1.0,-0.8124,0.0714,0.0002,-0.0178,0.0032,1.0,0.958
w10s-shp-cur-s61,w10s-shp-cur,61,1324032,0.16,0.717,-1.0,-0.787,0.0731,0.0002,-0.0178,0.0038,1.0,0.958
w10s-shp-cur-s61,w10s-shp-cur,61,1354752,0.07,0.638,-1.0,-0.7572,0.0708,0.0002,-0.0169,0.0033,1.0,0.958
w10s-shp-cur-s61,w10s-shp-cur,61,1385472,0.11,0.61,-1.0,-0.6124,0.0704,0.0002,-0.0184,0.0035,1.0,0.958
w10s-shp-cur-s61,w10s-shp-cur,61,1416192,0.13,0.668,-1.0,-0.8324,0.0712,0.0002,-0.0179,0.0032,1.0,0.958
w10s-shp-cur-s61,w10s-shp-cur,61,1446912,0.13,0.643,-1.0,-0.7753,0.0721,0.0002,-0.0185,0.0036,1.0,0.958
w10s-shp-cur-s61,w10s-shp-cur,61,1477632,0.13,0.643,-1.0,-0.6422,0.0705,0.0002,-0.0181,0.0035,1.0,0.958
w10s-shp-cur-s61,w10s-shp-cur,61,1508352,0.15,0.678,-1.0,-0.7157,0.0707,0.0002,-0.0158,0.0028,1.0,0.958
w10s-shp-cur-s61,w10s-shp-cur,61,1539072,0.18,0.715,-1.0,-0.6922,0.0684,0.0002,-0.0189,0.0032,1.0,0.958
w10s-shp-cur-s61,w10s-shp-cur,61,1569792,0.11,0.677,-1.0,-0.7642,0.0694,0.0002,-0.0171,0.003,1.0,0.958
w10s-shp-cur-s61,w10s-shp-cur,61,1600512,0.16,0.695,-1.0,-0.5691,0.07,0.0001,-0.0179,0.0032,1.0,0.957
w10s-shp-cur-s61,w10s-shp-cur,61,1631232,0.14,0.697,-1.0,-0.7395,0.0734,0.0002,-0.0174,0.0033,1.0,0.957
w10s-shp-cur-s61,w10s-shp-cur,61,1661952,0.19,0.741,-1.0,-0.7113,0.0668,0.0002,-0.017,0.0031,1.0,0.957
w10s-shp-cur-s61,w10s-shp-cur,61,1692672,0.08,0.637,-1.0,-0.8553,0.0717,0.0001,-0.0163,0.0028,1.0,0.957
w10s-shp-cur-s61,w10s-shp-cur,61,1723392,0.13,0.636,-1.0,-0.7148,0.0706,0.0002,-0.0177,0.003,1.0,0.957
w10s-shp-cur-s61,w10s-shp-cur,61,1754112,0.18,0.688,-1.0,-0.6884,0.0717,0.0002,-0.0186,0.0031,1.0,0.957
w10s-shp-cur-s61,w10s-shp-cur,61,1784832,0.08,0.596,-1.0,-0.8385,0.0709,0.0002,-0.0168,0.0029,1.0,0.957
w10s-shp-cur-s61,w10s-shp-cur,61,1815552,0.04,0.625,-1.0,-0.5716,0.0695,0.0001,-0.0172,0.0031,1.0,0.957
w10s-shp-cur-s61,w10s-shp-cur,61,1846272,0.15,0.668,-1.0,-0.6163,0.0689,0.0002,-0.0179,0.0029,1.0,0.957
w10s-shp-cur-s61,w10s-shp-cur,61,1876992,0.24,0.791,-1.0,-0.7176,0.0694,0.0002,-0.0167,0.0029,1.0,0.957
w10s-shp-cur-s61,w10s-shp-cur,61,1907712,0.18,0.659,-1.0,-0.6383,0.0709,0.0001,-0.0176,0.0029,1.0,0.957
w10s-shp-cur-s61,w10s-shp-cur,61,1938432,0.21,0.729,-1.0,-0.5198,0.0708,0.0002,-0.0175,0.0027,1.0,0.956
w10s-shp-cur-s61,w10s-shp-cur,61,1969152,0.13,0.689,-1.0,-0.8287,0.0728,0.0002,-0.0174,0.003,1.0,0.956
w10s-shp-cur-s61,w10s-shp-cur,61,1999872,0.17,0.719,-1.0,-0.5639,0.0697,0.0002,-0.0191,0.003,1.0,0.956
w10s-shp-cur-s61,w10s-shp-cur,61,2030592,0.16,0.71,-1.0,-0.6354,0.0689,0.0002,-0.018,0.0029,1.0,0.956
w10s-shp-cur-s61,w10s-shp-cur,61,2061312,0.18,0.717,-1.0,-0.5671,0.0694,0.0002,-0.0194,0.0031,1.0,0.956
w10s-shp-cur-s61,w10s-shp-cur,61,2092032,0.18,0.723,-1.0,-0.5222,0.0706,0.0001,-0.0178,0.0028,1.0,0.956
w10s-shp-cur-s61,w10s-shp-cur,61,2122752,0.16,0.732,-1.0,-0.4939,0.0708,0.0002,-0.0179,0.0028,1.0,0.956
w10s-shp-cur-s61,w10s-shp-cur,61,2153472,0.15,0.67,-1.0,-0.5978,0.0728,0.0002,-0.0184,0.0029,1.0,0.956
w10s-shp-cur-s61,w10s-shp-cur,61,2184192,0.17,0.679,-1.0,-0.6705,0.0715,0.0002,-0.0185,0.0028,1.0,0.956
w10s-shp-cur-s61,w10s-shp-cur,61,2214912,0.16,0.693,-1.0,-0.5649,0.074,0.0001,-0.0203,0.0027,1.0,0.956
w10s-shp-cur-s61,w10s-shp-cur,61,2245632,0.2,0.703,-1.0,-0.5838,0.0709,0.0002,-0.0195,0.0028,1.0,0.956
w10s-shp-cur-s61,w10s-shp-cur,61,2276352,0.19,0.711,-1.0,-0.5408,0.072,0.0002,-0.0184,0.0027,1.0,0.956
w10s-shp-cur-s61,w10s-shp-cur,61,2307072,0.17,0.75,-1.0,-0.5425,0.073,0.0002,-0.0188,0.0027,1.0,0.956
w10s-shp-cur-s61,w10s-shp-cur,61,2337792,0.16,0.707,-1.0,-0.5182,0.0692,0.0001,-0.0188,0.0027,1.0,0.956
w10s-shp-cur-s61,w10s-shp-cur,61,2368512,0.18,0.694,-1.0,-0.495,0.07,0.0002,-0.0194,0.0025,1.0,0.956
w10s-shp-cur-s61,w10s-shp-cur,61,2399232,0.26,0.779,-1.0,-0.378,0.0708,0.0001,-0.0171,0.0023,1.0,0.956
w10s-shp-cur-s61,w10s-shp-cur,61,2429952,0.25,0.819,-1.0,-0.4902,0.0732,0.0002,-0.0179,0.0028,1.0,0.956
w10s-shp-cur-s61,w10s-shp-cur,61,2460672,0.21,0.729,-1.0,-0.5928,0.0725,0.0002,-0.0161,0.0025,1.0,0.956
w10s-shp-cur-s61,w10s-shp-cur,61,2491392,0.17,0.716,-1.0,-0.6441,0.0695,0.0001,-0.0168,0.0022,1.0,0.956
w10s-shp-cur-s61,w10s-shp-cur,61,2522112,0.24,0.787,-1.0,-0.4604,0.0749,0.0002,-0.0189,0.0026,1.0,0.956
w10s-shp-cur-s61,w10s-shp-cur,61,2552832,0.18,0.736,-1.0,-0.5185,0.0689,0.0002,-0.0196,0.0026,1.0,0.956
w10s-shp-cur-s61,w10s-shp-cur,61,2583552,0.26,0.778,-1.0,-0.5221,0.0694,0.0001,-0.0187,0.0023,1.0,0.956
w10s-shp-cur-s61,w10s-shp-cur,61,2614272,0.22,0.709,-1.0,-0.5804,0.0722,0.0002,-0.0202,0.0025,1.0,0.956
w10s-shp-cur-s61,w10s-shp-cur,61,2644992,0.18,0.677,-1.0,-0.5105,0.0672,0.0002,-0.0182,0.0024,1.0,0.956
w10s-shp-cur-s61,w10s-shp-cur,61,2675712,0.24,0.771,-1.0,-0.6031,0.0713,0.0002,-0.0188,0.0023,1.0,0.956
w10s-shp-cur-s61,w10s-shp-cur,61,2706432,0.23,0.733,-1.0,-0.4418,0.0682,0.0002,-0.0164,0.0026,1.0,0.956
w10s-shp-cur-s61,w10s-shp-cur,61,2737152,0.23,0.73,-1.0,-0.5307,0.0704,0.0001,-0.0176,0.0025,1.0,0.956
w10s-shp-cur-s61,w10s-shp-cur,61,2767872,0.27,0.792,-1.0,-0.394,0.0727,0.0001,-0.0181,0.0024,1.0,0.956
w10s-shp-cur-s61,w10s-shp-cur,61,2798592,0.19,0.71,-1.0,-0.4448,0.0703,0.0002,-0.0189,0.0026,1.0,0.956
w10s-shp-cur-s61,w10s-shp-cur,61,2829312,0.22,0.729,-1.0,-0.4157,0.0701,0.0001,-0.0172,0.0023,1.0,0.956
w10s-shp-cur-s61,w10s-shp-cur,61,2860032,0.32,0.842,-1.0,-0.3992,0.0733,0.0001,-0.0171,0.0021,1.0,0.955
w10s-shp-cur-s61,w10s-shp-cur,61,2890752,0.26,0.76,-1.0,-0.3194,0.0686,0.0001,-0.0181,0.0023,1.0,0.955
w10s-shp-cur-s61,w10s-shp-cur,61,2921472,0.2,0.774,-1.0,-0.3371,0.0715,0.0002,-0.0183,0.0027,1.0,0.955
w10s-shp-cur-s61,w10s-shp-cur,61,2952192,0.28,0.791,-1.0,-0.6013,0.0684,0.0001,-0.0154,0.0024,1.0,0.955
w10s-shp-cur-s61,w10s-shp-cur,61,2982912,0.35,0.792,-1.0,-0.2813,0.0697,0.0002,-0.0177,0.0021,1.0,0.955
w10s-shp-cur-s61,w10s-shp-cur,61,3013632,0.26,0.778,-1.0,-0.2561,0.0717,0.0002,-0.0187,0.0023,1.0,0.955
w10s-shp-cur-s61,w10s-shp-cur,61,3044352,0.25,0.778,-1.0,-0.3845,0.0722,0.0002,-0.0185,0.0024,1.0,0.955
w10s-shp-cur-s61,w10s-shp-cur,61,3075072,0.3,0.827,-1.0,-0.1544,0.0695,0.0002,-0.0186,0.0024,1.0,0.955
w10s-shp-cur-s61,w10s-shp-cur,61,3105792,0.28,0.793,-1.0,-0.2135,0.0683,0.0001,-0.0183,0.0024,1.0,0.955
w10s-shp-cur-s61,w10s-shp-cur,61,3136512,0.36,0.861,-1.0,-0.2655,0.0707,0.0002,-0.0177,0.0022,1.0,0.955
w10s-shp-cur-s61,w10s-shp-cur,61,3167232,0.38,0.916,-1.0,-0.3102,0.0689,0.0001,-0.017,0.0023,1.0,0.955
w10s-shp-cur-s61,w10s-shp-cur,61,3197952,0.29,0.795,-1.0,-0.2903,0.0706,0.0001,-0.017,0.002,1.0,0.955
w10s-shp-cur-s61,w10s-shp-cur,61,3228672,0.28,0.781,-1.0,-0.1619,0.0681,0.0001,-0.0191,0.0022,1.0,0.954
w10s-shp-cur-s61,w10s-shp-cur,61,3259392,0.36,0.858,-1.0,-0.1049,0.0687,0.0001,-0.0177,0.0024,1.0,0.954
w10s-shp-cur-s61,w10s-shp-cur,61,3290112,0.31,0.828,-1.0,-0.3427,0.071,0.0001,-0.0194,0.0022,1.0,0.954
w10s-shp-cur-s61,w10s-shp-cur,61,3320832,0.27,0.795,-1.0,-0.2239,0.0711,0.0001,-0.0184,0.0024,1.0,0.954
w10s-shp-cur-s61,w10s-shp-cur,61,3351552,0.37,0.865,-1.0,-0.1496,0.0679,0.0001,-0.0168,0.0024,1.0,0.954
w10s-shp-cur-s61,w10s-shp-cur,61,3382272,0.25,0.783,-1.0,-0.1559,0.0709,0.0002,-0.018,0.0021,1.0,0.954
w10s-shp-cur-s61,w10s-shp-cur,61,3412992,0.27,0.756,-1.0,-0.2276,0.071,0.0001,-0.0179,0.0021,1.0,0.954
w10s-shp-cur-s61,w10s-shp-cur,61,3443712,0.36,0.858,-1.0,-0.3855,0.071,0.0002,-0.0196,0.0021,1.0,0.954
w10s-shp-cur-s61,w10s-shp-cur,61,3474432,0.29,0.804,-1.0,-0.211,0.0694,0.0002,-0.0186,0.0021,1.0,0.953
w10s-shp-cur-s61,w10s-shp-cur,61,3505152,0.32,0.841,-1.0,-0.2162,0.0692,0.0002,-0.0182,0.002,1.0,0.953
w10s-shp-cur-s61,w10s-shp-cur,61,3535872,0.31,0.828,-1.0,-0.2498,0.0714,0.0002,-0.0197,0.0022,1.0,0.953
w10s-shp-cur-s61,w10s-shp-cur,61,3566592,0.38,0.862,-1.0,-0.191,0.0749,0.0001,-0.0195,0.002,1.0,0.953
w10s-shp-cur-s61,w10s-shp-cur,61,3597312,0.38,0.894,-1.0,-0.0942,0.0705,0.0002,-0.0179,0.0022,1.0,0.953
w10s-shp-cur-s61,w10s-shp-cur,61,3628032,0.36,0.874,-1.0,-0.0929,0.0683,0.0001,-0.017,0.002,1.0,0.953
w10s-shp-cur-s61,w10s-shp-cur,61,3658752,0.35,0.884,-1.0,-0.0887,0.0735,0.0001,-0.0185,0.0021,1.0,0.953
w10s-shp-cur-s61,w10s-shp-cur,61,3689472,0.37,0.86,-1.0,0.1286,0.0691,0.0001,-0.0186,0.0022,1.0,0.953
w10s-shp-cur-s61,w10s-shp-cur,61,3720192,0.43,0.915,-1.0,-0.0378,0.0722,0.0001,-0.0178,0.002,1.0,0.953
w10s-shp-cur-s61,w10s-shp-cur,61,3750912,0.4,0.908,-1.0,-0.0299,0.0706,0.0001,-0.0186,0.002,1.0,0.952
w10s-shp-cur-s61,w10s-shp-cur,61,3781632,0.41,0.923,-1.0,0.0108,0.0702,0.0001,-0.0178,0.002,1.0,0.952
w10s-shp-cur-s61,w10s-shp-cur,61,3812352,0.44,0.971,-1.0,0.0532,0.0704,0.0001,-0.0175,0.002,1.0,0.952
w10s-shp-cur-s61,w10s-shp-cur,61,3843072,0.4,0.879,-1.0,-0.0192,0.0732,0.0001,-0.0178,0.0021,1.0,0.952
w10s-shp-cur-s61,w10s-shp-cur,61,3873792,0.39,0.928,-1.0,0.0085,0.0686,0.0001,-0.0187,0.002,1.0,0.952
w10s-shp-cur-s61,w10s-shp-cur,61,3904512,0.44,0.934,-1.0,-0.0945,0.0687,0.0002,-0.0177,0.0022,1.0,0.952
w10s-shp-cur-s61,w10s-shp-cur,61,3935232,0.47,0.972,-1.0,0.0421,0.0676,0.0001,-0.0173,0.0019,1.0,0.952
w10s-shp-cur-s61,w10s-shp-cur,61,3965952,0.4,0.923,-1.0,0.2975,0.0708,0.0001,-0.02,0.002,1.0,0.952
w10s-shp-cur-s61,w10s-shp-cur,61,3996672,0.44,0.971,-1.0,0.0969,0.0738,0.0001,-0.0207,0.0019,1.0,0.952
w10s-shp-cur-s61,w10s-shp-cur,61,4027392,0.44,0.969,-1.0,0.1944,0.0705,0.0002,-0.0187,0.0019,1.0,0.951
w10s-shp-cur-s61,w10s-shp-cur,61,4058112,0.62,1.063,-1.0,0.4389,0.0696,0.0002,-0.0192,0.002,1.0,0.951
w10s-shp-cur-s61,w10s-shp-cur,61,4088832,0.42,0.921,-1.0,-0.0212,0.0687,0.0002,-0.0174,0.0019,1.0,0.951
w10s-shp-cur-s61,w10s-shp-cur,61,4119552,0.5,0.981,-1.0,0.1576,0.0669,0.0001,-0.0182,0.0019,1.0,0.951
w10s-shp-cur-s61,w10s-shp-cur,61,4150272,0.56,1.028,-1.0,0.1244,0.0714,0.0001,-0.0184,0.0019,1.0,0.951
w10s-shp-cur-s61,w10s-shp-cur,61,4180992,0.5,0.976,-1.0,0.0577,0.0703,0.0001,-0.019,0.0019,1.0,0.951
w10s-shp-cur-s61,w10s-shp-cur,61,4211712,0.43,0.929,-1.0,0.086,0.0712,0.0001,-0.0199,0.0019,1.0,0.951
w10s-shp-cur-s61,w10s-shp-cur,61,4242432,0.55,1.044,-1.0,0.4589,0.0687,0.0001,-0.0173,0.0019,1.0,0.951
w10s-shp-cur-s61,w10s-shp-cur,61,4273152,0.51,1.003,-1.0,0.351,0.0698,0.0001,-0.018,0.0018,1.0,0.951
w10s-shp-cur-s61,w10s-shp-cur,61,4303872,0.45,0.941,-1.0,0.2805,0.0709,0.0001,-0.0182,0.0019,1.0,0.95
w10s-shp-cur-s61,w10s-shp-cur,61,4334592,0.56,1.061,-0.989,0.462,0.07,0.0002,-0.018,0.0019,1.0,0.95
w10s-shp-cur-s61,w10s-shp-cur,61,4365312,0.53,1.025,-0.989,0.2196,0.0708,0.0001,-0.0178,0.0018,1.0,0.95
w10s-shp-cur-s61,w10s-shp-cur,61,4396032,0.5,0.996,-0.989,0.0665,0.0692,0.0001,-0.0197,0.0019,1.0,0.95
w10s-shp-cur-s61,w10s-shp-cur,61,4426752,0.58,1.063,-0.989,0.1412,0.0694,0.0001,-0.0187,0.0019,1.0,0.95
w10s-shp-cur-s61,w10s-shp-cur,61,4457472,0.55,1.049,-0.977,0.2475,0.067,0.0001,-0.0175,0.0019,1.0,0.95
w10s-shp-cur-s61,w10s-shp-cur,61,4488192,0.52,1.023,-0.964,0.435,0.0694,0.0001,-0.0174,0.0017,1.0,0.949
w10s-shp-cur-s61,w10s-shp-cur,61,4518912,0.52,0.993,-0.979,0.2382,0.0702,0.0001,-0.0183,0.0016,1.0,0.949
w10s-shp-cur-s61,w10s-shp-cur,61,4549632,0.48,0.945,-0.967,0.2978,0.0675,0.0001,-0.0183,0.0017,1.0,0.949
w10s-shp-cur-s61,w10s-shp-cur,61,4580352,0.52,1.038,-0.952,0.3698,0.0691,0.0001,-0.0176,0.0017,1.0,0.949
w10s-shp-cur-s61,w10s-shp-cur,61,4611072,0.46,0.997,-0.929,0.4899,0.0693,0.0001,-0.0176,0.0018,1.0,0.949
w10s-shp-cur-s61,w10s-shp-cur,61,4641792,0.6,1.054,-0.904,0.2551,0.0681,0.0001,-0.0181,0.0016,1.0,0.949
w10s-shp-cur-s61,w10s-shp-cur,61,4672512,0.54,1.053,-0.866,0.4586,0.0702,0.0001,-0.0188,0.0017,1.0,0.948
w10s-shp-cur-s61,w10s-shp-cur,61,4703232,0.55,1.032,-0.853,0.1465,0.0678,0.0002,-0.0175,0.0017,1.0,0.948
w10s-shp-cur-s61,w10s-shp-cur,61,4733952,0.52,1.039,-0.853,0.0781,0.0734,0.0002,-0.0165,0.0018,1.0,0.948
w10s-shp-cur-s61,w10s-shp-cur,61,4764672,0.6,1.049,-0.853,0.2567,0.071,0.0001,-0.0177,0.0016,1.0,0.948
w10s-shp-cur-s61,w10s-shp-cur,61,4795392,0.46,0.978,-0.813,0.2857,0.0706,0.0001,-0.018,0.0016,1.0,0.948
w10s-shp-cur-s61,w10s-shp-cur,61,4826112,0.48,0.988,-0.799,0.5142,0.0671,0.0001,-0.0178,0.0016,1.0,0.948
w10s-shp-cur-s61,w10s-shp-cur,61,4856832,0.5,1.016,-0.799,0.3464,0.0715,0.0001,-0.0187,0.0017,1.0,0.948
w10s-shp-cur-s61,w10s-shp-cur,61,4887552,0.54,0.983,-0.773,-0.0043,0.0743,0.0001,-0.0178,0.0017,1.0,0.947
w10s-shp-cur-s61,w10s-shp-cur,61,4918272,0.41,0.913,-0.762,0.0359,0.0707,0.0001,-0.0174,0.0014,1.0,0.947
w10s-shp-cur-s61,w10s-shp-cur,61,4948992,0.54,1.029,-0.762,0.3833,0.0689,0.0001,-0.0179,0.0016,1.0,0.947
w10s-shp-cur-s61,w10s-shp-cur,61,4979712,0.51,1.001,-0.744,0.0728,0.0716,0.0001,-0.018,0.0014,1.0,0.947
w10s-shp-cur-s61,w10s-shp-cur,61,5010432,0.53,1.055,-0.744,0.3275,0.071,0.0001,-0.0162,0.0016,1.0,0.947
w10s-shp-cur-s61,w10s-shp-cur,61,5041152,0.49,1.01,-0.72,0.4495,0.069,0.0001,-0.0186,0.0016,1.0,0.947
w10s-shp-cur-s61,w10s-shp-cur,61,5071872,0.57,1.066,-0.72,0.159,0.0741,0.0001,-0.0177,0.0015,1.0,0.947
w10s-shp-cur-s61,w10s-shp-cur,61,5102592,0.63,1.084,-0.72,0.3707,0.0693,0.0002,-0.0178,0.0017,1.0,0.946
w10s-shp-cur-s61,w10s-shp-cur,61,5133312,0.48,0.993,-0.679,0.4801,0.0676,0.0001,-0.0186,0.0014,1.0,0.946
w10s-shp-cur-s61,w10s-shp-cur,61,5164032,0.55,1.065,-0.654,0.3083,0.0729,0.0001,-0.0179,0.0015,1.0,0.946
w10s-shp-cur-s61,w10s-shp-cur,61,5194752,0.51,0.988,-0.624,0.581,0.0701,0.0001,-0.0177,0.0015,1.0,0.946
w10s-shp-cur-s61,w10s-shp-cur,61,5225472,0.6,1.052,-0.608,0.2963,0.0686,0.0002,-0.0182,0.0014,1.0,0.946
w10s-shp-cur-s61,w10s-shp-cur,61,5256192,0.59,1.026,-0.608,0.2078,0.0693,0.0002,-0.0181,0.0015,1.0,0.946
w10s-shp-cur-s61,w10s-shp-cur,61,5286912,0.54,1.006,-0.596,0.4096,0.0689,0.0002,-0.018,0.0015,1.0,0.946
w10s-shp-cur-s61,w10s-shp-cur,61,5317632,0.57,1.053,-0.582,0.3047,0.073,0.0002,-0.0194,0.0014,1.0,0.945
w10s-shp-cur-s61,w10s-shp-cur,61,5348352,0.55,1.027,-0.568,0.338,0.0705,0.0001,-0.0184,0.0012,1.0,0.945
w10s-shp-cur-s61,w10s-shp-cur,61,5379072,0.62,1.054,-0.555,0.3229,0.0705,0.0002,-0.0185,0.0015,1.0,0.945
w10s-shp-cur-s61,w10s-shp-cur,61,5409792,0.57,1.056,-0.516,0.2776,0.0715,0.0002,-0.0196,0.0016,1.0,0.945
w10s-shp-cur-s61,w10s-shp-cur,61,5440512,0.49,0.983,-0.49,0.5386,0.0725,0.0001,-0.0195,0.0015,1.0,0.945
w10s-shp-cur-s61,w10s-shp-cur,61,5471232,0.58,1.045,-0.454,0.1643,0.0706,0.0001,-0.0168,0.0014,1.0,0.945
w10s-shp-cur-s61,w10s-shp-cur,61,5501952,0.61,1.056,-0.414,0.1732,0.0683,0.0002,-0.0202,0.0014,1.0,0.944
w10s-shp-cur-s61,w10s-shp-cur,61,5532672,0.54,1.011,-0.378,0.2323,0.0683,0.0002,-0.0186,0.0013,1.0,0.944
w10s-shp-cur-s61,w10s-shp-cur,61,5563392,0.56,1.031,-0.378,0.1813,0.0694,0.0002,-0.018,0.0014,1.0,0.944
w10s-shp-cur-s61,w10s-shp-cur,61,5594112,0.52,0.983,-0.367,0.2806,0.0686,0.0002,-0.0182,0.0014,1.0,0.944
w10s-shp-cur-s61,w10s-shp-cur,61,5624832,0.53,1.041,-0.355,0.2161,0.0689,0.0001,-0.0171,0.0013,1.0,0.944
w10s-shp-cur-s61,w10s-shp-cur,61,5655552,0.46,0.928,-0.355,0.1366,0.0726,0.0002,-0.0195,0.0014,1.0,0.944
w10s-shp-cur-s61,w10s-shp-cur,61,5686272,0.58,1.014,-0.329,0.4698,0.0683,0.0002,-0.0184,0.0015,1.0,0.944
w10s-shp-cur-s61,w10s-shp-cur,61,5716992,0.56,1.023,-0.329,0.3285,0.0726,0.0002,-0.018,0.0013,1.0,0.943
w10s-shp-cur-s61,w10s-shp-cur,61,5747712,0.55,1.018,-0.317,0.0651,0.0702,0.0002,-0.0192,0.0014,1.0,0.943
w10s-shp-cur-s61,w10s-shp-cur,61,5778432,0.54,1.001,-0.317,0.3347,0.0677,0.0002,-0.0182,0.0014,1.0,0.943
w10s-shp-cur-s61,w10s-shp-cur,61,5809152,0.68,1.107,-0.294,0.2964,0.0687,0.0002,-0.0183,0.0012,1.0,0.943
w10s-shp-cur-s61,w10s-shp-cur,61,5839872,0.48,0.95,-0.251,0.5084,0.069,0.0002,-0.0164,0.0013,1.0,0.943
w10s-shp-cur-s61,w10s-shp-cur,61,5870592,0.59,1.04,-0.226,0.3076,0.0673,0.0001,-0.0179,0.0012,1.0,0.943
w10s-shp-cur-s61,w10s-shp-cur,61,5901312,0.66,1.08,-0.188,0.4205,0.069,0.0001,-0.0181,0.0012,1.0,0.942
w10s-shp-cur-s61,w10s-shp-cur,61,5932032,0.54,1.016,-0.145,0.3323,0.0697,0.0002,-0.0173,0.0013,1.0,0.942
w10s-shp-cur-s61,w10s-shp-cur,61,5962752,0.52,0.971,-0.145,0.3186,0.0712,0.0002,-0.018,0.0012,1.0,0.942
w10s-shp-cur-s61,w10s-shp-cur,61,5993472,0.53,1.039,-0.121,0.0913,0.0682,0.0002,-0.0189,0.0012,1.0,0.942
w10s-shp-cur-s61,w10s-shp-cur,61,6024192,0.44,0.931,-0.121,0.1441,0.0698,0.0002,-0.0179,0.0012,1.0,0.942
w10s-shp-cur-s61,w10s-shp-cur,61,6054912,0.57,1.054,-0.096,0.2516,0.0723,0.0002,-0.017,0.0012,1.0,0.941
w10s-shp-cur-s61,w10s-shp-cur,61,6085632,0.58,1.052,-0.096,0.3833,0.069,0.0002,-0.0178,0.0012,1.0,0.941
w10s-shp-cur-s61,w10s-shp-cur,61,6116352,0.57,0.991,-0.067,0.2946,0.0735,0.0002,-0.0184,0.0013,1.0,0.941
w10s-shp-cur-s61,w10s-shp-cur,61,6147072,0.49,0.978,-0.02,0.2592,0.0706,0.0002,-0.0186,0.0012,1.0,0.941
w10s-shp-cur-s61,w10s-shp-cur,61,6177792,0.54,0.965,0.0,0.4932,0.0697,0.0002,-0.017,0.0012,1.0,0.941
w10s-shp-cur-s61,w10s-shp-cur,61,6208512,0.49,0.917,0.0,0.3785,0.068,0.0002,-0.0182,0.0012,1.0,0.941
w10s-shp-cur-s61,w10s-shp-cur,61,6239232,0.54,0.996,0.0,0.3446,0.0702,0.0002,-0.0179,0.0013,1.0,0.94
w10s-shp-cur-s61,w10s-shp-cur,61,6269952,0.56,0.998,0.0,0.2678,0.0735,0.0002,-0.0187,0.0012,1.0,0.94
w10s-shp-cur-s61,w10s-shp-cur,61,6300672,0.64,1.053,0.0,0.3597,0.0706,0.0002,-0.0192,0.0012,1.0,0.94
w10s-shp-cur-s61,w10s-shp-cur,61,6331392,0.55,1.021,0.0,0.338,0.0702,0.0002,-0.0178,0.0012,1.0,0.94
w10s-shp-cur-s61,w10s-shp-cur,61,6362112,0.62,1.076,0.0,0.413,0.0721,0.0002,-0.0176,0.0012,1.0,0.94
w10s-shp-cur-s61,w10s-shp-cur,61,6392832,0.62,1.059,0.0,0.1407,0.0694,0.0002,-0.018,0.0012,1.0,0.94
w10s-shp-cur-s61,w10s-shp-cur,61,6423552,0.65,1.064,0.0,0.3151,0.0704,0.0002,-0.0199,0.0012,1.0,0.939
w10s-shp-cur-s61,w10s-shp-cur,61,6454272,0.53,0.974,0.0,0.145,0.0694,0.0002,-0.0178,0.0012,1.0,0.939
w10s-shp-cur-s61,w10s-shp-cur,61,6484992,0.59,0.997,0.0,0.4203,0.0695,0.0002,-0.0185,0.0012,1.0,0.939
w10s-shp-cur-s61,w10s-shp-cur,61,6515712,0.65,1.054,0.0,0.4571,0.0691,0.0002,-0.0182,0.0012,1.0,0.939
w10s-shp-cur-s61,w10s-shp-cur,61,6546432,0.63,1.055,0.0,0.2591,0.0694,0.0002,-0.018,0.0011,1.0,0.939
w10s-shp-cur-s61,w10s-shp-cur,61,6577152,0.58,1.007,0.0,0.4568,0.0702,0.0002,-0.0181,0.0012,1.0,0.939
w10s-shp-cur-s61,w10s-shp-cur,61,6607872,0.6,1.021,0.0,0.3041,0.0704,0.0002,-0.0188,0.0012,1.0,0.939
w10s-shp-cur-s61,w10s-shp-cur,61,6638592,0.66,1.087,0.0,0.6809,0.0668,0.0002,-0.0195,0.0011,1.0,0.938
w10s-shp-cur-s61,w10s-shp-cur,61,6669312,0.65,1.093,0.0,0.6958,0.0703,0.0002,-0.0196,0.0012,1.0,0.938
w10s-shp-cur-s61,w10s-shp-cur,61,6700032,0.63,1.102,0.0,0.2869,0.0705,0.0002,-0.019,0.0011,1.0,0.938
w10s-shp-cur-s61,w10s-shp-cur,61,6730752,0.57,1.005,0.0,0.3466,0.0745,0.0002,-0.0186,0.0012,1.0,0.938
w10s-shp-cur-s61,w10s-shp-cur,61,6761472,0.6,1.03,0.0,0.4029,0.0706,0.0002,-0.0171,0.0012,1.0,0.938
w10s-shp-cur-s61,w10s-shp-cur,61,6792192,0.63,1.07,0.0,0.5246,0.0668,0.0002,-0.0162,0.0011,1.0,0.938
w10s-shp-cur-s61,w10s-shp-cur,61,6822912,0.64,1.064,0.0,0.4284,0.0697,0.0002,-0.0172,0.0012,1.0,0.937
w10s-shp-cur-s61,w10s-shp-cur,61,6853632,0.63,1.013,0.0,0.4766,0.0691,0.0002,-0.017,0.0011,1.0,0.937
w10s-shp-cur-s61,w10s-shp-cur,61,6884352,0.62,1.068,0.0,0.5498,0.072,0.0002,-0.0182,0.0011,1.0,0.937
w10s-shp-cur-s61,w10s-shp-cur,61,6915072,0.73,1.13,0.0,0.1807,0.0688,0.0002,-0.0168,0.0011,1.0,0.937
w10s-shp-cur-s61,w10s-shp-cur,61,6945792,0.65,1.062,0.0,0.4796,0.0736,0.0002,-0.0174,0.0012,1.0,0.937
w10s-shp-cur-s61,w10s-shp-cur,61,6976512,0.69,1.1,0.0,0.3816,0.0674,0.0002,-0.0184,0.0011,1.0,0.936
w10s-shp-cur-s61,w10s-shp-cur,61,7007232,0.63,1.051,0.0,0.4119,0.0731,0.0002,-0.0171,0.0012,1.0,0.936
w10s-shp-cur-s61,w10s-shp-cur,61,7037952,0.69,1.09,0.0,0.6011,0.0694,0.0002,-0.0183,0.0012,1.0,0.936
w10s-shp-cur-s61,w10s-shp-cur,61,7068672,0.66,1.102,0.0,0.5624,0.0685,0.0002,-0.0185,0.0012,1.0,0.936
w10s-shp-cur-s61,w10s-shp-cur,61,7099392,0.59,1.033,0.0,0.5232,0.0672,0.0002,-0.0181,0.0011,1.0,0.936
w10s-shp-cur-s61,w10s-shp-cur,61,7130112,0.69,1.086,0.0,0.5961,0.0692,0.0002,-0.0178,0.0012,1.0,0.936
w10s-shp-cur-s61,w10s-shp-cur,61,7160832,0.62,1.04,0.0,0.4267,0.0672,0.0002,-0.0181,0.001,1.0,0.936
w10s-shp-cur-s61,w10s-shp-cur,61,7191552,0.63,1.082,0.0,0.2561,0.0677,0.0002,-0.0186,0.0011,1.0,0.935
w10s-shp-cur-s61,w10s-shp-cur,61,7222272,0.7,1.112,0.0,0.3443,0.0697,0.0002,-0.0174,0.0011,1.0,0.935
w10s-shp-cur-s61,w10s-shp-cur,61,7252992,0.58,1.032,0.0,0.6289,0.0712,0.0002,-0.0176,0.0011,1.0,0.935
w10s-shp-cur-s61,w10s-shp-cur,61,7283712,0.68,1.114,0.0,0.4914,0.0729,0.0002,-0.0188,0.0011,1.0,0.935
w10s-shp-cur-s61,w10s-shp-cur,61,7314432,0.74,1.143,0.0,0.5153,0.07,0.0002,-0.0193,0.0011,1.0,0.935
w10s-shp-cur-s61,w10s-shp-cur,61,7345152,0.69,1.131,0.0,0.7501,0.0695,0.0002,-0.0181,0.0012,1.0,0.935
w10s-shp-cur-s61,w10s-shp-cur,61,7375872,0.67,1.087,0.0,0.6035,0.0718,0.0002,-0.0186,0.0012,1.0,0.934
w10s-shp-cur-s61,w10s-shp-cur,61,7406592,0.69,1.106,0.0,0.2224,0.0717,0.0002,-0.0165,0.0011,1.0,0.934
w10s-shp-cur-s61,w10s-shp-cur,61,7437312,0.66,1.083,0.0,0.7348,0.072,0.0002,-0.018,0.0011,1.0,0.934
w10s-shp-cur-s61,w10s-shp-cur,61,7468032,0.66,1.105,0.0,0.4899,0.0675,0.0002,-0.018,0.0011,1.0,0.934
w10s-shp-cur-s61,w10s-shp-cur,61,7498752,0.68,1.089,0.0,0.5699,0.0716,0.0002,-0.0183,0.0011,1.0,0.934
w10s-shp-cur-s61,w10s-shp-cur,61,7529472,0.72,1.158,0.0,0.6431,0.0723,0.0002,-0.0184,0.0012,1.0,0.934
w10s-shp-cur-s61,w10s-shp-cur,61,7560192,0.69,1.128,0.0,0.5992,0.0708,0.0002,-0.0167,0.0011,1.0,0.934
w10s-shp-cur-s61,w10s-shp-cur,61,7590912,0.66,1.079,0.0,0.6408,0.0677,0.0002,-0.0172,0.0011,1.0,0.933
w10s-shp-cur-s61,w10s-shp-cur,61,7621632,0.67,1.109,0.0,0.6189,0.0731,0.0002,-0.0165,0.0012,1.0,0.933
w10s-shp-cur-s61,w10s-shp-cur,61,7652352,0.66,1.087,0.0,0.8736,0.0688,0.0002,-0.0194,0.0012,1.0,0.933
w10s-shp-cur-s61,w10s-shp-cur,61,7683072,0.71,1.102,0.0,0.7046,0.0713,0.0002,-0.0178,0.0012,1.0,0.933
w10s-shp-cur-s61,w10s-shp-cur,61,7713792,0.81,1.211,0.0,0.4721,0.0726,0.0002,-0.018,0.0011,1.0,0.933
w10s-shp-cur-s61,w10s-shp-cur,61,7744512,0.77,1.192,0.0,0.6105,0.0732,0.0002,-0.0173,0.0011,1.0,0.933
w10s-shp-cur-s61,w10s-shp-cur,61,7775232,0.72,1.146,0.0,0.8656,0.0724,0.0002,-0.0187,0.0012,1.0,0.933
w10s-shp-cur-s61,w10s-shp-cur,61,7805952,0.71,1.155,0.0,0.7379,0.0709,0.0002,-0.0176,0.0011,1.0,0.932
w10s-shp-cur-s61,w10s-shp-cur,61,7836672,0.64,1.081,0.0,0.7284,0.0726,0.0002,-0.0177,0.0012,1.0,0.932
w10s-shp-cur-s61,w10s-shp-cur,61,7867392,0.76,1.187,0.0,0.658,0.07,0.0002,-0.0174,0.0012,1.0,0.932
w10s-shp-cur-s61,w10s-shp-cur,61,7898112,0.62,1.096,0.0,0.6836,0.074,0.0002,-0.0185,0.0012,1.0,0.932
w10s-shp-cur-s61,w10s-shp-cur,61,7928832,0.62,1.048,0.0,0.7477,0.0695,0.0002,-0.0184,0.0012,1.0,0.932
w10s-shp-cur-s61,w10s-shp-cur,61,7959552,0.75,1.178,0.0,0.783,0.0699,0.0002,-0.0185,0.0011,1.0,0.932
w10s-shp-cur-s61,w10s-shp-cur,61,7990272,0.74,1.184,0.0,0.5439,0.0687,0.0002,-0.0183,0.0012,1.0,0.932
w10s-shp-cur-s61,w10s-shp-cur,61,8020992,0.67,1.085,0.0,0.6956,0.0706,0.0002,-0.0184,0.0011,1.0,0.931
w10s-shp-cur-s61,w10s-shp-cur,61,8051712,0.71,1.133,0.0,0.7753,0.0704,0.0002,-0.0179,0.0011,1.0,0.931
w10s-shp-cur-s61,w10s-shp-cur,61,8082432,0.77,1.184,0.0,0.6534,0.0679,0.0002,-0.018,0.0011,1.0,0.931
w10s-shp-cur-s61,w10s-shp-cur,61,8113152,0.73,1.136,0.0,0.6076,0.073,0.0002,-0.0201,0.0011,1.0,0.931
w10s-shp-cur-s61,w10s-shp-cur,61,8143872,0.71,1.121,0.0,0.6108,0.0721,0.0002,-0.0166,0.001,1.0,0.931
w10s-shp-cur-s61,w10s-shp-cur,61,8174592,0.63,1.075,0.0,0.6846,0.0693,0.0002,-0.0178,0.0011,1.0,0.931
w10s-shp-cur-s61,w10s-shp-cur,61,8205312,0.71,1.114,0.0,0.5761,0.0685,0.0002,-0.0188,0.0011,1.0,0.931
w10s-shp-cur-s61,w10s-shp-cur,61,8236032,0.74,1.143,0.0,0.6598,0.0701,0.0002,-0.0171,0.0011,1.0,0.93
w10s-shp-cur-s61,w10s-shp-cur,61,8266752,0.76,1.181,0.0,0.6483,0.0726,0.0002,-0.0181,0.0012,1.0,0.93
w10s-shp-cur-s61,w10s-shp-cur,61,8297472,0.78,1.176,0.0,0.648,0.0705,0.0002,-0.0188,0.0011,1.0,0.93
w10s-shp-cur-s61,w10s-shp-cur,61,8328192,0.72,1.112,0.0,0.652,0.0702,0.0002,-0.0181,0.0011,1.0,0.93
w10s-shp-cur-s61,w10s-shp-cur,61,8358912,0.75,1.157,0.0,0.681,0.0685,0.0002,-0.0175,0.0011,1.0,0.93
w10s-shp-cur-s61,w10s-shp-cur,61,8389632,0.71,1.1,0.0,0.5433,0.0689,0.0002,-0.0182,0.0011,1.0,0.93
w10s-shp-cur-s61,w10s-shp-cur,61,8420352,0.76,1.175,0.0,0.8132,0.0721,0.0002,-0.0184,0.0012,1.0,0.93
w10s-shp-cur-s61,w10s-shp-cur,61,8451072,0.8,1.173,0.0,0.9295,0.0712,0.0002,-0.0175,0.0012,1.0,0.93
w10s-shp-cur-s61,w10s-shp-cur,61,8481792,0.69,1.107,0.0,0.5095,0.0748,0.0002,-0.0182,0.0011,1.0,0.929
w10s-shp-cur-s61,w10s-shp-cur,61,8512512,0.78,1.158,0.0,0.7123,0.0729,0.0002,-0.0175,0.0011,1.0,0.929
w10s-shp-cur-s61,w10s-shp-cur,61,8543232,0.74,1.153,0.0,0.5467,0.0708,0.0002,-0.0179,0.001,1.0,0.929
w10s-shp-cur-s61,w10s-shp-cur,61,8573952,0.7,1.134,0.0,0.8013,0.0705,0.0002,-0.0173,0.0012,1.0,0.929
w10s-shp-cur-s61,w10s-shp-cur,61,8604672,0.65,1.108,0.0,0.8268,0.0645,0.0002,-0.0169,0.0011,1.0,0.929
w10s-shp-cur-s61,w10s-shp-cur,61,8635392,0.61,1.059,0.0,0.7489,0.0682,0.0002,-0.0177,0.0011,1.0,0.929
w10s-shp-cur-s61,w10s-shp-cur,61,8666112,0.73,1.14,0.0,0.6784,0.0713,0.0002,-0.017,0.0011,1.0,0.929
w10s-shp-cur-s61,w10s-shp-cur,61,8696832,0.74,1.142,0.0,0.8339,0.0699,0.0002,-0.0189,0.0011,1.0,0.929
w10s-shp-cur-s61,w10s-shp-cur,61,8727552,0.7,1.142,0.0,0.6647,0.0701,0.0002,-0.0177,0.0011,1.0,0.928
w10s-shp-cur-s61,w10s-shp-cur,61,8758272,0.74,1.148,0.0,0.5887,0.0713,0.0002,-0.0182,0.0011,1.0,0.928
w10s-shp-cur-s61,w10s-shp-cur,61,8788992,0.74,1.138,0.0,0.7737,0.0703,0.0002,-0.0168,0.0011,1.0,0.928
w10s-shp-cur-s61,w10s-shp-cur,61,8819712,0.81,1.215,0.0,0.8066,0.0669,0.0002,-0.0179,0.0011,1.0,0.928
w10s-shp-cur-s61,w10s-shp-cur,61,8850432,0.69,1.108,0.0,0.7685,0.0692,0.0002,-0.0188,0.0012,1.0,0.928
w10s-shp-cur-s61,w10s-shp-cur,61,8881152,0.76,1.192,0.0,0.6934,0.0704,0.0002,-0.0157,0.0011,1.0,0.928
w10s-shp-cur-s61,w10s-shp-cur,61,8911872,0.65,1.103,0.0,0.7319,0.0708,0.0002,-0.0186,0.0011,1.0,0.928
w10s-shp-cur-s61,w10s-shp-cur,61,8942592,0.66,1.073,0.0,0.8194,0.0748,0.0002,-0.0189,0.0012,1.0,0.928
w10s-shp-cur-s61,w10s-shp-cur,61,8973312,0.71,1.116,0.0,0.66,0.0702,0.0002,-0.0189,0.0012,1.0,0.928
w10s-shp-cur-s61,w10s-shp-cur,61,9004032,0.73,1.137,0.0,0.9347,0.0723,0.0002,-0.0173,0.0012,1.0,0.927
w10s-shp-cur-s61,w10s-shp-cur,61,9034752,0.7,1.139,0.0,0.7912,0.0716,0.0002,-0.0187,0.0011,1.0,0.927
w10s-shp-cur-s61,w10s-shp-cur,61,9065472,0.78,1.195,0.0,0.9001,0.0725,0.0002,-0.0178,0.0011,1.0,0.927
w10s-shp-cur-s61,w10s-shp-cur,61,9096192,0.74,1.164,0.0,0.9342,0.0708,0.0002,-0.0182,0.001,1.0,0.927
w10s-shp-cur-s61,w10s-shp-cur,61,9126912,0.72,1.107,0.0,0.7311,0.0717,0.0002,-0.0172,0.001,1.0,0.927
w10s-shp-cur-s61,w10s-shp-cur,61,9157632,0.77,1.198,0.0,0.6643,0.075,0.0002,-0.0169,0.0011,1.0,0.927
w10s-shp-cur-s61,w10s-shp-cur,61,9188352,0.73,1.166,0.0,0.7116,0.0674,0.0002,-0.0176,0.0011,1.0,0.927
w10s-shp-cur-s61,w10s-shp-cur,61,9219072,0.7,1.131,0.0,0.8296,0.0682,0.0002,-0.0176,0.001,1.0,0.927
w10s-shp-cur-s61,w10s-shp-cur,61,9249792,0.78,1.187,0.0,0.7471,0.0661,0.0002,-0.0186,0.001,1.0,0.927
w10s-shp-cur-s61,w10s-shp-cur,61,9280512,0.72,1.106,0.0,0.7388,0.0685,0.0002,-0.0184,0.001,1.0,0.926
w10s-shp-cur-s61,w10s-shp-cur,61,9311232,0.64,1.089,0.0,0.7878,0.0715,0.0002,-0.0177,0.0011,1.0,0.926
w10s-shp-cur-s61,w10s-shp-cur,61,9341952,0.68,1.11,0.0,0.8131,0.0706,0.0002,-0.0182,0.0011,1.0,0.926
w10s-shp-cur-s61,w10s-shp-cur,61,9372672,0.75,1.19,0.0,0.9379,0.0684,0.0002,-0.0169,0.0011,1.0,0.926
w10s-shp-cur-s61,w10s-shp-cur,61,9403392,0.8,1.195,0.0,0.7924,0.0723,0.0002,-0.0176,0.0011,1.0,0.926
w10s-shp-cur-s61,w10s-shp-cur,61,9434112,0.82,1.208,0.0,0.9275,0.0715,0.0002,-0.0176,0.0011,1.0,0.926
w10s-shp-cur-s61,w10s-shp-cur,61,9464832,0.71,1.153,0.0,0.8087,0.0693,0.0002,-0.0167,0.0011,1.0,0.926
w10s-shp-cur-s61,w10s-shp-cur,61,9495552,0.76,1.193,0.0,0.6923,0.0709,0.0002,-0.0183,0.0011,1.0,0.926
w10s-shp-cur-s61,w10s-shp-cur,61,9526272,0.74,1.151,0.0,0.7812,0.0735,0.0002,-0.0188,0.0011,1.0,0.926
w10s-shp-cur-s61,w10s-shp-cur,61,9556992,0.73,1.181,0.0,0.97,0.072,0.0002,-0.0178,0.0012,1.0,0.925
w10s-shp-cur-s61,w10s-shp-cur,61,9587712,0.74,1.185,0.0,0.6304,0.0679,0.0002,-0.0166,0.001,1.0,0.925
w10s-shp-cur-s61,w10s-shp-cur,61,9618432,0.82,1.208,0.0,0.7383,0.0714,0.0002,-0.0192,0.0011,1.0,0.925
w10s-shp-cur-s61,w10s-shp-cur,61,9649152,0.73,1.161,0.0,0.6582,0.0676,0.0002,-0.0178,0.0011,1.0,0.925
w10s-shp-cur-s61,w10s-shp-cur,61,9679872,0.74,1.163,0.0,0.8213,0.07,0.0002,-0.0169,0.0011,1.0,0.925
w10s-shp-cur-s61,w10s-shp-cur,61,9710592,0.75,1.172,0.0,0.7805,0.0725,0.0002,-0.0182,0.001,1.0,0.925
w10s-shp-cur-s61,w10s-shp-cur,61,9741312,0.68,1.108,0.0,0.8129,0.0701,0.0002,-0.0172,0.001,1.0,0.925
w10s-shp-cur-s61,w10s-shp-cur,61,9772032,0.86,1.263,0.0,0.7441,0.0736,0.0002,-0.0175,0.0011,1.0,0.925
w10s-shp-cur-s61,w10s-shp-cur,61,9802752,0.73,1.109,0.0,0.9474,0.0712,0.0002,-0.0176,0.0011,1.0,0.925
w10s-shp-cur-s61,w10s-shp-cur,61,9833472,0.78,1.198,0.0,0.7547,0.0699,0.0002,-0.0184,0.001,1.0,0.925
w10s-shp-cur-s61,w10s-shp-cur,61,9864192,0.79,1.196,0.0,0.7937,0.072,0.0002,-0.0177,0.0011,1.0,0.924
w10s-shp-cur-s61,w10s-shp-cur,61,9894912,0.8,1.224,0.0,0.8753,0.0691,0.0002,-0.0174,0.0011,1.0,0.924
w10s-shp-cur-s61,w10s-shp-cur,61,9925632,0.82,1.242,0.0,0.8653,0.0691,0.0002,-0.0164,0.001,1.0,0.924
w10s-shp-cur-s61,w10s-shp-cur,61,9956352,0.81,1.203,0.0,0.8895,0.0725,0.0002,-0.0174,0.001,1.0,0.924
w10s-shp-cur-s61,w10s-shp-cur,61,9987072,0.84,1.239,0.0,0.7003,0.071,0.0002,-0.019,0.0011,1.0,0.924
w10s-shp-cur-s61,w10s-shp-cur,61,10017792,0.69,1.142,0.0,0.9498,0.0714,0.0002,-0.0179,0.0011,1.0,0.924
w10s-shp-cur-s61,w10s-shp-cur,61,10048512,0.73,1.163,0.0,0.7219,0.0698,0.0002,-0.0177,0.0011,1.0,0.924
w10s-shp-cur-s61,w10s-shp-cur,61,10079232,0.78,1.197,0.0,0.7496,0.0696,0.0002,-0.0171,0.001,1.0,0.924
w10s-shp-cur-s61,w10s-shp-cur,61,10109952,0.76,1.191,0.0,0.8767,0.0683,0.0002,-0.0179,0.0011,1.0,0.924
w10s-shp-cur-s61,w10s-shp-cur,61,10140672,0.73,1.127,0.0,0.65,0.0693,0.0002,-0.0182,0.0011,1.0,0.924
w10s-shp-cur-s61,w10s-shp-cur,61,10171392,0.82,1.223,0.0,0.7466,0.0689,0.0002,-0.0168,0.001,1.0,0.923
w10s-shp-cur-s61,w10s-shp-cur,61,10202112,0.78,1.175,0.0,0.9586,0.0702,0.0002,-0.0174,0.0011,1.0,0.923
w10s-shp-cur-s61,w10s-shp-cur,61,10232832,0.81,1.227,0.0,0.7707,0.0707,0.0002,-0.0175,0.0011,1.0,0.923
w10s-shp-cur-s61,w10s-shp-cur,61,10263552,0.75,1.163,0.0,0.6631,0.0744,0.0002,-0.0167,0.0011,1.0,0.923
w10s-shp-cur-s61,w10s-shp-cur,61,10294272,0.75,1.193,0.0,0.7603,0.0691,0.0002,-0.0163,0.001,1.0,0.923
w10s-shp-cur-s61,w10s-shp-cur,61,10324992,0.76,1.17,0.0,0.9759,0.068,0.0002,-0.0186,0.0011,1.0,0.923
w10s-shp-cur-s61,w10s-shp-cur,61,10355712,0.78,1.2,0.0,0.8236,0.0712,0.0002,-0.0182,0.0011,1.0,0.923
w10s-shp-cur-s61,w10s-shp-cur,61,10386432,0.74,1.134,0.0,0.8145,0.0722,0.0002,-0.0174,0.001,1.0,0.923
w10s-shp-cur-s61,w10s-shp-cur,61,10417152,0.74,1.194,0.0,0.8843,0.0717,0.0002,-0.0188,0.0011,1.0,0.923
w10s-shp-cur-s61,w10s-shp-cur,61,10447872,0.73,1.173,0.0,1.1152,0.0683,0.0002,-0.0176,0.001,1.0,0.923
w10s-shp-cur-s61,w10s-shp-cur,61,10478592,0.76,1.227,0.0,1.0196,0.0706,0.0002,-0.0172,0.0011,1.0,0.923
w10s-shp-cur-s61,w10s-shp-cur,61,10509312,0.81,1.224,0.0,0.7426,0.0687,0.0002,-0.0188,0.0011,1.0,0.923
w10s-shp-cur-s61,w10s-shp-cur,61,10540032,0.83,1.24,0.0,0.7551,0.0718,0.0002,-0.0194,0.0011,1.0,0.922
w10s-shp-cur-s61,w10s-shp-cur,61,10570752,0.78,1.202,0.0,1.0157,0.0685,0.0002,-0.0167,0.0011,1.0,0.922
w10s-shp-cur-s61,w10s-shp-cur,61,10601472,0.75,1.162,0.0,0.6469,0.0726,0.0002,-0.0168,0.001,1.0,0.922
w10s-shp-cur-s61,w10s-shp-cur,61,10632192,0.71,1.127,0.0,0.8397,0.0683,0.0002,-0.0179,0.001,1.0,0.922
w10s-shp-cur-s61,w10s-shp-cur,61,10662912,0.77,1.181,0.0,0.7955,0.0724,0.0002,-0.0177,0.001,1.0,0.922
w10s-shp-cur-s61,w10s-shp-cur,61,10693632,0.78,1.189,0.0,0.8358,0.0716,0.0002,-0.0187,0.0011,1.0,0.922
w10s-shp-cur-s61,w10s-shp-cur,61,10724352,0.74,1.173,0.0,0.8379,0.0717,0.0002,-0.0193,0.0011,1.0,0.922
w10s-shp-cur-s61,w10s-shp-cur,61,10755072,0.8,1.217,0.0,0.9672,0.0724,0.0002,-0.0186,0.0011,1.0,0.922
w10s-shp-cur-s61,w10s-shp-cur,61,10785792,0.8,1.225,0.0,0.9913,0.0709,0.0002,-0.0178,0.001,1.0,0.922
w10s-shp-cur-s61,w10s-shp-cur,61,10816512,0.83,1.232,0.0,0.6391,0.0698,0.0002,-0.0173,0.001,1.0,0.922
w10s-shp-cur-s61,w10s-shp-cur,61,10847232,0.85,1.27,0.0,0.8802,0.0687,0.0002,-0.0171,0.001,1.0,0.922
w10s-shp-cur-s61,w10s-shp-cur,61,10877952,0.73,1.164,0.0,1.0078,0.0682,0.0002,-0.0172,0.001,1.0,0.922
w10s-shp-cur-s61,w10s-shp-cur,61,10908672,0.69,1.14,0.0,0.9613,0.0706,0.0002,-0.0174,0.001,1.0,0.921
w10s-shp-cur-s61,w10s-shp-cur,61,10939392,0.71,1.163,0.0,0.9144,0.067,0.0002,-0.019,0.0011,1.0,0.921
w10s-shp-cur-s61,w10s-shp-cur,61,10970112,0.78,1.218,0.0,0.8473,0.071,0.0002,-0.0185,0.001,1.0,0.921
w10s-shp-cur-s61,w10s-shp-cur,61,11000832,0.74,1.155,0.0,0.8789,0.0689,0.0002,-0.019,0.0011,1.0,0.921
w10s-shp-cur-s61,w10s-shp-cur,61,11031552,0.81,1.231,0.0,0.6605,0.0693,0.0002,-0.0178,0.001,1.0,0.921
w10s-shp-cur-s61,w10s-shp-cur,61,11062272,0.77,1.198,0.0,0.9311,0.0717,0.0002,-0.0185,0.001,1.0,0.921
w10s-shp-cur-s61,w10s-shp-cur,61,11092992,0.78,1.225,0.0,0.8742,0.0698,0.0002,-0.0183,0.0011,1.0,0.921
w10s-shp-cur-s61,w10s-shp-cur,61,11123712,0.82,1.249,0.0,0.9605,0.0686,0.0002,-0.0181,0.0011,1.0,0.921
w10s-shp-cur-s61,w10s-shp-cur,61,11154432,0.81,1.254,0.0,0.9688,0.0721,0.0002,-0.0189,0.0011,1.0,0.921
w10s-shp-cur-s61,w10s-shp-cur,61,11185152,0.75,1.186,0.0,0.8981,0.0708,0.0002,-0.0183,0.0011,1.0,0.921
w10s-shp-cur-s61,w10s-shp-cur,61,11215872,0.82,1.247,0.0,0.7846,0.0708,0.0002,-0.018,0.001,1.0,0.921
w10s-shp-cur-s61,w10s-shp-cur,61,11246592,0.75,1.197,0.0,0.7775,0.0698,0.0002,-0.0201,0.001,1.0,0.921
w10s-shp-cur-s61,w10s-shp-cur,61,11277312,0.81,1.232,0.0,0.8731,0.069,0.0002,-0.0167,0.001,1.0,0.92
w10s-shp-cur-s61,w10s-shp-cur,61,11308032,0.77,1.221,0.0,0.6759,0.0706,0.0002,-0.0196,0.001,1.0,0.92
w10s-shp-cur-s61,w10s-shp-cur,61,11338752,0.76,1.203,0.0,1.0206,0.0712,0.0002,-0.0189,0.001,1.0,0.92
w10s-shp-cur-s61,w10s-shp-cur,61,11369472,0.79,1.24,0.0,0.8117,0.0682,0.0002,-0.0185,0.001,1.0,0.92
w10s-shp-cur-s61,w10s-shp-cur,61,11400192,0.73,1.183,0.0,0.8902,0.0679,0.0002,-0.0186,0.0011,1.0,0.92
w10s-shp-cur-s61,w10s-shp-cur,61,11430912,0.83,1.261,0.0,0.8811,0.0716,0.0002,-0.0177,0.0011,1.0,0.92
w10s-shp-cur-s61,w10s-shp-cur,61,11461632,0.79,1.223,0.0,1.0169,0.0717,0.0002,-0.0178,0.0011,1.0,0.92
w10s-shp-cur-s61,w10s-shp-cur,61,11492352,0.77,1.218,0.0,1.0064,0.0701,0.0002,-0.0176,0.001,1.0,0.92
w10s-shp-cur-s61,w10s-shp-cur,61,11523072,0.82,1.237,0.0,0.992,0.0717,0.0002,-0.0183,0.001,1.0,0.92
w10s-shp-cur-s61,w10s-shp-cur,61,11553792,0.74,1.207,0.0,1.021,0.0726,0.0002,-0.0186,0.001,1.0,0.92
w10s-shp-cur-s61,w10s-shp-cur,61,11584512,0.71,1.172,0.0,0.8194,0.0699,0.0002,-0.0181,0.001,1.0,0.92
w10s-shp-cur-s61,w10s-shp-cur,61,11615232,0.82,1.255,0.0,0.8461,0.0748,0.0002,-0.0187,0.0011,1.0,0.92
w10s-shp-cur-s61,w10s-shp-cur,61,11645952,0.81,1.234,0.0,0.7966,0.0694,0.0002,-0.0186,0.001,1.0,0.92
w10s-shp-cur-s61,w10s-shp-cur,61,11676672,0.85,1.266,0.0,0.9755,0.0693,0.0002,-0.0193,0.001,1.0,0.919
w10s-shp-cur-s61,w10s-shp-cur,61,11707392,0.76,1.184,0.0,0.7607,0.0676,0.0002,-0.0188,0.0011,1.0,0.919
w10s-shp-cur-s61,w10s-shp-cur,61,11738112,0.69,1.153,0.0,0.7128,0.0723,0.0002,-0.0189,0.001,1.0,0.919
w10s-shp-cur-s61,w10s-shp-cur,61,11768832,0.78,1.227,0.0,0.9498,0.0715,0.0002,-0.0188,0.0011,1.0,0.919
w10s-shp-cur-s61,w10s-shp-cur,61,11799552,0.89,1.307,0.0,0.7875,0.0682,0.0002,-0.0177,0.001,1.0,0.919
w10s-shp-cur-s61,w10s-shp-cur,61,11830272,0.81,1.261,0.0,0.9396,0.0713,0.0002,-0.0183,0.001,1.0,0.919
w10s-shp-cur-s61,w10s-shp-cur,61,11860992,0.81,1.239,0.0,0.8918,0.0695,0.0002,-0.0177,0.001,1.0,0.919
w10s-shp-cur-s61,w10s-shp-cur,61,11891712,0.83,1.26,0.0,1.0358,0.07,0.0002,-0.0184,0.0011,1.0,0.919
w10s-shp-cur-s61,w10s-shp-cur,61,11922432,0.82,1.25,0.0,0.9255,0.0713,0.0002,-0.0177,0.001,1.0,0.919
w10s-shp-cur-s61,w10s-shp-cur,61,11953152,0.84,1.258,0.0,0.8548,0.0693,0.0002,-0.0205,0.0011,1.0,0.919
w10s-shp-cur-s61,w10s-shp-cur,61,11983872,0.81,1.216,0.0,0.9496,0.0696,0.0002,-0.0188,0.0011,1.0,0.919
w10s-shp-cur-s61,w10s-shp-cur,61,12014592,0.8,1.236,0.0,0.7479,0.0675,0.0002,-0.0177,0.001,1.0,0.919
w10s-shp-cur-s61,w10s-shp-cur,61,12045312,0.84,1.294,0.0,0.9904,0.0712,0.0002,-0.018,0.001,1.0,0.918
w10s-shp-cur-s61,w10s-shp-cur,61,12076032,0.86,1.274,0.0,0.9451,0.0713,0.0002,-0.0173,0.001,1.0,0.918
w10s-shp-cur-s61,w10s-shp-cur,61,12106752,0.86,1.272,0.0,0.846,0.0733,0.0002,-0.0189,0.001,1.0,0.918
w10s-shp-cur-s61,w10s-shp-cur,61,12137472,0.82,1.252,0.0,1.1549,0.0714,0.0002,-0.0194,0.001,1.0,0.918
w10s-shp-cur-s61,w10s-shp-cur,61,12168192,0.87,1.288,0.0,1.0334,0.0694,0.0002,-0.0173,0.001,1.0,0.918
w10s-shp-cur-s61,w10s-shp-cur,61,12198912,0.75,1.192,0.0,0.8882,0.0693,0.0002,-0.0192,0.001,1.0,0.918
w10s-shp-cur-s61,w10s-shp-cur,61,12229632,0.79,1.238,0.0,0.8766,0.0671,0.0002,-0.0173,0.001,1.0,0.918
w10s-shp-cur-s61,w10s-shp-cur,61,12260352,0.88,1.303,0.0,0.9551,0.0706,0.0002,-0.0177,0.001,1.0,0.918
w10s-shp-cur-s61,w10s-shp-cur,61,12291072,0.84,1.254,0.0,0.9371,0.0688,0.0002,-0.0191,0.001,1.0,0.918
w10s-shp-cur-s61,w10s-shp-cur,61,12321792,0.81,1.246,0.0,0.9099,0.0717,0.0002,-0.0194,0.001,1.0,0.918
w10s-shp-cur-s61,w10s-shp-cur,61,12352512,0.84,1.258,0.0,0.9335,0.0721,0.0002,-0.0182,0.0011,1.0,0.918
w10s-shp-cur-s61,w10s-shp-cur,61,12383232,0.77,1.203,0.0,0.8787,0.0708,0.0002,-0.0189,0.001,1.0,0.918
w10s-shp-cur-s61,w10s-shp-cur,61,12413952,0.84,1.263,0.0,0.92,0.0697,0.0002,-0.0179,0.0011,1.0,0.918
w10s-shp-cur-s61,w10s-shp-cur,61,12444672,0.82,1.244,0.0,0.9219,0.0727,0.0002,-0.019,0.001,1.0,0.918
w10s-shp-cur-s61,w10s-shp-cur,61,12475392,0.79,1.243,0.0,0.921,0.0691,0.0002,-0.0188,0.001,1.0,0.917
w10s-shp-cur-s61,w10s-shp-cur,61,12506112,0.81,1.242,0.0,0.8662,0.0671,0.0002,-0.0176,0.001,1.0,0.917
w10s-shp-cur-s61,w10s-shp-cur,61,12536832,0.84,1.282,0.0,0.8498,0.0711,0.0002,-0.0186,0.001,1.0,0.917
w10s-shp-cur-s61,w10s-shp-cur,61,12567552,0.84,1.27,0.0,0.7445,0.0689,0.0002,-0.0173,0.001,1.0,0.917
w10s-shp-cur-s61,w10s-shp-cur,61,12598272,0.81,1.261,0.0,1.1227,0.0702,0.0002,-0.0158,0.001,1.0,0.917
w10s-shp-cur-s61,w10s-shp-cur,61,12628992,0.87,1.304,0.0,0.9448,0.0672,0.0002,-0.0196,0.0009,1.0,0.917
w10s-shp-cur-s61,w10s-shp-cur,61,12659712,0.86,1.308,0.0,0.9706,0.0703,0.0002,-0.0164,0.001,1.0,0.917
w10s-shp-cur-s61,w10s-shp-cur,61,12690432,0.81,1.266,0.0,0.842,0.0697,0.0002,-0.0171,0.001,1.0,0.917
w10s-shp-cur-s61,w10s-shp-cur,61,12721152,0.87,1.297,0.0,0.772,0.071,0.0002,-0.0186,0.001,1.0,0.917
w10s-shp-cur-s61,w10s-shp-cur,61,12751872,0.83,1.265,0.0,0.9413,0.0701,0.0002,-0.019,0.001,1.0,0.917
w10s-shp-cur-s61,w10s-shp-cur,61,12782592,0.8,1.266,0.0,0.9348,0.0695,0.0002,-0.0173,0.001,1.0,0.917
w10s-shp-cur-s61,w10s-shp-cur,61,12813312,0.82,1.255,0.0,0.8752,0.0754,0.0002,-0.0186,0.0011,1.0,0.917
w10s-shp-cur-s61,w10s-shp-cur,61,12844032,0.81,1.244,0.0,1.0222,0.0727,0.0002,-0.0195,0.001,1.0,0.917
w10s-shp-cur-s61,w10s-shp-cur,61,12874752,0.84,1.277,0.0,0.9527,0.0696,0.0002,-0.0167,0.0009,1.0,0.917
w10s-shp-cur-s61,w10s-shp-cur,61,12905472,0.79,1.244,0.0,0.8697,0.0672,0.0002,-0.0182,0.001,1.0,0.917
w10s-shp-cur-s61,w10s-shp-cur,61,12936192,0.82,1.257,0.0,1.0189,0.0726,0.0002,-0.0187,0.001,1.0,0.916
w10s-shp-cur-s61,w10s-shp-cur,61,12966912,0.75,1.193,0.0,1.0623,0.0728,0.0002,-0.0184,0.001,1.0,0.916
w10s-shp-cur-s61,w10s-shp-cur,61,12997632,0.81,1.254,0.0,0.9815,0.0701,0.0002,-0.0204,0.001,1.0,0.916
w10s-shp-cur-s61,w10s-shp-cur,61,13028352,0.84,1.288,0.0,0.9538,0.0694,0.0002,-0.0173,0.001,1.0,0.916
w10s-shp-cur-s61,w10s-shp-cur,61,13059072,0.81,1.257,0.0,1.048,0.0697,0.0002,-0.0173,0.001,1.0,0.916
w10s-shp-cur-s61,w10s-shp-cur,61,13089792,0.85,1.267,0.0,1.0917,0.0714,0.0002,-0.0184,0.001,1.0,0.916
w10s-shp-cur-s61,w10s-shp-cur,61,13120512,0.83,1.254,0.0,0.8601,0.0698,0.0002,-0.0177,0.001,1.0,0.916
w10s-shp-cur-s61,w10s-shp-cur,61,13151232,0.86,1.273,0.0,1.0819,0.0683,0.0002,-0.0175,0.001,1.0,0.916
w10s-shp-cur-s61,w10s-shp-cur,61,13181952,0.84,1.291,0.0,0.9512,0.0691,0.0002,-0.0172,0.0009,1.0,0.916
w10s-shp-cur-s61,w10s-shp-cur,61,13212672,0.84,1.292,0.0,1.0251,0.0713,0.0002,-0.019,0.001,1.0,0.916
w10s-shp-cur-s61,w10s-shp-cur,61,13243392,0.82,1.249,0.0,0.8932,0.0703,0.0002,-0.018,0.0009,1.0,0.916
w10s-shp-cur-s61,w10s-shp-cur,61,13274112,0.83,1.263,0.0,1.1321,0.0717,0.0002,-0.0174,0.001,1.0,0.916
w10s-shp-cur-s61,w10s-shp-cur,61,13304832,0.82,1.268,0.0,0.8229,0.0701,0.0002,-0.019,0.0009,1.0,0.916
w10s-shp-cur-s61,w10s-shp-cur,61,13335552,0.84,1.273,0.0,0.9958,0.0715,0.0002,-0.0194,0.0009,1.0,0.916
w10s-shp-cur-s61,w10s-shp-cur,61,13366272,0.84,1.256,0.0,1.0356,0.0712,0.0002,-0.0171,0.001,1.0,0.916
w10s-shp-cur-s61,w10s-shp-cur,61,13396992,0.78,1.214,0.0,1.1158,0.0693,0.0002,-0.0184,0.001,1.0,0.915
w10s-shp-cur-s61,w10s-shp-cur,61,13427712,0.8,1.236,0.0,1.1478,0.072,0.0002,-0.0187,0.001,1.0,0.915
w10s-shp-cur-s61,w10s-shp-cur,61,13458432,0.83,1.267,0.0,0.7681,0.0749,0.0002,-0.0176,0.001,1.0,0.915
w10s-shp-cur-s61,w10s-shp-cur,61,13489152,0.84,1.282,0.0,1.0041,0.0706,0.0002,-0.0187,0.001,1.0,0.915
w10s-shp-cur-s61,w10s-shp-cur,61,13519872,0.9,1.311,0.0,0.8854,0.0697,0.0002,-0.0181,0.001,1.0,0.915
w10s-shp-cur-s61,w10s-shp-cur,61,13550592,0.83,1.279,0.0,0.9877,0.0719,0.0002,-0.0177,0.001,1.0,0.915
w10s-shp-cur-s61,w10s-shp-cur,61,13581312,0.85,1.273,0.0,1.0828,0.0705,0.0002,-0.0176,0.001,1.0,0.915
w10s-shp-cur-s61,w10s-shp-cur,61,13612032,0.79,1.241,0.0,1.0486,0.0715,0.0002,-0.0191,0.001,1.0,0.915
w10s-shp-cur-s61,w10s-shp-cur,61,13642752,0.88,1.297,0.0,1.2,0.0666,0.0002,-0.0178,0.001,1.0,0.915
w10s-shp-cur-s61,w10s-shp-cur,61,13673472,0.86,1.312,0.0,1.077,0.0689,0.0002,-0.0182,0.0009,1.0,0.915
w10s-shp-cur-s61,w10s-shp-cur,61,13704192,0.91,1.336,0.0,0.9604,0.0697,0.0002,-0.0187,0.001,1.0,0.915
w10s-shp-cur-s61,w10s-shp-cur,61,13734912,0.84,1.265,0.0,1.0142,0.0711,0.0002,-0.0168,0.001,1.0,0.915
w10s-shp-cur-s61,w10s-shp-cur,61,13765632,0.87,1.325,0.0,0.9657,0.0723,0.0002,-0.0179,0.001,1.0,0.915
w10s-shp-cur-s61,w10s-shp-cur,61,13796352,0.87,1.305,0.0,1.0784,0.0659,0.0002,-0.0171,0.001,1.0,0.915
w10s-shp-cur-s61,w10s-shp-cur,61,13827072,0.85,1.296,0.0,1.0813,0.0706,0.0002,-0.0171,0.001,1.0,0.915
w10s-shp-cur-s61,w10s-shp-cur,61,13857792,0.87,1.284,0.0,1.0093,0.0684,0.0002,-0.0172,0.0009,1.0,0.915
w10s-shp-cur-s61,w10s-shp-cur,61,13888512,0.93,1.356,0.0,1.1083,0.0658,0.0002,-0.0191,0.001,1.0,0.915
w10s-shp-cur-s61,w10s-shp-cur,61,13919232,0.86,1.305,0.0,1.1133,0.074,0.0002,-0.0178,0.001,1.0,0.914
w10s-shp-cur-s61,w10s-shp-cur,61,13949952,0.86,1.285,0.0,1.0986,0.0739,0.0002,-0.0187,0.001,1.0,0.914
w10s-shp-cur-s61,w10s-shp-cur,61,13980672,0.86,1.313,0.0,1.2692,0.0678,0.0002,-0.0202,0.0009,1.0,0.914
w10s-shp-cur-s61,w10s-shp-cur,61,14011392,0.83,1.296,0.0,1.1199,0.0698,0.0002,-0.0181,0.0009,1.0,0.914
w10s-shp-cur-s61,w10s-shp-cur,61,14042112,0.87,1.308,0.0,1.0146,0.0729,0.0002,-0.0202,0.0009,1.0,0.914
w10s-shp-cur-s61,w10s-shp-cur,61,14072832,0.84,1.284,0.0,1.0311,0.072,0.0002,-0.0197,0.001,1.0,0.914
w10s-shp-cur-s61,w10s-shp-cur,61,14103552,0.88,1.287,0.0,1.018,0.0715,0.0002,-0.0177,0.001,1.0,0.914
w10s-shp-cur-s61,w10s-shp-cur,61,14134272,0.9,1.31,0.0,1.0105,0.0698,0.0002,-0.0172,0.0009,1.0,0.914
w10s-shp-cur-s61,w10s-shp-cur,61,14164992,0.84,1.258,0.0,1.1509,0.0692,0.0002,-0.0162,0.001,1.0,0.914
w10s-shp-cur-s61,w10s-shp-cur,61,14195712,0.81,1.259,0.0,1.1069,0.0687,0.0002,-0.0184,0.001,1.0,0.914
w10s-shp-cur-s61,w10s-shp-cur,61,14226432,0.85,1.279,0.0,1.0795,0.0728,0.0002,-0.0175,0.001,1.0,0.914
w10s-shp-cur-s61,w10s-shp-cur,61,14257152,0.91,1.322,0.0,1.03,0.0702,0.0002,-0.0194,0.0009,1.0,0.914
w10s-shp-cur-s61,w10s-shp-cur,61,14287872,0.89,1.284,0.0,1.0748,0.0714,0.0002,-0.0175,0.0009,1.0,0.914
w10s-shp-cur-s61,w10s-shp-cur,61,14318592,0.85,1.274,0.0,1.1121,0.0711,0.0002,-0.0189,0.0009,1.0,0.913
w10s-shp-cur-s61,w10s-shp-cur,61,14349312,0.85,1.264,0.0,1.1975,0.0706,0.0002,-0.018,0.0009,1.0,0.913
w10s-shp-cur-s61,w10s-shp-cur,61,14380032,0.84,1.295,0.0,1.1008,0.0716,0.0002,-0.0179,0.001,1.0,0.913
w10s-shp-cur-s61,w10s-shp-cur,61,14410752,0.89,1.317,0.0,1.0791,0.0738,0.0002,-0.0177,0.001,1.0,0.913
w10s-shp-cur-s61,w10s-shp-cur,61,14441472,0.88,1.326,0.0,1.0082,0.0661,0.0002,-0.0185,0.0009,1.0,0.913
w10s-shp-cur-s61,w10s-shp-cur,61,14472192,0.88,1.307,0.0,1.0409,0.071,0.0002,-0.0188,0.0009,1.0,0.913
w10s-shp-cur-s61,w10s-shp-cur,61,14502912,0.85,1.286,0.0,1.0953,0.0702,0.0002,-0.0183,0.0009,1.0,0.913
w10s-shp-cur-s61,w10s-shp-cur,61,14533632,0.89,1.308,0.0,1.126,0.0695,0.0002,-0.0179,0.0009,1.0,0.913
w10s-shp-cur-s61,w10s-shp-cur,61,14564352,0.86,1.279,0.0,1.1311,0.0741,0.0002,-0.0186,0.001,1.0,0.913
w10s-shp-cur-s61,w10s-shp-cur,61,14595072,0.83,1.262,0.0,1.1827,0.0675,0.0002,-0.0165,0.0009,1.0,0.913
w10s-shp-cur-s61,w10s-shp-cur,61,14625792,0.87,1.31,0.0,1.0109,0.0714,0.0002,-0.0181,0.0009,1.0,0.913
w10s-shp-cur-s61,w10s-shp-cur,61,14656512,0.94,1.35,0.0,0.9688,0.0669,0.0002,-0.0192,0.0009,1.0,0.913
w10s-shp-cur-s61,w10s-shp-cur,61,14687232,0.87,1.303,0.0,1.0008,0.0706,0.0002,-0.0185,0.0009,1.0,0.913
w10s-shp-cur-s61,w10s-shp-cur,61,14717952,0.84,1.278,0.0,1.1767,0.0731,0.0002,-0.0165,0.0009,1.0,0.913
w10s-shp-cur-s61,w10s-shp-cur,61,14748672,0.91,1.33,0.0,1.0552,0.0696,0.0002,-0.0173,0.0009,1.0,0.913
w10s-shp-cur-s61,w10s-shp-cur,61,14779392,0.92,1.304,0.0,1.167,0.0712,0.0002,-0.0218,0.0009,1.0,0.912
w10s-shp-cur-s61,w10s-shp-cur,61,14810112,0.91,1.338,0.0,1.1938,0.069,0.0002,-0.0176,0.0009,1.0,0.912
w10s-shp-cur-s61,w10s-shp-cur,61,14840832,0.89,1.288,0.0,0.9607,0.0669,0.0002,-0.0183,0.0009,1.0,0.912
w10s-shp-cur-s61,w10s-shp-cur,61,14871552,0.89,1.288,0.0,1.0973,0.0689,0.0002,-0.0187,0.0009,1.0,0.912
w10s-shp-cur-s61,w10s-shp-cur,61,14902272,0.86,1.296,0.0,1.0812,0.0695,0.0002,-0.0185,0.0009,1.0,0.912
w10s-shp-cur-s61,w10s-shp-cur,61,14932992,0.89,1.316,0.0,1.0737,0.0699,0.0002,-0.018,0.0009,1.0,0.912
w10s-shp-cur-s61,w10s-shp-cur,61,14963712,0.89,1.289,0.0,1.1008,0.0715,0.0002,-0.0184,0.0009,1.0,0.912
w10s-shp-cur-s61,w10s-shp-cur,61,14994432,0.89,1.324,0.0,1.2111,0.07,0.0002,-0.0184,0.0009,1.0,0.912
w10s-shp-cur-s61,w10s-shp-cur,61,14997504,0.85,1.279,0.0,1.0274,0.0692,0.0002,-0.0178,0.0009,1.0,0.912
w10s-shp-cur-s62,w10s-shp-cur,62,3072,0.01,0.441,-1.0,,,,,,,
w10s-shp-cur-s62,w10s-shp-cur,62,33792,0.01,0.452,-1.0,-1.0,0.0708,0.0001,-0.0171,0.0168,0.968,0.935
w10s-shp-cur-s62,w10s-shp-cur,62,64512,0.01,0.49,-1.0,-0.975,0.0707,0.0002,-0.0177,0.0151,0.995,0.94
w10s-shp-cur-s62,w10s-shp-cur,62,95232,0.0,0.557,-1.0,-0.95,0.0744,0.0002,-0.0196,0.0121,0.999,0.942
w10s-shp-cur-s62,w10s-shp-cur,62,125952,0.03,0.553,-1.0,-1.0,0.071,0.0001,-0.0166,0.0117,1.0,0.942
w10s-shp-cur-s62,w10s-shp-cur,62,156672,0.0,0.516,-1.0,-0.8331,0.0711,0.0002,-0.0175,0.009,1.0,0.944
w10s-shp-cur-s62,w10s-shp-cur,62,187392,0.04,0.534,-1.0,-0.975,0.0734,0.0002,-0.017,0.0082,1.0,0.946
w10s-shp-cur-s62,w10s-shp-cur,62,218112,0.05,0.547,-1.0,-0.976,0.07,0.0002,-0.0193,0.0086,1.0,0.949
w10s-shp-cur-s62,w10s-shp-cur,62,248832,0.03,0.561,-1.0,-0.925,0.0717,0.0002,-0.017,0.0083,1.0,0.951
w10s-shp-cur-s62,w10s-shp-cur,62,279552,0.03,0.554,-1.0,-1.0,0.0689,0.0002,-0.0192,0.0073,1.0,0.952
w10s-shp-cur-s62,w10s-shp-cur,62,310272,0.06,0.568,-1.0,-0.9542,0.0713,0.0002,-0.0167,0.0076,1.0,0.954
w10s-shp-cur-s62,w10s-shp-cur,62,340992,0.03,0.57,-1.0,-0.9067,0.0711,0.0002,-0.0179,0.0065,1.0,0.954
w10s-shp-cur-s62,w10s-shp-cur,62,371712,0.08,0.574,-1.0,-0.9305,0.0696,0.0002,-0.0175,0.0066,1.0,0.955
w10s-shp-cur-s62,w10s-shp-cur,62,402432,0.07,0.578,-1.0,-0.9518,0.0718,0.0002,-0.0176,0.0071,1.0,0.956
w10s-shp-cur-s62,w10s-shp-cur,62,433152,0.06,0.624,-1.0,-0.802,0.0711,0.0002,-0.0186,0.0064,1.0,0.957
w10s-shp-cur-s62,w10s-shp-cur,62,463872,0.06,0.62,-1.0,-0.8367,0.0715,0.0002,-0.0184,0.0059,1.0,0.958
w10s-shp-cur-s62,w10s-shp-cur,62,494592,0.06,0.592,-1.0,-0.8283,0.0684,0.0001,-0.0189,0.0054,1.0,0.958
w10s-shp-cur-s62,w10s-shp-cur,62,525312,0.11,0.61,-1.0,-0.9071,0.0716,0.0002,-0.0171,0.0058,1.0,0.958
w10s-shp-cur-s62,w10s-shp-cur,62,556032,0.05,0.617,-1.0,-0.8834,0.0681,0.0002,-0.0176,0.0056,1.0,0.958
w10s-shp-cur-s62,w10s-shp-cur,62,586752,0.06,0.599,-1.0,-0.8328,0.0707,0.0002,-0.0187,0.0055,1.0,0.958
w10s-shp-cur-s62,w10s-shp-cur,62,617472,0.06,0.575,-1.0,-0.8337,0.0699,0.0002,-0.0186,0.0052,1.0,0.959
w10s-shp-cur-s62,w10s-shp-cur,62,648192,0.09,0.66,-1.0,-0.8777,0.0668,0.0002,-0.018,0.0049,1.0,0.958
w10s-shp-cur-s62,w10s-shp-cur,62,678912,0.07,0.641,-1.0,-0.781,0.0695,0.0002,-0.0179,0.005,1.0,0.958
w10s-shp-cur-s62,w10s-shp-cur,62,709632,0.04,0.584,-1.0,-0.9281,0.0709,0.0002,-0.0181,0.005,1.0,0.958
w10s-shp-cur-s62,w10s-shp-cur,62,740352,0.06,0.606,-1.0,-0.9067,0.0705,0.0002,-0.0171,0.0045,1.0,0.958
w10s-shp-cur-s62,w10s-shp-cur,62,771072,0.05,0.583,-1.0,-0.8372,0.0706,0.0002,-0.019,0.0049,1.0,0.958
w10s-shp-cur-s62,w10s-shp-cur,62,801792,0.05,0.6,-1.0,-0.8338,0.0694,0.0002,-0.0177,0.0047,1.0,0.958
w10s-shp-cur-s62,w10s-shp-cur,62,832512,0.04,0.573,-1.0,-0.8883,0.0685,0.0002,-0.0174,0.0046,1.0,0.958
w10s-shp-cur-s62,w10s-shp-cur,62,863232,0.07,0.64,-1.0,-0.7854,0.0761,0.0002,-0.0195,0.0044,1.0,0.958
w10s-shp-cur-s62,w10s-shp-cur,62,893952,0.05,0.574,-1.0,-0.8789,0.0712,0.0002,-0.0184,0.0047,1.0,0.958
w10s-shp-cur-s62,w10s-shp-cur,62,924672,0.05,0.582,-1.0,-0.8525,0.072,0.0002,-0.0183,0.0042,1.0,0.958
w10s-shp-cur-s62,w10s-shp-cur,62,955392,0.06,0.594,-1.0,-0.7551,0.0713,0.0002,-0.02,0.0043,1.0,0.958
w10s-shp-cur-s62,w10s-shp-cur,62,986112,0.1,0.651,-1.0,-0.7626,0.0718,0.0002,-0.0175,0.0039,1.0,0.958
w10s-shp-cur-s62,w10s-shp-cur,62,1016832,0.09,0.673,-1.0,-0.8373,0.0708,0.0002,-0.0169,0.0039,1.0,0.958
w10s-shp-cur-s62,w10s-shp-cur,62,1047552,0.05,0.618,-1.0,-0.784,0.0724,0.0002,-0.0177,0.0039,1.0,0.958
w10s-shp-cur-s62,w10s-shp-cur,62,1078272,0.02,0.605,-1.0,-0.8811,0.0744,0.0002,-0.0177,0.0042,1.0,0.957
w10s-shp-cur-s62,w10s-shp-cur,62,1108992,0.09,0.617,-1.0,-0.8299,0.0711,0.0001,-0.0169,0.0038,1.0,0.957
w10s-shp-cur-s62,w10s-shp-cur,62,1139712,0.06,0.628,-1.0,-0.7381,0.0729,0.0002,-0.0172,0.0037,1.0,0.957
w10s-shp-cur-s62,w10s-shp-cur,62,1170432,0.11,0.667,-1.0,-0.8549,0.0725,0.0001,-0.0186,0.0036,1.0,0.956
w10s-shp-cur-s62,w10s-shp-cur,62,1201152,0.14,0.68,-1.0,-0.8079,0.0722,0.0001,-0.018,0.0035,1.0,0.956
w10s-shp-cur-s62,w10s-shp-cur,62,1231872,0.05,0.647,-1.0,-0.785,0.0709,0.0002,-0.0204,0.0038,1.0,0.956
w10s-shp-cur-s62,w10s-shp-cur,62,1262592,0.05,0.638,-1.0,-0.8538,0.0727,0.0002,-0.0173,0.0036,1.0,0.956
w10s-shp-cur-s62,w10s-shp-cur,62,1293312,0.15,0.742,-1.0,-0.71,0.0725,0.0002,-0.0172,0.0034,1.0,0.956
w10s-shp-cur-s62,w10s-shp-cur,62,1324032,0.15,0.722,-1.0,-0.8312,0.0715,0.0002,-0.0177,0.0036,1.0,0.956
w10s-shp-cur-s62,w10s-shp-cur,62,1354752,0.06,0.636,-1.0,-0.7814,0.0718,0.0002,-0.0187,0.0035,1.0,0.956
w10s-shp-cur-s62,w10s-shp-cur,62,1385472,0.11,0.658,-1.0,-0.7087,0.0733,0.0002,-0.0178,0.0035,1.0,0.956
w10s-shp-cur-s62,w10s-shp-cur,62,1416192,0.11,0.629,-1.0,-0.6345,0.0691,0.0002,-0.0174,0.0036,1.0,0.956
w10s-shp-cur-s62,w10s-shp-cur,62,1446912,0.09,0.618,-1.0,-0.8522,0.0741,0.0002,-0.0179,0.0032,1.0,0.956
w10s-shp-cur-s62,w10s-shp-cur,62,1477632,0.16,0.697,-1.0,-0.8065,0.067,0.0002,-0.0187,0.0033,1.0,0.956
w10s-shp-cur-s62,w10s-shp-cur,62,1508352,0.11,0.628,-1.0,-0.7095,0.0707,0.0002,-0.0185,0.0034,1.0,0.956
w10s-shp-cur-s62,w10s-shp-cur,62,1539072,0.14,0.666,-1.0,-0.7802,0.0722,0.0002,-0.0198,0.0033,1.0,0.955
w10s-shp-cur-s62,w10s-shp-cur,62,1569792,0.08,0.643,-1.0,-0.8511,0.0709,0.0002,-0.0171,0.0032,1.0,0.955
w10s-shp-cur-s62,w10s-shp-cur,62,1600512,0.13,0.65,-1.0,-0.7915,0.0734,0.0002,-0.0167,0.003,1.0,0.955
w10s-shp-cur-s62,w10s-shp-cur,62,1631232,0.1,0.645,-1.0,-0.7777,0.0743,0.0002,-0.0177,0.0034,1.0,0.955
w10s-shp-cur-s62,w10s-shp-cur,62,1661952,0.14,0.677,-1.0,-0.5956,0.073,0.0002,-0.0193,0.0033,1.0,0.955
w10s-shp-cur-s62,w10s-shp-cur,62,1692672,0.16,0.669,-1.0,-0.6412,0.069,0.0001,-0.0196,0.003,1.0,0.955
w10s-shp-cur-s62,w10s-shp-cur,62,1723392,0.19,0.723,-1.0,-0.5884,0.0692,0.0002,-0.0197,0.003,1.0,0.955
w10s-shp-cur-s62,w10s-shp-cur,62,1754112,0.11,0.645,-1.0,-0.8098,0.0685,0.0002,-0.017,0.0031,1.0,0.955
w10s-shp-cur-s62,w10s-shp-cur,62,1784832,0.11,0.624,-1.0,-0.6268,0.0713,0.0002,-0.0184,0.0031,1.0,0.955
w10s-shp-cur-s62,w10s-shp-cur,62,1815552,0.09,0.578,-1.0,-0.6215,0.0726,0.0002,-0.0181,0.0028,1.0,0.955
w10s-shp-cur-s62,w10s-shp-cur,62,1846272,0.18,0.715,-1.0,-0.6837,0.0722,0.0002,-0.019,0.003,1.0,0.955
w10s-shp-cur-s62,w10s-shp-cur,62,1876992,0.07,0.641,-1.0,-0.682,0.0708,0.0002,-0.0166,0.003,1.0,0.955
w10s-shp-cur-s62,w10s-shp-cur,62,1907712,0.09,0.594,-1.0,-0.654,0.0696,0.0002,-0.0178,0.0031,1.0,0.955
w10s-shp-cur-s62,w10s-shp-cur,62,1938432,0.12,0.63,-1.0,-0.7629,0.0712,0.0002,-0.0165,0.0028,1.0,0.955
w10s-shp-cur-s62,w10s-shp-cur,62,1969152,0.13,0.66,-1.0,-0.6635,0.07,0.0002,-0.0171,0.0031,1.0,0.955
w10s-shp-cur-s62,w10s-shp-cur,62,1999872,0.14,0.611,-1.0,-0.6928,0.07,0.0001,-0.0172,0.0028,1.0,0.955
w10s-shp-cur-s62,w10s-shp-cur,62,2030592,0.11,0.624,-1.0,-0.6914,0.0716,0.0002,-0.0183,0.0027,1.0,0.955
w10s-shp-cur-s62,w10s-shp-cur,62,2061312,0.17,0.708,-1.0,-0.6404,0.0731,0.0002,-0.0208,0.0028,1.0,0.956
w10s-shp-cur-s62,w10s-shp-cur,62,2092032,0.13,0.633,-1.0,-0.6896,0.0734,0.0002,-0.0158,0.0028,1.0,0.956
w10s-shp-cur-s62,w10s-shp-cur,62,2122752,0.14,0.687,-1.0,-0.5654,0.0674,0.0002,-0.0176,0.0029,1.0,0.956
w10s-shp-cur-s62,w10s-shp-cur,62,2153472,0.19,0.734,-1.0,-0.7114,0.071,0.0002,-0.019,0.0029,1.0,0.956
w10s-shp-cur-s62,w10s-shp-cur,62,2184192,0.24,0.739,-1.0,-0.5651,0.0702,0.0002,-0.0181,0.0029,1.0,0.956
w10s-shp-cur-s62,w10s-shp-cur,62,2214912,0.16,0.619,-1.0,-0.5736,0.0723,0.0002,-0.0186,0.0028,1.0,0.956
w10s-shp-cur-s62,w10s-shp-cur,62,2245632,0.15,0.663,-1.0,-0.5888,0.0714,0.0002,-0.0186,0.0029,1.0,0.956
w10s-shp-cur-s62,w10s-shp-cur,62,2276352,0.18,0.727,-1.0,-0.5265,0.0699,0.0002,-0.0168,0.0026,1.0,0.956
w10s-shp-cur-s62,w10s-shp-cur,62,2307072,0.25,0.749,-1.0,-0.5383,0.0717,0.0002,-0.0189,0.0025,1.0,0.956
w10s-shp-cur-s62,w10s-shp-cur,62,2337792,0.12,0.676,-1.0,-0.4781,0.0708,0.0002,-0.0199,0.0028,1.0,0.956
w10s-shp-cur-s62,w10s-shp-cur,62,2368512,0.17,0.64,-1.0,-0.5535,0.0688,0.0002,-0.0171,0.0028,1.0,0.956
w10s-shp-cur-s62,w10s-shp-cur,62,2399232,0.2,0.713,-1.0,-0.6905,0.0729,0.0002,-0.0178,0.0027,1.0,0.956
w10s-shp-cur-s62,w10s-shp-cur,62,2429952,0.22,0.752,-1.0,-0.7008,0.0744,0.0002,-0.0196,0.0027,1.0,0.956
w10s-shp-cur-s62,w10s-shp-cur,62,2460672,0.18,0.656,-1.0,-0.4892,0.0691,0.0002,-0.0185,0.0026,1.0,0.956
w10s-shp-cur-s62,w10s-shp-cur,62,2491392,0.19,0.67,-1.0,-0.6076,0.0708,0.0002,-0.0176,0.0026,1.0,0.956
w10s-shp-cur-s62,w10s-shp-cur,62,2522112,0.15,0.662,-1.0,-0.3842,0.0706,0.0002,-0.0179,0.0024,1.0,0.956
w10s-shp-cur-s62,w10s-shp-cur,62,2552832,0.23,0.752,-1.0,-0.3873,0.0717,0.0002,-0.0196,0.0025,1.0,0.956
w10s-shp-cur-s62,w10s-shp-cur,62,2583552,0.16,0.686,-1.0,-0.5631,0.073,0.0002,-0.0179,0.0025,1.0,0.956
w10s-shp-cur-s62,w10s-shp-cur,62,2614272,0.22,0.748,-1.0,-0.3542,0.0694,0.0002,-0.0168,0.0025,1.0,0.957
w10s-shp-cur-s62,w10s-shp-cur,62,2644992,0.22,0.734,-1.0,-0.6382,0.0709,0.0002,-0.0189,0.0026,1.0,0.957
w10s-shp-cur-s62,w10s-shp-cur,62,2675712,0.23,0.776,-1.0,-0.4342,0.07,0.0002,-0.0175,0.0025,1.0,0.957
w10s-shp-cur-s62,w10s-shp-cur,62,2706432,0.22,0.731,-1.0,-0.5864,0.0717,0.0002,-0.0201,0.0024,1.0,0.957
w10s-shp-cur-s62,w10s-shp-cur,62,2737152,0.29,0.788,-1.0,-0.4388,0.0711,0.0001,-0.0194,0.0024,1.0,0.957
w10s-shp-cur-s62,w10s-shp-cur,62,2767872,0.21,0.731,-1.0,-0.6257,0.0679,0.0002,-0.0178,0.0023,1.0,0.957
w10s-shp-cur-s62,w10s-shp-cur,62,2798592,0.24,0.776,-1.0,-0.6108,0.0724,0.0002,-0.0189,0.0026,1.0,0.957
w10s-shp-cur-s62,w10s-shp-cur,62,2829312,0.12,0.617,-1.0,-0.3026,0.0685,0.0002,-0.0175,0.0024,1.0,0.957
w10s-shp-cur-s62,w10s-shp-cur,62,2860032,0.27,0.733,-1.0,-0.4281,0.0691,0.0001,-0.0189,0.0022,1.0,0.957
w10s-shp-cur-s62,w10s-shp-cur,62,2890752,0.26,0.764,-1.0,-0.3351,0.0705,0.0002,-0.017,0.0023,1.0,0.956
w10s-shp-cur-s62,w10s-shp-cur,62,2921472,0.2,0.768,-1.0,-0.347,0.0709,0.0002,-0.0178,0.0024,1.0,0.957
w10s-shp-cur-s62,w10s-shp-cur,62,2952192,0.24,0.72,-1.0,-0.4589,0.0731,0.0001,-0.0171,0.0024,1.0,0.956
w10s-shp-cur-s62,w10s-shp-cur,62,2982912,0.26,0.743,-1.0,-0.4948,0.0686,0.0002,-0.0185,0.0023,1.0,0.957
w10s-shp-cur-s62,w10s-shp-cur,62,3013632,0.27,0.734,-1.0,-0.5731,0.07,0.0002,-0.0185,0.0022,1.0,0.957
w10s-shp-cur-s62,w10s-shp-cur,62,3044352,0.23,0.786,-1.0,-0.4028,0.0708,0.0002,-0.0187,0.0023,1.0,0.957
w10s-shp-cur-s62,w10s-shp-cur,62,3075072,0.32,0.788,-1.0,-0.3241,0.0708,0.0002,-0.0195,0.0024,1.0,0.957
w10s-shp-cur-s62,w10s-shp-cur,62,3105792,0.27,0.798,-1.0,-0.4763,0.0689,0.0002,-0.0205,0.0023,1.0,0.957
w10s-shp-cur-s62,w10s-shp-cur,62,3136512,0.29,0.808,-1.0,-0.3061,0.0701,0.0002,-0.0172,0.0023,1.0,0.957
w10s-shp-cur-s62,w10s-shp-cur,62,3167232,0.32,0.797,-1.0,-0.2251,0.0702,0.0002,-0.0176,0.0023,1.0,0.957
w10s-shp-cur-s62,w10s-shp-cur,62,3197952,0.21,0.735,-1.0,-0.0567,0.071,0.0002,-0.0184,0.0022,1.0,0.957
w10s-shp-cur-s62,w10s-shp-cur,62,3228672,0.31,0.79,-1.0,-0.3361,0.0701,0.0002,-0.0187,0.0022,1.0,0.957
w10s-shp-cur-s62,w10s-shp-cur,62,3259392,0.24,0.76,-1.0,-0.3647,0.069,0.0002,-0.0187,0.0021,1.0,0.957
w10s-shp-cur-s62,w10s-shp-cur,62,3290112,0.29,0.829,-1.0,-0.3584,0.0702,0.0001,-0.0189,0.0022,1.0,0.957
w10s-shp-cur-s62,w10s-shp-cur,62,3320832,0.3,0.805,-1.0,-0.2556,0.0702,0.0001,-0.0176,0.002,1.0,0.957
w10s-shp-cur-s62,w10s-shp-cur,62,3351552,0.36,0.888,-1.0,-0.3795,0.071,0.0001,-0.018,0.0021,1.0,0.956
w10s-shp-cur-s62,w10s-shp-cur,62,3382272,0.34,0.821,-1.0,-0.112,0.0681,0.0002,-0.018,0.0022,1.0,0.956
w10s-shp-cur-s62,w10s-shp-cur,62,3412992,0.4,0.916,-1.0,-0.3561,0.0733,0.0002,-0.0183,0.0021,1.0,0.956
w10s-shp-cur-s62,w10s-shp-cur,62,3443712,0.25,0.805,-1.0,-0.2069,0.0696,0.0002,-0.0185,0.0023,1.0,0.956
w10s-shp-cur-s62,w10s-shp-cur,62,3474432,0.36,0.854,-1.0,-0.4484,0.0738,0.0002,-0.0172,0.0023,1.0,0.956
w10s-shp-cur-s62,w10s-shp-cur,62,3505152,0.25,0.742,-1.0,-0.1998,0.0687,0.0001,-0.0191,0.002,1.0,0.956
w10s-shp-cur-s62,w10s-shp-cur,62,3535872,0.36,0.855,-1.0,-0.2166,0.0695,0.0002,-0.018,0.002,1.0,0.956
w10s-shp-cur-s62,w10s-shp-cur,62,3566592,0.3,0.781,-1.0,-0.3497,0.0732,0.0002,-0.0174,0.0023,1.0,0.956
w10s-shp-cur-s62,w10s-shp-cur,62,3597312,0.35,0.846,-1.0,-0.2762,0.0701,0.0001,-0.0178,0.002,1.0,0.956
w10s-shp-cur-s62,w10s-shp-cur,62,3628032,0.43,0.914,-1.0,0.0786,0.0698,0.0002,-0.017,0.0022,1.0,0.956
w10s-shp-cur-s62,w10s-shp-cur,62,3658752,0.42,0.916,-1.0,-0.277,0.0667,0.0001,-0.0181,0.002,1.0,0.956
w10s-shp-cur-s62,w10s-shp-cur,62,3689472,0.41,0.921,-1.0,-0.0235,0.0736,0.0002,-0.0177,0.0021,1.0,0.956
w10s-shp-cur-s62,w10s-shp-cur,62,3720192,0.35,0.887,-1.0,-0.1603,0.0693,0.0002,-0.019,0.0025,1.0,0.956
w10s-shp-cur-s62,w10s-shp-cur,62,3750912,0.41,0.908,-1.0,-0.1506,0.0692,0.0002,-0.0188,0.0021,1.0,0.956
w10s-shp-cur-s62,w10s-shp-cur,62,3781632,0.37,0.897,-1.0,-0.0563,0.068,0.0001,-0.0177,0.0021,1.0,0.956
w10s-shp-cur-s62,w10s-shp-cur,62,3812352,0.31,0.81,-1.0,-0.286,0.0735,0.0002,-0.0184,0.0022,1.0,0.956
w10s-shp-cur-s62,w10s-shp-cur,62,3843072,0.48,0.98,-1.0,-0.1094,0.0683,0.0002,-0.0183,0.0019,1.0,0.956
w10s-shp-cur-s62,w10s-shp-cur,62,3873792,0.38,0.887,-1.0,-0.3413,0.0697,0.0001,-0.0185,0.002,1.0,0.956
w10s-shp-cur-s62,w10s-shp-cur,62,3904512,0.42,0.909,-1.0,0.118,0.0701,0.0002,-0.0197,0.0022,1.0,0.956
w10s-shp-cur-s62,w10s-shp-cur,62,3935232,0.44,0.943,-1.0,-0.1377,0.0697,0.0002,-0.0185,0.0021,1.0,0.956
w10s-shp-cur-s62,w10s-shp-cur,62,3965952,0.38,0.904,-1.0,0.1283,0.0699,0.0001,-0.0179,0.002,1.0,0.956
w10s-shp-cur-s62,w10s-shp-cur,62,3996672,0.4,0.918,-1.0,0.1301,0.0718,0.0001,-0.0181,0.0019,1.0,0.955
w10s-shp-cur-s62,w10s-shp-cur,62,4027392,0.55,1.065,-1.0,0.1306,0.0687,0.0001,-0.0184,0.0019,1.0,0.955
w10s-shp-cur-s62,w10s-shp-cur,62,4058112,0.51,0.985,-1.0,-0.0675,0.0695,0.0001,-0.018,0.0018,1.0,0.955
w10s-shp-cur-s62,w10s-shp-cur,62,4088832,0.45,0.944,-1.0,-0.0455,0.0749,0.0002,-0.0193,0.002,1.0,0.955
w10s-shp-cur-s62,w10s-shp-cur,62,4119552,0.45,0.93,-1.0,-0.0667,0.0693,0.0002,-0.0173,0.002,1.0,0.955
w10s-shp-cur-s62,w10s-shp-cur,62,4150272,0.43,0.934,-1.0,0.1609,0.0717,0.0002,-0.0191,0.0019,1.0,0.955
w10s-shp-cur-s62,w10s-shp-cur,62,4180992,0.39,0.923,-1.0,-0.0606,0.0719,0.0001,-0.0198,0.002,1.0,0.955
w10s-shp-cur-s62,w10s-shp-cur,62,4211712,0.45,0.924,-1.0,0.307,0.0688,0.0001,-0.0181,0.0017,1.0,0.955
w10s-shp-cur-s62,w10s-shp-cur,62,4242432,0.4,0.944,-1.0,-0.1619,0.0702,0.0001,-0.017,0.0019,1.0,0.955
w10s-shp-cur-s62,w10s-shp-cur,62,4273152,0.45,0.946,-1.0,0.2259,0.0732,0.0001,-0.0186,0.0019,1.0,0.955
w10s-shp-cur-s62,w10s-shp-cur,62,4303872,0.49,0.987,-1.0,0.1763,0.0709,0.0002,-0.0168,0.002,1.0,0.954
w10s-shp-cur-s62,w10s-shp-cur,62,4334592,0.37,0.917,-1.0,0.2131,0.0735,0.0001,-0.0201,0.0019,1.0,0.954
w10s-shp-cur-s62,w10s-shp-cur,62,4365312,0.55,0.997,-1.0,0.187,0.072,0.0001,-0.0175,0.002,1.0,0.954
w10s-shp-cur-s62,w10s-shp-cur,62,4396032,0.51,0.998,-1.0,0.2778,0.0689,0.0002,-0.0182,0.0019,1.0,0.954
w10s-shp-cur-s62,w10s-shp-cur,62,4426752,0.48,1.003,-1.0,0.1804,0.0719,0.0001,-0.0204,0.0019,1.0,0.954
w10s-shp-cur-s62,w10s-shp-cur,62,4457472,0.44,0.958,-1.0,0.3353,0.0716,0.0001,-0.017,0.0018,1.0,0.954
w10s-shp-cur-s62,w10s-shp-cur,62,4488192,0.53,1.02,-1.0,0.3035,0.0673,0.0001,-0.0172,0.0019,1.0,0.954
w10s-shp-cur-s62,w10s-shp-cur,62,4518912,0.48,0.999,-1.0,-0.0074,0.0705,0.0001,-0.0182,0.0017,1.0,0.954
w10s-shp-cur-s62,w10s-shp-cur,62,4549632,0.52,1.042,-1.0,0.2263,0.0732,0.0001,-0.0173,0.0018,1.0,0.954
w10s-shp-cur-s62,w10s-shp-cur,62,4580352,0.43,0.948,-1.0,0.4226,0.0713,0.0001,-0.0177,0.0019,1.0,0.953
w10s-shp-cur-s62,w10s-shp-cur,62,4611072,0.56,1.07,-1.0,-0.0445,0.0713,0.0002,-0.0176,0.0018,1.0,0.953
w10s-shp-cur-s62,w10s-shp-cur,62,4641792,0.5,1.001,-0.98,0.1364,0.0709,0.0001,-0.0188,0.0018,1.0,0.953
w10s-shp-cur-s62,w10s-shp-cur,62,4672512,0.59,1.07,-0.98,0.4305,0.072,0.0001,-0.0173,0.0017,1.0,0.953
w10s-shp-cur-s62,w10s-shp-cur,62,4703232,0.52,1.027,-0.967,0.3118,0.0655,0.0002,-0.0191,0.0019,1.0,0.953
w10s-shp-cur-s62,w10s-shp-cur,62,4733952,0.54,1.014,-0.955,0.2144,0.0721,0.0001,-0.0178,0.0018,1.0,0.953
w10s-shp-cur-s62,w10s-shp-cur,62,4764672,0.56,1.049,-0.955,0.281,0.0688,0.0001,-0.0177,0.0018,1.0,0.953
w10s-shp-cur-s62,w10s-shp-cur,62,4795392,0.62,1.108,-0.942,0.25,0.0721,0.0001,-0.0193,0.0017,1.0,0.952
w10s-shp-cur-s62,w10s-shp-cur,62,4826112,0.57,1.06,-0.93,0.346,0.0724,0.0002,-0.0186,0.0018,1.0,0.952
w10s-shp-cur-s62,w10s-shp-cur,62,4856832,0.59,1.103,-0.916,0.3478,0.0725,0.0001,-0.0198,0.0017,1.0,0.952
w10s-shp-cur-s62,w10s-shp-cur,62,4887552,0.52,1.035,-0.905,0.1295,0.0734,0.0002,-0.0192,0.0017,1.0,0.952
w10s-shp-cur-s62,w10s-shp-cur,62,4918272,0.48,0.945,-0.876,0.1333,0.071,0.0001,-0.0165,0.0018,1.0,0.952
w10s-shp-cur-s62,w10s-shp-cur,62,4948992,0.57,1.036,-0.865,0.3769,0.0695,0.0001,-0.0182,0.0016,1.0,0.952
w10s-shp-cur-s62,w10s-shp-cur,62,4979712,0.44,0.955,-0.838,0.2566,0.071,0.0002,-0.0174,0.0017,1.0,0.952
w10s-shp-cur-s62,w10s-shp-cur,62,5010432,0.6,1.062,-0.826,0.3696,0.0708,0.0001,-0.0169,0.0015,1.0,0.951
w10s-shp-cur-s62,w10s-shp-cur,62,5041152,0.53,1.02,-0.809,0.2356,0.0714,0.0001,-0.018,0.0015,1.0,0.951
w10s-shp-cur-s62,w10s-shp-cur,62,5071872,0.5,1.009,-0.786,0.3482,0.0726,0.0001,-0.0182,0.0016,1.0,0.951
w10s-shp-cur-s62,w10s-shp-cur,62,5102592,0.58,1.054,-0.786,0.367,0.0674,0.0001,-0.0189,0.0017,1.0,0.951
w10s-shp-cur-s62,w10s-shp-cur,62,5133312,0.56,1.061,-0.756,0.4126,0.069,0.0001,-0.0201,0.0016,1.0,0.951
w10s-shp-cur-s62,w10s-shp-cur,62,5164032,0.55,1.023,-0.742,0.3614,0.0724,0.0002,-0.0194,0.0017,1.0,0.95
w10s-shp-cur-s62,w10s-shp-cur,62,5194752,0.56,1.055,-0.72,0.1508,0.0721,0.0001,-0.0178,0.0014,1.0,0.95
w10s-shp-cur-s62,w10s-shp-cur,62,5225472,0.6,1.091,-0.678,0.0218,0.0709,0.0001,-0.0175,0.0015,1.0,0.95
w10s-shp-cur-s62,w10s-shp-cur,62,5256192,0.55,1.057,-0.646,0.3585,0.067,0.0002,-0.0198,0.0015,1.0,0.95
w10s-shp-cur-s62,w10s-shp-cur,62,5286912,0.58,1.077,-0.634,0.3591,0.0713,0.0002,-0.018,0.0015,1.0,0.95
w10s-shp-cur-s62,w10s-shp-cur,62,5317632,0.52,1.044,-0.623,0.1939,0.0716,0.0001,-0.0184,0.0014,1.0,0.95
w10s-shp-cur-s62,w10s-shp-cur,62,5348352,0.47,0.94,-0.61,0.398,0.0699,0.0002,-0.0187,0.0016,1.0,0.949
w10s-shp-cur-s62,w10s-shp-cur,62,5379072,0.6,1.081,-0.596,0.0798,0.072,0.0002,-0.0169,0.0015,1.0,0.949
w10s-shp-cur-s62,w10s-shp-cur,62,5409792,0.6,1.078,-0.596,0.1979,0.0716,0.0001,-0.0179,0.0015,1.0,0.949
w10s-shp-cur-s62,w10s-shp-cur,62,5440512,0.53,1.02,-0.585,0.1441,0.068,0.0001,-0.0174,0.0013,1.0,0.949
w10s-shp-cur-s62,w10s-shp-cur,62,5471232,0.55,1.042,-0.585,0.3769,0.0686,0.0002,-0.0172,0.0015,1.0,0.949
w10s-shp-cur-s62,w10s-shp-cur,62,5501952,0.53,1.028,-0.559,0.4592,0.0683,0.0001,-0.0185,0.0015,1.0,0.948
w10s-shp-cur-s62,w10s-shp-cur,62,5532672,0.59,1.07,-0.544,0.4024,0.0691,0.0002,-0.016,0.0013,1.0,0.948
w10s-shp-cur-s62,w10s-shp-cur,62,5563392,0.58,1.08,-0.517,0.336,0.0689,0.0002,-0.0198,0.0014,1.0,0.948
w10s-shp-cur-s62,w10s-shp-cur,62,5594112,0.53,1.023,-0.484,0.223,0.0702,0.0002,-0.0193,0.0014,1.0,0.948
w10s-shp-cur-s62,w10s-shp-cur,62,5624832,0.52,1.016,-0.448,0.4391,0.0666,0.0001,-0.0185,0.0012,1.0,0.948
w10s-shp-cur-s62,w10s-shp-cur,62,5655552,0.55,1.05,-0.434,0.4153,0.0655,0.0002,-0.0177,0.0014,1.0,0.948
w10s-shp-cur-s62,w10s-shp-cur,62,5686272,0.6,1.05,-0.434,0.3466,0.0682,0.0002,-0.0179,0.0014,1.0,0.948
w10s-shp-cur-s62,w10s-shp-cur,62,5716992,0.58,1.045,-0.399,0.3721,0.0677,0.0002,-0.0177,0.0013,1.0,0.948
w10s-shp-cur-s62,w10s-shp-cur,62,5747712,0.47,0.964,-0.371,0.3415,0.069,0.0001,-0.0154,0.0012,1.0,0.947
w10s-shp-cur-s62,w10s-shp-cur,62,5778432,0.63,1.076,-0.371,0.2881,0.0705,0.0002,-0.0182,0.0014,1.0,0.947
w10s-shp-cur-s62,w10s-shp-cur,62,5809152,0.59,1.034,-0.33,0.307,0.069,0.0002,-0.0197,0.0013,1.0,0.947
w10s-shp-cur-s62,w10s-shp-cur,62,5839872,0.64,1.095,-0.304,0.3106,0.0732,0.0002,-0.0193,0.0013,1.0,0.947
w10s-shp-cur-s62,w10s-shp-cur,62,5870592,0.6,1.027,-0.276,0.3132,0.0696,0.0002,-0.0183,0.0013,1.0,0.947
w10s-shp-cur-s62,w10s-shp-cur,62,5901312,0.55,0.993,-0.259,0.2409,0.069,0.0002,-0.0177,0.0014,1.0,0.946
w10s-shp-cur-s62,w10s-shp-cur,62,5932032,0.58,1.034,-0.259,0.2995,0.0699,0.0002,-0.0175,0.0013,1.0,0.946
w10s-shp-cur-s62,w10s-shp-cur,62,5962752,0.52,1.041,-0.235,0.2774,0.0711,0.0002,-0.0191,0.0013,1.0,0.946
w10s-shp-cur-s62,w10s-shp-cur,62,5993472,0.6,1.064,-0.221,0.5072,0.0702,0.0002,-0.0187,0.0014,1.0,0.946
w10s-shp-cur-s62,w10s-shp-cur,62,6024192,0.62,1.083,-0.232,0.3323,0.0691,0.0002,-0.0181,0.0014,1.0,0.946
w10s-shp-cur-s62,w10s-shp-cur,62,6054912,0.59,1.031,-0.189,0.4374,0.0723,0.0002,-0.0168,0.0012,1.0,0.946
w10s-shp-cur-s62,w10s-shp-cur,62,6085632,0.55,1.015,-0.167,0.4543,0.0703,0.0002,-0.0181,0.0014,1.0,0.945
w10s-shp-cur-s62,w10s-shp-cur,62,6116352,0.48,0.948,-0.154,0.2736,0.0712,0.0002,-0.0187,0.0012,1.0,0.945
w10s-shp-cur-s62,w10s-shp-cur,62,6147072,0.56,0.98,-0.132,0.26,0.0702,0.0002,-0.0168,0.0013,1.0,0.945
w10s-shp-cur-s62,w10s-shp-cur,62,6177792,0.64,1.082,-0.132,0.2666,0.0707,0.0002,-0.017,0.0013,1.0,0.945
w10s-shp-cur-s62,w10s-shp-cur,62,6208512,0.51,0.974,-0.106,0.2708,0.0691,0.0002,-0.0171,0.0011,1.0,0.945
w10s-shp-cur-s62,w10s-shp-cur,62,6239232,0.55,0.994,-0.094,0.245,0.0718,0.0002,-0.0177,0.0013,1.0,0.945
w10s-shp-cur-s62,w10s-shp-cur,62,6269952,0.64,1.103,-0.062,0.3715,0.0701,0.0002,-0.0176,0.0012,1.0,0.944
w10s-shp-cur-s62,w10s-shp-cur,62,6300672,0.49,0.965,-0.048,0.2511,0.0702,0.0002,-0.0171,0.0012,1.0,0.944
w10s-shp-cur-s62,w10s-shp-cur,62,6331392,0.52,0.988,-0.037,0.3637,0.0676,0.0002,-0.0172,0.0012,1.0,0.944
w10s-shp-cur-s62,w10s-shp-cur,62,6362112,0.56,0.979,0.0,0.4506,0.0686,0.0002,-0.0179,0.0012,1.0,0.944
w10s-shp-cur-s62,w10s-shp-cur,62,6392832,0.58,1.022,0.0,0.3472,0.0716,0.0002,-0.0188,0.0013,1.0,0.944
w10s-shp-cur-s62,w10s-shp-cur,62,6423552,0.58,1.032,0.0,0.3752,0.0705,0.0002,-0.0178,0.0012,1.0,0.944
w10s-shp-cur-s62,w10s-shp-cur,62,6454272,0.56,0.984,0.0,0.419,0.0665,0.0002,-0.0191,0.0012,1.0,0.943
w10s-shp-cur-s62,w10s-shp-cur,62,6484992,0.69,1.077,0.0,0.2707,0.0695,0.0002,-0.0173,0.0012,1.0,0.943
w10s-shp-cur-s62,w10s-shp-cur,62,6515712,0.54,1.023,0.0,0.3578,0.0686,0.0002,-0.0197,0.0012,1.0,0.943
w10s-shp-cur-s62,w10s-shp-cur,62,6546432,0.52,1.009,0.0,0.3388,0.0687,0.0002,-0.0194,0.0012,1.0,0.943
w10s-shp-cur-s62,w10s-shp-cur,62,6577152,0.55,1.0,0.0,0.357,0.071,0.0002,-0.0167,0.0011,1.0,0.943
w10s-shp-cur-s62,w10s-shp-cur,62,6607872,0.58,1.044,0.0,0.5179,0.0728,0.0002,-0.0197,0.0012,1.0,0.943
w10s-shp-cur-s62,w10s-shp-cur,62,6638592,0.58,1.021,0.0,0.4,0.0706,0.0002,-0.0174,0.0012,1.0,0.942
w10s-shp-cur-s62,w10s-shp-cur,62,6669312,0.69,1.128,0.0,0.3092,0.0724,0.0002,-0.017,0.0011,1.0,0.942
w10s-shp-cur-s62,w10s-shp-cur,62,6700032,0.62,1.059,0.0,0.3032,0.0695,0.0002,-0.0177,0.0012,1.0,0.942
w10s-shp-cur-s62,w10s-shp-cur,62,6730752,0.61,1.025,0.0,0.3433,0.0689,0.0002,-0.0191,0.0012,1.0,0.942
w10s-shp-cur-s62,w10s-shp-cur,62,6761472,0.53,0.992,0.0,0.4795,0.0684,0.0002,-0.0169,0.0011,1.0,0.942
w10s-shp-cur-s62,w10s-shp-cur,62,6792192,0.62,1.072,0.0,0.4018,0.0719,0.0002,-0.0176,0.0012,1.0,0.942
w10s-shp-cur-s62,w10s-shp-cur,62,6822912,0.51,0.9,0.0,0.1955,0.0724,0.0002,-0.0175,0.0011,1.0,0.941
w10s-shp-cur-s62,w10s-shp-cur,62,6853632,0.62,1.049,0.0,0.4376,0.071,0.0002,-0.0181,0.0012,1.0,0.941
w10s-shp-cur-s62,w10s-shp-cur,62,6884352,0.51,0.959,0.0,0.2603,0.0675,0.0002,-0.0185,0.0012,1.0,0.941
w10s-shp-cur-s62,w10s-shp-cur,62,6915072,0.51,0.999,0.0,0.4828,0.068,0.0002,-0.0182,0.0011,1.0,0.941
w10s-shp-cur-s62,w10s-shp-cur,62,6945792,0.61,1.024,0.0,0.3414,0.0713,0.0002,-0.0172,0.0012,1.0,0.941
w10s-shp-cur-s62,w10s-shp-cur,62,6976512,0.61,1.033,0.0,0.2541,0.072,0.0002,-0.0174,0.001,1.0,0.941
w10s-shp-cur-s62,w10s-shp-cur,62,7007232,0.59,1.026,0.0,0.3574,0.0687,0.0002,-0.0186,0.0012,1.0,0.941
w10s-shp-cur-s62,w10s-shp-cur,62,7037952,0.77,1.178,0.0,0.526,0.0722,0.0002,-0.0195,0.0011,1.0,0.941
w10s-shp-cur-s62,w10s-shp-cur,62,7068672,0.62,1.03,0.0,0.3227,0.073,0.0002,-0.0184,0.0012,1.0,0.94
w10s-shp-cur-s62,w10s-shp-cur,62,7099392,0.58,1.029,0.0,0.3755,0.0714,0.0002,-0.018,0.0012,1.0,0.94
w10s-shp-cur-s62,w10s-shp-cur,62,7130112,0.77,1.201,0.0,0.4838,0.0691,0.0002,-0.0186,0.0011,1.0,0.94
w10s-shp-cur-s62,w10s-shp-cur,62,7160832,0.65,1.102,0.0,0.3859,0.0708,0.0002,-0.0177,0.001,1.0,0.94
w10s-shp-cur-s62,w10s-shp-cur,62,7191552,0.59,1.026,0.0,0.4892,0.0718,0.0002,-0.0188,0.0012,1.0,0.94
w10s-shp-cur-s62,w10s-shp-cur,62,7222272,0.67,1.063,0.0,0.292,0.0708,0.0002,-0.0191,0.0011,1.0,0.94
w10s-shp-cur-s62,w10s-shp-cur,62,7252992,0.68,1.096,0.0,0.5118,0.0722,0.0002,-0.018,0.0012,1.0,0.94
w10s-shp-cur-s62,w10s-shp-cur,62,7283712,0.73,1.142,0.0,0.3421,0.0696,0.0002,-0.0176,0.0011,1.0,0.939
w10s-shp-cur-s62,w10s-shp-cur,62,7314432,0.56,0.982,0.0,0.435,0.0694,0.0002,-0.0177,0.0011,1.0,0.939
w10s-shp-cur-s62,w10s-shp-cur,62,7345152,0.7,1.102,0.0,0.3931,0.0689,0.0002,-0.0176,0.0011,1.0,0.939
w10s-shp-cur-s62,w10s-shp-cur,62,7375872,0.65,1.114,0.0,0.3149,0.0695,0.0002,-0.0172,0.0011,1.0,0.939
w10s-shp-cur-s62,w10s-shp-cur,62,7406592,0.67,1.095,0.0,0.4707,0.0677,0.0002,-0.0174,0.0011,1.0,0.939
w10s-shp-cur-s62,w10s-shp-cur,62,7437312,0.66,1.096,0.0,0.3239,0.0652,0.0002,-0.0179,0.001,1.0,0.939
w10s-shp-cur-s62,w10s-shp-cur,62,7468032,0.66,1.13,0.0,0.7782,0.0719,0.0002,-0.0181,0.0012,1.0,0.938
w10s-shp-cur-s62,w10s-shp-cur,62,7498752,0.58,1.02,0.0,0.5985,0.0704,0.0002,-0.0191,0.0012,1.0,0.938
w10s-shp-cur-s62,w10s-shp-cur,62,7529472,0.74,1.169,0.0,0.6045,0.0741,0.0002,-0.0177,0.0011,1.0,0.938
w10s-shp-cur-s62,w10s-shp-cur,62,7560192,0.59,1.021,0.0,0.5313,0.0695,0.0002,-0.0179,0.0011,1.0,0.938
w10s-shp-cur-s62,w10s-shp-cur,62,7590912,0.7,1.113,0.0,0.4502,0.0707,0.0002,-0.0184,0.0012,1.0,0.938
w10s-shp-cur-s62,w10s-shp-cur,62,7621632,0.67,1.1,0.0,0.6062,0.0703,0.0002,-0.0187,0.0011,1.0,0.938
w10s-shp-cur-s62,w10s-shp-cur,62,7652352,0.68,1.112,0.0,0.5979,0.0682,0.0002,-0.0202,0.0011,1.0,0.937
w10s-shp-cur-s62,w10s-shp-cur,62,7683072,0.67,1.093,0.0,0.6827,0.072,0.0002,-0.0184,0.0012,1.0,0.937
w10s-shp-cur-s62,w10s-shp-cur,62,7713792,0.74,1.125,0.0,0.47,0.0698,0.0002,-0.0176,0.0011,1.0,0.937
w10s-shp-cur-s62,w10s-shp-cur,62,7744512,0.68,1.114,0.0,0.7412,0.0711,0.0002,-0.0195,0.0011,1.0,0.937
w10s-shp-cur-s62,w10s-shp-cur,62,7775232,0.63,1.051,0.0,0.6098,0.0723,0.0002,-0.0191,0.0012,1.0,0.937
w10s-shp-cur-s62,w10s-shp-cur,62,7805952,0.74,1.117,0.0,0.4934,0.0691,0.0002,-0.0199,0.0012,1.0,0.937
w10s-shp-cur-s62,w10s-shp-cur,62,7836672,0.68,1.072,0.0,0.4717,0.0714,0.0002,-0.0181,0.0012,1.0,0.937
w10s-shp-cur-s62,w10s-shp-cur,62,7867392,0.71,1.132,0.0,0.6964,0.0715,0.0002,-0.0177,0.0011,1.0,0.936
w10s-shp-cur-s62,w10s-shp-cur,62,7898112,0.69,1.122,0.0,0.5851,0.0708,0.0002,-0.0181,0.0011,1.0,0.936
w10s-shp-cur-s62,w10s-shp-cur,62,7928832,0.8,1.195,0.0,0.4311,0.0726,0.0002,-0.0179,0.0011,1.0,0.936
w10s-shp-cur-s62,w10s-shp-cur,62,7959552,0.76,1.167,0.0,0.5576,0.0688,0.0002,-0.0168,0.0011,1.0,0.936
w10s-shp-cur-s62,w10s-shp-cur,62,7990272,0.7,1.127,0.0,0.5044,0.0704,0.0002,-0.0189,0.0011,1.0,0.936
w10s-shp-cur-s62,w10s-shp-cur,62,8020992,0.71,1.107,0.0,0.6052,0.0684,0.0002,-0.0171,0.0011,1.0,0.936
w10s-shp-cur-s62,w10s-shp-cur,62,8051712,0.62,1.065,0.0,0.5032,0.0698,0.0002,-0.0173,0.001,1.0,0.936
w10s-shp-cur-s62,w10s-shp-cur,62,8082432,0.74,1.153,0.0,0.7142,0.0678,0.0002,-0.0174,0.0011,1.0,0.935
w10s-shp-cur-s62,w10s-shp-cur,62,8113152,0.66,1.066,0.0,0.5962,0.0694,0.0002,-0.0181,0.0011,1.0,0.935
w10s-shp-cur-s62,w10s-shp-cur,62,8143872,0.67,1.117,0.0,0.5169,0.0671,0.0002,-0.0181,0.001,1.0,0.935
w10s-shp-cur-s62,w10s-shp-cur,62,8174592,0.74,1.158,0.0,0.7172,0.0675,0.0002,-0.0186,0.0011,1.0,0.935
w10s-shp-cur-s62,w10s-shp-cur,62,8205312,0.62,1.079,0.0,0.5416,0.0721,0.0002,-0.0179,0.0011,1.0,0.935
w10s-shp-cur-s62,w10s-shp-cur,62,8236032,0.65,1.09,0.0,0.7764,0.0713,0.0002,-0.019,0.001,1.0,0.935
w10s-shp-cur-s62,w10s-shp-cur,62,8266752,0.68,1.101,0.0,0.7413,0.0712,0.0002,-0.0178,0.0011,1.0,0.935
w10s-shp-cur-s62,w10s-shp-cur,62,8297472,0.71,1.134,0.0,0.6482,0.0691,0.0002,-0.0176,0.0011,1.0,0.934
w10s-shp-cur-s62,w10s-shp-cur,62,8328192,0.71,1.105,0.0,0.6399,0.0733,0.0002,-0.0185,0.0011,1.0,0.934
w10s-shp-cur-s62,w10s-shp-cur,62,8358912,0.71,1.128,0.0,0.8392,0.0693,0.0002,-0.0182,0.0012,1.0,0.934
w10s-shp-cur-s62,w10s-shp-cur,62,8389632,0.75,1.164,0.0,0.7129,0.0714,0.0002,-0.0175,0.0011,1.0,0.934
w10s-shp-cur-s62,w10s-shp-cur,62,8420352,0.65,1.056,0.0,0.681,0.0703,0.0002,-0.0197,0.001,1.0,0.934
w10s-shp-cur-s62,w10s-shp-cur,62,8451072,0.77,1.145,0.0,0.8373,0.0689,0.0002,-0.0171,0.0011,1.0,0.934
w10s-shp-cur-s62,w10s-shp-cur,62,8481792,0.69,1.082,0.0,0.6654,0.0709,0.0002,-0.0182,0.0011,1.0,0.934
w10s-shp-cur-s62,w10s-shp-cur,62,8512512,0.75,1.198,0.0,0.7295,0.074,0.0002,-0.0184,0.0011,1.0,0.933
w10s-shp-cur-s62,w10s-shp-cur,62,8543232,0.6,1.018,0.0,0.5148,0.065,0.0002,-0.0162,0.001,1.0,0.933
w10s-shp-cur-s62,w10s-shp-cur,62,8573952,0.7,1.094,0.0,0.5564,0.0689,0.0002,-0.0186,0.001,1.0,0.933
w10s-shp-cur-s62,w10s-shp-cur,62,8604672,0.73,1.171,0.0,0.4977,0.0695,0.0002,-0.018,0.0011,1.0,0.933
w10s-shp-cur-s62,w10s-shp-cur,62,8635392,0.81,1.195,0.0,0.5556,0.0693,0.0002,-0.0184,0.0011,1.0,0.933
w10s-shp-cur-s62,w10s-shp-cur,62,8666112,0.79,1.183,0.0,0.6088,0.0672,0.0002,-0.017,0.0011,1.0,0.933
w10s-shp-cur-s62,w10s-shp-cur,62,8696832,0.63,1.09,0.0,0.7132,0.0688,0.0002,-0.0188,0.0011,1.0,0.933
w10s-shp-cur-s62,w10s-shp-cur,62,8727552,0.75,1.148,0.0,0.8727,0.0686,0.0002,-0.0174,0.001,1.0,0.933
w10s-shp-cur-s62,w10s-shp-cur,62,8758272,0.66,1.103,0.0,0.9375,0.0709,0.0002,-0.0184,0.0011,1.0,0.932
w10s-shp-cur-s62,w10s-shp-cur,62,8788992,0.75,1.166,0.0,0.8094,0.0721,0.0002,-0.0167,0.0011,1.0,0.932
w10s-shp-cur-s62,w10s-shp-cur,62,8819712,0.74,1.157,0.0,0.6154,0.0677,0.0002,-0.0182,0.001,1.0,0.932
w10s-shp-cur-s62,w10s-shp-cur,62,8850432,0.7,1.118,0.0,0.8404,0.0731,0.0002,-0.0183,0.0011,1.0,0.932
w10s-shp-cur-s62,w10s-shp-cur,62,8881152,0.68,1.141,0.0,0.5934,0.0691,0.0002,-0.0172,0.001,1.0,0.932
w10s-shp-cur-s62,w10s-shp-cur,62,8911872,0.69,1.115,0.0,0.7398,0.0688,0.0002,-0.0184,0.0011,1.0,0.932
w10s-shp-cur-s62,w10s-shp-cur,62,8942592,0.78,1.197,0.0,0.796,0.0689,0.0002,-0.0202,0.0011,1.0,0.932
w10s-shp-cur-s62,w10s-shp-cur,62,8973312,0.65,1.077,0.0,0.4318,0.071,0.0002,-0.0187,0.001,1.0,0.931
w10s-shp-cur-s62,w10s-shp-cur,62,9004032,0.75,1.162,0.0,0.6744,0.0696,0.0002,-0.0194,0.0011,1.0,0.931
w10s-shp-cur-s62,w10s-shp-cur,62,9034752,0.68,1.115,0.0,0.8234,0.0704,0.0002,-0.0183,0.0011,1.0,0.931
w10s-shp-cur-s62,w10s-shp-cur,62,9065472,0.68,1.11,0.0,0.6756,0.0715,0.0002,-0.0173,0.001,1.0,0.931
w10s-shp-cur-s62,w10s-shp-cur,62,9096192,0.72,1.131,0.0,0.6424,0.0723,0.0002,-0.0175,0.0011,1.0,0.931
w10s-shp-cur-s62,w10s-shp-cur,62,9126912,0.76,1.152,0.0,0.8628,0.0721,0.0002,-0.0186,0.0011,1.0,0.931
w10s-shp-cur-s62,w10s-shp-cur,62,9157632,0.78,1.187,0.0,0.8125,0.0682,0.0002,-0.0169,0.001,1.0,0.931
w10s-shp-cur-s62,w10s-shp-cur,62,9188352,0.88,1.262,0.0,0.6129,0.0681,0.0002,-0.0168,0.001,1.0,0.931
w10s-shp-cur-s62,w10s-shp-cur,62,9219072,0.77,1.201,0.0,0.6419,0.0715,0.0002,-0.0165,0.001,1.0,0.93
w10s-shp-cur-s62,w10s-shp-cur,62,9249792,0.77,1.174,0.0,0.6933,0.0694,0.0002,-0.0176,0.0011,1.0,0.93
w10s-shp-cur-s62,w10s-shp-cur,62,9280512,0.81,1.211,0.0,0.6902,0.0673,0.0002,-0.0176,0.001,1.0,0.93
w10s-shp-cur-s62,w10s-shp-cur,62,9311232,0.76,1.207,0.0,0.6348,0.0691,0.0002,-0.0177,0.001,1.0,0.93
w10s-shp-cur-s62,w10s-shp-cur,62,9341952,0.77,1.185,0.0,0.6238,0.0697,0.0002,-0.0172,0.0011,1.0,0.93
w10s-shp-cur-s62,w10s-shp-cur,62,9372672,0.77,1.175,0.0,0.6614,0.0713,0.0002,-0.0174,0.0011,1.0,0.93
w10s-shp-cur-s62,w10s-shp-cur,62,9403392,0.73,1.149,0.0,0.8737,0.0687,0.0002,-0.0176,0.001,1.0,0.93
w10s-shp-cur-s62,w10s-shp-cur,62,9434112,0.78,1.195,0.0,0.8096,0.071,0.0002,-0.0187,0.001,1.0,0.93
w10s-shp-cur-s62,w10s-shp-cur,62,9464832,0.69,1.089,0.0,0.9662,0.0729,0.0002,-0.0183,0.0011,1.0,0.929
w10s-shp-cur-s62,w10s-shp-cur,62,9495552,0.74,1.13,0.0,0.7899,0.0699,0.0002,-0.0177,0.001,1.0,0.929
w10s-shp-cur-s62,w10s-shp-cur,62,9526272,0.73,1.132,0.0,0.7883,0.072,0.0002,-0.0177,0.001,1.0,0.929
w10s-shp-cur-s62,w10s-shp-cur,62,9556992,0.75,1.166,0.0,0.6869,0.0698,0.0002,-0.018,0.001,1.0,0.929
w10s-shp-cur-s62,w10s-shp-cur,62,9587712,0.75,1.162,0.0,0.8878,0.071,0.0002,-0.0169,0.0011,1.0,0.929
w10s-shp-cur-s62,w10s-shp-cur,62,9618432,0.7,1.098,0.0,0.8912,0.0709,0.0002,-0.0184,0.0011,1.0,0.929
w10s-shp-cur-s62,w10s-shp-cur,62,9649152,0.72,1.144,0.0,0.6373,0.0705,0.0002,-0.0166,0.001,1.0,0.929
w10s-shp-cur-s62,w10s-shp-cur,62,9679872,0.77,1.175,0.0,0.6805,0.0675,0.0002,-0.018,0.0011,1.0,0.929
w10s-shp-cur-s62,w10s-shp-cur,62,9710592,0.73,1.151,0.0,0.6003,0.0701,0.0002,-0.0182,0.001,1.0,0.928
w10s-shp-cur-s62,w10s-shp-cur,62,9741312,0.78,1.209,0.0,0.6661,0.0692,0.0002,-0.0185,0.0011,1.0,0.928
w10s-shp-cur-s62,w10s-shp-cur,62,9772032,0.84,1.23,0.0,0.7536,0.0692,0.0002,-0.0169,0.0011,1.0,0.928
w10s-shp-cur-s62,w10s-shp-cur,62,9802752,0.81,1.215,0.0,0.8186,0.0702,0.0002,-0.0175,0.0011,1.0,0.928
w10s-shp-cur-s62,w10s-shp-cur,62,9833472,0.7,1.101,0.0,0.7,0.0731,0.0002,-0.0168,0.001,1.0,0.928
w10s-shp-cur-s62,w10s-shp-cur,62,9864192,0.75,1.172,0.0,0.8183,0.069,0.0002,-0.0192,0.001,1.0,0.928
w10s-shp-cur-s62,w10s-shp-cur,62,9894912,0.75,1.161,0.0,0.7915,0.0715,0.0002,-0.0167,0.001,1.0,0.928
w10s-shp-cur-s62,w10s-shp-cur,62,9925632,0.86,1.257,0.0,0.7877,0.0702,0.0002,-0.0176,0.001,1.0,0.928
w10s-shp-cur-s62,w10s-shp-cur,62,9956352,0.76,1.184,0.0,0.6663,0.0726,0.0002,-0.0189,0.001,1.0,0.927
w10s-shp-cur-s62,w10s-shp-cur,62,9987072,0.71,1.147,0.0,0.948,0.0751,0.0002,-0.0172,0.001,1.0,0.927
w10s-shp-cur-s62,w10s-shp-cur,62,10017792,0.64,1.092,0.0,0.8786,0.0729,0.0002,-0.0179,0.0011,1.0,0.927
w10s-shp-cur-s62,w10s-shp-cur,62,10048512,0.69,1.122,0.0,0.9029,0.0703,0.0002,-0.0178,0.001,1.0,0.927
w10s-shp-cur-s62,w10s-shp-cur,62,10079232,0.72,1.175,0.0,0.6669,0.072,0.0002,-0.0177,0.0011,1.0,0.927
w10s-shp-cur-s62,w10s-shp-cur,62,10109952,0.78,1.195,0.0,0.7816,0.0661,0.0002,-0.0181,0.001,1.0,0.927
w10s-shp-cur-s62,w10s-shp-cur,62,10140672,0.74,1.161,0.0,0.7142,0.0699,0.0002,-0.0197,0.001,1.0,0.927
w10s-shp-cur-s62,w10s-shp-cur,62,10171392,0.72,1.143,0.0,0.9794,0.0673,0.0002,-0.0191,0.001,1.0,0.927
w10s-shp-cur-s62,w10s-shp-cur,62,10202112,0.7,1.118,0.0,0.858,0.0708,0.0002,-0.0174,0.001,1.0,0.926
w10s-shp-cur-s62,w10s-shp-cur,62,10232832,0.8,1.235,0.0,0.8687,0.0703,0.0002,-0.0177,0.001,1.0,0.926
w10s-shp-cur-s62,w10s-shp-cur,62,10263552,0.73,1.197,0.0,0.9629,0.0694,0.0002,-0.0175,0.001,1.0,0.926
w10s-shp-cur-s62,w10s-shp-cur,62,10294272,0.68,1.126,0.0,1.011,0.0698,0.0002,-0.0182,0.001,1.0,0.926
w10s-shp-cur-s62,w10s-shp-cur,62,10324992,0.79,1.214,0.0,0.95,0.0737,0.0002,-0.0175,0.001,1.0,0.926
w10s-shp-cur-s62,w10s-shp-cur,62,10355712,0.78,1.223,0.0,0.8854,0.0683,0.0002,-0.0188,0.001,1.0,0.926
w10s-shp-cur-s62,w10s-shp-cur,62,10386432,0.73,1.159,0.0,0.7214,0.0726,0.0002,-0.0195,0.001,1.0,0.926
w10s-shp-cur-s62,w10s-shp-cur,62,10417152,0.77,1.214,0.0,0.7915,0.0675,0.0002,-0.0185,0.001,1.0,0.926
w10s-shp-cur-s62,w10s-shp-cur,62,10447872,0.79,1.181,0.0,0.7215,0.0679,0.0002,-0.0174,0.0009,1.0,0.925
w10s-shp-cur-s62,w10s-shp-cur,62,10478592,0.74,1.163,0.0,0.8649,0.0722,0.0002,-0.0186,0.001,1.0,0.925
w10s-shp-cur-s62,w10s-shp-cur,62,10509312,0.75,1.17,0.0,0.7811,0.0719,0.0002,-0.0181,0.0011,1.0,0.925
w10s-shp-cur-s62,w10s-shp-cur,62,10540032,0.81,1.231,0.0,0.8998,0.0681,0.0002,-0.0182,0.0009,1.0,0.925
w10s-shp-cur-s62,w10s-shp-cur,62,10570752,0.75,1.162,0.0,0.7358,0.0686,0.0002,-0.0173,0.001,1.0,0.925
w10s-shp-cur-s62,w10s-shp-cur,62,10601472,0.82,1.219,0.0,0.7508,0.0694,0.0002,-0.018,0.0011,1.0,0.925
w10s-shp-cur-s62,w10s-shp-cur,62,10632192,0.83,1.263,0.0,0.7791,0.0672,0.0002,-0.0177,0.001,1.0,0.925
w10s-shp-cur-s62,w10s-shp-cur,62,10662912,0.77,1.177,0.0,0.8264,0.0686,0.0002,-0.0196,0.001,1.0,0.925
w10s-shp-cur-s62,w10s-shp-cur,62,10693632,0.69,1.156,0.0,0.9128,0.0734,0.0002,-0.0194,0.0011,1.0,0.924
w10s-shp-cur-s62,w10s-shp-cur,62,10724352,0.78,1.191,0.0,0.67,0.0708,0.0002,-0.017,0.001,1.0,0.924
w10s-shp-cur-s62,w10s-shp-cur,62,10755072,0.81,1.237,0.0,0.9216,0.0655,0.0002,-0.0185,0.001,1.0,0.924
w10s-shp-cur-s62,w10s-shp-cur,62,10785792,0.82,1.221,0.0,0.8621,0.0718,0.0002,-0.0194,0.001,1.0,0.924
w10s-shp-cur-s62,w10s-shp-cur,62,10816512,0.76,1.181,0.0,0.7589,0.0691,0.0002,-0.0167,0.0009,1.0,0.924
w10s-shp-cur-s62,w10s-shp-cur,62,10847232,0.71,1.176,0.0,0.6948,0.0696,0.0002,-0.018,0.0011,1.0,0.924
w10s-shp-cur-s62,w10s-shp-cur,62,10877952,0.75,1.19,0.0,0.7385,0.0704,0.0002,-0.0167,0.001,1.0,0.924
w10s-shp-cur-s62,w10s-shp-cur,62,10908672,0.77,1.179,0.0,0.6584,0.0731,0.0002,-0.0192,0.001,1.0,0.924
w10s-shp-cur-s62,w10s-shp-cur,62,10939392,0.78,1.198,0.0,0.8985,0.0685,0.0002,-0.0178,0.001,1.0,0.924
w10s-shp-cur-s62,w10s-shp-cur,62,10970112,0.82,1.217,0.0,0.8498,0.0688,0.0002,-0.0185,0.001,1.0,0.924
w10s-shp-cur-s62,w10s-shp-cur,62,11000832,0.81,1.232,0.0,0.8505,0.0699,0.0002,-0.0167,0.001,1.0,0.923
w10s-shp-cur-s62,w10s-shp-cur,62,11031552,0.82,1.23,0.0,0.6293,0.0704,0.0002,-0.0182,0.001,1.0,0.923
w10s-shp-cur-s62,w10s-shp-cur,62,11062272,0.73,1.157,0.0,0.8808,0.0715,0.0002,-0.0186,0.001,1.0,0.923
w10s-shp-cur-s62,w10s-shp-cur,62,11092992,0.77,1.168,0.0,1.0273,0.0709,0.0002,-0.0176,0.0011,1.0,0.923
w10s-shp-cur-s62,w10s-shp-cur,62,11123712,0.73,1.137,0.0,0.9276,0.0682,0.0002,-0.0179,0.001,1.0,0.923
w10s-shp-cur-s62,w10s-shp-cur,62,11154432,0.76,1.196,0.0,0.8452,0.0724,0.0002,-0.0182,0.001,1.0,0.923
w10s-shp-cur-s62,w10s-shp-cur,62,11185152,0.71,1.165,0.0,0.6309,0.0693,0.0002,-0.0183,0.0009,1.0,0.923
w10s-shp-cur-s62,w10s-shp-cur,62,11215872,0.81,1.216,0.0,1.0478,0.0684,0.0002,-0.0178,0.001,1.0,0.923
w10s-shp-cur-s62,w10s-shp-cur,62,11246592,0.73,1.171,0.0,0.9254,0.0667,0.0002,-0.0173,0.0009,1.0,0.923
w10s-shp-cur-s62,w10s-shp-cur,62,11277312,0.82,1.241,0.0,0.7695,0.0715,0.0002,-0.0184,0.001,1.0,0.923
w10s-shp-cur-s62,w10s-shp-cur,62,11308032,0.83,1.236,0.0,0.6626,0.0687,0.0002,-0.0174,0.001,1.0,0.922
w10s-shp-cur-s62,w10s-shp-cur,62,11338752,0.73,1.181,0.0,0.8013,0.0691,0.0002,-0.0185,0.0009,1.0,0.922
w10s-shp-cur-s62,w10s-shp-cur,62,11369472,0.77,1.178,0.0,0.9408,0.0689,0.0002,-0.0182,0.001,1.0,0.922
w10s-shp-cur-s62,w10s-shp-cur,62,11400192,0.77,1.211,0.0,0.7729,0.07,0.0002,-0.0192,0.001,1.0,0.922
w10s-shp-cur-s62,w10s-shp-cur,62,11430912,0.83,1.238,0.0,0.7924,0.0714,0.0002,-0.0197,0.0009,1.0,0.922
w10s-shp-cur-s62,w10s-shp-cur,62,11461632,0.72,1.156,0.0,0.9905,0.0704,0.0002,-0.0183,0.0011,1.0,0.922
w10s-shp-cur-s62,w10s-shp-cur,62,11492352,0.85,1.244,0.0,0.6894,0.0693,0.0002,-0.0182,0.001,1.0,0.922
w10s-shp-cur-s62,w10s-shp-cur,62,11523072,0.76,1.166,0.0,0.6655,0.0712,0.0002,-0.0185,0.0009,1.0,0.922
w10s-shp-cur-s62,w10s-shp-cur,62,11553792,0.79,1.212,0.0,0.8396,0.0729,0.0002,-0.0179,0.001,1.0,0.922
w10s-shp-cur-s62,w10s-shp-cur,62,11584512,0.73,1.16,0.0,0.9072,0.0679,0.0002,-0.0169,0.001,1.0,0.922
w10s-shp-cur-s62,w10s-shp-cur,62,11615232,0.76,1.21,0.0,0.9187,0.0686,0.0002,-0.0174,0.001,1.0,0.921
w10s-shp-cur-s62,w10s-shp-cur,62,11645952,0.82,1.245,0.0,0.8718,0.0696,0.0002,-0.0173,0.001,1.0,0.921
w10s-shp-cur-s62,w10s-shp-cur,62,11676672,0.79,1.206,0.0,0.8985,0.068,0.0002,-0.0179,0.001,1.0,0.921
w10s-shp-cur-s62,w10s-shp-cur,62,11707392,0.69,1.129,0.0,0.8902,0.0684,0.0002,-0.0173,0.0011,1.0,0.921
w10s-shp-cur-s62,w10s-shp-cur,62,11738112,0.81,1.217,0.0,0.7795,0.0706,0.0002,-0.0176,0.001,1.0,0.921
w10s-shp-cur-s62,w10s-shp-cur,62,11768832,0.82,1.259,0.0,0.8434,0.0691,0.0002,-0.0157,0.001,1.0,0.921
w10s-shp-cur-s62,w10s-shp-cur,62,11799552,0.8,1.238,0.0,0.8238,0.0734,0.0002,-0.0184,0.001,1.0,0.921
w10s-shp-cur-s62,w10s-shp-cur,62,11830272,0.79,1.211,0.0,0.8439,0.0684,0.0002,-0.0184,0.001,1.0,0.921
w10s-shp-cur-s62,w10s-shp-cur,62,11860992,0.79,1.202,0.0,0.7613,0.0686,0.0002,-0.0189,0.001,1.0,0.921
w10s-shp-cur-s62,w10s-shp-cur,62,11891712,0.77,1.207,0.0,0.8434,0.0712,0.0002,-0.0177,0.001,1.0,0.921
w10s-shp-cur-s62,w10s-shp-cur,62,11922432,0.77,1.204,0.0,1.0174,0.0679,0.0002,-0.018,0.0009,1.0,0.921
w10s-shp-cur-s62,w10s-shp-cur,62,11953152,0.77,1.188,0.0,0.9339,0.0721,0.0002,-0.0181,0.001,1.0,0.92
w10s-shp-cur-s62,w10s-shp-cur,62,11983872,0.8,1.214,0.0,0.8419,0.0689,0.0002,-0.0173,0.001,1.0,0.92
w10s-shp-cur-s62,w10s-shp-cur,62,12014592,0.75,1.204,0.0,0.8223,0.0695,0.0002,-0.0163,0.001,1.0,0.92
w10s-shp-cur-s62,w10s-shp-cur,62,12045312,0.82,1.24,0.0,0.9469,0.0726,0.0002,-0.0187,0.001,1.0,0.92
w10s-shp-cur-s62,w10s-shp-cur,62,12076032,0.74,1.174,0.0,0.7984,0.0732,0.0002,-0.0199,0.001,1.0,0.92
w10s-shp-cur-s62,w10s-shp-cur,62,12106752,0.7,1.116,0.0,0.8339,0.072,0.0002,-0.0175,0.001,1.0,0.92
w10s-shp-cur-s62,w10s-shp-cur,62,12137472,0.75,1.18,0.0,0.796,0.0696,0.0002,-0.0168,0.001,1.0,0.92
w10s-shp-cur-s62,w10s-shp-cur,62,12168192,0.77,1.192,0.0,0.907,0.0713,0.0002,-0.0172,0.001,1.0,0.92
w10s-shp-cur-s62,w10s-shp-cur,62,12198912,0.81,1.221,0.0,0.6937,0.0698,0.0002,-0.0186,0.001,1.0,0.92
w10s-shp-cur-s62,w10s-shp-cur,62,12229632,0.8,1.236,0.0,0.5724,0.066,0.0002,-0.0183,0.0009,1.0,0.92
w10s-shp-cur-s62,w10s-shp-cur,62,12260352,0.75,1.161,0.0,0.8993,0.072,0.0002,-0.0187,0.001,1.0,0.92
w10s-shp-cur-s62,w10s-shp-cur,62,12291072,0.82,1.234,0.0,0.7207,0.0713,0.0002,-0.0168,0.001,1.0,0.92
w10s-shp-cur-s62,w10s-shp-cur,62,12321792,0.69,1.112,0.0,0.8374,0.066,0.0002,-0.0182,0.001,1.0,0.919
w10s-shp-cur-s62,w10s-shp-cur,62,12352512,0.85,1.279,0.0,0.9354,0.0725,0.0002,-0.0181,0.0009,1.0,0.919
w10s-shp-cur-s62,w10s-shp-cur,62,12383232,0.78,1.191,0.0,0.9123,0.0702,0.0002,-0.0177,0.0009,1.0,0.919
w10s-shp-cur-s62,w10s-shp-cur,62,12413952,0.83,1.254,0.0,0.7755,0.0688,0.0002,-0.019,0.001,1.0,0.919
w10s-shp-cur-s62,w10s-shp-cur,62,12444672,0.8,1.219,0.0,0.9526,0.0709,0.0002,-0.0199,0.001,1.0,0.919
w10s-shp-cur-s62,w10s-shp-cur,62,12475392,0.82,1.253,0.0,0.8062,0.0709,0.0002,-0.0192,0.0009,1.0,0.919
w10s-shp-cur-s62,w10s-shp-cur,62,12506112,0.76,1.196,0.0,0.957,0.0687,0.0002,-0.018,0.001,1.0,0.919
w10s-shp-cur-s62,w10s-shp-cur,62,12536832,0.82,1.239,0.0,1.1218,0.0695,0.0002,-0.0185,0.001,1.0,0.919
w10s-shp-cur-s62,w10s-shp-cur,62,12567552,0.81,1.239,0.0,1.0339,0.0669,0.0002,-0.0174,0.001,1.0,0.919
w10s-shp-cur-s62,w10s-shp-cur,62,12598272,0.81,1.256,0.0,0.7009,0.0709,0.0002,-0.0184,0.001,1.0,0.919
w10s-shp-cur-s62,w10s-shp-cur,62,12628992,0.78,1.189,0.0,0.8616,0.0694,0.0002,-0.0175,0.001,1.0,0.919
w10s-shp-cur-s62,w10s-shp-cur,62,12659712,0.83,1.245,0.0,0.9058,0.0713,0.0002,-0.0185,0.001,1.0,0.919
w10s-shp-cur-s62,w10s-shp-cur,62,12690432,0.8,1.202,0.0,0.8114,0.0685,0.0002,-0.0171,0.0009,1.0,0.919
w10s-shp-cur-s62,w10s-shp-cur,62,12721152,0.82,1.263,0.0,0.8887,0.0692,0.0002,-0.0193,0.001,1.0,0.919
w10s-shp-cur-s62,w10s-shp-cur,62,12751872,0.8,1.214,0.0,0.7055,0.0701,0.0002,-0.0166,0.0009,1.0,0.918
w10s-shp-cur-s62,w10s-shp-cur,62,12782592,0.83,1.266,0.0,1.0817,0.0702,0.0002,-0.0179,0.001,1.0,0.918
w10s-shp-cur-s62,w10s-shp-cur,62,12813312,0.84,1.257,0.0,0.9201,0.0675,0.0002,-0.0183,0.001,1.0,0.918
w10s-shp-cur-s62,w10s-shp-cur,62,12844032,0.84,1.243,0.0,0.9739,0.0706,0.0002,-0.0189,0.0009,1.0,0.918
w10s-shp-cur-s62,w10s-shp-cur,62,12874752,0.82,1.235,0.0,0.9232,0.0667,0.0002,-0.0188,0.0009,1.0,0.918
w10s-shp-cur-s62,w10s-shp-cur,62,12905472,0.84,1.249,0.0,1.0164,0.0715,0.0002,-0.0192,0.0009,1.0,0.918
w10s-shp-cur-s62,w10s-shp-cur,62,12936192,0.79,1.233,0.0,0.8527,0.0724,0.0002,-0.0184,0.0009,1.0,0.918
w10s-shp-cur-s62,w10s-shp-cur,62,12966912,0.78,1.194,0.0,1.0066,0.0721,0.0002,-0.018,0.001,1.0,0.918
w10s-shp-cur-s62,w10s-shp-cur,62,12997632,0.79,1.237,0.0,0.817,0.071,0.0002,-0.0173,0.0009,1.0,0.918
w10s-shp-cur-s62,w10s-shp-cur,62,13028352,0.74,1.175,0.0,0.8123,0.0704,0.0002,-0.02,0.0009,1.0,0.918
w10s-shp-cur-s62,w10s-shp-cur,62,13059072,0.78,1.214,0.0,1.0163,0.0698,0.0002,-0.0191,0.001,1.0,0.918
w10s-shp-cur-s62,w10s-shp-cur,62,13089792,0.72,1.175,0.0,0.8479,0.0715,0.0002,-0.0186,0.001,1.0,0.918
w10s-shp-cur-s62,w10s-shp-cur,62,13120512,0.84,1.266,0.0,0.8389,0.0697,0.0002,-0.0186,0.0009,1.0,0.917
w10s-shp-cur-s62,w10s-shp-cur,62,13151232,0.8,1.214,0.0,0.755,0.072,0.0002,-0.0187,0.001,1.0,0.917
w10s-shp-cur-s62,w10s-shp-cur,62,13181952,0.81,1.245,0.0,0.8361,0.0736,0.0002,-0.0178,0.0009,1.0,0.917
w10s-shp-cur-s62,w10s-shp-cur,62,13212672,0.8,1.202,0.0,1.0418,0.0691,0.0002,-0.0186,0.0009,1.0,0.917
w10s-shp-cur-s62,w10s-shp-cur,62,13243392,0.8,1.236,0.0,0.8561,0.0717,0.0002,-0.016,0.001,1.0,0.917
w10s-shp-cur-s62,w10s-shp-cur,62,13274112,0.84,1.266,0.0,1.0015,0.072,0.0002,-0.0183,0.0009,1.0,0.917
w10s-shp-cur-s62,w10s-shp-cur,62,13304832,0.8,1.202,0.0,0.6362,0.0729,0.0002,-0.0186,0.0009,1.0,0.917
w10s-shp-cur-s62,w10s-shp-cur,62,13335552,0.83,1.27,0.0,1.0132,0.0667,0.0002,-0.0187,0.0009,1.0,0.917
w10s-shp-cur-s62,w10s-shp-cur,62,13366272,0.82,1.242,0.0,0.755,0.0672,0.0002,-0.0195,0.0008,1.0,0.917
w10s-shp-cur-s62,w10s-shp-cur,62,13396992,0.8,1.211,0.0,1.0598,0.0703,0.0002,-0.018,0.0009,1.0,0.917
w10s-shp-cur-s62,w10s-shp-cur,62,13427712,0.81,1.234,0.0,0.6702,0.0709,0.0002,-0.0175,0.001,1.0,0.917
w10s-shp-cur-s62,w10s-shp-cur,62,13458432,0.82,1.243,0.0,0.8386,0.072,0.0002,-0.0192,0.001,1.0,0.917
w10s-shp-cur-s62,w10s-shp-cur,62,13489152,0.85,1.238,0.0,0.822,0.0711,0.0002,-0.0186,0.001,1.0,0.917
w10s-shp-cur-s62,w10s-shp-cur,62,13519872,0.84,1.281,0.0,0.9707,0.0707,0.0002,-0.0177,0.0009,1.0,0.916
w10s-shp-cur-s62,w10s-shp-cur,62,13550592,0.78,1.196,0.0,0.917,0.0713,0.0002,-0.0186,0.0009,1.0,0.916
w10s-shp-cur-s62,w10s-shp-cur,62,13581312,0.83,1.264,0.0,1.0375,0.0688,0.0002,-0.02,0.001,1.0,0.916
w10s-shp-cur-s62,w10s-shp-cur,62,13612032,0.8,1.221,0.0,1.0166,0.0718,0.0002,-0.0193,0.001,1.0,0.916
w10s-shp-cur-s62,w10s-shp-cur,62,13642752,0.81,1.236,0.0,0.8283,0.0684,0.0002,-0.0175,0.0009,1.0,0.916
w10s-shp-cur-s62,w10s-shp-cur,62,13673472,0.89,1.283,0.0,1.1053,0.0708,0.0002,-0.0178,0.001,1.0,0.916
w10s-shp-cur-s62,w10s-shp-cur,62,13704192,0.83,1.256,0.0,0.9174,0.0704,0.0002,-0.0178,0.0009,1.0,0.916
w10s-shp-cur-s62,w10s-shp-cur,62,13734912,0.78,1.194,0.0,0.9172,0.0705,0.0002,-0.0188,0.001,1.0,0.916
w10s-shp-cur-s62,w10s-shp-cur,62,13765632,0.75,1.224,0.0,0.9844,0.0712,0.0002,-0.0195,0.0009,1.0,0.916
w10s-shp-cur-s62,w10s-shp-cur,62,13796352,0.84,1.263,0.0,1.0688,0.0707,0.0002,-0.0189,0.0009,1.0,0.916
w10s-shp-cur-s62,w10s-shp-cur,62,13827072,0.87,1.316,0.0,0.9129,0.0689,0.0002,-0.0179,0.0009,1.0,0.916
w10s-shp-cur-s62,w10s-shp-cur,62,13857792,0.83,1.241,0.0,1.0027,0.0706,0.0002,-0.0182,0.0009,1.0,0.916
w10s-shp-cur-s62,w10s-shp-cur,62,13888512,0.85,1.252,0.0,0.889,0.0695,0.0002,-0.0184,0.0009,1.0,0.916
w10s-shp-cur-s62,w10s-shp-cur,62,13919232,0.85,1.273,0.0,1.1114,0.0682,0.0002,-0.0188,0.0009,1.0,0.915
w10s-shp-cur-s62,w10s-shp-cur,62,13949952,0.81,1.237,0.0,0.836,0.0739,0.0002,-0.0168,0.0009,1.0,0.915
w10s-shp-cur-s62,w10s-shp-cur,62,13980672,0.8,1.208,0.0,1.0274,0.0696,0.0002,-0.0183,0.0009,1.0,0.915
w10s-shp-cur-s62,w10s-shp-cur,62,14011392,0.87,1.306,0.0,0.9534,0.0717,0.0002,-0.018,0.0009,1.0,0.915
w10s-shp-cur-s62,w10s-shp-cur,62,14042112,0.81,1.235,0.0,0.7827,0.0713,0.0002,-0.0184,0.0009,1.0,0.915
w10s-shp-cur-s62,w10s-shp-cur,62,14072832,0.88,1.336,0.0,0.9192,0.0715,0.0002,-0.0187,0.0009,1.0,0.915
w10s-shp-cur-s62,w10s-shp-cur,62,14103552,0.89,1.296,0.0,1.0153,0.0717,0.0002,-0.0171,0.0009,1.0,0.915
w10s-shp-cur-s62,w10s-shp-cur,62,14134272,0.83,1.264,0.0,1.0949,0.0707,0.0002,-0.0171,0.0009,1.0,0.915
w10s-shp-cur-s62,w10s-shp-cur,62,14164992,0.88,1.272,0.0,0.8675,0.0707,0.0002,-0.0174,0.0009,1.0,0.915
w10s-shp-cur-s62,w10s-shp-cur,62,14195712,0.88,1.307,0.0,0.9162,0.0674,0.0002,-0.0177,0.0009,1.0,0.915
w10s-shp-cur-s62,w10s-shp-cur,62,14226432,0.86,1.307,0.0,1.1789,0.0722,0.0002,-0.0197,0.0009,1.0,0.915
w10s-shp-cur-s62,w10s-shp-cur,62,14257152,0.84,1.283,0.0,1.0207,0.0703,0.0002,-0.0192,0.0009,1.0,0.915
w10s-shp-cur-s62,w10s-shp-cur,62,14287872,0.91,1.321,0.0,0.9645,0.0721,0.0002,-0.0168,0.0009,1.0,0.914
w10s-shp-cur-s62,w10s-shp-cur,62,14318592,0.78,1.236,0.0,1.0305,0.0687,0.0002,-0.017,0.0009,1.0,0.914
w10s-shp-cur-s62,w10s-shp-cur,62,14349312,0.87,1.287,0.0,0.9839,0.0708,0.0002,-0.0191,0.0009,1.0,0.914
w10s-shp-cur-s62,w10s-shp-cur,62,14380032,0.88,1.295,0.0,1.1995,0.067,0.0002,-0.0175,0.0009,1.0,0.914
w10s-shp-cur-s62,w10s-shp-cur,62,14410752,0.88,1.289,0.0,1.0362,0.0767,0.0002,-0.0206,0.001,1.0,0.914
w10s-shp-cur-s62,w10s-shp-cur,62,14441472,0.86,1.305,0.0,0.9508,0.0719,0.0002,-0.0184,0.001,1.0,0.914
w10s-shp-cur-s62,w10s-shp-cur,62,14472192,0.83,1.272,0.0,1.0439,0.0686,0.0002,-0.019,0.0009,1.0,0.914
w10s-shp-cur-s62,w10s-shp-cur,62,14502912,0.83,1.258,0.0,1.0077,0.0722,0.0002,-0.0175,0.0009,1.0,0.914
w10s-shp-cur-s62,w10s-shp-cur,62,14533632,0.81,1.255,0.0,1.0943,0.0701,0.0002,-0.0199,0.001,1.0,0.914
w10s-shp-cur-s62,w10s-shp-cur,62,14564352,0.83,1.276,0.0,1.1483,0.0732,0.0002,-0.0183,0.0009,1.0,0.914
w10s-shp-cur-s62,w10s-shp-cur,62,14595072,0.85,1.279,0.0,1.0911,0.0689,0.0002,-0.0178,0.0009,1.0,0.914
w10s-shp-cur-s62,w10s-shp-cur,62,14625792,0.88,1.328,0.0,0.9668,0.0682,0.0002,-0.0178,0.0009,1.0,0.913
w10s-shp-cur-s62,w10s-shp-cur,62,14656512,0.89,1.317,0.0,1.0653,0.0684,0.0002,-0.0189,0.0009,1.0,0.913
w10s-shp-cur-s62,w10s-shp-cur,62,14687232,0.89,1.318,0.0,1.2003,0.0705,0.0002,-0.0187,0.0009,1.0,0.913
w10s-shp-cur-s62,w10s-shp-cur,62,14717952,0.85,1.285,0.0,1.1416,0.0717,0.0002,-0.0168,0.0008,1.0,0.913
w10s-shp-cur-s62,w10s-shp-cur,62,14748672,0.88,1.298,0.0,1.1317,0.0697,0.0002,-0.019,0.001,1.0,0.913
w10s-shp-cur-s62,w10s-shp-cur,62,14779392,0.93,1.325,0.0,0.8624,0.0684,0.0002,-0.0183,0.0009,1.0,0.913
w10s-shp-cur-s62,w10s-shp-cur,62,14810112,0.89,1.327,0.0,1.1752,0.0709,0.0002,-0.0182,0.0009,1.0,0.913
w10s-shp-cur-s62,w10s-shp-cur,62,14840832,0.86,1.314,0.0,1.0784,0.0735,0.0002,-0.0195,0.0009,1.0,0.913
w10s-shp-cur-s62,w10s-shp-cur,62,14871552,0.87,1.28,0.0,1.1596,0.0704,0.0002,-0.0186,0.0009,1.0,0.913
w10s-shp-cur-s62,w10s-shp-cur,62,14902272,0.91,1.342,0.0,1.1321,0.073,0.0002,-0.0169,0.0009,1.0,0.913
w10s-shp-cur-s62,w10s-shp-cur,62,14932992,0.88,1.281,0.0,1.0935,0.0693,0.0002,-0.018,0.0009,1.0,0.913
w10s-shp-cur-s62,w10s-shp-cur,62,14963712,0.83,1.277,0.0,1.1164,0.0683,0.0002,-0.0174,0.0009,1.0,0.913
w10s-shp-cur-s62,w10s-shp-cur,62,14994432,0.83,1.268,0.0,1.1456,0.0702,0.0002,-0.0199,0.0009,1.0,0.913
w10s-shp-cur-s62,w10s-shp-cur,62,14997504,0.86,1.285,0.0,1.0454,0.07,0.0002,-0.0172,0.0009,1.0,0.912
w10s-shp-cur-s63,w10s-shp-cur,63,3072,0.01,0.454,-1.0,,,,,,,
w10s-shp-cur-s63,w10s-shp-cur,63,33792,0.0,0.492,-1.0,-0.95,0.07,0.0002,-0.0184,0.0194,0.966,0.939
w10s-shp-cur-s63,w10s-shp-cur,63,64512,0.02,0.534,-1.0,-0.9769,0.0683,0.0002,-0.0183,0.0152,0.992,0.939
w10s-shp-cur-s63,w10s-shp-cur,63,95232,0.01,0.502,-1.0,-0.9058,0.0701,0.0002,-0.0177,0.0135,0.997,0.938
w10s-shp-cur-s63,w10s-shp-cur,63,125952,0.02,0.523,-1.0,-0.9336,0.0698,0.0002,-0.0183,0.0118,1.0,0.938
w10s-shp-cur-s63,w10s-shp-cur,63,156672,0.03,0.511,-1.0,-0.9268,0.0706,0.0002,-0.0177,0.01,1.0,0.941
w10s-shp-cur-s63,w10s-shp-cur,63,187392,0.03,0.553,-1.0,-0.8864,0.0712,0.0002,-0.0184,0.0086,1.0,0.944
w10s-shp-cur-s63,w10s-shp-cur,63,218112,0.02,0.554,-1.0,-0.9751,0.0722,0.0002,-0.0174,0.0088,1.0,0.946
w10s-shp-cur-s63,w10s-shp-cur,63,248832,0.03,0.576,-1.0,-0.9274,0.073,0.0002,-0.0176,0.0079,1.0,0.947
w10s-shp-cur-s63,w10s-shp-cur,63,279552,0.04,0.58,-1.0,-0.9281,0.0706,0.0002,-0.0172,0.0077,1.0,0.947
w10s-shp-cur-s63,w10s-shp-cur,63,310272,0.06,0.567,-1.0,-0.928,0.072,0.0002,-0.0187,0.0067,1.0,0.947
w10s-shp-cur-s63,w10s-shp-cur,63,340992,0.02,0.525,-1.0,-0.9099,0.0712,0.0002,-0.0203,0.0072,1.0,0.947
w10s-shp-cur-s63,w10s-shp-cur,63,371712,0.05,0.599,-1.0,-0.9305,0.0719,0.0002,-0.0193,0.0064,1.0,0.947
w10s-shp-cur-s63,w10s-shp-cur,63,402432,0.03,0.572,-1.0,-0.9507,0.0725,0.0002,-0.0192,0.0072,1.0,0.948
w10s-shp-cur-s63,w10s-shp-cur,63,433152,0.07,0.568,-1.0,-1.0,0.0698,0.0001,-0.0172,0.0061,1.0,0.949
w10s-shp-cur-s63,w10s-shp-cur,63,463872,0.03,0.533,-1.0,-0.9268,0.0711,0.0002,-0.0185,0.0063,1.0,0.949
w10s-shp-cur-s63,w10s-shp-cur,63,494592,0.07,0.6,-1.0,-0.9279,0.0717,0.0002,-0.0177,0.0059,1.0,0.95
w10s-shp-cur-s63,w10s-shp-cur,63,525312,0.05,0.6,-1.0,-0.8075,0.0743,0.0002,-0.0175,0.0054,1.0,0.95
w10s-shp-cur-s63,w10s-shp-cur,63,556032,0.03,0.571,-1.0,-0.8789,0.0691,0.0002,-0.0166,0.0051,1.0,0.95
w10s-shp-cur-s63,w10s-shp-cur,63,586752,0.05,0.617,-1.0,-0.8082,0.0715,0.0002,-0.0178,0.0053,1.0,0.95
w10s-shp-cur-s63,w10s-shp-cur,63,617472,0.02,0.575,-1.0,-0.7656,0.0725,0.0002,-0.019,0.0048,1.0,0.951
w10s-shp-cur-s63,w10s-shp-cur,63,648192,0.03,0.547,-1.0,-0.7655,0.0709,0.0002,-0.0187,0.0051,1.0,0.951
w10s-shp-cur-s63,w10s-shp-cur,63,678912,0.07,0.622,-1.0,-0.8327,0.0692,0.0002,-0.0175,0.0049,1.0,0.951
w10s-shp-cur-s63,w10s-shp-cur,63,709632,0.06,0.553,-1.0,-0.7832,0.069,0.0001,-0.0165,0.0043,1.0,0.951
w10s-shp-cur-s63,w10s-shp-cur,63,740352,0.06,0.625,-1.0,-0.859,0.0716,0.0002,-0.0189,0.005,1.0,0.951
w10s-shp-cur-s63,w10s-shp-cur,63,771072,0.09,0.639,-1.0,-0.7085,0.0701,0.0002,-0.0199,0.0044,1.0,0.951
w10s-shp-cur-s63,w10s-shp-cur,63,801792,0.1,0.648,-1.0,-0.8793,0.071,0.0002,-0.0165,0.0047,1.0,0.951
w10s-shp-cur-s63,w10s-shp-cur,63,832512,0.03,0.572,-1.0,-0.8605,0.0703,0.0002,-0.0176,0.0044,1.0,0.951
w10s-shp-cur-s63,w10s-shp-cur,63,863232,0.08,0.626,-1.0,-0.714,0.0699,0.0002,-0.0181,0.0042,1.0,0.952
w10s-shp-cur-s63,w10s-shp-cur,63,893952,0.04,0.627,-1.0,-0.8548,0.073,0.0002,-0.019,0.0044,1.0,0.952
w10s-shp-cur-s63,w10s-shp-cur,63,924672,0.06,0.589,-1.0,-0.951,0.0709,0.0002,-0.0185,0.0037,1.0,0.952
w10s-shp-cur-s63,w10s-shp-cur,63,955392,0.06,0.586,-1.0,-0.7808,0.0695,0.0002,-0.0182,0.0047,1.0,0.952
w10s-shp-cur-s63,w10s-shp-cur,63,986112,0.08,0.619,-1.0,-0.7583,0.0701,0.0002,-0.0174,0.0043,1.0,0.952
w10s-shp-cur-s63,w10s-shp-cur,63,1016832,0.06,0.604,-1.0,-0.8801,0.0693,0.0002,-0.018,0.0043,1.0,0.952
w10s-shp-cur-s63,w10s-shp-cur,63,1047552,0.07,0.612,-1.0,-0.881,0.0727,0.0002,-0.0193,0.0041,1.0,0.953
w10s-shp-cur-s63,w10s-shp-cur,63,1078272,0.11,0.623,-1.0,-0.8805,0.0722,0.0002,-0.019,0.0043,1.0,0.953
w10s-shp-cur-s63,w10s-shp-cur,63,1108992,0.09,0.637,-1.0,-0.8517,0.0729,0.0002,-0.0176,0.0038,1.0,0.953
w10s-shp-cur-s63,w10s-shp-cur,63,1139712,0.11,0.659,-1.0,-0.7776,0.072,0.0002,-0.0198,0.004,1.0,0.953
w10s-shp-cur-s63,w10s-shp-cur,63,1170432,0.09,0.634,-1.0,-0.7376,0.0699,0.0002,-0.0175,0.0035,1.0,0.954
w10s-shp-cur-s63,w10s-shp-cur,63,1201152,0.07,0.612,-1.0,-0.8573,0.0714,0.0002,-0.019,0.0037,1.0,0.954
w10s-shp-cur-s63,w10s-shp-cur,63,1231872,0.1,0.647,-1.0,-0.7693,0.0713,0.0002,-0.0171,0.004,1.0,0.954
w10s-shp-cur-s63,w10s-shp-cur,63,1262592,0.11,0.658,-1.0,-0.7084,0.0703,0.0002,-0.0182,0.0039,1.0,0.955
w10s-shp-cur-s63,w10s-shp-cur,63,1293312,0.05,0.592,-1.0,-0.7801,0.0719,0.0002,-0.0176,0.0036,1.0,0.955
w10s-shp-cur-s63,w10s-shp-cur,63,1324032,0.06,0.612,-1.0,-0.6246,0.0718,0.0002,-0.0172,0.0036,1.0,0.955
w10s-shp-cur-s63,w10s-shp-cur,63,1354752,0.06,0.606,-1.0,-0.746,0.069,0.0002,-0.0187,0.0036,1.0,0.955
w10s-shp-cur-s63,w10s-shp-cur,63,1385472,0.06,0.615,-1.0,-0.8045,0.0707,0.0002,-0.0179,0.0031,1.0,0.955
w10s-shp-cur-s63,w10s-shp-cur,63,1416192,0.12,0.64,-1.0,-0.831,0.0722,0.0002,-0.0191,0.0035,1.0,0.955
w10s-shp-cur-s63,w10s-shp-cur,63,1446912,0.09,0.64,-1.0,-0.8548,0.0697,0.0002,-0.0196,0.0037,1.0,0.955
w10s-shp-cur-s63,w10s-shp-cur,63,1477632,0.12,0.634,-1.0,-0.7822,0.0714,0.0002,-0.0181,0.0033,1.0,0.955
w10s-shp-cur-s63,w10s-shp-cur,63,1508352,0.08,0.611,-1.0,-0.7831,0.0702,0.0002,-0.0192,0.0033,1.0,0.955
w10s-shp-cur-s63,w10s-shp-cur,63,1539072,0.15,0.694,-1.0,-0.7077,0.0685,0.0002,-0.0185,0.0033,1.0,0.955
w10s-shp-cur-s63,w10s-shp-cur,63,1569792,0.06,0.632,-1.0,-0.7823,0.0732,0.0002,-0.0185,0.0032,1.0,0.955
w10s-shp-cur-s63,w10s-shp-cur,63,1600512,0.15,0.657,-1.0,-0.8759,0.0704,0.0002,-0.0174,0.0032,1.0,0.955
w10s-shp-cur-s63,w10s-shp-cur,63,1631232,0.13,0.701,-1.0,-0.6374,0.0691,0.0002,-0.0181,0.0032,1.0,0.955
w10s-shp-cur-s63,w10s-shp-cur,63,1661952,0.14,0.716,-1.0,-0.7569,0.0716,0.0002,-0.0166,0.0032,1.0,0.955
w10s-shp-cur-s63,w10s-shp-cur,63,1692672,0.09,0.619,-1.0,-0.6389,0.071,0.0002,-0.0186,0.0029,1.0,0.954
w10s-shp-cur-s63,w10s-shp-cur,63,1723392,0.1,0.638,-1.0,-0.7543,0.0725,0.0002,-0.0178,0.0032,1.0,0.954
w10s-shp-cur-s63,w10s-shp-cur,63,1754112,0.15,0.679,-1.0,-0.616,0.0695,0.0002,-0.0187,0.0029,1.0,0.954
w10s-shp-cur-s63,w10s-shp-cur,63,1784832,0.15,0.658,-1.0,-0.5947,0.0705,0.0002,-0.018,0.0028,1.0,0.954
w10s-shp-cur-s63,w10s-shp-cur,63,1815552,0.12,0.613,-1.0,-0.5769,0.0692,0.0002,-0.0201,0.0033,1.0,0.954
w10s-shp-cur-s63,w10s-shp-cur,63,1846272,0.1,0.652,-1.0,-0.5675,0.0687,0.0002,-0.0176,0.003,1.0,0.955
w10s-shp-cur-s63,w10s-shp-cur,63,1876992,0.17,0.662,-1.0,-0.6839,0.0692,0.0002,-0.0173,0.0032,1.0,0.955
w10s-shp-cur-s63,w10s-shp-cur,63,1907712,0.13,0.604,-1.0,-0.633,0.0706,0.0002,-0.0172,0.0029,1.0,0.955
w10s-shp-cur-s63,w10s-shp-cur,63,1938432,0.11,0.631,-1.0,-0.5284,0.0708,0.0001,-0.0162,0.0029,1.0,0.955
w10s-shp-cur-s63,w10s-shp-cur,63,1969152,0.1,0.633,-1.0,-0.7425,0.0737,0.0002,-0.0172,0.0031,1.0,0.955
w10s-shp-cur-s63,w10s-shp-cur,63,1999872,0.2,0.685,-1.0,-0.7137,0.0698,0.0001,-0.0169,0.0027,1.0,0.955
w10s-shp-cur-s63,w10s-shp-cur,63,2030592,0.15,0.652,-1.0,-0.7185,0.0708,0.0002,-0.0172,0.003,1.0,0.955
w10s-shp-cur-s63,w10s-shp-cur,63,2061312,0.11,0.694,-1.0,-0.633,0.0711,0.0002,-0.0182,0.0027,1.0,0.955
w10s-shp-cur-s63,w10s-shp-cur,63,2092032,0.17,0.693,-1.0,-0.4844,0.0713,0.0002,-0.0179,0.0029,1.0,0.955
w10s-shp-cur-s63,w10s-shp-cur,63,2122752,0.14,0.71,-1.0,-0.5165,0.0725,0.0002,-0.0182,0.0028,1.0,0.955
w10s-shp-cur-s63,w10s-shp-cur,63,2153472,0.15,0.718,-1.0,-0.5751,0.071,0.0001,-0.0172,0.0025,1.0,0.955
w10s-shp-cur-s63,w10s-shp-cur,63,2184192,0.25,0.783,-1.0,-0.5388,0.0686,0.0002,-0.0182,0.0028,1.0,0.955
w10s-shp-cur-s63,w10s-shp-cur,63,2214912,0.11,0.648,-1.0,-0.6165,0.0724,0.0002,-0.0178,0.0027,1.0,0.955
w10s-shp-cur-s63,w10s-shp-cur,63,2245632,0.15,0.689,-1.0,-0.6427,0.0704,0.0002,-0.0182,0.0029,1.0,0.955
w10s-shp-cur-s63,w10s-shp-cur,63,2276352,0.15,0.659,-1.0,-0.5888,0.0733,0.0002,-0.0193,0.0027,1.0,0.955
w10s-shp-cur-s63,w10s-shp-cur,63,2307072,0.19,0.724,-1.0,-0.6386,0.0685,0.0002,-0.0181,0.0029,1.0,0.955
w10s-shp-cur-s63,w10s-shp-cur,63,2337792,0.17,0.685,-1.0,-0.7332,0.0708,0.0002,-0.0186,0.0027,1.0,0.955
w10s-shp-cur-s63,w10s-shp-cur,63,2368512,0.13,0.668,-1.0,-0.8062,0.073,0.0002,-0.0196,0.0026,1.0,0.955
w10s-shp-cur-s63,w10s-shp-cur,63,2399232,0.21,0.69,-1.0,-0.6483,0.0717,0.0002,-0.0189,0.0025,1.0,0.955
w10s-shp-cur-s63,w10s-shp-cur,63,2429952,0.12,0.698,-1.0,-0.5162,0.0672,0.0001,-0.0169,0.0025,1.0,0.955
w10s-shp-cur-s63,w10s-shp-cur,63,2460672,0.13,0.673,-1.0,-0.6033,0.072,0.0002,-0.0174,0.0026,1.0,0.955
w10s-shp-cur-s63,w10s-shp-cur,63,2491392,0.2,0.716,-1.0,-0.6102,0.0715,0.0002,-0.0154,0.0028,1.0,0.955
w10s-shp-cur-s63,w10s-shp-cur,63,2522112,0.17,0.682,-1.0,-0.4471,0.0709,0.0002,-0.0181,0.0026,1.0,0.955
w10s-shp-cur-s63,w10s-shp-cur,63,2552832,0.16,0.682,-1.0,-0.6193,0.0718,0.0001,-0.019,0.0024,1.0,0.955
w10s-shp-cur-s63,w10s-shp-cur,63,2583552,0.12,0.648,-1.0,-0.402,0.0673,0.0001,-0.0173,0.0027,1.0,0.955
w10s-shp-cur-s63,w10s-shp-cur,63,2614272,0.2,0.757,-1.0,-0.4219,0.0706,0.0001,-0.0182,0.0024,1.0,0.955
w10s-shp-cur-s63,w10s-shp-cur,63,2644992,0.15,0.69,-1.0,-0.4183,0.0734,0.0002,-0.0168,0.0023,1.0,0.955
w10s-shp-cur-s63,w10s-shp-cur,63,2675712,0.22,0.762,-1.0,-0.5003,0.0681,0.0001,-0.0185,0.0024,1.0,0.955
w10s-shp-cur-s63,w10s-shp-cur,63,2706432,0.23,0.763,-1.0,-0.3853,0.0709,0.0002,-0.0179,0.0022,1.0,0.955
w10s-shp-cur-s63,w10s-shp-cur,63,2737152,0.17,0.67,-1.0,-0.5613,0.0665,0.0002,-0.0195,0.0023,1.0,0.955
w10s-shp-cur-s63,w10s-shp-cur,63,2767872,0.2,0.75,-1.0,-0.5969,0.0771,0.0002,-0.0186,0.0023,1.0,0.955
w10s-shp-cur-s63,w10s-shp-cur,63,2798592,0.17,0.71,-1.0,-0.407,0.068,0.0002,-0.0176,0.0023,1.0,0.955
w10s-shp-cur-s63,w10s-shp-cur,63,2829312,0.25,0.769,-1.0,-0.438,0.0727,0.0001,-0.0175,0.0022,1.0,0.954
w10s-shp-cur-s63,w10s-shp-cur,63,2860032,0.18,0.714,-1.0,-0.334,0.0705,0.0002,-0.0179,0.0024,1.0,0.954
w10s-shp-cur-s63,w10s-shp-cur,63,2890752,0.24,0.763,-1.0,-0.3312,0.0725,0.0001,-0.0177,0.0023,1.0,0.954
w10s-shp-cur-s63,w10s-shp-cur,63,2921472,0.22,0.721,-1.0,-0.512,0.0709,0.0002,-0.0195,0.0023,1.0,0.954
w10s-shp-cur-s63,w10s-shp-cur,63,2952192,0.22,0.719,-1.0,-0.5751,0.0703,0.0002,-0.0187,0.0024,1.0,0.954
w10s-shp-cur-s63,w10s-shp-cur,63,2982912,0.2,0.769,-1.0,-0.4122,0.0707,0.0001,-0.0184,0.0023,1.0,0.954
w10s-shp-cur-s63,w10s-shp-cur,63,3013632,0.29,0.828,-1.0,-0.3026,0.0722,0.0002,-0.0181,0.0022,1.0,0.954
w10s-shp-cur-s63,w10s-shp-cur,63,3044352,0.23,0.737,-1.0,-0.4277,0.0705,0.0001,-0.0175,0.0023,1.0,0.954
w10s-shp-cur-s63,w10s-shp-cur,63,3075072,0.26,0.767,-1.0,-0.4004,0.0715,0.0002,-0.0192,0.0023,1.0,0.954
w10s-shp-cur-s63,w10s-shp-cur,63,3105792,0.33,0.8,-1.0,-0.4253,0.0694,0.0002,-0.0181,0.0022,1.0,0.954
w10s-shp-cur-s63,w10s-shp-cur,63,3136512,0.31,0.808,-1.0,-0.2491,0.0698,0.0002,-0.0185,0.0022,1.0,0.954
w10s-shp-cur-s63,w10s-shp-cur,63,3167232,0.29,0.781,-1.0,-0.323,0.0689,0.0002,-0.0168,0.0021,1.0,0.954
w10s-shp-cur-s63,w10s-shp-cur,63,3197952,0.35,0.867,-1.0,-0.3084,0.0688,0.0001,-0.0183,0.0023,1.0,0.954
w10s-shp-cur-s63,w10s-shp-cur,63,3228672,0.26,0.778,-1.0,-0.3879,0.0699,0.0001,-0.0182,0.0023,1.0,0.954
w10s-shp-cur-s63,w10s-shp-cur,63,3259392,0.29,0.766,-1.0,0.0044,0.0718,0.0001,-0.0188,0.0023,1.0,0.954
w10s-shp-cur-s63,w10s-shp-cur,63,3290112,0.31,0.848,-1.0,-0.166,0.07,0.0001,-0.0184,0.0022,1.0,0.954
w10s-shp-cur-s63,w10s-shp-cur,63,3320832,0.27,0.785,-1.0,-0.2423,0.072,0.0001,-0.0179,0.002,1.0,0.954
w10s-shp-cur-s63,w10s-shp-cur,63,3351552,0.37,0.861,-1.0,-0.3616,0.0706,0.0001,-0.0185,0.0023,1.0,0.954
w10s-shp-cur-s63,w10s-shp-cur,63,3382272,0.31,0.811,-1.0,-0.294,0.0732,0.0002,-0.0192,0.0021,1.0,0.954
w10s-shp-cur-s63,w10s-shp-cur,63,3412992,0.39,0.881,-1.0,-0.2266,0.0686,0.0001,-0.0183,0.0021,1.0,0.954
w10s-shp-cur-s63,w10s-shp-cur,63,3443712,0.3,0.799,-1.0,0.0174,0.0694,0.0002,-0.0201,0.0021,1.0,0.954
w10s-shp-cur-s63,w10s-shp-cur,63,3474432,0.33,0.834,-1.0,-0.1736,0.0713,0.0002,-0.02,0.002,1.0,0.954
w10s-shp-cur-s63,w10s-shp-cur,63,3505152,0.38,0.891,-1.0,-0.1797,0.0682,0.0001,-0.0177,0.0019,1.0,0.953
w10s-shp-cur-s63,w10s-shp-cur,63,3535872,0.35,0.844,-1.0,-0.0739,0.0698,0.0001,-0.0183,0.002,1.0,0.953
w10s-shp-cur-s63,w10s-shp-cur,63,3566592,0.5,0.962,-1.0,-0.0604,0.0737,0.0002,-0.0196,0.002,1.0,0.953
w10s-shp-cur-s63,w10s-shp-cur,63,3597312,0.28,0.773,-1.0,-0.1653,0.071,0.0001,-0.0186,0.0019,1.0,0.953
w10s-shp-cur-s63,w10s-shp-cur,63,3628032,0.34,0.844,-1.0,-0.2825,0.0751,0.0002,-0.0189,0.002,1.0,0.953
w10s-shp-cur-s63,w10s-shp-cur,63,3658752,0.33,0.826,-1.0,0.1825,0.0717,0.0002,-0.0189,0.0021,1.0,0.953
w10s-shp-cur-s63,w10s-shp-cur,63,3689472,0.43,0.868,-1.0,-0.1483,0.0678,0.0001,-0.0179,0.0019,1.0,0.953
w10s-shp-cur-s63,w10s-shp-cur,63,3720192,0.38,0.863,-1.0,-0.0285,0.07,0.0002,-0.0186,0.002,1.0,0.953
w10s-shp-cur-s63,w10s-shp-cur,63,3750912,0.37,0.836,-1.0,-0.0369,0.0733,0.0001,-0.0174,0.0021,1.0,0.953
w10s-shp-cur-s63,w10s-shp-cur,63,3781632,0.35,0.861,-1.0,-0.1579,0.0713,0.0002,-0.0184,0.002,1.0,0.953
w10s-shp-cur-s63,w10s-shp-cur,63,3812352,0.32,0.808,-1.0,0.0062,0.0719,0.0002,-0.0197,0.002,1.0,0.953
w10s-shp-cur-s63,w10s-shp-cur,63,3843072,0.42,0.92,-1.0,-0.1653,0.0713,0.0002,-0.0184,0.002,1.0,0.953
w10s-shp-cur-s63,w10s-shp-cur,63,3873792,0.39,0.899,-1.0,0.0373,0.0668,0.0002,-0.0189,0.002,1.0,0.953
w10s-shp-cur-s63,w10s-shp-cur,63,3904512,0.4,0.919,-1.0,0.015,0.0668,0.0001,-0.0165,0.002,1.0,0.953
w10s-shp-cur-s63,w10s-shp-cur,63,3935232,0.43,0.94,-1.0,0.0935,0.0707,0.0001,-0.017,0.0019,1.0,0.953
w10s-shp-cur-s63,w10s-shp-cur,63,3965952,0.38,0.871,-1.0,0.0778,0.0676,0.0001,-0.0174,0.0019,1.0,0.953
w10s-shp-cur-s63,w10s-shp-cur,63,3996672,0.47,0.922,-1.0,0.1113,0.0681,0.0001,-0.0178,0.0019,1.0,0.952
w10s-shp-cur-s63,w10s-shp-cur,63,4027392,0.39,0.846,-1.0,-0.2237,0.0708,0.0001,-0.0184,0.0017,1.0,0.952
w10s-shp-cur-s63,w10s-shp-cur,63,4058112,0.5,1.008,-1.0,0.0876,0.0682,0.0001,-0.0186,0.0018,1.0,0.952
w10s-shp-cur-s63,w10s-shp-cur,63,4088832,0.46,0.928,-1.0,0.1219,0.0697,0.0001,-0.0191,0.0016,1.0,0.952
w10s-shp-cur-s63,w10s-shp-cur,63,4119552,0.42,0.916,-1.0,0.0661,0.0701,0.0001,-0.0171,0.0019,1.0,0.952
w10s-shp-cur-s63,w10s-shp-cur,63,4150272,0.42,0.907,-1.0,-0.0238,0.0702,0.0001,-0.0185,0.0019,1.0,0.952
w10s-shp-cur-s63,w10s-shp-cur,63,4180992,0.45,0.941,-1.0,0.1514,0.0673,0.0001,-0.0174,0.0016,1.0,0.952
w10s-shp-cur-s63,w10s-shp-cur,63,4211712,0.45,0.93,-1.0,0.1144,0.0699,0.0001,-0.0173,0.0019,1.0,0.952
w10s-shp-cur-s63,w10s-shp-cur,63,4242432,0.46,0.924,-1.0,-0.022,0.0719,0.0001,-0.0191,0.0019,1.0,0.952
w10s-shp-cur-s63,w10s-shp-cur,63,4273152,0.54,1.04,-1.0,0.1217,0.0685,0.0001,-0.0189,0.0018,1.0,0.951
w10s-shp-cur-s63,w10s-shp-cur,63,4303872,0.51,0.986,-1.0,0.2597,0.069,0.0001,-0.0172,0.0016,1.0,0.951
w10s-shp-cur-s63,w10s-shp-cur,63,4334592,0.52,0.977,-1.0,0.132,0.0698,0.0001,-0.019,0.0017,1.0,0.951
w10s-shp-cur-s63,w10s-shp-cur,63,4365312,0.55,1.037,-1.0,0.2975,0.0688,0.0001,-0.0205,0.0019,1.0,0.951
w10s-shp-cur-s63,w10s-shp-cur,63,4396032,0.53,0.994,-1.0,0.2058,0.0689,0.0001,-0.018,0.0018,1.0,0.951
w10s-shp-cur-s63,w10s-shp-cur,63,4426752,0.47,0.999,-1.0,0.1951,0.0723,0.0001,-0.0176,0.0018,1.0,0.951
w10s-shp-cur-s63,w10s-shp-cur,63,4457472,0.46,0.967,-1.0,0.0461,0.0729,0.0001,-0.0181,0.0018,1.0,0.951
w10s-shp-cur-s63,w10s-shp-cur,63,4488192,0.5,0.958,-1.0,0.2355,0.0667,0.0001,-0.0185,0.0019,1.0,0.951
w10s-shp-cur-s63,w10s-shp-cur,63,4518912,0.44,0.909,-1.0,0.177,0.0682,0.0001,-0.0187,0.0016,1.0,0.95
w10s-shp-cur-s63,w10s-shp-cur,63,4549632,0.49,0.987,-0.988,0.1888,0.0726,0.0001,-0.0179,0.0019,1.0,0.95
w10s-shp-cur-s63,w10s-shp-cur,63,4580352,0.48,0.966,-0.988,0.1996,0.0715,0.0001,-0.0184,0.0019,1.0,0.95
w10s-shp-cur-s63,w10s-shp-cur,63,4611072,0.52,1.065,-0.974,0.1836,0.0692,0.0001,-0.019,0.0019,1.0,0.95
w10s-shp-cur-s63,w10s-shp-cur,63,4641792,0.58,1.051,-0.987,0.4154,0.0686,0.0001,-0.0182,0.0018,1.0,0.95
w10s-shp-cur-s63,w10s-shp-cur,63,4672512,0.5,1.006,-0.976,0.2396,0.0706,0.0002,-0.0184,0.0017,1.0,0.95
w10s-shp-cur-s63,w10s-shp-cur,63,4703232,0.5,1.003,-0.976,0.3623,0.069,0.0001,-0.0166,0.0018,1.0,0.949
w10s-shp-cur-s63,w10s-shp-cur,63,4733952,0.58,1.056,-0.965,0.1761,0.0746,0.0002,-0.0189,0.0017,1.0,0.949
w10s-shp-cur-s63,w10s-shp-cur,63,4764672,0.44,0.93,-0.954,0.2672,0.0707,0.0002,-0.0184,0.0018,1.0,0.949
w10s-shp-cur-s63,w10s-shp-cur,63,4795392,0.45,0.98,-0.913,0.1612,0.0713,0.0001,-0.0185,0.0018,1.0,0.949
w10s-shp-cur-s63,w10s-shp-cur,63,4826112,0.46,0.965,-0.913,0.2664,0.0734,0.0002,-0.0195,0.0017,1.0,0.949
w10s-shp-cur-s63,w10s-shp-cur,63,4856832,0.55,1.042,-0.913,0.4004,0.0682,0.0001,-0.0193,0.0016,1.0,0.949
w10s-shp-cur-s63,w10s-shp-cur,63,4887552,0.5,0.993,-0.888,0.3036,0.0709,0.0001,-0.0192,0.0017,1.0,0.949
w10s-shp-cur-s63,w10s-shp-cur,63,4918272,0.61,1.08,-0.888,0.3375,0.0694,0.0001,-0.0174,0.0017,1.0,0.948
w10s-shp-cur-s63,w10s-shp-cur,63,4948992,0.57,1.084,-0.847,0.2661,0.0726,0.0001,-0.0181,0.0017,1.0,0.948
w10s-shp-cur-s63,w10s-shp-cur,63,4979712,0.56,1.036,-0.824,0.3369,0.0709,0.0001,-0.0192,0.0017,1.0,0.948
w10s-shp-cur-s63,w10s-shp-cur,63,5010432,0.65,1.094,-0.811,0.2656,0.0693,0.0001,-0.0174,0.0016,1.0,0.948
w10s-shp-cur-s63,w10s-shp-cur,63,5041152,0.56,1.061,-0.796,0.3115,0.0698,0.0001,-0.0181,0.0015,1.0,0.948
w10s-shp-cur-s63,w10s-shp-cur,63,5071872,0.53,1.005,-0.772,0.5299,0.0656,0.0001,-0.0181,0.0016,1.0,0.948
w10s-shp-cur-s63,w10s-shp-cur,63,5102592,0.59,1.095,-0.744,0.4002,0.0703,0.0001,-0.0169,0.0015,1.0,0.948
w10s-shp-cur-s63,w10s-shp-cur,63,5133312,0.57,1.036,-0.72,0.2784,0.0686,0.0002,-0.0185,0.0016,1.0,0.947
w10s-shp-cur-s63,w10s-shp-cur,63,5164032,0.55,1.066,-0.684,0.4652,0.0711,0.0002,-0.0176,0.0015,1.0,0.947
w10s-shp-cur-s63,w10s-shp-cur,63,5194752,0.52,0.99,-0.667,0.3634,0.0712,0.0001,-0.0182,0.0014,1.0,0.947
w10s-shp-cur-s63,w10s-shp-cur,63,5225472,0.47,0.955,-0.656,0.4682,0.0711,0.0002,-0.0191,0.0016,1.0,0.947
w10s-shp-cur-s63,w10s-shp-cur,63,5256192,0.54,1.022,-0.63,0.5703,0.0752,0.0002,-0.0195,0.0015,1.0,0.947
w10s-shp-cur-s63,w10s-shp-cur,63,5286912,0.49,0.984,-0.604,0.1473,0.0689,0.0002,-0.019,0.0015,1.0,0.947
w10s-shp-cur-s63,w10s-shp-cur,63,5317632,0.54,0.992,-0.604,0.4457,0.0713,0.0002,-0.019,0.0016,1.0,0.947
w10s-shp-cur-s63,w10s-shp-cur,63,5348352,0.62,1.071,-0.604,0.3202,0.0708,0.0001,-0.0183,0.0013,1.0,0.946
w10s-shp-cur-s63,w10s-shp-cur,63,5379072,0.54,1.05,-0.58,0.3793,0.0725,0.0002,-0.0184,0.0014,1.0,0.946
w10s-shp-cur-s63,w10s-shp-cur,63,5409792,0.59,1.06,-0.536,0.4177,0.0674,0.0002,-0.0176,0.0014,1.0,0.946
w10s-shp-cur-s63,w10s-shp-cur,63,5440512,0.64,1.124,-0.536,0.4236,0.0698,0.0002,-0.0177,0.0015,1.0,0.946
w10s-shp-cur-s63,w10s-shp-cur,63,5471232,0.48,0.952,-0.508,0.3421,0.0692,0.0002,-0.0169,0.0014,1.0,0.946
w10s-shp-cur-s63,w10s-shp-cur,63,5501952,0.55,1.009,-0.493,0.3732,0.069,0.0002,-0.0185,0.0014,1.0,0.946
w10s-shp-cur-s63,w10s-shp-cur,63,5532672,0.61,1.07,-0.453,0.2873,0.0755,0.0002,-0.0196,0.0014,1.0,0.945
w10s-shp-cur-s63,w10s-shp-cur,63,5563392,0.51,0.983,-0.419,0.2623,0.0717,0.0002,-0.0163,0.0014,1.0,0.945
w10s-shp-cur-s63,w10s-shp-cur,63,5594112,0.64,1.092,-0.395,0.3006,0.0698,0.0001,-0.0175,0.0013,1.0,0.945
w10s-shp-cur-s63,w10s-shp-cur,63,5624832,0.61,1.079,-0.352,0.3584,0.0717,0.0002,-0.0178,0.0014,1.0,0.945
w10s-shp-cur-s63,w10s-shp-cur,63,5655552,0.59,1.067,-0.319,0.1788,0.0695,0.0002,-0.0167,0.0013,1.0,0.945
w10s-shp-cur-s63,w10s-shp-cur,63,5686272,0.54,1.048,-0.295,0.0544,0.0699,0.0002,-0.0179,0.0015,1.0,0.945
w10s-shp-cur-s63,w10s-shp-cur,63,5716992,0.51,0.972,-0.271,0.3356,0.0695,0.0002,-0.0186,0.0014,1.0,0.945
w10s-shp-cur-s63,w10s-shp-cur,63,5747712,0.56,1.031,-0.259,0.294,0.0692,0.0002,-0.0201,0.0013,1.0,0.944
w10s-shp-cur-s63,w10s-shp-cur,63,5778432,0.56,1.018,-0.246,0.0832,0.067,0.0002,-0.0189,0.0012,1.0,0.944
w10s-shp-cur-s63,w10s-shp-cur,63,5809152,0.53,0.991,-0.246,0.3305,0.0702,0.0002,-0.0171,0.0012,1.0,0.944
w10s-shp-cur-s63,w10s-shp-cur,63,5839872,0.58,1.04,-0.246,0.1871,0.0688,0.0002,-0.0189,0.0012,1.0,0.944
w10s-shp-cur-s63,w10s-shp-cur,63,5870592,0.53,1.008,-0.2,0.6192,0.071,0.0002,-0.0181,0.0014,1.0,0.944
w10s-shp-cur-s63,w10s-shp-cur,63,5901312,0.57,1.056,-0.163,0.3682,0.0692,0.0002,-0.017,0.0013,1.0,0.944
w10s-shp-cur-s63,w10s-shp-cur,63,5932032,0.5,0.963,-0.163,0.2894,0.0708,0.0002,-0.0186,0.0013,1.0,0.943
w10s-shp-cur-s63,w10s-shp-cur,63,5962752,0.37,0.909,-0.15,0.2399,0.0726,0.0002,-0.0201,0.0013,1.0,0.943
w10s-shp-cur-s63,w10s-shp-cur,63,5993472,0.51,0.944,-0.151,0.097,0.0699,0.0002,-0.0184,0.0013,1.0,0.943
w10s-shp-cur-s63,w10s-shp-cur,63,6024192,0.62,1.049,-0.128,0.3856,0.0677,0.0001,-0.0187,0.0012,1.0,0.943
w10s-shp-cur-s63,w10s-shp-cur,63,6054912,0.49,0.988,-0.082,0.386,0.0679,0.0002,-0.0161,0.0013,1.0,0.943
w10s-shp-cur-s63,w10s-shp-cur,63,6085632,0.55,0.992,-0.071,0.2916,0.0683,0.0002,-0.0173,0.0012,1.0,0.942
w10s-shp-cur-s63,w10s-shp-cur,63,6116352,0.54,1.007,-0.048,0.4186,0.0705,0.0002,-0.0179,0.0013,1.0,0.942
w10s-shp-cur-s63,w10s-shp-cur,63,6147072,0.55,0.998,-0.023,0.4331,0.0699,0.0002,-0.0173,0.0012,1.0,0.942
w10s-shp-cur-s63,w10s-shp-cur,63,6177792,0.65,1.089,-0.023,0.2449,0.0686,0.0002,-0.0176,0.0012,1.0,0.942
w10s-shp-cur-s63,w10s-shp-cur,63,6208512,0.59,1.02,0.0,0.3651,0.0686,0.0002,-0.0176,0.0011,1.0,0.942
w10s-shp-cur-s63,w10s-shp-cur,63,6239232,0.46,0.953,0.0,0.198,0.0699,0.0002,-0.0186,0.0012,1.0,0.942
w10s-shp-cur-s63,w10s-shp-cur,63,6269952,0.59,1.013,0.0,0.2923,0.0699,0.0002,-0.0177,0.0012,1.0,0.942
w10s-shp-cur-s63,w10s-shp-cur,63,6300672,0.59,1.042,0.0,0.3567,0.0662,0.0002,-0.0182,0.0012,1.0,0.941
w10s-shp-cur-s63,w10s-shp-cur,63,6331392,0.61,1.069,0.0,0.4424,0.0686,0.0002,-0.0184,0.0012,1.0,0.941
w10s-shp-cur-s63,w10s-shp-cur,63,6362112,0.62,1.076,0.0,0.3315,0.0673,0.0002,-0.0184,0.0012,1.0,0.941
w10s-shp-cur-s63,w10s-shp-cur,63,6392832,0.66,1.089,0.0,0.346,0.0689,0.0002,-0.0189,0.0012,1.0,0.941
w10s-shp-cur-s63,w10s-shp-cur,63,6423552,0.72,1.135,0.0,0.381,0.0687,0.0001,-0.0161,0.001,1.0,0.941
w10s-shp-cur-s63,w10s-shp-cur,63,6454272,0.55,0.984,0.0,0.3417,0.0735,0.0002,-0.0172,0.0013,1.0,0.941
w10s-shp-cur-s63,w10s-shp-cur,63,6484992,0.56,0.993,0.0,0.4505,0.0703,0.0002,-0.0178,0.0012,1.0,0.94
w10s-shp-cur-s63,w10s-shp-cur,63,6515712,0.62,1.052,0.0,0.4479,0.0727,0.0002,-0.0168,0.0013,1.0,0.94
w10s-shp-cur-s63,w10s-shp-cur,63,6546432,0.61,1.026,0.0,0.1038,0.0681,0.0002,-0.0171,0.0011,1.0,0.94
w10s-shp-cur-s63,w10s-shp-cur,63,6577152,0.6,1.039,0.0,0.522,0.068,0.0002,-0.018,0.0012,1.0,0.94
w10s-shp-cur-s63,w10s-shp-cur,63,6607872,0.54,0.969,0.0,0.247,0.0657,0.0002,-0.0188,0.0011,1.0,0.94
w10s-shp-cur-s63,w10s-shp-cur,63,6638592,0.64,1.084,0.0,0.4516,0.0695,0.0002,-0.0179,0.0012,1.0,0.94
w10s-shp-cur-s63,w10s-shp-cur,63,6669312,0.63,1.065,0.0,0.4385,0.0693,0.0002,-0.018,0.0012,1.0,0.94
w10s-shp-cur-s63,w10s-shp-cur,63,6700032,0.53,1.001,0.0,0.5619,0.069,0.0002,-0.0183,0.0012,1.0,0.939
w10s-shp-cur-s63,w10s-shp-cur,63,6730752,0.69,1.126,0.0,0.394,0.0719,0.0002,-0.0167,0.0013,1.0,0.939
w10s-shp-cur-s63,w10s-shp-cur,63,6761472,0.63,1.102,0.0,0.3855,0.0713,0.0002,-0.0173,0.0013,1.0,0.939
w10s-shp-cur-s63,w10s-shp-cur,63,6792192,0.59,1.021,0.0,0.3975,0.0688,0.0002,-0.0164,0.0011,1.0,0.939
w10s-shp-cur-s63,w10s-shp-cur,63,6822912,0.63,1.066,0.0,0.3676,0.0703,0.0002,-0.0173,0.0013,1.0,0.939
w10s-shp-cur-s63,w10s-shp-cur,63,6853632,0.6,1.03,0.0,0.4214,0.0721,0.0002,-0.0166,0.0012,1.0,0.939
w10s-shp-cur-s63,w10s-shp-cur,63,6884352,0.62,1.033,0.0,0.3435,0.0693,0.0002,-0.0178,0.0011,1.0,0.939
w10s-shp-cur-s63,w10s-shp-cur,63,6915072,0.66,1.101,0.0,0.3961,0.0699,0.0002,-0.0189,0.0011,1.0,0.939
w10s-shp-cur-s63,w10s-shp-cur,63,6945792,0.6,1.028,0.0,0.5446,0.0709,0.0002,-0.0171,0.0012,1.0,0.938
w10s-shp-cur-s63,w10s-shp-cur,63,6976512,0.67,1.064,0.0,0.4147,0.0716,0.0002,-0.0189,0.0012,1.0,0.938
w10s-shp-cur-s63,w10s-shp-cur,63,7007232,0.62,1.072,0.0,0.6487,0.0693,0.0002,-0.0185,0.0012,1.0,0.938
w10s-shp-cur-s63,w10s-shp-cur,63,7037952,0.64,1.072,0.0,0.376,0.0696,0.0002,-0.0181,0.0012,1.0,0.938
w10s-shp-cur-s63,w10s-shp-cur,63,7068672,0.7,1.125,0.0,0.6121,0.0714,0.0002,-0.0186,0.0013,1.0,0.938
w10s-shp-cur-s63,w10s-shp-cur,63,7099392,0.6,1.069,0.0,0.6921,0.0703,0.0002,-0.0173,0.0013,1.0,0.938
w10s-shp-cur-s63,w10s-shp-cur,63,7130112,0.63,1.039,0.0,0.5649,0.0686,0.0002,-0.0187,0.0011,1.0,0.938
w10s-shp-cur-s63,w10s-shp-cur,63,7160832,0.65,1.083,0.0,0.7755,0.0709,0.0002,-0.0166,0.0012,1.0,0.937
w10s-shp-cur-s63,w10s-shp-cur,63,7191552,0.61,1.085,0.0,0.7642,0.069,0.0002,-0.0179,0.0011,1.0,0.937
w10s-shp-cur-s63,w10s-shp-cur,63,7222272,0.67,1.101,0.0,0.3132,0.0693,0.0002,-0.0173,0.0012,1.0,0.937
w10s-shp-cur-s63,w10s-shp-cur,63,7252992,0.62,1.065,0.0,0.5501,0.0698,0.0002,-0.0179,0.0011,1.0,0.937
w10s-shp-cur-s63,w10s-shp-cur,63,7283712,0.72,1.143,0.0,0.5995,0.0695,0.0002,-0.0167,0.0012,1.0,0.937
w10s-shp-cur-s63,w10s-shp-cur,63,7314432,0.71,1.138,0.0,0.562,0.0687,0.0002,-0.0181,0.0012,1.0,0.937
w10s-shp-cur-s63,w10s-shp-cur,63,7345152,0.63,1.058,0.0,0.7012,0.0648,0.0002,-0.0183,0.0012,1.0,0.937
w10s-shp-cur-s63,w10s-shp-cur,63,7375872,0.64,1.089,0.0,0.5354,0.0703,0.0002,-0.0169,0.0012,1.0,0.936
w10s-shp-cur-s63,w10s-shp-cur,63,7406592,0.63,1.061,0.0,0.4088,0.0694,0.0002,-0.0182,0.0011,1.0,0.936
w10s-shp-cur-s63,w10s-shp-cur,63,7437312,0.64,1.057,0.0,0.8645,0.071,0.0002,-0.018,0.0012,1.0,0.936
w10s-shp-cur-s63,w10s-shp-cur,63,7468032,0.69,1.089,0.0,0.6451,0.0722,0.0002,-0.019,0.0011,1.0,0.936
w10s-shp-cur-s63,w10s-shp-cur,63,7498752,0.72,1.12,0.0,0.6332,0.0709,0.0002,-0.0184,0.0011,1.0,0.936
w10s-shp-cur-s63,w10s-shp-cur,63,7529472,0.7,1.113,0.0,0.5829,0.0694,0.0002,-0.0174,0.0011,1.0,0.936
w10s-shp-cur-s63,w10s-shp-cur,63,7560192,0.67,1.083,0.0,0.4322,0.068,0.0002,-0.0175,0.001,1.0,0.936
w10s-shp-cur-s63,w10s-shp-cur,63,7590912,0.72,1.142,0.0,0.8153,0.0701,0.0002,-0.0178,0.0011,1.0,0.935
w10s-shp-cur-s63,w10s-shp-cur,63,7621632,0.65,1.106,0.0,0.6375,0.071,0.0002,-0.0175,0.0011,1.0,0.935
w10s-shp-cur-s63,w10s-shp-cur,63,7652352,0.7,1.124,0.0,0.7133,0.0709,0.0002,-0.0179,0.0012,1.0,0.935
w10s-shp-cur-s63,w10s-shp-cur,63,7683072,0.72,1.138,0.0,0.7195,0.0683,0.0002,-0.0179,0.0011,1.0,0.935
w10s-shp-cur-s63,w10s-shp-cur,63,7713792,0.67,1.107,0.0,0.7312,0.0711,0.0002,-0.0176,0.0012,1.0,0.935
w10s-shp-cur-s63,w10s-shp-cur,63,7744512,0.75,1.155,0.0,0.4688,0.0709,0.0002,-0.0178,0.0012,1.0,0.935
w10s-shp-cur-s63,w10s-shp-cur,63,7775232,0.73,1.145,0.0,0.4814,0.0665,0.0002,-0.0191,0.0011,1.0,0.935
w10s-shp-cur-s63,w10s-shp-cur,63,7805952,0.7,1.102,0.0,0.7064,0.07,0.0002,-0.0173,0.0011,1.0,0.934
w10s-shp-cur-s63,w10s-shp-cur,63,7836672,0.64,1.116,0.0,0.7113,0.0686,0.0002,-0.0167,0.0011,1.0,0.934
w10s-shp-cur-s63,w10s-shp-cur,63,7867392,0.73,1.129,0.0,0.7446,0.0688,0.0002,-0.0182,0.0011,1.0,0.934
w10s-shp-cur-s63,w10s-shp-cur,63,7898112,0.67,1.082,0.0,0.6561,0.0694,0.0002,-0.0176,0.0011,1.0,0.934
w10s-shp-cur-s63,w10s-shp-cur,63,7928832,0.68,1.106,0.0,0.6332,0.0643,0.0002,-0.0178,0.0011,1.0,0.934
w10s-shp-cur-s63,w10s-shp-cur,63,7959552,0.66,1.078,0.0,0.7736,0.0656,0.0002,-0.0162,0.0011,1.0,0.934
w10s-shp-cur-s63,w10s-shp-cur,63,7990272,0.68,1.111,0.0,0.7799,0.0684,0.0002,-0.0167,0.001,1.0,0.934
w10s-shp-cur-s63,w10s-shp-cur,63,8020992,0.73,1.16,0.0,0.4043,0.0682,0.0002,-0.0167,0.001,1.0,0.934
w10s-shp-cur-s63,w10s-shp-cur,63,8051712,0.73,1.126,0.0,0.6984,0.0683,0.0002,-0.019,0.0011,1.0,0.933
w10s-shp-cur-s63,w10s-shp-cur,63,8082432,0.71,1.134,0.0,0.4742,0.0717,0.0002,-0.0179,0.0011,1.0,0.933
w10s-shp-cur-s63,w10s-shp-cur,63,8113152,0.76,1.162,0.0,0.6347,0.0689,0.0002,-0.0192,0.0011,1.0,0.933
w10s-shp-cur-s63,w10s-shp-cur,63,8143872,0.75,1.15,0.0,0.6905,0.0673,0.0002,-0.0165,0.0011,1.0,0.933
w10s-shp-cur-s63,w10s-shp-cur,63,8174592,0.69,1.115,0.0,0.7024,0.067,0.0002,-0.0174,0.0011,1.0,0.933
w10s-shp-cur-s63,w10s-shp-cur,63,8205312,0.73,1.141,0.0,0.7306,0.0702,0.0002,-0.0175,0.0011,1.0,0.933
w10s-shp-cur-s63,w10s-shp-cur,63,8236032,0.7,1.133,0.0,0.6654,0.0696,0.0002,-0.0179,0.0011,1.0,0.933
w10s-shp-cur-s63,w10s-shp-cur,63,8266752,0.65,1.037,0.0,0.5918,0.0711,0.0002,-0.0159,0.001,1.0,0.932
w10s-shp-cur-s63,w10s-shp-cur,63,8297472,0.71,1.14,0.0,0.7446,0.069,0.0002,-0.0193,0.001,1.0,0.932
w10s-shp-cur-s63,w10s-shp-cur,63,8328192,0.74,1.117,0.0,0.7555,0.0695,0.0002,-0.0176,0.0011,1.0,0.932
w10s-shp-cur-s63,w10s-shp-cur,63,8358912,0.69,1.075,0.0,0.5633,0.0681,0.0002,-0.0174,0.0011,1.0,0.932
w10s-shp-cur-s63,w10s-shp-cur,63,8389632,0.72,1.131,0.0,0.7534,0.0682,0.0002,-0.0176,0.001,1.0,0.932
w10s-shp-cur-s63,w10s-shp-cur,63,8420352,0.68,1.104,0.0,0.6265,0.0726,0.0002,-0.0186,0.0012,1.0,0.932
w10s-shp-cur-s63,w10s-shp-cur,63,8451072,0.68,1.128,0.0,0.602,0.0693,0.0002,-0.0196,0.0011,1.0,0.932
w10s-shp-cur-s63,w10s-shp-cur,63,8481792,0.77,1.184,0.0,0.7477,0.0705,0.0002,-0.0173,0.0011,1.0,0.931
w10s-shp-cur-s63,w10s-shp-cur,63,8512512,0.69,1.134,0.0,0.6221,0.0721,0.0002,-0.0163,0.001,1.0,0.931
w10s-shp-cur-s63,w10s-shp-cur,63,8543232,0.79,1.189,0.0,0.6651,0.0681,0.0002,-0.0184,0.001,1.0,0.931
w10s-shp-cur-s63,w10s-shp-cur,63,8573952,0.77,1.213,0.0,0.5489,0.0685,0.0001,-0.0167,0.0009,1.0,0.931
w10s-shp-cur-s63,w10s-shp-cur,63,8604672,0.73,1.14,0.0,0.6229,0.0646,0.0002,-0.0193,0.0011,1.0,0.931
w10s-shp-cur-s63,w10s-shp-cur,63,8635392,0.79,1.212,0.0,0.7901,0.0718,0.0002,-0.0181,0.0011,1.0,0.931
w10s-shp-cur-s63,w10s-shp-cur,63,8666112,0.74,1.158,0.0,0.6712,0.0726,0.0002,-0.0172,0.0011,1.0,0.931
w10s-shp-cur-s63,w10s-shp-cur,63,8696832,0.69,1.123,0.0,0.594,0.0715,0.0002,-0.0184,0.001,1.0,0.931
w10s-shp-cur-s63,w10s-shp-cur,63,8727552,0.73,1.138,0.0,0.5498,0.071,0.0002,-0.0171,0.0012,1.0,0.93
w10s-shp-cur-s63,w10s-shp-cur,63,8758272,0.72,1.121,0.0,1.0287,0.0682,0.0002,-0.0177,0.0011,1.0,0.93
w10s-shp-cur-s63,w10s-shp-cur,63,8788992,0.68,1.115,0.0,0.5607,0.0701,0.0002,-0.0174,0.0011,1.0,0.93
w10s-shp-cur-s63,w10s-shp-cur,63,8819712,0.73,1.138,0.0,0.6891,0.071,0.0002,-0.0174,0.0011,1.0,0.93
w10s-shp-cur-s63,w10s-shp-cur,63,8850432,0.68,1.079,0.0,0.5979,0.0717,0.0002,-0.0182,0.001,1.0,0.93
w10s-shp-cur-s63,w10s-shp-cur,63,8881152,0.71,1.122,0.0,0.6923,0.0694,0.0002,-0.017,0.001,1.0,0.93
w10s-shp-cur-s63,w10s-shp-cur,63,8911872,0.74,1.176,0.0,0.7651,0.0724,0.0002,-0.0183,0.0011,1.0,0.93
w10s-shp-cur-s63,w10s-shp-cur,63,8942592,0.75,1.155,0.0,0.96,0.0685,0.0002,-0.0187,0.001,1.0,0.929
w10s-shp-cur-s63,w10s-shp-cur,63,8973312,0.73,1.145,0.0,0.7102,0.0714,0.0002,-0.0172,0.001,1.0,0.929
w10s-shp-cur-s63,w10s-shp-cur,63,9004032,0.65,1.083,0.0,0.5339,0.0696,0.0002,-0.0182,0.001,1.0,0.929
w10s-shp-cur-s63,w10s-shp-cur,63,9034752,0.74,1.179,0.0,0.6077,0.0662,0.0002,-0.0175,0.001,1.0,0.929
w10s-shp-cur-s63,w10s-shp-cur,63,9065472,0.71,1.145,0.0,0.843,0.0699,0.0002,-0.0202,0.0011,1.0,0.929
w10s-shp-cur-s63,w10s-shp-cur,63,9096192,0.78,1.185,0.0,0.6981,0.069,0.0002,-0.0176,0.001,1.0,0.929
w10s-shp-cur-s63,w10s-shp-cur,63,9126912,0.79,1.187,0.0,0.7168,0.0739,0.0002,-0.0192,0.001,1.0,0.929
w10s-shp-cur-s63,w10s-shp-cur,63,9157632,0.75,1.195,0.0,0.75,0.0685,0.0002,-0.0193,0.001,1.0,0.929
w10s-shp-cur-s63,w10s-shp-cur,63,9188352,0.67,1.08,0.0,0.5606,0.0685,0.0002,-0.0166,0.001,1.0,0.928
w10s-shp-cur-s63,w10s-shp-cur,63,9219072,0.7,1.102,0.0,0.8718,0.0725,0.0002,-0.0181,0.0011,1.0,0.928
w10s-shp-cur-s63,w10s-shp-cur,63,9249792,0.68,1.122,0.0,0.8749,0.067,0.0002,-0.0163,0.001,1.0,0.928
w10s-shp-cur-s63,w10s-shp-cur,63,9280512,0.72,1.145,0.0,0.7411,0.069,0.0002,-0.0178,0.001,1.0,0.928
w10s-shp-cur-s63,w10s-shp-cur,63,9311232,0.68,1.119,0.0,0.7736,0.072,0.0002,-0.018,0.0011,1.0,0.928
w10s-shp-cur-s63,w10s-shp-cur,63,9341952,0.71,1.162,0.0,0.6423,0.0696,0.0002,-0.0171,0.0011,1.0,0.928
w10s-shp-cur-s63,w10s-shp-cur,63,9372672,0.75,1.149,0.0,0.7248,0.0683,0.0002,-0.017,0.0011,1.0,0.928
w10s-shp-cur-s63,w10s-shp-cur,63,9403392,0.77,1.206,0.0,0.6711,0.0702,0.0002,-0.0179,0.001,1.0,0.928
w10s-shp-cur-s63,w10s-shp-cur,63,9434112,0.72,1.142,0.0,0.6216,0.0738,0.0002,-0.0181,0.001,1.0,0.927
w10s-shp-cur-s63,w10s-shp-cur,63,9464832,0.76,1.143,0.0,0.7541,0.0719,0.0002,-0.019,0.001,1.0,0.927
w10s-shp-cur-s63,w10s-shp-cur,63,9495552,0.7,1.136,0.0,0.6336,0.07,0.0002,-0.0174,0.001,1.0,0.927
w10s-shp-cur-s63,w10s-shp-cur,63,9526272,0.66,1.097,0.0,0.7701,0.071,0.0002,-0.0169,0.001,1.0,0.927
w10s-shp-cur-s63,w10s-shp-cur,63,9556992,0.75,1.146,0.0,0.8377,0.0732,0.0002,-0.0183,0.001,1.0,0.927
w10s-shp-cur-s63,w10s-shp-cur,63,9587712,0.77,1.188,0.0,0.5833,0.0705,0.0002,-0.0199,0.001,1.0,0.927
w10s-shp-cur-s63,w10s-shp-cur,63,9618432,0.67,1.117,0.0,0.7308,0.0683,0.0002,-0.0172,0.0009,1.0,0.927
w10s-shp-cur-s63,w10s-shp-cur,63,9649152,0.75,1.162,0.0,0.8351,0.07,0.0002,-0.0175,0.001,1.0,0.926
w10s-shp-cur-s63,w10s-shp-cur,63,9679872,0.81,1.203,0.0,0.7513,0.0722,0.0002,-0.0199,0.001,1.0,0.926
w10s-shp-cur-s63,w10s-shp-cur,63,9710592,0.82,1.196,0.0,0.8388,0.0748,0.0002,-0.0189,0.001,1.0,0.926
w10s-shp-cur-s63,w10s-shp-cur,63,9741312,0.8,1.205,0.0,0.7647,0.0697,0.0002,-0.0184,0.001,1.0,0.926
w10s-shp-cur-s63,w10s-shp-cur,63,9772032,0.74,1.165,0.0,0.7223,0.0665,0.0002,-0.0174,0.001,1.0,0.926
w10s-shp-cur-s63,w10s-shp-cur,63,9802752,0.71,1.119,0.0,0.5679,0.0706,0.0002,-0.0181,0.001,1.0,0.926
w10s-shp-cur-s63,w10s-shp-cur,63,9833472,0.76,1.175,0.0,0.9845,0.0694,0.0002,-0.0178,0.0011,1.0,0.926
w10s-shp-cur-s63,w10s-shp-cur,63,9864192,0.76,1.192,0.0,0.6892,0.0709,0.0002,-0.0171,0.0011,1.0,0.926
w10s-shp-cur-s63,w10s-shp-cur,63,9894912,0.67,1.096,0.0,0.7733,0.0713,0.0002,-0.0177,0.001,1.0,0.926
w10s-shp-cur-s63,w10s-shp-cur,63,9925632,0.72,1.161,0.0,0.5665,0.0722,0.0002,-0.0178,0.001,1.0,0.925
w10s-shp-cur-s63,w10s-shp-cur,63,9956352,0.75,1.155,0.0,0.662,0.0723,0.0002,-0.018,0.0011,1.0,0.925
w10s-shp-cur-s63,w10s-shp-cur,63,9987072,0.82,1.203,0.0,0.6114,0.0702,0.0002,-0.0188,0.0011,1.0,0.925
w10s-shp-cur-s63,w10s-shp-cur,63,10017792,0.77,1.204,0.0,0.8431,0.0714,0.0002,-0.0193,0.001,1.0,0.925
w10s-shp-cur-s63,w10s-shp-cur,63,10048512,0.8,1.195,0.0,0.8273,0.0693,0.0002,-0.0195,0.001,1.0,0.925
w10s-shp-cur-s63,w10s-shp-cur,63,10079232,0.69,1.116,0.0,0.954,0.069,0.0002,-0.018,0.0011,1.0,0.925
w10s-shp-cur-s63,w10s-shp-cur,63,10109952,0.72,1.164,0.0,0.8691,0.0672,0.0002,-0.0175,0.001,1.0,0.925
w10s-shp-cur-s63,w10s-shp-cur,63,10140672,0.72,1.142,0.0,0.7465,0.0693,0.0002,-0.0183,0.0011,1.0,0.925
w10s-shp-cur-s63,w10s-shp-cur,63,10171392,0.7,1.115,0.0,0.887,0.0756,0.0002,-0.0188,0.0011,1.0,0.925
w10s-shp-cur-s63,w10s-shp-cur,63,10202112,0.75,1.179,0.0,0.7629,0.069,0.0002,-0.0162,0.001,1.0,0.925
w10s-shp-cur-s63,w10s-shp-cur,63,10232832,0.84,1.246,0.0,0.8363,0.07,0.0002,-0.0156,0.001,1.0,0.924
w10s-shp-cur-s63,w10s-shp-cur,63,10263552,0.74,1.163,0.0,0.555,0.07,0.0002,-0.0179,0.001,1.0,0.924
w10s-shp-cur-s63,w10s-shp-cur,63,10294272,0.78,1.191,0.0,0.8271,0.0711,0.0002,-0.0172,0.0011,1.0,0.924
w10s-shp-cur-s63,w10s-shp-cur,63,10324992,0.8,1.207,0.0,0.972,0.072,0.0002,-0.0175,0.0011,1.0,0.924
w10s-shp-cur-s63,w10s-shp-cur,63,10355712,0.76,1.196,0.0,0.8207,0.0677,0.0002,-0.0177,0.001,1.0,0.924
w10s-shp-cur-s63,w10s-shp-cur,63,10386432,0.74,1.162,0.0,0.8622,0.07,0.0002,-0.0191,0.0011,1.0,0.924
w10s-shp-cur-s63,w10s-shp-cur,63,10417152,0.76,1.184,0.0,0.7265,0.0729,0.0002,-0.0191,0.001,1.0,0.924
w10s-shp-cur-s63,w10s-shp-cur,63,10447872,0.73,1.19,0.0,0.7762,0.0706,0.0002,-0.017,0.0011,1.0,0.924
w10s-shp-cur-s63,w10s-shp-cur,63,10478592,0.78,1.188,0.0,0.7587,0.0713,0.0002,-0.0184,0.001,1.0,0.924
w10s-shp-cur-s63,w10s-shp-cur,63,10509312,0.82,1.235,0.0,0.7308,0.0696,0.0002,-0.018,0.001,1.0,0.924
w10s-shp-cur-s63,w10s-shp-cur,63,10540032,0.76,1.164,0.0,0.8965,0.0704,0.0002,-0.018,0.001,1.0,0.923
w10s-shp-cur-s63,w10s-shp-cur,63,10570752,0.86,1.255,0.0,0.7418,0.0712,0.0002,-0.0171,0.001,1.0,0.923
w10s-shp-cur-s63,w10s-shp-cur,63,10601472,0.72,1.113,0.0,0.7536,0.0708,0.0002,-0.0202,0.0011,1.0,0.923
w10s-shp-cur-s63,w10s-shp-cur,63,10632192,0.74,1.189,0.0,0.8067,0.0695,0.0002,-0.0183,0.001,1.0,0.923
w10s-shp-cur-s63,w10s-shp-cur,63,10662912,0.85,1.272,0.0,0.9323,0.0725,0.0002,-0.019,0.0011,1.0,0.923
w10s-shp-cur-s63,w10s-shp-cur,63,10693632,0.83,1.266,0.0,0.77,0.0727,0.0002,-0.0174,0.0011,1.0,0.923
w10s-shp-cur-s63,w10s-shp-cur,63,10724352,0.74,1.193,0.0,0.7629,0.0731,0.0002,-0.019,0.001,1.0,0.923
w10s-shp-cur-s63,w10s-shp-cur,63,10755072,0.74,1.204,0.0,0.6961,0.0679,0.0002,-0.0181,0.001,1.0,0.923
w10s-shp-cur-s63,w10s-shp-cur,63,10785792,0.81,1.235,0.0,0.8365,0.072,0.0002,-0.0186,0.001,1.0,0.923
w10s-shp-cur-s63,w10s-shp-cur,63,10816512,0.8,1.213,0.0,0.9552,0.0653,0.0002,-0.018,0.0009,1.0,0.923
w10s-shp-cur-s63,w10s-shp-cur,63,10847232,0.78,1.169,0.0,0.8743,0.071,0.0002,-0.0182,0.0011,1.0,0.923
w10s-shp-cur-s63,w10s-shp-cur,63,10877952,0.75,1.189,0.0,0.7742,0.0731,0.0002,-0.0187,0.001,1.0,0.922
w10s-shp-cur-s63,w10s-shp-cur,63,10908672,0.67,1.108,0.0,0.9447,0.0692,0.0002,-0.0174,0.001,1.0,0.922
w10s-shp-cur-s63,w10s-shp-cur,63,10939392,0.76,1.168,0.0,0.8855,0.0689,0.0002,-0.0186,0.0011,1.0,0.922
w10s-shp-cur-s63,w10s-shp-cur,63,10970112,0.63,1.086,0.0,0.8074,0.0697,0.0002,-0.0197,0.0011,1.0,0.922
w10s-shp-cur-s63,w10s-shp-cur,63,11000832,0.77,1.18,0.0,1.1037,0.0714,0.0002,-0.0173,0.0011,1.0,0.922
w10s-shp-cur-s63,w10s-shp-cur,63,11031552,0.82,1.237,0.0,0.8435,0.07,0.0002,-0.02,0.001,1.0,0.922
w10s-shp-cur-s63,w10s-shp-cur,63,11062272,0.75,1.174,0.0,0.8564,0.0708,0.0002,-0.0186,0.001,1.0,0.922
w10s-shp-cur-s63,w10s-shp-cur,63,11092992,0.81,1.207,0.0,0.7431,0.07,0.0002,-0.0175,0.001,1.0,0.922
w10s-shp-cur-s63,w10s-shp-cur,63,11123712,0.74,1.189,0.0,0.7393,0.0724,0.0002,-0.0192,0.001,1.0,0.922
w10s-shp-cur-s63,w10s-shp-cur,63,11154432,0.86,1.283,0.0,0.7999,0.0726,0.0002,-0.018,0.001,1.0,0.922
w10s-shp-cur-s63,w10s-shp-cur,63,11185152,0.76,1.219,0.0,0.9564,0.0709,0.0002,-0.0186,0.001,1.0,0.922
w10s-shp-cur-s63,w10s-shp-cur,63,11215872,0.77,1.209,0.0,0.7203,0.0704,0.0002,-0.0192,0.001,1.0,0.921
w10s-shp-cur-s63,w10s-shp-cur,63,11246592,0.76,1.221,0.0,0.8513,0.0698,0.0002,-0.0182,0.001,1.0,0.921
w10s-shp-cur-s63,w10s-shp-cur,63,11277312,0.72,1.169,0.0,0.6692,0.0709,0.0002,-0.0191,0.001,1.0,0.921
w10s-shp-cur-s63,w10s-shp-cur,63,11308032,0.77,1.211,0.0,0.7804,0.0711,0.0002,-0.0183,0.001,1.0,0.921
w10s-shp-cur-s63,w10s-shp-cur,63,11338752,0.76,1.182,0.0,0.8048,0.0715,0.0002,-0.0185,0.001,1.0,0.921
w10s-shp-cur-s63,w10s-shp-cur,63,11369472,0.77,1.188,0.0,0.7994,0.0702,0.0002,-0.0169,0.0011,1.0,0.921
w10s-shp-cur-s63,w10s-shp-cur,63,11400192,0.78,1.202,0.0,0.7641,0.0702,0.0002,-0.0187,0.001,1.0,0.921
w10s-shp-cur-s63,w10s-shp-cur,63,11430912,0.76,1.205,0.0,0.748,0.0684,0.0002,-0.0188,0.001,1.0,0.921
w10s-shp-cur-s63,w10s-shp-cur,63,11461632,0.77,1.213,0.0,0.7575,0.0739,0.0002,-0.0183,0.0011,1.0,0.921
w10s-shp-cur-s63,w10s-shp-cur,63,11492352,0.81,1.222,0.0,0.7527,0.0711,0.0002,-0.0178,0.001,1.0,0.921
w10s-shp-cur-s63,w10s-shp-cur,63,11523072,0.81,1.215,0.0,0.927,0.0722,0.0002,-0.0191,0.0011,1.0,0.921
w10s-shp-cur-s63,w10s-shp-cur,63,11553792,0.74,1.146,0.0,0.9475,0.0692,0.0002,-0.0175,0.001,1.0,0.921
w10s-shp-cur-s63,w10s-shp-cur,63,11584512,0.8,1.204,0.0,0.8112,0.0707,0.0002,-0.0184,0.001,1.0,0.921
w10s-shp-cur-s63,w10s-shp-cur,63,11615232,0.75,1.168,0.0,0.8489,0.0709,0.0002,-0.0169,0.001,1.0,0.92
w10s-shp-cur-s63,w10s-shp-cur,63,11645952,0.74,1.165,0.0,0.6936,0.0727,0.0002,-0.019,0.001,1.0,0.92
w10s-shp-cur-s63,w10s-shp-cur,63,11676672,0.64,1.096,0.0,0.8129,0.0702,0.0002,-0.0188,0.001,1.0,0.92
w10s-shp-cur-s63,w10s-shp-cur,63,11707392,0.78,1.206,0.0,0.823,0.0719,0.0002,-0.0168,0.0011,1.0,0.92
w10s-shp-cur-s63,w10s-shp-cur,63,11738112,0.8,1.224,0.0,0.824,0.0706,0.0002,-0.0174,0.001,1.0,0.92
w10s-shp-cur-s63,w10s-shp-cur,63,11768832,0.74,1.194,0.0,1.0066,0.0685,0.0002,-0.0171,0.001,1.0,0.92
w10s-shp-cur-s63,w10s-shp-cur,63,11799552,0.76,1.205,0.0,0.9208,0.069,0.0002,-0.018,0.001,1.0,0.92
w10s-shp-cur-s63,w10s-shp-cur,63,11830272,0.81,1.265,0.0,0.7585,0.0733,0.0002,-0.0188,0.001,1.0,0.92
w10s-shp-cur-s63,w10s-shp-cur,63,11860992,0.78,1.199,0.0,0.6715,0.0727,0.0002,-0.0181,0.001,1.0,0.92
w10s-shp-cur-s63,w10s-shp-cur,63,11891712,0.77,1.169,0.0,0.8841,0.069,0.0002,-0.0165,0.001,1.0,0.92
w10s-shp-cur-s63,w10s-shp-cur,63,11922432,0.76,1.177,0.0,0.7112,0.0723,0.0002,-0.0197,0.0011,1.0,0.92
w10s-shp-cur-s63,w10s-shp-cur,63,11953152,0.69,1.155,0.0,0.8274,0.0699,0.0002,-0.0186,0.001,1.0,0.92
w10s-shp-cur-s63,w10s-shp-cur,63,11983872,0.78,1.17,0.0,0.9355,0.0691,0.0002,-0.0176,0.001,1.0,0.919
w10s-shp-cur-s63,w10s-shp-cur,63,12014592,0.69,1.145,0.0,0.8539,0.0715,0.0002,-0.0169,0.001,1.0,0.919
w10s-shp-cur-s63,w10s-shp-cur,63,12045312,0.67,1.129,0.0,0.9311,0.0711,0.0002,-0.0183,0.0011,1.0,0.919
w10s-shp-cur-s63,w10s-shp-cur,63,12076032,0.73,1.207,0.0,0.8632,0.0713,0.0002,-0.0174,0.001,1.0,0.919
w10s-shp-cur-s63,w10s-shp-cur,63,12106752,0.72,1.192,0.0,0.8458,0.0743,0.0002,-0.0192,0.001,1.0,0.919
w10s-shp-cur-s63,w10s-shp-cur,63,12137472,0.81,1.246,0.0,0.771,0.0735,0.0002,-0.0181,0.001,1.0,0.919
w10s-shp-cur-s63,w10s-shp-cur,63,12168192,0.76,1.216,0.0,0.9701,0.0714,0.0002,-0.0201,0.001,1.0,0.919
w10s-shp-cur-s63,w10s-shp-cur,63,12198912,0.75,1.164,0.0,0.888,0.0697,0.0002,-0.0168,0.001,1.0,0.919
w10s-shp-cur-s63,w10s-shp-cur,63,12229632,0.7,1.157,0.0,1.0054,0.0718,0.0002,-0.0178,0.001,1.0,0.919
w10s-shp-cur-s63,w10s-shp-cur,63,12260352,0.91,1.342,0.0,0.6579,0.0712,0.0002,-0.0193,0.001,1.0,0.919
w10s-shp-cur-s63,w10s-shp-cur,63,12291072,0.81,1.228,0.0,0.8602,0.0693,0.0002,-0.0185,0.001,1.0,0.919
w10s-shp-cur-s63,w10s-shp-cur,63,12321792,0.8,1.245,0.0,0.8007,0.0691,0.0002,-0.0171,0.001,1.0,0.919
w10s-shp-cur-s63,w10s-shp-cur,63,12352512,0.79,1.238,0.0,0.8437,0.0674,0.0002,-0.0168,0.0009,1.0,0.918
w10s-shp-cur-s63,w10s-shp-cur,63,12383232,0.79,1.228,0.0,0.8037,0.0697,0.0002,-0.0181,0.001,1.0,0.918
w10s-shp-cur-s63,w10s-shp-cur,63,12413952,0.78,1.209,0.0,0.9022,0.071,0.0002,-0.0181,0.001,1.0,0.918
w10s-shp-cur-s63,w10s-shp-cur,63,12444672,0.77,1.221,0.0,0.9408,0.07,0.0002,-0.0204,0.001,1.0,0.918
w10s-shp-cur-s63,w10s-shp-cur,63,12475392,0.82,1.243,0.0,0.8851,0.0669,0.0002,-0.019,0.001,1.0,0.918
w10s-shp-cur-s63,w10s-shp-cur,63,12506112,0.79,1.247,0.0,0.9853,0.0714,0.0002,-0.0179,0.001,1.0,0.918
w10s-shp-cur-s63,w10s-shp-cur,63,12536832,0.77,1.19,0.0,0.9367,0.0684,0.0002,-0.0179,0.001,1.0,0.918
w10s-shp-cur-s63,w10s-shp-cur,63,12567552,0.73,1.165,0.0,0.8751,0.0721,0.0002,-0.0187,0.001,1.0,0.918
w10s-shp-cur-s63,w10s-shp-cur,63,12598272,0.67,1.132,0.0,0.9782,0.0712,0.0002,-0.0194,0.001,1.0,0.918
w10s-shp-cur-s63,w10s-shp-cur,63,12628992,0.87,1.313,0.0,0.9833,0.0706,0.0002,-0.0168,0.001,1.0,0.918
w10s-shp-cur-s63,w10s-shp-cur,63,12659712,0.71,1.186,0.0,0.8969,0.0726,0.0002,-0.0176,0.0009,1.0,0.918
w10s-shp-cur-s63,w10s-shp-cur,63,12690432,0.8,1.231,0.0,0.846,0.0717,0.0002,-0.0188,0.001,1.0,0.918
w10s-shp-cur-s63,w10s-shp-cur,63,12721152,0.79,1.247,0.0,0.8886,0.0721,0.0002,-0.0184,0.0009,1.0,0.918
w10s-shp-cur-s63,w10s-shp-cur,63,12751872,0.86,1.276,0.0,0.9884,0.0684,0.0002,-0.0175,0.001,1.0,0.918
w10s-shp-cur-s63,w10s-shp-cur,63,12782592,0.78,1.221,0.0,0.9595,0.0683,0.0002,-0.0188,0.001,1.0,0.917
w10s-shp-cur-s63,w10s-shp-cur,63,12813312,0.75,1.189,0.0,1.0076,0.0677,0.0002,-0.0195,0.0011,1.0,0.917
w10s-shp-cur-s63,w10s-shp-cur,63,12844032,0.76,1.217,0.0,1.0092,0.0714,0.0002,-0.0181,0.001,1.0,0.917
w10s-shp-cur-s63,w10s-shp-cur,63,12874752,0.79,1.225,0.0,0.8312,0.0709,0.0002,-0.0195,0.0009,1.0,0.917
w10s-shp-cur-s63,w10s-shp-cur,63,12905472,0.83,1.26,0.0,0.6832,0.0716,0.0002,-0.0188,0.001,1.0,0.917
w10s-shp-cur-s63,w10s-shp-cur,63,12936192,0.85,1.274,0.0,0.8033,0.0669,0.0002,-0.0178,0.0009,1.0,0.917
w10s-shp-cur-s63,w10s-shp-cur,63,12966912,0.79,1.252,0.0,0.8442,0.0692,0.0002,-0.018,0.001,1.0,0.917
w10s-shp-cur-s63,w10s-shp-cur,63,12997632,0.74,1.194,0.0,0.7554,0.0704,0.0002,-0.0174,0.001,1.0,0.917
w10s-shp-cur-s63,w10s-shp-cur,63,13028352,0.81,1.262,0.0,1.0625,0.069,0.0002,-0.0188,0.001,1.0,0.917
w10s-shp-cur-s63,w10s-shp-cur,63,13059072,0.78,1.246,0.0,0.8977,0.0712,0.0002,-0.0185,0.001,1.0,0.917
w10s-shp-cur-s63,w10s-shp-cur,63,13089792,0.82,1.243,0.0,1.0236,0.0719,0.0002,-0.0188,0.001,1.0,0.917
w10s-shp-cur-s63,w10s-shp-cur,63,13120512,0.85,1.278,0.0,0.9106,0.0685,0.0002,-0.0182,0.001,1.0,0.917
w10s-shp-cur-s63,w10s-shp-cur,63,13151232,0.82,1.273,0.0,0.7235,0.0705,0.0002,-0.0169,0.001,1.0,0.917
w10s-shp-cur-s63,w10s-shp-cur,63,13181952,0.77,1.229,0.0,0.9684,0.0687,0.0002,-0.0193,0.001,1.0,0.917
w10s-shp-cur-s63,w10s-shp-cur,63,13212672,0.74,1.193,0.0,0.918,0.0692,0.0002,-0.0189,0.001,1.0,0.917
w10s-shp-cur-s63,w10s-shp-cur,63,13243392,0.77,1.221,0.0,0.9572,0.0685,0.0002,-0.0188,0.001,1.0,0.916
w10s-shp-cur-s63,w10s-shp-cur,63,13274112,0.81,1.262,0.0,1.0353,0.0676,0.0002,-0.0181,0.001,1.0,0.916
w10s-shp-cur-s63,w10s-shp-cur,63,13304832,0.82,1.256,0.0,1.1181,0.0706,0.0002,-0.0183,0.001,1.0,0.916
w10s-shp-cur-s63,w10s-shp-cur,63,13335552,0.79,1.241,0.0,0.9682,0.0718,0.0002,-0.0187,0.001,1.0,0.916
w10s-shp-cur-s63,w10s-shp-cur,63,13366272,0.8,1.239,0.0,0.9704,0.0729,0.0002,-0.0187,0.001,1.0,0.916
w10s-shp-cur-s63,w10s-shp-cur,63,13396992,0.84,1.305,0.0,1.0639,0.0741,0.0002,-0.0184,0.001,1.0,0.916
w10s-shp-cur-s63,w10s-shp-cur,63,13427712,0.82,1.266,0.0,0.9041,0.0721,0.0002,-0.0196,0.001,1.0,0.916
w10s-shp-cur-s63,w10s-shp-cur,63,13458432,0.85,1.275,0.0,1.0723,0.0679,0.0002,-0.0194,0.001,1.0,0.916
w10s-shp-cur-s63,w10s-shp-cur,63,13489152,0.79,1.237,0.0,0.9228,0.0674,0.0002,-0.0172,0.001,1.0,0.916
w10s-shp-cur-s63,w10s-shp-cur,63,13519872,0.81,1.267,0.0,1.0521,0.0716,0.0002,-0.0175,0.001,1.0,0.916
w10s-shp-cur-s63,w10s-shp-cur,63,13550592,0.85,1.28,0.0,1.1119,0.0721,0.0002,-0.0184,0.001,1.0,0.916
w10s-shp-cur-s63,w10s-shp-cur,63,13581312,0.8,1.264,0.0,1.1224,0.0683,0.0002,-0.0185,0.001,1.0,0.916
w10s-shp-cur-s63,w10s-shp-cur,63,13612032,0.88,1.306,0.0,0.9696,0.0746,0.0002,-0.019,0.001,1.0,0.916
w10s-shp-cur-s63,w10s-shp-cur,63,13642752,0.84,1.25,0.0,1.0316,0.0691,0.0002,-0.018,0.001,1.0,0.916
w10s-shp-cur-s63,w10s-shp-cur,63,13673472,0.84,1.283,0.0,1.0198,0.0736,0.0002,-0.0191,0.001,1.0,0.915
w10s-shp-cur-s63,w10s-shp-cur,63,13704192,0.85,1.263,0.0,0.9262,0.07,0.0002,-0.018,0.0011,1.0,0.915
w10s-shp-cur-s63,w10s-shp-cur,63,13734912,0.82,1.274,0.0,1.0208,0.0752,0.0002,-0.0194,0.0009,1.0,0.915
w10s-shp-cur-s63,w10s-shp-cur,63,13765632,0.9,1.309,0.0,0.9857,0.0679,0.0002,-0.0171,0.0009,1.0,0.915
w10s-shp-cur-s63,w10s-shp-cur,63,13796352,0.83,1.271,0.0,0.9799,0.068,0.0002,-0.018,0.001,1.0,0.915
w10s-shp-cur-s63,w10s-shp-cur,63,13827072,0.75,1.19,0.0,1.0792,0.0694,0.0002,-0.0183,0.001,1.0,0.915
w10s-shp-cur-s63,w10s-shp-cur,63,13857792,0.81,1.281,0.0,0.9718,0.0682,0.0002,-0.0194,0.0009,1.0,0.915
w10s-shp-cur-s63,w10s-shp-cur,63,13888512,0.8,1.253,0.0,1.0912,0.0698,0.0002,-0.0197,0.001,1.0,0.915
w10s-shp-cur-s63,w10s-shp-cur,63,13919232,0.82,1.285,0.0,0.895,0.0732,0.0002,-0.0177,0.0009,1.0,0.915
w10s-shp-cur-s63,w10s-shp-cur,63,13949952,0.79,1.254,0.0,1.0384,0.0698,0.0002,-0.0184,0.001,1.0,0.915
w10s-shp-cur-s63,w10s-shp-cur,63,13980672,0.85,1.302,0.0,0.9947,0.0706,0.0002,-0.0191,0.001,1.0,0.915
w10s-shp-cur-s63,w10s-shp-cur,63,14011392,0.83,1.27,0.0,1.1913,0.0742,0.0002,-0.0181,0.001,1.0,0.915
w10s-shp-cur-s63,w10s-shp-cur,63,14042112,0.89,1.32,0.0,0.9133,0.0754,0.0002,-0.0185,0.0009,1.0,0.915
w10s-shp-cur-s63,w10s-shp-cur,63,14072832,0.83,1.274,0.0,1.0098,0.0721,0.0002,-0.0186,0.0009,1.0,0.915
w10s-shp-cur-s63,w10s-shp-cur,63,14103552,0.83,1.284,0.0,0.9652,0.0697,0.0002,-0.0188,0.001,1.0,0.914
w10s-shp-cur-s63,w10s-shp-cur,63,14134272,0.82,1.292,0.0,1.0438,0.0711,0.0002,-0.0184,0.0009,1.0,0.914
w10s-shp-cur-s63,w10s-shp-cur,63,14164992,0.87,1.312,0.0,0.9552,0.0689,0.0002,-0.0176,0.0009,1.0,0.914
w10s-shp-cur-s63,w10s-shp-cur,63,14195712,0.82,1.261,0.0,0.8933,0.072,0.0002,-0.0187,0.001,1.0,0.914
w10s-shp-cur-s63,w10s-shp-cur,63,14226432,0.84,1.259,0.0,1.0376,0.0677,0.0002,-0.0189,0.0009,1.0,0.914
w10s-shp-cur-s63,w10s-shp-cur,63,14257152,0.87,1.286,0.0,1.0166,0.0719,0.0002,-0.0188,0.0009,1.0,0.914
w10s-shp-cur-s63,w10s-shp-cur,63,14287872,0.87,1.286,0.0,1.1046,0.072,0.0002,-0.0179,0.001,1.0,0.914
w10s-shp-cur-s63,w10s-shp-cur,63,14318592,0.76,1.222,0.0,1.1148,0.0672,0.0002,-0.0167,0.0009,1.0,0.914
w10s-shp-cur-s63,w10s-shp-cur,63,14349312,0.85,1.3,0.0,1.06,0.0702,0.0002,-0.0165,0.0009,1.0,0.914
w10s-shp-cur-s63,w10s-shp-cur,63,14380032,0.78,1.218,0.0,0.9483,0.073,0.0002,-0.0189,0.001,1.0,0.914
w10s-shp-cur-s63,w10s-shp-cur,63,14410752,0.9,1.324,0.0,1.1088,0.0684,0.0002,-0.0176,0.001,1.0,0.914
w10s-shp-cur-s63,w10s-shp-cur,63,14441472,0.84,1.299,0.0,1.0852,0.0719,0.0002,-0.0175,0.0009,1.0,0.914
w10s-shp-cur-s63,w10s-shp-cur,63,14472192,0.82,1.278,0.0,1.2211,0.072,0.0002,-0.0181,0.001,1.0,0.914
w10s-shp-cur-s63,w10s-shp-cur,63,14502912,0.86,1.286,0.0,1.029,0.0686,0.0002,-0.0177,0.0009,1.0,0.914
w10s-shp-cur-s63,w10s-shp-cur,63,14533632,0.86,1.309,0.0,0.9793,0.0694,0.0002,-0.018,0.0009,1.0,0.913
w10s-shp-cur-s63,w10s-shp-cur,63,14564352,0.88,1.323,0.0,1.0879,0.0698,0.0002,-0.0178,0.001,1.0,0.913
w10s-shp-cur-s63,w10s-shp-cur,63,14595072,0.85,1.3,0.0,1.0815,0.0677,0.0002,-0.0193,0.0009,1.0,0.913
w10s-shp-cur-s63,w10s-shp-cur,63,14625792,0.85,1.283,0.0,1.0239,0.069,0.0002,-0.017,0.0009,1.0,0.913
w10s-shp-cur-s63,w10s-shp-cur,63,14656512,0.88,1.292,0.0,1.048,0.0727,0.0002,-0.0178,0.0008,1.0,0.913
w10s-shp-cur-s63,w10s-shp-cur,63,14687232,0.84,1.271,0.0,1.1921,0.07,0.0002,-0.0194,0.0009,1.0,0.913
w10s-shp-cur-s63,w10s-shp-cur,63,14717952,0.87,1.309,0.0,1.1297,0.0698,0.0002,-0.0182,0.0009,1.0,0.913
w10s-shp-cur-s63,w10s-shp-cur,63,14748672,0.87,1.296,0.0,1.152,0.0688,0.0002,-0.019,0.0009,1.0,0.913
w10s-shp-cur-s63,w10s-shp-cur,63,14779392,0.85,1.297,0.0,1.1524,0.0696,0.0002,-0.0179,0.0009,1.0,0.913
w10s-shp-cur-s63,w10s-shp-cur,63,14810112,0.86,1.299,0.0,1.1518,0.0718,0.0002,-0.0165,0.0008,1.0,0.913
w10s-shp-cur-s63,w10s-shp-cur,63,14840832,0.86,1.279,0.0,1.0035,0.0715,0.0002,-0.0168,0.0009,1.0,0.913
w10s-shp-cur-s63,w10s-shp-cur,63,14871552,0.79,1.237,0.0,0.9728,0.0702,0.0002,-0.0192,0.001,1.0,0.913
w10s-shp-cur-s63,w10s-shp-cur,63,14902272,0.84,1.287,0.0,1.0091,0.0669,0.0002,-0.0188,0.0009,1.0,0.912
w10s-shp-cur-s63,w10s-shp-cur,63,14932992,0.88,1.317,0.0,1.0334,0.0712,0.0002,-0.0188,0.001,1.0,0.912
w10s-shp-cur-s63,w10s-shp-cur,63,14963712,0.92,1.315,0.0,1.0429,0.0705,0.0002,-0.0179,0.0009,1.0,0.912
w10s-shp-cur-s63,w10s-shp-cur,63,14994432,0.85,1.312,0.0,1.1347,0.0671,0.0002,-0.0173,0.0009,1.0,0.912
w10s-shp-cur-s63,w10s-shp-cur,63,14997504,0.89,1.297,0.0,1.1212,0.0728,0.0002,-0.0175,0.0009,1.0,0.912
w10s-shp-off-s61,w10s-shp-off,61,3072,0.0,0.408,-1.0,,,,,,,
w10s-shp-off-s61,w10s-shp-off,61,33792,0.01,0.44,-1.0,-1.0,0.0692,0.0002,-0.0168,0.0181,0.962,0.924
w10s-shp-off-s61,w10s-shp-off,61,64512,0.02,0.51,-1.0,-0.975,0.0685,0.0002,-0.0169,0.0126,0.992,0.918
w10s-shp-off-s61,w10s-shp-off,61,95232,0.01,0.487,-1.0,-1.0,0.0712,0.0002,-0.0173,0.0107,0.996,0.917
w10s-shp-off-s61,w10s-shp-off,61,125952,0.01,0.477,-1.0,-1.0,0.0705,0.0002,-0.0171,0.0097,0.997,0.921
w10s-shp-off-s61,w10s-shp-off,61,156672,0.01,0.479,-1.0,-1.0,0.0708,0.0002,-0.0182,0.0079,1.0,0.922
w10s-shp-off-s61,w10s-shp-off,61,187392,0.01,0.502,-1.0,-1.0,0.0709,0.0002,-0.0191,0.0063,1.0,0.923
w10s-shp-off-s61,w10s-shp-off,61,218112,0.02,0.491,-1.0,-0.9088,0.0744,0.0002,-0.0174,0.0067,1.0,0.923
w10s-shp-off-s61,w10s-shp-off,61,248832,0.01,0.534,-1.0,-0.9551,0.0715,0.0002,-0.0164,0.0058,1.0,0.925
w10s-shp-off-s61,w10s-shp-off,61,279552,0.0,0.437,-1.0,-1.0,0.067,0.0002,-0.0192,0.0058,1.0,0.927
w10s-shp-off-s61,w10s-shp-off,61,310272,0.02,0.534,-1.0,-1.0,0.0684,0.0002,-0.0191,0.0059,1.0,0.929
w10s-shp-off-s61,w10s-shp-off,61,340992,0.01,0.508,-1.0,-1.0,0.0739,0.0002,-0.0182,0.005,1.0,0.929
w10s-shp-off-s61,w10s-shp-off,61,371712,0.02,0.544,-1.0,-0.9509,0.0714,0.0002,-0.0164,0.0056,1.0,0.93
w10s-shp-off-s61,w10s-shp-off,61,402432,0.01,0.544,-1.0,-0.9777,0.0738,0.0002,-0.0191,0.0051,1.0,0.93
w10s-shp-off-s61,w10s-shp-off,61,433152,0.01,0.523,-1.0,-0.9293,0.0695,0.0002,-0.0179,0.0048,1.0,0.931
w10s-shp-off-s61,w10s-shp-off,61,463872,0.0,0.516,-1.0,-0.9566,0.0713,0.0002,-0.018,0.0048,1.0,0.931
w10s-shp-off-s61,w10s-shp-off,61,494592,0.04,0.529,-1.0,-0.95,0.0696,0.0002,-0.0194,0.0048,1.0,0.931
w10s-shp-off-s61,w10s-shp-off,61,525312,0.03,0.528,-1.0,-0.9288,0.0722,0.0002,-0.0175,0.0047,1.0,0.931
w10s-shp-off-s61,w10s-shp-off,61,556032,0.01,0.513,-1.0,-0.9509,0.0715,0.0002,-0.0169,0.0044,1.0,0.931
w10s-shp-off-s61,w10s-shp-off,61,586752,0.03,0.507,-1.0,-0.9295,0.0688,0.0002,-0.018,0.0044,1.0,0.931
w10s-shp-off-s61,w10s-shp-off,61,617472,0.01,0.5,-1.0,-0.9764,0.0702,0.0002,-0.0162,0.004,1.0,0.931
w10s-shp-off-s61,w10s-shp-off,61,648192,0.02,0.522,-1.0,-0.9354,0.0693,0.0002,-0.018,0.0042,1.0,0.931
w10s-shp-off-s61,w10s-shp-off,61,678912,0.02,0.49,-1.0,-0.9772,0.071,0.0002,-0.0181,0.0041,1.0,0.931
w10s-shp-off-s61,w10s-shp-off,61,709632,0.0,0.498,-1.0,-0.9515,0.071,0.0002,-0.0178,0.0036,1.0,0.931
w10s-shp-off-s61,w10s-shp-off,61,740352,0.02,0.555,-1.0,-0.9576,0.07,0.0002,-0.0183,0.0033,1.0,0.931
w10s-shp-off-s61,w10s-shp-off,61,771072,0.04,0.535,-1.0,-0.9766,0.0707,0.0002,-0.0181,0.0034,1.0,0.932
w10s-shp-off-s61,w10s-shp-off,61,801792,0.04,0.531,-1.0,-0.9527,0.071,0.0002,-0.017,0.0038,1.0,0.932
w10s-shp-off-s61,w10s-shp-off,61,832512,0.02,0.519,-1.0,-0.9052,0.0735,0.0002,-0.0179,0.004,1.0,0.933
w10s-shp-off-s61,w10s-shp-off,61,863232,0.04,0.514,-1.0,-0.9055,0.0685,0.0002,-0.0181,0.0038,1.0,0.933
w10s-shp-off-s61,w10s-shp-off,61,893952,0.01,0.52,-1.0,-1.0,0.0703,0.0002,-0.018,0.0032,1.0,0.934
w10s-shp-off-s61,w10s-shp-off,61,924672,0.04,0.541,-1.0,-0.9789,0.07,0.0002,-0.0189,0.0034,1.0,0.934
w10s-shp-off-s61,w10s-shp-off,61,955392,0.02,0.525,-1.0,-0.9304,0.0681,0.0002,-0.0186,0.0031,1.0,0.935
w10s-shp-off-s61,w10s-shp-off,61,986112,0.03,0.489,-1.0,-0.951,0.0712,0.0002,-0.0163,0.0029,1.0,0.935
w10s-shp-off-s61,w10s-shp-off,61,1016832,0.05,0.553,-1.0,-0.9277,0.0685,0.0002,-0.0179,0.0031,1.0,0.935
w10s-shp-off-s61,w10s-shp-off,61,1047552,0.01,0.551,-1.0,-1.0,0.0687,0.0002,-0.0175,0.0028,1.0,0.935
w10s-shp-off-s61,w10s-shp-off,61,1078272,0.01,0.503,-1.0,-1.0,0.0714,0.0002,-0.0182,0.0029,1.0,0.935
w10s-shp-off-s61,w10s-shp-off,61,1108992,0.04,0.545,-1.0,-0.8871,0.0688,0.0002,-0.0161,0.003,1.0,0.935
w10s-shp-off-s61,w10s-shp-off,61,1139712,0.05,0.543,-1.0,-0.8111,0.0704,0.0002,-0.0186,0.0031,1.0,0.935
w10s-shp-off-s61,w10s-shp-off,61,1170432,0.01,0.546,-1.0,-0.9798,0.07,0.0002,-0.0185,0.0031,1.0,0.935
w10s-shp-off-s61,w10s-shp-off,61,1201152,0.04,0.542,-1.0,-0.9265,0.068,0.0002,-0.0184,0.0029,1.0,0.934
w10s-shp-off-s61,w10s-shp-off,61,1231872,0.07,0.57,-1.0,-0.9573,0.0717,0.0002,-0.0191,0.0028,1.0,0.934
w10s-shp-off-s61,w10s-shp-off,61,1262592,0.03,0.509,-1.0,-0.8843,0.0702,0.0002,-0.0182,0.0035,1.0,0.935
w10s-shp-off-s61,w10s-shp-off,61,1293312,0.03,0.528,-1.0,-0.8836,0.0714,0.0002,-0.0177,0.0028,1.0,0.935
w10s-shp-off-s61,w10s-shp-off,61,1324032,0.03,0.511,-1.0,-0.9285,0.0717,0.0002,-0.0167,0.0029,1.0,0.935
w10s-shp-off-s61,w10s-shp-off,61,1354752,0.01,0.526,-1.0,-0.9272,0.0682,0.0002,-0.0164,0.0026,1.0,0.934
w10s-shp-off-s61,w10s-shp-off,61,1385472,0.02,0.543,-1.0,-0.8335,0.0703,0.0002,-0.0178,0.0027,1.0,0.934
w10s-shp-off-s61,w10s-shp-off,61,1416192,0.05,0.522,-1.0,-0.9314,0.073,0.0002,-0.0183,0.0027,1.0,0.934
w10s-shp-off-s61,w10s-shp-off,61,1446912,0.04,0.53,-1.0,-0.9295,0.0693,0.0002,-0.0165,0.0024,1.0,0.934
w10s-shp-off-s61,w10s-shp-off,61,1477632,0.06,0.561,-1.0,-0.9068,0.0724,0.0002,-0.018,0.0027,1.0,0.934
w10s-shp-off-s61,w10s-shp-off,61,1508352,0.05,0.575,-1.0,-0.9318,0.0717,0.0002,-0.0181,0.0028,1.0,0.934
w10s-shp-off-s61,w10s-shp-off,61,1539072,0.07,0.517,-1.0,-0.9344,0.0726,0.0002,-0.0166,0.0025,1.0,0.934
w10s-shp-off-s61,w10s-shp-off,61,1569792,0.05,0.509,-1.0,-0.9527,0.0731,0.0002,-0.0177,0.0024,1.0,0.934
w10s-shp-off-s61,w10s-shp-off,61,1600512,0.06,0.538,-1.0,-0.9083,0.0682,0.0002,-0.0175,0.0024,1.0,0.935
w10s-shp-off-s61,w10s-shp-off,61,1631232,0.03,0.549,-1.0,-0.9308,0.0689,0.0002,-0.0178,0.0028,1.0,0.935
w10s-shp-off-s61,w10s-shp-off,61,1661952,0.06,0.601,-1.0,-0.9082,0.0733,0.0002,-0.0179,0.0024,1.0,0.935
w10s-shp-off-s61,w10s-shp-off,61,1692672,0.04,0.561,-1.0,-0.8442,0.0726,0.0002,-0.0178,0.0025,1.0,0.935
w10s-shp-off-s61,w10s-shp-off,61,1723392,0.05,0.553,-1.0,-0.8629,0.0703,0.0002,-0.0188,0.0022,1.0,0.935
w10s-shp-off-s61,w10s-shp-off,61,1754112,0.0,0.473,-1.0,-0.9295,0.0682,0.0002,-0.0191,0.0025,1.0,0.935
w10s-shp-off-s61,w10s-shp-off,61,1784832,0.06,0.544,-1.0,-0.8201,0.0661,0.0002,-0.018,0.0025,1.0,0.935
w10s-shp-off-s61,w10s-shp-off,61,1815552,0.05,0.554,-1.0,-0.8886,0.0717,0.0002,-0.0179,0.0025,1.0,0.935
w10s-shp-off-s61,w10s-shp-off,61,1846272,0.07,0.515,-1.0,-0.8602,0.0687,0.0002,-0.0173,0.0023,1.0,0.935
w10s-shp-off-s61,w10s-shp-off,61,1876992,0.05,0.519,-1.0,-0.9321,0.0719,0.0002,-0.0178,0.0022,1.0,0.935
w10s-shp-off-s61,w10s-shp-off,61,1907712,0.05,0.559,-1.0,-0.9761,0.0707,0.0002,-0.0176,0.0023,1.0,0.936
w10s-shp-off-s61,w10s-shp-off,61,1938432,0.05,0.56,-1.0,-0.9053,0.0728,0.0002,-0.0194,0.0024,1.0,0.936
w10s-shp-off-s61,w10s-shp-off,61,1969152,0.06,0.594,-1.0,-0.8578,0.0707,0.0002,-0.0186,0.0024,1.0,0.936
w10s-shp-off-s61,w10s-shp-off,61,1999872,0.05,0.554,-1.0,-0.9075,0.0688,0.0002,-0.0182,0.0022,1.0,0.936
w10s-shp-off-s61,w10s-shp-off,61,2030592,0.05,0.561,-1.0,-0.9082,0.0732,0.0002,-0.018,0.0021,1.0,0.936
w10s-shp-off-s61,w10s-shp-off,61,2061312,0.06,0.537,-1.0,-0.8313,0.0698,0.0002,-0.0183,0.002,1.0,0.936
w10s-shp-off-s61,w10s-shp-off,61,2092032,0.03,0.564,-1.0,-0.908,0.0719,0.0002,-0.0165,0.0022,1.0,0.936
w10s-shp-off-s61,w10s-shp-off,61,2122752,0.03,0.582,-1.0,-0.8582,0.0696,0.0002,-0.0178,0.0021,1.0,0.936
w10s-shp-off-s61,w10s-shp-off,61,2153472,0.05,0.549,-1.0,-0.9062,0.0714,0.0002,-0.016,0.002,1.0,0.936
w10s-shp-off-s61,w10s-shp-off,61,2184192,0.05,0.567,-1.0,-0.834,0.0684,0.0002,-0.018,0.0023,1.0,0.936
w10s-shp-off-s61,w10s-shp-off,61,2214912,0.07,0.582,-1.0,-0.7874,0.0709,0.0002,-0.0184,0.0021,1.0,0.936
w10s-shp-off-s61,w10s-shp-off,61,2245632,0.04,0.524,-1.0,-0.78,0.0683,0.0002,-0.0174,0.0021,1.0,0.936
w10s-shp-off-s61,w10s-shp-off,61,2276352,0.04,0.514,-1.0,-0.7953,0.0675,0.0002,-0.019,0.0021,1.0,0.936
w10s-shp-off-s61,w10s-shp-off,61,2307072,0.05,0.548,-1.0,-0.7189,0.0717,0.0002,-0.0169,0.0024,1.0,0.936
w10s-shp-off-s61,w10s-shp-off,61,2337792,0.04,0.561,-1.0,-0.8358,0.0719,0.0002,-0.0177,0.0019,1.0,0.936
w10s-shp-off-s61,w10s-shp-off,61,2368512,0.03,0.507,-1.0,-0.8622,0.0693,0.0002,-0.0193,0.002,1.0,0.936
w10s-shp-off-s61,w10s-shp-off,61,2399232,0.07,0.566,-1.0,-0.8836,0.0724,0.0002,-0.0178,0.0019,1.0,0.936
w10s-shp-off-s61,w10s-shp-off,61,2429952,0.06,0.541,-1.0,-0.9549,0.0708,0.0002,-0.0182,0.002,1.0,0.936
w10s-shp-off-s61,w10s-shp-off,61,2460672,0.08,0.556,-1.0,-0.9063,0.0687,0.0002,-0.0187,0.0021,1.0,0.936
w10s-shp-off-s61,w10s-shp-off,61,2491392,0.05,0.525,-1.0,-0.7716,0.0687,0.0002,-0.0183,0.002,1.0,0.936
w10s-shp-off-s61,w10s-shp-off,61,2522112,0.08,0.577,-1.0,-0.8208,0.0698,0.0002,-0.0177,0.0018,1.0,0.936
w10s-shp-off-s61,w10s-shp-off,61,2552832,0.06,0.563,-1.0,-0.866,0.0679,0.0002,-0.0179,0.002,1.0,0.936
w10s-shp-off-s61,w10s-shp-off,61,2583552,0.08,0.592,-1.0,-0.7615,0.0702,0.0002,-0.016,0.0018,1.0,0.936
w10s-shp-off-s61,w10s-shp-off,61,2614272,0.07,0.516,-1.0,-0.8593,0.0668,0.0002,-0.019,0.002,1.0,0.936
w10s-shp-off-s61,w10s-shp-off,61,2644992,0.09,0.513,-1.0,-0.818,0.0721,0.0002,-0.017,0.0019,1.0,0.936
w10s-shp-off-s61,w10s-shp-off,61,2675712,0.12,0.586,-1.0,-0.7454,0.0685,0.0002,-0.018,0.0017,1.0,0.936
w10s-shp-off-s61,w10s-shp-off,61,2706432,0.04,0.535,-1.0,-0.8852,0.0729,0.0002,-0.0182,0.0019,1.0,0.936
w10s-shp-off-s61,w10s-shp-off,61,2737152,0.07,0.518,-1.0,-0.9761,0.0716,0.0002,-0.0194,0.0019,1.0,0.936
w10s-shp-off-s61,w10s-shp-off,61,2767872,0.06,0.524,-1.0,-0.7887,0.0712,0.0002,-0.0167,0.0017,1.0,0.936
w10s-shp-off-s61,w10s-shp-off,61,2798592,0.12,0.602,-1.0,-0.7895,0.0686,0.0002,-0.0174,0.0017,1.0,0.936
w10s-shp-off-s61,w10s-shp-off,61,2829312,0.05,0.538,-1.0,-0.8265,0.0714,0.0002,-0.0179,0.0018,1.0,0.936
w10s-shp-off-s61,w10s-shp-off,61,2860032,0.11,0.593,-1.0,-0.7274,0.0709,0.0002,-0.0191,0.0019,1.0,0.936
w10s-shp-off-s61,w10s-shp-off,61,2890752,0.07,0.533,-1.0,-0.8304,0.0714,0.0002,-0.0203,0.0019,1.0,0.936
w10s-shp-off-s61,w10s-shp-off,61,2921472,0.07,0.575,-1.0,-0.8599,0.0701,0.0002,-0.0165,0.0019,1.0,0.936
w10s-shp-off-s61,w10s-shp-off,61,2952192,0.09,0.598,-1.0,-0.7489,0.0673,0.0002,-0.0172,0.0017,1.0,0.936
w10s-shp-off-s61,w10s-shp-off,61,2982912,0.1,0.623,-1.0,-0.6695,0.0703,0.0002,-0.0173,0.0018,1.0,0.936
w10s-shp-off-s61,w10s-shp-off,61,3013632,0.13,0.631,-1.0,-0.7883,0.0718,0.0002,-0.0173,0.0017,1.0,0.936
w10s-shp-off-s61,w10s-shp-off,61,3044352,0.08,0.571,-1.0,-0.8385,0.0703,0.0002,-0.0194,0.0018,1.0,0.936
w10s-shp-off-s61,w10s-shp-off,61,3075072,0.13,0.599,-1.0,-0.8159,0.0703,0.0002,-0.0183,0.0018,1.0,0.936
w10s-shp-off-s61,w10s-shp-off,61,3105792,0.08,0.576,-1.0,-0.7884,0.0723,0.0002,-0.0176,0.002,1.0,0.936
w10s-shp-off-s61,w10s-shp-off,61,3136512,0.1,0.63,-1.0,-0.7946,0.0692,0.0002,-0.018,0.0017,1.0,0.936
w10s-shp-off-s61,w10s-shp-off,61,3167232,0.11,0.631,-1.0,-0.6721,0.0719,0.0002,-0.0168,0.0016,1.0,0.936
w10s-shp-off-s61,w10s-shp-off,61,3197952,0.1,0.563,-1.0,-0.7054,0.0712,0.0002,-0.0183,0.0017,1.0,0.936
w10s-shp-off-s61,w10s-shp-off,61,3228672,0.09,0.577,-1.0,-0.7386,0.0715,0.0002,-0.0188,0.0018,1.0,0.936
w10s-shp-off-s61,w10s-shp-off,61,3259392,0.09,0.561,-1.0,-0.8179,0.0697,0.0002,-0.0179,0.0018,1.0,0.936
w10s-shp-off-s61,w10s-shp-off,61,3290112,0.07,0.567,-1.0,-0.7893,0.0705,0.0002,-0.0177,0.0018,1.0,0.936
w10s-shp-off-s61,w10s-shp-off,61,3320832,0.09,0.557,-1.0,-0.8329,0.075,0.0002,-0.018,0.0017,1.0,0.936
w10s-shp-off-s61,w10s-shp-off,61,3351552,0.13,0.594,-1.0,-0.6663,0.0715,0.0002,-0.0182,0.0016,1.0,0.936
w10s-shp-off-s61,w10s-shp-off,61,3382272,0.13,0.538,-1.0,-0.7497,0.0716,0.0002,-0.0188,0.0015,1.0,0.936
w10s-shp-off-s61,w10s-shp-off,61,3412992,0.16,0.598,-1.0,-0.7641,0.0698,0.0002,-0.0164,0.0017,1.0,0.936
w10s-shp-off-s61,w10s-shp-off,61,3443712,0.06,0.506,-1.0,-0.8102,0.0683,0.0002,-0.0182,0.0017,1.0,0.936
w10s-shp-off-s61,w10s-shp-off,61,3474432,0.12,0.594,-1.0,-0.7683,0.07,0.0002,-0.0183,0.0017,1.0,0.936
w10s-shp-off-s61,w10s-shp-off,61,3505152,0.11,0.595,-1.0,-0.6773,0.0729,0.0002,-0.0192,0.0016,1.0,0.936
w10s-shp-off-s61,w10s-shp-off,61,3535872,0.12,0.621,-1.0,-0.7628,0.0717,0.0002,-0.0178,0.0016,1.0,0.936
w10s-shp-off-s61,w10s-shp-off,61,3566592,0.17,0.658,-1.0,-0.6907,0.0722,0.0002,-0.0184,0.0017,1.0,0.936
w10s-shp-off-s61,w10s-shp-off,61,3597312,0.07,0.552,-1.0,-0.8619,0.0728,0.0002,-0.0178,0.0019,1.0,0.936
w10s-shp-off-s61,w10s-shp-off,61,3628032,0.06,0.547,-1.0,-0.701,0.07,0.0002,-0.0169,0.0015,1.0,0.936
w10s-shp-off-s61,w10s-shp-off,61,3658752,0.12,0.57,-1.0,-0.7363,0.0707,0.0002,-0.0175,0.0015,1.0,0.936
w10s-shp-off-s61,w10s-shp-off,61,3689472,0.1,0.543,-1.0,-0.7236,0.0684,0.0002,-0.0179,0.0015,1.0,0.936
w10s-shp-off-s61,w10s-shp-off,61,3720192,0.17,0.657,-1.0,-0.7031,0.0742,0.0002,-0.0181,0.0016,1.0,0.937
w10s-shp-off-s61,w10s-shp-off,61,3750912,0.08,0.59,-1.0,-0.5993,0.0684,0.0002,-0.0173,0.0016,1.0,0.937
w10s-shp-off-s61,w10s-shp-off,61,3781632,0.15,0.686,-1.0,-0.767,0.0676,0.0002,-0.0178,0.0016,1.0,0.937
w10s-shp-off-s61,w10s-shp-off,61,3812352,0.12,0.573,-1.0,-0.8083,0.0696,0.0002,-0.0168,0.0015,1.0,0.937
w10s-shp-off-s61,w10s-shp-off,61,3843072,0.16,0.624,-1.0,-0.515,0.072,0.0002,-0.0183,0.0014,1.0,0.937
w10s-shp-off-s61,w10s-shp-off,61,3873792,0.11,0.56,-1.0,-0.7669,0.0725,0.0002,-0.0169,0.0014,1.0,0.937
w10s-shp-off-s61,w10s-shp-off,61,3904512,0.14,0.623,-1.0,-0.7252,0.0708,0.0002,-0.0193,0.0016,1.0,0.937
w10s-shp-off-s61,w10s-shp-off,61,3935232,0.1,0.61,-1.0,-0.5893,0.0713,0.0002,-0.0164,0.0016,1.0,0.937
w10s-shp-off-s61,w10s-shp-off,61,3965952,0.2,0.632,-1.0,-0.6075,0.073,0.0002,-0.0179,0.0015,1.0,0.937
w10s-shp-off-s61,w10s-shp-off,61,3996672,0.19,0.634,-1.0,-0.6598,0.0689,0.0002,-0.018,0.0017,1.0,0.937
w10s-shp-off-s61,w10s-shp-off,61,4027392,0.16,0.605,-1.0,-0.5618,0.0692,0.0002,-0.0183,0.0015,1.0,0.937
w10s-shp-off-s61,w10s-shp-off,61,4058112,0.22,0.712,-1.0,-0.4933,0.0726,0.0002,-0.0169,0.0017,1.0,0.937
w10s-shp-off-s61,w10s-shp-off,61,4088832,0.16,0.615,-1.0,-0.5651,0.0704,0.0002,-0.019,0.0014,1.0,0.937
w10s-shp-off-s61,w10s-shp-off,61,4119552,0.13,0.618,-1.0,-0.5282,0.0722,0.0002,-0.0164,0.0015,1.0,0.937
w10s-shp-off-s61,w10s-shp-off,61,4150272,0.17,0.624,-1.0,-0.583,0.0702,0.0002,-0.0177,0.0015,1.0,0.937
w10s-shp-off-s61,w10s-shp-off,61,4180992,0.11,0.614,-1.0,-0.5399,0.0692,0.0002,-0.0186,0.0015,1.0,0.937
w10s-shp-off-s61,w10s-shp-off,61,4211712,0.23,0.649,-1.0,-0.5743,0.0688,0.0002,-0.0171,0.0013,1.0,0.937
w10s-shp-off-s61,w10s-shp-off,61,4242432,0.18,0.657,-1.0,-0.7228,0.0741,0.0002,-0.0172,0.0014,1.0,0.937
w10s-shp-off-s61,w10s-shp-off,61,4273152,0.2,0.654,-1.0,-0.606,0.0692,0.0002,-0.0181,0.0015,1.0,0.937
w10s-shp-off-s61,w10s-shp-off,61,4303872,0.13,0.617,-1.0,-0.6207,0.0714,0.0002,-0.0194,0.0014,1.0,0.937
w10s-shp-off-s61,w10s-shp-off,61,4334592,0.14,0.615,-1.0,-0.7676,0.0674,0.0002,-0.0186,0.0015,1.0,0.937
w10s-shp-off-s61,w10s-shp-off,61,4365312,0.16,0.619,-1.0,-0.653,0.0704,0.0002,-0.0179,0.0015,1.0,0.937
w10s-shp-off-s61,w10s-shp-off,61,4396032,0.21,0.694,-1.0,-0.7003,0.0704,0.0002,-0.0179,0.0015,1.0,0.938
w10s-shp-off-s61,w10s-shp-off,61,4426752,0.17,0.646,-1.0,-0.4706,0.0703,0.0002,-0.0181,0.0015,1.0,0.938
w10s-shp-off-s61,w10s-shp-off,61,4457472,0.19,0.648,-1.0,-0.6327,0.0726,0.0002,-0.0185,0.0015,1.0,0.938
w10s-shp-off-s61,w10s-shp-off,61,4488192,0.15,0.607,-1.0,-0.4904,0.0721,0.0002,-0.0171,0.0015,1.0,0.938
w10s-shp-off-s61,w10s-shp-off,61,4518912,0.16,0.614,-1.0,-0.5859,0.0694,0.0002,-0.018,0.0014,1.0,0.938
w10s-shp-off-s61,w10s-shp-off,61,4549632,0.2,0.673,-1.0,-0.7006,0.0731,0.0002,-0.0201,0.0015,1.0,0.938
w10s-shp-off-s61,w10s-shp-off,61,4580352,0.24,0.681,-1.0,-0.5556,0.0697,0.0002,-0.017,0.0013,1.0,0.938
w10s-shp-off-s61,w10s-shp-off,61,4611072,0.13,0.565,-1.0,-0.632,0.0717,0.0002,-0.0182,0.0014,1.0,0.938
w10s-shp-off-s61,w10s-shp-off,61,4641792,0.19,0.659,-1.0,-0.5125,0.0721,0.0002,-0.0188,0.0012,1.0,0.938
w10s-shp-off-s61,w10s-shp-off,61,4672512,0.2,0.619,-1.0,-0.5804,0.0696,0.0002,-0.0167,0.0013,1.0,0.938
w10s-shp-off-s61,w10s-shp-off,61,4703232,0.16,0.608,-1.0,-0.6734,0.0694,0.0002,-0.0177,0.0013,1.0,0.938
w10s-shp-off-s61,w10s-shp-off,61,4733952,0.23,0.668,-1.0,-0.6809,0.0727,0.0002,-0.017,0.0014,1.0,0.938
w10s-shp-off-s61,w10s-shp-off,61,4764672,0.23,0.684,-1.0,-0.5779,0.0699,0.0002,-0.0177,0.0014,1.0,0.938
w10s-shp-off-s61,w10s-shp-off,61,4795392,0.13,0.607,-1.0,-0.4189,0.0685,0.0002,-0.0178,0.0014,1.0,0.938
w10s-shp-off-s61,w10s-shp-off,61,4826112,0.23,0.65,-1.0,-0.5859,0.0687,0.0002,-0.0172,0.0014,1.0,0.938
w10s-shp-off-s61,w10s-shp-off,61,4856832,0.22,0.642,-1.0,-0.4832,0.0692,0.0002,-0.0185,0.0013,1.0,0.938
w10s-shp-off-s61,w10s-shp-off,61,4887552,0.18,0.62,-1.0,-0.5933,0.0709,0.0002,-0.0173,0.0013,1.0,0.938
w10s-shp-off-s61,w10s-shp-off,61,4918272,0.28,0.723,-1.0,-0.5377,0.0719,0.0002,-0.0186,0.0013,1.0,0.938
w10s-shp-off-s61,w10s-shp-off,61,4948992,0.19,0.614,-1.0,-0.4649,0.0715,0.0002,-0.0179,0.0014,1.0,0.938
w10s-shp-off-s61,w10s-shp-off,61,4979712,0.18,0.574,-1.0,-0.5076,0.0708,0.0002,-0.0174,0.0013,1.0,0.938
w10s-shp-off-s61,w10s-shp-off,61,5010432,0.3,0.713,-1.0,-0.3277,0.0684,0.0002,-0.0182,0.0012,1.0,0.938
w10s-shp-off-s61,w10s-shp-off,61,5041152,0.28,0.697,-1.0,-0.6015,0.0693,0.0002,-0.0191,0.0014,1.0,0.938
w10s-shp-off-s61,w10s-shp-off,61,5071872,0.16,0.601,-1.0,-0.5632,0.0703,0.0002,-0.0177,0.0014,1.0,0.938
w10s-shp-off-s61,w10s-shp-off,61,5102592,0.17,0.567,-1.0,-0.3446,0.0704,0.0002,-0.0175,0.0013,1.0,0.938
w10s-shp-off-s61,w10s-shp-off,61,5133312,0.25,0.684,-1.0,-0.6782,0.0737,0.0002,-0.0181,0.0013,1.0,0.938
w10s-shp-off-s61,w10s-shp-off,61,5164032,0.22,0.663,-1.0,-0.2173,0.0722,0.0002,-0.0183,0.0013,1.0,0.938
w10s-shp-off-s61,w10s-shp-off,61,5194752,0.26,0.692,-1.0,-0.468,0.0682,0.0002,-0.0198,0.0014,1.0,0.938
w10s-shp-off-s61,w10s-shp-off,61,5225472,0.29,0.724,-1.0,-0.3849,0.0688,0.0002,-0.0168,0.0012,1.0,0.938
w10s-shp-off-s61,w10s-shp-off,61,5256192,0.23,0.677,-1.0,-0.4628,0.0709,0.0002,-0.0177,0.0013,1.0,0.938
w10s-shp-off-s61,w10s-shp-off,61,5286912,0.25,0.66,-1.0,-0.2458,0.0731,0.0002,-0.0188,0.0013,1.0,0.938
w10s-shp-off-s61,w10s-shp-off,61,5317632,0.27,0.73,-1.0,-0.3319,0.0693,0.0002,-0.0172,0.0011,1.0,0.939
w10s-shp-off-s61,w10s-shp-off,61,5348352,0.21,0.624,-1.0,-0.6001,0.0679,0.0002,-0.0177,0.0012,1.0,0.939
w10s-shp-off-s61,w10s-shp-off,61,5379072,0.27,0.677,-1.0,-0.4002,0.0684,0.0002,-0.0179,0.0013,1.0,0.939
w10s-shp-off-s61,w10s-shp-off,61,5409792,0.25,0.702,-1.0,-0.4954,0.0706,0.0002,-0.0177,0.0013,1.0,0.939
w10s-shp-off-s61,w10s-shp-off,61,5440512,0.28,0.738,-1.0,-0.3506,0.0697,0.0002,-0.018,0.0013,1.0,0.939
w10s-shp-off-s61,w10s-shp-off,61,5471232,0.27,0.709,-1.0,-0.4772,0.0714,0.0002,-0.0179,0.0011,1.0,0.939
w10s-shp-off-s61,w10s-shp-off,61,5501952,0.23,0.651,-1.0,-0.448,0.0711,0.0002,-0.0175,0.0013,1.0,0.939
w10s-shp-off-s61,w10s-shp-off,61,5532672,0.26,0.672,-1.0,-0.5894,0.073,0.0002,-0.017,0.0012,1.0,0.939
w10s-shp-off-s61,w10s-shp-off,61,5563392,0.26,0.69,-1.0,-0.4706,0.0698,0.0002,-0.0185,0.0013,1.0,0.939
w10s-shp-off-s61,w10s-shp-off,61,5594112,0.21,0.604,-1.0,-0.3547,0.0703,0.0002,-0.0171,0.0013,1.0,0.939
w10s-shp-off-s61,w10s-shp-off,61,5624832,0.21,0.641,-1.0,-0.3837,0.0666,0.0002,-0.0187,0.0011,1.0,0.939
w10s-shp-off-s61,w10s-shp-off,61,5655552,0.31,0.727,-1.0,-0.4132,0.0686,0.0002,-0.0166,0.0012,1.0,0.939
w10s-shp-off-s61,w10s-shp-off,61,5686272,0.2,0.674,-1.0,-0.4348,0.0684,0.0002,-0.0172,0.0012,1.0,0.939
w10s-shp-off-s61,w10s-shp-off,61,5716992,0.36,0.777,-1.0,-0.4539,0.0697,0.0002,-0.0169,0.0013,1.0,0.939
w10s-shp-off-s61,w10s-shp-off,61,5747712,0.29,0.687,-1.0,-0.4923,0.0717,0.0002,-0.0185,0.0011,1.0,0.939
w10s-shp-off-s61,w10s-shp-off,61,5778432,0.22,0.621,-1.0,-0.4913,0.0731,0.0002,-0.0177,0.0012,1.0,0.939
w10s-shp-off-s61,w10s-shp-off,61,5809152,0.31,0.757,-1.0,-0.4979,0.0704,0.0002,-0.0179,0.0011,1.0,0.939
w10s-shp-off-s61,w10s-shp-off,61,5839872,0.31,0.734,-1.0,-0.3883,0.0699,0.0002,-0.0167,0.0012,1.0,0.939
w10s-shp-off-s61,w10s-shp-off,61,5870592,0.29,0.715,-1.0,-0.4194,0.0713,0.0002,-0.0177,0.0012,1.0,0.939
w10s-shp-off-s61,w10s-shp-off,61,5901312,0.28,0.694,-1.0,-0.3314,0.0708,0.0002,-0.0158,0.0012,1.0,0.939
w10s-shp-off-s61,w10s-shp-off,61,5932032,0.34,0.798,-1.0,-0.2514,0.0704,0.0002,-0.0177,0.0012,1.0,0.939
w10s-shp-off-s61,w10s-shp-off,61,5962752,0.26,0.699,-1.0,-0.2705,0.0719,0.0002,-0.0181,0.0012,1.0,0.939
w10s-shp-off-s61,w10s-shp-off,61,5993472,0.35,0.785,-1.0,-0.3442,0.0722,0.0002,-0.0173,0.0012,1.0,0.939
w10s-shp-off-s61,w10s-shp-off,61,6024192,0.31,0.713,-1.0,-0.2162,0.0711,0.0002,-0.019,0.0012,1.0,0.939
w10s-shp-off-s61,w10s-shp-off,61,6054912,0.33,0.759,-1.0,-0.3389,0.0685,0.0002,-0.0166,0.0011,1.0,0.939
w10s-shp-off-s61,w10s-shp-off,61,6085632,0.33,0.773,-1.0,-0.2576,0.0678,0.0002,-0.0173,0.0011,1.0,0.939
w10s-shp-off-s61,w10s-shp-off,61,6116352,0.35,0.759,-1.0,-0.3845,0.0696,0.0002,-0.0173,0.0012,1.0,0.938
w10s-shp-off-s61,w10s-shp-off,61,6147072,0.24,0.685,-1.0,-0.0709,0.0709,0.0002,-0.0185,0.0013,1.0,0.938
w10s-shp-off-s61,w10s-shp-off,61,6177792,0.23,0.662,-1.0,-0.3678,0.0674,0.0002,-0.0192,0.0012,1.0,0.938
w10s-shp-off-s61,w10s-shp-off,61,6208512,0.34,0.759,-1.0,-0.2585,0.0694,0.0002,-0.0171,0.0012,1.0,0.938
w10s-shp-off-s61,w10s-shp-off,61,6239232,0.35,0.751,-1.0,-0.2626,0.0671,0.0002,-0.0176,0.0013,1.0,0.938
w10s-shp-off-s61,w10s-shp-off,61,6269952,0.34,0.767,-1.0,-0.1674,0.0676,0.0002,-0.0181,0.0011,1.0,0.938
w10s-shp-off-s61,w10s-shp-off,61,6300672,0.25,0.686,-1.0,-0.2547,0.0697,0.0002,-0.0192,0.0012,1.0,0.938
w10s-shp-off-s61,w10s-shp-off,61,6331392,0.25,0.682,-1.0,-0.1416,0.0688,0.0002,-0.0187,0.0012,1.0,0.938
w10s-shp-off-s61,w10s-shp-off,61,6362112,0.25,0.651,-1.0,-0.2812,0.0717,0.0002,-0.0173,0.0012,1.0,0.938
w10s-shp-off-s61,w10s-shp-off,61,6392832,0.2,0.67,-1.0,-0.2296,0.0711,0.0002,-0.0178,0.0011,1.0,0.938
w10s-shp-off-s61,w10s-shp-off,61,6423552,0.35,0.785,-1.0,-0.0336,0.0689,0.0002,-0.0168,0.0012,1.0,0.938
w10s-shp-off-s61,w10s-shp-off,61,6454272,0.35,0.711,-1.0,-0.286,0.069,0.0002,-0.0167,0.0012,1.0,0.938
w10s-shp-off-s61,w10s-shp-off,61,6484992,0.31,0.762,-1.0,-0.5311,0.0686,0.0002,-0.0177,0.0012,1.0,0.938
w10s-shp-off-s61,w10s-shp-off,61,6515712,0.25,0.683,-1.0,-0.1557,0.0682,0.0002,-0.0186,0.0012,1.0,0.938
w10s-shp-off-s61,w10s-shp-off,61,6546432,0.39,0.79,-1.0,-0.3712,0.0716,0.0002,-0.0187,0.0011,1.0,0.938
w10s-shp-off-s61,w10s-shp-off,61,6577152,0.31,0.709,-1.0,-0.1197,0.0692,0.0002,-0.0183,0.0012,1.0,0.938
w10s-shp-off-s61,w10s-shp-off,61,6607872,0.27,0.671,-1.0,0.069,0.071,0.0002,-0.0179,0.0013,1.0,0.938
w10s-shp-off-s61,w10s-shp-off,61,6638592,0.35,0.781,-1.0,-0.2743,0.0711,0.0002,-0.0179,0.0012,1.0,0.938
w10s-shp-off-s61,w10s-shp-off,61,6669312,0.32,0.71,-1.0,-0.1016,0.0712,0.0002,-0.0178,0.0012,1.0,0.938
w10s-shp-off-s61,w10s-shp-off,61,6700032,0.44,0.877,-1.0,-0.2097,0.071,0.0002,-0.0174,0.0013,1.0,0.938
w10s-shp-off-s61,w10s-shp-off,61,6730752,0.31,0.732,-1.0,-0.1379,0.0714,0.0002,-0.0176,0.0011,1.0,0.938
w10s-shp-off-s61,w10s-shp-off,61,6761472,0.33,0.786,-1.0,-0.1901,0.0704,0.0002,-0.0181,0.0012,1.0,0.938
w10s-shp-off-s61,w10s-shp-off,61,6792192,0.37,0.795,-1.0,-0.4382,0.0691,0.0002,-0.0188,0.0013,1.0,0.938
w10s-shp-off-s61,w10s-shp-off,61,6822912,0.36,0.759,-1.0,0.0512,0.0674,0.0002,-0.0182,0.0012,1.0,0.938
w10s-shp-off-s61,w10s-shp-off,61,6853632,0.35,0.776,-1.0,-0.1444,0.0722,0.0002,-0.0177,0.0011,1.0,0.938
w10s-shp-off-s61,w10s-shp-off,61,6884352,0.36,0.743,-1.0,0.0726,0.07,0.0002,-0.0183,0.0011,1.0,0.938
w10s-shp-off-s61,w10s-shp-off,61,6915072,0.31,0.706,-1.0,-0.3144,0.07,0.0002,-0.0172,0.0011,1.0,0.937
w10s-shp-off-s61,w10s-shp-off,61,6945792,0.39,0.787,-1.0,-0.1212,0.0679,0.0002,-0.0181,0.0011,1.0,0.937
w10s-shp-off-s61,w10s-shp-off,61,6976512,0.35,0.776,-1.0,-0.1808,0.0693,0.0002,-0.0168,0.0012,1.0,0.937
w10s-shp-off-s61,w10s-shp-off,61,7007232,0.43,0.859,-1.0,-0.1839,0.0696,0.0002,-0.0169,0.0011,1.0,0.937
w10s-shp-off-s61,w10s-shp-off,61,7037952,0.27,0.703,-1.0,-0.2085,0.0703,0.0002,-0.0191,0.0012,1.0,0.937
w10s-shp-off-s61,w10s-shp-off,61,7068672,0.33,0.768,-1.0,-0.0823,0.072,0.0002,-0.0179,0.0011,1.0,0.937
w10s-shp-off-s61,w10s-shp-off,61,7099392,0.38,0.796,-1.0,-0.0812,0.0719,0.0002,-0.0165,0.0011,1.0,0.937
w10s-shp-off-s61,w10s-shp-off,61,7130112,0.34,0.783,-1.0,-0.2,0.0691,0.0002,-0.0173,0.0011,1.0,0.937
w10s-shp-off-s61,w10s-shp-off,61,7160832,0.36,0.77,-1.0,-0.2593,0.0696,0.0002,-0.0183,0.0012,1.0,0.937
w10s-shp-off-s61,w10s-shp-off,61,7191552,0.34,0.776,-1.0,-0.1486,0.0682,0.0002,-0.016,0.001,1.0,0.937
w10s-shp-off-s61,w10s-shp-off,61,7222272,0.3,0.752,-1.0,-0.0606,0.072,0.0002,-0.0176,0.0011,1.0,0.937
w10s-shp-off-s61,w10s-shp-off,61,7252992,0.42,0.828,-1.0,-0.2685,0.0685,0.0002,-0.0177,0.0011,1.0,0.937
w10s-shp-off-s61,w10s-shp-off,61,7283712,0.35,0.741,-1.0,-0.2207,0.0709,0.0002,-0.0174,0.0011,1.0,0.937
w10s-shp-off-s61,w10s-shp-off,61,7314432,0.38,0.794,-1.0,-0.1895,0.0698,0.0002,-0.0185,0.001,1.0,0.937
w10s-shp-off-s61,w10s-shp-off,61,7345152,0.49,0.906,-1.0,-0.2231,0.07,0.0002,-0.0185,0.0011,1.0,0.937
w10s-shp-off-s61,w10s-shp-off,61,7375872,0.44,0.865,-1.0,-0.2487,0.069,0.0002,-0.0184,0.001,1.0,0.937
w10s-shp-off-s61,w10s-shp-off,61,7406592,0.38,0.788,-1.0,-0.0868,0.0672,0.0002,-0.0182,0.001,1.0,0.937
w10s-shp-off-s61,w10s-shp-off,61,7437312,0.42,0.846,-1.0,-0.3447,0.0731,0.0002,-0.019,0.0011,1.0,0.937
w10s-shp-off-s61,w10s-shp-off,61,7468032,0.44,0.862,-1.0,-0.0673,0.0685,0.0002,-0.0169,0.001,1.0,0.937
w10s-shp-off-s61,w10s-shp-off,61,7498752,0.42,0.798,-1.0,0.0534,0.0714,0.0002,-0.0175,0.0012,1.0,0.937
w10s-shp-off-s61,w10s-shp-off,61,7529472,0.32,0.78,-1.0,-0.1643,0.0669,0.0002,-0.0161,0.001,1.0,0.937
w10s-shp-off-s61,w10s-shp-off,61,7560192,0.33,0.738,-1.0,-0.2607,0.0694,0.0002,-0.0179,0.0011,1.0,0.937
w10s-shp-off-s61,w10s-shp-off,61,7590912,0.32,0.784,-1.0,-0.1776,0.0677,0.0002,-0.0179,0.0011,1.0,0.937
w10s-shp-off-s61,w10s-shp-off,61,7621632,0.41,0.849,-1.0,-0.0674,0.0719,0.0002,-0.0168,0.0011,1.0,0.937
w10s-shp-off-s61,w10s-shp-off,61,7652352,0.39,0.821,-1.0,-0.0338,0.066,0.0002,-0.0171,0.0011,1.0,0.937
w10s-shp-off-s61,w10s-shp-off,61,7683072,0.42,0.856,-1.0,0.0868,0.0703,0.0002,-0.0174,0.0011,1.0,0.937
w10s-shp-off-s61,w10s-shp-off,61,7713792,0.4,0.844,-1.0,-0.1408,0.0695,0.0002,-0.0178,0.0011,1.0,0.937
w10s-shp-off-s61,w10s-shp-off,61,7744512,0.42,0.889,-1.0,0.1027,0.0683,0.0002,-0.0174,0.0011,1.0,0.937
w10s-shp-off-s61,w10s-shp-off,61,7775232,0.37,0.782,-1.0,-0.2395,0.0702,0.0002,-0.0185,0.001,1.0,0.937
w10s-shp-off-s61,w10s-shp-off,61,7805952,0.37,0.797,-1.0,0.0546,0.0691,0.0002,-0.0172,0.0009,1.0,0.936
w10s-shp-off-s61,w10s-shp-off,61,7836672,0.42,0.857,-1.0,-0.2077,0.0701,0.0002,-0.018,0.001,1.0,0.936
w10s-shp-off-s61,w10s-shp-off,61,7867392,0.46,0.83,-1.0,-0.078,0.0736,0.0002,-0.0173,0.0011,1.0,0.936
w10s-shp-off-s61,w10s-shp-off,61,7898112,0.38,0.811,-1.0,-0.0855,0.0694,0.0002,-0.0168,0.001,1.0,0.936
w10s-shp-off-s61,w10s-shp-off,61,7928832,0.33,0.77,-1.0,-0.0864,0.0718,0.0002,-0.0172,0.0011,1.0,0.936
w10s-shp-off-s61,w10s-shp-off,61,7959552,0.37,0.776,-1.0,-0.131,0.0668,0.0002,-0.0191,0.0009,1.0,0.936
w10s-shp-off-s61,w10s-shp-off,61,7990272,0.46,0.843,-1.0,0.081,0.0687,0.0002,-0.0172,0.001,1.0,0.936
w10s-shp-off-s61,w10s-shp-off,61,8020992,0.43,0.832,-1.0,-0.0235,0.0706,0.0002,-0.0169,0.001,1.0,0.936
w10s-shp-off-s61,w10s-shp-off,61,8051712,0.29,0.734,-1.0,0.0817,0.0678,0.0002,-0.0182,0.001,1.0,0.936
w10s-shp-off-s61,w10s-shp-off,61,8082432,0.44,0.819,-1.0,-0.0742,0.0703,0.0002,-0.0177,0.001,1.0,0.936
w10s-shp-off-s61,w10s-shp-off,61,8113152,0.39,0.832,-1.0,-0.0099,0.0698,0.0002,-0.0173,0.0011,1.0,0.936
w10s-shp-off-s61,w10s-shp-off,61,8143872,0.41,0.811,-1.0,-0.098,0.0707,0.0002,-0.0172,0.001,1.0,0.936
w10s-shp-off-s61,w10s-shp-off,61,8174592,0.49,0.893,-1.0,-0.029,0.0698,0.0002,-0.017,0.0011,1.0,0.936
w10s-shp-off-s61,w10s-shp-off,61,8205312,0.37,0.794,-1.0,0.1137,0.069,0.0002,-0.0172,0.0011,1.0,0.936
w10s-shp-off-s61,w10s-shp-off,61,8236032,0.33,0.752,-1.0,0.1001,0.0715,0.0002,-0.0193,0.001,1.0,0.936
w10s-shp-off-s61,w10s-shp-off,61,8266752,0.48,0.875,-1.0,-0.1871,0.0721,0.0002,-0.0192,0.001,1.0,0.936
w10s-shp-off-s61,w10s-shp-off,61,8297472,0.44,0.905,-1.0,0.0142,0.0688,0.0002,-0.0179,0.0011,1.0,0.936
w10s-shp-off-s61,w10s-shp-off,61,8328192,0.37,0.793,-1.0,-0.076,0.0718,0.0002,-0.0175,0.0011,1.0,0.936
w10s-shp-off-s61,w10s-shp-off,61,8358912,0.34,0.799,-1.0,-0.2641,0.0725,0.0002,-0.0173,0.001,1.0,0.936
w10s-shp-off-s61,w10s-shp-off,61,8389632,0.42,0.829,-1.0,-0.1299,0.0724,0.0002,-0.0184,0.0011,1.0,0.936
w10s-shp-off-s61,w10s-shp-off,61,8420352,0.44,0.823,-1.0,-0.0107,0.0712,0.0002,-0.0184,0.001,1.0,0.936
w10s-shp-off-s61,w10s-shp-off,61,8451072,0.37,0.792,-1.0,-0.0421,0.0674,0.0002,-0.0181,0.001,1.0,0.935
w10s-shp-off-s61,w10s-shp-off,61,8481792,0.41,0.839,-1.0,-0.2686,0.0692,0.0002,-0.0175,0.001,1.0,0.935
w10s-shp-off-s61,w10s-shp-off,61,8512512,0.43,0.825,-1.0,-0.1557,0.0708,0.0002,-0.0174,0.0011,1.0,0.935
w10s-shp-off-s61,w10s-shp-off,61,8543232,0.43,0.821,-1.0,0.2315,0.0703,0.0002,-0.0171,0.0009,1.0,0.935
w10s-shp-off-s61,w10s-shp-off,61,8573952,0.35,0.749,-1.0,0.035,0.0698,0.0002,-0.017,0.001,1.0,0.935
w10s-shp-off-s61,w10s-shp-off,61,8604672,0.41,0.819,-1.0,0.1663,0.0692,0.0002,-0.0183,0.0011,1.0,0.935
w10s-shp-off-s61,w10s-shp-off,61,8635392,0.43,0.842,-1.0,-0.0888,0.0719,0.0002,-0.0186,0.0011,1.0,0.935
w10s-shp-off-s61,w10s-shp-off,61,8666112,0.3,0.739,-1.0,0.0487,0.0709,0.0002,-0.0171,0.001,1.0,0.935
w10s-shp-off-s61,w10s-shp-off,61,8696832,0.36,0.786,-1.0,0.1008,0.0709,0.0002,-0.0171,0.001,1.0,0.935
w10s-shp-off-s61,w10s-shp-off,61,8727552,0.41,0.84,-1.0,-0.1657,0.0695,0.0002,-0.0165,0.001,1.0,0.935
w10s-shp-off-s61,w10s-shp-off,61,8758272,0.5,0.917,-1.0,0.0118,0.0672,0.0002,-0.0175,0.0009,1.0,0.935
w10s-shp-off-s61,w10s-shp-off,61,8788992,0.35,0.754,-1.0,0.1061,0.0702,0.0002,-0.0187,0.0011,1.0,0.935
w10s-shp-off-s61,w10s-shp-off,61,8819712,0.46,0.866,-1.0,0.1418,0.0678,0.0002,-0.0185,0.001,1.0,0.935
w10s-shp-off-s61,w10s-shp-off,61,8850432,0.41,0.865,-1.0,-0.0994,0.0689,0.0002,-0.0191,0.0011,1.0,0.935
w10s-shp-off-s61,w10s-shp-off,61,8881152,0.41,0.807,-1.0,0.1008,0.0664,0.0002,-0.0175,0.001,1.0,0.935
w10s-shp-off-s61,w10s-shp-off,61,8911872,0.5,0.907,-1.0,0.1142,0.07,0.0002,-0.0183,0.001,1.0,0.935
w10s-shp-off-s61,w10s-shp-off,61,8942592,0.44,0.853,-1.0,-0.0958,0.0661,0.0002,-0.0196,0.001,1.0,0.935
w10s-shp-off-s61,w10s-shp-off,61,8973312,0.51,0.92,-1.0,0.0292,0.0749,0.0002,-0.0188,0.001,1.0,0.935
w10s-shp-off-s61,w10s-shp-off,61,9004032,0.47,0.867,-1.0,-0.0181,0.0695,0.0002,-0.0178,0.001,1.0,0.935
w10s-shp-off-s61,w10s-shp-off,61,9034752,0.47,0.903,-1.0,0.2671,0.0697,0.0002,-0.0182,0.0011,1.0,0.935
w10s-shp-off-s61,w10s-shp-off,61,9065472,0.38,0.777,-1.0,0.0046,0.0728,0.0002,-0.018,0.001,1.0,0.935
w10s-shp-off-s61,w10s-shp-off,61,9096192,0.43,0.866,-1.0,0.0723,0.0704,0.0002,-0.0184,0.0011,1.0,0.935
w10s-shp-off-s61,w10s-shp-off,61,9126912,0.43,0.842,-1.0,-0.0444,0.0711,0.0002,-0.0178,0.001,1.0,0.935
w10s-shp-off-s61,w10s-shp-off,61,9157632,0.44,0.849,-1.0,-0.1567,0.0674,0.0002,-0.0168,0.001,1.0,0.935
w10s-shp-off-s61,w10s-shp-off,61,9188352,0.42,0.849,-1.0,-0.0389,0.071,0.0002,-0.0181,0.0011,1.0,0.934
w10s-shp-off-s61,w10s-shp-off,61,9219072,0.4,0.865,-1.0,0.0976,0.0682,0.0002,-0.0177,0.001,1.0,0.934
w10s-shp-off-s61,w10s-shp-off,61,9249792,0.47,0.887,-1.0,0.0467,0.0711,0.0002,-0.0172,0.0011,1.0,0.934
w10s-shp-off-s61,w10s-shp-off,61,9280512,0.46,0.89,-1.0,-0.1375,0.0712,0.0002,-0.0181,0.0011,1.0,0.934
w10s-shp-off-s61,w10s-shp-off,61,9311232,0.47,0.883,-1.0,0.052,0.0695,0.0002,-0.0174,0.001,1.0,0.934
w10s-shp-off-s61,w10s-shp-off,61,9341952,0.49,0.903,-1.0,0.0416,0.0709,0.0002,-0.0183,0.0011,1.0,0.934
w10s-shp-off-s61,w10s-shp-off,61,9372672,0.45,0.892,-1.0,0.0764,0.0692,0.0002,-0.0176,0.0009,1.0,0.934
w10s-shp-off-s61,w10s-shp-off,61,9403392,0.51,0.91,-1.0,0.0621,0.0693,0.0002,-0.0185,0.0008,1.0,0.934
w10s-shp-off-s61,w10s-shp-off,61,9434112,0.46,0.885,-1.0,0.0331,0.0666,0.0002,-0.0166,0.001,1.0,0.934
w10s-shp-off-s61,w10s-shp-off,61,9464832,0.42,0.858,-1.0,0.0808,0.0719,0.0002,-0.0181,0.001,1.0,0.934
w10s-shp-off-s61,w10s-shp-off,61,9495552,0.45,0.875,-1.0,0.0804,0.0704,0.0002,-0.0183,0.001,1.0,0.934
w10s-shp-off-s61,w10s-shp-off,61,9526272,0.41,0.832,-1.0,0.1484,0.0726,0.0002,-0.0183,0.001,1.0,0.934
w10s-shp-off-s61,w10s-shp-off,61,9556992,0.5,0.923,-1.0,0.0797,0.0702,0.0002,-0.0166,0.001,1.0,0.934
w10s-shp-off-s61,w10s-shp-off,61,9587712,0.5,0.899,-1.0,-0.1408,0.0699,0.0002,-0.0181,0.001,1.0,0.934
w10s-shp-off-s61,w10s-shp-off,61,9618432,0.4,0.825,-1.0,0.3107,0.0702,0.0002,-0.0182,0.001,1.0,0.934
w10s-shp-off-s61,w10s-shp-off,61,9649152,0.47,0.9,-1.0,0.1602,0.0678,0.0002,-0.0175,0.0009,1.0,0.934
w10s-shp-off-s61,w10s-shp-off,61,9679872,0.45,0.862,-1.0,0.227,0.0698,0.0002,-0.0179,0.0011,1.0,0.934
w10s-shp-off-s61,w10s-shp-off,61,9710592,0.41,0.867,-1.0,-0.0191,0.0711,0.0002,-0.0185,0.001,1.0,0.934
w10s-shp-off-s61,w10s-shp-off,61,9741312,0.49,0.915,-1.0,0.1369,0.0707,0.0002,-0.0183,0.0009,1.0,0.934
w10s-shp-off-s61,w10s-shp-off,61,9772032,0.42,0.86,-1.0,0.2198,0.0706,0.0002,-0.0171,0.001,1.0,0.933
w10s-shp-off-s61,w10s-shp-off,61,9802752,0.45,0.832,-1.0,-0.104,0.0696,0.0002,-0.0171,0.001,1.0,0.933
w10s-shp-off-s61,w10s-shp-off,61,9833472,0.53,0.926,-1.0,0.0616,0.0697,0.0002,-0.0168,0.0009,1.0,0.933
w10s-shp-off-s61,w10s-shp-off,61,9864192,0.42,0.852,-1.0,-0.0284,0.0719,0.0002,-0.0192,0.0009,1.0,0.933
w10s-shp-off-s61,w10s-shp-off,61,9894912,0.46,0.887,-1.0,0.2553,0.0667,0.0002,-0.0177,0.001,1.0,0.933
w10s-shp-off-s61,w10s-shp-off,61,9925632,0.42,0.886,-1.0,0.2002,0.0677,0.0002,-0.0175,0.0009,1.0,0.933
w10s-shp-off-s61,w10s-shp-off,61,9956352,0.49,0.895,-1.0,-0.1368,0.0692,0.0002,-0.0176,0.001,1.0,0.933
w10s-shp-off-s61,w10s-shp-off,61,9987072,0.47,0.907,-1.0,0.162,0.07,0.0002,-0.0182,0.0011,1.0,0.933
w10s-shp-off-s61,w10s-shp-off,61,10017792,0.55,0.942,-1.0,0.1608,0.0712,0.0002,-0.0193,0.0009,1.0,0.933
w10s-shp-off-s61,w10s-shp-off,61,10048512,0.45,0.901,-1.0,0.1039,0.0731,0.0002,-0.0191,0.0011,1.0,0.933
w10s-shp-off-s61,w10s-shp-off,61,10079232,0.45,0.846,-1.0,0.0795,0.0726,0.0002,-0.0182,0.001,1.0,0.933
w10s-shp-off-s61,w10s-shp-off,61,10109952,0.34,0.789,-1.0,0.1813,0.0704,0.0002,-0.0183,0.001,1.0,0.933
w10s-shp-off-s61,w10s-shp-off,61,10140672,0.51,0.952,-1.0,0.2781,0.0708,0.0002,-0.0181,0.001,1.0,0.933
w10s-shp-off-s61,w10s-shp-off,61,10171392,0.43,0.877,-1.0,0.0077,0.0721,0.0002,-0.0174,0.001,1.0,0.933
w10s-shp-off-s61,w10s-shp-off,61,10202112,0.44,0.84,-1.0,0.08,0.0708,0.0002,-0.0174,0.0009,1.0,0.933
w10s-shp-off-s61,w10s-shp-off,61,10232832,0.52,0.972,-1.0,0.3191,0.0658,0.0002,-0.0188,0.001,1.0,0.933
w10s-shp-off-s61,w10s-shp-off,61,10263552,0.49,0.916,-1.0,0.1637,0.0712,0.0002,-0.0181,0.0009,1.0,0.932
w10s-shp-off-s61,w10s-shp-off,61,10294272,0.52,0.943,-1.0,0.2944,0.068,0.0002,-0.0176,0.001,1.0,0.932
w10s-shp-off-s61,w10s-shp-off,61,10324992,0.49,0.923,-1.0,0.1579,0.0705,0.0002,-0.0177,0.001,1.0,0.932
w10s-shp-off-s61,w10s-shp-off,61,10355712,0.57,0.958,-1.0,0.087,0.0692,0.0002,-0.0174,0.001,1.0,0.932
w10s-shp-off-s61,w10s-shp-off,61,10386432,0.5,0.921,-1.0,0.1063,0.0698,0.0002,-0.0195,0.001,1.0,0.932
w10s-shp-off-s61,w10s-shp-off,61,10417152,0.6,1.024,-1.0,0.1832,0.0678,0.0002,-0.0178,0.001,1.0,0.932
w10s-shp-off-s61,w10s-shp-off,61,10447872,0.42,0.865,-1.0,0.1258,0.0718,0.0002,-0.0184,0.001,1.0,0.932
w10s-shp-off-s61,w10s-shp-off,61,10478592,0.52,0.92,-1.0,0.1137,0.0697,0.0002,-0.0186,0.001,1.0,0.932
w10s-shp-off-s61,w10s-shp-off,61,10509312,0.49,0.92,-1.0,0.2272,0.0713,0.0002,-0.0181,0.0009,1.0,0.932
w10s-shp-off-s61,w10s-shp-off,61,10540032,0.48,0.938,-1.0,0.1235,0.0706,0.0002,-0.0183,0.001,1.0,0.932
w10s-shp-off-s61,w10s-shp-off,61,10570752,0.43,0.874,-1.0,0.1969,0.0703,0.0002,-0.0175,0.001,1.0,0.932
w10s-shp-off-s61,w10s-shp-off,61,10601472,0.41,0.867,-1.0,0.1106,0.0679,0.0002,-0.0175,0.0009,1.0,0.932
w10s-shp-off-s61,w10s-shp-off,61,10632192,0.52,0.95,-1.0,-0.0059,0.0681,0.0002,-0.0189,0.0009,1.0,0.932
w10s-shp-off-s61,w10s-shp-off,61,10662912,0.47,0.898,-1.0,0.4049,0.0715,0.0002,-0.019,0.0009,1.0,0.931
w10s-shp-off-s61,w10s-shp-off,61,10693632,0.5,0.95,-1.0,0.218,0.0692,0.0002,-0.0185,0.0009,1.0,0.931
w10s-shp-off-s61,w10s-shp-off,61,10724352,0.36,0.85,-1.0,0.5225,0.071,0.0002,-0.0173,0.001,1.0,0.931
w10s-shp-off-s61,w10s-shp-off,61,10755072,0.52,0.931,-1.0,0.306,0.0721,0.0002,-0.0193,0.0009,1.0,0.931
w10s-shp-off-s61,w10s-shp-off,61,10785792,0.5,0.917,-1.0,0.1084,0.0656,0.0002,-0.019,0.0009,1.0,0.931
w10s-shp-off-s61,w10s-shp-off,61,10816512,0.58,1.004,-1.0,0.2905,0.0727,0.0002,-0.0162,0.001,1.0,0.931
w10s-shp-off-s61,w10s-shp-off,61,10847232,0.46,0.899,-1.0,0.1131,0.0695,0.0002,-0.0196,0.001,1.0,0.931
w10s-shp-off-s61,w10s-shp-off,61,10877952,0.54,0.944,-1.0,0.1749,0.0714,0.0002,-0.0195,0.001,1.0,0.931
w10s-shp-off-s61,w10s-shp-off,61,10908672,0.51,0.955,-1.0,0.3279,0.0725,0.0002,-0.0194,0.001,1.0,0.931
w10s-shp-off-s61,w10s-shp-off,61,10939392,0.45,0.919,-1.0,0.2814,0.0699,0.0002,-0.0185,0.0009,1.0,0.931
w10s-shp-off-s61,w10s-shp-off,61,10970112,0.43,0.883,-1.0,0.1545,0.0713,0.0002,-0.0178,0.0009,1.0,0.931
w10s-shp-off-s61,w10s-shp-off,61,11000832,0.47,0.916,-1.0,0.1232,0.0724,0.0002,-0.0183,0.001,1.0,0.931
w10s-shp-off-s61,w10s-shp-off,61,11031552,0.57,1.004,-1.0,0.1949,0.0718,0.0002,-0.0189,0.0009,1.0,0.931
w10s-shp-off-s61,w10s-shp-off,61,11062272,0.54,0.986,-1.0,0.3876,0.0709,0.0002,-0.0164,0.001,1.0,0.931
w10s-shp-off-s61,w10s-shp-off,61,11092992,0.46,0.928,-1.0,0.37,0.0674,0.0002,-0.0174,0.0009,1.0,0.93
w10s-shp-off-s61,w10s-shp-off,61,11123712,0.5,0.971,-1.0,0.2263,0.0739,0.0002,-0.0183,0.0011,1.0,0.93
w10s-shp-off-s61,w10s-shp-off,61,11154432,0.53,0.952,-1.0,0.3661,0.0708,0.0002,-0.0185,0.001,1.0,0.93
w10s-shp-off-s61,w10s-shp-off,61,11185152,0.46,0.934,-1.0,0.1051,0.0671,0.0002,-0.0189,0.0009,1.0,0.93
w10s-shp-off-s61,w10s-shp-off,61,11215872,0.51,0.968,-1.0,0.2308,0.0676,0.0002,-0.0191,0.001,1.0,0.93
w10s-shp-off-s61,w10s-shp-off,61,11246592,0.51,0.962,-1.0,0.2704,0.0675,0.0002,-0.0186,0.0008,1.0,0.93
w10s-shp-off-s61,w10s-shp-off,61,11277312,0.56,0.972,-1.0,0.496,0.0689,0.0002,-0.0183,0.0009,1.0,0.93
w10s-shp-off-s61,w10s-shp-off,61,11308032,0.54,1.014,-1.0,0.2709,0.073,0.0002,-0.0187,0.001,1.0,0.93
w10s-shp-off-s61,w10s-shp-off,61,11338752,0.52,0.964,-1.0,0.247,0.0699,0.0002,-0.0173,0.0008,1.0,0.93
w10s-shp-off-s61,w10s-shp-off,61,11369472,0.53,1.018,-1.0,0.2789,0.072,0.0002,-0.0185,0.0011,1.0,0.93
w10s-shp-off-s61,w10s-shp-off,61,11400192,0.47,0.914,-1.0,0.218,0.0671,0.0002,-0.0185,0.0009,1.0,0.93
w10s-shp-off-s61,w10s-shp-off,61,11430912,0.58,1.0,-1.0,0.1782,0.0688,0.0002,-0.019,0.001,1.0,0.93
w10s-shp-off-s61,w10s-shp-off,61,11461632,0.64,1.076,-1.0,0.2355,0.0675,0.0002,-0.018,0.0009,1.0,0.93
w10s-shp-off-s61,w10s-shp-off,61,11492352,0.6,1.04,-1.0,0.1195,0.0686,0.0002,-0.0175,0.0009,1.0,0.929
w10s-shp-off-s61,w10s-shp-off,61,11523072,0.48,0.948,-1.0,0.3926,0.0694,0.0002,-0.0173,0.001,1.0,0.929
w10s-shp-off-s61,w10s-shp-off,61,11553792,0.5,0.997,-1.0,0.4243,0.0676,0.0002,-0.0179,0.001,1.0,0.929
w10s-shp-off-s61,w10s-shp-off,61,11584512,0.56,0.998,-1.0,0.2285,0.0696,0.0002,-0.0173,0.001,1.0,0.929
w10s-shp-off-s61,w10s-shp-off,61,11615232,0.53,0.984,-1.0,0.266,0.0675,0.0002,-0.0177,0.0009,1.0,0.929
w10s-shp-off-s61,w10s-shp-off,61,11645952,0.57,1.027,-1.0,0.2013,0.0708,0.0002,-0.0195,0.0009,1.0,0.929
w10s-shp-off-s61,w10s-shp-off,61,11676672,0.5,0.975,-1.0,0.102,0.069,0.0002,-0.0185,0.001,1.0,0.929
w10s-shp-off-s61,w10s-shp-off,61,11707392,0.59,1.036,-1.0,0.3966,0.0715,0.0002,-0.0195,0.001,1.0,0.929
w10s-shp-off-s61,w10s-shp-off,61,11738112,0.62,1.084,-1.0,0.3362,0.0707,0.0002,-0.0176,0.0009,1.0,0.929
w10s-shp-off-s61,w10s-shp-off,61,11768832,0.56,0.982,-1.0,0.4,0.0693,0.0002,-0.0169,0.0009,1.0,0.929
w10s-shp-off-s61,w10s-shp-off,61,11799552,0.54,0.998,-1.0,0.4399,0.0689,0.0002,-0.0183,0.001,1.0,0.929
w10s-shp-off-s61,w10s-shp-off,61,11830272,0.56,1.042,-1.0,0.2386,0.0693,0.0002,-0.0188,0.0009,1.0,0.929
w10s-shp-off-s61,w10s-shp-off,61,11860992,0.52,0.988,-1.0,0.4379,0.0713,0.0002,-0.0184,0.001,1.0,0.928
w10s-shp-off-s61,w10s-shp-off,61,11891712,0.49,0.99,-1.0,0.3768,0.0712,0.0002,-0.0182,0.001,1.0,0.928
w10s-shp-off-s61,w10s-shp-off,61,11922432,0.68,1.137,-1.0,0.3283,0.0723,0.0002,-0.0185,0.001,1.0,0.928
w10s-shp-off-s61,w10s-shp-off,61,11953152,0.48,0.942,-1.0,0.2539,0.0706,0.0002,-0.0193,0.0009,1.0,0.928
w10s-shp-off-s61,w10s-shp-off,61,11983872,0.54,0.993,-1.0,0.4065,0.0746,0.0002,-0.0193,0.0009,1.0,0.928
w10s-shp-off-s61,w10s-shp-off,61,12014592,0.62,1.055,-1.0,0.6806,0.0671,0.0002,-0.0182,0.0009,1.0,0.928
w10s-shp-off-s61,w10s-shp-off,61,12045312,0.61,1.058,-1.0,0.3601,0.0689,0.0002,-0.0186,0.0009,1.0,0.928
w10s-shp-off-s61,w10s-shp-off,61,12076032,0.61,1.061,-1.0,0.1635,0.0721,0.0002,-0.0184,0.001,1.0,0.928
w10s-shp-off-s61,w10s-shp-off,61,12106752,0.54,1.004,-1.0,0.4651,0.0716,0.0002,-0.018,0.0009,1.0,0.928
w10s-shp-off-s61,w10s-shp-off,61,12137472,0.55,0.997,-1.0,0.5497,0.0693,0.0002,-0.0184,0.0009,1.0,0.928
w10s-shp-off-s61,w10s-shp-off,61,12168192,0.49,0.965,-1.0,0.3043,0.0722,0.0002,-0.019,0.001,1.0,0.928
w10s-shp-off-s61,w10s-shp-off,61,12198912,0.54,0.941,-1.0,0.4486,0.0718,0.0002,-0.0175,0.0009,1.0,0.928
w10s-shp-off-s61,w10s-shp-off,61,12229632,0.57,0.98,-1.0,0.4613,0.0714,0.0002,-0.0182,0.001,1.0,0.927
w10s-shp-off-s61,w10s-shp-off,61,12260352,0.59,1.036,-1.0,0.4082,0.0682,0.0002,-0.0183,0.0009,1.0,0.927
w10s-shp-off-s61,w10s-shp-off,61,12291072,0.57,1.025,-1.0,0.2823,0.0697,0.0002,-0.0179,0.0009,1.0,0.927
w10s-shp-off-s61,w10s-shp-off,61,12321792,0.55,0.994,-1.0,0.5004,0.0696,0.0002,-0.0193,0.0009,1.0,0.927
w10s-shp-off-s61,w10s-shp-off,61,12352512,0.63,1.092,-1.0,0.4868,0.0702,0.0002,-0.0188,0.0009,1.0,0.927
w10s-shp-off-s61,w10s-shp-off,61,12383232,0.55,1.01,-1.0,0.131,0.0747,0.0002,-0.0191,0.001,1.0,0.927
w10s-shp-off-s61,w10s-shp-off,61,12413952,0.61,1.052,-1.0,0.5395,0.069,0.0002,-0.0176,0.0009,1.0,0.927
w10s-shp-off-s61,w10s-shp-off,61,12444672,0.54,0.965,-1.0,0.3599,0.0698,0.0002,-0.018,0.001,1.0,0.927
w10s-shp-off-s61,w10s-shp-off,61,12475392,0.64,1.07,-1.0,0.2593,0.0703,0.0002,-0.0191,0.0009,1.0,0.927
w10s-shp-off-s61,w10s-shp-off,61,12506112,0.58,1.023,-1.0,0.2592,0.0722,0.0002,-0.0184,0.0011,1.0,0.927
w10s-shp-off-s61,w10s-shp-off,61,12536832,0.62,1.028,-1.0,0.3079,0.0729,0.0002,-0.0182,0.0009,1.0,0.927
w10s-shp-off-s61,w10s-shp-off,61,12567552,0.57,1.01,-1.0,0.4613,0.0706,0.0002,-0.0186,0.0009,1.0,0.927
w10s-shp-off-s61,w10s-shp-off,61,12598272,0.59,1.033,-1.0,0.3306,0.072,0.0002,-0.0174,0.0009,1.0,0.927
w10s-shp-off-s61,w10s-shp-off,61,12628992,0.5,0.953,-1.0,0.3964,0.0723,0.0002,-0.0172,0.0009,1.0,0.926
w10s-shp-off-s61,w10s-shp-off,61,12659712,0.63,1.069,-1.0,0.238,0.0714,0.0002,-0.0169,0.001,1.0,0.926
w10s-shp-off-s61,w10s-shp-off,61,12690432,0.51,0.994,-1.0,0.4204,0.0689,0.0002,-0.0186,0.0009,1.0,0.926
w10s-shp-off-s61,w10s-shp-off,61,12721152,0.56,1.014,-1.0,0.5805,0.073,0.0002,-0.0178,0.001,1.0,0.926
w10s-shp-off-s61,w10s-shp-off,61,12751872,0.74,1.151,-1.0,0.456,0.0703,0.0002,-0.0171,0.0009,1.0,0.926
w10s-shp-off-s61,w10s-shp-off,61,12782592,0.62,1.08,-1.0,0.4088,0.0676,0.0002,-0.0195,0.0009,1.0,0.926
w10s-shp-off-s61,w10s-shp-off,61,12813312,0.71,1.142,-1.0,0.6173,0.0708,0.0002,-0.0183,0.0009,1.0,0.926
w10s-shp-off-s61,w10s-shp-off,61,12844032,0.57,0.991,-1.0,0.5325,0.0718,0.0002,-0.0186,0.0009,1.0,0.926
w10s-shp-off-s61,w10s-shp-off,61,12874752,0.6,1.044,-1.0,0.6356,0.0689,0.0002,-0.0187,0.0009,1.0,0.926
w10s-shp-off-s61,w10s-shp-off,61,12905472,0.62,1.085,-1.0,0.5429,0.0658,0.0002,-0.0185,0.0009,1.0,0.926
w10s-shp-off-s61,w10s-shp-off,61,12936192,0.69,1.142,-1.0,0.5547,0.0697,0.0002,-0.0179,0.001,1.0,0.926
w10s-shp-off-s61,w10s-shp-off,61,12966912,0.61,1.061,-1.0,0.6743,0.0684,0.0002,-0.0183,0.0009,1.0,0.926
w10s-shp-off-s61,w10s-shp-off,61,12997632,0.57,1.038,-1.0,0.3005,0.07,0.0002,-0.0189,0.001,1.0,0.926
w10s-shp-off-s61,w10s-shp-off,61,13028352,0.62,1.059,-1.0,0.2946,0.0687,0.0002,-0.0176,0.0009,1.0,0.926
w10s-shp-off-s61,w10s-shp-off,61,13059072,0.58,1.039,-1.0,0.2355,0.071,0.0002,-0.0176,0.0009,1.0,0.925
w10s-shp-off-s61,w10s-shp-off,61,13089792,0.67,1.074,-1.0,0.5326,0.0707,0.0002,-0.0184,0.0009,1.0,0.925
w10s-shp-off-s61,w10s-shp-off,61,13120512,0.58,1.022,-1.0,0.4379,0.0687,0.0002,-0.0179,0.0009,1.0,0.925
w10s-shp-off-s61,w10s-shp-off,61,13151232,0.65,1.086,-1.0,0.6655,0.07,0.0002,-0.0189,0.0009,1.0,0.925
w10s-shp-off-s61,w10s-shp-off,61,13181952,0.71,1.149,-1.0,0.6478,0.0719,0.0002,-0.0207,0.001,1.0,0.925
w10s-shp-off-s61,w10s-shp-off,61,13212672,0.56,1.005,-1.0,0.3893,0.0677,0.0002,-0.0179,0.001,1.0,0.925
w10s-shp-off-s61,w10s-shp-off,61,13243392,0.66,1.091,-1.0,0.43,0.0686,0.0002,-0.0173,0.0009,1.0,0.925
w10s-shp-off-s61,w10s-shp-off,61,13274112,0.68,1.118,-1.0,0.4403,0.0728,0.0002,-0.0188,0.0009,1.0,0.925
w10s-shp-off-s61,w10s-shp-off,61,13304832,0.59,1.047,-1.0,0.5116,0.0693,0.0002,-0.0193,0.001,1.0,0.925
w10s-shp-off-s61,w10s-shp-off,61,13335552,0.67,1.122,-1.0,0.5595,0.0698,0.0002,-0.0174,0.0009,1.0,0.925
w10s-shp-off-s61,w10s-shp-off,61,13366272,0.64,1.11,-1.0,0.3853,0.0713,0.0002,-0.0174,0.0009,1.0,0.925
w10s-shp-off-s61,w10s-shp-off,61,13396992,0.61,1.07,-1.0,0.4793,0.0732,0.0002,-0.0171,0.001,1.0,0.925
w10s-shp-off-s61,w10s-shp-off,61,13427712,0.65,1.107,-1.0,0.5807,0.0708,0.0002,-0.0178,0.001,1.0,0.925
w10s-shp-off-s61,w10s-shp-off,61,13458432,0.68,1.156,-1.0,0.4494,0.071,0.0002,-0.0191,0.001,1.0,0.925
w10s-shp-off-s61,w10s-shp-off,61,13489152,0.6,1.061,-1.0,0.4481,0.0709,0.0002,-0.0185,0.001,1.0,0.924
w10s-shp-off-s61,w10s-shp-off,61,13519872,0.6,1.052,-1.0,0.5801,0.0703,0.0002,-0.0192,0.0009,1.0,0.924
w10s-shp-off-s61,w10s-shp-off,61,13550592,0.63,1.099,-1.0,0.4174,0.071,0.0002,-0.0173,0.0009,1.0,0.924
w10s-shp-off-s61,w10s-shp-off,61,13581312,0.66,1.101,-1.0,0.3249,0.0723,0.0002,-0.0164,0.0009,1.0,0.924
w10s-shp-off-s61,w10s-shp-off,61,13612032,0.62,1.092,-1.0,0.3328,0.0719,0.0002,-0.0187,0.001,1.0,0.924
w10s-shp-off-s61,w10s-shp-off,61,13642752,0.67,1.126,-1.0,0.5223,0.0697,0.0002,-0.0192,0.0009,1.0,0.924
w10s-shp-off-s61,w10s-shp-off,61,13673472,0.63,1.109,-1.0,0.6321,0.0706,0.0002,-0.016,0.001,1.0,0.924
w10s-shp-off-s61,w10s-shp-off,61,13704192,0.54,1.031,-1.0,0.4166,0.0713,0.0002,-0.0197,0.0011,1.0,0.924
w10s-shp-off-s61,w10s-shp-off,61,13734912,0.7,1.146,-1.0,0.5761,0.0695,0.0002,-0.0169,0.0009,1.0,0.924
w10s-shp-off-s61,w10s-shp-off,61,13765632,0.6,1.094,-1.0,0.5396,0.071,0.0002,-0.0195,0.0009,1.0,0.924
w10s-shp-off-s61,w10s-shp-off,61,13796352,0.64,1.1,-1.0,0.4842,0.0721,0.0002,-0.0184,0.0009,1.0,0.924
w10s-shp-off-s61,w10s-shp-off,61,13827072,0.64,1.088,-1.0,0.5383,0.0716,0.0002,-0.0182,0.0009,1.0,0.924
w10s-shp-off-s61,w10s-shp-off,61,13857792,0.71,1.181,-1.0,0.4857,0.0699,0.0002,-0.0177,0.0009,1.0,0.924
w10s-shp-off-s61,w10s-shp-off,61,13888512,0.59,1.079,-1.0,0.6893,0.0708,0.0002,-0.0171,0.001,1.0,0.924
w10s-shp-off-s61,w10s-shp-off,61,13919232,0.68,1.124,-1.0,0.4441,0.0692,0.0002,-0.0186,0.0009,1.0,0.923
w10s-shp-off-s61,w10s-shp-off,61,13949952,0.69,1.146,-1.0,0.6499,0.0735,0.0002,-0.0185,0.0009,1.0,0.923
w10s-shp-off-s61,w10s-shp-off,61,13980672,0.68,1.129,-1.0,0.4956,0.068,0.0002,-0.0174,0.001,1.0,0.923
w10s-shp-off-s61,w10s-shp-off,61,14011392,0.63,1.099,-1.0,0.5105,0.0699,0.0002,-0.0181,0.0009,1.0,0.923
w10s-shp-off-s61,w10s-shp-off,61,14042112,0.6,1.053,-1.0,0.5132,0.0713,0.0002,-0.0181,0.0009,1.0,0.923
w10s-shp-off-s61,w10s-shp-off,61,14072832,0.66,1.123,-1.0,0.6132,0.0672,0.0002,-0.0175,0.0009,1.0,0.923
w10s-shp-off-s61,w10s-shp-off,61,14103552,0.68,1.109,-1.0,0.4431,0.072,0.0002,-0.0177,0.0009,1.0,0.923
w10s-shp-off-s61,w10s-shp-off,61,14134272,0.63,1.106,-1.0,0.8545,0.0679,0.0002,-0.0179,0.0009,1.0,0.923
w10s-shp-off-s61,w10s-shp-off,61,14164992,0.72,1.173,-1.0,0.6634,0.0701,0.0002,-0.019,0.0009,1.0,0.923
w10s-shp-off-s61,w10s-shp-off,61,14195712,0.56,1.073,-1.0,0.4328,0.0677,0.0002,-0.0192,0.0009,1.0,0.923
w10s-shp-off-s61,w10s-shp-off,61,14226432,0.63,1.064,-1.0,0.6058,0.0694,0.0002,-0.0184,0.0009,1.0,0.923
w10s-shp-off-s61,w10s-shp-off,61,14257152,0.66,1.131,-1.0,0.5031,0.0715,0.0002,-0.0179,0.0008,1.0,0.923
w10s-shp-off-s61,w10s-shp-off,61,14287872,0.68,1.136,-1.0,0.6103,0.0714,0.0002,-0.0183,0.001,1.0,0.923
w10s-shp-off-s61,w10s-shp-off,61,14318592,0.67,1.13,-1.0,0.4373,0.0701,0.0002,-0.0172,0.0009,1.0,0.923
w10s-shp-off-s61,w10s-shp-off,61,14349312,0.74,1.172,-1.0,0.4395,0.069,0.0002,-0.0179,0.0009,1.0,0.923
w10s-shp-off-s61,w10s-shp-off,61,14380032,0.61,1.08,-1.0,0.6118,0.0708,0.0002,-0.0181,0.0009,1.0,0.923
w10s-shp-off-s61,w10s-shp-off,61,14410752,0.65,1.115,-1.0,0.5953,0.0716,0.0002,-0.0179,0.0009,1.0,0.922
w10s-shp-off-s61,w10s-shp-off,61,14441472,0.69,1.16,-1.0,0.5891,0.0715,0.0002,-0.0192,0.0009,1.0,0.922
w10s-shp-off-s61,w10s-shp-off,61,14472192,0.69,1.106,-1.0,0.6525,0.0705,0.0002,-0.0194,0.0009,1.0,0.922
w10s-shp-off-s61,w10s-shp-off,61,14502912,0.65,1.096,-1.0,0.7341,0.0686,0.0002,-0.0177,0.0009,1.0,0.922
w10s-shp-off-s61,w10s-shp-off,61,14533632,0.64,1.104,-1.0,0.5241,0.0703,0.0002,-0.0178,0.0008,1.0,0.922
w10s-shp-off-s61,w10s-shp-off,61,14564352,0.62,1.095,-1.0,0.4396,0.0686,0.0002,-0.0178,0.0009,1.0,0.922
w10s-shp-off-s61,w10s-shp-off,61,14595072,0.71,1.153,-1.0,0.6264,0.0672,0.0002,-0.0174,0.0009,1.0,0.922
w10s-shp-off-s61,w10s-shp-off,61,14625792,0.66,1.114,-1.0,0.6354,0.0689,0.0002,-0.018,0.0009,1.0,0.922
w10s-shp-off-s61,w10s-shp-off,61,14656512,0.68,1.127,-1.0,0.4943,0.0719,0.0002,-0.0172,0.0009,1.0,0.922
w10s-shp-off-s61,w10s-shp-off,61,14687232,0.65,1.112,-1.0,0.5907,0.0684,0.0002,-0.0168,0.0009,1.0,0.922
w10s-shp-off-s61,w10s-shp-off,61,14717952,0.68,1.114,-1.0,0.6474,0.0676,0.0002,-0.0176,0.0009,1.0,0.922
w10s-shp-off-s61,w10s-shp-off,61,14748672,0.58,1.029,-1.0,0.5093,0.071,0.0002,-0.018,0.0009,1.0,0.922
w10s-shp-off-s61,w10s-shp-off,61,14779392,0.7,1.15,-1.0,0.4981,0.0699,0.0002,-0.0182,0.0009,1.0,0.922
w10s-shp-off-s61,w10s-shp-off,61,14810112,0.7,1.135,-1.0,0.6949,0.0715,0.0002,-0.017,0.001,1.0,0.922
w10s-shp-off-s61,w10s-shp-off,61,14840832,0.67,1.139,-1.0,0.5379,0.0711,0.0002,-0.0172,0.0008,1.0,0.922
w10s-shp-off-s61,w10s-shp-off,61,14871552,0.75,1.162,-1.0,0.7913,0.0702,0.0002,-0.0174,0.0008,1.0,0.922
w10s-shp-off-s61,w10s-shp-off,61,14902272,0.66,1.134,-1.0,0.4152,0.0702,0.0002,-0.0175,0.0009,1.0,0.921
w10s-shp-off-s61,w10s-shp-off,61,14932992,0.65,1.123,-1.0,0.5379,0.0715,0.0002,-0.0187,0.0008,1.0,0.921
w10s-shp-off-s61,w10s-shp-off,61,14963712,0.7,1.166,-1.0,0.5625,0.072,0.0002,-0.0186,0.0009,1.0,0.921
w10s-shp-off-s61,w10s-shp-off,61,14994432,0.68,1.161,-1.0,0.6402,0.069,0.0002,-0.0172,0.0009,1.0,0.921
w10s-shp-off-s61,w10s-shp-off,61,14997504,0.72,1.189,-1.0,0.7139,0.071,0.0002,-0.0188,0.0009,1.0,0.921
w10s-shp-off-s62,w10s-shp-off,62,3072,0.0,0.389,-1.0,,,,,,,
w10s-shp-off-s62,w10s-shp-off,62,33792,0.0,0.44,-1.0,-1.0,0.0689,0.0002,-0.0179,0.017,0.961,0.925
w10s-shp-off-s62,w10s-shp-off,62,64512,0.0,0.454,-1.0,-0.9753,0.0687,0.0002,-0.0177,0.013,0.99,0.927
w10s-shp-off-s62,w10s-shp-off,62,95232,0.0,0.459,-1.0,-1.0,0.0701,0.0002,-0.0194,0.0102,0.996,0.932
w10s-shp-off-s62,w10s-shp-off,62,125952,0.02,0.476,-1.0,-0.9759,0.0713,0.0002,-0.0179,0.0093,0.999,0.934
w10s-shp-off-s62,w10s-shp-off,62,156672,0.0,0.459,-1.0,-1.0,0.07,0.0002,-0.018,0.0081,1.0,0.936
w10s-shp-off-s62,w10s-shp-off,62,187392,0.02,0.51,-1.0,-0.9754,0.0704,0.0002,-0.0176,0.0073,1.0,0.938
w10s-shp-off-s62,w10s-shp-off,62,218112,0.01,0.512,-1.0,-0.9554,0.0712,0.0002,-0.0175,0.0065,1.0,0.939
w10s-shp-off-s62,w10s-shp-off,62,248832,0.02,0.472,-1.0,-0.9526,0.0696,0.0002,-0.0176,0.0068,1.0,0.94
w10s-shp-off-s62,w10s-shp-off,62,279552,0.03,0.498,-1.0,-0.9751,0.0701,0.0002,-0.0191,0.0051,1.0,0.942
w10s-shp-off-s62,w10s-shp-off,62,310272,0.0,0.517,-1.0,-1.0,0.0706,0.0002,-0.0185,0.0055,1.0,0.942
w10s-shp-off-s62,w10s-shp-off,62,340992,0.01,0.489,-1.0,-1.0,0.0722,0.0002,-0.0177,0.0058,1.0,0.943
w10s-shp-off-s62,w10s-shp-off,62,371712,0.02,0.485,-1.0,-0.9776,0.0701,0.0002,-0.0167,0.0049,1.0,0.944
w10s-shp-off-s62,w10s-shp-off,62,402432,0.01,0.464,-1.0,-0.9776,0.0694,0.0002,-0.0173,0.0053,1.0,0.944
w10s-shp-off-s62,w10s-shp-off,62,433152,0.02,0.542,-1.0,-0.9023,0.0712,0.0002,-0.0175,0.0042,1.0,0.944
w10s-shp-off-s62,w10s-shp-off,62,463872,0.02,0.511,-1.0,-0.955,0.0716,0.0002,-0.0199,0.0048,1.0,0.943
w10s-shp-off-s62,w10s-shp-off,62,494592,0.0,0.457,-1.0,-0.9539,0.0715,0.0002,-0.0173,0.0046,1.0,0.943
w10s-shp-off-s62,w10s-shp-off,62,525312,0.03,0.5,-1.0,-0.8831,0.068,0.0002,-0.0208,0.0044,1.0,0.944
w10s-shp-off-s62,w10s-shp-off,62,556032,0.01,0.491,-1.0,-0.9138,0.0659,0.0002,-0.0164,0.0041,1.0,0.944
w10s-shp-off-s62,w10s-shp-off,62,586752,0.0,0.47,-1.0,-0.9071,0.0714,0.0002,-0.0172,0.0042,1.0,0.944
w10s-shp-off-s62,w10s-shp-off,62,617472,0.04,0.573,-1.0,-0.954,0.0714,0.0002,-0.0192,0.0042,1.0,0.944
w10s-shp-off-s62,w10s-shp-off,62,648192,0.02,0.496,-1.0,-0.9276,0.0746,0.0002,-0.0174,0.0042,1.0,0.944
w10s-shp-off-s62,w10s-shp-off,62,678912,0.03,0.499,-1.0,-0.9522,0.0686,0.0002,-0.0175,0.0038,1.0,0.944
w10s-shp-off-s62,w10s-shp-off,62,709632,0.01,0.501,-1.0,-0.9583,0.069,0.0002,-0.0176,0.0039,1.0,0.944
w10s-shp-off-s62,w10s-shp-off,62,740352,0.06,0.561,-1.0,-0.9783,0.071,0.0002,-0.018,0.0038,1.0,0.944
w10s-shp-off-s62,w10s-shp-off,62,771072,0.03,0.533,-1.0,-0.9298,0.0692,0.0002,-0.0176,0.0035,1.0,0.943
w10s-shp-off-s62,w10s-shp-off,62,801792,0.02,0.539,-1.0,-0.9537,0.0703,0.0002,-0.0173,0.0034,1.0,0.943
w10s-shp-off-s62,w10s-shp-off,62,832512,0.08,0.574,-1.0,-0.8807,0.0693,0.0002,-0.0194,0.0041,1.0,0.943
w10s-shp-off-s62,w10s-shp-off,62,863232,0.01,0.491,-1.0,-1.0,0.0718,0.0002,-0.0177,0.0034,1.0,0.943
w10s-shp-off-s62,w10s-shp-off,62,893952,0.02,0.5,-1.0,-0.9584,0.0734,0.0002,-0.0178,0.0032,1.0,0.943
w10s-shp-off-s62,w10s-shp-off,62,924672,0.03,0.528,-1.0,-0.8577,0.071,0.0002,-0.0169,0.0036,1.0,0.943
w10s-shp-off-s62,w10s-shp-off,62,955392,0.03,0.517,-1.0,-0.975,0.0692,0.0002,-0.0164,0.0032,1.0,0.944
w10s-shp-off-s62,w10s-shp-off,62,986112,0.01,0.531,-1.0,-1.0,0.0704,0.0002,-0.0173,0.0028,1.0,0.944
w10s-shp-off-s62,w10s-shp-off,62,1016832,0.01,0.49,-1.0,-0.9756,0.0682,0.0002,-0.0168,0.003,1.0,0.944
w10s-shp-off-s62,w10s-shp-off,62,1047552,0.03,0.507,-1.0,-0.9783,0.0694,0.0002,-0.0186,0.003,1.0,0.944
w10s-shp-off-s62,w10s-shp-off,62,1078272,0.03,0.513,-1.0,-0.9755,0.0722,0.0002,-0.0169,0.0032,1.0,0.945
w10s-shp-off-s62,w10s-shp-off,62,1108992,0.04,0.509,-1.0,-1.0,0.0695,0.0002,-0.0191,0.003,1.0,0.945
w10s-shp-off-s62,w10s-shp-off,62,1139712,0.04,0.506,-1.0,-0.9315,0.0719,0.0002,-0.018,0.0028,1.0,0.946
w10s-shp-off-s62,w10s-shp-off,62,1170432,0.01,0.511,-1.0,-0.9527,0.0698,0.0002,-0.0183,0.0031,1.0,0.946
w10s-shp-off-s62,w10s-shp-off,62,1201152,0.02,0.51,-1.0,-0.9299,0.0654,0.0002,-0.0165,0.0028,1.0,0.945
w10s-shp-off-s62,w10s-shp-off,62,1231872,0.04,0.557,-1.0,-0.833,0.0703,0.0002,-0.0193,0.0026,1.0,0.945
w10s-shp-off-s62,w10s-shp-off,62,1262592,0.03,0.516,-1.0,-0.9263,0.0691,0.0002,-0.0182,0.0031,1.0,0.945
w10s-shp-off-s62,w10s-shp-off,62,1293312,0.08,0.571,-1.0,-0.9276,0.0681,0.0002,-0.018,0.0028,1.0,0.945
w10s-shp-off-s62,w10s-shp-off,62,1324032,0.04,0.579,-1.0,-0.9382,0.0705,0.0002,-0.0184,0.003,1.0,0.945
w10s-shp-off-s62,w10s-shp-off,62,1354752,0.06,0.505,-1.0,-0.8777,0.0713,0.0002,-0.0178,0.0029,1.0,0.946
w10s-shp-off-s62,w10s-shp-off,62,1385472,0.05,0.526,-1.0,-0.9261,0.0688,0.0002,-0.0178,0.0027,1.0,0.946
w10s-shp-off-s62,w10s-shp-off,62,1416192,0.0,0.473,-1.0,-0.8906,0.0719,0.0002,-0.0167,0.0027,1.0,0.946
w10s-shp-off-s62,w10s-shp-off,62,1446912,0.07,0.556,-1.0,-0.9273,0.0696,0.0002,-0.0185,0.0024,1.0,0.946
w10s-shp-off-s62,w10s-shp-off,62,1477632,0.04,0.567,-1.0,-0.9513,0.0691,0.0002,-0.0179,0.0027,1.0,0.946
w10s-shp-off-s62,w10s-shp-off,62,1508352,0.05,0.5,-1.0,-0.8901,0.0723,0.0002,-0.017,0.0026,1.0,0.947
w10s-shp-off-s62,w10s-shp-off,62,1539072,0.03,0.528,-1.0,-0.9288,0.0726,0.0002,-0.0184,0.0026,1.0,0.947
w10s-shp-off-s62,w10s-shp-off,62,1569792,0.03,0.477,-1.0,-0.8911,0.0708,0.0002,-0.0175,0.0027,1.0,0.947
w10s-shp-off-s62,w10s-shp-off,62,1600512,0.03,0.566,-1.0,-0.9095,0.0743,0.0002,-0.0176,0.0029,1.0,0.947
w10s-shp-off-s62,w10s-shp-off,62,1631232,0.06,0.532,-1.0,-0.9301,0.0709,0.0002,-0.0181,0.0026,1.0,0.947
w10s-shp-off-s62,w10s-shp-off,62,1661952,0.03,0.564,-1.0,-0.9038,0.0695,0.0002,-0.0177,0.0025,1.0,0.947
w10s-shp-off-s62,w10s-shp-off,62,1692672,0.02,0.535,-1.0,-0.8839,0.0683,0.0002,-0.0177,0.0023,1.0,0.947
w10s-shp-off-s62,w10s-shp-off,62,1723392,0.06,0.539,-1.0,-0.8611,0.0688,0.0002,-0.0173,0.0024,1.0,0.947
w10s-shp-off-s62,w10s-shp-off,62,1754112,0.04,0.532,-1.0,-0.9066,0.0685,0.0002,-0.0183,0.0025,1.0,0.947
w10s-shp-off-s62,w10s-shp-off,62,1784832,0.07,0.543,-1.0,-0.9527,0.069,0.0002,-0.0193,0.0024,1.0,0.947
w10s-shp-off-s62,w10s-shp-off,62,1815552,0.05,0.536,-1.0,-0.9056,0.0664,0.0002,-0.0168,0.0024,1.0,0.947
w10s-shp-off-s62,w10s-shp-off,62,1846272,0.04,0.531,-1.0,-0.8631,0.0704,0.0002,-0.017,0.0023,1.0,0.947
w10s-shp-off-s62,w10s-shp-off,62,1876992,0.09,0.56,-1.0,-0.912,0.0668,0.0002,-0.0171,0.0021,1.0,0.947
w10s-shp-off-s62,w10s-shp-off,62,1907712,0.03,0.496,-1.0,-0.8702,0.0718,0.0002,-0.0178,0.0021,1.0,0.947
w10s-shp-off-s62,w10s-shp-off,62,1938432,0.03,0.53,-1.0,-0.7517,0.0691,0.0002,-0.0174,0.0024,1.0,0.947
w10s-shp-off-s62,w10s-shp-off,62,1969152,0.03,0.551,-1.0,-0.9291,0.0714,0.0002,-0.0165,0.0024,1.0,0.947
w10s-shp-off-s62,w10s-shp-off,62,1999872,0.02,0.555,-1.0,-0.8601,0.0706,0.0002,-0.0179,0.0024,1.0,0.947
w10s-shp-off-s62,w10s-shp-off,62,2030592,0.07,0.541,-1.0,-1.0,0.0737,0.0002,-0.0197,0.0024,1.0,0.947
w10s-shp-off-s62,w10s-shp-off,62,2061312,0.05,0.569,-1.0,-0.9082,0.0734,0.0002,-0.0185,0.0022,1.0,0.947
w10s-shp-off-s62,w10s-shp-off,62,2092032,0.07,0.579,-1.0,-0.7412,0.0687,0.0002,-0.0166,0.0021,1.0,0.947
w10s-shp-off-s62,w10s-shp-off,62,2122752,0.02,0.527,-1.0,-0.9529,0.0713,0.0002,-0.0181,0.0021,1.0,0.946
w10s-shp-off-s62,w10s-shp-off,62,2153472,0.05,0.528,-1.0,-0.8107,0.072,0.0002,-0.018,0.0021,1.0,0.946
w10s-shp-off-s62,w10s-shp-off,62,2184192,0.06,0.558,-1.0,-0.9047,0.0702,0.0002,-0.0167,0.0022,1.0,0.946
w10s-shp-off-s62,w10s-shp-off,62,2214912,0.07,0.536,-1.0,-0.8644,0.0691,0.0002,-0.0182,0.002,1.0,0.946
w10s-shp-off-s62,w10s-shp-off,62,2245632,0.06,0.555,-1.0,-0.9557,0.0689,0.0002,-0.0179,0.0019,1.0,0.946
w10s-shp-off-s62,w10s-shp-off,62,2276352,0.05,0.52,-1.0,-0.8591,0.0701,0.0002,-0.0182,0.0021,1.0,0.946
w10s-shp-off-s62,w10s-shp-off,62,2307072,0.09,0.582,-1.0,-0.9041,0.0728,0.0002,-0.0194,0.0021,1.0,0.946
w10s-shp-off-s62,w10s-shp-off,62,2337792,0.08,0.576,-1.0,-0.8406,0.0705,0.0002,-0.0159,0.0019,1.0,0.946
w10s-shp-off-s62,w10s-shp-off,62,2368512,0.07,0.544,-1.0,-0.9084,0.0721,0.0002,-0.0172,0.002,1.0,0.946
w10s-shp-off-s62,w10s-shp-off,62,2399232,0.1,0.556,-1.0,-0.88,0.0708,0.0002,-0.0188,0.0021,1.0,0.946
w10s-shp-off-s62,w10s-shp-off,62,2429952,0.08,0.553,-1.0,-0.9516,0.0675,0.0002,-0.0183,0.002,1.0,0.946
w10s-shp-off-s62,w10s-shp-off,62,2460672,0.09,0.59,-1.0,-0.8628,0.0689,0.0002,-0.0188,0.0021,1.0,0.946
w10s-shp-off-s62,w10s-shp-off,62,2491392,0.1,0.577,-1.0,-0.908,0.0691,0.0002,-0.0172,0.002,1.0,0.946
w10s-shp-off-s62,w10s-shp-off,62,2522112,0.09,0.581,-1.0,-0.7836,0.0702,0.0002,-0.0172,0.0021,1.0,0.946
w10s-shp-off-s62,w10s-shp-off,62,2552832,0.08,0.553,-1.0,-0.8815,0.0695,0.0002,-0.0191,0.002,1.0,0.946
w10s-shp-off-s62,w10s-shp-off,62,2583552,0.06,0.529,-1.0,-0.7909,0.0714,0.0002,-0.0182,0.0019,1.0,0.946
w10s-shp-off-s62,w10s-shp-off,62,2614272,0.08,0.588,-1.0,-0.8842,0.0726,0.0002,-0.0178,0.0019,1.0,0.946
w10s-shp-off-s62,w10s-shp-off,62,2644992,0.04,0.518,-1.0,-0.7254,0.071,0.0002,-0.0188,0.0018,1.0,0.946
w10s-shp-off-s62,w10s-shp-off,62,2675712,0.07,0.525,-1.0,-0.7259,0.0708,0.0002,-0.0185,0.0018,1.0,0.946
w10s-shp-off-s62,w10s-shp-off,62,2706432,0.07,0.551,-1.0,-0.9039,0.073,0.0002,-0.0173,0.0019,1.0,0.946
w10s-shp-off-s62,w10s-shp-off,62,2737152,0.08,0.537,-1.0,-0.787,0.0678,0.0002,-0.0178,0.0018,1.0,0.946
w10s-shp-off-s62,w10s-shp-off,62,2767872,0.03,0.479,-1.0,-0.9125,0.0722,0.0002,-0.0187,0.002,1.0,0.946
w10s-shp-off-s62,w10s-shp-off,62,2798592,0.11,0.57,-1.0,-0.7653,0.0709,0.0002,-0.018,0.002,1.0,0.946
w10s-shp-off-s62,w10s-shp-off,62,2829312,0.11,0.57,-1.0,-0.9314,0.0719,0.0002,-0.0195,0.0019,1.0,0.945
w10s-shp-off-s62,w10s-shp-off,62,2860032,0.06,0.544,-1.0,-0.8807,0.071,0.0002,-0.0181,0.0019,1.0,0.945
w10s-shp-off-s62,w10s-shp-off,62,2890752,0.06,0.565,-1.0,-0.8837,0.0719,0.0002,-0.0178,0.0017,1.0,0.945
w10s-shp-off-s62,w10s-shp-off,62,2921472,0.03,0.508,-1.0,-0.77,0.0686,0.0002,-0.0172,0.0019,1.0,0.945
w10s-shp-off-s62,w10s-shp-off,62,2952192,0.08,0.568,-1.0,-0.8094,0.072,0.0002,-0.0189,0.0017,1.0,0.945
w10s-shp-off-s62,w10s-shp-off,62,2982912,0.07,0.535,-1.0,-0.8635,0.0713,0.0002,-0.0191,0.0018,1.0,0.945
w10s-shp-off-s62,w10s-shp-off,62,3013632,0.08,0.55,-1.0,-0.8459,0.0731,0.0002,-0.0168,0.0018,1.0,0.945
w10s-shp-off-s62,w10s-shp-off,62,3044352,0.11,0.584,-1.0,-0.8639,0.0713,0.0002,-0.017,0.0019,1.0,0.945
w10s-shp-off-s62,w10s-shp-off,62,3075072,0.03,0.492,-1.0,-0.7939,0.0697,0.0002,-0.0174,0.0019,1.0,0.945
w10s-shp-off-s62,w10s-shp-off,62,3105792,0.08,0.6,-1.0,-0.7708,0.0717,0.0002,-0.0181,0.0018,1.0,0.945
w10s-shp-off-s62,w10s-shp-off,62,3136512,0.09,0.573,-1.0,-0.8417,0.0723,0.0002,-0.0172,0.0018,1.0,0.945
w10s-shp-off-s62,w10s-shp-off,62,3167232,0.09,0.578,-1.0,-0.7182,0.0728,0.0002,-0.0188,0.0017,1.0,0.945
w10s-shp-off-s62,w10s-shp-off,62,3197952,0.14,0.619,-1.0,-0.7218,0.0693,0.0002,-0.018,0.0019,1.0,0.945
w10s-shp-off-s62,w10s-shp-off,62,3228672,0.1,0.524,-1.0,-0.7605,0.07,0.0002,-0.0168,0.0017,1.0,0.945
w10s-shp-off-s62,w10s-shp-off,62,3259392,0.09,0.537,-1.0,-0.7929,0.0704,0.0002,-0.0177,0.0017,1.0,0.945
w10s-shp-off-s62,w10s-shp-off,62,3290112,0.09,0.595,-1.0,-0.8427,0.0696,0.0002,-0.0185,0.0018,1.0,0.945
w10s-shp-off-s62,w10s-shp-off,62,3320832,0.1,0.551,-1.0,-0.7745,0.0704,0.0002,-0.017,0.0017,1.0,0.945
w10s-shp-off-s62,w10s-shp-off,62,3351552,0.14,0.624,-1.0,-0.7161,0.0706,0.0002,-0.0182,0.0017,1.0,0.946
w10s-shp-off-s62,w10s-shp-off,62,3382272,0.17,0.634,-1.0,-0.7292,0.071,0.0002,-0.0168,0.0018,1.0,0.946
w10s-shp-off-s62,w10s-shp-off,62,3412992,0.12,0.598,-1.0,-0.7467,0.0718,0.0002,-0.0178,0.0016,1.0,0.946
w10s-shp-off-s62,w10s-shp-off,62,3443712,0.11,0.556,-1.0,-0.9291,0.0698,0.0002,-0.0179,0.0016,1.0,0.946
w10s-shp-off-s62,w10s-shp-off,62,3474432,0.06,0.535,-1.0,-0.733,0.0708,0.0002,-0.0184,0.0016,1.0,0.946
w10s-shp-off-s62,w10s-shp-off,62,3505152,0.17,0.641,-1.0,-0.7955,0.0703,0.0002,-0.0175,0.0016,1.0,0.946
w10s-shp-off-s62,w10s-shp-off,62,3535872,0.11,0.601,-1.0,-0.6774,0.0705,0.0002,-0.0188,0.0017,1.0,0.946
w10s-shp-off-s62,w10s-shp-off,62,3566592,0.13,0.591,-1.0,-0.7296,0.0691,0.0002,-0.0181,0.0017,1.0,0.946
w10s-shp-off-s62,w10s-shp-off,62,3597312,0.14,0.588,-1.0,-0.7674,0.066,0.0002,-0.0184,0.0016,1.0,0.946
w10s-shp-off-s62,w10s-shp-off,62,3628032,0.12,0.607,-1.0,-0.653,0.0698,0.0002,-0.0167,0.0015,1.0,0.946
w10s-shp-off-s62,w10s-shp-off,62,3658752,0.11,0.627,-1.0,-0.9527,0.0734,0.0002,-0.0178,0.0018,1.0,0.946
w10s-shp-off-s62,w10s-shp-off,62,3689472,0.18,0.639,-1.0,-0.7078,0.0701,0.0002,-0.0184,0.0016,1.0,0.946
w10s-shp-off-s62,w10s-shp-off,62,3720192,0.07,0.489,-1.0,-0.6178,0.0721,0.0002,-0.0188,0.0016,1.0,0.946
w10s-shp-off-s62,w10s-shp-off,62,3750912,0.11,0.553,-1.0,-0.678,0.0737,0.0002,-0.0184,0.0016,1.0,0.946
w10s-shp-off-s62,w10s-shp-off,62,3781632,0.13,0.589,-1.0,-0.7951,0.0727,0.0002,-0.0168,0.0016,1.0,0.946
w10s-shp-off-s62,w10s-shp-off,62,3812352,0.17,0.62,-1.0,-0.6452,0.0711,0.0002,-0.0182,0.0015,1.0,0.946
w10s-shp-off-s62,w10s-shp-off,62,3843072,0.11,0.558,-1.0,-0.551,0.0685,0.0002,-0.0183,0.0016,1.0,0.946
w10s-shp-off-s62,w10s-shp-off,62,3873792,0.14,0.562,-1.0,-0.6675,0.0725,0.0002,-0.0185,0.0017,1.0,0.946
w10s-shp-off-s62,w10s-shp-off,62,3904512,0.2,0.631,-1.0,-0.7256,0.0686,0.0002,-0.0184,0.0015,1.0,0.946
w10s-shp-off-s62,w10s-shp-off,62,3935232,0.18,0.667,-1.0,-0.6738,0.0691,0.0002,-0.0169,0.0017,1.0,0.946
w10s-shp-off-s62,w10s-shp-off,62,3965952,0.17,0.625,-1.0,-0.6253,0.0693,0.0002,-0.018,0.0016,1.0,0.946
w10s-shp-off-s62,w10s-shp-off,62,3996672,0.13,0.603,-1.0,-0.6312,0.0672,0.0002,-0.0162,0.0014,1.0,0.946
w10s-shp-off-s62,w10s-shp-off,62,4027392,0.17,0.654,-1.0,-0.6806,0.0701,0.0002,-0.0182,0.0014,1.0,0.946
w10s-shp-off-s62,w10s-shp-off,62,4058112,0.15,0.622,-1.0,-0.5572,0.0713,0.0002,-0.0194,0.0017,1.0,0.945
w10s-shp-off-s62,w10s-shp-off,62,4088832,0.13,0.602,-1.0,-0.6031,0.0691,0.0002,-0.0166,0.0015,1.0,0.945
w10s-shp-off-s62,w10s-shp-off,62,4119552,0.17,0.593,-1.0,-0.6054,0.0695,0.0002,-0.0177,0.0016,1.0,0.945
w10s-shp-off-s62,w10s-shp-off,62,4150272,0.09,0.601,-1.0,-0.6235,0.0709,0.0002,-0.0176,0.0014,1.0,0.945
w10s-shp-off-s62,w10s-shp-off,62,4180992,0.22,0.675,-1.0,-0.5795,0.0691,0.0002,-0.0186,0.0014,1.0,0.945
w10s-shp-off-s62,w10s-shp-off,62,4211712,0.1,0.51,-1.0,-0.6965,0.0731,0.0002,-0.0178,0.0014,1.0,0.945
w10s-shp-off-s62,w10s-shp-off,62,4242432,0.19,0.646,-1.0,-0.5559,0.0681,0.0002,-0.0179,0.0014,1.0,0.945
w10s-shp-off-s62,w10s-shp-off,62,4273152,0.14,0.619,-1.0,-0.6719,0.0728,0.0002,-0.0194,0.0015,1.0,0.945
w10s-shp-off-s62,w10s-shp-off,62,4303872,0.15,0.587,-1.0,-0.6258,0.0702,0.0002,-0.0184,0.0015,1.0,0.945
w10s-shp-off-s62,w10s-shp-off,62,4334592,0.18,0.63,-1.0,-0.596,0.0669,0.0002,-0.0174,0.0014,1.0,0.945
w10s-shp-off-s62,w10s-shp-off,62,4365312,0.16,0.618,-1.0,-0.6592,0.0733,0.0002,-0.0186,0.0016,1.0,0.945
w10s-shp-off-s62,w10s-shp-off,62,4396032,0.1,0.588,-1.0,-0.3393,0.0689,0.0002,-0.0178,0.0013,1.0,0.945
w10s-shp-off-s62,w10s-shp-off,62,4426752,0.25,0.713,-1.0,-0.5618,0.0693,0.0002,-0.0185,0.0013,1.0,0.945
w10s-shp-off-s62,w10s-shp-off,62,4457472,0.25,0.705,-1.0,-0.6827,0.0698,0.0002,-0.0183,0.0014,1.0,0.945
w10s-shp-off-s62,w10s-shp-off,62,4488192,0.21,0.66,-1.0,-0.4683,0.0696,0.0002,-0.0162,0.0014,1.0,0.945
w10s-shp-off-s62,w10s-shp-off,62,4518912,0.17,0.642,-1.0,-0.5849,0.0679,0.0002,-0.0185,0.0014,1.0,0.945
w10s-shp-off-s62,w10s-shp-off,62,4549632,0.21,0.666,-1.0,-0.5112,0.0686,0.0002,-0.019,0.0014,1.0,0.945
w10s-shp-off-s62,w10s-shp-off,62,4580352,0.21,0.644,-1.0,-0.6353,0.0721,0.0002,-0.0172,0.0013,1.0,0.945
w10s-shp-off-s62,w10s-shp-off,62,4611072,0.15,0.597,-1.0,-0.4713,0.07,0.0002,-0.0196,0.0014,1.0,0.945
w10s-shp-off-s62,w10s-shp-off,62,4641792,0.21,0.668,-1.0,-0.6768,0.0663,0.0002,-0.0173,0.0015,1.0,0.945
w10s-shp-off-s62,w10s-shp-off,62,4672512,0.15,0.6,-1.0,-0.6104,0.0693,0.0002,-0.017,0.0013,1.0,0.945
w10s-shp-off-s62,w10s-shp-off,62,4703232,0.17,0.618,-1.0,-0.5536,0.0687,0.0002,-0.0177,0.0013,1.0,0.945
w10s-shp-off-s62,w10s-shp-off,62,4733952,0.22,0.658,-1.0,-0.5638,0.071,0.0002,-0.0177,0.0014,1.0,0.945
w10s-shp-off-s62,w10s-shp-off,62,4764672,0.13,0.611,-1.0,-0.6172,0.0717,0.0002,-0.0178,0.0014,1.0,0.945
w10s-shp-off-s62,w10s-shp-off,62,4795392,0.23,0.703,-1.0,-0.6215,0.0715,0.0002,-0.0176,0.0014,1.0,0.945
w10s-shp-off-s62,w10s-shp-off,62,4826112,0.27,0.713,-1.0,-0.5612,0.0689,0.0002,-0.0168,0.0013,1.0,0.945
w10s-shp-off-s62,w10s-shp-off,62,4856832,0.14,0.643,-1.0,-0.5355,0.0676,0.0002,-0.0165,0.0013,1.0,0.945
w10s-shp-off-s62,w10s-shp-off,62,4887552,0.19,0.643,-1.0,-0.7696,0.0717,0.0002,-0.0172,0.0015,1.0,0.945
w10s-shp-off-s62,w10s-shp-off,62,4918272,0.26,0.698,-1.0,-0.49,0.0664,0.0002,-0.0176,0.0013,1.0,0.945
w10s-shp-off-s62,w10s-shp-off,62,4948992,0.2,0.676,-1.0,-0.5642,0.0705,0.0002,-0.0185,0.0015,1.0,0.945
w10s-shp-off-s62,w10s-shp-off,62,4979712,0.25,0.661,-1.0,-0.4607,0.0705,0.0002,-0.0187,0.0014,1.0,0.945
w10s-shp-off-s62,w10s-shp-off,62,5010432,0.18,0.631,-1.0,-0.5536,0.071,0.0002,-0.0175,0.0013,1.0,0.945
w10s-shp-off-s62,w10s-shp-off,62,5041152,0.24,0.688,-1.0,-0.4958,0.0701,0.0002,-0.0175,0.0014,1.0,0.945
w10s-shp-off-s62,w10s-shp-off,62,5071872,0.16,0.66,-1.0,-0.4805,0.072,0.0002,-0.0187,0.0013,1.0,0.945
w10s-shp-off-s62,w10s-shp-off,62,5102592,0.15,0.653,-1.0,-0.5919,0.0728,0.0002,-0.02,0.0013,1.0,0.945
w10s-shp-off-s62,w10s-shp-off,62,5133312,0.13,0.622,-1.0,-0.5084,0.0705,0.0002,-0.0174,0.0014,1.0,0.945
w10s-shp-off-s62,w10s-shp-off,62,5164032,0.21,0.656,-1.0,-0.5901,0.0698,0.0002,-0.0168,0.0013,1.0,0.945
w10s-shp-off-s62,w10s-shp-off,62,5194752,0.18,0.641,-1.0,-0.4111,0.0717,0.0002,-0.0171,0.0013,1.0,0.945
w10s-shp-off-s62,w10s-shp-off,62,5225472,0.3,0.71,-1.0,-0.4212,0.0697,0.0002,-0.0184,0.0014,1.0,0.945
w10s-shp-off-s62,w10s-shp-off,62,5256192,0.26,0.715,-1.0,-0.4031,0.0668,0.0002,-0.0177,0.0013,1.0,0.945
w10s-shp-off-s62,w10s-shp-off,62,5286912,0.22,0.654,-1.0,-0.4406,0.0675,0.0002,-0.0177,0.0013,1.0,0.945
w10s-shp-off-s62,w10s-shp-off,62,5317632,0.25,0.675,-1.0,-0.5604,0.0686,0.0002,-0.0171,0.0013,1.0,0.945
w10s-shp-off-s62,w10s-shp-off,62,5348352,0.23,0.649,-1.0,-0.5404,0.07,0.0002,-0.0164,0.0014,1.0,0.945
w10s-shp-off-s62,w10s-shp-off,62,5379072,0.24,0.671,-1.0,-0.5427,0.0731,0.0002,-0.0182,0.0012,1.0,0.945
w10s-shp-off-s62,w10s-shp-off,62,5409792,0.3,0.733,-1.0,-0.4145,0.0677,0.0002,-0.0178,0.0011,1.0,0.945
w10s-shp-off-s62,w10s-shp-off,62,5440512,0.25,0.692,-1.0,-0.4718,0.0667,0.0002,-0.0177,0.0013,1.0,0.945
w10s-shp-off-s62,w10s-shp-off,62,5471232,0.24,0.69,-1.0,-0.4417,0.0684,0.0002,-0.0194,0.0013,1.0,0.945
w10s-shp-off-s62,w10s-shp-off,62,5501952,0.23,0.696,-1.0,-0.5368,0.0702,0.0002,-0.0169,0.0012,1.0,0.945
w10s-shp-off-s62,w10s-shp-off,62,5532672,0.22,0.667,-1.0,-0.4954,0.0687,0.0002,-0.0189,0.0012,1.0,0.945
w10s-shp-off-s62,w10s-shp-off,62,5563392,0.24,0.688,-1.0,-0.4883,0.0726,0.0002,-0.0193,0.0012,1.0,0.945
w10s-shp-off-s62,w10s-shp-off,62,5594112,0.21,0.667,-1.0,-0.243,0.0706,0.0002,-0.018,0.0013,1.0,0.945
w10s-shp-off-s62,w10s-shp-off,62,5624832,0.27,0.713,-1.0,-0.5871,0.0712,0.0002,-0.0195,0.0013,1.0,0.945
w10s-shp-off-s62,w10s-shp-off,62,5655552,0.25,0.679,-1.0,-0.1796,0.07,0.0002,-0.018,0.0013,1.0,0.945
w10s-shp-off-s62,w10s-shp-off,62,5686272,0.27,0.681,-1.0,-0.4271,0.0711,0.0002,-0.0169,0.0013,1.0,0.945
w10s-shp-off-s62,w10s-shp-off,62,5716992,0.19,0.607,-1.0,-0.3252,0.0707,0.0002,-0.0169,0.0012,1.0,0.945
w10s-shp-off-s62,w10s-shp-off,62,5747712,0.3,0.747,-1.0,-0.3073,0.0694,0.0002,-0.019,0.0012,1.0,0.945
w10s-shp-off-s62,w10s-shp-off,62,5778432,0.23,0.676,-1.0,-0.5157,0.0715,0.0002,-0.0207,0.0013,1.0,0.944
w10s-shp-off-s62,w10s-shp-off,62,5809152,0.3,0.742,-1.0,-0.2887,0.0704,0.0002,-0.0199,0.0013,1.0,0.944
w10s-shp-off-s62,w10s-shp-off,62,5839872,0.35,0.81,-1.0,-0.4626,0.0699,0.0002,-0.0184,0.0012,1.0,0.944
w10s-shp-off-s62,w10s-shp-off,62,5870592,0.22,0.691,-1.0,-0.394,0.0703,0.0002,-0.0172,0.0012,1.0,0.944
w10s-shp-off-s62,w10s-shp-off,62,5901312,0.28,0.738,-1.0,-0.4665,0.0705,0.0002,-0.0191,0.0012,1.0,0.944
w10s-shp-off-s62,w10s-shp-off,62,5932032,0.27,0.72,-1.0,-0.2548,0.0717,0.0002,-0.0172,0.0011,1.0,0.944
w10s-shp-off-s62,w10s-shp-off,62,5962752,0.22,0.714,-1.0,-0.343,0.0703,0.0002,-0.0182,0.0012,1.0,0.944
w10s-shp-off-s62,w10s-shp-off,62,5993472,0.32,0.736,-1.0,-0.3738,0.0666,0.0002,-0.0193,0.0013,1.0,0.944
w10s-shp-off-s62,w10s-shp-off,62,6024192,0.28,0.731,-1.0,-0.3023,0.0712,0.0002,-0.0182,0.0012,1.0,0.944
w10s-shp-off-s62,w10s-shp-off,62,6054912,0.3,0.724,-1.0,-0.17,0.0723,0.0002,-0.0177,0.0013,1.0,0.944
w10s-shp-off-s62,w10s-shp-off,62,6085632,0.25,0.693,-1.0,-0.3087,0.07,0.0002,-0.0188,0.0012,1.0,0.944
w10s-shp-off-s62,w10s-shp-off,62,6116352,0.31,0.777,-1.0,-0.224,0.0705,0.0002,-0.0181,0.0013,1.0,0.944
w10s-shp-off-s62,w10s-shp-off,62,6147072,0.3,0.745,-1.0,-0.356,0.0669,0.0002,-0.0186,0.0012,1.0,0.944
w10s-shp-off-s62,w10s-shp-off,62,6177792,0.32,0.732,-1.0,-0.2065,0.0679,0.0002,-0.0173,0.0011,1.0,0.944
w10s-shp-off-s62,w10s-shp-off,62,6208512,0.31,0.766,-1.0,-0.4973,0.0691,0.0002,-0.0162,0.0011,1.0,0.944
w10s-shp-off-s62,w10s-shp-off,62,6239232,0.24,0.671,-1.0,-0.3899,0.0697,0.0002,-0.0178,0.0012,1.0,0.944
w10s-shp-off-s62,w10s-shp-off,62,6269952,0.23,0.705,-1.0,-0.3369,0.071,0.0002,-0.0171,0.0012,1.0,0.944
w10s-shp-off-s62,w10s-shp-off,62,6300672,0.28,0.697,-1.0,-0.249,0.0686,0.0002,-0.0177,0.0011,1.0,0.944
w10s-shp-off-s62,w10s-shp-off,62,6331392,0.4,0.814,-1.0,-0.1434,0.0698,0.0002,-0.0181,0.0012,1.0,0.944
w10s-shp-off-s62,w10s-shp-off,62,6362112,0.24,0.698,-1.0,-0.2371,0.0696,0.0002,-0.0177,0.0012,1.0,0.944
w10s-shp-off-s62,w10s-shp-off,62,6392832,0.34,0.754,-1.0,-0.4496,0.0682,0.0002,-0.0165,0.0011,1.0,0.944
w10s-shp-off-s62,w10s-shp-off,62,6423552,0.34,0.773,-1.0,-0.5115,0.0738,0.0002,-0.0178,0.0012,1.0,0.944
w10s-shp-off-s62,w10s-shp-off,62,6454272,0.29,0.715,-1.0,-0.56,0.07,0.0002,-0.0173,0.0012,1.0,0.944
w10s-shp-off-s62,w10s-shp-off,62,6484992,0.37,0.827,-1.0,-0.0508,0.0696,0.0002,-0.0183,0.0012,1.0,0.944
w10s-shp-off-s62,w10s-shp-off,62,6515712,0.36,0.806,-1.0,-0.1403,0.0744,0.0002,-0.0188,0.0014,1.0,0.944
w10s-shp-off-s62,w10s-shp-off,62,6546432,0.31,0.761,-1.0,-0.245,0.0669,0.0002,-0.0171,0.0012,1.0,0.944
w10s-shp-off-s62,w10s-shp-off,62,6577152,0.31,0.762,-1.0,-0.0794,0.0703,0.0002,-0.0181,0.0012,1.0,0.944
w10s-shp-off-s62,w10s-shp-off,62,6607872,0.3,0.713,-1.0,-0.2044,0.071,0.0002,-0.0174,0.0012,1.0,0.943
w10s-shp-off-s62,w10s-shp-off,62,6638592,0.39,0.865,-1.0,-0.1658,0.0706,0.0002,-0.0185,0.0012,1.0,0.943
w10s-shp-off-s62,w10s-shp-off,62,6669312,0.35,0.801,-1.0,-0.0977,0.07,0.0002,-0.0169,0.0011,1.0,0.943
w10s-shp-off-s62,w10s-shp-off,62,6700032,0.32,0.772,-1.0,-0.1701,0.0697,0.0002,-0.0207,0.0011,1.0,0.943
w10s-shp-off-s62,w10s-shp-off,62,6730752,0.33,0.735,-1.0,-0.0859,0.0722,0.0002,-0.0177,0.0011,1.0,0.943
w10s-shp-off-s62,w10s-shp-off,62,6761472,0.38,0.811,-1.0,-0.405,0.0684,0.0002,-0.0171,0.0012,1.0,0.943
w10s-shp-off-s62,w10s-shp-off,62,6792192,0.41,0.818,-1.0,-0.2355,0.0684,0.0002,-0.0165,0.0012,1.0,0.943
w10s-shp-off-s62,w10s-shp-off,62,6822912,0.3,0.761,-1.0,-0.051,0.0662,0.0002,-0.0163,0.001,1.0,0.943
w10s-shp-off-s62,w10s-shp-off,62,6853632,0.4,0.827,-1.0,0.0228,0.0694,0.0002,-0.0184,0.0011,1.0,0.943
w10s-shp-off-s62,w10s-shp-off,62,6884352,0.33,0.786,-1.0,-0.1151,0.0685,0.0002,-0.0178,0.0011,1.0,0.943
w10s-shp-off-s62,w10s-shp-off,62,6915072,0.32,0.758,-1.0,-0.2165,0.07,0.0002,-0.0194,0.001,1.0,0.943
w10s-shp-off-s62,w10s-shp-off,62,6945792,0.43,0.861,-1.0,-0.1703,0.0692,0.0002,-0.0179,0.001,1.0,0.943
w10s-shp-off-s62,w10s-shp-off,62,6976512,0.32,0.789,-1.0,-0.399,0.0676,0.0002,-0.0176,0.0013,1.0,0.943
w10s-shp-off-s62,w10s-shp-off,62,7007232,0.35,0.769,-1.0,-0.107,0.0731,0.0002,-0.0175,0.0011,1.0,0.943
w10s-shp-off-s62,w10s-shp-off,62,7037952,0.34,0.775,-1.0,-0.1341,0.0708,0.0002,-0.0177,0.0011,1.0,0.943
w10s-shp-off-s62,w10s-shp-off,62,7068672,0.34,0.743,-1.0,-0.2993,0.0722,0.0002,-0.0166,0.0012,1.0,0.943
w10s-shp-off-s62,w10s-shp-off,62,7099392,0.4,0.821,-1.0,-0.3931,0.0689,0.0002,-0.0186,0.0012,1.0,0.942
w10s-shp-off-s62,w10s-shp-off,62,7130112,0.33,0.774,-1.0,-0.3194,0.072,0.0002,-0.0174,0.0011,1.0,0.942
w10s-shp-off-s62,w10s-shp-off,62,7160832,0.34,0.83,-1.0,-0.117,0.07,0.0002,-0.0196,0.0011,1.0,0.942
w10s-shp-off-s62,w10s-shp-off,62,7191552,0.41,0.839,-1.0,-0.0625,0.0669,0.0002,-0.0172,0.0012,1.0,0.942
w10s-shp-off-s62,w10s-shp-off,62,7222272,0.44,0.888,-1.0,-0.0812,0.069,0.0002,-0.0176,0.0012,1.0,0.942
w10s-shp-off-s62,w10s-shp-off,62,7252992,0.35,0.782,-1.0,-0.1594,0.0718,0.0002,-0.0173,0.0012,1.0,0.942
w10s-shp-off-s62,w10s-shp-off,62,7283712,0.3,0.739,-1.0,-0.3224,0.0719,0.0002,-0.0181,0.0012,1.0,0.942
w10s-shp-off-s62,w10s-shp-off,62,7314432,0.37,0.816,-1.0,-0.2569,0.0699,0.0002,-0.0175,0.0011,1.0,0.942
w10s-shp-off-s62,w10s-shp-off,62,7345152,0.47,0.879,-1.0,-0.1575,0.0711,0.0002,-0.0185,0.0011,1.0,0.942
w10s-shp-off-s62,w10s-shp-off,62,7375872,0.34,0.792,-1.0,-0.0823,0.0693,0.0002,-0.0173,0.0011,1.0,0.942
w10s-shp-off-s62,w10s-shp-off,62,7406592,0.41,0.86,-1.0,-0.1013,0.0662,0.0002,-0.0184,0.001,1.0,0.942
w10s-shp-off-s62,w10s-shp-off,62,7437312,0.34,0.788,-1.0,-0.0809,0.0679,0.0002,-0.0187,0.0011,1.0,0.942
w10s-shp-off-s62,w10s-shp-off,62,7468032,0.41,0.811,-1.0,-0.0134,0.0746,0.0002,-0.0191,0.0012,1.0,0.942
w10s-shp-off-s62,w10s-shp-off,62,7498752,0.46,0.847,-1.0,0.0939,0.0687,0.0002,-0.0165,0.001,1.0,0.941
w10s-shp-off-s62,w10s-shp-off,62,7529472,0.45,0.873,-1.0,-0.1156,0.0707,0.0002,-0.0179,0.001,1.0,0.941
w10s-shp-off-s62,w10s-shp-off,62,7560192,0.39,0.825,-1.0,-0.185,0.0687,0.0002,-0.0167,0.0011,1.0,0.941
w10s-shp-off-s62,w10s-shp-off,62,7590912,0.43,0.881,-1.0,0.0603,0.0694,0.0002,-0.0188,0.0011,1.0,0.941
w10s-shp-off-s62,w10s-shp-off,62,7621632,0.38,0.79,-1.0,0.0542,0.0683,0.0002,-0.0181,0.0011,1.0,0.941
w10s-shp-off-s62,w10s-shp-off,62,7652352,0.42,0.851,-1.0,-0.0892,0.0688,0.0002,-0.0168,0.001,1.0,0.941
w10s-shp-off-s62,w10s-shp-off,62,7683072,0.43,0.846,-1.0,-0.0429,0.0714,0.0002,-0.0182,0.0009,1.0,0.941
w10s-shp-off-s62,w10s-shp-off,62,7713792,0.47,0.86,-1.0,-0.279,0.0722,0.0002,-0.0195,0.0011,1.0,0.941
w10s-shp-off-s62,w10s-shp-off,62,7744512,0.42,0.859,-1.0,-0.0056,0.0684,0.0002,-0.0175,0.001,1.0,0.941
w10s-shp-off-s62,w10s-shp-off,62,7775232,0.35,0.789,-1.0,0.0312,0.0697,0.0002,-0.0186,0.0011,1.0,0.941
w10s-shp-off-s62,w10s-shp-off,62,7805952,0.41,0.809,-1.0,0.0312,0.0721,0.0002,-0.0183,0.0011,1.0,0.941
w10s-shp-off-s62,w10s-shp-off,62,7836672,0.35,0.782,-1.0,-0.0662,0.0706,0.0002,-0.0169,0.0011,1.0,0.941
w10s-shp-off-s62,w10s-shp-off,62,7867392,0.39,0.849,-1.0,0.0055,0.0694,0.0002,-0.0188,0.0011,1.0,0.941
w10s-shp-off-s62,w10s-shp-off,62,7898112,0.44,0.904,-1.0,0.0968,0.0658,0.0002,-0.0177,0.0012,1.0,0.94
w10s-shp-off-s62,w10s-shp-off,62,7928832,0.45,0.881,-1.0,0.0048,0.0723,0.0002,-0.0176,0.0011,1.0,0.94
w10s-shp-off-s62,w10s-shp-off,62,7959552,0.44,0.878,-1.0,0.1631,0.0678,0.0002,-0.0181,0.0011,1.0,0.94
w10s-shp-off-s62,w10s-shp-off,62,7990272,0.41,0.814,-1.0,0.0609,0.0691,0.0002,-0.019,0.0011,1.0,0.94
w10s-shp-off-s62,w10s-shp-off,62,8020992,0.53,0.919,-1.0,0.218,0.0699,0.0002,-0.0172,0.0011,1.0,0.94
w10s-shp-off-s62,w10s-shp-off,62,8051712,0.38,0.817,-1.0,0.0533,0.0717,0.0002,-0.0179,0.001,1.0,0.94
w10s-shp-off-s62,w10s-shp-off,62,8082432,0.41,0.846,-1.0,-0.0236,0.0712,0.0002,-0.0192,0.0011,1.0,0.94
w10s-shp-off-s62,w10s-shp-off,62,8113152,0.47,0.848,-1.0,0.1378,0.0684,0.0002,-0.0185,0.0011,1.0,0.94
w10s-shp-off-s62,w10s-shp-off,62,8143872,0.39,0.811,-1.0,0.0245,0.0698,0.0002,-0.0165,0.001,1.0,0.94
w10s-shp-off-s62,w10s-shp-off,62,8174592,0.37,0.813,-1.0,-0.0916,0.0729,0.0002,-0.0191,0.0011,1.0,0.94
w10s-shp-off-s62,w10s-shp-off,62,8205312,0.42,0.869,-1.0,0.0012,0.0716,0.0002,-0.018,0.001,1.0,0.94
w10s-shp-off-s62,w10s-shp-off,62,8236032,0.41,0.842,-1.0,-0.1934,0.0715,0.0002,-0.0184,0.0011,1.0,0.94
w10s-shp-off-s62,w10s-shp-off,62,8266752,0.48,0.866,-1.0,-0.0469,0.0717,0.0002,-0.0176,0.0011,1.0,0.939
w10s-shp-off-s62,w10s-shp-off,62,8297472,0.45,0.896,-1.0,0.0133,0.0695,0.0002,-0.0178,0.001,1.0,0.939
w10s-shp-off-s62,w10s-shp-off,62,8328192,0.53,0.947,-1.0,0.0723,0.0738,0.0002,-0.019,0.0011,1.0,0.939
w10s-shp-off-s62,w10s-shp-off,62,8358912,0.5,0.885,-1.0,0.1508,0.0703,0.0002,-0.018,0.0011,1.0,0.939
w10s-shp-off-s62,w10s-shp-off,62,8389632,0.47,0.874,-1.0,0.1564,0.0709,0.0002,-0.0181,0.001,1.0,0.939
w10s-shp-off-s62,w10s-shp-off,62,8420352,0.44,0.85,-1.0,0.1222,0.0698,0.0002,-0.0174,0.001,1.0,0.939
w10s-shp-off-s62,w10s-shp-off,62,8451072,0.51,0.95,-1.0,0.1902,0.0669,0.0002,-0.0175,0.0009,1.0,0.939
w10s-shp-off-s62,w10s-shp-off,62,8481792,0.47,0.903,-1.0,0.1611,0.0679,0.0002,-0.0176,0.001,1.0,0.939
w10s-shp-off-s62,w10s-shp-off,62,8512512,0.47,0.876,-1.0,0.0944,0.0693,0.0002,-0.0174,0.001,1.0,0.939
w10s-shp-off-s62,w10s-shp-off,62,8543232,0.43,0.831,-1.0,-0.1068,0.0735,0.0002,-0.0164,0.0011,1.0,0.939
w10s-shp-off-s62,w10s-shp-off,62,8573952,0.46,0.896,-1.0,-0.0137,0.0666,0.0002,-0.0166,0.001,1.0,0.939
w10s-shp-off-s62,w10s-shp-off,62,8604672,0.52,0.943,-1.0,-0.0645,0.0715,0.0002,-0.0173,0.0011,1.0,0.939
w10s-shp-off-s62,w10s-shp-off,62,8635392,0.4,0.843,-1.0,0.0264,0.0693,0.0002,-0.0168,0.001,1.0,0.939
w10s-shp-off-s62,w10s-shp-off,62,8666112,0.38,0.803,-1.0,0.1743,0.0687,0.0002,-0.0178,0.001,1.0,0.938
w10s-shp-off-s62,w10s-shp-off,62,8696832,0.52,0.953,-1.0,0.1038,0.0689,0.0002,-0.0162,0.001,1.0,0.938
w10s-shp-off-s62,w10s-shp-off,62,8727552,0.46,0.874,-1.0,0.07,0.0711,0.0002,-0.0178,0.0009,1.0,0.938
w10s-shp-off-s62,w10s-shp-off,62,8758272,0.5,0.905,-1.0,0.4296,0.0709,0.0002,-0.0183,0.001,1.0,0.938
w10s-shp-off-s62,w10s-shp-off,62,8788992,0.43,0.874,-1.0,0.0883,0.0703,0.0002,-0.0185,0.0009,1.0,0.938
w10s-shp-off-s62,w10s-shp-off,62,8819712,0.42,0.849,-1.0,0.2832,0.0699,0.0002,-0.0186,0.001,1.0,0.938
w10s-shp-off-s62,w10s-shp-off,62,8850432,0.48,0.914,-1.0,-0.0691,0.0713,0.0002,-0.0177,0.001,1.0,0.938
w10s-shp-off-s62,w10s-shp-off,62,8881152,0.5,0.911,-1.0,0.0083,0.0684,0.0002,-0.0185,0.0011,1.0,0.938
w10s-shp-off-s62,w10s-shp-off,62,8911872,0.47,0.912,-1.0,-0.0014,0.0695,0.0002,-0.0169,0.001,1.0,0.938
w10s-shp-off-s62,w10s-shp-off,62,8942592,0.53,0.975,-1.0,0.2011,0.0691,0.0002,-0.019,0.0011,1.0,0.938
w10s-shp-off-s62,w10s-shp-off,62,8973312,0.52,0.931,-1.0,0.2376,0.0689,0.0002,-0.0178,0.001,1.0,0.938
w10s-shp-off-s62,w10s-shp-off,62,9004032,0.47,0.9,-1.0,0.0201,0.0719,0.0002,-0.0177,0.001,1.0,0.938
w10s-shp-off-s62,w10s-shp-off,62,9034752,0.49,0.949,-1.0,0.0793,0.0704,0.0002,-0.0179,0.001,1.0,0.938
w10s-shp-off-s62,w10s-shp-off,62,9065472,0.47,0.95,-1.0,0.0807,0.071,0.0002,-0.0183,0.001,1.0,0.938
w10s-shp-off-s62,w10s-shp-off,62,9096192,0.5,0.927,-1.0,0.1755,0.0673,0.0002,-0.017,0.0011,1.0,0.937
w10s-shp-off-s62,w10s-shp-off,62,9126912,0.34,0.8,-1.0,0.1409,0.0702,0.0002,-0.0167,0.001,1.0,0.937
w10s-shp-off-s62,w10s-shp-off,62,9157632,0.54,0.948,-1.0,0.2294,0.0715,0.0002,-0.0184,0.0009,1.0,0.937
w10s-shp-off-s62,w10s-shp-off,62,9188352,0.44,0.866,-1.0,0.2974,0.0725,0.0002,-0.0177,0.001,1.0,0.937
w10s-shp-off-s62,w10s-shp-off,62,9219072,0.44,0.864,-1.0,0.2861,0.0703,0.0002,-0.0198,0.0011,1.0,0.937
w10s-shp-off-s62,w10s-shp-off,62,9249792,0.5,0.915,-1.0,0.171,0.0692,0.0002,-0.0183,0.0009,1.0,0.937
w10s-shp-off-s62,w10s-shp-off,62,9280512,0.46,0.891,-1.0,0.1713,0.0698,0.0002,-0.0182,0.001,1.0,0.937
w10s-shp-off-s62,w10s-shp-off,62,9311232,0.5,0.921,-1.0,-0.1287,0.0694,0.0002,-0.0187,0.001,1.0,0.937
w10s-shp-off-s62,w10s-shp-off,62,9341952,0.5,0.925,-1.0,0.1668,0.0701,0.0002,-0.0175,0.001,1.0,0.937
w10s-shp-off-s62,w10s-shp-off,62,9372672,0.46,0.89,-1.0,0.0949,0.0699,0.0002,-0.0179,0.001,1.0,0.937
w10s-shp-off-s62,w10s-shp-off,62,9403392,0.53,0.955,-1.0,0.1556,0.0735,0.0002,-0.0175,0.001,1.0,0.937
w10s-shp-off-s62,w10s-shp-off,62,9434112,0.54,0.993,-1.0,0.2728,0.0676,0.0002,-0.0182,0.001,1.0,0.937
w10s-shp-off-s62,w10s-shp-off,62,9464832,0.49,0.898,-1.0,0.0957,0.0675,0.0002,-0.0188,0.001,1.0,0.937
w10s-shp-off-s62,w10s-shp-off,62,9495552,0.5,0.91,-1.0,0.0922,0.0713,0.0002,-0.0191,0.001,1.0,0.936
w10s-shp-off-s62,w10s-shp-off,62,9526272,0.52,0.986,-1.0,0.2933,0.072,0.0002,-0.0179,0.0009,1.0,0.936
w10s-shp-off-s62,w10s-shp-off,62,9556992,0.48,0.935,-1.0,0.3408,0.0686,0.0002,-0.0176,0.001,1.0,0.936
w10s-shp-off-s62,w10s-shp-off,62,9587712,0.54,0.947,-1.0,0.1413,0.072,0.0002,-0.0183,0.0009,1.0,0.936
w10s-shp-off-s62,w10s-shp-off,62,9618432,0.42,0.854,-1.0,0.1769,0.0666,0.0002,-0.0188,0.001,1.0,0.936
w10s-shp-off-s62,w10s-shp-off,62,9649152,0.52,0.951,-1.0,0.2865,0.0706,0.0002,-0.0164,0.001,1.0,0.936
w10s-shp-off-s62,w10s-shp-off,62,9679872,0.5,0.919,-1.0,0.3406,0.0737,0.0002,-0.0177,0.001,1.0,0.936
w10s-shp-off-s62,w10s-shp-off,62,9710592,0.47,0.901,-1.0,0.1291,0.0722,0.0002,-0.0181,0.001,1.0,0.936
w10s-shp-off-s62,w10s-shp-off,62,9741312,0.53,0.924,-1.0,0.0595,0.0736,0.0002,-0.0186,0.001,1.0,0.936
w10s-shp-off-s62,w10s-shp-off,62,9772032,0.45,0.889,-1.0,0.0626,0.0746,0.0002,-0.0185,0.001,1.0,0.936
w10s-shp-off-s62,w10s-shp-off,62,9802752,0.45,0.892,-1.0,0.1764,0.073,0.0002,-0.0172,0.001,1.0,0.936
w10s-shp-off-s62,w10s-shp-off,62,9833472,0.5,0.938,-1.0,-0.0113,0.0705,0.0002,-0.0168,0.001,1.0,0.936
w10s-shp-off-s62,w10s-shp-off,62,9864192,0.52,0.962,-1.0,0.0371,0.0713,0.0002,-0.0179,0.001,1.0,0.936
w10s-shp-off-s62,w10s-shp-off,62,9894912,0.43,0.883,-1.0,0.228,0.07,0.0002,-0.0189,0.001,1.0,0.936
w10s-shp-off-s62,w10s-shp-off,62,9925632,0.52,0.931,-1.0,0.1902,0.0666,0.0002,-0.0196,0.0009,1.0,0.935
w10s-shp-off-s62,w10s-shp-off,62,9956352,0.42,0.856,-1.0,0.4261,0.0688,0.0002,-0.0171,0.001,1.0,0.935
w10s-shp-off-s62,w10s-shp-off,62,9987072,0.51,0.913,-1.0,0.3913,0.0702,0.0002,-0.0183,0.001,1.0,0.935
w10s-shp-off-s62,w10s-shp-off,62,10017792,0.6,1.019,-1.0,0.1296,0.0691,0.0002,-0.0164,0.001,1.0,0.935
w10s-shp-off-s62,w10s-shp-off,62,10048512,0.49,0.935,-1.0,0.238,0.0662,0.0002,-0.0181,0.0009,1.0,0.935
w10s-shp-off-s62,w10s-shp-off,62,10079232,0.57,1.009,-1.0,0.1792,0.0689,0.0002,-0.0178,0.0009,1.0,0.935
w10s-shp-off-s62,w10s-shp-off,62,10109952,0.63,1.024,-1.0,0.1197,0.0713,0.0002,-0.0167,0.0009,1.0,0.935
w10s-shp-off-s62,w10s-shp-off,62,10140672,0.56,0.952,-1.0,0.2806,0.0719,0.0002,-0.0189,0.001,1.0,0.935
w10s-shp-off-s62,w10s-shp-off,62,10171392,0.49,0.893,-1.0,0.3161,0.0727,0.0002,-0.0187,0.0011,1.0,0.935
w10s-shp-off-s62,w10s-shp-off,62,10202112,0.6,1.019,-1.0,0.23,0.0699,0.0002,-0.0181,0.0009,1.0,0.935
w10s-shp-off-s62,w10s-shp-off,62,10232832,0.4,0.838,-1.0,0.1533,0.0723,0.0002,-0.0183,0.001,1.0,0.935
w10s-shp-off-s62,w10s-shp-off,62,10263552,0.4,0.853,-1.0,0.361,0.0695,0.0002,-0.0207,0.001,1.0,0.935
w10s-shp-off-s62,w10s-shp-off,62,10294272,0.61,1.012,-1.0,0.0701,0.0739,0.0002,-0.0191,0.0009,1.0,0.935
w10s-shp-off-s62,w10s-shp-off,62,10324992,0.5,0.931,-1.0,0.1817,0.0713,0.0002,-0.0177,0.001,1.0,0.935
w10s-shp-off-s62,w10s-shp-off,62,10355712,0.57,1.014,-1.0,0.2121,0.0716,0.0002,-0.0171,0.0011,1.0,0.934
w10s-shp-off-s62,w10s-shp-off,62,10386432,0.48,0.924,-1.0,0.2778,0.072,0.0002,-0.0167,0.001,1.0,0.934
w10s-shp-off-s62,w10s-shp-off,62,10417152,0.49,0.892,-1.0,0.1436,0.0731,0.0002,-0.0168,0.001,1.0,0.934
w10s-shp-off-s62,w10s-shp-off,62,10447872,0.53,0.954,-1.0,0.1549,0.0707,0.0002,-0.0181,0.0009,1.0,0.934
w10s-shp-off-s62,w10s-shp-off,62,10478592,0.51,0.936,-1.0,0.405,0.0696,0.0002,-0.0182,0.001,1.0,0.934
w10s-shp-off-s62,w10s-shp-off,62,10509312,0.51,0.938,-1.0,0.147,0.0654,0.0002,-0.0175,0.001,1.0,0.934
w10s-shp-off-s62,w10s-shp-off,62,10540032,0.5,0.94,-1.0,-0.0552,0.0717,0.0002,-0.0166,0.0009,1.0,0.934
w10s-shp-off-s62,w10s-shp-off,62,10570752,0.5,0.952,-1.0,0.4972,0.0695,0.0002,-0.0188,0.001,1.0,0.934
w10s-shp-off-s62,w10s-shp-off,62,10601472,0.5,0.94,-1.0,0.2288,0.0682,0.0002,-0.0178,0.0009,1.0,0.934
w10s-shp-off-s62,w10s-shp-off,62,10632192,0.45,0.902,-1.0,0.2873,0.0693,0.0002,-0.0168,0.0009,1.0,0.934
w10s-shp-off-s62,w10s-shp-off,62,10662912,0.53,0.943,-1.0,0.1701,0.0683,0.0002,-0.0174,0.001,1.0,0.934
w10s-shp-off-s62,w10s-shp-off,62,10693632,0.52,0.938,-1.0,0.3586,0.0666,0.0002,-0.0185,0.0009,1.0,0.934
w10s-shp-off-s62,w10s-shp-off,62,10724352,0.55,0.965,-1.0,0.4367,0.0714,0.0002,-0.0181,0.001,1.0,0.934
w10s-shp-off-s62,w10s-shp-off,62,10755072,0.56,1.021,-1.0,0.2787,0.0681,0.0002,-0.0184,0.0009,1.0,0.934
w10s-shp-off-s62,w10s-shp-off,62,10785792,0.54,0.983,-1.0,0.2819,0.0731,0.0002,-0.0169,0.0009,1.0,0.934
w10s-shp-off-s62,w10s-shp-off,62,10816512,0.54,0.977,-1.0,0.4949,0.0714,0.0002,-0.0176,0.001,1.0,0.934
w10s-shp-off-s62,w10s-shp-off,62,10847232,0.54,0.99,-1.0,0.4223,0.0693,0.0002,-0.0173,0.001,1.0,0.933
w10s-shp-off-s62,w10s-shp-off,62,10877952,0.55,0.969,-1.0,0.3636,0.0679,0.0002,-0.016,0.0009,1.0,0.933
w10s-shp-off-s62,w10s-shp-off,62,10908672,0.56,0.985,-1.0,0.3949,0.0711,0.0002,-0.0166,0.001,1.0,0.933
w10s-shp-off-s62,w10s-shp-off,62,10939392,0.59,1.017,-1.0,0.5166,0.0667,0.0002,-0.0172,0.001,1.0,0.933
w10s-shp-off-s62,w10s-shp-off,62,10970112,0.59,1.013,-1.0,0.2867,0.0681,0.0002,-0.0171,0.0009,1.0,0.933
w10s-shp-off-s62,w10s-shp-off,62,11000832,0.6,1.006,-1.0,0.3843,0.069,0.0002,-0.0175,0.0009,1.0,0.933
w10s-shp-off-s62,w10s-shp-off,62,11031552,0.45,0.898,-1.0,0.3335,0.0694,0.0002,-0.0178,0.0009,1.0,0.933
w10s-shp-off-s62,w10s-shp-off,62,11062272,0.64,1.062,-1.0,0.4651,0.0681,0.0002,-0.0184,0.0009,1.0,0.933
w10s-shp-off-s62,w10s-shp-off,62,11092992,0.57,0.997,-1.0,0.1996,0.0736,0.0002,-0.0172,0.0009,1.0,0.933
w10s-shp-off-s62,w10s-shp-off,62,11123712,0.62,1.034,-1.0,0.2945,0.0679,0.0002,-0.0188,0.0009,1.0,0.933
w10s-shp-off-s62,w10s-shp-off,62,11154432,0.54,0.965,-1.0,0.2503,0.073,0.0002,-0.018,0.001,1.0,0.933
w10s-shp-off-s62,w10s-shp-off,62,11185152,0.53,0.961,-1.0,0.263,0.0708,0.0002,-0.0178,0.001,1.0,0.933
w10s-shp-off-s62,w10s-shp-off,62,11215872,0.59,1.002,-1.0,0.3756,0.0687,0.0002,-0.0176,0.0009,1.0,0.933
w10s-shp-off-s62,w10s-shp-off,62,11246592,0.63,1.054,-1.0,0.4494,0.0727,0.0002,-0.0179,0.001,1.0,0.933
w10s-shp-off-s62,w10s-shp-off,62,11277312,0.57,0.997,-1.0,0.5867,0.0723,0.0002,-0.0176,0.001,1.0,0.932
w10s-shp-off-s62,w10s-shp-off,62,11308032,0.61,1.019,-1.0,0.5352,0.0717,0.0002,-0.0176,0.0009,1.0,0.932
w10s-shp-off-s62,w10s-shp-off,62,11338752,0.51,0.958,-1.0,0.3156,0.0708,0.0002,-0.0196,0.001,1.0,0.932
w10s-shp-off-s62,w10s-shp-off,62,11369472,0.64,1.056,-1.0,0.2394,0.0718,0.0002,-0.0188,0.001,1.0,0.932
w10s-shp-off-s62,w10s-shp-off,62,11400192,0.52,0.943,-1.0,0.3617,0.0723,0.0002,-0.0185,0.0009,1.0,0.932
w10s-shp-off-s62,w10s-shp-off,62,11430912,0.57,1.027,-1.0,0.3021,0.0699,0.0002,-0.0178,0.0009,1.0,0.932
w10s-shp-off-s62,w10s-shp-off,62,11461632,0.63,1.074,-1.0,0.2298,0.069,0.0002,-0.0188,0.001,1.0,0.932
w10s-shp-off-s62,w10s-shp-off,62,11492352,0.69,1.13,-1.0,0.4519,0.0695,0.0002,-0.0173,0.001,1.0,0.932
w10s-shp-off-s62,w10s-shp-off,62,11523072,0.59,0.997,-1.0,0.4304,0.0705,0.0002,-0.0175,0.0009,1.0,0.932
w10s-shp-off-s62,w10s-shp-off,62,11553792,0.53,0.961,-1.0,0.3773,0.0711,0.0002,-0.018,0.001,1.0,0.932
w10s-shp-off-s62,w10s-shp-off,62,11584512,0.52,0.968,-1.0,0.4105,0.0704,0.0002,-0.0188,0.0009,1.0,0.932
w10s-shp-off-s62,w10s-shp-off,62,11615232,0.59,1.0,-1.0,0.3327,0.0722,0.0002,-0.0192,0.0009,1.0,0.932
w10s-shp-off-s62,w10s-shp-off,62,11645952,0.64,1.091,-1.0,0.464,0.0689,0.0002,-0.0183,0.0009,1.0,0.932
w10s-shp-off-s62,w10s-shp-off,62,11676672,0.62,1.041,-1.0,0.4237,0.0732,0.0002,-0.0187,0.001,1.0,0.932
w10s-shp-off-s62,w10s-shp-off,62,11707392,0.53,0.994,-1.0,0.2759,0.0694,0.0002,-0.0168,0.0009,1.0,0.932
w10s-shp-off-s62,w10s-shp-off,62,11738112,0.59,1.051,-1.0,0.1138,0.0693,0.0002,-0.0173,0.001,1.0,0.932
w10s-shp-off-s62,w10s-shp-off,62,11768832,0.64,1.058,-1.0,0.4463,0.0654,0.0002,-0.0188,0.0009,1.0,0.931
w10s-shp-off-s62,w10s-shp-off,62,11799552,0.56,0.997,-1.0,0.3637,0.0668,0.0002,-0.018,0.0009,1.0,0.931
w10s-shp-off-s62,w10s-shp-off,62,11830272,0.61,1.033,-1.0,0.3232,0.0696,0.0002,-0.0172,0.001,1.0,0.931
w10s-shp-off-s62,w10s-shp-off,62,11860992,0.6,1.05,-1.0,0.3524,0.0707,0.0002,-0.0187,0.0009,1.0,0.931
w10s-shp-off-s62,w10s-shp-off,62,11891712,0.65,1.052,-1.0,0.3474,0.0706,0.0002,-0.0174,0.001,1.0,0.931
w10s-shp-off-s62,w10s-shp-off,62,11922432,0.58,1.023,-1.0,0.5217,0.0712,0.0002,-0.0176,0.001,1.0,0.931
w10s-shp-off-s62,w10s-shp-off,62,11953152,0.55,1.013,-1.0,0.381,0.0694,0.0002,-0.0183,0.0009,1.0,0.931
w10s-shp-off-s62,w10s-shp-off,62,11983872,0.53,1.033,-1.0,0.4912,0.0693,0.0002,-0.0179,0.0009,1.0,0.931
w10s-shp-off-s62,w10s-shp-off,62,12014592,0.57,1.012,-1.0,0.6396,0.067,0.0002,-0.0189,0.0009,1.0,0.931
w10s-shp-off-s62,w10s-shp-off,62,12045312,0.6,1.058,-1.0,0.3751,0.0716,0.0002,-0.0189,0.001,1.0,0.931
w10s-shp-off-s62,w10s-shp-off,62,12076032,0.61,1.056,-1.0,0.3907,0.0739,0.0002,-0.0197,0.0009,1.0,0.931
w10s-shp-off-s62,w10s-shp-off,62,12106752,0.61,1.039,-1.0,0.3452,0.0729,0.0002,-0.0162,0.001,1.0,0.931
w10s-shp-off-s62,w10s-shp-off,62,12137472,0.58,1.036,-1.0,0.7755,0.0703,0.0002,-0.0192,0.0009,1.0,0.93
w10s-shp-off-s62,w10s-shp-off,62,12168192,0.54,1.027,-1.0,0.4741,0.0721,0.0002,-0.0169,0.0009,1.0,0.93
w10s-shp-off-s62,w10s-shp-off,62,12198912,0.59,1.05,-1.0,0.3439,0.0728,0.0002,-0.0206,0.001,1.0,0.93
w10s-shp-off-s62,w10s-shp-off,62,12229632,0.58,1.062,-1.0,0.3775,0.0688,0.0002,-0.0188,0.001,1.0,0.93
w10s-shp-off-s62,w10s-shp-off,62,12260352,0.57,1.014,-1.0,0.3145,0.0698,0.0002,-0.0174,0.001,1.0,0.93
w10s-shp-off-s62,w10s-shp-off,62,12291072,0.55,1.0,-1.0,0.4393,0.0724,0.0002,-0.0174,0.001,1.0,0.93
w10s-shp-off-s62,w10s-shp-off,62,12321792,0.62,1.034,-1.0,0.273,0.0722,0.0002,-0.0188,0.001,1.0,0.93
w10s-shp-off-s62,w10s-shp-off,62,12352512,0.62,1.066,-1.0,0.5362,0.0737,0.0002,-0.0176,0.0009,1.0,0.93
w10s-shp-off-s62,w10s-shp-off,62,12383232,0.62,1.059,-1.0,0.3846,0.0656,0.0002,-0.0187,0.001,1.0,0.93
w10s-shp-off-s62,w10s-shp-off,62,12413952,0.64,1.101,-1.0,0.4196,0.0716,0.0002,-0.0189,0.001,1.0,0.93
w10s-shp-off-s62,w10s-shp-off,62,12444672,0.61,1.078,-1.0,0.538,0.0674,0.0002,-0.0179,0.0009,1.0,0.93
w10s-shp-off-s62,w10s-shp-off,62,12475392,0.59,1.042,-1.0,0.4677,0.0683,0.0002,-0.0182,0.0009,1.0,0.93
w10s-shp-off-s62,w10s-shp-off,62,12506112,0.62,1.071,-1.0,0.2662,0.0727,0.0002,-0.0187,0.0009,1.0,0.929
w10s-shp-off-s62,w10s-shp-off,62,12536832,0.64,1.106,-1.0,0.5216,0.0682,0.0002,-0.0185,0.001,1.0,0.929
w10s-shp-off-s62,w10s-shp-off,62,12567552,0.62,1.047,-1.0,0.5692,0.0695,0.0002,-0.0172,0.001,1.0,0.929
w10s-shp-off-s62,w10s-shp-off,62,12598272,0.72,1.157,-1.0,0.6298,0.0719,0.0002,-0.019,0.0009,1.0,0.929
w10s-shp-off-s62,w10s-shp-off,62,12628992,0.62,1.048,-1.0,0.4481,0.0721,0.0002,-0.0196,0.001,1.0,0.929
w10s-shp-off-s62,w10s-shp-off,62,12659712,0.65,1.094,-1.0,0.4184,0.0693,0.0002,-0.0178,0.0009,1.0,0.929
w10s-shp-off-s62,w10s-shp-off,62,12690432,0.59,1.049,-1.0,0.4022,0.0716,0.0002,-0.0177,0.0009,1.0,0.929
w10s-shp-off-s62,w10s-shp-off,62,12721152,0.75,1.145,-1.0,0.4222,0.0704,0.0002,-0.0186,0.0009,1.0,0.929
w10s-shp-off-s62,w10s-shp-off,62,12751872,0.64,1.077,-1.0,0.4689,0.069,0.0002,-0.0193,0.0009,1.0,0.929
w10s-shp-off-s62,w10s-shp-off,62,12782592,0.62,1.034,-1.0,0.3849,0.0716,0.0002,-0.0184,0.001,1.0,0.929
w10s-shp-off-s62,w10s-shp-off,62,12813312,0.64,1.1,-1.0,0.5539,0.0711,0.0002,-0.0186,0.001,1.0,0.929
w10s-shp-off-s62,w10s-shp-off,62,12844032,0.67,1.097,-1.0,0.3062,0.0714,0.0002,-0.0189,0.0009,1.0,0.929
w10s-shp-off-s62,w10s-shp-off,62,12874752,0.66,1.125,-1.0,0.2916,0.0717,0.0002,-0.0183,0.0008,1.0,0.929
w10s-shp-off-s62,w10s-shp-off,62,12905472,0.63,1.093,-1.0,0.6304,0.0697,0.0002,-0.018,0.0009,1.0,0.928
w10s-shp-off-s62,w10s-shp-off,62,12936192,0.64,1.093,-1.0,0.5331,0.0707,0.0002,-0.0189,0.001,1.0,0.928
w10s-shp-off-s62,w10s-shp-off,62,12966912,0.59,1.058,-1.0,0.538,0.0703,0.0002,-0.0174,0.0009,1.0,0.928
w10s-shp-off-s62,w10s-shp-off,62,12997632,0.62,1.068,-1.0,0.6281,0.0703,0.0002,-0.0187,0.001,1.0,0.928
w10s-shp-off-s62,w10s-shp-off,62,13028352,0.52,0.993,-1.0,0.4728,0.0695,0.0002,-0.0192,0.001,1.0,0.928
w10s-shp-off-s62,w10s-shp-off,62,13059072,0.57,1.027,-1.0,0.7469,0.0674,0.0002,-0.0194,0.0008,1.0,0.928
w10s-shp-off-s62,w10s-shp-off,62,13089792,0.57,1.045,-1.0,0.5644,0.069,0.0002,-0.019,0.0009,1.0,0.928
w10s-shp-off-s62,w10s-shp-off,62,13120512,0.68,1.16,-1.0,0.692,0.0711,0.0002,-0.0173,0.0009,1.0,0.928
w10s-shp-off-s62,w10s-shp-off,62,13151232,0.61,1.072,-1.0,0.6064,0.0719,0.0002,-0.0169,0.0009,1.0,0.928
w10s-shp-off-s62,w10s-shp-off,62,13181952,0.66,1.113,-1.0,0.5815,0.0691,0.0002,-0.0174,0.0009,1.0,0.928
w10s-shp-off-s62,w10s-shp-off,62,13212672,0.55,1.002,-1.0,0.4094,0.0738,0.0002,-0.0182,0.0008,1.0,0.928
w10s-shp-off-s62,w10s-shp-off,62,13243392,0.66,1.086,-1.0,0.4039,0.0688,0.0002,-0.0181,0.0009,1.0,0.928
w10s-shp-off-s62,w10s-shp-off,62,13274112,0.66,1.107,-1.0,0.4765,0.071,0.0002,-0.0186,0.001,1.0,0.928
w10s-shp-off-s62,w10s-shp-off,62,13304832,0.61,1.071,-1.0,0.6134,0.0714,0.0002,-0.0166,0.001,1.0,0.928
w10s-shp-off-s62,w10s-shp-off,62,13335552,0.66,1.116,-1.0,0.4771,0.0718,0.0002,-0.0193,0.001,1.0,0.927
w10s-shp-off-s62,w10s-shp-off,62,13366272,0.69,1.12,-1.0,0.5984,0.0708,0.0002,-0.0193,0.0009,1.0,0.927
w10s-shp-off-s62,w10s-shp-off,62,13396992,0.64,1.089,-1.0,0.6875,0.0687,0.0002,-0.0177,0.0008,1.0,0.927
w10s-shp-off-s62,w10s-shp-off,62,13427712,0.67,1.106,-1.0,0.24,0.0683,0.0002,-0.0183,0.0009,1.0,0.927
w10s-shp-off-s62,w10s-shp-off,62,13458432,0.7,1.144,-1.0,0.4508,0.0717,0.0002,-0.0176,0.0009,1.0,0.927
w10s-shp-off-s62,w10s-shp-off,62,13489152,0.73,1.145,-1.0,0.7965,0.0706,0.0002,-0.0191,0.001,1.0,0.927
w10s-shp-off-s62,w10s-shp-off,62,13519872,0.65,1.113,-1.0,0.7831,0.0708,0.0002,-0.0174,0.0009,1.0,0.927
w10s-shp-off-s62,w10s-shp-off,62,13550592,0.59,1.051,-1.0,0.428,0.0706,0.0002,-0.0167,0.0008,1.0,0.927
w10s-shp-off-s62,w10s-shp-off,62,13581312,0.61,1.071,-1.0,0.4884,0.0712,0.0002,-0.0175,0.0009,1.0,0.927
w10s-shp-off-s62,w10s-shp-off,62,13612032,0.72,1.12,-1.0,0.4723,0.07,0.0002,-0.0189,0.0009,1.0,0.927
w10s-shp-off-s62,w10s-shp-off,62,13642752,0.72,1.166,-1.0,0.6153,0.0721,0.0002,-0.0178,0.0008,1.0,0.927
w10s-shp-off-s62,w10s-shp-off,62,13673472,0.58,1.064,-1.0,0.5295,0.0715,0.0002,-0.018,0.0009,1.0,0.927
w10s-shp-off-s62,w10s-shp-off,62,13704192,0.56,1.053,-1.0,0.7095,0.066,0.0002,-0.0176,0.0009,1.0,0.927
w10s-shp-off-s62,w10s-shp-off,62,13734912,0.69,1.121,-1.0,0.3677,0.0677,0.0002,-0.0191,0.0008,1.0,0.926
w10s-shp-off-s62,w10s-shp-off,62,13765632,0.67,1.132,-1.0,0.6222,0.0697,0.0002,-0.0184,0.0008,1.0,0.926
w10s-shp-off-s62,w10s-shp-off,62,13796352,0.64,1.134,-1.0,0.5618,0.0738,0.0002,-0.0186,0.0009,1.0,0.926
w10s-shp-off-s62,w10s-shp-off,62,13827072,0.66,1.112,-1.0,0.8859,0.0669,0.0002,-0.0166,0.0009,1.0,0.926
w10s-shp-off-s62,w10s-shp-off,62,13857792,0.69,1.116,-1.0,0.5669,0.0694,0.0002,-0.0186,0.0008,1.0,0.926
w10s-shp-off-s62,w10s-shp-off,62,13888512,0.6,1.061,-1.0,0.6761,0.0709,0.0002,-0.0164,0.0008,1.0,0.926
w10s-shp-off-s62,w10s-shp-off,62,13919232,0.69,1.132,-1.0,0.6271,0.0702,0.0002,-0.0185,0.0008,1.0,0.926
w10s-shp-off-s62,w10s-shp-off,62,13949952,0.7,1.119,-1.0,0.6653,0.072,0.0002,-0.0181,0.0009,1.0,0.926
w10s-shp-off-s62,w10s-shp-off,62,13980672,0.58,1.038,-1.0,0.504,0.0702,0.0002,-0.0175,0.0009,1.0,0.926
w10s-shp-off-s62,w10s-shp-off,62,14011392,0.63,1.088,-1.0,0.4169,0.0709,0.0002,-0.0177,0.0008,1.0,0.926
w10s-shp-off-s62,w10s-shp-off,62,14042112,0.56,1.04,-1.0,0.6087,0.0696,0.0002,-0.0178,0.0009,1.0,0.926
w10s-shp-off-s62,w10s-shp-off,62,14072832,0.71,1.15,-1.0,0.5933,0.0718,0.0002,-0.0183,0.0009,1.0,0.926
w10s-shp-off-s62,w10s-shp-off,62,14103552,0.63,1.074,-1.0,0.423,0.0685,0.0002,-0.0176,0.0009,1.0,0.925
w10s-shp-off-s62,w10s-shp-off,62,14134272,0.7,1.158,-1.0,0.3388,0.0704,0.0002,-0.0175,0.0009,1.0,0.925
w10s-shp-off-s62,w10s-shp-off,62,14164992,0.7,1.142,-1.0,0.624,0.0718,0.0002,-0.0172,0.0009,1.0,0.925
w10s-shp-off-s62,w10s-shp-off,62,14195712,0.68,1.123,-1.0,0.5864,0.0699,0.0002,-0.0185,0.0008,1.0,0.925
w10s-shp-off-s62,w10s-shp-off,62,14226432,0.63,1.092,-1.0,0.6388,0.0711,0.0002,-0.0199,0.0008,1.0,0.925
w10s-shp-off-s62,w10s-shp-off,62,14257152,0.75,1.177,-1.0,0.6388,0.0733,0.0002,-0.0172,0.0009,1.0,0.925
w10s-shp-off-s62,w10s-shp-off,62,14287872,0.7,1.144,-1.0,0.6575,0.0698,0.0002,-0.0175,0.0008,1.0,0.925
w10s-shp-off-s62,w10s-shp-off,62,14318592,0.64,1.102,-1.0,0.5545,0.0685,0.0002,-0.0182,0.0009,1.0,0.925
w10s-shp-off-s62,w10s-shp-off,62,14349312,0.59,1.054,-1.0,0.5467,0.0722,0.0002,-0.0192,0.0009,1.0,0.925
w10s-shp-off-s62,w10s-shp-off,62,14380032,0.68,1.137,-1.0,0.4319,0.0726,0.0002,-0.0183,0.0009,1.0,0.925
w10s-shp-off-s62,w10s-shp-off,62,14410752,0.71,1.155,-1.0,0.7019,0.0671,0.0002,-0.0184,0.0009,1.0,0.925
w10s-shp-off-s62,w10s-shp-off,62,14441472,0.67,1.11,-1.0,0.6282,0.0726,0.0002,-0.0184,0.0009,1.0,0.925
w10s-shp-off-s62,w10s-shp-off,62,14472192,0.64,1.113,-1.0,0.5042,0.0698,0.0002,-0.0191,0.001,1.0,0.924
w10s-shp-off-s62,w10s-shp-off,62,14502912,0.75,1.186,-1.0,0.6299,0.0686,0.0002,-0.0182,0.0008,1.0,0.924
w10s-shp-off-s62,w10s-shp-off,62,14533632,0.69,1.145,-1.0,0.6766,0.0712,0.0002,-0.017,0.0009,1.0,0.924
w10s-shp-off-s62,w10s-shp-off,62,14564352,0.72,1.127,-1.0,0.6859,0.069,0.0002,-0.019,0.0009,1.0,0.924
w10s-shp-off-s62,w10s-shp-off,62,14595072,0.69,1.126,-1.0,0.564,0.0696,0.0002,-0.0183,0.0008,1.0,0.924
w10s-shp-off-s62,w10s-shp-off,62,14625792,0.75,1.196,-1.0,0.6575,0.0704,0.0002,-0.0195,0.0009,1.0,0.924
w10s-shp-off-s62,w10s-shp-off,62,14656512,0.64,1.118,-1.0,0.6126,0.0673,0.0002,-0.0186,0.0008,1.0,0.924
w10s-shp-off-s62,w10s-shp-off,62,14687232,0.67,1.128,-1.0,0.7144,0.0713,0.0002,-0.0184,0.0008,1.0,0.924
w10s-shp-off-s62,w10s-shp-off,62,14717952,0.66,1.108,-1.0,0.8324,0.0708,0.0002,-0.0195,0.0009,1.0,0.924
w10s-shp-off-s62,w10s-shp-off,62,14748672,0.6,1.044,-1.0,0.5915,0.0695,0.0002,-0.0177,0.0008,1.0,0.924
w10s-shp-off-s62,w10s-shp-off,62,14779392,0.73,1.16,-1.0,0.5987,0.0716,0.0002,-0.0174,0.0009,1.0,0.924
w10s-shp-off-s62,w10s-shp-off,62,14810112,0.71,1.142,-1.0,0.7109,0.0703,0.0002,-0.0171,0.0008,1.0,0.924
w10s-shp-off-s62,w10s-shp-off,62,14840832,0.68,1.119,-1.0,0.4152,0.0706,0.0002,-0.0187,0.0008,1.0,0.923
w10s-shp-off-s62,w10s-shp-off,62,14871552,0.72,1.135,-1.0,0.7059,0.0714,0.0002,-0.0174,0.0009,1.0,0.923
w10s-shp-off-s62,w10s-shp-off,62,14902272,0.72,1.176,-1.0,0.4377,0.0731,0.0002,-0.0181,0.0008,1.0,0.923
w10s-shp-off-s62,w10s-shp-off,62,14932992,0.71,1.133,-1.0,0.6539,0.07,0.0002,-0.0164,0.0008,1.0,0.923
w10s-shp-off-s62,w10s-shp-off,62,14963712,0.71,1.154,-1.0,0.3631,0.0712,0.0002,-0.0182,0.0008,1.0,0.923
w10s-shp-off-s62,w10s-shp-off,62,14994432,0.64,1.096,-1.0,0.6683,0.068,0.0002,-0.019,0.0009,1.0,0.923
w10s-shp-off-s62,w10s-shp-off,62,14997504,0.75,1.166,-1.0,0.7703,0.0715,0.0002,-0.018,0.0008,1.0,0.923
w10s-shp-off-s63,w10s-shp-off,63,3072,0.0,0.412,-1.0,,,,,,,
w10s-shp-off-s63,w10s-shp-off,63,33792,0.0,0.43,-1.0,-1.0,0.0714,0.0002,-0.0166,0.0144,0.946,0.921
w10s-shp-off-s63,w10s-shp-off,63,64512,0.0,0.429,-1.0,-0.975,0.0689,0.0002,-0.0178,0.0115,0.979,0.914
w10s-shp-off-s63,w10s-shp-off,63,95232,0.0,0.449,-1.0,-1.0,0.0675,0.0002,-0.0178,0.0104,0.991,0.914
w10s-shp-off-s63,w10s-shp-off,63,125952,0.0,0.477,-1.0,-1.0,0.0711,0.0002,-0.0187,0.0092,0.995,0.912
w10s-shp-off-s63,w10s-shp-off,63,156672,0.0,0.476,-1.0,-1.0,0.0686,0.0002,-0.0185,0.0081,0.997,0.912
w10s-shp-off-s63,w10s-shp-off,63,187392,0.01,0.466,-1.0,-0.9756,0.0716,0.0002,-0.0186,0.0076,0.998,0.912
w10s-shp-off-s63,w10s-shp-off,63,218112,0.0,0.491,-1.0,-1.0,0.0709,0.0002,-0.0192,0.0073,0.999,0.912
w10s-shp-off-s63,w10s-shp-off,63,248832,0.0,0.481,-1.0,-0.95,0.0728,0.0002,-0.0181,0.0073,1.0,0.914
w10s-shp-off-s63,w10s-shp-off,63,279552,0.01,0.47,-1.0,-0.9546,0.0697,0.0002,-0.0181,0.007,1.0,0.916
w10s-shp-off-s63,w10s-shp-off,63,310272,0.01,0.526,-1.0,-1.0,0.0708,0.0002,-0.0195,0.0064,1.0,0.919
w10s-shp-off-s63,w10s-shp-off,63,340992,0.0,0.479,-1.0,-1.0,0.0721,0.0002,-0.0172,0.006,1.0,0.921
w10s-shp-off-s63,w10s-shp-off,63,371712,0.0,0.49,-1.0,-0.9081,0.0685,0.0002,-0.0167,0.0059,1.0,0.923
w10s-shp-off-s63,w10s-shp-off,63,402432,0.01,0.498,-1.0,-0.9759,0.0695,0.0002,-0.0176,0.0055,1.0,0.924
w10s-shp-off-s63,w10s-shp-off,63,433152,0.03,0.535,-1.0,-0.95,0.0682,0.0002,-0.0162,0.0049,1.0,0.925
w10s-shp-off-s63,w10s-shp-off,63,463872,0.01,0.524,-1.0,-0.8836,0.0691,0.0002,-0.0183,0.0046,1.0,0.926
w10s-shp-off-s63,w10s-shp-off,63,494592,0.01,0.484,-1.0,-0.9549,0.0748,0.0002,-0.0175,0.004,1.0,0.928
w10s-shp-off-s63,w10s-shp-off,63,525312,0.02,0.523,-1.0,-0.9287,0.0693,0.0002,-0.0174,0.0043,1.0,0.929
w10s-shp-off-s63,w10s-shp-off,63,556032,0.07,0.576,-1.0,-0.9541,0.0697,0.0002,-0.0158,0.0042,1.0,0.931
w10s-shp-off-s63,w10s-shp-off,63,586752,0.03,0.488,-1.0,-1.0,0.0702,0.0002,-0.0184,0.004,1.0,0.932
w10s-shp-off-s63,w10s-shp-off,63,617472,0.03,0.518,-1.0,-0.9553,0.0739,0.0002,-0.0173,0.0039,1.0,0.933
w10s-shp-off-s63,w10s-shp-off,63,648192,0.03,0.522,-1.0,-0.9562,0.0709,0.0002,-0.0173,0.004,1.0,0.934
w10s-shp-off-s63,w10s-shp-off,63,678912,0.04,0.592,-1.0,-0.95,0.0728,0.0002,-0.0178,0.0041,1.0,0.935
w10s-shp-off-s63,w10s-shp-off,63,709632,0.01,0.46,-1.0,-0.9565,0.0683,0.0002,-0.0167,0.0037,1.0,0.936
w10s-shp-off-s63,w10s-shp-off,63,740352,0.01,0.53,-1.0,-0.976,0.0718,0.0002,-0.0194,0.004,1.0,0.937
w10s-shp-off-s63,w10s-shp-off,63,771072,0.01,0.49,-1.0,-0.9339,0.0727,0.0002,-0.0186,0.0039,1.0,0.937
w10s-shp-off-s63,w10s-shp-off,63,801792,0.04,0.531,-1.0,-1.0,0.0717,0.0002,-0.0185,0.0035,1.0,0.937
w10s-shp-off-s63,w10s-shp-off,63,832512,0.0,0.489,-1.0,-0.975,0.072,0.0002,-0.0179,0.0036,1.0,0.937
w10s-shp-off-s63,w10s-shp-off,63,863232,0.03,0.516,-1.0,-0.9773,0.0711,0.0002,-0.0183,0.0035,1.0,0.938
w10s-shp-off-s63,w10s-shp-off,63,893952,0.05,0.557,-1.0,-0.9054,0.0702,0.0002,-0.018,0.0034,1.0,0.937
w10s-shp-off-s63,w10s-shp-off,63,924672,0.07,0.545,-1.0,-0.9511,0.0701,0.0002,-0.019,0.0036,1.0,0.937
w10s-shp-off-s63,w10s-shp-off,63,955392,0.05,0.552,-1.0,-0.8835,0.0691,0.0002,-0.0172,0.0034,1.0,0.938
w10s-shp-off-s63,w10s-shp-off,63,986112,0.01,0.528,-1.0,-0.975,0.0706,0.0002,-0.0171,0.0036,1.0,0.938
w10s-shp-off-s63,w10s-shp-off,63,1016832,0.01,0.489,-1.0,-0.8879,0.0712,0.0002,-0.0173,0.0028,1.0,0.939
w10s-shp-off-s63,w10s-shp-off,63,1047552,0.02,0.559,-1.0,-0.9342,0.0689,0.0002,-0.0188,0.0029,1.0,0.939
w10s-shp-off-s63,w10s-shp-off,63,1078272,0.01,0.522,-1.0,-0.8403,0.0675,0.0002,-0.0161,0.0028,1.0,0.94
w10s-shp-off-s63,w10s-shp-off,63,1108992,0.04,0.504,-1.0,-0.9029,0.0705,0.0002,-0.0182,0.0031,1.0,0.94
w10s-shp-off-s63,w10s-shp-off,63,1139712,0.03,0.511,-1.0,-0.8878,0.0705,0.0002,-0.0184,0.0031,1.0,0.94
w10s-shp-off-s63,w10s-shp-off,63,1170432,0.01,0.488,-1.0,-0.9343,0.0692,0.0002,-0.0171,0.0029,1.0,0.941
w10s-shp-off-s63,w10s-shp-off,63,1201152,0.03,0.513,-1.0,-0.9302,0.0683,0.0002,-0.0183,0.0032,1.0,0.941
w10s-shp-off-s63,w10s-shp-off,63,1231872,0.04,0.53,-1.0,-0.8831,0.0712,0.0002,-0.0174,0.003,1.0,0.941
w10s-shp-off-s63,w10s-shp-off,63,1262592,0.02,0.531,-1.0,-0.8766,0.072,0.0002,-0.0174,0.0028,1.0,0.941
w10s-shp-off-s63,w10s-shp-off,63,1293312,0.01,0.496,-1.0,-0.975,0.072,0.0002,-0.0178,0.0026,1.0,0.941
w10s-shp-off-s63,w10s-shp-off,63,1324032,0.01,0.518,-1.0,-0.8585,0.07,0.0002,-0.0173,0.003,1.0,0.941
w10s-shp-off-s63,w10s-shp-off,63,1354752,0.05,0.526,-1.0,-0.8819,0.0676,0.0002,-0.0165,0.0031,1.0,0.942
w10s-shp-off-s63,w10s-shp-off,63,1385472,0.03,0.533,-1.0,-0.9326,0.0694,0.0002,-0.0182,0.0028,1.0,0.942
w10s-shp-off-s63,w10s-shp-off,63,1416192,0.04,0.529,-1.0,-0.8838,0.0714,0.0002,-0.017,0.0027,1.0,0.942
w10s-shp-off-s63,w10s-shp-off,63,1446912,0.03,0.548,-1.0,-0.9106,0.0702,0.0002,-0.0171,0.0026,1.0,0.942
w10s-shp-off-s63,w10s-shp-off,63,1477632,0.03,0.553,-1.0,-0.9076,0.0682,0.0002,-0.0174,0.0026,1.0,0.942
w10s-shp-off-s63,w10s-shp-off,63,1508352,0.03,0.499,-1.0,-0.9295,0.0701,0.0002,-0.0176,0.0025,1.0,0.942
w10s-shp-off-s63,w10s-shp-off,63,1539072,0.03,0.504,-1.0,-0.9095,0.0686,0.0002,-0.0191,0.0026,1.0,0.942
w10s-shp-off-s63,w10s-shp-off,63,1569792,0.02,0.543,-1.0,-0.8609,0.0746,0.0002,-0.0168,0.0027,1.0,0.942
w10s-shp-off-s63,w10s-shp-off,63,1600512,0.02,0.481,-1.0,-0.8869,0.0721,0.0002,-0.017,0.0024,1.0,0.942
w10s-shp-off-s63,w10s-shp-off,63,1631232,0.05,0.551,-1.0,-0.9335,0.0737,0.0002,-0.0177,0.0024,1.0,0.942
w10s-shp-off-s63,w10s-shp-off,63,1661952,0.05,0.561,-1.0,-0.8852,0.0704,0.0002,-0.0178,0.0023,1.0,0.942
w10s-shp-off-s63,w10s-shp-off,63,1692672,0.02,0.525,-1.0,-0.9063,0.0694,0.0002,-0.0179,0.0024,1.0,0.942
w10s-shp-off-s63,w10s-shp-off,63,1723392,0.01,0.53,-1.0,-0.8372,0.0705,0.0002,-0.017,0.0028,1.0,0.942
w10s-shp-off-s63,w10s-shp-off,63,1754112,0.05,0.531,-1.0,-0.8595,0.0745,0.0002,-0.0186,0.0025,1.0,0.942
w10s-shp-off-s63,w10s-shp-off,63,1784832,0.02,0.56,-1.0,-0.8845,0.0725,0.0002,-0.0174,0.0025,1.0,0.942
w10s-shp-off-s63,w10s-shp-off,63,1815552,0.03,0.522,-1.0,-0.9048,0.0695,0.0002,-0.0175,0.0023,1.0,0.942
w10s-shp-off-s63,w10s-shp-off,63,1846272,0.03,0.538,-1.0,-0.8644,0.0716,0.0002,-0.0179,0.0025,1.0,0.942
w10s-shp-off-s63,w10s-shp-off,63,1876992,0.05,0.559,-1.0,-0.9055,0.0698,0.0002,-0.0167,0.0023,1.0,0.942
w10s-shp-off-s63,w10s-shp-off,63,1907712,0.06,0.551,-1.0,-0.8635,0.0704,0.0002,-0.0167,0.0021,1.0,0.942
w10s-shp-off-s63,w10s-shp-off,63,1938432,0.05,0.532,-1.0,-0.8826,0.0717,0.0002,-0.018,0.0024,1.0,0.942
w10s-shp-off-s63,w10s-shp-off,63,1969152,0.07,0.57,-1.0,-0.9521,0.0725,0.0002,-0.0183,0.0022,1.0,0.942
w10s-shp-off-s63,w10s-shp-off,63,1999872,0.06,0.59,-1.0,-0.8137,0.0692,0.0002,-0.0173,0.0023,1.0,0.942
w10s-shp-off-s63,w10s-shp-off,63,2030592,0.05,0.524,-1.0,-0.8174,0.0719,0.0002,-0.0184,0.002,1.0,0.942
w10s-shp-off-s63,w10s-shp-off,63,2061312,0.03,0.51,-1.0,-0.9015,0.0692,0.0002,-0.018,0.0021,1.0,0.943
w10s-shp-off-s63,w10s-shp-off,63,2092032,0.08,0.596,-1.0,-0.8592,0.0703,0.0002,-0.0176,0.0023,1.0,0.943
w10s-shp-off-s63,w10s-shp-off,63,2122752,0.05,0.541,-1.0,-0.8898,0.0686,0.0002,-0.0177,0.0022,1.0,0.943
w10s-shp-off-s63,w10s-shp-off,63,2153472,0.08,0.602,-1.0,-0.9756,0.071,0.0002,-0.0183,0.0023,1.0,0.943
w10s-shp-off-s63,w10s-shp-off,63,2184192,0.06,0.517,-1.0,-0.9776,0.07,0.0002,-0.0176,0.0024,1.0,0.943
w10s-shp-off-s63,w10s-shp-off,63,2214912,0.06,0.524,-1.0,-0.8311,0.0721,0.0002,-0.0185,0.0023,1.0,0.943
w10s-shp-off-s63,w10s-shp-off,63,2245632,0.08,0.561,-1.0,-0.8627,0.0731,0.0002,-0.0184,0.0021,1.0,0.943
w10s-shp-off-s63,w10s-shp-off,63,2276352,0.04,0.518,-1.0,-0.8849,0.0701,0.0002,-0.017,0.002,1.0,0.943
w10s-shp-off-s63,w10s-shp-off,63,2307072,0.06,0.494,-1.0,-0.8594,0.0715,0.0002,-0.0178,0.0019,1.0,0.943
w10s-shp-off-s63,w10s-shp-off,63,2337792,0.01,0.492,-1.0,-0.8372,0.0704,0.0002,-0.0184,0.002,1.0,0.943
w10s-shp-off-s63,w10s-shp-off,63,2368512,0.08,0.568,-1.0,-0.7652,0.0676,0.0002,-0.0179,0.002,1.0,0.943
w10s-shp-off-s63,w10s-shp-off,63,2399232,0.05,0.513,-1.0,-0.8629,0.0722,0.0002,-0.0178,0.002,1.0,0.943
w10s-shp-off-s63,w10s-shp-off,63,2429952,0.09,0.58,-1.0,-0.9053,0.0687,0.0002,-0.0174,0.002,1.0,0.943
w10s-shp-off-s63,w10s-shp-off,63,2460672,0.02,0.514,-1.0,-0.7263,0.0726,0.0002,-0.0173,0.0021,1.0,0.943
w10s-shp-off-s63,w10s-shp-off,63,2491392,0.07,0.578,-1.0,-0.8129,0.0678,0.0002,-0.0182,0.0018,1.0,0.943
w10s-shp-off-s63,w10s-shp-off,63,2522112,0.03,0.521,-1.0,-0.8357,0.0696,0.0002,-0.0185,0.002,1.0,0.943
w10s-shp-off-s63,w10s-shp-off,63,2552832,0.09,0.572,-1.0,-0.7517,0.0706,0.0002,-0.0175,0.0019,1.0,0.943
w10s-shp-off-s63,w10s-shp-off,63,2583552,0.08,0.583,-1.0,-0.8398,0.072,0.0002,-0.0186,0.0021,1.0,0.943
w10s-shp-off-s63,w10s-shp-off,63,2614272,0.03,0.55,-1.0,-0.7133,0.0715,0.0002,-0.0185,0.0021,1.0,0.943
w10s-shp-off-s63,w10s-shp-off,63,2644992,0.13,0.602,-1.0,-0.8086,0.0718,0.0002,-0.0193,0.002,1.0,0.943
w10s-shp-off-s63,w10s-shp-off,63,2675712,0.11,0.565,-1.0,-0.925,0.0706,0.0002,-0.0186,0.0019,1.0,0.943
w10s-shp-off-s63,w10s-shp-off,63,2706432,0.05,0.561,-1.0,-0.8435,0.0697,0.0002,-0.0168,0.0019,1.0,0.943
w10s-shp-off-s63,w10s-shp-off,63,2737152,0.04,0.509,-1.0,-0.8573,0.07,0.0002,-0.0186,0.0019,1.0,0.943
w10s-shp-off-s63,w10s-shp-off,63,2767872,0.06,0.556,-1.0,-0.7471,0.0719,0.0002,-0.0188,0.0019,1.0,0.943
w10s-shp-off-s63,w10s-shp-off,63,2798592,0.09,0.596,-1.0,-0.8851,0.0709,0.0002,-0.0183,0.0019,1.0,0.944
w10s-shp-off-s63,w10s-shp-off,63,2829312,0.14,0.61,-1.0,-0.9101,0.0702,0.0002,-0.0195,0.002,1.0,0.944
w10s-shp-off-s63,w10s-shp-off,63,2860032,0.07,0.559,-1.0,-0.8663,0.0715,0.0002,-0.0173,0.0018,1.0,0.944
w10s-shp-off-s63,w10s-shp-off,63,2890752,0.07,0.563,-1.0,-0.8796,0.0724,0.0002,-0.0205,0.0021,1.0,0.944
w10s-shp-off-s63,w10s-shp-off,63,2921472,0.05,0.541,-1.0,-0.7921,0.068,0.0002,-0.0176,0.0019,1.0,0.944
w10s-shp-off-s63,w10s-shp-off,63,2952192,0.1,0.581,-1.0,-0.8381,0.067,0.0002,-0.0185,0.0018,1.0,0.944
w10s-shp-off-s63,w10s-shp-off,63,2982912,0.09,0.558,-1.0,-0.8629,0.0713,0.0002,-0.019,0.0019,1.0,0.944
w10s-shp-off-s63,w10s-shp-off,63,3013632,0.1,0.567,-1.0,-0.7191,0.0695,0.0002,-0.0179,0.0018,1.0,0.944
w10s-shp-off-s63,w10s-shp-off,63,3044352,0.04,0.513,-1.0,-0.8081,0.0727,0.0002,-0.0156,0.0018,1.0,0.944
w10s-shp-off-s63,w10s-shp-off,63,3075072,0.06,0.537,-1.0,-0.7247,0.0671,0.0002,-0.0181,0.0017,1.0,0.944
w10s-shp-off-s63,w10s-shp-off,63,3105792,0.13,0.607,-1.0,-0.8171,0.0714,0.0002,-0.0197,0.0018,1.0,0.944
w10s-shp-off-s63,w10s-shp-off,63,3136512,0.09,0.573,-1.0,-0.7729,0.0665,0.0002,-0.0172,0.0017,1.0,0.944
w10s-shp-off-s63,w10s-shp-off,63,3167232,0.09,0.579,-1.0,-0.8397,0.0755,0.0002,-0.0188,0.0018,1.0,0.944
w10s-shp-off-s63,w10s-shp-off,63,3197952,0.16,0.652,-1.0,-0.6457,0.0716,0.0002,-0.0183,0.0019,1.0,0.944
w10s-shp-off-s63,w10s-shp-off,63,3228672,0.15,0.617,-1.0,-0.7425,0.0714,0.0002,-0.0179,0.0017,1.0,0.944
w10s-shp-off-s63,w10s-shp-off,63,3259392,0.12,0.613,-1.0,-0.7518,0.0696,0.0002,-0.0186,0.0017,1.0,0.944
w10s-shp-off-s63,w10s-shp-off,63,3290112,0.08,0.552,-1.0,-0.6507,0.0737,0.0002,-0.0183,0.0019,1.0,0.944
w10s-shp-off-s63,w10s-shp-off,63,3320832,0.16,0.68,-1.0,-0.7465,0.0714,0.0002,-0.0191,0.0017,1.0,0.944
w10s-shp-off-s63,w10s-shp-off,63,3351552,0.13,0.598,-1.0,-0.6651,0.0677,0.0002,-0.0178,0.0017,1.0,0.944
w10s-shp-off-s63,w10s-shp-off,63,3382272,0.1,0.584,-1.0,-0.6277,0.0688,0.0002,-0.0172,0.0016,1.0,0.944
w10s-shp-off-s63,w10s-shp-off,63,3412992,0.15,0.613,-1.0,-0.7434,0.0728,0.0002,-0.0184,0.0019,1.0,0.944
w10s-shp-off-s63,w10s-shp-off,63,3443712,0.1,0.573,-1.0,-0.8428,0.0708,0.0002,-0.0173,0.0016,1.0,0.944
w10s-shp-off-s63,w10s-shp-off,63,3474432,0.11,0.544,-1.0,-0.7679,0.0706,0.0002,-0.0184,0.0016,1.0,0.944
w10s-shp-off-s63,w10s-shp-off,63,3505152,0.14,0.664,-1.0,-0.7497,0.0706,0.0002,-0.0186,0.0016,1.0,0.944
w10s-shp-off-s63,w10s-shp-off,63,3535872,0.16,0.666,-1.0,-0.7707,0.0688,0.0002,-0.017,0.0015,1.0,0.944
w10s-shp-off-s63,w10s-shp-off,63,3566592,0.09,0.568,-1.0,-0.7039,0.0721,0.0002,-0.0188,0.0015,1.0,0.944
w10s-shp-off-s63,w10s-shp-off,63,3597312,0.17,0.595,-1.0,-0.694,0.0734,0.0002,-0.0175,0.0016,1.0,0.945
w10s-shp-off-s63,w10s-shp-off,63,3628032,0.13,0.63,-1.0,-0.631,0.0697,0.0002,-0.0175,0.0015,1.0,0.945
w10s-shp-off-s63,w10s-shp-off,63,3658752,0.14,0.607,-1.0,-0.7758,0.0727,0.0002,-0.017,0.0016,1.0,0.945
w10s-shp-off-s63,w10s-shp-off,63,3689472,0.2,0.622,-1.0,-0.7072,0.0711,0.0002,-0.0173,0.0015,1.0,0.945
w10s-shp-off-s63,w10s-shp-off,63,3720192,0.14,0.606,-1.0,-0.7206,0.0682,0.0002,-0.0177,0.0017,1.0,0.945
w10s-shp-off-s63,w10s-shp-off,63,3750912,0.15,0.623,-1.0,-0.6292,0.0693,0.0002,-0.0173,0.0016,1.0,0.945
w10s-shp-off-s63,w10s-shp-off,63,3781632,0.11,0.571,-1.0,-0.7921,0.074,0.0002,-0.0189,0.0016,1.0,0.945
w10s-shp-off-s63,w10s-shp-off,63,3812352,0.16,0.648,-1.0,-0.8148,0.0687,0.0002,-0.0188,0.0015,1.0,0.945
w10s-shp-off-s63,w10s-shp-off,63,3843072,0.19,0.629,-1.0,-0.5364,0.0705,0.0002,-0.0194,0.0016,1.0,0.945
w10s-shp-off-s63,w10s-shp-off,63,3873792,0.11,0.588,-1.0,-0.715,0.0701,0.0002,-0.0183,0.0016,1.0,0.945
w10s-shp-off-s63,w10s-shp-off,63,3904512,0.05,0.537,-1.0,-0.7268,0.0716,0.0002,-0.0179,0.0015,1.0,0.945
w10s-shp-off-s63,w10s-shp-off,63,3935232,0.15,0.656,-1.0,-0.6243,0.0701,0.0002,-0.0182,0.0015,1.0,0.945
w10s-shp-off-s63,w10s-shp-off,63,3965952,0.11,0.58,-1.0,-0.7526,0.0707,0.0002,-0.0169,0.0015,1.0,0.945
w10s-shp-off-s63,w10s-shp-off,63,3996672,0.15,0.605,-1.0,-0.5773,0.0675,0.0002,-0.0173,0.0014,1.0,0.945
w10s-shp-off-s63,w10s-shp-off,63,4027392,0.14,0.609,-1.0,-0.5595,0.0696,0.0002,-0.0171,0.0015,1.0,0.945
w10s-shp-off-s63,w10s-shp-off,63,4058112,0.21,0.644,-1.0,-0.5857,0.0685,0.0002,-0.0159,0.0016,1.0,0.945
w10s-shp-off-s63,w10s-shp-off,63,4088832,0.11,0.601,-1.0,-0.54,0.068,0.0002,-0.0161,0.0013,1.0,0.945
w10s-shp-off-s63,w10s-shp-off,63,4119552,0.18,0.646,-1.0,-0.7895,0.0693,0.0002,-0.0184,0.0016,1.0,0.945
w10s-shp-off-s63,w10s-shp-off,63,4150272,0.17,0.622,-1.0,-0.6356,0.0699,0.0002,-0.0177,0.0016,1.0,0.946
w10s-shp-off-s63,w10s-shp-off,63,4180992,0.14,0.623,-1.0,-0.6804,0.0718,0.0002,-0.0187,0.0015,1.0,0.946
w10s-shp-off-s63,w10s-shp-off,63,4211712,0.21,0.668,-1.0,-0.6038,0.0694,0.0002,-0.0164,0.0015,1.0,0.946
w10s-shp-off-s63,w10s-shp-off,63,4242432,0.22,0.646,-1.0,-0.459,0.067,0.0002,-0.018,0.0015,1.0,0.946
w10s-shp-off-s63,w10s-shp-off,63,4273152,0.17,0.605,-1.0,-0.3663,0.0709,0.0002,-0.0168,0.0016,1.0,0.946
w10s-shp-off-s63,w10s-shp-off,63,4303872,0.23,0.674,-1.0,-0.5669,0.0691,0.0002,-0.0183,0.0014,1.0,0.946
w10s-shp-off-s63,w10s-shp-off,63,4334592,0.17,0.641,-1.0,-0.5151,0.0729,0.0002,-0.017,0.0015,1.0,0.946
w10s-shp-off-s63,w10s-shp-off,63,4365312,0.09,0.546,-1.0,-0.5228,0.0725,0.0002,-0.0184,0.0014,1.0,0.946
w10s-shp-off-s63,w10s-shp-off,63,4396032,0.21,0.637,-1.0,-0.4393,0.0691,0.0002,-0.0174,0.0013,1.0,0.946
w10s-shp-off-s63,w10s-shp-off,63,4426752,0.18,0.672,-1.0,-0.7005,0.0699,0.0002,-0.0176,0.0015,1.0,0.946
w10s-shp-off-s63,w10s-shp-off,63,4457472,0.21,0.694,-1.0,-0.7608,0.0693,0.0002,-0.0182,0.0016,1.0,0.946
w10s-shp-off-s63,w10s-shp-off,63,4488192,0.27,0.71,-1.0,-0.5882,0.0683,0.0002,-0.0172,0.0013,1.0,0.946
w10s-shp-off-s63,w10s-shp-off,63,4518912,0.23,0.665,-1.0,-0.501,0.0702,0.0002,-0.0174,0.0014,1.0,0.946
w10s-shp-off-s63,w10s-shp-off,63,4549632,0.28,0.707,-1.0,-0.6115,0.0721,0.0002,-0.0184,0.0015,1.0,0.946
w10s-shp-off-s63,w10s-shp-off,63,4580352,0.22,0.681,-1.0,-0.4758,0.0692,0.0002,-0.0169,0.0014,1.0,0.946
w10s-shp-off-s63,w10s-shp-off,63,4611072,0.26,0.697,-1.0,-0.393,0.0715,0.0002,-0.0179,0.0012,1.0,0.946
w10s-shp-off-s63,w10s-shp-off,63,4641792,0.17,0.653,-1.0,-0.5344,0.0668,0.0002,-0.0184,0.0014,1.0,0.946
w10s-shp-off-s63,w10s-shp-off,63,4672512,0.19,0.631,-1.0,-0.4889,0.0688,0.0002,-0.0165,0.0014,1.0,0.946
w10s-shp-off-s63,w10s-shp-off,63,4703232,0.19,0.642,-1.0,-0.5364,0.0663,0.0002,-0.0173,0.0014,1.0,0.946
w10s-shp-off-s63,w10s-shp-off,63,4733952,0.31,0.741,-1.0,-0.6395,0.0706,0.0002,-0.018,0.0013,1.0,0.946
w10s-shp-off-s63,w10s-shp-off,63,4764672,0.2,0.646,-1.0,-0.3911,0.0706,0.0002,-0.0174,0.0013,1.0,0.946
w10s-shp-off-s63,w10s-shp-off,63,4795392,0.16,0.596,-1.0,-0.4859,0.0671,0.0002,-0.0175,0.0012,1.0,0.946
w10s-shp-off-s63,w10s-shp-off,63,4826112,0.24,0.668,-1.0,-0.6584,0.0653,0.0002,-0.0173,0.0012,1.0,0.946
w10s-shp-off-s63,w10s-shp-off,63,4856832,0.29,0.697,-1.0,-0.497,0.0702,0.0002,-0.0163,0.0011,1.0,0.946
w10s-shp-off-s63,w10s-shp-off,63,4887552,0.23,0.667,-1.0,-0.3704,0.0701,0.0002,-0.0193,0.0013,1.0,0.946
w10s-shp-off-s63,w10s-shp-off,63,4918272,0.3,0.704,-1.0,-0.4746,0.0704,0.0002,-0.0179,0.0013,1.0,0.946
w10s-shp-off-s63,w10s-shp-off,63,4948992,0.25,0.689,-1.0,-0.4258,0.0713,0.0002,-0.0181,0.0014,1.0,0.946
w10s-shp-off-s63,w10s-shp-off,63,4979712,0.3,0.715,-1.0,-0.4459,0.0703,0.0002,-0.0196,0.0013,1.0,0.946
w10s-shp-off-s63,w10s-shp-off,63,5010432,0.27,0.714,-1.0,-0.4122,0.0709,0.0002,-0.0175,0.0013,1.0,0.946
w10s-shp-off-s63,w10s-shp-off,63,5041152,0.18,0.631,-1.0,-0.6117,0.0692,0.0002,-0.0195,0.0013,1.0,0.946
w10s-shp-off-s63,w10s-shp-off,63,5071872,0.22,0.657,-1.0,-0.3716,0.0732,0.0002,-0.019,0.0013,1.0,0.946
w10s-shp-off-s63,w10s-shp-off,63,5102592,0.23,0.658,-1.0,-0.5795,0.0699,0.0002,-0.0198,0.0013,1.0,0.946
w10s-shp-off-s63,w10s-shp-off,63,5133312,0.13,0.555,-1.0,-0.5172,0.0683,0.0002,-0.0182,0.0014,1.0,0.946
w10s-shp-off-s63,w10s-shp-off,63,5164032,0.21,0.62,-1.0,-0.6084,0.0711,0.0002,-0.0186,0.0013,1.0,0.946
w10s-shp-off-s63,w10s-shp-off,63,5194752,0.36,0.802,-1.0,-0.4348,0.0702,0.0002,-0.0175,0.0013,1.0,0.946
w10s-shp-off-s63,w10s-shp-off,63,5225472,0.22,0.707,-1.0,-0.3237,0.0715,0.0002,-0.0162,0.0012,1.0,0.946
w10s-shp-off-s63,w10s-shp-off,63,5256192,0.3,0.737,-1.0,-0.2993,0.0695,0.0002,-0.019,0.0013,1.0,0.946
w10s-shp-off-s63,w10s-shp-off,63,5286912,0.28,0.715,-1.0,-0.5225,0.0679,0.0002,-0.0169,0.0013,1.0,0.946
w10s-shp-off-s63,w10s-shp-off,63,5317632,0.27,0.718,-1.0,-0.4445,0.0708,0.0002,-0.0186,0.0012,1.0,0.946
w10s-shp-off-s63,w10s-shp-off,63,5348352,0.25,0.673,-1.0,-0.4369,0.0702,0.0002,-0.0165,0.0013,1.0,0.946
w10s-shp-off-s63,w10s-shp-off,63,5379072,0.21,0.658,-1.0,-0.4367,0.0665,0.0002,-0.0175,0.0012,1.0,0.946
w10s-shp-off-s63,w10s-shp-off,63,5409792,0.23,0.655,-1.0,-0.3048,0.069,0.0002,-0.0163,0.0012,1.0,0.946
w10s-shp-off-s63,w10s-shp-off,63,5440512,0.18,0.6,-1.0,-0.187,0.0659,0.0002,-0.0177,0.0013,1.0,0.946
w10s-shp-off-s63,w10s-shp-off,63,5471232,0.24,0.67,-1.0,-0.3057,0.0704,0.0002,-0.0187,0.0012,1.0,0.946
w10s-shp-off-s63,w10s-shp-off,63,5501952,0.29,0.717,-1.0,-0.337,0.0708,0.0002,-0.0182,0.0013,1.0,0.946
w10s-shp-off-s63,w10s-shp-off,63,5532672,0.31,0.709,-1.0,-0.2038,0.0698,0.0002,-0.0173,0.0012,1.0,0.946
w10s-shp-off-s63,w10s-shp-off,63,5563392,0.26,0.699,-1.0,-0.4209,0.0717,0.0002,-0.0173,0.0012,1.0,0.946
w10s-shp-off-s63,w10s-shp-off,63,5594112,0.32,0.768,-1.0,-0.4246,0.0704,0.0002,-0.0175,0.0013,1.0,0.946
w10s-shp-off-s63,w10s-shp-off,63,5624832,0.35,0.77,-1.0,-0.3408,0.0706,0.0002,-0.0177,0.0012,1.0,0.946
w10s-shp-off-s63,w10s-shp-off,63,5655552,0.2,0.642,-1.0,-0.4499,0.0708,0.0002,-0.0163,0.0012,1.0,0.946
w10s-shp-off-s63,w10s-shp-off,63,5686272,0.32,0.747,-1.0,-0.3133,0.0703,0.0002,-0.0182,0.0012,1.0,0.946
w10s-shp-off-s63,w10s-shp-off,63,5716992,0.32,0.753,-1.0,-0.1568,0.0707,0.0002,-0.0174,0.0012,1.0,0.946
w10s-shp-off-s63,w10s-shp-off,63,5747712,0.25,0.698,-1.0,-0.0836,0.0695,0.0002,-0.0178,0.0012,1.0,0.946
w10s-shp-off-s63,w10s-shp-off,63,5778432,0.29,0.716,-1.0,-0.2712,0.068,0.0002,-0.0176,0.0012,1.0,0.946
w10s-shp-off-s63,w10s-shp-off,63,5809152,0.33,0.779,-1.0,-0.4872,0.0696,0.0002,-0.0165,0.0012,1.0,0.946
w10s-shp-off-s63,w10s-shp-off,63,5839872,0.3,0.739,-1.0,-0.4391,0.0682,0.0002,-0.0167,0.0011,1.0,0.946
w10s-shp-off-s63,w10s-shp-off,63,5870592,0.32,0.748,-1.0,-0.4067,0.0728,0.0002,-0.0183,0.0012,1.0,0.946
w10s-shp-off-s63,w10s-shp-off,63,5901312,0.28,0.71,-1.0,-0.2101,0.071,0.0002,-0.0178,0.0012,1.0,0.946
w10s-shp-off-s63,w10s-shp-off,63,5932032,0.35,0.786,-1.0,-0.4465,0.0692,0.0002,-0.0179,0.0011,1.0,0.945
w10s-shp-off-s63,w10s-shp-off,63,5962752,0.25,0.677,-1.0,-0.2012,0.0696,0.0002,-0.0177,0.0011,1.0,0.945
w10s-shp-off-s63,w10s-shp-off,63,5993472,0.35,0.755,-1.0,-0.2377,0.0698,0.0002,-0.017,0.0012,1.0,0.945
w10s-shp-off-s63,w10s-shp-off,63,6024192,0.39,0.791,-1.0,-0.3173,0.0684,0.0002,-0.0173,0.0012,1.0,0.945
w10s-shp-off-s63,w10s-shp-off,63,6054912,0.3,0.705,-1.0,-0.378,0.0686,0.0002,-0.0181,0.0012,1.0,0.945
w10s-shp-off-s63,w10s-shp-off,63,6085632,0.29,0.722,-1.0,-0.3887,0.0712,0.0002,-0.016,0.0012,1.0,0.945
w10s-shp-off-s63,w10s-shp-off,63,6116352,0.32,0.761,-1.0,-0.2917,0.0685,0.0002,-0.0172,0.0011,1.0,0.945
w10s-shp-off-s63,w10s-shp-off,63,6147072,0.37,0.753,-1.0,-0.2298,0.0683,0.0002,-0.0177,0.0011,1.0,0.945
w10s-shp-off-s63,w10s-shp-off,63,6177792,0.32,0.774,-1.0,-0.1845,0.0683,0.0002,-0.0182,0.0012,1.0,0.945
w10s-shp-off-s63,w10s-shp-off,63,6208512,0.31,0.715,-1.0,-0.168,0.0717,0.0002,-0.0188,0.0012,1.0,0.945
w10s-shp-off-s63,w10s-shp-off,63,6239232,0.29,0.713,-1.0,-0.1884,0.0718,0.0002,-0.0173,0.0012,1.0,0.945
w10s-shp-off-s63,w10s-shp-off,63,6269952,0.34,0.807,-1.0,-0.1485,0.0725,0.0002,-0.0198,0.0012,1.0,0.945
w10s-shp-off-s63,w10s-shp-off,63,6300672,0.33,0.773,-1.0,-0.1526,0.0696,0.0002,-0.0168,0.0011,1.0,0.945
w10s-shp-off-s63,w10s-shp-off,63,6331392,0.24,0.674,-1.0,-0.411,0.0715,0.0002,-0.0162,0.0011,1.0,0.945
w10s-shp-off-s63,w10s-shp-off,63,6362112,0.34,0.782,-1.0,-0.1826,0.0699,0.0002,-0.018,0.0011,1.0,0.945
w10s-shp-off-s63,w10s-shp-off,63,6392832,0.35,0.805,-1.0,-0.1091,0.0684,0.0002,-0.0182,0.0012,1.0,0.945
w10s-shp-off-s63,w10s-shp-off,63,6423552,0.21,0.645,-1.0,-0.3105,0.0714,0.0002,-0.0172,0.0012,1.0,0.945
w10s-shp-off-s63,w10s-shp-off,63,6454272,0.32,0.729,-1.0,-0.3159,0.07,0.0002,-0.0175,0.0012,1.0,0.945
w10s-shp-off-s63,w10s-shp-off,63,6484992,0.34,0.794,-1.0,-0.1926,0.0692,0.0002,-0.0176,0.0011,1.0,0.945
w10s-shp-off-s63,w10s-shp-off,63,6515712,0.39,0.861,-1.0,-0.4469,0.068,0.0002,-0.0182,0.0011,1.0,0.945
w10s-shp-off-s63,w10s-shp-off,63,6546432,0.37,0.788,-1.0,-0.2061,0.0659,0.0002,-0.0195,0.0012,1.0,0.945
w10s-shp-off-s63,w10s-shp-off,63,6577152,0.34,0.763,-1.0,-0.2296,0.0662,0.0002,-0.0171,0.0011,1.0,0.945
w10s-shp-off-s63,w10s-shp-off,63,6607872,0.3,0.752,-1.0,-0.1673,0.0693,0.0002,-0.0184,0.0012,1.0,0.945
w10s-shp-off-s63,w10s-shp-off,63,6638592,0.3,0.764,-1.0,-0.0409,0.0691,0.0002,-0.0174,0.0011,1.0,0.945
w10s-shp-off-s63,w10s-shp-off,63,6669312,0.32,0.773,-1.0,-0.1611,0.0711,0.0002,-0.0175,0.0011,1.0,0.945
w10s-shp-off-s63,w10s-shp-off,63,6700032,0.43,0.861,-1.0,-0.2201,0.0699,0.0002,-0.0181,0.0012,1.0,0.945
w10s-shp-off-s63,w10s-shp-off,63,6730752,0.38,0.791,-1.0,-0.1868,0.0702,0.0002,-0.0174,0.0011,1.0,0.944
w10s-shp-off-s63,w10s-shp-off,63,6761472,0.29,0.706,-1.0,-0.0557,0.0684,0.0002,-0.0179,0.0011,1.0,0.944
w10s-shp-off-s63,w10s-shp-off,63,6792192,0.38,0.8,-1.0,-0.4014,0.0696,0.0002,-0.0178,0.0011,1.0,0.944
w10s-shp-off-s63,w10s-shp-off,63,6822912,0.42,0.832,-1.0,-0.0847,0.0699,0.0002,-0.0174,0.0011,1.0,0.944
w10s-shp-off-s63,w10s-shp-off,63,6853632,0.33,0.772,-1.0,-0.0315,0.0697,0.0002,-0.0165,0.0011,1.0,0.944
w10s-shp-off-s63,w10s-shp-off,63,6884352,0.31,0.739,-1.0,-0.3952,0.0693,0.0002,-0.0175,0.0012,1.0,0.944
w10s-shp-off-s63,w10s-shp-off,63,6915072,0.39,0.787,-1.0,-0.0201,0.0682,0.0002,-0.0184,0.0012,1.0,0.944
w10s-shp-off-s63,w10s-shp-off,63,6945792,0.4,0.835,-1.0,-0.2148,0.0719,0.0002,-0.0176,0.0012,1.0,0.944
w10s-shp-off-s63,w10s-shp-off,63,6976512,0.41,0.828,-1.0,-0.125,0.0725,0.0002,-0.0191,0.0011,1.0,0.944
w10s-shp-off-s63,w10s-shp-off,63,7007232,0.39,0.825,-1.0,-0.0339,0.0671,0.0002,-0.019,0.0011,1.0,0.944
w10s-shp-off-s63,w10s-shp-off,63,7037952,0.38,0.792,-1.0,-0.0898,0.069,0.0002,-0.0174,0.001,1.0,0.944
w10s-shp-off-s63,w10s-shp-off,63,7068672,0.31,0.734,-1.0,-0.1128,0.0687,0.0002,-0.0182,0.0011,1.0,0.944
w10s-shp-off-s63,w10s-shp-off,63,7099392,0.43,0.854,-1.0,0.1247,0.0709,0.0002,-0.0176,0.0012,1.0,0.944
w10s-shp-off-s63,w10s-shp-off,63,7130112,0.35,0.761,-1.0,-0.0036,0.0687,0.0002,-0.0174,0.001,1.0,0.944
w10s-shp-off-s63,w10s-shp-off,63,7160832,0.4,0.779,-1.0,-0.0933,0.0694,0.0002,-0.0171,0.0011,1.0,0.944
w10s-shp-off-s63,w10s-shp-off,63,7191552,0.38,0.784,-1.0,-0.1416,0.0699,0.0002,-0.019,0.001,1.0,0.944
w10s-shp-off-s63,w10s-shp-off,63,7222272,0.43,0.829,-1.0,0.1291,0.0692,0.0002,-0.0181,0.0011,1.0,0.944
w10s-shp-off-s63,w10s-shp-off,63,7252992,0.31,0.714,-1.0,-0.1272,0.0693,0.0002,-0.0179,0.001,1.0,0.944
w10s-shp-off-s63,w10s-shp-off,63,7283712,0.45,0.872,-1.0,-0.1659,0.0736,0.0002,-0.0174,0.0011,1.0,0.943
w10s-shp-off-s63,w10s-shp-off,63,7314432,0.36,0.789,-1.0,-0.2891,0.069,0.0002,-0.0168,0.001,1.0,0.943
w10s-shp-off-s63,w10s-shp-off,63,7345152,0.38,0.817,-1.0,-0.2245,0.0696,0.0002,-0.0194,0.0011,1.0,0.943
w10s-shp-off-s63,w10s-shp-off,63,7375872,0.43,0.872,-1.0,-0.1397,0.0681,0.0002,-0.0173,0.0011,1.0,0.943
w10s-shp-off-s63,w10s-shp-off,63,7406592,0.43,0.861,-1.0,-0.0693,0.0676,0.0002,-0.0174,0.001,1.0,0.943
w10s-shp-off-s63,w10s-shp-off,63,7437312,0.42,0.842,-1.0,0.0189,0.0688,0.0002,-0.0165,0.001,1.0,0.943
w10s-shp-off-s63,w10s-shp-off,63,7468032,0.43,0.843,-1.0,-0.2014,0.072,0.0002,-0.0188,0.001,1.0,0.943
w10s-shp-off-s63,w10s-shp-off,63,7498752,0.44,0.866,-1.0,-0.0114,0.0717,0.0002,-0.0183,0.0011,1.0,0.943
w10s-shp-off-s63,w10s-shp-off,63,7529472,0.4,0.81,-1.0,0.1367,0.0712,0.0002,-0.0177,0.0011,1.0,0.943
w10s-shp-off-s63,w10s-shp-off,63,7560192,0.34,0.765,-1.0,-0.1638,0.07,0.0002,-0.0162,0.0011,1.0,0.943
w10s-shp-off-s63,w10s-shp-off,63,7590912,0.46,0.84,-1.0,-0.1421,0.0676,0.0002,-0.018,0.0011,1.0,0.943
w10s-shp-off-s63,w10s-shp-off,63,7621632,0.45,0.861,-1.0,0.0188,0.0689,0.0002,-0.0171,0.001,1.0,0.943
w10s-shp-off-s63,w10s-shp-off,63,7652352,0.51,0.904,-1.0,-0.023,0.069,0.0002,-0.0186,0.001,1.0,0.943
w10s-shp-off-s63,w10s-shp-off,63,7683072,0.37,0.796,-1.0,0.1396,0.0695,0.0002,-0.0201,0.0011,1.0,0.943
w10s-shp-off-s63,w10s-shp-off,63,7713792,0.46,0.872,-1.0,-0.029,0.0693,0.0002,-0.018,0.0009,1.0,0.943
w10s-shp-off-s63,w10s-shp-off,63,7744512,0.35,0.791,-1.0,-0.1754,0.0666,0.0002,-0.0183,0.001,1.0,0.943
w10s-shp-off-s63,w10s-shp-off,63,7775232,0.4,0.821,-1.0,-0.0763,0.0689,0.0002,-0.018,0.001,1.0,0.943
w10s-shp-off-s63,w10s-shp-off,63,7805952,0.31,0.747,-1.0,-0.1908,0.0711,0.0002,-0.0168,0.001,1.0,0.943
w10s-shp-off-s63,w10s-shp-off,63,7836672,0.38,0.808,-1.0,-0.2025,0.0729,0.0002,-0.0198,0.0011,1.0,0.942
w10s-shp-off-s63,w10s-shp-off,63,7867392,0.44,0.834,-1.0,0.0224,0.0683,0.0002,-0.0176,0.0011,1.0,0.942
w10s-shp-off-s63,w10s-shp-off,63,7898112,0.35,0.781,-1.0,-0.2303,0.0705,0.0002,-0.0173,0.0011,1.0,0.942
w10s-shp-off-s63,w10s-shp-off,63,7928832,0.4,0.824,-1.0,-0.1743,0.0692,0.0002,-0.0173,0.0011,1.0,0.942
w10s-shp-off-s63,w10s-shp-off,63,7959552,0.36,0.807,-1.0,-0.0924,0.0693,0.0002,-0.018,0.001,1.0,0.942
w10s-shp-off-s63,w10s-shp-off,63,7990272,0.5,0.928,-1.0,0.0136,0.0681,0.0002,-0.0173,0.001,1.0,0.942
w10s-shp-off-s63,w10s-shp-off,63,8020992,0.4,0.831,-1.0,0.0875,0.0717,0.0002,-0.0174,0.0011,1.0,0.942
w10s-shp-off-s63,w10s-shp-off,63,8051712,0.39,0.814,-1.0,-0.0976,0.0728,0.0002,-0.0185,0.0011,1.0,0.942
w10s-shp-off-s63,w10s-shp-off,63,8082432,0.45,0.828,-1.0,-0.0191,0.0674,0.0002,-0.0185,0.0011,1.0,0.942
w10s-shp-off-s63,w10s-shp-off,63,8113152,0.41,0.876,-1.0,0.1945,0.0701,0.0002,-0.0175,0.0011,1.0,0.942
w10s-shp-off-s63,w10s-shp-off,63,8143872,0.44,0.824,-1.0,-0.1154,0.0675,0.0002,-0.0186,0.0011,1.0,0.942
w10s-shp-off-s63,w10s-shp-off,63,8174592,0.49,0.907,-1.0,-0.0103,0.0706,0.0002,-0.0189,0.0011,1.0,0.942
w10s-shp-off-s63,w10s-shp-off,63,8205312,0.46,0.856,-1.0,0.2058,0.0704,0.0002,-0.0193,0.0011,1.0,0.942
w10s-shp-off-s63,w10s-shp-off,63,8236032,0.43,0.861,-1.0,0.0607,0.0711,0.0002,-0.0166,0.001,1.0,0.942
w10s-shp-off-s63,w10s-shp-off,63,8266752,0.43,0.85,-1.0,-0.0433,0.0747,0.0002,-0.017,0.0009,1.0,0.942
w10s-shp-off-s63,w10s-shp-off,63,8297472,0.51,0.938,-1.0,0.0584,0.0682,0.0002,-0.017,0.001,1.0,0.941
w10s-shp-off-s63,w10s-shp-off,63,8328192,0.36,0.793,-1.0,0.0142,0.0675,0.0002,-0.016,0.0011,1.0,0.941
w10s-shp-off-s63,w10s-shp-off,63,8358912,0.38,0.799,-1.0,0.2356,0.0738,0.0002,-0.0178,0.001,1.0,0.941
w10s-shp-off-s63,w10s-shp-off,63,8389632,0.42,0.84,-1.0,0.2421,0.0687,0.0002,-0.0183,0.0011,1.0,0.941
w10s-shp-off-s63,w10s-shp-off,63,8420352,0.42,0.85,-1.0,0.0607,0.0734,0.0002,-0.0182,0.0011,1.0,0.941
w10s-shp-off-s63,w10s-shp-off,63,8451072,0.5,0.9,-1.0,0.1625,0.0693,0.0002,-0.0185,0.0011,1.0,0.941
w10s-shp-off-s63,w10s-shp-off,63,8481792,0.41,0.853,-1.0,0.0982,0.0678,0.0002,-0.0184,0.001,1.0,0.941
w10s-shp-off-s63,w10s-shp-off,63,8512512,0.46,0.889,-1.0,0.0763,0.0676,0.0002,-0.0167,0.001,1.0,0.941
w10s-shp-off-s63,w10s-shp-off,63,8543232,0.45,0.861,-1.0,0.1488,0.0692,0.0002,-0.0157,0.0011,1.0,0.941
w10s-shp-off-s63,w10s-shp-off,63,8573952,0.47,0.876,-1.0,0.0638,0.0693,0.0002,-0.0188,0.0011,1.0,0.941
w10s-shp-off-s63,w10s-shp-off,63,8604672,0.5,0.886,-1.0,0.0282,0.071,0.0002,-0.021,0.0011,1.0,0.941
w10s-shp-off-s63,w10s-shp-off,63,8635392,0.4,0.796,-1.0,-0.0268,0.0675,0.0002,-0.018,0.001,1.0,0.941
w10s-shp-off-s63,w10s-shp-off,63,8666112,0.48,0.905,-1.0,-0.1054,0.0721,0.0002,-0.0198,0.0011,1.0,0.941
w10s-shp-off-s63,w10s-shp-off,63,8696832,0.43,0.874,-1.0,0.012,0.0734,0.0002,-0.018,0.0011,1.0,0.941
w10s-shp-off-s63,w10s-shp-off,63,8727552,0.47,0.898,-1.0,0.1157,0.0709,0.0002,-0.0176,0.001,1.0,0.94
w10s-shp-off-s63,w10s-shp-off,63,8758272,0.44,0.851,-1.0,0.2155,0.0714,0.0002,-0.0173,0.001,1.0,0.94
w10s-shp-off-s63,w10s-shp-off,63,8788992,0.54,0.922,-1.0,0.142,0.0707,0.0002,-0.0171,0.0011,1.0,0.94
w10s-shp-off-s63,w10s-shp-off,63,8819712,0.42,0.858,-1.0,-0.0771,0.0693,0.0002,-0.0174,0.001,1.0,0.94
w10s-shp-off-s63,w10s-shp-off,63,8850432,0.5,0.943,-1.0,0.0414,0.0691,0.0002,-0.0185,0.001,1.0,0.94
w10s-shp-off-s63,w10s-shp-off,63,8881152,0.54,0.989,-1.0,-0.0236,0.0723,0.0002,-0.0191,0.001,1.0,0.94
w10s-shp-off-s63,w10s-shp-off,63,8911872,0.46,0.917,-1.0,-0.0524,0.0696,0.0002,-0.017,0.001,1.0,0.94
w10s-shp-off-s63,w10s-shp-off,63,8942592,0.46,0.868,-1.0,0.307,0.0708,0.0002,-0.0179,0.001,1.0,0.94
w10s-shp-off-s63,w10s-shp-off,63,8973312,0.43,0.853,-1.0,-0.0632,0.0677,0.0002,-0.0167,0.0009,1.0,0.94
w10s-shp-off-s63,w10s-shp-off,63,9004032,0.42,0.894,-1.0,0.2634,0.0722,0.0002,-0.0177,0.001,1.0,0.94
w10s-shp-off-s63,w10s-shp-off,63,9034752,0.42,0.878,-1.0,0.2177,0.0742,0.0002,-0.019,0.0011,1.0,0.94
w10s-shp-off-s63,w10s-shp-off,63,9065472,0.5,0.926,-1.0,0.0163,0.0691,0.0001,-0.0174,0.0009,1.0,0.939
w10s-shp-off-s63,w10s-shp-off,63,9096192,0.53,0.959,-1.0,0.3002,0.0708,0.0002,-0.0193,0.001,1.0,0.939
w10s-shp-off-s63,w10s-shp-off,63,9126912,0.59,0.956,-1.0,0.2768,0.0702,0.0002,-0.0164,0.001,1.0,0.939
w10s-shp-off-s63,w10s-shp-off,63,9157632,0.44,0.875,-1.0,0.155,0.0711,0.0002,-0.0172,0.001,1.0,0.939
w10s-shp-off-s63,w10s-shp-off,63,9188352,0.43,0.885,-1.0,0.0458,0.0689,0.0002,-0.0165,0.001,1.0,0.939
w10s-shp-off-s63,w10s-shp-off,63,9219072,0.5,0.965,-1.0,-0.0096,0.0703,0.0002,-0.0193,0.001,1.0,0.939
w10s-shp-off-s63,w10s-shp-off,63,9249792,0.45,0.907,-1.0,0.233,0.0701,0.0002,-0.0187,0.001,1.0,0.939
w10s-shp-off-s63,w10s-shp-off,63,9280512,0.45,0.885,-1.0,0.0858,0.0684,0.0002,-0.0171,0.001,1.0,0.939
w10s-shp-off-s63,w10s-shp-off,63,9311232,0.48,0.911,-1.0,0.0759,0.0674,0.0002,-0.0194,0.001,1.0,0.939
w10s-shp-off-s63,w10s-shp-off,63,9341952,0.53,0.943,-1.0,0.1016,0.0715,0.0002,-0.0184,0.001,1.0,0.938
w10s-shp-off-s63,w10s-shp-off,63,9372672,0.46,0.858,-1.0,0.0806,0.07,0.0002,-0.0176,0.001,1.0,0.938
w10s-shp-off-s63,w10s-shp-off,63,9403392,0.48,0.913,-1.0,0.1558,0.0689,0.0002,-0.0167,0.001,1.0,0.938
w10s-shp-off-s63,w10s-shp-off,63,9434112,0.5,0.933,-1.0,0.0519,0.0729,0.0002,-0.0179,0.0011,1.0,0.938
w10s-shp-off-s63,w10s-shp-off,63,9464832,0.5,0.918,-1.0,0.1216,0.0731,0.0002,-0.0178,0.001,1.0,0.938
w10s-shp-off-s63,w10s-shp-off,63,9495552,0.47,0.89,-1.0,0.2378,0.0688,0.0002,-0.0171,0.0009,1.0,0.938
w10s-shp-off-s63,w10s-shp-off,63,9526272,0.51,0.956,-1.0,0.2768,0.0741,0.0002,-0.018,0.0011,1.0,0.938
w10s-shp-off-s63,w10s-shp-off,63,9556992,0.43,0.886,-1.0,0.4745,0.067,0.0002,-0.0191,0.001,1.0,0.938
w10s-shp-off-s63,w10s-shp-off,63,9587712,0.55,0.957,-1.0,0.075,0.0665,0.0002,-0.0178,0.0011,1.0,0.938
w10s-shp-off-s63,w10s-shp-off,63,9618432,0.57,0.94,-1.0,0.1791,0.0698,0.0002,-0.0178,0.0011,1.0,0.938
w10s-shp-off-s63,w10s-shp-off,63,9649152,0.52,0.971,-1.0,0.0808,0.0708,0.0002,-0.0178,0.0009,1.0,0.938
w10s-shp-off-s63,w10s-shp-off,63,9679872,0.52,0.929,-1.0,0.0894,0.0696,0.0002,-0.0177,0.001,1.0,0.937
w10s-shp-off-s63,w10s-shp-off,63,9710592,0.54,0.962,-1.0,0.0274,0.0691,0.0002,-0.0177,0.0009,1.0,0.937
w10s-shp-off-s63,w10s-shp-off,63,9741312,0.51,0.922,-1.0,0.4094,0.068,0.0002,-0.0164,0.0009,1.0,0.937
w10s-shp-off-s63,w10s-shp-off,63,9772032,0.44,0.846,-1.0,0.2485,0.0713,0.0002,-0.0177,0.001,1.0,0.937
w10s-shp-off-s63,w10s-shp-off,63,9802752,0.49,0.938,-1.0,0.2799,0.0722,0.0002,-0.018,0.001,1.0,0.937
w10s-shp-off-s63,w10s-shp-off,63,9833472,0.45,0.881,-1.0,0.3602,0.0683,0.0002,-0.0179,0.001,1.0,0.937
w10s-shp-off-s63,w10s-shp-off,63,9864192,0.51,0.936,-1.0,0.0615,0.0727,0.0002,-0.0172,0.001,1.0,0.937
w10s-shp-off-s63,w10s-shp-off,63,9894912,0.48,0.87,-1.0,0.323,0.0731,0.0002,-0.0172,0.001,1.0,0.937
w10s-shp-off-s63,w10s-shp-off,63,9925632,0.5,0.927,-1.0,0.2159,0.0714,0.0002,-0.017,0.0009,1.0,0.937
w10s-shp-off-s63,w10s-shp-off,63,9956352,0.43,0.862,-1.0,0.1855,0.0696,0.0002,-0.0171,0.001,1.0,0.937
w10s-shp-off-s63,w10s-shp-off,63,9987072,0.47,0.909,-1.0,0.3164,0.0703,0.0001,-0.0178,0.001,1.0,0.937
w10s-shp-off-s63,w10s-shp-off,63,10017792,0.61,1.029,-1.0,0.4408,0.0666,0.0001,-0.0199,0.001,1.0,0.937
w10s-shp-off-s63,w10s-shp-off,63,10048512,0.54,0.929,-1.0,0.2663,0.0749,0.0002,-0.0175,0.001,1.0,0.937
w10s-shp-off-s63,w10s-shp-off,63,10079232,0.51,0.962,-1.0,0.2587,0.0699,0.0002,-0.016,0.001,1.0,0.936
w10s-shp-off-s63,w10s-shp-off,63,10109952,0.56,0.949,-1.0,0.2386,0.0686,0.0002,-0.0171,0.0009,1.0,0.936
w10s-shp-off-s63,w10s-shp-off,63,10140672,0.46,0.904,-1.0,-0.0049,0.0732,0.0002,-0.0189,0.001,1.0,0.936
w10s-shp-off-s63,w10s-shp-off,63,10171392,0.55,0.968,-1.0,0.3399,0.0697,0.0002,-0.0188,0.001,1.0,0.936
w10s-shp-off-s63,w10s-shp-off,63,10202112,0.48,0.913,-1.0,0.0753,0.0705,0.0002,-0.0187,0.001,1.0,0.936
w10s-shp-off-s63,w10s-shp-off,63,10232832,0.6,1.039,-1.0,0.0458,0.0714,0.0001,-0.016,0.001,1.0,0.936
w10s-shp-off-s63,w10s-shp-off,63,10263552,0.48,0.928,-1.0,0.0927,0.0726,0.0002,-0.0166,0.0009,1.0,0.936
w10s-shp-off-s63,w10s-shp-off,63,10294272,0.48,0.968,-1.0,0.1276,0.0694,0.0002,-0.0183,0.0009,1.0,0.936
w10s-shp-off-s63,w10s-shp-off,63,10324992,0.49,0.946,-1.0,0.2251,0.0703,0.0001,-0.0166,0.0009,1.0,0.936
w10s-shp-off-s63,w10s-shp-off,63,10355712,0.59,1.005,-1.0,0.1994,0.0713,0.0002,-0.0189,0.0009,1.0,0.936
w10s-shp-off-s63,w10s-shp-off,63,10386432,0.43,0.86,-1.0,0.2833,0.0708,0.0002,-0.0174,0.0009,1.0,0.936
w10s-shp-off-s63,w10s-shp-off,63,10417152,0.5,0.93,-1.0,0.362,0.069,0.0002,-0.0177,0.001,1.0,0.936
w10s-shp-off-s63,w10s-shp-off,63,10447872,0.5,0.936,-1.0,0.1515,0.0705,0.0002,-0.0173,0.001,1.0,0.936
w10s-shp-off-s63,w10s-shp-off,63,10478592,0.58,1.003,-1.0,0.1089,0.0715,0.0002,-0.0186,0.001,1.0,0.935
w10s-shp-off-s63,w10s-shp-off,63,10509312,0.52,0.968,-1.0,0.305,0.0669,0.0002,-0.0193,0.001,1.0,0.935
w10s-shp-off-s63,w10s-shp-off,63,10540032,0.55,0.98,-1.0,0.038,0.0729,0.0002,-0.0181,0.0009,1.0,0.935
w10s-shp-off-s63,w10s-shp-off,63,10570752,0.47,0.887,-1.0,0.3724,0.0731,0.0002,-0.0175,0.0011,1.0,0.935
w10s-shp-off-s63,w10s-shp-off,63,10601472,0.54,0.945,-1.0,0.3528,0.0714,0.0002,-0.0179,0.001,1.0,0.935
w10s-shp-off-s63,w10s-shp-off,63,10632192,0.52,0.975,-1.0,0.3512,0.0699,0.0002,-0.0184,0.001,1.0,0.935
w10s-shp-off-s63,w10s-shp-off,63,10662912,0.52,0.929,-1.0,0.3999,0.0723,0.0002,-0.0178,0.0009,1.0,0.935
w10s-shp-off-s63,w10s-shp-off,63,10693632,0.57,1.025,-1.0,0.1928,0.0679,0.0002,-0.017,0.0009,1.0,0.935
w10s-shp-off-s63,w10s-shp-off,63,10724352,0.61,1.038,-1.0,0.4606,0.0685,0.0002,-0.0182,0.0009,1.0,0.935
w10s-shp-off-s63,w10s-shp-off,63,10755072,0.58,1.008,-1.0,0.2602,0.0688,0.0002,-0.0161,0.001,1.0,0.935
w10s-shp-off-s63,w10s-shp-off,63,10785792,0.5,0.921,-1.0,0.2286,0.0691,0.0002,-0.0183,0.0009,1.0,0.935
w10s-shp-off-s63,w10s-shp-off,63,10816512,0.53,0.96,-1.0,0.2103,0.0686,0.0002,-0.0192,0.0009,1.0,0.935
w10s-shp-off-s63,w10s-shp-off,63,10847232,0.55,0.965,-1.0,0.269,0.0656,0.0002,-0.0161,0.0009,1.0,0.934
w10s-shp-off-s63,w10s-shp-off,63,10877952,0.49,0.921,-1.0,0.382,0.0705,0.0002,-0.0177,0.0009,1.0,0.934
w10s-shp-off-s63,w10s-shp-off,63,10908672,0.51,0.921,-1.0,0.3611,0.0695,0.0002,-0.0177,0.0009,1.0,0.934
w10s-shp-off-s63,w10s-shp-off,63,10939392,0.58,1.037,-1.0,0.3149,0.0726,0.0002,-0.0176,0.0009,1.0,0.934
w10s-shp-off-s63,w10s-shp-off,63,10970112,0.67,1.129,-1.0,0.1609,0.0738,0.0002,-0.0182,0.001,1.0,0.934
w10s-shp-off-s63,w10s-shp-off,63,11000832,0.56,1.005,-1.0,0.2953,0.0689,0.0002,-0.0189,0.0009,1.0,0.934
w10s-shp-off-s63,w10s-shp-off,63,11031552,0.55,0.977,-1.0,0.3749,0.07,0.0002,-0.0186,0.001,1.0,0.934
w10s-shp-off-s63,w10s-shp-off,63,11062272,0.61,1.01,-1.0,0.3382,0.0697,0.0002,-0.0166,0.0009,1.0,0.934
w10s-shp-off-s63,w10s-shp-off,63,11092992,0.59,1.003,-1.0,0.3571,0.07,0.0002,-0.0169,0.0009,1.0,0.934
w10s-shp-off-s63,w10s-shp-off,63,11123712,0.57,1.013,-1.0,0.3841,0.07,0.0002,-0.0188,0.001,1.0,0.934
w10s-shp-off-s63,w10s-shp-off,63,11154432,0.54,0.972,-1.0,0.2281,0.0692,0.0002,-0.0176,0.0009,1.0,0.934
w10s-shp-off-s63,w10s-shp-off,63,11185152,0.56,1.019,-1.0,0.3366,0.068,0.0002,-0.0182,0.0009,1.0,0.934
w10s-shp-off-s63,w10s-shp-off,63,11215872,0.58,1.001,-1.0,0.549,0.0699,0.0002,-0.0174,0.001,1.0,0.933
w10s-shp-off-s63,w10s-shp-off,63,11246592,0.55,0.989,-1.0,0.3029,0.0729,0.0002,-0.0191,0.0009,1.0,0.933
w10s-shp-off-s63,w10s-shp-off,63,11277312,0.6,1.038,-1.0,0.577,0.068,0.0002,-0.0191,0.0009,1.0,0.933
w10s-shp-off-s63,w10s-shp-off,63,11308032,0.55,0.993,-1.0,0.3693,0.071,0.0002,-0.0182,0.001,1.0,0.933
w10s-shp-off-s63,w10s-shp-off,63,11338752,0.62,1.055,-1.0,0.4769,0.0692,0.0001,-0.0195,0.0009,1.0,0.933
w10s-shp-off-s63,w10s-shp-off,63,11369472,0.65,1.073,-1.0,0.5165,0.0702,0.0002,-0.0171,0.001,1.0,0.933
w10s-shp-off-s63,w10s-shp-off,63,11400192,0.57,1.02,-1.0,0.2635,0.0706,0.0002,-0.0165,0.001,1.0,0.933
w10s-shp-off-s63,w10s-shp-off,63,11430912,0.56,1.019,-1.0,0.1262,0.0738,0.0002,-0.0181,0.001,1.0,0.933
w10s-shp-off-s63,w10s-shp-off,63,11461632,0.54,1.018,-1.0,0.4106,0.0717,0.0002,-0.0184,0.001,1.0,0.933
w10s-shp-off-s63,w10s-shp-off,63,11492352,0.56,1.021,-1.0,0.3252,0.0718,0.0002,-0.018,0.001,1.0,0.933
w10s-shp-off-s63,w10s-shp-off,63,11523072,0.66,1.095,-1.0,0.4964,0.0719,0.0002,-0.0173,0.001,1.0,0.933
w10s-shp-off-s63,w10s-shp-off,63,11553792,0.59,1.052,-1.0,0.4923,0.0704,0.0002,-0.0179,0.001,1.0,0.933
w10s-shp-off-s63,w10s-shp-off,63,11584512,0.63,1.05,-1.0,0.5641,0.0685,0.0002,-0.0181,0.0009,1.0,0.933
w10s-shp-off-s63,w10s-shp-off,63,11615232,0.58,1.015,-1.0,0.424,0.0699,0.0002,-0.0187,0.0009,1.0,0.932
w10s-shp-off-s63,w10s-shp-off,63,11645952,0.62,1.085,-1.0,0.4046,0.0723,0.0002,-0.0169,0.0009,1.0,0.932
w10s-shp-off-s63,w10s-shp-off,63,11676672,0.58,1.011,-1.0,0.4326,0.0708,0.0002,-0.017,0.001,1.0,0.932
w10s-shp-off-s63,w10s-shp-off,63,11707392,0.57,1.022,-1.0,0.3569,0.0684,0.0002,-0.0193,0.001,1.0,0.932
w10s-shp-off-s63,w10s-shp-off,63,11738112,0.63,1.058,-1.0,0.277,0.0692,0.0002,-0.0185,0.001,1.0,0.932
w10s-shp-off-s63,w10s-shp-off,63,11768832,0.66,1.081,-1.0,0.4188,0.0684,0.0002,-0.0183,0.001,1.0,0.932
w10s-shp-off-s63,w10s-shp-off,63,11799552,0.72,1.12,-1.0,0.5522,0.0718,0.0002,-0.0172,0.001,1.0,0.932
w10s-shp-off-s63,w10s-shp-off,63,11830272,0.64,1.083,-1.0,0.4531,0.0703,0.0002,-0.018,0.001,1.0,0.932
w10s-shp-off-s63,w10s-shp-off,63,11860992,0.58,1.057,-1.0,0.5624,0.07,0.0002,-0.02,0.001,1.0,0.932
w10s-shp-off-s63,w10s-shp-off,63,11891712,0.6,1.069,-1.0,0.3997,0.0722,0.0002,-0.0178,0.0009,1.0,0.932
w10s-shp-off-s63,w10s-shp-off,63,11922432,0.65,1.094,-1.0,0.4669,0.0702,0.0002,-0.0195,0.0011,1.0,0.932
w10s-shp-off-s63,w10s-shp-off,63,11953152,0.62,1.049,-1.0,0.4125,0.0731,0.0002,-0.0189,0.0009,1.0,0.932
w10s-shp-off-s63,w10s-shp-off,63,11983872,0.59,1.02,-1.0,0.445,0.0727,0.0002,-0.0173,0.001,1.0,0.932
w10s-shp-off-s63,w10s-shp-off,63,12014592,0.63,1.047,-1.0,0.5457,0.0714,0.0002,-0.0207,0.0009,1.0,0.931
w10s-shp-off-s63,w10s-shp-off,63,12045312,0.6,1.044,-1.0,0.3235,0.0689,0.0002,-0.0167,0.0009,1.0,0.931
w10s-shp-off-s63,w10s-shp-off,63,12076032,0.67,1.104,-1.0,0.3304,0.0694,0.0002,-0.0197,0.0009,1.0,0.931
w10s-shp-off-s63,w10s-shp-off,63,12106752,0.65,1.08,-1.0,0.5659,0.0679,0.0002,-0.0177,0.001,1.0,0.931
w10s-shp-off-s63,w10s-shp-off,63,12137472,0.55,1.004,-1.0,0.5845,0.0688,0.0001,-0.0178,0.0009,1.0,0.931
w10s-shp-off-s63,w10s-shp-off,63,12168192,0.6,1.029,-1.0,0.7398,0.0671,0.0002,-0.0186,0.0009,1.0,0.931
w10s-shp-off-s63,w10s-shp-off,63,12198912,0.59,1.032,-1.0,0.4038,0.0694,0.0002,-0.0191,0.001,1.0,0.931
w10s-shp-off-s63,w10s-shp-off,63,12229632,0.65,1.088,-1.0,0.3805,0.0707,0.0002,-0.0193,0.0009,1.0,0.931
w10s-shp-off-s63,w10s-shp-off,63,12260352,0.66,1.085,-1.0,0.4192,0.0696,0.0002,-0.019,0.0009,1.0,0.931
w10s-shp-off-s63,w10s-shp-off,63,12291072,0.6,1.022,-1.0,0.5352,0.0697,0.0002,-0.0182,0.0008,1.0,0.931
w10s-shp-off-s63,w10s-shp-off,63,12321792,0.64,1.081,-1.0,0.4769,0.0695,0.0002,-0.0196,0.0009,1.0,0.931
w10s-shp-off-s63,w10s-shp-off,63,12352512,0.62,0.987,-1.0,0.6543,0.0695,0.0002,-0.0177,0.0009,1.0,0.931
w10s-shp-off-s63,w10s-shp-off,63,12383232,0.62,1.09,-1.0,0.46,0.0708,0.0002,-0.0173,0.001,1.0,0.931
w10s-shp-off-s63,w10s-shp-off,63,12413952,0.61,1.052,-1.0,0.7473,0.0672,0.0002,-0.0187,0.0009,1.0,0.931
w10s-shp-off-s63,w10s-shp-off,63,12444672,0.68,1.107,-1.0,0.6002,0.069,0.0002,-0.0167,0.0009,1.0,0.93
w10s-shp-off-s63,w10s-shp-off,63,12475392,0.61,1.019,-1.0,0.5666,0.0679,0.0002,-0.0172,0.0009,1.0,0.93
w10s-shp-off-s63,w10s-shp-off,63,12506112,0.7,1.101,-1.0,0.6837,0.0688,0.0002,-0.0176,0.0009,1.0,0.93
w10s-shp-off-s63,w10s-shp-off,63,12536832,0.54,1.019,-1.0,0.5075,0.0679,0.0001,-0.0189,0.0009,1.0,0.93
w10s-shp-off-s63,w10s-shp-off,63,12567552,0.64,1.082,-1.0,0.5544,0.0706,0.0002,-0.0183,0.0009,1.0,0.93
w10s-shp-off-s63,w10s-shp-off,63,12598272,0.61,1.066,-1.0,0.3825,0.0696,0.0002,-0.0182,0.0009,1.0,0.93
w10s-shp-off-s63,w10s-shp-off,63,12628992,0.54,0.97,-1.0,0.4947,0.0728,0.0002,-0.0193,0.001,1.0,0.93
w10s-shp-off-s63,w10s-shp-off,63,12659712,0.65,1.06,-1.0,0.4516,0.0729,0.0002,-0.0188,0.0009,1.0,0.93
w10s-shp-off-s63,w10s-shp-off,63,12690432,0.54,0.985,-1.0,0.4463,0.0703,0.0001,-0.0167,0.0009,1.0,0.93
w10s-shp-off-s63,w10s-shp-off,63,12721152,0.61,1.022,-1.0,0.5695,0.072,0.0002,-0.0188,0.001,1.0,0.93
w10s-shp-off-s63,w10s-shp-off,63,12751872,0.65,1.065,-1.0,0.6657,0.0719,0.0002,-0.018,0.0009,1.0,0.93
w10s-shp-off-s63,w10s-shp-off,63,12782592,0.57,1.003,-1.0,0.6157,0.0717,0.0002,-0.0197,0.0009,1.0,0.93
w10s-shp-off-s63,w10s-shp-off,63,12813312,0.6,1.03,-1.0,0.5136,0.0695,0.0002,-0.0175,0.0009,1.0,0.93
w10s-shp-off-s63,w10s-shp-off,63,12844032,0.61,1.058,-1.0,0.6969,0.0729,0.0002,-0.0178,0.0009,1.0,0.929
w10s-shp-off-s63,w10s-shp-off,63,12874752,0.59,1.016,-1.0,0.544,0.0693,0.0002,-0.0172,0.0009,1.0,0.929
w10s-shp-off-s63,w10s-shp-off,63,12905472,0.61,1.044,-1.0,0.3863,0.0694,0.0002,-0.0184,0.0009,1.0,0.929
w10s-shp-off-s63,w10s-shp-off,63,12936192,0.67,1.114,-1.0,0.5604,0.0679,0.0002,-0.0168,0.0009,1.0,0.929
w10s-shp-off-s63,w10s-shp-off,63,12966912,0.54,0.95,-1.0,0.6179,0.0713,0.0002,-0.0171,0.0009,1.0,0.929
w10s-shp-off-s63,w10s-shp-off,63,12997632,0.55,0.99,-1.0,0.5613,0.0692,0.0002,-0.0176,0.0009,1.0,0.929
w10s-shp-off-s63,w10s-shp-off,63,13028352,0.64,1.059,-1.0,0.4249,0.0701,0.0002,-0.0181,0.0008,1.0,0.929
w10s-shp-off-s63,w10s-shp-off,63,13059072,0.67,1.083,-1.0,0.6946,0.0698,0.0002,-0.0184,0.0008,1.0,0.929
w10s-shp-off-s63,w10s-shp-off,63,13089792,0.6,1.053,-1.0,0.5434,0.0684,0.0002,-0.0187,0.0009,1.0,0.929
w10s-shp-off-s63,w10s-shp-off,63,13120512,0.66,1.059,-1.0,0.7524,0.0689,0.0002,-0.0191,0.001,1.0,0.929
w10s-shp-off-s63,w10s-shp-off,63,13151232,0.65,1.035,-1.0,0.6703,0.0687,0.0002,-0.0175,0.0009,1.0,0.929
w10s-shp-off-s63,w10s-shp-off,63,13181952,0.63,1.06,-1.0,0.7871,0.0693,0.0002,-0.0171,0.0009,1.0,0.929
w10s-shp-off-s63,w10s-shp-off,63,13212672,0.67,1.094,-1.0,0.5813,0.0702,0.0002,-0.0195,0.0009,1.0,0.929
w10s-shp-off-s63,w10s-shp-off,63,13243392,0.65,1.07,-1.0,0.4527,0.0703,0.0001,-0.0177,0.0009,1.0,0.929
w10s-shp-off-s63,w10s-shp-off,63,13274112,0.66,1.106,-1.0,0.3859,0.0721,0.0002,-0.0177,0.0009,1.0,0.928
w10s-shp-off-s63,w10s-shp-off,63,13304832,0.63,1.016,-1.0,0.2608,0.0717,0.0002,-0.0156,0.0008,1.0,0.928
w10s-shp-off-s63,w10s-shp-off,63,13335552,0.57,1.01,-1.0,0.584,0.072,0.0002,-0.0178,0.0008,1.0,0.928
w10s-shp-off-s63,w10s-shp-off,63,13366272,0.73,1.152,-1.0,0.4769,0.0688,0.0002,-0.0188,0.0009,1.0,0.928
w10s-shp-off-s63,w10s-shp-off,63,13396992,0.65,1.097,-1.0,0.4897,0.0694,0.0002,-0.0189,0.0009,1.0,0.928
w10s-shp-off-s63,w10s-shp-off,63,13427712,0.7,1.104,-1.0,0.4505,0.069,0.0002,-0.0183,0.0009,1.0,0.928
w10s-shp-off-s63,w10s-shp-off,63,13458432,0.62,1.071,-1.0,0.6085,0.0697,0.0002,-0.0176,0.0009,1.0,0.928
w10s-shp-off-s63,w10s-shp-off,63,13489152,0.6,1.054,-1.0,0.5032,0.0659,0.0002,-0.0175,0.0008,1.0,0.928
w10s-shp-off-s63,w10s-shp-off,63,13519872,0.6,1.031,-1.0,0.7039,0.0694,0.0002,-0.0197,0.0009,1.0,0.928
w10s-shp-off-s63,w10s-shp-off,63,13550592,0.71,1.125,-1.0,0.3413,0.0725,0.0002,-0.0177,0.0009,1.0,0.928
w10s-shp-off-s63,w10s-shp-off,63,13581312,0.64,1.115,-1.0,0.5589,0.0692,0.0002,-0.0171,0.0008,1.0,0.928
w10s-shp-off-s63,w10s-shp-off,63,13612032,0.71,1.144,-1.0,0.571,0.069,0.0002,-0.0182,0.0009,1.0,0.928
w10s-shp-off-s63,w10s-shp-off,63,13642752,0.57,1.044,-1.0,0.563,0.0694,0.0002,-0.0178,0.0009,1.0,0.928
w10s-shp-off-s63,w10s-shp-off,63,13673472,0.69,1.129,-1.0,0.4854,0.0693,0.0002,-0.0168,0.0009,1.0,0.928
w10s-shp-off-s63,w10s-shp-off,63,13704192,0.61,1.065,-1.0,0.4677,0.0697,0.0001,-0.0177,0.0009,1.0,0.927
w10s-shp-off-s63,w10s-shp-off,63,13734912,0.6,1.035,-1.0,0.7777,0.0699,0.0002,-0.0177,0.0009,1.0,0.927
w10s-shp-off-s63,w10s-shp-off,63,13765632,0.63,1.089,-1.0,0.526,0.0709,0.0002,-0.0176,0.0009,1.0,0.927
w10s-shp-off-s63,w10s-shp-off,63,13796352,0.69,1.131,-1.0,0.6441,0.0679,0.0002,-0.0187,0.0009,1.0,0.927
w10s-shp-off-s63,w10s-shp-off,63,13827072,0.61,1.052,-1.0,0.7151,0.0683,0.0002,-0.0182,0.0009,1.0,0.927
w10s-shp-off-s63,w10s-shp-off,63,13857792,0.63,1.078,-1.0,0.6179,0.0689,0.0002,-0.0165,0.0008,1.0,0.927
w10s-shp-off-s63,w10s-shp-off,63,13888512,0.73,1.137,-1.0,0.6718,0.0694,0.0002,-0.0176,0.0009,1.0,0.927
w10s-shp-off-s63,w10s-shp-off,63,13919232,0.65,1.097,-1.0,0.4913,0.0682,0.0002,-0.0188,0.001,1.0,0.927
w10s-shp-off-s63,w10s-shp-off,63,13949952,0.69,1.122,-1.0,0.5247,0.0687,0.0002,-0.0179,0.0009,1.0,0.927
w10s-shp-off-s63,w10s-shp-off,63,13980672,0.68,1.135,-1.0,0.7014,0.0692,0.0002,-0.0174,0.0009,1.0,0.927
w10s-shp-off-s63,w10s-shp-off,63,14011392,0.67,1.116,-1.0,0.5805,0.0693,0.0002,-0.0183,0.0009,1.0,0.927
w10s-shp-off-s63,w10s-shp-off,63,14042112,0.68,1.148,-1.0,0.7768,0.0694,0.0002,-0.0179,0.0009,1.0,0.927
w10s-shp-off-s63,w10s-shp-off,63,14072832,0.7,1.15,-1.0,0.5517,0.0726,0.0002,-0.0205,0.0009,1.0,0.927
w10s-shp-off-s63,w10s-shp-off,63,14103552,0.7,1.121,-1.0,0.6293,0.0716,0.0002,-0.0184,0.0009,1.0,0.927
w10s-shp-off-s63,w10s-shp-off,63,14134272,0.63,1.051,-1.0,0.672,0.0694,0.0002,-0.0198,0.0009,1.0,0.926
w10s-shp-off-s63,w10s-shp-off,63,14164992,0.71,1.156,-1.0,0.698,0.0718,0.0002,-0.0176,0.0009,1.0,0.926
w10s-shp-off-s63,w10s-shp-off,63,14195712,0.7,1.142,-1.0,0.6605,0.0682,0.0002,-0.0187,0.0009,1.0,0.926
w10s-shp-off-s63,w10s-shp-off,63,14226432,0.66,1.148,-1.0,0.7322,0.0698,0.0002,-0.0183,0.001,1.0,0.926
w10s-shp-off-s63,w10s-shp-off,63,14257152,0.65,1.09,-1.0,0.6495,0.0706,0.0002,-0.0178,0.0008,1.0,0.926
w10s-shp-off-s63,w10s-shp-off,63,14287872,0.61,1.075,-1.0,0.5525,0.0699,0.0002,-0.0172,0.001,1.0,0.926
w10s-shp-off-s63,w10s-shp-off,63,14318592,0.64,1.081,-1.0,0.8402,0.069,0.0002,-0.0187,0.0009,1.0,0.926
w10s-shp-off-s63,w10s-shp-off,63,14349312,0.72,1.169,-1.0,0.7072,0.0681,0.0002,-0.0182,0.0009,1.0,0.926
w10s-shp-off-s63,w10s-shp-off,63,14380032,0.67,1.141,-1.0,0.6419,0.0683,0.0002,-0.0188,0.0009,1.0,0.926
w10s-shp-off-s63,w10s-shp-off,63,14410752,0.73,1.157,-1.0,0.7256,0.0722,0.0002,-0.0172,0.0009,1.0,0.926
w10s-shp-off-s63,w10s-shp-off,63,14441472,0.69,1.117,-1.0,0.7514,0.0707,0.0002,-0.0177,0.0009,1.0,0.926
w10s-shp-off-s63,w10s-shp-off,63,14472192,0.8,1.22,-1.0,0.3342,0.0704,0.0002,-0.019,0.0009,1.0,0.926
w10s-shp-off-s63,w10s-shp-off,63,14502912,0.75,1.146,-1.0,0.7866,0.0694,0.0002,-0.0188,0.001,1.0,0.926
w10s-shp-off-s63,w10s-shp-off,63,14533632,0.63,1.118,-1.0,0.5779,0.0731,0.0002,-0.0176,0.0009,1.0,0.925
w10s-shp-off-s63,w10s-shp-off,63,14564352,0.66,1.123,-1.0,0.5586,0.0723,0.0002,-0.0178,0.001,1.0,0.925
w10s-shp-off-s63,w10s-shp-off,63,14595072,0.67,1.111,-1.0,0.5772,0.0699,0.0002,-0.0179,0.0008,1.0,0.925
w10s-shp-off-s63,w10s-shp-off,63,14625792,0.69,1.131,-1.0,0.7228,0.0707,0.0002,-0.0188,0.0009,1.0,0.925
w10s-shp-off-s63,w10s-shp-off,63,14656512,0.69,1.149,-1.0,0.6487,0.0681,0.0001,-0.018,0.0009,1.0,0.925
w10s-shp-off-s63,w10s-shp-off,63,14687232,0.78,1.221,-1.0,0.721,0.0708,0.0002,-0.0171,0.0009,1.0,0.925
w10s-shp-off-s63,w10s-shp-off,63,14717952,0.7,1.167,-1.0,0.7558,0.0686,0.0002,-0.0175,0.0009,1.0,0.925
w10s-shp-off-s63,w10s-shp-off,63,14748672,0.72,1.167,-1.0,0.7489,0.0693,0.0002,-0.0188,0.0009,1.0,0.925
w10s-shp-off-s63,w10s-shp-off,63,14779392,0.66,1.118,-1.0,0.7512,0.0707,0.0002,-0.0191,0.0009,1.0,0.925
w10s-shp-off-s63,w10s-shp-off,63,14810112,0.71,1.162,-1.0,0.832,0.0674,0.0002,-0.02,0.0008,1.0,0.925
w10s-shp-off-s63,w10s-shp-off,63,14840832,0.64,1.096,-1.0,0.6755,0.0705,0.0002,-0.0166,0.0008,1.0,0.925
w10s-shp-off-s63,w10s-shp-off,63,14871552,0.67,1.102,-1.0,0.7363,0.0706,0.0002,-0.018,0.001,1.0,0.925
w10s-shp-off-s63,w10s-shp-off,63,14902272,0.62,1.089,-1.0,0.7457,0.0707,0.0002,-0.018,0.001,1.0,0.925
w10s-shp-off-s63,w10s-shp-off,63,14932992,0.61,1.066,-1.0,0.5617,0.0702,0.0002,-0.0186,0.0009,1.0,0.924
w10s-shp-off-s63,w10s-shp-off,63,14963712,0.67,1.108,-1.0,0.6656,0.0699,0.0002,-0.0179,0.0009,1.0,0.924
w10s-shp-off-s63,w10s-shp-off,63,14994432,0.69,1.145,-1.0,0.7998,0.0718,0.0002,-0.0186,0.0009,1.0,0.924
w10s-shp-off-s63,w10s-shp-off,63,14997504,0.66,1.116,-1.0,0.572,0.0737,0.0002,-0.0193,0.0009,1.0,0.924
w10s-dlt-cur-s61,w10s-dlt-cur,61,3072,0.0,0.431,-1.0,,,,,,,
w10s-dlt-cur-s61,w10s-dlt-cur,61,33792,0.0,0.445,-1.0,-1.0,0.0,0.0,0.0,0.0188,0.974,0.935
w10s-dlt-cur-s61,w10s-dlt-cur,61,64512,0.02,0.508,-1.0,-1.0,0.0,0.0,0.0,0.0153,0.997,0.935
w10s-dlt-cur-s61,w10s-dlt-cur,61,95232,0.03,0.55,-1.0,-0.979,0.0,0.0,0.0,0.0139,0.998,0.938
w10s-dlt-cur-s61,w10s-dlt-cur,61,125952,0.02,0.525,-1.0,-0.8771,0.0,0.0,0.0,0.0105,1.0,0.94
w10s-dlt-cur-s61,w10s-dlt-cur,61,156672,0.0,0.498,-1.0,-0.9784,0.0,0.0,0.0,0.009,1.0,0.942
w10s-dlt-cur-s61,w10s-dlt-cur,61,187392,0.04,0.568,-1.0,-0.8607,0.0,0.0,0.0,0.0096,1.0,0.944
w10s-dlt-cur-s61,w10s-dlt-cur,61,218112,0.01,0.555,-1.0,-0.925,0.0,0.0,0.0,0.0088,1.0,0.945
w10s-dlt-cur-s61,w10s-dlt-cur,61,248832,0.04,0.567,-1.0,-0.95,0.0,0.0,0.0,0.0076,1.0,0.947
w10s-dlt-cur-s61,w10s-dlt-cur,61,279552,0.02,0.501,-1.0,-0.95,0.0,0.0,0.0,0.0079,1.0,0.949
w10s-dlt-cur-s61,w10s-dlt-cur,61,310272,0.05,0.533,-1.0,-0.95,0.0,0.0,0.0,0.008,1.0,0.95
w10s-dlt-cur-s61,w10s-dlt-cur,61,340992,0.02,0.506,-1.0,-0.9285,0.0,0.0,0.0,0.0069,1.0,0.951
w10s-dlt-cur-s61,w10s-dlt-cur,61,371712,0.02,0.566,-1.0,-0.9255,0.0,0.0,0.0,0.0063,1.0,0.952
w10s-dlt-cur-s61,w10s-dlt-cur,61,402432,0.04,0.585,-1.0,-0.9009,0.0,0.0,0.0,0.0059,1.0,0.953
w10s-dlt-cur-s61,w10s-dlt-cur,61,433152,0.06,0.606,-1.0,-0.825,0.0,0.0,0.0,0.006,1.0,0.953
w10s-dlt-cur-s61,w10s-dlt-cur,61,463872,0.06,0.624,-1.0,-0.8812,0.0,0.0,0.0,0.0064,1.0,0.954
w10s-dlt-cur-s61,w10s-dlt-cur,61,494592,0.02,0.531,-1.0,-0.8537,0.0,0.0,0.0,0.0059,1.0,0.954
w10s-dlt-cur-s61,w10s-dlt-cur,61,525312,0.02,0.578,-1.0,-0.8617,0.0,0.0,0.0,0.0056,1.0,0.954
w10s-dlt-cur-s61,w10s-dlt-cur,61,556032,0.05,0.591,-1.0,-0.9056,0.0,0.0,0.0,0.0052,1.0,0.954
w10s-dlt-cur-s61,w10s-dlt-cur,61,586752,0.06,0.549,-1.0,-0.883,0.0,0.0,0.0,0.0053,1.0,0.955
w10s-dlt-cur-s61,w10s-dlt-cur,61,617472,0.05,0.61,-1.0,-0.8133,0.0,0.0,0.0,0.005,1.0,0.955
w10s-dlt-cur-s61,w10s-dlt-cur,61,648192,0.08,0.656,-1.0,-0.8042,0.0,0.0,0.0,0.0055,1.0,0.955
w10s-dlt-cur-s61,w10s-dlt-cur,61,678912,0.06,0.577,-1.0,-0.8039,0.0,0.0,0.0,0.0051,1.0,0.955
w10s-dlt-cur-s61,w10s-dlt-cur,61,709632,0.1,0.633,-1.0,-0.9271,0.0,0.0,0.0,0.0053,1.0,0.955
w10s-dlt-cur-s61,w10s-dlt-cur,61,740352,0.05,0.568,-1.0,-0.8816,0.0,0.0,0.0,0.0047,1.0,0.955
w10s-dlt-cur-s61,w10s-dlt-cur,61,771072,0.08,0.62,-1.0,-0.8304,0.0,0.0,0.0,0.0046,1.0,0.955
w10s-dlt-cur-s61,w10s-dlt-cur,61,801792,0.1,0.655,-1.0,-0.5949,0.0,0.0,0.0,0.0045,1.0,0.955
w10s-dlt-cur-s61,w10s-dlt-cur,61,832512,0.0,0.564,-1.0,-0.8015,0.0,0.0,0.0,0.0046,1.0,0.955
w10s-dlt-cur-s61,w10s-dlt-cur,61,863232,0.07,0.631,-1.0,-0.8762,0.0,0.0,0.0,0.0042,1.0,0.955
w10s-dlt-cur-s61,w10s-dlt-cur,61,893952,0.09,0.613,-1.0,-0.9303,0.0,0.0,0.0,0.0043,1.0,0.954
w10s-dlt-cur-s61,w10s-dlt-cur,61,924672,0.05,0.621,-1.0,-0.9091,0.0,0.0,0.0,0.0043,1.0,0.954
w10s-dlt-cur-s61,w10s-dlt-cur,61,955392,0.1,0.654,-1.0,-0.8108,0.0,0.0,0.0,0.0044,1.0,0.954
w10s-dlt-cur-s61,w10s-dlt-cur,61,986112,0.13,0.67,-1.0,-0.8189,0.0,0.0,0.0,0.0041,1.0,0.954
w10s-dlt-cur-s61,w10s-dlt-cur,61,1016832,0.1,0.634,-1.0,-0.9,0.0,0.0,0.0,0.0038,1.0,0.954
w10s-dlt-cur-s61,w10s-dlt-cur,61,1047552,0.1,0.676,-1.0,-0.8097,0.0,0.0,0.0,0.0038,1.0,0.953
w10s-dlt-cur-s61,w10s-dlt-cur,61,1078272,0.06,0.595,-1.0,-0.8366,0.0,0.0,0.0,0.0041,1.0,0.953
w10s-dlt-cur-s61,w10s-dlt-cur,61,1108992,0.08,0.635,-1.0,-0.7627,0.0,0.0,0.0,0.004,1.0,0.953
w10s-dlt-cur-s61,w10s-dlt-cur,61,1139712,0.11,0.629,-1.0,-0.8413,0.0,0.0,0.0,0.0038,1.0,0.953
w10s-dlt-cur-s61,w10s-dlt-cur,61,1170432,0.07,0.593,-1.0,-0.7553,0.0,0.0,0.0,0.0035,1.0,0.953
w10s-dlt-cur-s61,w10s-dlt-cur,61,1201152,0.09,0.63,-1.0,-0.8266,0.0,0.0,0.0,0.0037,1.0,0.953
w10s-dlt-cur-s61,w10s-dlt-cur,61,1231872,0.08,0.642,-1.0,-0.7776,0.0,0.0,0.0,0.0038,1.0,0.953
w10s-dlt-cur-s61,w10s-dlt-cur,61,1262592,0.15,0.665,-1.0,-0.6641,0.0,0.0,0.0,0.0036,1.0,0.953
w10s-dlt-cur-s61,w10s-dlt-cur,61,1293312,0.07,0.632,-1.0,-0.7105,0.0,0.0,0.0,0.0038,1.0,0.953
w10s-dlt-cur-s61,w10s-dlt-cur,61,1324032,0.12,0.663,-1.0,-0.8283,0.0,0.0,0.0,0.0036,1.0,0.953
w10s-dlt-cur-s61,w10s-dlt-cur,61,1354752,0.15,0.655,-1.0,-0.668,0.0,0.0,0.0,0.0037,1.0,0.954
w10s-dlt-cur-s61,w10s-dlt-cur,61,1385472,0.07,0.605,-1.0,-0.687,0.0,0.0,0.0,0.0034,1.0,0.954
w10s-dlt-cur-s61,w10s-dlt-cur,61,1416192,0.14,0.7,-1.0,-0.7777,0.0,0.0,0.0,0.0033,1.0,0.954
w10s-dlt-cur-s61,w10s-dlt-cur,61,1446912,0.16,0.68,-1.0,-0.6856,0.0,0.0,0.0,0.0032,1.0,0.954
w10s-dlt-cur-s61,w10s-dlt-cur,61,1477632,0.15,0.703,-1.0,-0.7347,0.0,0.0,0.0,0.0032,1.0,0.954
w10s-dlt-cur-s61,w10s-dlt-cur,61,1508352,0.14,0.64,-1.0,-0.6441,0.0,0.0,0.0,0.0032,1.0,0.954
w10s-dlt-cur-s61,w10s-dlt-cur,61,1539072,0.13,0.657,-1.0,-0.761,0.0,0.0,0.0,0.003,1.0,0.954
w10s-dlt-cur-s61,w10s-dlt-cur,61,1569792,0.09,0.575,-1.0,-0.7896,0.0,0.0,0.0,0.0032,1.0,0.954
w10s-dlt-cur-s61,w10s-dlt-cur,61,1600512,0.09,0.647,-1.0,-0.6688,0.0,0.0,0.0,0.003,1.0,0.954
w10s-dlt-cur-s61,w10s-dlt-cur,61,1631232,0.09,0.661,-1.0,-0.7751,0.0,0.0,0.0,0.0032,1.0,0.954
w10s-dlt-cur-s61,w10s-dlt-cur,61,1661952,0.09,0.636,-1.0,-0.7815,0.0,0.0,0.0,0.0032,1.0,0.954
w10s-dlt-cur-s61,w10s-dlt-cur,61,1692672,0.13,0.634,-1.0,-0.7076,0.0,0.0,0.0,0.003,1.0,0.954
w10s-dlt-cur-s61,w10s-dlt-cur,61,1723392,0.15,0.628,-1.0,-0.6206,0.0,0.0,0.0,0.0033,1.0,0.954
w10s-dlt-cur-s61,w10s-dlt-cur,61,1754112,0.16,0.672,-1.0,-0.7176,0.0,0.0,0.0,0.0031,1.0,0.954
w10s-dlt-cur-s61,w10s-dlt-cur,61,1784832,0.14,0.67,-1.0,-0.7579,0.0,0.0,0.0,0.0031,1.0,0.954
w10s-dlt-cur-s61,w10s-dlt-cur,61,1815552,0.15,0.681,-1.0,-0.6616,0.0,0.0,0.0,0.0032,1.0,0.954
w10s-dlt-cur-s61,w10s-dlt-cur,61,1846272,0.1,0.604,-1.0,-0.6618,0.0,0.0,0.0,0.0029,1.0,0.954
w10s-dlt-cur-s61,w10s-dlt-cur,61,1876992,0.16,0.664,-1.0,-0.586,0.0,0.0,0.0,0.0032,1.0,0.955
w10s-dlt-cur-s61,w10s-dlt-cur,61,1907712,0.07,0.611,-1.0,-0.6553,0.0,0.0,0.0,0.0032,1.0,0.955
w10s-dlt-cur-s61,w10s-dlt-cur,61,1938432,0.13,0.694,-1.0,-0.8306,0.0,0.0,0.0,0.0032,1.0,0.955
w10s-dlt-cur-s61,w10s-dlt-cur,61,1969152,0.16,0.69,-1.0,-0.76,0.0,0.0,0.0,0.003,1.0,0.955
w10s-dlt-cur-s61,w10s-dlt-cur,61,1999872,0.13,0.648,-1.0,-0.7105,0.0,0.0,0.0,0.0029,1.0,0.955
w10s-dlt-cur-s61,w10s-dlt-cur,61,2030592,0.16,0.719,-1.0,-0.7349,0.0,0.0,0.0,0.0029,1.0,0.955
w10s-dlt-cur-s61,w10s-dlt-cur,61,2061312,0.12,0.668,-1.0,-0.6847,0.0,0.0,0.0,0.0029,1.0,0.955
w10s-dlt-cur-s61,w10s-dlt-cur,61,2092032,0.14,0.683,-1.0,-0.6305,0.0,0.0,0.0,0.003,1.0,0.955
w10s-dlt-cur-s61,w10s-dlt-cur,61,2122752,0.17,0.718,-1.0,-0.594,0.0,0.0,0.0,0.0028,1.0,0.955
w10s-dlt-cur-s61,w10s-dlt-cur,61,2153472,0.17,0.698,-1.0,-0.4112,0.0,0.0,0.0,0.0027,1.0,0.955
w10s-dlt-cur-s61,w10s-dlt-cur,61,2184192,0.19,0.714,-1.0,-0.5237,0.0,0.0,0.0,0.0028,1.0,0.955
w10s-dlt-cur-s61,w10s-dlt-cur,61,2214912,0.11,0.657,-1.0,-0.6237,0.0,0.0,0.0,0.0028,1.0,0.955
w10s-dlt-cur-s61,w10s-dlt-cur,61,2245632,0.19,0.764,-1.0,-0.3517,0.0,0.0,0.0,0.0025,1.0,0.955
w10s-dlt-cur-s61,w10s-dlt-cur,61,2276352,0.16,0.728,-1.0,-0.6563,0.0,0.0,0.0,0.0027,1.0,0.955
w10s-dlt-cur-s61,w10s-dlt-cur,61,2307072,0.18,0.733,-1.0,-0.7083,0.0,0.0,0.0,0.0027,1.0,0.955
w10s-dlt-cur-s61,w10s-dlt-cur,61,2337792,0.17,0.693,-1.0,-0.5838,0.0,0.0,0.0,0.0025,1.0,0.955
w10s-dlt-cur-s61,w10s-dlt-cur,61,2368512,0.19,0.685,-1.0,-0.5991,0.0,0.0,0.0,0.0027,1.0,0.955
w10s-dlt-cur-s61,w10s-dlt-cur,61,2399232,0.15,0.635,-1.0,-0.7329,0.0,0.0,0.0,0.0027,1.0,0.955
w10s-dlt-cur-s61,w10s-dlt-cur,61,2429952,0.17,0.708,-1.0,-0.6377,0.0,0.0,0.0,0.0026,1.0,0.955
w10s-dlt-cur-s61,w10s-dlt-cur,61,2460672,0.21,0.72,-1.0,-0.7224,0.0,0.0,0.0,0.0027,1.0,0.955
w10s-dlt-cur-s61,w10s-dlt-cur,61,2491392,0.18,0.737,-1.0,-0.2601,0.0,0.0,0.0,0.0025,1.0,0.955
w10s-dlt-cur-s61,w10s-dlt-cur,61,2522112,0.15,0.636,-1.0,-0.6937,0.0,0.0,0.0,0.0026,1.0,0.955
w10s-dlt-cur-s61,w10s-dlt-cur,61,2552832,0.25,0.724,-1.0,-0.664,0.0,0.0,0.0,0.0027,1.0,0.955
w10s-dlt-cur-s61,w10s-dlt-cur,61,2583552,0.19,0.723,-1.0,-0.6522,0.0,0.0,0.0,0.0026,1.0,0.955
w10s-dlt-cur-s61,w10s-dlt-cur,61,2614272,0.23,0.777,-1.0,-0.4997,0.0,0.0,0.0,0.0024,1.0,0.955
w10s-dlt-cur-s61,w10s-dlt-cur,61,2644992,0.24,0.771,-1.0,-0.5496,0.0,0.0,0.0,0.0025,1.0,0.955
w10s-dlt-cur-s61,w10s-dlt-cur,61,2675712,0.21,0.771,-1.0,-0.2939,0.0,0.0,0.0,0.0024,1.0,0.955
w10s-dlt-cur-s61,w10s-dlt-cur,61,2706432,0.26,0.747,-1.0,-0.5813,0.0,0.0,0.0,0.0024,1.0,0.955
w10s-dlt-cur-s61,w10s-dlt-cur,61,2737152,0.24,0.747,-1.0,-0.5289,0.0,0.0,0.0,0.0024,1.0,0.956
w10s-dlt-cur-s61,w10s-dlt-cur,61,2767872,0.2,0.714,-1.0,-0.4522,0.0,0.0,0.0,0.0023,1.0,0.956
w10s-dlt-cur-s61,w10s-dlt-cur,61,2798592,0.26,0.772,-1.0,-0.4073,0.0,0.0,0.0,0.0025,1.0,0.956
w10s-dlt-cur-s61,w10s-dlt-cur,61,2829312,0.17,0.719,-1.0,-0.5167,0.0,0.0,0.0,0.0026,1.0,0.956
w10s-dlt-cur-s61,w10s-dlt-cur,61,2860032,0.19,0.71,-1.0,-0.4054,0.0,0.0,0.0,0.0023,1.0,0.956
w10s-dlt-cur-s61,w10s-dlt-cur,61,2890752,0.33,0.838,-1.0,-0.3681,0.0,0.0,0.0,0.0024,1.0,0.956
w10s-dlt-cur-s61,w10s-dlt-cur,61,2921472,0.34,0.85,-1.0,-0.3317,0.0,0.0,0.0,0.0024,1.0,0.956
w10s-dlt-cur-s61,w10s-dlt-cur,61,2952192,0.37,0.84,-1.0,-0.3547,0.0,0.0,0.0,0.0023,1.0,0.955
w10s-dlt-cur-s61,w10s-dlt-cur,61,2982912,0.21,0.722,-1.0,-0.4452,0.0,0.0,0.0,0.0023,1.0,0.955
w10s-dlt-cur-s61,w10s-dlt-cur,61,3013632,0.29,0.8,-1.0,-0.4757,0.0,0.0,0.0,0.0022,1.0,0.955
w10s-dlt-cur-s61,w10s-dlt-cur,61,3044352,0.22,0.724,-1.0,-0.498,0.0,0.0,0.0,0.0022,1.0,0.955
w10s-dlt-cur-s61,w10s-dlt-cur,61,3075072,0.23,0.762,-1.0,-0.4006,0.0,0.0,0.0,0.0022,1.0,0.955
w10s-dlt-cur-s61,w10s-dlt-cur,61,3105792,0.24,0.761,-1.0,-0.2269,0.0,0.0,0.0,0.0022,1.0,0.955
w10s-dlt-cur-s61,w10s-dlt-cur,61,3136512,0.31,0.805,-1.0,-0.3341,0.0,0.0,0.0,0.0023,1.0,0.955
w10s-dlt-cur-s61,w10s-dlt-cur,61,3167232,0.29,0.83,-1.0,-0.2444,0.0,0.0,0.0,0.0024,1.0,0.955
w10s-dlt-cur-s61,w10s-dlt-cur,61,3197952,0.32,0.832,-1.0,-0.2054,0.0,0.0,0.0,0.0024,1.0,0.955
w10s-dlt-cur-s61,w10s-dlt-cur,61,3228672,0.23,0.758,-1.0,-0.4152,0.0,0.0,0.0,0.0022,1.0,0.955
w10s-dlt-cur-s61,w10s-dlt-cur,61,3259392,0.34,0.858,-1.0,-0.1966,0.0,0.0,0.0,0.0023,1.0,0.955
w10s-dlt-cur-s61,w10s-dlt-cur,61,3290112,0.31,0.846,-1.0,-0.2678,0.0,0.0,0.0,0.0024,1.0,0.955
w10s-dlt-cur-s61,w10s-dlt-cur,61,3320832,0.31,0.862,-1.0,-0.3659,0.0,0.0,0.0,0.0023,1.0,0.955
w10s-dlt-cur-s61,w10s-dlt-cur,61,3351552,0.31,0.788,-1.0,-0.2424,0.0,0.0,0.0,0.0022,1.0,0.955
w10s-dlt-cur-s61,w10s-dlt-cur,61,3382272,0.32,0.831,-1.0,-0.2082,0.0,0.0,0.0,0.002,1.0,0.955
w10s-dlt-cur-s61,w10s-dlt-cur,61,3412992,0.34,0.843,-1.0,-0.1753,0.0,0.0,0.0,0.0023,1.0,0.955
w10s-dlt-cur-s61,w10s-dlt-cur,61,3443712,0.34,0.848,-1.0,-0.2579,0.0,0.0,0.0,0.0022,1.0,0.955
w10s-dlt-cur-s61,w10s-dlt-cur,61,3474432,0.35,0.825,-1.0,-0.2638,0.0,0.0,0.0,0.0021,1.0,0.955
w10s-dlt-cur-s61,w10s-dlt-cur,61,3505152,0.39,0.853,-1.0,-0.0753,0.0,0.0,0.0,0.0021,1.0,0.955
w10s-dlt-cur-s61,w10s-dlt-cur,61,3535872,0.33,0.821,-1.0,0.0362,0.0,0.0,0.0,0.002,1.0,0.955
w10s-dlt-cur-s61,w10s-dlt-cur,61,3566592,0.38,0.816,-1.0,-0.1344,0.0,0.0,0.0,0.002,1.0,0.955
w10s-dlt-cur-s61,w10s-dlt-cur,61,3597312,0.39,0.845,-1.0,-0.1718,0.0,0.0,0.0,0.0018,1.0,0.955
w10s-dlt-cur-s61,w10s-dlt-cur,61,3628032,0.39,0.893,-1.0,-0.2687,0.0,0.0,0.0,0.002,1.0,0.955
w10s-dlt-cur-s61,w10s-dlt-cur,61,3658752,0.29,0.779,-1.0,-0.0097,0.0,0.0,0.0,0.0019,1.0,0.955
w10s-dlt-cur-s61,w10s-dlt-cur,61,3689472,0.4,0.887,-1.0,-0.1592,0.0,0.0,0.0,0.0022,1.0,0.955
w10s-dlt-cur-s61,w10s-dlt-cur,61,3720192,0.39,0.872,-1.0,0.0022,0.0,0.0,0.0,0.0021,1.0,0.955
w10s-dlt-cur-s61,w10s-dlt-cur,61,3750912,0.41,0.918,-1.0,-0.12,0.0,0.0,0.0,0.0017,1.0,0.955
w10s-dlt-cur-s61,w10s-dlt-cur,61,3781632,0.42,0.899,-1.0,-0.069,0.0,0.0,0.0,0.0019,1.0,0.955
w10s-dlt-cur-s61,w10s-dlt-cur,61,3812352,0.4,0.906,-1.0,-0.1739,0.0,0.0,0.0,0.002,1.0,0.955
w10s-dlt-cur-s61,w10s-dlt-cur,61,3843072,0.38,0.856,-1.0,0.0047,0.0,0.0,0.0,0.002,1.0,0.955
w10s-dlt-cur-s61,w10s-dlt-cur,61,3873792,0.37,0.863,-1.0,-0.0505,0.0,0.0,0.0,0.002,1.0,0.955
w10s-dlt-cur-s61,w10s-dlt-cur,61,3904512,0.35,0.831,-1.0,0.1516,0.0,0.0,0.0,0.002,1.0,0.955
w10s-dlt-cur-s61,w10s-dlt-cur,61,3935232,0.49,0.957,-1.0,0.1144,0.0,0.0,0.0,0.0021,1.0,0.955
w10s-dlt-cur-s61,w10s-dlt-cur,61,3965952,0.46,0.963,-1.0,0.2696,0.0,0.0,0.0,0.0018,1.0,0.955
w10s-dlt-cur-s61,w10s-dlt-cur,61,3996672,0.42,0.891,-1.0,0.1223,0.0,0.0,0.0,0.0018,1.0,0.955
w10s-dlt-cur-s61,w10s-dlt-cur,61,4027392,0.37,0.865,-1.0,-0.2114,0.0,0.0,0.0,0.002,1.0,0.955
w10s-dlt-cur-s61,w10s-dlt-cur,61,4058112,0.44,0.9,-1.0,0.1552,0.0,0.0,0.0,0.0019,1.0,0.955
w10s-dlt-cur-s61,w10s-dlt-cur,61,4088832,0.37,0.883,-1.0,-0.0446,0.0,0.0,0.0,0.002,1.0,0.955
w10s-dlt-cur-s61,w10s-dlt-cur,61,4119552,0.44,0.893,-1.0,0.1502,0.0,0.0,0.0,0.0017,1.0,0.955
w10s-dlt-cur-s61,w10s-dlt-cur,61,4150272,0.44,0.912,-1.0,0.0094,0.0,0.0,0.0,0.0019,1.0,0.954
w10s-dlt-cur-s61,w10s-dlt-cur,61,4180992,0.55,1.029,-1.0,0.1269,0.0,0.0,0.0,0.0019,1.0,0.954
w10s-dlt-cur-s61,w10s-dlt-cur,61,4211712,0.44,0.903,-1.0,0.0799,0.0,0.0,0.0,0.0019,1.0,0.954
w10s-dlt-cur-s61,w10s-dlt-cur,61,4242432,0.48,0.961,-1.0,-0.024,0.0,0.0,0.0,0.0019,1.0,0.954
w10s-dlt-cur-s61,w10s-dlt-cur,61,4273152,0.51,0.963,-1.0,-0.0046,0.0,0.0,0.0,0.002,1.0,0.954
w10s-dlt-cur-s61,w10s-dlt-cur,61,4303872,0.43,0.93,-1.0,0.0609,0.0,0.0,0.0,0.002,1.0,0.954
w10s-dlt-cur-s61,w10s-dlt-cur,61,4334592,0.47,0.976,-1.0,0.2289,0.0,0.0,0.0,0.0017,1.0,0.954
w10s-dlt-cur-s61,w10s-dlt-cur,61,4365312,0.54,0.989,-1.0,0.0469,0.0,0.0,0.0,0.0018,1.0,0.954
w10s-dlt-cur-s61,w10s-dlt-cur,61,4396032,0.5,0.908,-1.0,0.1737,0.0,0.0,0.0,0.0018,1.0,0.954
w10s-dlt-cur-s61,w10s-dlt-cur,61,4426752,0.5,0.989,-1.0,0.1884,0.0,0.0,0.0,0.0018,1.0,0.954
w10s-dlt-cur-s61,w10s-dlt-cur,61,4457472,0.5,0.969,-1.0,0.186,0.0,0.0,0.0,0.0019,1.0,0.954
w10s-dlt-cur-s61,w10s-dlt-cur,61,4488192,0.5,0.97,-1.0,0.1345,0.0,0.0,0.0,0.0018,1.0,0.954
w10s-dlt-cur-s61,w10s-dlt-cur,61,4518912,0.39,0.911,-1.0,0.1126,0.0,0.0,0.0,0.0017,1.0,0.954
w10s-dlt-cur-s61,w10s-dlt-cur,61,4549632,0.5,0.987,-1.0,0.4141,0.0,0.0,0.0,0.0018,1.0,0.954
w10s-dlt-cur-s61,w10s-dlt-cur,61,4580352,0.48,0.958,-1.0,0.3325,0.0,0.0,0.0,0.0018,1.0,0.953
w10s-dlt-cur-s61,w10s-dlt-cur,61,4611072,0.5,0.958,-1.0,0.1957,0.0,0.0,0.0,0.0016,1.0,0.953
w10s-dlt-cur-s61,w10s-dlt-cur,61,4641792,0.48,0.969,-1.0,0.4253,0.0,0.0,0.0,0.0018,1.0,0.953
w10s-dlt-cur-s61,w10s-dlt-cur,61,4672512,0.59,1.059,-0.987,0.0872,0.0,0.0,0.0,0.0019,1.0,0.953
w10s-dlt-cur-s61,w10s-dlt-cur,61,4703232,0.6,1.086,-0.987,0.2453,0.0,0.0,0.0,0.0018,1.0,0.953
w10s-dlt-cur-s61,w10s-dlt-cur,61,4733952,0.55,1.052,-0.976,0.2273,0.0,0.0,0.0,0.0018,1.0,0.953
w10s-dlt-cur-s61,w10s-dlt-cur,61,4764672,0.51,0.993,-0.976,0.3303,0.0,0.0,0.0,0.0018,1.0,0.953
w10s-dlt-cur-s61,w10s-dlt-cur,61,4795392,0.54,1.041,-0.976,0.3619,0.0,0.0,0.0,0.0018,1.0,0.953
w10s-dlt-cur-s61,w10s-dlt-cur,61,4826112,0.5,0.977,-0.976,0.0797,0.0,0.0,0.0,0.0017,1.0,0.953
w10s-dlt-cur-s61,w10s-dlt-cur,61,4856832,0.51,1.03,-0.962,0.5521,0.0,0.0,0.0,0.0018,1.0,0.953
w10s-dlt-cur-s61,w10s-dlt-cur,61,4887552,0.47,0.975,-0.962,0.1627,0.0,0.0,0.0,0.0019,1.0,0.952
w10s-dlt-cur-s61,w10s-dlt-cur,61,4918272,0.52,1.0,-0.949,0.2458,0.0,0.0,0.0,0.0017,1.0,0.952
w10s-dlt-cur-s61,w10s-dlt-cur,61,4948992,0.49,0.969,-0.923,0.0601,0.0,0.0,0.0,0.0016,1.0,0.952
w10s-dlt-cur-s61,w10s-dlt-cur,61,4979712,0.5,0.955,-0.912,0.0525,0.0,0.0,0.0,0.0017,1.0,0.952
w10s-dlt-cur-s61,w10s-dlt-cur,61,5010432,0.57,1.063,-0.873,0.1388,0.0,0.0,0.0,0.0017,1.0,0.952
w10s-dlt-cur-s61,w10s-dlt-cur,61,5041152,0.47,0.995,-0.862,0.324,0.0,0.0,0.0,0.0016,1.0,0.952
w10s-dlt-cur-s61,w10s-dlt-cur,61,5071872,0.41,0.951,-0.849,0.271,0.0,0.0,0.0,0.0017,1.0,0.952
w10s-dlt-cur-s61,w10s-dlt-cur,61,5102592,0.49,1.026,-0.825,0.3336,0.0,0.0,0.0,0.0017,1.0,0.951
w10s-dlt-cur-s61,w10s-dlt-cur,61,5133312,0.56,1.086,-0.814,0.1679,0.0,0.0,0.0,0.0016,1.0,0.951
w10s-dlt-cur-s61,w10s-dlt-cur,61,5164032,0.5,1.013,-0.814,0.1723,0.0,0.0,0.0,0.0018,1.0,0.951
w10s-dlt-cur-s61,w10s-dlt-cur,61,5194752,0.64,1.133,-0.792,0.2399,0.0,0.0,0.0,0.0016,1.0,0.951
w10s-dlt-cur-s61,w10s-dlt-cur,61,5225472,0.51,1.026,-0.741,0.2479,0.0,0.0,0.0,0.0016,1.0,0.951
w10s-dlt-cur-s61,w10s-dlt-cur,61,5256192,0.55,1.058,-0.715,0.5107,0.0,0.0,0.0,0.0016,1.0,0.951
w10s-dlt-cur-s61,w10s-dlt-cur,61,5286912,0.56,1.046,-0.715,0.23,0.0,0.0,0.0,0.0015,1.0,0.951
w10s-dlt-cur-s61,w10s-dlt-cur,61,5317632,0.59,1.047,-0.688,0.2316,0.0,0.0,0.0,0.0016,1.0,0.95
w10s-dlt-cur-s61,w10s-dlt-cur,61,5348352,0.47,0.963,-0.688,0.3447,0.0,0.0,0.0,0.0017,1.0,0.95
w10s-dlt-cur-s61,w10s-dlt-cur,61,5379072,0.59,1.089,-0.688,0.396,0.0,0.0,0.0,0.0016,1.0,0.95
w10s-dlt-cur-s61,w10s-dlt-cur,61,5409792,0.51,1.019,-0.688,0.1693,0.0,0.0,0.0,0.0015,1.0,0.95
w10s-dlt-cur-s61,w10s-dlt-cur,61,5440512,0.61,1.076,-0.688,0.406,0.0,0.0,0.0,0.0015,1.0,0.95
w10s-dlt-cur-s61,w10s-dlt-cur,61,5471232,0.55,1.035,-0.677,0.2701,0.0,0.0,0.0,0.0015,1.0,0.95
w10s-dlt-cur-s61,w10s-dlt-cur,61,5501952,0.6,1.091,-0.639,0.4802,0.0,0.0,0.0,0.0015,1.0,0.95
w10s-dlt-cur-s61,w10s-dlt-cur,61,5532672,0.51,1.004,-0.625,0.3564,0.0,0.0,0.0,0.0015,1.0,0.949
w10s-dlt-cur-s61,w10s-dlt-cur,61,5563392,0.58,1.07,-0.597,0.1869,0.0,0.0,0.0,0.0013,1.0,0.949
w10s-dlt-cur-s61,w10s-dlt-cur,61,5594112,0.55,1.032,-0.567,0.0737,0.0,0.0,0.0,0.0015,1.0,0.949
w10s-dlt-cur-s61,w10s-dlt-cur,61,5624832,0.58,1.053,-0.548,0.3317,0.0,0.0,0.0,0.0013,1.0,0.949
w10s-dlt-cur-s61,w10s-dlt-cur,61,5655552,0.62,1.054,-0.507,0.0163,0.0,0.0,0.0,0.0014,1.0,0.949
w10s-dlt-cur-s61,w10s-dlt-cur,61,5686272,0.62,1.115,-0.476,0.3436,0.0,0.0,0.0,0.0014,1.0,0.949
w10s-dlt-cur-s61,w10s-dlt-cur,61,5716992,0.51,1.029,-0.439,0.4918,0.0,0.0,0.0,0.0014,1.0,0.949
w10s-dlt-cur-s61,w10s-dlt-cur,61,5747712,0.48,0.996,-0.428,0.2074,0.0,0.0,0.0,0.0014,1.0,0.948
w10s-dlt-cur-s61,w10s-dlt-cur,61,5778432,0.53,0.991,-0.416,0.4277,0.0,0.0,0.0,0.0013,1.0,0.948
w10s-dlt-cur-s61,w10s-dlt-cur,61,5809152,0.52,0.999,-0.391,0.0655,0.0,0.0,0.0,0.0014,1.0,0.948
w10s-dlt-cur-s61,w10s-dlt-cur,61,5839872,0.53,1.015,-0.373,0.2213,0.0,0.0,0.0,0.0013,1.0,0.948
w10s-dlt-cur-s61,w10s-dlt-cur,61,5870592,0.54,1.037,-0.348,0.4089,0.0,0.0,0.0,0.0014,1.0,0.948
w10s-dlt-cur-s61,w10s-dlt-cur,61,5901312,0.6,1.066,-0.33,0.4076,0.0,0.0,0.0,0.0014,1.0,0.947
w10s-dlt-cur-s61,w10s-dlt-cur,61,5932032,0.58,1.046,-0.33,0.1384,0.0,0.0,0.0,0.0013,1.0,0.947
w10s-dlt-cur-s61,w10s-dlt-cur,61,5962752,0.57,1.02,-0.315,0.3637,0.0,0.0,0.0,0.0012,1.0,0.947
w10s-dlt-cur-s61,w10s-dlt-cur,61,5993472,0.57,1.059,-0.304,0.2274,0.0,0.0,0.0,0.0013,1.0,0.947
w10s-dlt-cur-s61,w10s-dlt-cur,61,6024192,0.58,1.022,-0.292,0.1512,0.0,0.0,0.0,0.0014,1.0,0.947
w10s-dlt-cur-s61,w10s-dlt-cur,61,6054912,0.55,1.014,-0.246,0.3345,0.0,0.0,0.0,0.0013,1.0,0.947
w10s-dlt-cur-s61,w10s-dlt-cur,61,6085632,0.59,1.066,-0.189,0.2493,0.0,0.0,0.0,0.0013,1.0,0.946
w10s-dlt-cur-s61,w10s-dlt-cur,61,6116352,0.51,1.0,-0.152,0.316,0.0,0.0,0.0,0.0012,1.0,0.946
w10s-dlt-cur-s61,w10s-dlt-cur,61,6147072,0.63,1.066,-0.14,0.1081,0.0,0.0,0.0,0.0013,1.0,0.946
w10s-dlt-cur-s61,w10s-dlt-cur,61,6177792,0.58,1.037,-0.116,0.4305,0.0,0.0,0.0,0.0012,1.0,0.946
w10s-dlt-cur-s61,w10s-dlt-cur,61,6208512,0.59,1.044,-0.116,0.1472,0.0,0.0,0.0,0.0013,1.0,0.946
w10s-dlt-cur-s61,w10s-dlt-cur,61,6239232,0.54,1.017,-0.089,0.4056,0.0,0.0,0.0,0.0012,1.0,0.946
w10s-dlt-cur-s61,w10s-dlt-cur,61,6269952,0.63,1.055,-0.047,0.3747,0.0,0.0,0.0,0.0012,1.0,0.946
w10s-dlt-cur-s61,w10s-dlt-cur,61,6300672,0.53,0.98,-0.034,0.2818,0.0,0.0,0.0,0.0012,1.0,0.945
w10s-dlt-cur-s61,w10s-dlt-cur,61,6331392,0.59,1.033,-0.023,0.323,0.0,0.0,0.0,0.0012,1.0,0.945
w10s-dlt-cur-s61,w10s-dlt-cur,61,6362112,0.64,1.077,-0.012,0.1658,0.0,0.0,0.0,0.0013,1.0,0.945
w10s-dlt-cur-s61,w10s-dlt-cur,61,6392832,0.48,0.972,0.0,0.4658,0.0,0.0,0.0,0.0012,1.0,0.945
w10s-dlt-cur-s61,w10s-dlt-cur,61,6423552,0.52,0.992,0.0,0.1326,0.0,0.0,0.0,0.0012,1.0,0.945
w10s-dlt-cur-s61,w10s-dlt-cur,61,6454272,0.59,1.074,0.0,0.1591,0.0,0.0,0.0,0.0013,1.0,0.945
w10s-dlt-cur-s61,w10s-dlt-cur,61,6484992,0.52,0.983,0.0,0.1886,0.0,0.0,0.0,0.0012,1.0,0.945
w10s-dlt-cur-s61,w10s-dlt-cur,61,6515712,0.61,1.08,0.0,0.418,0.0,0.0,0.0,0.0012,1.0,0.944
w10s-dlt-cur-s61,w10s-dlt-cur,61,6546432,0.64,1.101,0.0,0.2499,0.0,0.0,0.0,0.0012,1.0,0.944
w10s-dlt-cur-s61,w10s-dlt-cur,61,6577152,0.65,1.072,0.0,0.3976,0.0,0.0,0.0,0.0012,1.0,0.944
w10s-dlt-cur-s61,w10s-dlt-cur,61,6607872,0.59,1.048,0.0,0.3398,0.0,0.0,0.0,0.0012,1.0,0.944
w10s-dlt-cur-s61,w10s-dlt-cur,61,6638592,0.56,1.016,0.0,0.2759,0.0,0.0,0.0,0.0011,1.0,0.944
w10s-dlt-cur-s61,w10s-dlt-cur,61,6669312,0.64,1.066,0.0,0.4495,0.0,0.0,0.0,0.0011,1.0,0.944
w10s-dlt-cur-s61,w10s-dlt-cur,61,6700032,0.57,1.051,0.0,0.487,0.0,0.0,0.0,0.0011,1.0,0.944
w10s-dlt-cur-s61,w10s-dlt-cur,61,6730752,0.62,1.024,0.0,0.242,0.0,0.0,0.0,0.0012,1.0,0.943
w10s-dlt-cur-s61,w10s-dlt-cur,61,6761472,0.62,1.031,0.0,0.3465,0.0,0.0,0.0,0.0012,1.0,0.943
w10s-dlt-cur-s61,w10s-dlt-cur,61,6792192,0.49,0.965,0.0,0.4746,0.0,0.0,0.0,0.0011,1.0,0.943
w10s-dlt-cur-s61,w10s-dlt-cur,61,6822912,0.59,1.029,0.0,0.556,0.0,0.0,0.0,0.0012,1.0,0.943
w10s-dlt-cur-s61,w10s-dlt-cur,61,6853632,0.6,1.063,0.0,0.4295,0.0,0.0,0.0,0.0012,1.0,0.943
w10s-dlt-cur-s61,w10s-dlt-cur,61,6884352,0.7,1.098,0.0,0.5989,0.0,0.0,0.0,0.0012,1.0,0.943
w10s-dlt-cur-s61,w10s-dlt-cur,61,6915072,0.62,1.081,0.0,0.5353,0.0,0.0,0.0,0.0013,1.0,0.943
w10s-dlt-cur-s61,w10s-dlt-cur,61,6945792,0.58,1.045,0.0,0.4431,0.0,0.0,0.0,0.0011,1.0,0.943
w10s-dlt-cur-s61,w10s-dlt-cur,61,6976512,0.67,1.108,0.0,0.3048,0.0,0.0,0.0,0.0011,1.0,0.942
w10s-dlt-cur-s61,w10s-dlt-cur,61,7007232,0.62,1.049,0.0,0.4652,0.0,0.0,0.0,0.0012,1.0,0.942
w10s-dlt-cur-s61,w10s-dlt-cur,61,7037952,0.64,1.076,0.0,0.4283,0.0,0.0,0.0,0.0011,1.0,0.942
w10s-dlt-cur-s61,w10s-dlt-cur,61,7068672,0.62,1.061,0.0,0.5668,0.0,0.0,0.0,0.0011,1.0,0.942
w10s-dlt-cur-s61,w10s-dlt-cur,61,7099392,0.62,1.059,0.0,0.5053,0.0,0.0,0.0,0.0012,1.0,0.942
w10s-dlt-cur-s61,w10s-dlt-cur,61,7130112,0.69,1.121,0.0,0.6282,0.0,0.0,0.0,0.0011,1.0,0.942
w10s-dlt-cur-s61,w10s-dlt-cur,61,7160832,0.72,1.121,0.0,0.5283,0.0,0.0,0.0,0.0011,1.0,0.942
w10s-dlt-cur-s61,w10s-dlt-cur,61,7191552,0.62,1.083,0.0,0.6166,0.0,0.0,0.0,0.0011,1.0,0.941
w10s-dlt-cur-s61,w10s-dlt-cur,61,7222272,0.69,1.089,0.0,0.5184,0.0,0.0,0.0,0.0011,1.0,0.941
w10s-dlt-cur-s61,w10s-dlt-cur,61,7252992,0.61,1.058,0.0,0.5561,0.0,0.0,0.0,0.0013,1.0,0.941
w10s-dlt-cur-s61,w10s-dlt-cur,61,7283712,0.58,1.035,0.0,0.7538,0.0,0.0,0.0,0.0012,1.0,0.941
w10s-dlt-cur-s61,w10s-dlt-cur,61,7314432,0.69,1.142,0.0,0.4541,0.0,0.0,0.0,0.0011,1.0,0.941
w10s-dlt-cur-s61,w10s-dlt-cur,61,7345152,0.7,1.156,0.0,0.5438,0.0,0.0,0.0,0.0013,1.0,0.941
w10s-dlt-cur-s61,w10s-dlt-cur,61,7375872,0.63,1.077,0.0,0.5864,0.0,0.0,0.0,0.0012,1.0,0.941
w10s-dlt-cur-s61,w10s-dlt-cur,61,7406592,0.65,1.082,0.0,0.6058,0.0,0.0,0.0,0.0011,1.0,0.941
w10s-dlt-cur-s61,w10s-dlt-cur,61,7437312,0.6,1.07,0.0,0.6312,0.0,0.0,0.0,0.001,1.0,0.94
w10s-dlt-cur-s61,w10s-dlt-cur,61,7468032,0.71,1.12,0.0,0.5699,0.0,0.0,0.0,0.0012,1.0,0.94
w10s-dlt-cur-s61,w10s-dlt-cur,61,7498752,0.73,1.189,0.0,0.5195,0.0,0.0,0.0,0.0012,1.0,0.94
w10s-dlt-cur-s61,w10s-dlt-cur,61,7529472,0.73,1.149,0.0,0.5816,0.0,0.0,0.0,0.0013,1.0,0.94
w10s-dlt-cur-s61,w10s-dlt-cur,61,7560192,0.64,1.078,0.0,0.5969,0.0,0.0,0.0,0.0012,1.0,0.94
w10s-dlt-cur-s61,w10s-dlt-cur,61,7590912,0.79,1.211,0.0,0.5849,0.0,0.0,0.0,0.0011,1.0,0.94
w10s-dlt-cur-s61,w10s-dlt-cur,61,7621632,0.62,1.066,0.0,0.6136,0.0,0.0,0.0,0.0012,1.0,0.94
w10s-dlt-cur-s61,w10s-dlt-cur,61,7652352,0.64,1.068,0.0,0.708,0.0,0.0,0.0,0.0011,1.0,0.939
w10s-dlt-cur-s61,w10s-dlt-cur,61,7683072,0.68,1.125,0.0,0.3616,0.0,0.0,0.0,0.0011,1.0,0.939
w10s-dlt-cur-s61,w10s-dlt-cur,61,7713792,0.7,1.137,0.0,0.6919,0.0,0.0,0.0,0.0012,1.0,0.939
w10s-dlt-cur-s61,w10s-dlt-cur,61,7744512,0.73,1.16,0.0,0.8212,0.0,0.0,0.0,0.0012,1.0,0.939
w10s-dlt-cur-s61,w10s-dlt-cur,61,7775232,0.74,1.142,0.0,0.7087,0.0,0.0,0.0,0.0012,1.0,0.939
w10s-dlt-cur-s61,w10s-dlt-cur,61,7805952,0.67,1.098,0.0,0.7244,0.0,0.0,0.0,0.001,1.0,0.939
w10s-dlt-cur-s61,w10s-dlt-cur,61,7836672,0.7,1.096,0.0,0.7265,0.0,0.0,0.0,0.0011,1.0,0.939
w10s-dlt-cur-s61,w10s-dlt-cur,61,7867392,0.65,1.08,0.0,0.6199,0.0,0.0,0.0,0.0011,1.0,0.938
w10s-dlt-cur-s61,w10s-dlt-cur,61,7898112,0.76,1.183,0.0,0.599,0.0,0.0,0.0,0.0011,1.0,0.938
w10s-dlt-cur-s61,w10s-dlt-cur,61,7928832,0.72,1.133,0.0,0.6214,0.0,0.0,0.0,0.0011,1.0,0.938
w10s-dlt-cur-s61,w10s-dlt-cur,61,7959552,0.61,1.03,0.0,0.5251,0.0,0.0,0.0,0.001,1.0,0.938
w10s-dlt-cur-s61,w10s-dlt-cur,61,7990272,0.7,1.131,0.0,0.733,0.0,0.0,0.0,0.0011,1.0,0.938
w10s-dlt-cur-s61,w10s-dlt-cur,61,8020992,0.67,1.07,0.0,0.6431,0.0,0.0,0.0,0.0011,1.0,0.938
w10s-dlt-cur-s61,w10s-dlt-cur,61,8051712,0.74,1.142,0.0,0.6615,0.0,0.0,0.0,0.0011,1.0,0.938
w10s-dlt-cur-s61,w10s-dlt-cur,61,8082432,0.82,1.215,0.0,0.7025,0.0,0.0,0.0,0.0012,1.0,0.937
w10s-dlt-cur-s61,w10s-dlt-cur,61,8113152,0.69,1.088,0.0,0.7301,0.0,0.0,0.0,0.0011,1.0,0.937
w10s-dlt-cur-s61,w10s-dlt-cur,61,8143872,0.66,1.124,0.0,0.7499,0.0,0.0,0.0,0.001,1.0,0.937
w10s-dlt-cur-s61,w10s-dlt-cur,61,8174592,0.68,1.099,0.0,0.6425,0.0,0.0,0.0,0.0011,1.0,0.937
w10s-dlt-cur-s61,w10s-dlt-cur,61,8205312,0.73,1.154,0.0,0.8285,0.0,0.0,0.0,0.0012,1.0,0.937
w10s-dlt-cur-s61,w10s-dlt-cur,61,8236032,0.82,1.205,0.0,0.6605,0.0,0.0,0.0,0.0012,1.0,0.937
w10s-dlt-cur-s61,w10s-dlt-cur,61,8266752,0.66,1.097,0.0,0.5473,0.0,0.0,0.0,0.0011,1.0,0.937
w10s-dlt-cur-s61,w10s-dlt-cur,61,8297472,0.77,1.19,0.0,0.4518,0.0,0.0,0.0,0.0012,1.0,0.937
w10s-dlt-cur-s61,w10s-dlt-cur,61,8328192,0.74,1.152,0.0,0.6853,0.0,0.0,0.0,0.0012,1.0,0.936
w10s-dlt-cur-s61,w10s-dlt-cur,61,8358912,0.72,1.141,0.0,0.7003,0.0,0.0,0.0,0.0011,1.0,0.936
w10s-dlt-cur-s61,w10s-dlt-cur,61,8389632,0.72,1.141,0.0,0.6477,0.0,0.0,0.0,0.0011,1.0,0.936
w10s-dlt-cur-s61,w10s-dlt-cur,61,8420352,0.73,1.114,0.0,0.8831,0.0,0.0,0.0,0.0011,1.0,0.936
w10s-dlt-cur-s61,w10s-dlt-cur,61,8451072,0.64,1.07,0.0,0.6924,0.0,0.0,0.0,0.0011,1.0,0.936
w10s-dlt-cur-s61,w10s-dlt-cur,61,8481792,0.75,1.15,0.0,0.7421,0.0,0.0,0.0,0.0011,1.0,0.936
w10s-dlt-cur-s61,w10s-dlt-cur,61,8512512,0.74,1.155,0.0,0.7838,0.0,0.0,0.0,0.001,1.0,0.936
w10s-dlt-cur-s61,w10s-dlt-cur,61,8543232,0.78,1.181,0.0,0.6466,0.0,0.0,0.0,0.0011,1.0,0.936
w10s-dlt-cur-s61,w10s-dlt-cur,61,8573952,0.64,1.105,0.0,0.6676,0.0,0.0,0.0,0.001,1.0,0.935
w10s-dlt-cur-s61,w10s-dlt-cur,61,8604672,0.73,1.106,0.0,0.9403,0.0,0.0,0.0,0.0011,1.0,0.935
w10s-dlt-cur-s61,w10s-dlt-cur,61,8635392,0.78,1.177,0.0,0.4869,0.0,0.0,0.0,0.0011,1.0,0.935
w10s-dlt-cur-s61,w10s-dlt-cur,61,8666112,0.72,1.139,0.0,0.6553,0.0,0.0,0.0,0.0011,1.0,0.935
w10s-dlt-cur-s61,w10s-dlt-cur,61,8696832,0.8,1.208,0.0,0.5832,0.0,0.0,0.0,0.0011,1.0,0.935
w10s-dlt-cur-s61,w10s-dlt-cur,61,8727552,0.63,1.05,0.0,0.7383,0.0,0.0,0.0,0.0011,1.0,0.935
w10s-dlt-cur-s61,w10s-dlt-cur,61,8758272,0.69,1.108,0.0,0.7675,0.0,0.0,0.0,0.0011,1.0,0.935
w10s-dlt-cur-s61,w10s-dlt-cur,61,8788992,0.67,1.102,0.0,0.6945,0.0,0.0,0.0,0.001,1.0,0.935
w10s-dlt-cur-s61,w10s-dlt-cur,61,8819712,0.66,1.105,0.0,0.7038,0.0,0.0,0.0,0.0011,1.0,0.935
w10s-dlt-cur-s61,w10s-dlt-cur,61,8850432,0.7,1.141,0.0,0.702,0.0,0.0,0.0,0.0011,1.0,0.934
w10s-dlt-cur-s61,w10s-dlt-cur,61,8881152,0.77,1.152,0.0,0.7498,0.0,0.0,0.0,0.0011,1.0,0.934
w10s-dlt-cur-s61,w10s-dlt-cur,61,8911872,0.64,1.08,0.0,0.9084,0.0,0.0,0.0,0.001,1.0,0.934
w10s-dlt-cur-s61,w10s-dlt-cur,61,8942592,0.69,1.126,0.0,0.8094,0.0,0.0,0.0,0.001,1.0,0.934
w10s-dlt-cur-s61,w10s-dlt-cur,61,8973312,0.75,1.168,0.0,0.7438,0.0,0.0,0.0,0.0011,1.0,0.934
w10s-dlt-cur-s61,w10s-dlt-cur,61,9004032,0.73,1.141,0.0,0.8667,0.0,0.0,0.0,0.0011,1.0,0.934
w10s-dlt-cur-s61,w10s-dlt-cur,61,9034752,0.76,1.192,0.0,0.7938,0.0,0.0,0.0,0.0011,1.0,0.934
w10s-dlt-cur-s61,w10s-dlt-cur,61,9065472,0.75,1.184,0.0,0.7761,0.0,0.0,0.0,0.0011,1.0,0.934
w10s-dlt-cur-s61,w10s-dlt-cur,61,9096192,0.74,1.163,0.0,0.6933,0.0,0.0,0.0,0.0011,1.0,0.934
w10s-dlt-cur-s61,w10s-dlt-cur,61,9126912,0.75,1.15,0.0,0.7891,0.0,0.0,0.0,0.0011,1.0,0.933
w10s-dlt-cur-s61,w10s-dlt-cur,61,9157632,0.74,1.161,0.0,0.792,0.0,0.0,0.0,0.0012,1.0,0.933
w10s-dlt-cur-s61,w10s-dlt-cur,61,9188352,0.73,1.147,0.0,0.9209,0.0,0.0,0.0,0.001,1.0,0.933
w10s-dlt-cur-s61,w10s-dlt-cur,61,9219072,0.74,1.163,0.0,0.8381,0.0,0.0,0.0,0.0012,1.0,0.933
w10s-dlt-cur-s61,w10s-dlt-cur,61,9249792,0.77,1.185,0.0,0.626,0.0,0.0,0.0,0.001,1.0,0.933
w10s-dlt-cur-s61,w10s-dlt-cur,61,9280512,0.73,1.152,0.0,0.9385,0.0,0.0,0.0,0.0011,1.0,0.933
w10s-dlt-cur-s61,w10s-dlt-cur,61,9311232,0.78,1.18,0.0,0.8676,0.0,0.0,0.0,0.0011,1.0,0.933
w10s-dlt-cur-s61,w10s-dlt-cur,61,9341952,0.83,1.254,0.0,0.8974,0.0,0.0,0.0,0.0011,1.0,0.933
w10s-dlt-cur-s61,w10s-dlt-cur,61,9372672,0.8,1.23,0.0,0.8799,0.0,0.0,0.0,0.0012,1.0,0.933
w10s-dlt-cur-s61,w10s-dlt-cur,61,9403392,0.68,1.084,0.0,0.616,0.0,0.0,0.0,0.001,1.0,0.933
w10s-dlt-cur-s61,w10s-dlt-cur,61,9434112,0.77,1.178,0.0,0.6314,0.0,0.0,0.0,0.0011,1.0,0.932
w10s-dlt-cur-s61,w10s-dlt-cur,61,9464832,0.74,1.149,0.0,0.8487,0.0,0.0,0.0,0.0011,1.0,0.932
w10s-dlt-cur-s61,w10s-dlt-cur,61,9495552,0.7,1.135,0.0,0.854,0.0,0.0,0.0,0.001,1.0,0.932
w10s-dlt-cur-s61,w10s-dlt-cur,61,9526272,0.71,1.138,0.0,0.8006,0.0,0.0,0.0,0.001,1.0,0.932
w10s-dlt-cur-s61,w10s-dlt-cur,61,9556992,0.74,1.158,0.0,0.7735,0.0,0.0,0.0,0.0012,1.0,0.932
w10s-dlt-cur-s61,w10s-dlt-cur,61,9587712,0.82,1.225,0.0,1.0244,0.0,0.0,0.0,0.001,1.0,0.932
w10s-dlt-cur-s61,w10s-dlt-cur,61,9618432,0.74,1.157,0.0,0.8598,0.0,0.0,0.0,0.0011,1.0,0.932
w10s-dlt-cur-s61,w10s-dlt-cur,61,9649152,0.8,1.198,0.0,0.9022,0.0,0.0,0.0,0.001,1.0,0.932
w10s-dlt-cur-s61,w10s-dlt-cur,61,9679872,0.85,1.213,0.0,0.8577,0.0,0.0,0.0,0.001,1.0,0.932
w10s-dlt-cur-s61,w10s-dlt-cur,61,9710592,0.86,1.253,0.0,0.9186,0.0,0.0,0.0,0.0011,1.0,0.931
w10s-dlt-cur-s61,w10s-dlt-cur,61,9741312,0.74,1.166,0.0,0.9812,0.0,0.0,0.0,0.0011,1.0,0.931
w10s-dlt-cur-s61,w10s-dlt-cur,61,9772032,0.74,1.156,0.0,0.7861,0.0,0.0,0.0,0.001,1.0,0.931
w10s-dlt-cur-s61,w10s-dlt-cur,61,9802752,0.72,1.155,0.0,0.6876,0.0,0.0,0.0,0.001,1.0,0.931
w10s-dlt-cur-s61,w10s-dlt-cur,61,9833472,0.74,1.145,0.0,0.8486,0.0,0.0,0.0,0.001,1.0,0.931
w10s-dlt-cur-s61,w10s-dlt-cur,61,9864192,0.77,1.183,0.0,0.7659,0.0,0.0,0.0,0.001,1.0,0.931
w10s-dlt-cur-s61,w10s-dlt-cur,61,9894912,0.77,1.203,0.0,0.8795,0.0,0.0,0.0,0.001,1.0,0.931
w10s-dlt-cur-s61,w10s-dlt-cur,61,9925632,0.86,1.267,0.0,0.8457,0.0,0.0,0.0,0.0011,1.0,0.931
w10s-dlt-cur-s61,w10s-dlt-cur,61,9956352,0.75,1.208,0.0,0.6144,0.0,0.0,0.0,0.001,1.0,0.931
w10s-dlt-cur-s61,w10s-dlt-cur,61,9987072,0.76,1.182,0.0,0.7127,0.0,0.0,0.0,0.001,1.0,0.93
w10s-dlt-cur-s61,w10s-dlt-cur,61,10017792,0.74,1.189,0.0,0.8252,0.0,0.0,0.0,0.0011,1.0,0.93
w10s-dlt-cur-s61,w10s-dlt-cur,61,10048512,0.73,1.148,0.0,0.7384,0.0,0.0,0.0,0.0011,1.0,0.93
w10s-dlt-cur-s61,w10s-dlt-cur,61,10079232,0.75,1.197,0.0,0.8992,0.0,0.0,0.0,0.001,1.0,0.93
w10s-dlt-cur-s61,w10s-dlt-cur,61,10109952,0.73,1.126,0.0,0.7881,0.0,0.0,0.0,0.001,1.0,0.93
w10s-dlt-cur-s61,w10s-dlt-cur,61,10140672,0.74,1.187,0.0,0.7642,0.0,0.0,0.0,0.0011,1.0,0.93
w10s-dlt-cur-s61,w10s-dlt-cur,61,10171392,0.73,1.168,0.0,0.7131,0.0,0.0,0.0,0.0011,1.0,0.93
w10s-dlt-cur-s61,w10s-dlt-cur,61,10202112,0.81,1.221,0.0,0.6013,0.0,0.0,0.0,0.0011,1.0,0.93
w10s-dlt-cur-s61,w10s-dlt-cur,61,10232832,0.76,1.187,0.0,0.6887,0.0,0.0,0.0,0.001,1.0,0.93
w10s-dlt-cur-s61,w10s-dlt-cur,61,10263552,0.76,1.183,0.0,0.8609,0.0,0.0,0.0,0.0011,1.0,0.93
w10s-dlt-cur-s61,w10s-dlt-cur,61,10294272,0.67,1.106,0.0,0.8469,0.0,0.0,0.0,0.001,1.0,0.93
w10s-dlt-cur-s61,w10s-dlt-cur,61,10324992,0.79,1.22,0.0,0.9592,0.0,0.0,0.0,0.001,1.0,0.929
w10s-dlt-cur-s61,w10s-dlt-cur,61,10355712,0.68,1.118,0.0,0.9145,0.0,0.0,0.0,0.0011,1.0,0.929
w10s-dlt-cur-s61,w10s-dlt-cur,61,10386432,0.83,1.237,0.0,0.9718,0.0,0.0,0.0,0.0011,1.0,0.929
w10s-dlt-cur-s61,w10s-dlt-cur,61,10417152,0.74,1.149,0.0,0.8673,0.0,0.0,0.0,0.0011,1.0,0.929
w10s-dlt-cur-s61,w10s-dlt-cur,61,10447872,0.83,1.26,0.0,0.6895,0.0,0.0,0.0,0.001,1.0,0.929
w10s-dlt-cur-s61,w10s-dlt-cur,61,10478592,0.79,1.229,0.0,0.9072,0.0,0.0,0.0,0.0011,1.0,0.929
w10s-dlt-cur-s61,w10s-dlt-cur,61,10509312,0.82,1.226,0.0,0.7358,0.0,0.0,0.0,0.001,1.0,0.929
w10s-dlt-cur-s61,w10s-dlt-cur,61,10540032,0.8,1.208,0.0,0.9896,0.0,0.0,0.0,0.0011,1.0,0.929
w10s-dlt-cur-s61,w10s-dlt-cur,61,10570752,0.81,1.254,0.0,0.9772,0.0,0.0,0.0,0.0011,1.0,0.929
w10s-dlt-cur-s61,w10s-dlt-cur,61,10601472,0.76,1.191,0.0,0.5946,0.0,0.0,0.0,0.001,1.0,0.929
w10s-dlt-cur-s61,w10s-dlt-cur,61,10632192,0.75,1.151,0.0,0.9099,0.0,0.0,0.0,0.001,1.0,0.929
w10s-dlt-cur-s61,w10s-dlt-cur,61,10662912,0.71,1.169,0.0,0.6829,0.0,0.0,0.0,0.0011,1.0,0.928
w10s-dlt-cur-s61,w10s-dlt-cur,61,10693632,0.8,1.248,0.0,0.894,0.0,0.0,0.0,0.0011,1.0,0.928
w10s-dlt-cur-s61,w10s-dlt-cur,61,10724352,0.82,1.25,0.0,0.8447,0.0,0.0,0.0,0.001,1.0,0.928
w10s-dlt-cur-s61,w10s-dlt-cur,61,10755072,0.76,1.215,0.0,0.9572,0.0,0.0,0.0,0.0011,1.0,0.928
w10s-dlt-cur-s61,w10s-dlt-cur,61,10785792,0.79,1.207,0.0,1.0242,0.0,0.0,0.0,0.0011,1.0,0.928
w10s-dlt-cur-s61,w10s-dlt-cur,61,10816512,0.77,1.208,0.0,0.9218,0.0,0.0,0.0,0.0011,1.0,0.928
w10s-dlt-cur-s61,w10s-dlt-cur,61,10847232,0.79,1.222,0.0,0.9266,0.0,0.0,0.0,0.001,1.0,0.928
w10s-dlt-cur-s61,w10s-dlt-cur,61,10877952,0.75,1.204,0.0,0.731,0.0,0.0,0.0,0.001,1.0,0.928
w10s-dlt-cur-s61,w10s-dlt-cur,61,10908672,0.82,1.231,0.0,0.8071,0.0,0.0,0.0,0.001,1.0,0.928
w10s-dlt-cur-s61,w10s-dlt-cur,61,10939392,0.85,1.265,0.0,0.8349,0.0,0.0,0.0,0.001,1.0,0.928
w10s-dlt-cur-s61,w10s-dlt-cur,61,10970112,0.76,1.191,0.0,0.9348,0.0,0.0,0.0,0.001,1.0,0.928
w10s-dlt-cur-s61,w10s-dlt-cur,61,11000832,0.77,1.197,0.0,0.974,0.0,0.0,0.0,0.001,1.0,0.927
w10s-dlt-cur-s61,w10s-dlt-cur,61,11031552,0.81,1.21,0.0,0.8224,0.0,0.0,0.0,0.001,1.0,0.927
w10s-dlt-cur-s61,w10s-dlt-cur,61,11062272,0.85,1.28,0.0,0.8127,0.0,0.0,0.0,0.001,1.0,0.927
w10s-dlt-cur-s61,w10s-dlt-cur,61,11092992,0.82,1.247,0.0,0.8649,0.0,0.0,0.0,0.001,1.0,0.927
w10s-dlt-cur-s61,w10s-dlt-cur,61,11123712,0.8,1.22,0.0,0.7144,0.0,0.0,0.0,0.001,1.0,0.927
w10s-dlt-cur-s61,w10s-dlt-cur,61,11154432,0.83,1.242,0.0,0.9239,0.0,0.0,0.0,0.0011,1.0,0.927
w10s-dlt-cur-s61,w10s-dlt-cur,61,11185152,0.76,1.185,0.0,0.8547,0.0,0.0,0.0,0.001,1.0,0.927
w10s-dlt-cur-s61,w10s-dlt-cur,61,11215872,0.75,1.173,0.0,0.8006,0.0,0.0,0.0,0.001,1.0,0.927
w10s-dlt-cur-s61,w10s-dlt-cur,61,11246592,0.79,1.218,0.0,1.0637,0.0,0.0,0.0,0.0011,1.0,0.927
w10s-dlt-cur-s61,w10s-dlt-cur,61,11277312,0.83,1.255,0.0,0.89,0.0,0.0,0.0,0.001,1.0,0.927
w10s-dlt-cur-s61,w10s-dlt-cur,61,11308032,0.78,1.22,0.0,0.9038,0.0,0.0,0.0,0.001,1.0,0.927
w10s-dlt-cur-s61,w10s-dlt-cur,61,11338752,0.82,1.242,0.0,0.7926,0.0,0.0,0.0,0.001,1.0,0.926
w10s-dlt-cur-s61,w10s-dlt-cur,61,11369472,0.7,1.15,0.0,0.801,0.0,0.0,0.0,0.001,1.0,0.926
w10s-dlt-cur-s61,w10s-dlt-cur,61,11400192,0.77,1.18,0.0,0.8473,0.0,0.0,0.0,0.0011,1.0,0.926
w10s-dlt-cur-s61,w10s-dlt-cur,61,11430912,0.8,1.221,0.0,0.8119,0.0,0.0,0.0,0.0011,1.0,0.926
w10s-dlt-cur-s61,w10s-dlt-cur,61,11461632,0.81,1.255,0.0,0.8605,0.0,0.0,0.0,0.001,1.0,0.926
w10s-dlt-cur-s61,w10s-dlt-cur,61,11492352,0.74,1.165,0.0,0.8426,0.0,0.0,0.0,0.001,1.0,0.926
w10s-dlt-cur-s61,w10s-dlt-cur,61,11523072,0.83,1.254,0.0,0.7414,0.0,0.0,0.0,0.001,1.0,0.926
w10s-dlt-cur-s61,w10s-dlt-cur,61,11553792,0.74,1.17,0.0,0.9844,0.0,0.0,0.0,0.001,1.0,0.926
w10s-dlt-cur-s61,w10s-dlt-cur,61,11584512,0.8,1.223,0.0,0.8585,0.0,0.0,0.0,0.001,1.0,0.926
w10s-dlt-cur-s61,w10s-dlt-cur,61,11615232,0.83,1.26,0.0,0.7613,0.0,0.0,0.0,0.0011,1.0,0.926
w10s-dlt-cur-s61,w10s-dlt-cur,61,11645952,0.74,1.198,0.0,0.8456,0.0,0.0,0.0,0.0011,1.0,0.926
w10s-dlt-cur-s61,w10s-dlt-cur,61,11676672,0.84,1.252,0.0,0.8955,0.0,0.0,0.0,0.0011,1.0,0.925
w10s-dlt-cur-s61,w10s-dlt-cur,61,11707392,0.81,1.234,0.0,0.9546,0.0,0.0,0.0,0.001,1.0,0.925
w10s-dlt-cur-s61,w10s-dlt-cur,61,11738112,0.74,1.182,0.0,0.8351,0.0,0.0,0.0,0.001,1.0,0.925
w10s-dlt-cur-s61,w10s-dlt-cur,61,11768832,0.72,1.162,0.0,0.7805,0.0,0.0,0.0,0.001,1.0,0.925
w10s-dlt-cur-s61,w10s-dlt-cur,61,11799552,0.86,1.263,0.0,0.9362,0.0,0.0,0.0,0.0011,1.0,0.925
w10s-dlt-cur-s61,w10s-dlt-cur,61,11830272,0.87,1.257,0.0,0.8681,0.0,0.0,0.0,0.0011,1.0,0.925
w10s-dlt-cur-s61,w10s-dlt-cur,61,11860992,0.73,1.174,0.0,0.8333,0.0,0.0,0.0,0.0011,1.0,0.925
w10s-dlt-cur-s61,w10s-dlt-cur,61,11891712,0.87,1.293,0.0,1.0089,0.0,0.0,0.0,0.001,1.0,0.925
w10s-dlt-cur-s61,w10s-dlt-cur,61,11922432,0.84,1.231,0.0,0.7848,0.0,0.0,0.0,0.001,1.0,0.925
w10s-dlt-cur-s61,w10s-dlt-cur,61,11953152,0.79,1.221,0.0,0.9447,0.0,0.0,0.0,0.001,1.0,0.925
w10s-dlt-cur-s61,w10s-dlt-cur,61,11983872,0.79,1.215,0.0,0.9587,0.0,0.0,0.0,0.001,1.0,0.925
w10s-dlt-cur-s61,w10s-dlt-cur,61,12014592,0.79,1.19,0.0,0.8973,0.0,0.0,0.0,0.001,1.0,0.925
w10s-dlt-cur-s61,w10s-dlt-cur,61,12045312,0.81,1.233,0.0,0.9404,0.0,0.0,0.0,0.001,1.0,0.925
w10s-dlt-cur-s61,w10s-dlt-cur,61,12076032,0.73,1.177,0.0,0.9029,0.0,0.0,0.0,0.0009,1.0,0.924
w10s-dlt-cur-s61,w10s-dlt-cur,61,12106752,0.8,1.213,0.0,1.0179,0.0,0.0,0.0,0.001,1.0,0.924
w10s-dlt-cur-s61,w10s-dlt-cur,61,12137472,0.76,1.173,0.0,0.9743,0.0,0.0,0.0,0.001,1.0,0.924
w10s-dlt-cur-s61,w10s-dlt-cur,61,12168192,0.82,1.232,0.0,0.8864,0.0,0.0,0.0,0.001,1.0,0.924
w10s-dlt-cur-s61,w10s-dlt-cur,61,12198912,0.78,1.211,0.0,0.9287,0.0,0.0,0.0,0.001,1.0,0.924
w10s-dlt-cur-s61,w10s-dlt-cur,61,12229632,0.81,1.225,0.0,1.0898,0.0,0.0,0.0,0.001,1.0,0.924
w10s-dlt-cur-s61,w10s-dlt-cur,61,12260352,0.84,1.271,0.0,0.866,0.0,0.0,0.0,0.001,1.0,0.924
w10s-dlt-cur-s61,w10s-dlt-cur,61,12291072,0.85,1.265,0.0,0.998,0.0,0.0,0.0,0.001,1.0,0.924
w10s-dlt-cur-s61,w10s-dlt-cur,61,12321792,0.86,1.291,0.0,0.9917,0.0,0.0,0.0,0.001,1.0,0.924
w10s-dlt-cur-s61,w10s-dlt-cur,61,12352512,0.83,1.262,0.0,0.9717,0.0,0.0,0.0,0.001,1.0,0.924
w10s-dlt-cur-s61,w10s-dlt-cur,61,12383232,0.8,1.232,0.0,1.0466,0.0,0.0,0.0,0.001,1.0,0.924
w10s-dlt-cur-s61,w10s-dlt-cur,61,12413952,0.77,1.193,0.0,0.7545,0.0,0.0,0.0,0.001,1.0,0.924
w10s-dlt-cur-s61,w10s-dlt-cur,61,12444672,0.86,1.275,0.0,1.0321,0.0,0.0,0.0,0.001,1.0,0.924
w10s-dlt-cur-s61,w10s-dlt-cur,61,12475392,0.79,1.219,0.0,1.0077,0.0,0.0,0.0,0.001,1.0,0.923
w10s-dlt-cur-s61,w10s-dlt-cur,61,12506112,0.75,1.205,0.0,1.0115,0.0,0.0,0.0,0.001,1.0,0.923
w10s-dlt-cur-s61,w10s-dlt-cur,61,12536832,0.78,1.182,0.0,1.0178,0.0,0.0,0.0,0.0009,1.0,0.923
w10s-dlt-cur-s61,w10s-dlt-cur,61,12567552,0.76,1.194,0.0,0.8698,0.0,0.0,0.0,0.0009,1.0,0.923
w10s-dlt-cur-s61,w10s-dlt-cur,61,12598272,0.79,1.225,0.0,0.8579,0.0,0.0,0.0,0.001,1.0,0.923
w10s-dlt-cur-s61,w10s-dlt-cur,61,12628992,0.9,1.313,0.0,0.8689,0.0,0.0,0.0,0.0011,1.0,0.923
w10s-dlt-cur-s61,w10s-dlt-cur,61,12659712,0.82,1.244,0.0,0.6894,0.0,0.0,0.0,0.001,1.0,0.923
w10s-dlt-cur-s61,w10s-dlt-cur,61,12690432,0.75,1.158,0.0,0.8859,0.0,0.0,0.0,0.001,1.0,0.923
w10s-dlt-cur-s61,w10s-dlt-cur,61,12721152,0.76,1.179,0.0,0.7907,0.0,0.0,0.0,0.001,1.0,0.923
w10s-dlt-cur-s61,w10s-dlt-cur,61,12751872,0.88,1.299,0.0,0.9608,0.0,0.0,0.0,0.001,1.0,0.923
w10s-dlt-cur-s61,w10s-dlt-cur,61,12782592,0.9,1.317,0.0,0.9027,0.0,0.0,0.0,0.0009,1.0,0.923
w10s-dlt-cur-s61,w10s-dlt-cur,61,12813312,0.82,1.228,0.0,0.9604,0.0,0.0,0.0,0.001,1.0,0.923
w10s-dlt-cur-s61,w10s-dlt-cur,61,12844032,0.86,1.279,0.0,0.9258,0.0,0.0,0.0,0.0009,1.0,0.923
w10s-dlt-cur-s61,w10s-dlt-cur,61,12874752,0.83,1.234,0.0,0.8992,0.0,0.0,0.0,0.001,1.0,0.922
w10s-dlt-cur-s61,w10s-dlt-cur,61,12905472,0.77,1.213,0.0,0.8646,0.0,0.0,0.0,0.0009,1.0,0.922
w10s-dlt-cur-s61,w10s-dlt-cur,61,12936192,0.85,1.266,0.0,1.0394,0.0,0.0,0.0,0.001,1.0,0.922
w10s-dlt-cur-s61,w10s-dlt-cur,61,12966912,0.81,1.229,0.0,0.9021,0.0,0.0,0.0,0.001,1.0,0.922
w10s-dlt-cur-s61,w10s-dlt-cur,61,12997632,0.84,1.268,0.0,1.013,0.0,0.0,0.0,0.0009,1.0,0.922
w10s-dlt-cur-s61,w10s-dlt-cur,61,13028352,0.85,1.285,0.0,1.0538,0.0,0.0,0.0,0.001,1.0,0.922
w10s-dlt-cur-s61,w10s-dlt-cur,61,13059072,0.81,1.237,0.0,0.8279,0.0,0.0,0.0,0.001,1.0,0.922
w10s-dlt-cur-s61,w10s-dlt-cur,61,13089792,0.82,1.253,0.0,0.8218,0.0,0.0,0.0,0.001,1.0,0.922
w10s-dlt-cur-s61,w10s-dlt-cur,61,13120512,0.79,1.209,0.0,0.9414,0.0,0.0,0.0,0.0011,1.0,0.922
w10s-dlt-cur-s61,w10s-dlt-cur,61,13151232,0.88,1.301,0.0,1.0149,0.0,0.0,0.0,0.001,1.0,0.922
w10s-dlt-cur-s61,w10s-dlt-cur,61,13181952,0.86,1.255,0.0,0.9706,0.0,0.0,0.0,0.001,1.0,0.922
w10s-dlt-cur-s61,w10s-dlt-cur,61,13212672,0.81,1.242,0.0,0.9175,0.0,0.0,0.0,0.001,1.0,0.922
w10s-dlt-cur-s61,w10s-dlt-cur,61,13243392,0.82,1.26,0.0,1.0898,0.0,0.0,0.0,0.0009,1.0,0.922
w10s-dlt-cur-s61,w10s-dlt-cur,61,13274112,0.79,1.214,0.0,0.8782,0.0,0.0,0.0,0.001,1.0,0.922
w10s-dlt-cur-s61,w10s-dlt-cur,61,13304832,0.84,1.27,0.0,0.8559,0.0,0.0,0.0,0.0009,1.0,0.922
w10s-dlt-cur-s61,w10s-dlt-cur,61,13335552,0.86,1.27,0.0,1.0889,0.0,0.0,0.0,0.001,1.0,0.921
w10s-dlt-cur-s61,w10s-dlt-cur,61,13366272,0.8,1.238,0.0,1.1063,0.0,0.0,0.0,0.0009,1.0,0.921
w10s-dlt-cur-s61,w10s-dlt-cur,61,13396992,0.76,1.23,0.0,1.0731,0.0,0.0,0.0,0.001,1.0,0.921
w10s-dlt-cur-s61,w10s-dlt-cur,61,13427712,0.79,1.211,0.0,0.905,0.0,0.0,0.0,0.0009,1.0,0.921
w10s-dlt-cur-s61,w10s-dlt-cur,61,13458432,0.85,1.263,0.0,0.9213,0.0,0.0,0.0,0.0009,1.0,0.921
w10s-dlt-cur-s61,w10s-dlt-cur,61,13489152,0.84,1.245,0.0,0.8198,0.0,0.0,0.0,0.0009,1.0,0.921
w10s-dlt-cur-s61,w10s-dlt-cur,61,13519872,0.82,1.232,0.0,0.8986,0.0,0.0,0.0,0.0009,1.0,0.921
w10s-dlt-cur-s61,w10s-dlt-cur,61,13550592,0.82,1.263,0.0,0.9088,0.0,0.0,0.0,0.001,1.0,0.921
w10s-dlt-cur-s61,w10s-dlt-cur,61,13581312,0.78,1.217,0.0,1.0205,0.0,0.0,0.0,0.001,1.0,0.921
w10s-dlt-cur-s61,w10s-dlt-cur,61,13612032,0.86,1.26,0.0,0.8901,0.0,0.0,0.0,0.0009,1.0,0.921
w10s-dlt-cur-s61,w10s-dlt-cur,61,13642752,0.92,1.321,0.0,1.1655,0.0,0.0,0.0,0.001,1.0,0.921
w10s-dlt-cur-s61,w10s-dlt-cur,61,13673472,0.87,1.286,0.0,0.976,0.0,0.0,0.0,0.001,1.0,0.921
w10s-dlt-cur-s61,w10s-dlt-cur,61,13704192,0.9,1.32,0.0,1.0148,0.0,0.0,0.0,0.001,1.0,0.921
w10s-dlt-cur-s61,w10s-dlt-cur,61,13734912,0.84,1.24,0.0,0.9977,0.0,0.0,0.0,0.001,1.0,0.921
w10s-dlt-cur-s61,w10s-dlt-cur,61,13765632,0.85,1.261,0.0,0.9327,0.0,0.0,0.0,0.0009,1.0,0.92
w10s-dlt-cur-s61,w10s-dlt-cur,61,13796352,0.8,1.229,0.0,0.9575,0.0,0.0,0.0,0.001,1.0,0.92
w10s-dlt-cur-s61,w10s-dlt-cur,61,13827072,0.85,1.267,0.0,0.9646,0.0,0.0,0.0,0.0009,1.0,0.92
w10s-dlt-cur-s61,w10s-dlt-cur,61,13857792,0.9,1.312,0.0,0.9338,0.0,0.0,0.0,0.001,1.0,0.92
w10s-dlt-cur-s61,w10s-dlt-cur,61,13888512,0.81,1.236,0.0,1.0362,0.0,0.0,0.0,0.001,1.0,0.92
w10s-dlt-cur-s61,w10s-dlt-cur,61,13919232,0.8,1.226,0.0,0.9399,0.0,0.0,0.0,0.0009,1.0,0.92
w10s-dlt-cur-s61,w10s-dlt-cur,61,13949952,0.82,1.254,0.0,1.1314,0.0,0.0,0.0,0.001,1.0,0.92
w10s-dlt-cur-s61,w10s-dlt-cur,61,13980672,0.88,1.311,0.0,0.9192,0.0,0.0,0.0,0.0009,1.0,0.92
w10s-dlt-cur-s61,w10s-dlt-cur,61,14011392,0.93,1.332,0.0,1.1189,0.0,0.0,0.0,0.001,1.0,0.92
w10s-dlt-cur-s61,w10s-dlt-cur,61,14042112,0.79,1.219,0.0,1.1284,0.0,0.0,0.0,0.001,1.0,0.92
w10s-dlt-cur-s61,w10s-dlt-cur,61,14072832,0.88,1.333,0.0,1.043,0.0,0.0,0.0,0.001,1.0,0.92
w10s-dlt-cur-s61,w10s-dlt-cur,61,14103552,0.88,1.301,0.0,0.9487,0.0,0.0,0.0,0.001,1.0,0.92
w10s-dlt-cur-s61,w10s-dlt-cur,61,14134272,0.93,1.318,0.0,0.9258,0.0,0.0,0.0,0.0009,1.0,0.92
w10s-dlt-cur-s61,w10s-dlt-cur,61,14164992,0.85,1.258,0.0,1.0025,0.0,0.0,0.0,0.0009,1.0,0.92
w10s-dlt-cur-s61,w10s-dlt-cur,61,14195712,0.88,1.289,0.0,1.0368,0.0,0.0,0.0,0.001,1.0,0.92
w10s-dlt-cur-s61,w10s-dlt-cur,61,14226432,0.8,1.236,0.0,1.0782,0.0,0.0,0.0,0.0009,1.0,0.919
w10s-dlt-cur-s61,w10s-dlt-cur,61,14257152,0.84,1.265,0.0,1.0663,0.0,0.0,0.0,0.0009,1.0,0.919
w10s-dlt-cur-s61,w10s-dlt-cur,61,14287872,0.78,1.219,0.0,0.98,0.0,0.0,0.0,0.001,1.0,0.919
w10s-dlt-cur-s61,w10s-dlt-cur,61,14318592,0.85,1.288,0.0,1.088,0.0,0.0,0.0,0.0009,1.0,0.919
w10s-dlt-cur-s61,w10s-dlt-cur,61,14349312,0.83,1.29,0.0,1.0424,0.0,0.0,0.0,0.0009,1.0,0.919
w10s-dlt-cur-s61,w10s-dlt-cur,61,14380032,0.81,1.25,0.0,1.0523,0.0,0.0,0.0,0.0009,1.0,0.919
w10s-dlt-cur-s61,w10s-dlt-cur,61,14410752,0.81,1.224,0.0,1.0518,0.0,0.0,0.0,0.0009,1.0,0.919
w10s-dlt-cur-s61,w10s-dlt-cur,61,14441472,0.8,1.223,0.0,1.0496,0.0,0.0,0.0,0.0009,1.0,0.919
w10s-dlt-cur-s61,w10s-dlt-cur,61,14472192,0.79,1.239,0.0,0.988,0.0,0.0,0.0,0.001,1.0,0.919
w10s-dlt-cur-s61,w10s-dlt-cur,61,14502912,0.88,1.299,0.0,0.8646,0.0,0.0,0.0,0.0008,1.0,0.919
w10s-dlt-cur-s61,w10s-dlt-cur,61,14533632,0.89,1.323,0.0,1.111,0.0,0.0,0.0,0.0009,1.0,0.919
w10s-dlt-cur-s61,w10s-dlt-cur,61,14564352,0.8,1.237,0.0,0.935,0.0,0.0,0.0,0.0009,1.0,0.919
w10s-dlt-cur-s61,w10s-dlt-cur,61,14595072,0.84,1.26,0.0,0.9787,0.0,0.0,0.0,0.0009,1.0,0.919
w10s-dlt-cur-s61,w10s-dlt-cur,61,14625792,0.87,1.311,0.0,1.0563,0.0,0.0,0.0,0.0009,1.0,0.918
w10s-dlt-cur-s61,w10s-dlt-cur,61,14656512,0.85,1.261,0.0,0.9114,0.0,0.0,0.0,0.0009,1.0,0.918
w10s-dlt-cur-s61,w10s-dlt-cur,61,14687232,0.87,1.274,0.0,1.0862,0.0,0.0,0.0,0.001,1.0,0.918
w10s-dlt-cur-s61,w10s-dlt-cur,61,14717952,0.88,1.292,0.0,1.0924,0.0,0.0,0.0,0.0008,1.0,0.918
w10s-dlt-cur-s61,w10s-dlt-cur,61,14748672,0.84,1.229,0.0,1.1008,0.0,0.0,0.0,0.0009,1.0,0.918
w10s-dlt-cur-s61,w10s-dlt-cur,61,14779392,0.83,1.267,0.0,1.0966,0.0,0.0,0.0,0.0009,1.0,0.918
w10s-dlt-cur-s61,w10s-dlt-cur,61,14810112,0.85,1.283,0.0,1.1582,0.0,0.0,0.0,0.0009,1.0,0.918
w10s-dlt-cur-s61,w10s-dlt-cur,61,14840832,0.91,1.316,0.0,1.1091,0.0,0.0,0.0,0.0009,1.0,0.918
w10s-dlt-cur-s61,w10s-dlt-cur,61,14871552,0.82,1.244,0.0,1.1287,0.0,0.0,0.0,0.001,1.0,0.918
w10s-dlt-cur-s61,w10s-dlt-cur,61,14902272,0.88,1.323,0.0,0.9785,0.0,0.0,0.0,0.0009,1.0,0.918
w10s-dlt-cur-s61,w10s-dlt-cur,61,14932992,0.84,1.264,0.0,1.1724,0.0,0.0,0.0,0.0009,1.0,0.918
w10s-dlt-cur-s61,w10s-dlt-cur,61,14963712,0.86,1.317,0.0,1.0511,0.0,0.0,0.0,0.0009,1.0,0.918
w10s-dlt-cur-s61,w10s-dlt-cur,61,14994432,0.84,1.266,0.0,1.1318,0.0,0.0,0.0,0.0008,1.0,0.918
w10s-dlt-cur-s61,w10s-dlt-cur,61,14997504,0.89,1.313,0.0,1.1258,0.0,0.0,0.0,0.0009,1.0,0.918
