run,arm,seed,step,train_win_rate,difficulty
sw1-lr1e4-ent0003-on,sw1-lr1e4-ent0003-on,27,3072,0.01,-1.0
sw1-lr1e4-ent0003-on,sw1-lr1e4-ent0003-on,27,33792,0.01,-1.0
sw1-lr1e4-ent0003-on,sw1-lr1e4-ent0003-on,27,64512,0.04,-1.0
sw1-lr1e4-ent0003-on,sw1-lr1e4-ent0003-on,27,95232,0.02,-1.0
sw1-lr1e4-ent0003-on,sw1-lr1e4-ent0003-on,27,125952,0.02,-1.0
sw1-lr1e4-ent0003-on,sw1-lr1e4-ent0003-on,27,156672,0.01,-1.0
sw1-lr1e4-ent0003-on,sw1-lr1e4-ent0003-on,27,187392,0.01,-1.0
sw1-lr1e4-ent0003-on,sw1-lr1e4-ent0003-on,27,218112,0.02,-1.0
sw1-lr1e4-ent0003-on,sw1-lr1e4-ent0003-on,27,248832,0.03,-1.0
sw1-lr1e4-ent0003-on,sw1-lr1e4-ent0003-on,27,279552,0.04,-1.0
sw1-lr1e4-ent0003-on,sw1-lr1e4-ent0003-on,27,310272,0.01,-1.0
sw1-lr1e4-ent0003-on,sw1-lr1e4-ent0003-on,27,340992,0.03,-1.0
sw1-lr1e4-ent0003-on,sw1-lr1e4-ent0003-on,27,371712,0.05,-1.0
sw1-lr1e4-ent0003-on,sw1-lr1e4-ent0003-on,27,402432,0.03,-1.0
sw1-lr1e4-ent0003-on,sw1-lr1e4-ent0003-on,27,433152,0.04,-1.0
sw1-lr1e4-ent0003-on,sw1-lr1e4-ent0003-on,27,463872,0.06,-1.0
sw1-lr1e4-ent0003-on,sw1-lr1e4-ent0003-on,27,494592,0.03,-1.0
sw1-lr1e4-ent0003-on,sw1-lr1e4-ent0003-on,27,525312,0.05,-1.0
sw1-lr1e4-ent0003-on,sw1-lr1e4-ent0003-on,27,556032,0.06,-1.0
sw1-lr1e4-ent0003-on,sw1-lr1e4-ent0003-on,27,586752,0.02,-1.0
sw1-lr1e4-ent0003-on,sw1-lr1e4-ent0003-on,27,617472,0.05,-1.0
sw1-lr1e4-ent0003-on,sw1-lr1e4-ent0003-on,27,648192,0.03,-1.0
sw1-lr1e4-ent0003-on,sw1-lr1e4-ent0003-on,27,678912,0.02,-1.0
sw1-lr1e4-ent0003-on,sw1-lr1e4-ent0003-on,27,709632,0.04,-1.0
sw1-lr1e4-ent0003-on,sw1-lr1e4-ent0003-on,27,740352,0.05,-1.0
sw1-lr1e4-ent0003-on,sw1-lr1e4-ent0003-on,27,771072,0.03,-1.0
sw1-lr1e4-ent0003-on,sw1-lr1e4-ent0003-on,27,801792,0.02,-1.0
sw1-lr1e4-ent0003-on,sw1-lr1e4-ent0003-on,27,832512,0.03,-1.0
sw1-lr1e4-ent0003-on,sw1-lr1e4-ent0003-on,27,863232,0.06,-1.0
sw1-lr1e4-ent0003-on,sw1-lr1e4-ent0003-on,27,893952,0.06,-1.0
sw1-lr1e4-ent0003-on,sw1-lr1e4-ent0003-on,27,924672,0.06,-1.0
sw1-lr1e4-ent0003-on,sw1-lr1e4-ent0003-on,27,955392,0.02,-1.0
sw1-lr1e4-ent0003-on,sw1-lr1e4-ent0003-on,27,986112,0.07,-1.0
sw1-lr1e4-ent0003-on,sw1-lr1e4-ent0003-on,27,1016832,0.06,-1.0
sw1-lr1e4-ent0003-on,sw1-lr1e4-ent0003-on,27,1047552,0.08,-1.0
sw1-lr1e4-ent0003-on,sw1-lr1e4-ent0003-on,27,1078272,0.05,-1.0
sw1-lr1e4-ent0003-on,sw1-lr1e4-ent0003-on,27,1108992,0.05,-1.0
sw1-lr1e4-ent0003-on,sw1-lr1e4-ent0003-on,27,1139712,0.05,-1.0
sw1-lr1e4-ent0003-on,sw1-lr1e4-ent0003-on,27,1170432,0.04,-1.0
sw1-lr1e4-ent0003-on,sw1-lr1e4-ent0003-on,27,1201152,0.07,-1.0
sw1-lr1e4-ent0003-on,sw1-lr1e4-ent0003-on,27,1231872,0.07,-1.0
sw1-lr1e4-ent0003-on,sw1-lr1e4-ent0003-on,27,1262592,0.09,-1.0
sw1-lr1e4-ent0003-on,sw1-lr1e4-ent0003-on,27,1293312,0.06,-1.0
sw1-lr1e4-ent0003-on,sw1-lr1e4-ent0003-on,27,1324032,0.02,-1.0
sw1-lr1e4-ent0003-on,sw1-lr1e4-ent0003-on,27,1354752,0.05,-1.0
sw1-lr1e4-ent0003-on,sw1-lr1e4-ent0003-on,27,1385472,0.05,-1.0
sw1-lr1e4-ent0003-on,sw1-lr1e4-ent0003-on,27,1416192,0.06,-1.0
sw1-lr1e4-ent0003-on,sw1-lr1e4-ent0003-on,27,1446912,0.09,-1.0
sw1-lr1e4-ent0003-on,sw1-lr1e4-ent0003-on,27,1477632,0.03,-1.0
sw1-lr1e4-ent0003-on,sw1-lr1e4-ent0003-on,27,1508352,0.04,-1.0
sw1-lr1e4-ent0003-on,sw1-lr1e4-ent0003-on,27,1539072,0.09,-1.0
sw1-lr1e4-ent0003-on,sw1-lr1e4-ent0003-on,27,1569792,0.07,-1.0
sw1-lr1e4-ent0003-on,sw1-lr1e4-ent0003-on,27,1600512,0.09,-1.0
sw1-lr1e4-ent0003-on,sw1-lr1e4-ent0003-on,27,1631232,0.07,-1.0
sw1-lr1e4-ent0003-on,sw1-lr1e4-ent0003-on,27,1661952,0.06,-1.0
sw1-lr1e4-ent0003-on,sw1-lr1e4-ent0003-on,27,1692672,0.06,-1.0
sw1-lr1e4-ent0003-on,sw1-lr1e4-ent0003-on,27,1723392,0.08,-1.0
sw1-lr1e4-ent0003-on,sw1-lr1e4-ent0003-on,27,1754112,0.07,-1.0
sw1-lr1e4-ent0003-on,sw1-lr1e4-ent0003-on,27,1784832,0.09,-1.0
sw1-lr1e4-ent0003-on,sw1-lr1e4-ent0003-on,27,1815552,0.06,-1.0
sw1-lr1e4-ent0003-on,sw1-lr1e4-ent0003-on,27,1846272,0.1,-1.0
sw1-lr1e4-ent0003-on,sw1-lr1e4-ent0003-on,27,1876992,0.13,-1.0
sw1-lr1e4-ent0003-on,sw1-lr1e4-ent0003-on,27,1907712,0.04,-1.0
sw1-lr1e4-ent0003-on,sw1-lr1e4-ent0003-on,27,1938432,0.1,-1.0
sw1-lr1e4-ent0003-on,sw1-lr1e4-ent0003-on,27,1969152,0.05,-1.0
sw1-lr1e4-ent0003-on,sw1-lr1e4-ent0003-on,27,1999872,0.05,-1.0
sw1-lr1e4-ent0003-on,sw1-lr1e4-ent0003-on,27,2030592,0.16,-1.0
sw1-lr1e4-ent0003-on,sw1-lr1e4-ent0003-on,27,2061312,0.06,-1.0
sw1-lr1e4-ent0003-on,sw1-lr1e4-ent0003-on,27,2092032,0.05,-1.0
sw1-lr1e4-ent0003-on,sw1-lr1e4-ent0003-on,27,2122752,0.12,-1.0
sw1-lr1e4-ent0003-on,sw1-lr1e4-ent0003-on,27,2153472,0.09,-1.0
sw1-lr1e4-ent0003-on,sw1-lr1e4-ent0003-on,27,2184192,0.11,-1.0
sw1-lr1e4-ent0003-on,sw1-lr1e4-ent0003-on,27,2214912,0.07,-1.0
sw1-lr1e4-ent0003-on,sw1-lr1e4-ent0003-on,27,2245632,0.12,-1.0
sw1-lr1e4-ent0003-on,sw1-lr1e4-ent0003-on,27,2276352,0.07,-1.0
sw1-lr1e4-ent0003-on,sw1-lr1e4-ent0003-on,27,2307072,0.16,-1.0
sw1-lr1e4-ent0003-on,sw1-lr1e4-ent0003-on,27,2337792,0.12,-1.0
sw1-lr1e4-ent0003-on,sw1-lr1e4-ent0003-on,27,2368512,0.13,-1.0
sw1-lr1e4-ent0003-on,sw1-lr1e4-ent0003-on,27,2399232,0.08,-1.0
sw1-lr1e4-ent0003-on,sw1-lr1e4-ent0003-on,27,2429952,0.13,-1.0
sw1-lr1e4-ent0003-on,sw1-lr1e4-ent0003-on,27,2460672,0.11,-1.0
sw1-lr1e4-ent0003-on,sw1-lr1e4-ent0003-on,27,2491392,0.1,-1.0
sw1-lr1e4-ent0003-on,sw1-lr1e4-ent0003-on,27,2522112,0.1,-1.0
sw1-lr1e4-ent0003-on,sw1-lr1e4-ent0003-on,27,2552832,0.08,-1.0
sw1-lr1e4-ent0003-on,sw1-lr1e4-ent0003-on,27,2583552,0.07,-1.0
sw1-lr1e4-ent0003-on,sw1-lr1e4-ent0003-on,27,2614272,0.09,-1.0
sw1-lr1e4-ent0003-on,sw1-lr1e4-ent0003-on,27,2644992,0.11,-1.0
sw1-lr1e4-ent0003-on,sw1-lr1e4-ent0003-on,27,2675712,0.11,-1.0
sw1-lr1e4-ent0003-on,sw1-lr1e4-ent0003-on,27,2706432,0.12,-1.0
sw1-lr1e4-ent0003-on,sw1-lr1e4-ent0003-on,27,2737152,0.12,-1.0
sw1-lr1e4-ent0003-on,sw1-lr1e4-ent0003-on,27,2767872,0.15,-1.0
sw1-lr1e4-ent0003-on,sw1-lr1e4-ent0003-on,27,2798592,0.11,-1.0
sw1-lr1e4-ent0003-on,sw1-lr1e4-ent0003-on,27,2829312,0.11,-1.0
sw1-lr1e4-ent0003-on,sw1-lr1e4-ent0003-on,27,2860032,0.1,-1.0
sw1-lr1e4-ent0003-on,sw1-lr1e4-ent0003-on,27,2890752,0.11,-1.0
sw1-lr1e4-ent0003-on,sw1-lr1e4-ent0003-on,27,2921472,0.11,-1.0
sw1-lr1e4-ent0003-on,sw1-lr1e4-ent0003-on,27,2952192,0.13,-1.0
sw1-lr1e4-ent0003-on,sw1-lr1e4-ent0003-on,27,2982912,0.06,-1.0
sw1-lr1e4-ent0003-on,sw1-lr1e4-ent0003-on,27,2998272,0.06,-1.0
sw1-lr1e4-ent001-on,sw1-lr1e4-ent001-on,27,3072,0.01,-1.0
sw1-lr1e4-ent001-on,sw1-lr1e4-ent001-on,27,33792,0.0,-1.0
sw1-lr1e4-ent001-on,sw1-lr1e4-ent001-on,27,64512,0.01,-1.0
sw1-lr1e4-ent001-on,sw1-lr1e4-ent001-on,27,95232,0.03,-1.0
sw1-lr1e4-ent001-on,sw1-lr1e4-ent001-on,27,125952,0.0,-1.0
sw1-lr1e4-ent001-on,sw1-lr1e4-ent001-on,27,156672,0.02,-1.0
sw1-lr1e4-ent001-on,sw1-lr1e4-ent001-on,27,187392,0.01,-1.0
sw1-lr1e4-ent001-on,sw1-lr1e4-ent001-on,27,218112,0.01,-1.0
sw1-lr1e4-ent001-on,sw1-lr1e4-ent001-on,27,248832,0.02,-1.0
sw1-lr1e4-ent001-on,sw1-lr1e4-ent001-on,27,279552,0.05,-1.0
sw1-lr1e4-ent001-on,sw1-lr1e4-ent001-on,27,310272,0.02,-1.0
sw1-lr1e4-ent001-on,sw1-lr1e4-ent001-on,27,340992,0.03,-1.0
sw1-lr1e4-ent001-on,sw1-lr1e4-ent001-on,27,371712,0.05,-1.0
sw1-lr1e4-ent001-on,sw1-lr1e4-ent001-on,27,402432,0.05,-1.0
sw1-lr1e4-ent001-on,sw1-lr1e4-ent001-on,27,433152,0.04,-1.0
sw1-lr1e4-ent001-on,sw1-lr1e4-ent001-on,27,463872,0.06,-1.0
sw1-lr1e4-ent001-on,sw1-lr1e4-ent001-on,27,494592,0.03,-1.0
sw1-lr1e4-ent001-on,sw1-lr1e4-ent001-on,27,525312,0.05,-1.0
sw1-lr1e4-ent001-on,sw1-lr1e4-ent001-on,27,556032,0.03,-1.0
sw1-lr1e4-ent001-on,sw1-lr1e4-ent001-on,27,586752,0.04,-1.0
sw1-lr1e4-ent001-on,sw1-lr1e4-ent001-on,27,617472,0.06,-1.0
sw1-lr1e4-ent001-on,sw1-lr1e4-ent001-on,27,648192,0.04,-1.0
sw1-lr1e4-ent001-on,sw1-lr1e4-ent001-on,27,678912,0.09,-1.0
sw1-lr1e4-ent001-on,sw1-lr1e4-ent001-on,27,709632,0.06,-1.0
sw1-lr1e4-ent001-on,sw1-lr1e4-ent001-on,27,740352,0.07,-1.0
sw1-lr1e4-ent001-on,sw1-lr1e4-ent001-on,27,771072,0.09,-1.0
sw1-lr1e4-ent001-on,sw1-lr1e4-ent001-on,27,801792,0.08,-1.0
sw1-lr1e4-ent001-on,sw1-lr1e4-ent001-on,27,832512,0.08,-1.0
sw1-lr1e4-ent001-on,sw1-lr1e4-ent001-on,27,863232,0.07,-1.0
sw1-lr1e4-ent001-on,sw1-lr1e4-ent001-on,27,893952,0.07,-1.0
sw1-lr1e4-ent001-on,sw1-lr1e4-ent001-on,27,924672,0.11,-1.0
sw1-lr1e4-ent001-on,sw1-lr1e4-ent001-on,27,955392,0.04,-1.0
sw1-lr1e4-ent001-on,sw1-lr1e4-ent001-on,27,986112,0.06,-1.0
sw1-lr1e4-ent001-on,sw1-lr1e4-ent001-on,27,1016832,0.07,-1.0
sw1-lr1e4-ent001-on,sw1-lr1e4-ent001-on,27,1047552,0.08,-1.0
sw1-lr1e4-ent001-on,sw1-lr1e4-ent001-on,27,1078272,0.07,-1.0
sw1-lr1e4-ent001-on,sw1-lr1e4-ent001-on,27,1108992,0.04,-1.0
sw1-lr1e4-ent001-on,sw1-lr1e4-ent001-on,27,1139712,0.07,-1.0
sw1-lr1e4-ent001-on,sw1-lr1e4-ent001-on,27,1170432,0.11,-1.0
sw1-lr1e4-ent001-on,sw1-lr1e4-ent001-on,27,1201152,0.1,-1.0
sw1-lr1e4-ent001-on,sw1-lr1e4-ent001-on,27,1231872,0.07,-1.0
sw1-lr1e4-ent001-on,sw1-lr1e4-ent001-on,27,1262592,0.09,-1.0
sw1-lr1e4-ent001-on,sw1-lr1e4-ent001-on,27,1293312,0.11,-1.0
sw1-lr1e4-ent001-on,sw1-lr1e4-ent001-on,27,1324032,0.11,-1.0
sw1-lr1e4-ent001-on,sw1-lr1e4-ent001-on,27,1354752,0.1,-1.0
sw1-lr1e4-ent001-on,sw1-lr1e4-ent001-on,27,1385472,0.09,-1.0
sw1-lr1e4-ent001-on,sw1-lr1e4-ent001-on,27,1416192,0.05,-1.0
sw1-lr1e4-ent001-on,sw1-lr1e4-ent001-on,27,1446912,0.09,-1.0
sw1-lr1e4-ent001-on,sw1-lr1e4-ent001-on,27,1477632,0.11,-1.0
sw1-lr1e4-ent001-on,sw1-lr1e4-ent001-on,27,1508352,0.05,-1.0
sw1-lr1e4-ent001-on,sw1-lr1e4-ent001-on,27,1539072,0.07,-1.0
sw1-lr1e4-ent001-on,sw1-lr1e4-ent001-on,27,1569792,0.07,-1.0
sw1-lr1e4-ent001-on,sw1-lr1e4-ent001-on,27,1600512,0.11,-1.0
sw1-lr1e4-ent001-on,sw1-lr1e4-ent001-on,27,1631232,0.13,-1.0
sw1-lr1e4-ent001-on,sw1-lr1e4-ent001-on,27,1661952,0.07,-1.0
sw1-lr1e4-ent001-on,sw1-lr1e4-ent001-on,27,1692672,0.18,-1.0
sw1-lr1e4-ent001-on,sw1-lr1e4-ent001-on,27,1723392,0.12,-1.0
sw1-lr1e4-ent001-on,sw1-lr1e4-ent001-on,27,1754112,0.06,-1.0
sw1-lr1e4-ent001-on,sw1-lr1e4-ent001-on,27,1784832,0.13,-1.0
sw1-lr1e4-ent001-on,sw1-lr1e4-ent001-on,27,1815552,0.09,-1.0
sw1-lr1e4-ent001-on,sw1-lr1e4-ent001-on,27,1846272,0.1,-1.0
sw1-lr1e4-ent001-on,sw1-lr1e4-ent001-on,27,1876992,0.15,-1.0
sw1-lr1e4-ent001-on,sw1-lr1e4-ent001-on,27,1907712,0.16,-1.0
sw1-lr1e4-ent001-on,sw1-lr1e4-ent001-on,27,1938432,0.07,-1.0
sw1-lr1e4-ent001-on,sw1-lr1e4-ent001-on,27,1969152,0.19,-1.0
sw1-lr1e4-ent001-on,sw1-lr1e4-ent001-on,27,1999872,0.12,-1.0
sw1-lr1e4-ent001-on,sw1-lr1e4-ent001-on,27,2030592,0.18,-1.0
sw1-lr1e4-ent001-on,sw1-lr1e4-ent001-on,27,2061312,0.11,-1.0
sw1-lr1e4-ent001-on,sw1-lr1e4-ent001-on,27,2092032,0.15,-1.0
sw1-lr1e4-ent001-on,sw1-lr1e4-ent001-on,27,2122752,0.12,-1.0
sw1-lr1e4-ent001-on,sw1-lr1e4-ent001-on,27,2153472,0.13,-1.0
sw1-lr1e4-ent001-on,sw1-lr1e4-ent001-on,27,2184192,0.15,-1.0
sw1-lr1e4-ent001-on,sw1-lr1e4-ent001-on,27,2214912,0.15,-1.0
sw1-lr1e4-ent001-on,sw1-lr1e4-ent001-on,27,2245632,0.14,-1.0
sw1-lr1e4-ent001-on,sw1-lr1e4-ent001-on,27,2276352,0.11,-1.0
sw1-lr1e4-ent001-on,sw1-lr1e4-ent001-on,27,2307072,0.13,-1.0
sw1-lr1e4-ent001-on,sw1-lr1e4-ent001-on,27,2337792,0.16,-1.0
sw1-lr1e4-ent001-on,sw1-lr1e4-ent001-on,27,2368512,0.15,-1.0
sw1-lr1e4-ent001-on,sw1-lr1e4-ent001-on,27,2399232,0.1,-1.0
sw1-lr1e4-ent001-on,sw1-lr1e4-ent001-on,27,2429952,0.19,-1.0
sw1-lr1e4-ent001-on,sw1-lr1e4-ent001-on,27,2460672,0.14,-1.0
sw1-lr1e4-ent001-on,sw1-lr1e4-ent001-on,27,2491392,0.18,-1.0
sw1-lr1e4-ent001-on,sw1-lr1e4-ent001-on,27,2522112,0.13,-1.0
sw1-lr1e4-ent001-on,sw1-lr1e4-ent001-on,27,2552832,0.12,-1.0
sw1-lr1e4-ent001-on,sw1-lr1e4-ent001-on,27,2583552,0.09,-1.0
sw1-lr1e4-ent001-on,sw1-lr1e4-ent001-on,27,2614272,0.15,-1.0
sw1-lr1e4-ent001-on,sw1-lr1e4-ent001-on,27,2644992,0.19,-1.0
sw1-lr1e4-ent001-on,sw1-lr1e4-ent001-on,27,2675712,0.17,-1.0
sw1-lr1e4-ent001-on,sw1-lr1e4-ent001-on,27,2706432,0.16,-1.0
sw1-lr1e4-ent001-on,sw1-lr1e4-ent001-on,27,2737152,0.17,-1.0
sw1-lr1e4-ent001-on,sw1-lr1e4-ent001-on,27,2767872,0.12,-1.0
sw1-lr1e4-ent001-on,sw1-lr1e4-ent001-on,27,2798592,0.12,-1.0
sw1-lr1e4-ent001-on,sw1-lr1e4-ent001-on,27,2829312,0.11,-1.0
sw1-lr1e4-ent001-on,sw1-lr1e4-ent001-on,27,2860032,0.14,-1.0
sw1-lr1e4-ent001-on,sw1-lr1e4-ent001-on,27,2890752,0.19,-1.0
sw1-lr1e4-ent001-on,sw1-lr1e4-ent001-on,27,2921472,0.14,-1.0
sw1-lr1e4-ent001-on,sw1-lr1e4-ent001-on,27,2952192,0.08,-1.0
sw1-lr1e4-ent001-on,sw1-lr1e4-ent001-on,27,2982912,0.15,-1.0
sw1-lr1e4-ent001-on,sw1-lr1e4-ent001-on,27,2998272,0.13,-1.0
sw1-lr1e4-ent001-off,sw1-lr1e4-ent001-off,27,3072,0.0,-1.0
sw1-lr1e4-ent001-off,sw1-lr1e4-ent001-off,27,33792,0.01,-1.0
sw1-lr1e4-ent001-off,sw1-lr1e4-ent001-off,27,64512,0.01,-1.0
sw1-lr1e4-ent001-off,sw1-lr1e4-ent001-off,27,95232,0.01,-1.0
sw1-lr1e4-ent001-off,sw1-lr1e4-ent001-off,27,125952,0.0,-1.0
sw1-lr1e4-ent001-off,sw1-lr1e4-ent001-off,27,156672,0.03,-1.0
sw1-lr1e4-ent001-off,sw1-lr1e4-ent001-off,27,187392,0.0,-1.0
sw1-lr1e4-ent001-off,sw1-lr1e4-ent001-off,27,218112,0.01,-1.0
sw1-lr1e4-ent001-off,sw1-lr1e4-ent001-off,27,248832,0.05,-1.0
sw1-lr1e4-ent001-off,sw1-lr1e4-ent001-off,27,279552,0.05,-1.0
sw1-lr1e4-ent001-off,sw1-lr1e4-ent001-off,27,310272,0.02,-1.0
sw1-lr1e4-ent001-off,sw1-lr1e4-ent001-off,27,340992,0.02,-1.0
sw1-lr1e4-ent001-off,sw1-lr1e4-ent001-off,27,371712,0.05,-1.0
sw1-lr1e4-ent001-off,sw1-lr1e4-ent001-off,27,402432,0.06,-1.0
sw1-lr1e4-ent001-off,sw1-lr1e4-ent001-off,27,433152,0.07,-1.0
sw1-lr1e4-ent001-off,sw1-lr1e4-ent001-off,27,463872,0.07,-1.0
sw1-lr1e4-ent001-off,sw1-lr1e4-ent001-off,27,494592,0.08,-1.0
sw1-lr1e4-ent001-off,sw1-lr1e4-ent001-off,27,525312,0.03,-1.0
sw1-lr1e4-ent001-off,sw1-lr1e4-ent001-off,27,556032,0.03,-1.0
sw1-lr1e4-ent001-off,sw1-lr1e4-ent001-off,27,586752,0.04,-1.0
sw1-lr1e4-ent001-off,sw1-lr1e4-ent001-off,27,617472,0.03,-1.0
sw1-lr1e4-ent001-off,sw1-lr1e4-ent001-off,27,648192,0.05,-1.0
sw1-lr1e4-ent001-off,sw1-lr1e4-ent001-off,27,678912,0.05,-1.0
sw1-lr1e4-ent001-off,sw1-lr1e4-ent001-off,27,709632,0.03,-1.0
sw1-lr1e4-ent001-off,sw1-lr1e4-ent001-off,27,740352,0.08,-1.0
sw1-lr1e4-ent001-off,sw1-lr1e4-ent001-off,27,771072,0.07,-1.0
sw1-lr1e4-ent001-off,sw1-lr1e4-ent001-off,27,801792,0.08,-1.0
sw1-lr1e4-ent001-off,sw1-lr1e4-ent001-off,27,832512,0.08,-1.0
sw1-lr1e4-ent001-off,sw1-lr1e4-ent001-off,27,863232,0.06,-1.0
sw1-lr1e4-ent001-off,sw1-lr1e4-ent001-off,27,893952,0.03,-1.0
sw1-lr1e4-ent001-off,sw1-lr1e4-ent001-off,27,924672,0.04,-1.0
sw1-lr1e4-ent001-off,sw1-lr1e4-ent001-off,27,955392,0.05,-1.0
sw1-lr1e4-ent001-off,sw1-lr1e4-ent001-off,27,986112,0.03,-1.0
sw1-lr1e4-ent001-off,sw1-lr1e4-ent001-off,27,1016832,0.06,-1.0
sw1-lr1e4-ent001-off,sw1-lr1e4-ent001-off,27,1047552,0.08,-1.0
sw1-lr1e4-ent001-off,sw1-lr1e4-ent001-off,27,1078272,0.09,-1.0
sw1-lr1e4-ent001-off,sw1-lr1e4-ent001-off,27,1108992,0.08,-1.0
sw1-lr1e4-ent001-off,sw1-lr1e4-ent001-off,27,1139712,0.13,-1.0
sw1-lr1e4-ent001-off,sw1-lr1e4-ent001-off,27,1170432,0.06,-1.0
sw1-lr1e4-ent001-off,sw1-lr1e4-ent001-off,27,1201152,0.11,-1.0
sw1-lr1e4-ent001-off,sw1-lr1e4-ent001-off,27,1231872,0.15,-1.0
sw1-lr1e4-ent001-off,sw1-lr1e4-ent001-off,27,1262592,0.05,-1.0
sw1-lr1e4-ent001-off,sw1-lr1e4-ent001-off,27,1293312,0.04,-1.0
sw1-lr1e4-ent001-off,sw1-lr1e4-ent001-off,27,1324032,0.08,-1.0
sw1-lr1e4-ent001-off,sw1-lr1e4-ent001-off,27,1354752,0.05,-1.0
sw1-lr1e4-ent001-off,sw1-lr1e4-ent001-off,27,1385472,0.08,-1.0
sw1-lr1e4-ent001-off,sw1-lr1e4-ent001-off,27,1416192,0.1,-1.0
sw1-lr1e4-ent001-off,sw1-lr1e4-ent001-off,27,1446912,0.11,-1.0
sw1-lr1e4-ent001-off,sw1-lr1e4-ent001-off,27,1477632,0.09,-1.0
sw1-lr1e4-ent001-off,sw1-lr1e4-ent001-off,27,1508352,0.1,-1.0
sw1-lr1e4-ent001-off,sw1-lr1e4-ent001-off,27,1539072,0.07,-1.0
sw1-lr1e4-ent001-off,sw1-lr1e4-ent001-off,27,1569792,0.15,-1.0
sw1-lr1e4-ent001-off,sw1-lr1e4-ent001-off,27,1600512,0.13,-1.0
sw1-lr1e4-ent001-off,sw1-lr1e4-ent001-off,27,1631232,0.06,-1.0
sw1-lr1e4-ent001-off,sw1-lr1e4-ent001-off,27,1661952,0.07,-1.0
sw1-lr1e4-ent001-off,sw1-lr1e4-ent001-off,27,1692672,0.1,-1.0
sw1-lr1e4-ent001-off,sw1-lr1e4-ent001-off,27,1723392,0.11,-1.0
sw1-lr1e4-ent001-off,sw1-lr1e4-ent001-off,27,1754112,0.14,-1.0
sw1-lr1e4-ent001-off,sw1-lr1e4-ent001-off,27,1784832,0.09,-1.0
sw1-lr1e4-ent001-off,sw1-lr1e4-ent001-off,27,1815552,0.1,-1.0
sw1-lr1e4-ent001-off,sw1-lr1e4-ent001-off,27,1846272,0.12,-1.0
sw1-lr1e4-ent001-off,sw1-lr1e4-ent001-off,27,1876992,0.15,-1.0
sw1-lr1e4-ent001-off,sw1-lr1e4-ent001-off,27,1907712,0.08,-1.0
sw1-lr1e4-ent001-off,sw1-lr1e4-ent001-off,27,1938432,0.1,-1.0
sw1-lr1e4-ent001-off,sw1-lr1e4-ent001-off,27,1969152,0.15,-1.0
sw1-lr1e4-ent001-off,sw1-lr1e4-ent001-off,27,1999872,0.07,-1.0
sw1-lr1e4-ent001-off,sw1-lr1e4-ent001-off,27,2030592,0.12,-1.0
sw1-lr1e4-ent001-off,sw1-lr1e4-ent001-off,27,2061312,0.06,-1.0
sw1-lr1e4-ent001-off,sw1-lr1e4-ent001-off,27,2092032,0.08,-1.0
sw1-lr1e4-ent001-off,sw1-lr1e4-ent001-off,27,2122752,0.11,-1.0
sw1-lr1e4-ent001-off,sw1-lr1e4-ent001-off,27,2153472,0.14,-1.0
sw1-lr1e4-ent001-off,sw1-lr1e4-ent001-off,27,2184192,0.14,-1.0
sw1-lr1e4-ent001-off,sw1-lr1e4-ent001-off,27,2214912,0.1,-1.0
sw1-lr1e4-ent001-off,sw1-lr1e4-ent001-off,27,2245632,0.08,-1.0
sw1-lr1e4-ent001-off,sw1-lr1e4-ent001-off,27,2276352,0.15,-1.0
sw1-lr1e4-ent001-off,sw1-lr1e4-ent001-off,27,2307072,0.09,-1.0
sw1-lr1e4-ent001-off,sw1-lr1e4-ent001-off,27,2337792,0.23,-1.0
sw1-lr1e4-ent001-off,sw1-lr1e4-ent001-off,27,2368512,0.14,-1.0
sw1-lr1e4-ent001-off,sw1-lr1e4-ent001-off,27,2399232,0.07,-1.0
sw1-lr1e4-ent001-off,sw1-lr1e4-ent001-off,27,2429952,0.07,-1.0
sw1-lr1e4-ent001-off,sw1-lr1e4-ent001-off,27,2460672,0.11,-1.0
sw1-lr1e4-ent001-off,sw1-lr1e4-ent001-off,27,2491392,0.12,-1.0
sw1-lr1e4-ent001-off,sw1-lr1e4-ent001-off,27,2522112,0.12,-1.0
sw1-lr1e4-ent001-off,sw1-lr1e4-ent001-off,27,2552832,0.11,-1.0
sw1-lr1e4-ent001-off,sw1-lr1e4-ent001-off,27,2583552,0.13,-1.0
sw1-lr1e4-ent001-off,sw1-lr1e4-ent001-off,27,2614272,0.13,-1.0
sw1-lr1e4-ent001-off,sw1-lr1e4-ent001-off,27,2644992,0.18,-1.0
sw1-lr1e4-ent001-off,sw1-lr1e4-ent001-off,27,2675712,0.1,-1.0
sw1-lr1e4-ent001-off,sw1-lr1e4-ent001-off,27,2706432,0.11,-1.0
sw1-lr1e4-ent001-off,sw1-lr1e4-ent001-off,27,2737152,0.19,-1.0
sw1-lr1e4-ent001-off,sw1-lr1e4-ent001-off,27,2767872,0.09,-1.0
sw1-lr1e4-ent001-off,sw1-lr1e4-ent001-off,27,2798592,0.1,-1.0
sw1-lr1e4-ent001-off,sw1-lr1e4-ent001-off,27,2829312,0.13,-1.0
sw1-lr1e4-ent001-off,sw1-lr1e4-ent001-off,27,2860032,0.13,-1.0
sw1-lr1e4-ent001-off,sw1-lr1e4-ent001-off,27,2890752,0.22,-1.0
sw1-lr1e4-ent001-off,sw1-lr1e4-ent001-off,27,2921472,0.17,-1.0
sw1-lr1e4-ent001-off,sw1-lr1e4-ent001-off,27,2952192,0.09,-1.0
sw1-lr1e4-ent001-off,sw1-lr1e4-ent001-off,27,2982912,0.1,-1.0
sw1-lr1e4-ent001-off,sw1-lr1e4-ent001-off,27,2998272,0.15,-1.0
sw1-lr1e4-ent003-off,sw1-lr1e4-ent003-off,27,3072,0.0,-1.0
sw1-lr1e4-ent003-off,sw1-lr1e4-ent003-off,27,33792,0.01,-1.0
sw1-lr1e4-ent003-off,sw1-lr1e4-ent003-off,27,64512,0.01,-1.0
sw1-lr1e4-ent003-off,sw1-lr1e4-ent003-off,27,95232,0.03,-1.0
sw1-lr1e4-ent003-off,sw1-lr1e4-ent003-off,27,125952,0.05,-1.0
sw1-lr1e4-ent003-off,sw1-lr1e4-ent003-off,27,156672,0.0,-1.0
sw1-lr1e4-ent003-off,sw1-lr1e4-ent003-off,27,187392,0.0,-1.0
sw1-lr1e4-ent003-off,sw1-lr1e4-ent003-off,27,218112,0.01,-1.0
sw1-lr1e4-ent003-off,sw1-lr1e4-ent003-off,27,248832,0.01,-1.0
sw1-lr1e4-ent003-off,sw1-lr1e4-ent003-off,27,279552,0.01,-1.0
sw1-lr1e4-ent003-off,sw1-lr1e4-ent003-off,27,310272,0.05,-1.0
sw1-lr1e4-ent003-off,sw1-lr1e4-ent003-off,27,340992,0.02,-1.0
sw1-lr1e4-ent003-off,sw1-lr1e4-ent003-off,27,371712,0.02,-1.0
sw1-lr1e4-ent003-off,sw1-lr1e4-ent003-off,27,402432,0.01,-1.0
sw1-lr1e4-ent003-off,sw1-lr1e4-ent003-off,27,433152,0.07,-1.0
sw1-lr1e4-ent003-off,sw1-lr1e4-ent003-off,27,463872,0.06,-1.0
sw1-lr1e4-ent003-off,sw1-lr1e4-ent003-off,27,494592,0.04,-1.0
sw1-lr1e4-ent003-off,sw1-lr1e4-ent003-off,27,525312,0.06,-1.0
sw1-lr1e4-ent003-off,sw1-lr1e4-ent003-off,27,556032,0.06,-1.0
sw1-lr1e4-ent003-off,sw1-lr1e4-ent003-off,27,586752,0.07,-1.0
sw1-lr1e4-ent003-off,sw1-lr1e4-ent003-off,27,617472,0.03,-1.0
sw1-lr1e4-ent003-off,sw1-lr1e4-ent003-off,27,648192,0.01,-1.0
sw1-lr1e4-ent003-off,sw1-lr1e4-ent003-off,27,678912,0.03,-1.0
sw1-lr1e4-ent003-off,sw1-lr1e4-ent003-off,27,709632,0.04,-1.0
sw1-lr1e4-ent003-off,sw1-lr1e4-ent003-off,27,740352,0.05,-1.0
sw1-lr1e4-ent003-off,sw1-lr1e4-ent003-off,27,771072,0.02,-1.0
sw1-lr1e4-ent003-off,sw1-lr1e4-ent003-off,27,801792,0.07,-1.0
sw1-lr1e4-ent003-off,sw1-lr1e4-ent003-off,27,832512,0.03,-1.0
sw1-lr1e4-ent003-off,sw1-lr1e4-ent003-off,27,863232,0.01,-1.0
sw1-lr1e4-ent003-off,sw1-lr1e4-ent003-off,27,893952,0.06,-1.0
sw1-lr1e4-ent003-off,sw1-lr1e4-ent003-off,27,924672,0.03,-1.0
sw1-lr1e4-ent003-off,sw1-lr1e4-ent003-off,27,955392,0.07,-1.0
sw1-lr1e4-ent003-off,sw1-lr1e4-ent003-off,27,986112,0.1,-1.0
sw1-lr1e4-ent003-off,sw1-lr1e4-ent003-off,27,1016832,0.09,-1.0
sw1-lr1e4-ent003-off,sw1-lr1e4-ent003-off,27,1047552,0.1,-1.0
sw1-lr1e4-ent003-off,sw1-lr1e4-ent003-off,27,1078272,0.09,-1.0
sw1-lr1e4-ent003-off,sw1-lr1e4-ent003-off,27,1108992,0.09,-1.0
sw1-lr1e4-ent003-off,sw1-lr1e4-ent003-off,27,1139712,0.07,-1.0
sw1-lr1e4-ent003-off,sw1-lr1e4-ent003-off,27,1170432,0.08,-1.0
sw1-lr1e4-ent003-off,sw1-lr1e4-ent003-off,27,1201152,0.07,-1.0
sw1-lr1e4-ent003-off,sw1-lr1e4-ent003-off,27,1231872,0.08,-1.0
sw1-lr1e4-ent003-off,sw1-lr1e4-ent003-off,27,1262592,0.04,-1.0
sw1-lr1e4-ent003-off,sw1-lr1e4-ent003-off,27,1293312,0.06,-1.0
sw1-lr1e4-ent003-off,sw1-lr1e4-ent003-off,27,1324032,0.11,-1.0
sw1-lr1e4-ent003-off,sw1-lr1e4-ent003-off,27,1354752,0.09,-1.0
sw1-lr1e4-ent003-off,sw1-lr1e4-ent003-off,27,1385472,0.07,-1.0
sw1-lr1e4-ent003-off,sw1-lr1e4-ent003-off,27,1416192,0.11,-1.0
sw1-lr1e4-ent003-off,sw1-lr1e4-ent003-off,27,1446912,0.08,-1.0
sw1-lr1e4-ent003-off,sw1-lr1e4-ent003-off,27,1477632,0.11,-1.0
sw1-lr1e4-ent003-off,sw1-lr1e4-ent003-off,27,1508352,0.06,-1.0
sw1-lr1e4-ent003-off,sw1-lr1e4-ent003-off,27,1539072,0.16,-1.0
sw1-lr1e4-ent003-off,sw1-lr1e4-ent003-off,27,1569792,0.06,-1.0
sw1-lr1e4-ent003-off,sw1-lr1e4-ent003-off,27,1600512,0.13,-1.0
sw1-lr1e4-ent003-off,sw1-lr1e4-ent003-off,27,1631232,0.11,-1.0
sw1-lr1e4-ent003-off,sw1-lr1e4-ent003-off,27,1661952,0.11,-1.0
sw1-lr1e4-ent003-off,sw1-lr1e4-ent003-off,27,1692672,0.14,-1.0
sw1-lr1e4-ent003-off,sw1-lr1e4-ent003-off,27,1723392,0.16,-1.0
sw1-lr1e4-ent003-off,sw1-lr1e4-ent003-off,27,1754112,0.11,-1.0
sw1-lr1e4-ent003-off,sw1-lr1e4-ent003-off,27,1784832,0.14,-1.0
sw1-lr1e4-ent003-off,sw1-lr1e4-ent003-off,27,1815552,0.15,-1.0
sw1-lr1e4-ent003-off,sw1-lr1e4-ent003-off,27,1846272,0.07,-1.0
sw1-lr1e4-ent003-off,sw1-lr1e4-ent003-off,27,1876992,0.17,-1.0
sw1-lr1e4-ent003-off,sw1-lr1e4-ent003-off,27,1907712,0.15,-1.0
sw1-lr1e4-ent003-off,sw1-lr1e4-ent003-off,27,1938432,0.17,-1.0
sw1-lr1e4-ent003-off,sw1-lr1e4-ent003-off,27,1969152,0.19,-1.0
sw1-lr1e4-ent003-off,sw1-lr1e4-ent003-off,27,1999872,0.12,-1.0
sw1-lr1e4-ent003-off,sw1-lr1e4-ent003-off,27,2030592,0.12,-1.0
sw1-lr1e4-ent003-off,sw1-lr1e4-ent003-off,27,2061312,0.19,-1.0
sw1-lr1e4-ent003-off,sw1-lr1e4-ent003-off,27,2092032,0.2,-1.0
sw1-lr1e4-ent003-off,sw1-lr1e4-ent003-off,27,2122752,0.15,-1.0
sw1-lr1e4-ent003-off,sw1-lr1e4-ent003-off,27,2153472,0.17,-1.0
sw1-lr1e4-ent003-off,sw1-lr1e4-ent003-off,27,2184192,0.19,-1.0
sw1-lr1e4-ent003-off,sw1-lr1e4-ent003-off,27,2214912,0.18,-1.0
sw1-lr1e4-ent003-off,sw1-lr1e4-ent003-off,27,2245632,0.11,-1.0
sw1-lr1e4-ent003-off,sw1-lr1e4-ent003-off,27,2276352,0.2,-1.0
sw1-lr1e4-ent003-off,sw1-lr1e4-ent003-off,27,2307072,0.21,-1.0
sw1-lr1e4-ent003-off,sw1-lr1e4-ent003-off,27,2337792,0.18,-1.0
sw1-lr1e4-ent003-off,sw1-lr1e4-ent003-off,27,2368512,0.16,-1.0
sw1-lr1e4-ent003-off,sw1-lr1e4-ent003-off,27,2399232,0.2,-1.0
sw1-lr1e4-ent003-off,sw1-lr1e4-ent003-off,27,2429952,0.11,-1.0
sw1-lr1e4-ent003-off,sw1-lr1e4-ent003-off,27,2460672,0.16,-1.0
sw1-lr1e4-ent003-off,sw1-lr1e4-ent003-off,27,2491392,0.16,-1.0
sw1-lr1e4-ent003-off,sw1-lr1e4-ent003-off,27,2522112,0.16,-1.0
sw1-lr1e4-ent003-off,sw1-lr1e4-ent003-off,27,2552832,0.14,-1.0
sw1-lr1e4-ent003-off,sw1-lr1e4-ent003-off,27,2583552,0.24,-1.0
sw1-lr1e4-ent003-off,sw1-lr1e4-ent003-off,27,2614272,0.13,-1.0
sw1-lr1e4-ent003-off,sw1-lr1e4-ent003-off,27,2644992,0.26,-1.0
sw1-lr1e4-ent003-off,sw1-lr1e4-ent003-off,27,2675712,0.16,-1.0
sw1-lr1e4-ent003-off,sw1-lr1e4-ent003-off,27,2706432,0.19,-1.0
sw1-lr1e4-ent003-off,sw1-lr1e4-ent003-off,27,2737152,0.14,-1.0
sw1-lr1e4-ent003-off,sw1-lr1e4-ent003-off,27,2767872,0.17,-1.0
sw1-lr1e4-ent003-off,sw1-lr1e4-ent003-off,27,2798592,0.15,-1.0
sw1-lr1e4-ent003-off,sw1-lr1e4-ent003-off,27,2829312,0.17,-1.0
sw1-lr1e4-ent003-off,sw1-lr1e4-ent003-off,27,2860032,0.25,-1.0
sw1-lr1e4-ent003-off,sw1-lr1e4-ent003-off,27,2890752,0.12,-1.0
sw1-lr1e4-ent003-off,sw1-lr1e4-ent003-off,27,2921472,0.25,-1.0
sw1-lr1e4-ent003-off,sw1-lr1e4-ent003-off,27,2952192,0.2,-1.0
sw1-lr1e4-ent003-off,sw1-lr1e4-ent003-off,27,2982912,0.22,-1.0
sw1-lr1e4-ent003-off,sw1-lr1e4-ent003-off,27,2998272,0.13,-1.0
sw1-lr3e4-ent0003-off,sw1-lr3e4-ent0003-off,27,3072,0.0,-1.0
sw1-lr3e4-ent0003-off,sw1-lr3e4-ent0003-off,27,33792,0.0,-1.0
sw1-lr3e4-ent0003-off,sw1-lr3e4-ent0003-off,27,64512,0.01,-1.0
sw1-lr3e4-ent0003-off,sw1-lr3e4-ent0003-off,27,95232,0.01,-1.0
sw1-lr3e4-ent0003-off,sw1-lr3e4-ent0003-off,27,125952,0.01,-1.0
sw1-lr3e4-ent0003-off,sw1-lr3e4-ent0003-off,27,156672,0.04,-1.0
sw1-lr3e4-ent0003-off,sw1-lr3e4-ent0003-off,27,187392,0.01,-1.0
sw1-lr3e4-ent0003-off,sw1-lr3e4-ent0003-off,27,218112,0.01,-1.0
sw1-lr3e4-ent0003-off,sw1-lr3e4-ent0003-off,27,248832,0.02,-1.0
sw1-lr3e4-ent0003-off,sw1-lr3e4-ent0003-off,27,279552,0.02,-1.0
sw1-lr3e4-ent0003-off,sw1-lr3e4-ent0003-off,27,310272,0.05,-1.0
sw1-lr3e4-ent0003-off,sw1-lr3e4-ent0003-off,27,340992,0.07,-1.0
sw1-lr3e4-ent0003-off,sw1-lr3e4-ent0003-off,27,371712,0.04,-1.0
sw1-lr3e4-ent0003-off,sw1-lr3e4-ent0003-off,27,402432,0.04,-1.0
sw1-lr3e4-ent0003-off,sw1-lr3e4-ent0003-off,27,433152,0.06,-1.0
sw1-lr3e4-ent0003-off,sw1-lr3e4-ent0003-off,27,463872,0.06,-1.0
sw1-lr3e4-ent0003-off,sw1-lr3e4-ent0003-off,27,494592,0.04,-1.0
sw1-lr3e4-ent0003-off,sw1-lr3e4-ent0003-off,27,525312,0.08,-1.0
sw1-lr3e4-ent0003-off,sw1-lr3e4-ent0003-off,27,556032,0.07,-1.0
sw1-lr3e4-ent0003-off,sw1-lr3e4-ent0003-off,27,586752,0.06,-1.0
sw1-lr3e4-ent0003-off,sw1-lr3e4-ent0003-off,27,617472,0.09,-1.0
sw1-lr3e4-ent0003-off,sw1-lr3e4-ent0003-off,27,648192,0.1,-1.0
sw1-lr3e4-ent0003-off,sw1-lr3e4-ent0003-off,27,678912,0.11,-1.0
sw1-lr3e4-ent0003-off,sw1-lr3e4-ent0003-off,27,709632,0.03,-1.0
sw1-lr3e4-ent0003-off,sw1-lr3e4-ent0003-off,27,740352,0.08,-1.0
sw1-lr3e4-ent0003-off,sw1-lr3e4-ent0003-off,27,771072,0.12,-1.0
sw1-lr3e4-ent0003-off,sw1-lr3e4-ent0003-off,27,801792,0.13,-1.0
sw1-lr3e4-ent0003-off,sw1-lr3e4-ent0003-off,27,832512,0.09,-1.0
sw1-lr3e4-ent0003-off,sw1-lr3e4-ent0003-off,27,863232,0.05,-1.0
sw1-lr3e4-ent0003-off,sw1-lr3e4-ent0003-off,27,893952,0.16,-1.0
sw1-lr3e4-ent0003-off,sw1-lr3e4-ent0003-off,27,924672,0.09,-1.0
sw1-lr3e4-ent0003-off,sw1-lr3e4-ent0003-off,27,955392,0.14,-1.0
sw1-lr3e4-ent0003-off,sw1-lr3e4-ent0003-off,27,986112,0.06,-1.0
sw1-lr3e4-ent0003-off,sw1-lr3e4-ent0003-off,27,1016832,0.09,-1.0
sw1-lr3e4-ent0003-off,sw1-lr3e4-ent0003-off,27,1047552,0.06,-1.0
sw1-lr3e4-ent0003-off,sw1-lr3e4-ent0003-off,27,1078272,0.15,-1.0
sw1-lr3e4-ent0003-off,sw1-lr3e4-ent0003-off,27,1108992,0.14,-1.0
sw1-lr3e4-ent0003-off,sw1-lr3e4-ent0003-off,27,1139712,0.14,-1.0
sw1-lr3e4-ent0003-off,sw1-lr3e4-ent0003-off,27,1170432,0.14,-1.0
sw1-lr3e4-ent0003-off,sw1-lr3e4-ent0003-off,27,1201152,0.18,-1.0
sw1-lr3e4-ent0003-off,sw1-lr3e4-ent0003-off,27,1231872,0.11,-1.0
sw1-lr3e4-ent0003-off,sw1-lr3e4-ent0003-off,27,1262592,0.15,-1.0
sw1-lr3e4-ent0003-off,sw1-lr3e4-ent0003-off,27,1293312,0.14,-1.0
sw1-lr3e4-ent0003-off,sw1-lr3e4-ent0003-off,27,1324032,0.14,-1.0
sw1-lr3e4-ent0003-off,sw1-lr3e4-ent0003-off,27,1354752,0.16,-1.0
sw1-lr3e4-ent0003-off,sw1-lr3e4-ent0003-off,27,1385472,0.21,-1.0
sw1-lr3e4-ent0003-off,sw1-lr3e4-ent0003-off,27,1416192,0.17,-1.0
sw1-lr3e4-ent0003-off,sw1-lr3e4-ent0003-off,27,1446912,0.17,-1.0
sw1-lr3e4-ent0003-off,sw1-lr3e4-ent0003-off,27,1477632,0.21,-1.0
sw1-lr3e4-ent0003-off,sw1-lr3e4-ent0003-off,27,1508352,0.18,-1.0
sw1-lr3e4-ent0003-off,sw1-lr3e4-ent0003-off,27,1539072,0.22,-1.0
sw1-lr3e4-ent0003-off,sw1-lr3e4-ent0003-off,27,1569792,0.18,-1.0
sw1-lr3e4-ent0003-off,sw1-lr3e4-ent0003-off,27,1600512,0.21,-1.0
sw1-lr3e4-ent0003-off,sw1-lr3e4-ent0003-off,27,1631232,0.18,-1.0
sw1-lr3e4-ent0003-off,sw1-lr3e4-ent0003-off,27,1661952,0.2,-1.0
sw1-lr3e4-ent0003-off,sw1-lr3e4-ent0003-off,27,1692672,0.21,-1.0
sw1-lr3e4-ent0003-off,sw1-lr3e4-ent0003-off,27,1723392,0.2,-1.0
sw1-lr3e4-ent0003-off,sw1-lr3e4-ent0003-off,27,1754112,0.25,-1.0
sw1-lr3e4-ent0003-off,sw1-lr3e4-ent0003-off,27,1784832,0.23,-1.0
sw1-lr3e4-ent0003-off,sw1-lr3e4-ent0003-off,27,1815552,0.17,-1.0
sw1-lr3e4-ent0003-off,sw1-lr3e4-ent0003-off,27,1846272,0.23,-1.0
sw1-lr3e4-ent0003-off,sw1-lr3e4-ent0003-off,27,1876992,0.37,-1.0
sw1-lr3e4-ent0003-off,sw1-lr3e4-ent0003-off,27,1907712,0.22,-1.0
sw1-lr3e4-ent0003-off,sw1-lr3e4-ent0003-off,27,1938432,0.27,-1.0
sw1-lr3e4-ent0003-off,sw1-lr3e4-ent0003-off,27,1969152,0.18,-1.0
sw1-lr3e4-ent0003-off,sw1-lr3e4-ent0003-off,27,1999872,0.2,-1.0
sw1-lr3e4-ent0003-off,sw1-lr3e4-ent0003-off,27,2030592,0.24,-1.0
sw1-lr3e4-ent0003-off,sw1-lr3e4-ent0003-off,27,2061312,0.3,-1.0
sw1-lr3e4-ent0003-off,sw1-lr3e4-ent0003-off,27,2092032,0.25,-1.0
sw1-lr3e4-ent0003-off,sw1-lr3e4-ent0003-off,27,2122752,0.23,-1.0
sw1-lr3e4-ent0003-off,sw1-lr3e4-ent0003-off,27,2153472,0.27,-1.0
sw1-lr3e4-ent0003-off,sw1-lr3e4-ent0003-off,27,2184192,0.22,-1.0
sw1-lr3e4-ent0003-off,sw1-lr3e4-ent0003-off,27,2214912,0.31,-1.0
sw1-lr3e4-ent0003-off,sw1-lr3e4-ent0003-off,27,2245632,0.32,-1.0
sw1-lr3e4-ent0003-off,sw1-lr3e4-ent0003-off,27,2276352,0.28,-1.0
sw1-lr3e4-ent0003-off,sw1-lr3e4-ent0003-off,27,2307072,0.34,-1.0
sw1-lr3e4-ent0003-off,sw1-lr3e4-ent0003-off,27,2337792,0.29,-1.0
sw1-lr3e4-ent0003-off,sw1-lr3e4-ent0003-off,27,2368512,0.36,-1.0
sw1-lr3e4-ent0003-off,sw1-lr3e4-ent0003-off,27,2399232,0.33,-1.0
sw1-lr3e4-ent0003-off,sw1-lr3e4-ent0003-off,27,2429952,0.31,-1.0
sw1-lr3e4-ent0003-off,sw1-lr3e4-ent0003-off,27,2460672,0.39,-1.0
sw1-lr3e4-ent0003-off,sw1-lr3e4-ent0003-off,27,2491392,0.33,-1.0
sw1-lr3e4-ent0003-off,sw1-lr3e4-ent0003-off,27,2522112,0.38,-1.0
sw1-lr3e4-ent0003-off,sw1-lr3e4-ent0003-off,27,2552832,0.32,-1.0
sw1-lr3e4-ent0003-off,sw1-lr3e4-ent0003-off,27,2583552,0.28,-1.0
sw1-lr3e4-ent0003-off,sw1-lr3e4-ent0003-off,27,2614272,0.34,-1.0
sw1-lr3e4-ent0003-off,sw1-lr3e4-ent0003-off,27,2644992,0.37,-1.0
sw1-lr3e4-ent0003-off,sw1-lr3e4-ent0003-off,27,2675712,0.33,-1.0
sw1-lr3e4-ent0003-off,sw1-lr3e4-ent0003-off,27,2706432,0.27,-1.0
sw1-lr3e4-ent0003-off,sw1-lr3e4-ent0003-off,27,2737152,0.3,-1.0
sw1-lr3e4-ent0003-off,sw1-lr3e4-ent0003-off,27,2767872,0.36,-1.0
sw1-lr3e4-ent0003-off,sw1-lr3e4-ent0003-off,27,2798592,0.37,-1.0
sw1-lr3e4-ent0003-off,sw1-lr3e4-ent0003-off,27,2829312,0.31,-1.0
sw1-lr3e4-ent0003-off,sw1-lr3e4-ent0003-off,27,2860032,0.4,-1.0
sw1-lr3e4-ent0003-off,sw1-lr3e4-ent0003-off,27,2890752,0.34,-1.0
sw1-lr3e4-ent0003-off,sw1-lr3e4-ent0003-off,27,2921472,0.42,-1.0
sw1-lr3e4-ent0003-off,sw1-lr3e4-ent0003-off,27,2952192,0.35,-1.0
sw1-lr3e4-ent0003-off,sw1-lr3e4-ent0003-off,27,2982912,0.44,-1.0
sw1-lr3e4-ent0003-off,sw1-lr3e4-ent0003-off,27,2998272,0.39,-1.0
sw1-lr3e4-ent001-off,sw1-lr3e4-ent001-off,27,3072,0.0,-1.0
sw1-lr3e4-ent001-off,sw1-lr3e4-ent001-off,27,33792,0.02,-1.0
sw1-lr3e4-ent001-off,sw1-lr3e4-ent001-off,27,64512,0.01,-1.0
sw1-lr3e4-ent001-off,sw1-lr3e4-ent001-off,27,95232,0.01,-1.0
sw1-lr3e4-ent001-off,sw1-lr3e4-ent001-off,27,125952,0.0,-1.0
sw1-lr3e4-ent001-off,sw1-lr3e4-ent001-off,27,156672,0.04,-1.0
sw1-lr3e4-ent001-off,sw1-lr3e4-ent001-off,27,187392,0.06,-1.0
sw1-lr3e4-ent001-off,sw1-lr3e4-ent001-off,27,218112,0.02,-1.0
sw1-lr3e4-ent001-off,sw1-lr3e4-ent001-off,27,248832,0.0,-1.0
sw1-lr3e4-ent001-off,sw1-lr3e4-ent001-off,27,279552,0.0,-1.0
sw1-lr3e4-ent001-off,sw1-lr3e4-ent001-off,27,310272,0.02,-1.0
sw1-lr3e4-ent001-off,sw1-lr3e4-ent001-off,27,340992,0.01,-1.0
sw1-lr3e4-ent001-off,sw1-lr3e4-ent001-off,27,371712,0.04,-1.0
sw1-lr3e4-ent001-off,sw1-lr3e4-ent001-off,27,402432,0.05,-1.0
sw1-lr3e4-ent001-off,sw1-lr3e4-ent001-off,27,433152,0.06,-1.0
sw1-lr3e4-ent001-off,sw1-lr3e4-ent001-off,27,463872,0.03,-1.0
sw1-lr3e4-ent001-off,sw1-lr3e4-ent001-off,27,494592,0.09,-1.0
sw1-lr3e4-ent001-off,sw1-lr3e4-ent001-off,27,525312,0.03,-1.0
sw1-lr3e4-ent001-off,sw1-lr3e4-ent001-off,27,556032,0.07,-1.0
sw1-lr3e4-ent001-off,sw1-lr3e4-ent001-off,27,586752,0.06,-1.0
sw1-lr3e4-ent001-off,sw1-lr3e4-ent001-off,27,617472,0.04,-1.0
sw1-lr3e4-ent001-off,sw1-lr3e4-ent001-off,27,648192,0.09,-1.0
sw1-lr3e4-ent001-off,sw1-lr3e4-ent001-off,27,678912,0.06,-1.0
sw1-lr3e4-ent001-off,sw1-lr3e4-ent001-off,27,709632,0.08,-1.0
sw1-lr3e4-ent001-off,sw1-lr3e4-ent001-off,27,740352,0.09,-1.0
sw1-lr3e4-ent001-off,sw1-lr3e4-ent001-off,27,771072,0.09,-1.0
sw1-lr3e4-ent001-off,sw1-lr3e4-ent001-off,27,801792,0.04,-1.0
sw1-lr3e4-ent001-off,sw1-lr3e4-ent001-off,27,832512,0.14,-1.0
sw1-lr3e4-ent001-off,sw1-lr3e4-ent001-off,27,863232,0.07,-1.0
sw1-lr3e4-ent001-off,sw1-lr3e4-ent001-off,27,893952,0.12,-1.0
sw1-lr3e4-ent001-off,sw1-lr3e4-ent001-off,27,924672,0.14,-1.0
sw1-lr3e4-ent001-off,sw1-lr3e4-ent001-off,27,955392,0.06,-1.0
sw1-lr3e4-ent001-off,sw1-lr3e4-ent001-off,27,986112,0.11,-1.0
sw1-lr3e4-ent001-off,sw1-lr3e4-ent001-off,27,1016832,0.14,-1.0
sw1-lr3e4-ent001-off,sw1-lr3e4-ent001-off,27,1047552,0.1,-1.0
sw1-lr3e4-ent001-off,sw1-lr3e4-ent001-off,27,1078272,0.08,-1.0
sw1-lr3e4-ent001-off,sw1-lr3e4-ent001-off,27,1108992,0.12,-1.0
sw1-lr3e4-ent001-off,sw1-lr3e4-ent001-off,27,1139712,0.17,-1.0
sw1-lr3e4-ent001-off,sw1-lr3e4-ent001-off,27,1170432,0.11,-1.0
sw1-lr3e4-ent001-off,sw1-lr3e4-ent001-off,27,1201152,0.08,-1.0
sw1-lr3e4-ent001-off,sw1-lr3e4-ent001-off,27,1231872,0.09,-1.0
sw1-lr3e4-ent001-off,sw1-lr3e4-ent001-off,27,1262592,0.1,-1.0
sw1-lr3e4-ent001-off,sw1-lr3e4-ent001-off,27,1293312,0.13,-1.0
sw1-lr3e4-ent001-off,sw1-lr3e4-ent001-off,27,1324032,0.12,-1.0
sw1-lr3e4-ent001-off,sw1-lr3e4-ent001-off,27,1354752,0.15,-1.0
sw1-lr3e4-ent001-off,sw1-lr3e4-ent001-off,27,1385472,0.17,-1.0
sw1-lr3e4-ent001-off,sw1-lr3e4-ent001-off,27,1416192,0.15,-1.0
sw1-lr3e4-ent001-off,sw1-lr3e4-ent001-off,27,1446912,0.14,-1.0
sw1-lr3e4-ent001-off,sw1-lr3e4-ent001-off,27,1477632,0.12,-1.0
sw1-lr3e4-ent001-off,sw1-lr3e4-ent001-off,27,1508352,0.14,-1.0
sw1-lr3e4-ent001-off,sw1-lr3e4-ent001-off,27,1539072,0.2,-1.0
sw1-lr3e4-ent001-off,sw1-lr3e4-ent001-off,27,1569792,0.17,-1.0
sw1-lr3e4-ent001-off,sw1-lr3e4-ent001-off,27,1600512,0.18,-1.0
sw1-lr3e4-ent001-off,sw1-lr3e4-ent001-off,27,1631232,0.19,-1.0
sw1-lr3e4-ent001-off,sw1-lr3e4-ent001-off,27,1661952,0.18,-1.0
sw1-lr3e4-ent001-off,sw1-lr3e4-ent001-off,27,1692672,0.15,-1.0
sw1-lr3e4-ent001-off,sw1-lr3e4-ent001-off,27,1723392,0.17,-1.0
sw1-lr3e4-ent001-off,sw1-lr3e4-ent001-off,27,1754112,0.16,-1.0
sw1-lr3e4-ent001-off,sw1-lr3e4-ent001-off,27,1784832,0.16,-1.0
sw1-lr3e4-ent001-off,sw1-lr3e4-ent001-off,27,1815552,0.14,-1.0
sw1-lr3e4-ent001-off,sw1-lr3e4-ent001-off,27,1846272,0.16,-1.0
sw1-lr3e4-ent001-off,sw1-lr3e4-ent001-off,27,1876992,0.2,-1.0
sw1-lr3e4-ent001-off,sw1-lr3e4-ent001-off,27,1907712,0.21,-1.0
sw1-lr3e4-ent001-off,sw1-lr3e4-ent001-off,27,1938432,0.23,-1.0
sw1-lr3e4-ent001-off,sw1-lr3e4-ent001-off,27,1969152,0.32,-1.0
sw1-lr3e4-ent001-off,sw1-lr3e4-ent001-off,27,1999872,0.26,-1.0
sw1-lr3e4-ent001-off,sw1-lr3e4-ent001-off,27,2030592,0.23,-1.0
sw1-lr3e4-ent001-off,sw1-lr3e4-ent001-off,27,2061312,0.21,-1.0
sw1-lr3e4-ent001-off,sw1-lr3e4-ent001-off,27,2092032,0.24,-1.0
sw1-lr3e4-ent001-off,sw1-lr3e4-ent001-off,27,2122752,0.17,-1.0
sw1-lr3e4-ent001-off,sw1-lr3e4-ent001-off,27,2153472,0.27,-1.0
sw1-lr3e4-ent001-off,sw1-lr3e4-ent001-off,27,2184192,0.2,-1.0
sw1-lr3e4-ent001-off,sw1-lr3e4-ent001-off,27,2214912,0.25,-1.0
sw1-lr3e4-ent001-off,sw1-lr3e4-ent001-off,27,2245632,0.27,-1.0
sw1-lr3e4-ent001-off,sw1-lr3e4-ent001-off,27,2276352,0.29,-1.0
sw1-lr3e4-ent001-off,sw1-lr3e4-ent001-off,27,2307072,0.33,-1.0
sw1-lr3e4-ent001-off,sw1-lr3e4-ent001-off,27,2337792,0.34,-1.0
sw1-lr3e4-ent001-off,sw1-lr3e4-ent001-off,27,2368512,0.31,-1.0
sw1-lr3e4-ent001-off,sw1-lr3e4-ent001-off,27,2399232,0.34,-1.0
sw1-lr3e4-ent001-off,sw1-lr3e4-ent001-off,27,2429952,0.31,-1.0
sw1-lr3e4-ent001-off,sw1-lr3e4-ent001-off,27,2460672,0.27,-1.0
sw1-lr3e4-ent001-off,sw1-lr3e4-ent001-off,27,2491392,0.3,-1.0
sw1-lr3e4-ent001-off,sw1-lr3e4-ent001-off,27,2522112,0.37,-1.0
sw1-lr3e4-ent001-off,sw1-lr3e4-ent001-off,27,2552832,0.37,-1.0
sw1-lr3e4-ent001-off,sw1-lr3e4-ent001-off,27,2583552,0.35,-1.0
sw1-lr3e4-ent001-off,sw1-lr3e4-ent001-off,27,2614272,0.32,-1.0
sw1-lr3e4-ent001-off,sw1-lr3e4-ent001-off,27,2644992,0.36,-1.0
sw1-lr3e4-ent001-off,sw1-lr3e4-ent001-off,27,2675712,0.29,-1.0
sw1-lr3e4-ent001-off,sw1-lr3e4-ent001-off,27,2706432,0.38,-1.0
sw1-lr3e4-ent001-off,sw1-lr3e4-ent001-off,27,2737152,0.31,-1.0
sw1-lr3e4-ent001-off,sw1-lr3e4-ent001-off,27,2767872,0.37,-1.0
sw1-lr3e4-ent001-off,sw1-lr3e4-ent001-off,27,2798592,0.33,-1.0
sw1-lr3e4-ent001-off,sw1-lr3e4-ent001-off,27,2829312,0.36,-1.0
sw1-lr3e4-ent001-off,sw1-lr3e4-ent001-off,27,2860032,0.4,-1.0
sw1-lr3e4-ent001-off,sw1-lr3e4-ent001-off,27,2890752,0.37,-1.0
sw1-lr3e4-ent001-off,sw1-lr3e4-ent001-off,27,2921472,0.34,-1.0
sw1-lr3e4-ent001-off,sw1-lr3e4-ent001-off,27,2952192,0.36,-1.0
sw1-lr3e4-ent001-off,sw1-lr3e4-ent001-off,27,2982912,0.35,-1.0
sw1-lr3e4-ent001-off,sw1-lr3e4-ent001-off,27,2998272,0.4,-1.0
sw1-lr3e4-ent003-off,sw1-lr3e4-ent003-off,27,3072,0.0,-1.0
sw1-lr3e4-ent003-off,sw1-lr3e4-ent003-off,27,33792,0.0,-1.0
sw1-lr3e4-ent003-off,sw1-lr3e4-ent003-off,27,64512,0.02,-1.0
sw1-lr3e4-ent003-off,sw1-lr3e4-ent003-off,27,95232,0.01,-1.0
sw1-lr3e4-ent003-off,sw1-lr3e4-ent003-off,27,125952,0.02,-1.0
sw1-lr3e4-ent003-off,sw1-lr3e4-ent003-off,27,156672,0.0,-1.0
sw1-lr3e4-ent003-off,sw1-lr3e4-ent003-off,27,187392,0.04,-1.0
sw1-lr3e4-ent003-off,sw1-lr3e4-ent003-off,27,218112,0.0,-1.0
sw1-lr3e4-ent003-off,sw1-lr3e4-ent003-off,27,248832,0.01,-1.0
sw1-lr3e4-ent003-off,sw1-lr3e4-ent003-off,27,279552,0.01,-1.0
sw1-lr3e4-ent003-off,sw1-lr3e4-ent003-off,27,310272,0.02,-1.0
sw1-lr3e4-ent003-off,sw1-lr3e4-ent003-off,27,340992,0.04,-1.0
sw1-lr3e4-ent003-off,sw1-lr3e4-ent003-off,27,371712,0.05,-1.0
sw1-lr3e4-ent003-off,sw1-lr3e4-ent003-off,27,402432,0.02,-1.0
sw1-lr3e4-ent003-off,sw1-lr3e4-ent003-off,27,433152,0.03,-1.0
sw1-lr3e4-ent003-off,sw1-lr3e4-ent003-off,27,463872,0.05,-1.0
sw1-lr3e4-ent003-off,sw1-lr3e4-ent003-off,27,494592,0.05,-1.0
sw1-lr3e4-ent003-off,sw1-lr3e4-ent003-off,27,525312,0.06,-1.0
sw1-lr3e4-ent003-off,sw1-lr3e4-ent003-off,27,556032,0.04,-1.0
sw1-lr3e4-ent003-off,sw1-lr3e4-ent003-off,27,586752,0.05,-1.0
sw1-lr3e4-ent003-off,sw1-lr3e4-ent003-off,27,617472,0.05,-1.0
sw1-lr3e4-ent003-off,sw1-lr3e4-ent003-off,27,648192,0.03,-1.0
sw1-lr3e4-ent003-off,sw1-lr3e4-ent003-off,27,678912,0.03,-1.0
sw1-lr3e4-ent003-off,sw1-lr3e4-ent003-off,27,709632,0.04,-1.0
sw1-lr3e4-ent003-off,sw1-lr3e4-ent003-off,27,740352,0.07,-1.0
sw1-lr3e4-ent003-off,sw1-lr3e4-ent003-off,27,771072,0.05,-1.0
sw1-lr3e4-ent003-off,sw1-lr3e4-ent003-off,27,801792,0.04,-1.0
sw1-lr3e4-ent003-off,sw1-lr3e4-ent003-off,27,832512,0.09,-1.0
sw1-lr3e4-ent003-off,sw1-lr3e4-ent003-off,27,863232,0.03,-1.0
sw1-lr3e4-ent003-off,sw1-lr3e4-ent003-off,27,893952,0.05,-1.0
sw1-lr3e4-ent003-off,sw1-lr3e4-ent003-off,27,924672,0.11,-1.0
sw1-lr3e4-ent003-off,sw1-lr3e4-ent003-off,27,955392,0.07,-1.0
sw1-lr3e4-ent003-off,sw1-lr3e4-ent003-off,27,986112,0.11,-1.0
sw1-lr3e4-ent003-off,sw1-lr3e4-ent003-off,27,1016832,0.04,-1.0
sw1-lr3e4-ent003-off,sw1-lr3e4-ent003-off,27,1047552,0.07,-1.0
sw1-lr3e4-ent003-off,sw1-lr3e4-ent003-off,27,1078272,0.09,-1.0
sw1-lr3e4-ent003-off,sw1-lr3e4-ent003-off,27,1108992,0.06,-1.0
sw1-lr3e4-ent003-off,sw1-lr3e4-ent003-off,27,1139712,0.06,-1.0
sw1-lr3e4-ent003-off,sw1-lr3e4-ent003-off,27,1170432,0.05,-1.0
sw1-lr3e4-ent003-off,sw1-lr3e4-ent003-off,27,1201152,0.09,-1.0
sw1-lr3e4-ent003-off,sw1-lr3e4-ent003-off,27,1231872,0.07,-1.0
sw1-lr3e4-ent003-off,sw1-lr3e4-ent003-off,27,1262592,0.11,-1.0
sw1-lr3e4-ent003-off,sw1-lr3e4-ent003-off,27,1293312,0.08,-1.0
sw1-lr3e4-ent003-off,sw1-lr3e4-ent003-off,27,1324032,0.09,-1.0
sw1-lr3e4-ent003-off,sw1-lr3e4-ent003-off,27,1354752,0.12,-1.0
sw1-lr3e4-ent003-off,sw1-lr3e4-ent003-off,27,1385472,0.11,-1.0
sw1-lr3e4-ent003-off,sw1-lr3e4-ent003-off,27,1416192,0.17,-1.0
sw1-lr3e4-ent003-off,sw1-lr3e4-ent003-off,27,1446912,0.16,-1.0
sw1-lr3e4-ent003-off,sw1-lr3e4-ent003-off,27,1477632,0.14,-1.0
sw1-lr3e4-ent003-off,sw1-lr3e4-ent003-off,27,1508352,0.07,-1.0
sw1-lr3e4-ent003-off,sw1-lr3e4-ent003-off,27,1539072,0.13,-1.0
sw1-lr3e4-ent003-off,sw1-lr3e4-ent003-off,27,1569792,0.14,-1.0
sw1-lr3e4-ent003-off,sw1-lr3e4-ent003-off,27,1600512,0.19,-1.0
sw1-lr3e4-ent003-off,sw1-lr3e4-ent003-off,27,1631232,0.12,-1.0
sw1-lr3e4-ent003-off,sw1-lr3e4-ent003-off,27,1661952,0.11,-1.0
sw1-lr3e4-ent003-off,sw1-lr3e4-ent003-off,27,1692672,0.15,-1.0
sw1-lr3e4-ent003-off,sw1-lr3e4-ent003-off,27,1723392,0.1,-1.0
sw1-lr3e4-ent003-off,sw1-lr3e4-ent003-off,27,1754112,0.2,-1.0
sw1-lr3e4-ent003-off,sw1-lr3e4-ent003-off,27,1784832,0.12,-1.0
sw1-lr3e4-ent003-off,sw1-lr3e4-ent003-off,27,1815552,0.18,-1.0
sw1-lr3e4-ent003-off,sw1-lr3e4-ent003-off,27,1846272,0.17,-1.0
sw1-lr3e4-ent003-off,sw1-lr3e4-ent003-off,27,1876992,0.12,-1.0
sw1-lr3e4-ent003-off,sw1-lr3e4-ent003-off,27,1907712,0.19,-1.0
sw1-lr3e4-ent003-off,sw1-lr3e4-ent003-off,27,1938432,0.14,-1.0
sw1-lr3e4-ent003-off,sw1-lr3e4-ent003-off,27,1969152,0.21,-1.0
sw1-lr3e4-ent003-off,sw1-lr3e4-ent003-off,27,1999872,0.22,-1.0
sw1-lr3e4-ent003-off,sw1-lr3e4-ent003-off,27,2030592,0.29,-1.0
sw1-lr3e4-ent003-off,sw1-lr3e4-ent003-off,27,2061312,0.2,-1.0
sw1-lr3e4-ent003-off,sw1-lr3e4-ent003-off,27,2092032,0.22,-1.0
sw1-lr3e4-ent003-off,sw1-lr3e4-ent003-off,27,2122752,0.26,-1.0
sw1-lr3e4-ent003-off,sw1-lr3e4-ent003-off,27,2153472,0.23,-1.0
sw1-lr3e4-ent003-off,sw1-lr3e4-ent003-off,27,2184192,0.27,-1.0
sw1-lr3e4-ent003-off,sw1-lr3e4-ent003-off,27,2214912,0.14,-1.0
sw1-lr3e4-ent003-off,sw1-lr3e4-ent003-off,27,2245632,0.24,-1.0
sw1-lr3e4-ent003-off,sw1-lr3e4-ent003-off,27,2276352,0.19,-1.0
sw1-lr3e4-ent003-off,sw1-lr3e4-ent003-off,27,2307072,0.17,-1.0
sw1-lr3e4-ent003-off,sw1-lr3e4-ent003-off,27,2337792,0.33,-1.0
sw1-lr3e4-ent003-off,sw1-lr3e4-ent003-off,27,2368512,0.31,-1.0
sw1-lr3e4-ent003-off,sw1-lr3e4-ent003-off,27,2399232,0.25,-1.0
sw1-lr3e4-ent003-off,sw1-lr3e4-ent003-off,27,2429952,0.28,-1.0
sw1-lr3e4-ent003-off,sw1-lr3e4-ent003-off,27,2460672,0.35,-1.0
sw1-lr3e4-ent003-off,sw1-lr3e4-ent003-off,27,2491392,0.35,-1.0
sw1-lr3e4-ent003-off,sw1-lr3e4-ent003-off,27,2522112,0.32,-1.0
sw1-lr3e4-ent003-off,sw1-lr3e4-ent003-off,27,2552832,0.38,-1.0
sw1-lr3e4-ent003-off,sw1-lr3e4-ent003-off,27,2583552,0.34,-1.0
sw1-lr3e4-ent003-off,sw1-lr3e4-ent003-off,27,2614272,0.3,-1.0
sw1-lr3e4-ent003-off,sw1-lr3e4-ent003-off,27,2644992,0.37,-1.0
sw1-lr3e4-ent003-off,sw1-lr3e4-ent003-off,27,2675712,0.2,-1.0
sw1-lr3e4-ent003-off,sw1-lr3e4-ent003-off,27,2706432,0.22,-1.0
sw1-lr3e4-ent003-off,sw1-lr3e4-ent003-off,27,2737152,0.29,-1.0
sw1-lr3e4-ent003-off,sw1-lr3e4-ent003-off,27,2767872,0.28,-1.0
sw1-lr3e4-ent003-off,sw1-lr3e4-ent003-off,27,2798592,0.34,-1.0
sw1-lr3e4-ent003-off,sw1-lr3e4-ent003-off,27,2829312,0.25,-1.0
sw1-lr3e4-ent003-off,sw1-lr3e4-ent003-off,27,2860032,0.32,-1.0
sw1-lr3e4-ent003-off,sw1-lr3e4-ent003-off,27,2890752,0.36,-1.0
sw1-lr3e4-ent003-off,sw1-lr3e4-ent003-off,27,2921472,0.39,-1.0
sw1-lr3e4-ent003-off,sw1-lr3e4-ent003-off,27,2952192,0.3,-1.0
sw1-lr3e4-ent003-off,sw1-lr3e4-ent003-off,27,2982912,0.3,-1.0
sw1-lr3e4-ent003-off,sw1-lr3e4-ent003-off,27,2998272,0.34,-1.0
sw1-lr1e3-ent0003-off,sw1-lr1e3-ent0003-off,27,3072,0.0,-1.0
sw1-lr1e3-ent0003-off,sw1-lr1e3-ent0003-off,27,33792,0.01,-1.0
sw1-lr1e3-ent0003-off,sw1-lr1e3-ent0003-off,27,64512,0.0,-1.0
sw1-lr1e3-ent0003-off,sw1-lr1e3-ent0003-off,27,95232,0.0,-1.0
sw1-lr1e3-ent0003-off,sw1-lr1e3-ent0003-off,27,125952,0.03,-1.0
sw1-lr1e3-ent0003-off,sw1-lr1e3-ent0003-off,27,156672,0.02,-1.0
sw1-lr1e3-ent0003-off,sw1-lr1e3-ent0003-off,27,187392,0.01,-1.0
sw1-lr1e3-ent0003-off,sw1-lr1e3-ent0003-off,27,218112,0.01,-1.0
sw1-lr1e3-ent0003-off,sw1-lr1e3-ent0003-off,27,248832,0.0,-1.0
sw1-lr1e3-ent0003-off,sw1-lr1e3-ent0003-off,27,279552,0.02,-1.0
sw1-lr1e3-ent0003-off,sw1-lr1e3-ent0003-off,27,310272,0.05,-1.0
sw1-lr1e3-ent0003-off,sw1-lr1e3-ent0003-off,27,340992,0.04,-1.0
sw1-lr1e3-ent0003-off,sw1-lr1e3-ent0003-off,27,371712,0.04,-1.0
sw1-lr1e3-ent0003-off,sw1-lr1e3-ent0003-off,27,402432,0.03,-1.0
sw1-lr1e3-ent0003-off,sw1-lr1e3-ent0003-off,27,433152,0.01,-1.0
sw1-lr1e3-ent0003-off,sw1-lr1e3-ent0003-off,27,463872,0.02,-1.0
sw1-lr1e3-ent0003-off,sw1-lr1e3-ent0003-off,27,494592,0.02,-1.0
sw1-lr1e3-ent0003-off,sw1-lr1e3-ent0003-off,27,525312,0.02,-1.0
sw1-lr1e3-ent0003-off,sw1-lr1e3-ent0003-off,27,556032,0.08,-1.0
sw1-lr1e3-ent0003-off,sw1-lr1e3-ent0003-off,27,586752,0.02,-1.0
sw1-lr1e3-ent0003-off,sw1-lr1e3-ent0003-off,27,617472,0.03,-1.0
sw1-lr1e3-ent0003-off,sw1-lr1e3-ent0003-off,27,648192,0.05,-1.0
sw1-lr1e3-ent0003-off,sw1-lr1e3-ent0003-off,27,678912,0.05,-1.0
sw1-lr1e3-ent0003-off,sw1-lr1e3-ent0003-off,27,709632,0.06,-1.0
sw1-lr1e3-ent0003-off,sw1-lr1e3-ent0003-off,27,740352,0.06,-1.0
sw1-lr1e3-ent0003-off,sw1-lr1e3-ent0003-off,27,771072,0.05,-1.0
sw1-lr1e3-ent0003-off,sw1-lr1e3-ent0003-off,27,801792,0.07,-1.0
sw1-lr1e3-ent0003-off,sw1-lr1e3-ent0003-off,27,832512,0.04,-1.0
sw1-lr1e3-ent0003-off,sw1-lr1e3-ent0003-off,27,863232,0.06,-1.0
sw1-lr1e3-ent0003-off,sw1-lr1e3-ent0003-off,27,893952,0.04,-1.0
sw1-lr1e3-ent0003-off,sw1-lr1e3-ent0003-off,27,924672,0.09,-1.0
sw1-lr1e3-ent0003-off,sw1-lr1e3-ent0003-off,27,955392,0.07,-1.0
sw1-lr1e3-ent0003-off,sw1-lr1e3-ent0003-off,27,986112,0.05,-1.0
sw1-lr1e3-ent0003-off,sw1-lr1e3-ent0003-off,27,1016832,0.07,-1.0
sw1-lr1e3-ent0003-off,sw1-lr1e3-ent0003-off,27,1047552,0.1,-1.0
sw1-lr1e3-ent0003-off,sw1-lr1e3-ent0003-off,27,1078272,0.06,-1.0
sw1-lr1e3-ent0003-off,sw1-lr1e3-ent0003-off,27,1108992,0.06,-1.0
sw1-lr1e3-ent0003-off,sw1-lr1e3-ent0003-off,27,1139712,0.08,-1.0
sw1-lr1e3-ent0003-off,sw1-lr1e3-ent0003-off,27,1170432,0.05,-1.0
sw1-lr1e3-ent0003-off,sw1-lr1e3-ent0003-off,27,1201152,0.08,-1.0
sw1-lr1e3-ent0003-off,sw1-lr1e3-ent0003-off,27,1231872,0.06,-1.0
sw1-lr1e3-ent0003-off,sw1-lr1e3-ent0003-off,27,1262592,0.09,-1.0
sw1-lr1e3-ent0003-off,sw1-lr1e3-ent0003-off,27,1293312,0.1,-1.0
sw1-lr1e3-ent0003-off,sw1-lr1e3-ent0003-off,27,1324032,0.07,-1.0
sw1-lr1e3-ent0003-off,sw1-lr1e3-ent0003-off,27,1354752,0.03,-1.0
sw1-lr1e3-ent0003-off,sw1-lr1e3-ent0003-off,27,1385472,0.05,-1.0
sw1-lr1e3-ent0003-off,sw1-lr1e3-ent0003-off,27,1416192,0.08,-1.0
sw1-lr1e3-ent0003-off,sw1-lr1e3-ent0003-off,27,1446912,0.14,-1.0
sw1-lr1e3-ent0003-off,sw1-lr1e3-ent0003-off,27,1477632,0.13,-1.0
sw1-lr1e3-ent0003-off,sw1-lr1e3-ent0003-off,27,1508352,0.1,-1.0
sw1-lr1e3-ent0003-off,sw1-lr1e3-ent0003-off,27,1539072,0.08,-1.0
sw1-lr1e3-ent0003-off,sw1-lr1e3-ent0003-off,27,1569792,0.14,-1.0
sw1-lr1e3-ent0003-off,sw1-lr1e3-ent0003-off,27,1600512,0.16,-1.0
sw1-lr1e3-ent0003-off,sw1-lr1e3-ent0003-off,27,1631232,0.08,-1.0
sw1-lr1e3-ent0003-off,sw1-lr1e3-ent0003-off,27,1661952,0.09,-1.0
sw1-lr1e3-ent0003-off,sw1-lr1e3-ent0003-off,27,1692672,0.11,-1.0
sw1-lr1e3-ent0003-off,sw1-lr1e3-ent0003-off,27,1723392,0.09,-1.0
sw1-lr1e3-ent0003-off,sw1-lr1e3-ent0003-off,27,1754112,0.05,-1.0
sw1-lr1e3-ent0003-off,sw1-lr1e3-ent0003-off,27,1784832,0.1,-1.0
sw1-lr1e3-ent0003-off,sw1-lr1e3-ent0003-off,27,1815552,0.13,-1.0
sw1-lr1e3-ent0003-off,sw1-lr1e3-ent0003-off,27,1846272,0.11,-1.0
sw1-lr1e3-ent0003-off,sw1-lr1e3-ent0003-off,27,1876992,0.11,-1.0
sw1-lr1e3-ent0003-off,sw1-lr1e3-ent0003-off,27,1907712,0.11,-1.0
sw1-lr1e3-ent0003-off,sw1-lr1e3-ent0003-off,27,1938432,0.22,-1.0
sw1-lr1e3-ent0003-off,sw1-lr1e3-ent0003-off,27,1969152,0.08,-1.0
sw1-lr1e3-ent0003-off,sw1-lr1e3-ent0003-off,27,1999872,0.16,-1.0
sw1-lr1e3-ent0003-off,sw1-lr1e3-ent0003-off,27,2030592,0.17,-1.0
sw1-lr1e3-ent0003-off,sw1-lr1e3-ent0003-off,27,2061312,0.16,-1.0
sw1-lr1e3-ent0003-off,sw1-lr1e3-ent0003-off,27,2092032,0.1,-1.0
sw1-lr1e3-ent0003-off,sw1-lr1e3-ent0003-off,27,2122752,0.09,-1.0
sw1-lr1e3-ent0003-off,sw1-lr1e3-ent0003-off,27,2153472,0.21,-1.0
sw1-lr1e3-ent0003-off,sw1-lr1e3-ent0003-off,27,2184192,0.22,-1.0
sw1-lr1e3-ent0003-off,sw1-lr1e3-ent0003-off,27,2214912,0.14,-1.0
sw1-lr1e3-ent0003-off,sw1-lr1e3-ent0003-off,27,2245632,0.15,-1.0
sw1-lr1e3-ent0003-off,sw1-lr1e3-ent0003-off,27,2276352,0.15,-1.0
sw1-lr1e3-ent0003-off,sw1-lr1e3-ent0003-off,27,2307072,0.21,-1.0
sw1-lr1e3-ent0003-off,sw1-lr1e3-ent0003-off,27,2337792,0.15,-1.0
sw1-lr1e3-ent0003-off,sw1-lr1e3-ent0003-off,27,2368512,0.19,-1.0
sw1-lr1e3-ent0003-off,sw1-lr1e3-ent0003-off,27,2399232,0.14,-1.0
sw1-lr1e3-ent0003-off,sw1-lr1e3-ent0003-off,27,2429952,0.27,-1.0
sw1-lr1e3-ent0003-off,sw1-lr1e3-ent0003-off,27,2460672,0.23,-1.0
sw1-lr1e3-ent0003-off,sw1-lr1e3-ent0003-off,27,2491392,0.22,-1.0
sw1-lr1e3-ent0003-off,sw1-lr1e3-ent0003-off,27,2522112,0.1,-1.0
sw1-lr1e3-ent0003-off,sw1-lr1e3-ent0003-off,27,2552832,0.2,-1.0
sw1-lr1e3-ent0003-off,sw1-lr1e3-ent0003-off,27,2583552,0.19,-1.0
sw1-lr1e3-ent0003-off,sw1-lr1e3-ent0003-off,27,2614272,0.36,-1.0
sw1-lr1e3-ent0003-off,sw1-lr1e3-ent0003-off,27,2644992,0.17,-1.0
sw1-lr1e3-ent0003-off,sw1-lr1e3-ent0003-off,27,2675712,0.18,-1.0
sw1-lr1e3-ent0003-off,sw1-lr1e3-ent0003-off,27,2706432,0.18,-1.0
sw1-lr1e3-ent0003-off,sw1-lr1e3-ent0003-off,27,2737152,0.19,-1.0
sw1-lr1e3-ent0003-off,sw1-lr1e3-ent0003-off,27,2767872,0.21,-1.0
sw1-lr1e3-ent0003-off,sw1-lr1e3-ent0003-off,27,2798592,0.24,-1.0
sw1-lr1e3-ent0003-off,sw1-lr1e3-ent0003-off,27,2829312,0.25,-1.0
sw1-lr1e3-ent0003-off,sw1-lr1e3-ent0003-off,27,2860032,0.3,-1.0
sw1-lr1e3-ent0003-off,sw1-lr1e3-ent0003-off,27,2890752,0.3,-1.0
sw1-lr1e3-ent0003-off,sw1-lr1e3-ent0003-off,27,2921472,0.28,-1.0
sw1-lr1e3-ent0003-off,sw1-lr1e3-ent0003-off,27,2952192,0.27,-1.0
sw1-lr1e3-ent0003-off,sw1-lr1e3-ent0003-off,27,2982912,0.31,-1.0
sw1-lr1e3-ent0003-off,sw1-lr1e3-ent0003-off,27,2998272,0.27,-1.0
sw1-lr1e3-ent001-off,sw1-lr1e3-ent001-off,27,3072,0.0,-1.0
sw1-lr1e3-ent001-off,sw1-lr1e3-ent001-off,27,33792,0.0,-1.0
sw1-lr1e3-ent001-off,sw1-lr1e3-ent001-off,27,64512,0.0,-1.0
sw1-lr1e3-ent001-off,sw1-lr1e3-ent001-off,27,95232,0.03,-1.0
sw1-lr1e3-ent001-off,sw1-lr1e3-ent001-off,27,125952,0.0,-1.0
sw1-lr1e3-ent001-off,sw1-lr1e3-ent001-off,27,156672,0.03,-1.0
sw1-lr1e3-ent001-off,sw1-lr1e3-ent001-off,27,187392,0.0,-1.0
sw1-lr1e3-ent001-off,sw1-lr1e3-ent001-off,27,218112,0.01,-1.0
sw1-lr1e3-ent001-off,sw1-lr1e3-ent001-off,27,248832,0.0,-1.0
sw1-lr1e3-ent001-off,sw1-lr1e3-ent001-off,27,279552,0.02,-1.0
sw1-lr1e3-ent001-off,sw1-lr1e3-ent001-off,27,310272,0.01,-1.0
sw1-lr1e3-ent001-off,sw1-lr1e3-ent001-off,27,340992,0.05,-1.0
sw1-lr1e3-ent001-off,sw1-lr1e3-ent001-off,27,371712,0.02,-1.0
sw1-lr1e3-ent001-off,sw1-lr1e3-ent001-off,27,402432,0.01,-1.0
sw1-lr1e3-ent001-off,sw1-lr1e3-ent001-off,27,433152,0.01,-1.0
sw1-lr1e3-ent001-off,sw1-lr1e3-ent001-off,27,463872,0.02,-1.0
sw1-lr1e3-ent001-off,sw1-lr1e3-ent001-off,27,494592,0.05,-1.0
sw1-lr1e3-ent001-off,sw1-lr1e3-ent001-off,27,525312,0.04,-1.0
sw1-lr1e3-ent001-off,sw1-lr1e3-ent001-off,27,556032,0.03,-1.0
sw1-lr1e3-ent001-off,sw1-lr1e3-ent001-off,27,586752,0.05,-1.0
sw1-lr1e3-ent001-off,sw1-lr1e3-ent001-off,27,617472,0.04,-1.0
sw1-lr1e3-ent001-off,sw1-lr1e3-ent001-off,27,648192,0.01,-1.0
sw1-lr1e3-ent001-off,sw1-lr1e3-ent001-off,27,678912,0.02,-1.0
sw1-lr1e3-ent001-off,sw1-lr1e3-ent001-off,27,709632,0.04,-1.0
sw1-lr1e3-ent001-off,sw1-lr1e3-ent001-off,27,740352,0.02,-1.0
sw1-lr1e3-ent001-off,sw1-lr1e3-ent001-off,27,771072,0.02,-1.0
sw1-lr1e3-ent001-off,sw1-lr1e3-ent001-off,27,801792,0.02,-1.0
sw1-lr1e3-ent001-off,sw1-lr1e3-ent001-off,27,832512,0.06,-1.0
sw1-lr1e3-ent001-off,sw1-lr1e3-ent001-off,27,863232,0.04,-1.0
sw1-lr1e3-ent001-off,sw1-lr1e3-ent001-off,27,893952,0.02,-1.0
sw1-lr1e3-ent001-off,sw1-lr1e3-ent001-off,27,924672,0.01,-1.0
sw1-lr1e3-ent001-off,sw1-lr1e3-ent001-off,27,955392,0.07,-1.0
sw1-lr1e3-ent001-off,sw1-lr1e3-ent001-off,27,986112,0.08,-1.0
sw1-lr1e3-ent001-off,sw1-lr1e3-ent001-off,27,1016832,0.05,-1.0
sw1-lr1e3-ent001-off,sw1-lr1e3-ent001-off,27,1047552,0.05,-1.0
sw1-lr1e3-ent001-off,sw1-lr1e3-ent001-off,27,1078272,0.02,-1.0
sw1-lr1e3-ent001-off,sw1-lr1e3-ent001-off,27,1108992,0.05,-1.0
sw1-lr1e3-ent001-off,sw1-lr1e3-ent001-off,27,1139712,0.06,-1.0
sw1-lr1e3-ent001-off,sw1-lr1e3-ent001-off,27,1170432,0.05,-1.0
sw1-lr1e3-ent001-off,sw1-lr1e3-ent001-off,27,1201152,0.06,-1.0
sw1-lr1e3-ent001-off,sw1-lr1e3-ent001-off,27,1231872,0.04,-1.0
sw1-lr1e3-ent001-off,sw1-lr1e3-ent001-off,27,1262592,0.06,-1.0
sw1-lr1e3-ent001-off,sw1-lr1e3-ent001-off,27,1293312,0.07,-1.0
sw1-lr1e3-ent001-off,sw1-lr1e3-ent001-off,27,1324032,0.05,-1.0
sw1-lr1e3-ent001-off,sw1-lr1e3-ent001-off,27,1354752,0.07,-1.0
sw1-lr1e3-ent001-off,sw1-lr1e3-ent001-off,27,1385472,0.05,-1.0
sw1-lr1e3-ent001-off,sw1-lr1e3-ent001-off,27,1416192,0.05,-1.0
sw1-lr1e3-ent001-off,sw1-lr1e3-ent001-off,27,1446912,0.08,-1.0
sw1-lr1e3-ent001-off,sw1-lr1e3-ent001-off,27,1477632,0.13,-1.0
sw1-lr1e3-ent001-off,sw1-lr1e3-ent001-off,27,1508352,0.12,-1.0
sw1-lr1e3-ent001-off,sw1-lr1e3-ent001-off,27,1539072,0.07,-1.0
sw1-lr1e3-ent001-off,sw1-lr1e3-ent001-off,27,1569792,0.07,-1.0
sw1-lr1e3-ent001-off,sw1-lr1e3-ent001-off,27,1600512,0.1,-1.0
sw1-lr1e3-ent001-off,sw1-lr1e3-ent001-off,27,1631232,0.1,-1.0
sw1-lr1e3-ent001-off,sw1-lr1e3-ent001-off,27,1661952,0.08,-1.0
sw1-lr1e3-ent001-off,sw1-lr1e3-ent001-off,27,1692672,0.11,-1.0
sw1-lr1e3-ent001-off,sw1-lr1e3-ent001-off,27,1723392,0.09,-1.0
sw1-lr1e3-ent001-off,sw1-lr1e3-ent001-off,27,1754112,0.06,-1.0
sw1-lr1e3-ent001-off,sw1-lr1e3-ent001-off,27,1784832,0.08,-1.0
sw1-lr1e3-ent001-off,sw1-lr1e3-ent001-off,27,1815552,0.12,-1.0
sw1-lr1e3-ent001-off,sw1-lr1e3-ent001-off,27,1846272,0.1,-1.0
sw1-lr1e3-ent001-off,sw1-lr1e3-ent001-off,27,1876992,0.11,-1.0
sw1-lr1e3-ent001-off,sw1-lr1e3-ent001-off,27,1907712,0.13,-1.0
sw1-lr1e3-ent001-off,sw1-lr1e3-ent001-off,27,1938432,0.07,-1.0
sw1-lr1e3-ent001-off,sw1-lr1e3-ent001-off,27,1969152,0.11,-1.0
sw1-lr1e3-ent001-off,sw1-lr1e3-ent001-off,27,1999872,0.12,-1.0
sw1-lr1e3-ent001-off,sw1-lr1e3-ent001-off,27,2030592,0.13,-1.0
sw1-lr1e3-ent001-off,sw1-lr1e3-ent001-off,27,2061312,0.13,-1.0
sw1-lr1e3-ent001-off,sw1-lr1e3-ent001-off,27,2092032,0.12,-1.0
sw1-lr1e3-ent001-off,sw1-lr1e3-ent001-off,27,2122752,0.14,-1.0
sw1-lr1e3-ent001-off,sw1-lr1e3-ent001-off,27,2153472,0.23,-1.0
sw1-lr1e3-ent001-off,sw1-lr1e3-ent001-off,27,2184192,0.13,-1.0
sw1-lr1e3-ent001-off,sw1-lr1e3-ent001-off,27,2214912,0.2,-1.0
sw1-lr1e3-ent001-off,sw1-lr1e3-ent001-off,27,2245632,0.16,-1.0
sw1-lr1e3-ent001-off,sw1-lr1e3-ent001-off,27,2276352,0.15,-1.0
sw1-lr1e3-ent001-off,sw1-lr1e3-ent001-off,27,2307072,0.1,-1.0
sw1-lr1e3-ent001-off,sw1-lr1e3-ent001-off,27,2337792,0.17,-1.0
sw1-lr1e3-ent001-off,sw1-lr1e3-ent001-off,27,2368512,0.17,-1.0
sw1-lr1e3-ent001-off,sw1-lr1e3-ent001-off,27,2399232,0.22,-1.0
sw1-lr1e3-ent001-off,sw1-lr1e3-ent001-off,27,2429952,0.23,-1.0
sw1-lr1e3-ent001-off,sw1-lr1e3-ent001-off,27,2460672,0.14,-1.0
sw1-lr1e3-ent001-off,sw1-lr1e3-ent001-off,27,2491392,0.25,-1.0
sw1-lr1e3-ent001-off,sw1-lr1e3-ent001-off,27,2522112,0.16,-1.0
sw1-lr1e3-ent001-off,sw1-lr1e3-ent001-off,27,2552832,0.2,-1.0
sw1-lr1e3-ent001-off,sw1-lr1e3-ent001-off,27,2583552,0.21,-1.0
sw1-lr1e3-ent001-off,sw1-lr1e3-ent001-off,27,2614272,0.19,-1.0
sw1-lr1e3-ent001-off,sw1-lr1e3-ent001-off,27,2644992,0.19,-1.0
sw1-lr1e3-ent001-off,sw1-lr1e3-ent001-off,27,2675712,0.21,-1.0
sw1-lr1e3-ent001-off,sw1-lr1e3-ent001-off,27,2706432,0.24,-1.0
sw1-lr1e3-ent001-off,sw1-lr1e3-ent001-off,27,2737152,0.19,-1.0
sw1-lr1e3-ent001-off,sw1-lr1e3-ent001-off,27,2767872,0.2,-1.0
sw1-lr1e3-ent001-off,sw1-lr1e3-ent001-off,27,2798592,0.21,-1.0
sw1-lr1e3-ent001-off,sw1-lr1e3-ent001-off,27,2829312,0.23,-1.0
sw1-lr1e3-ent001-off,sw1-lr1e3-ent001-off,27,2860032,0.25,-1.0
sw1-lr1e3-ent001-off,sw1-lr1e3-ent001-off,27,2890752,0.23,-1.0
sw1-lr1e3-ent001-off,sw1-lr1e3-ent001-off,27,2921472,0.18,-1.0
sw1-lr1e3-ent001-off,sw1-lr1e3-ent001-off,27,2952192,0.23,-1.0
sw1-lr1e3-ent001-off,sw1-lr1e3-ent001-off,27,2982912,0.18,-1.0
sw1-lr1e3-ent001-off,sw1-lr1e3-ent001-off,27,2998272,0.3,-1.0
sw1-lr1e3-ent003-off,sw1-lr1e3-ent003-off,27,3072,0.0,-1.0
sw1-lr1e3-ent003-off,sw1-lr1e3-ent003-off,27,33792,0.02,-1.0
sw1-lr1e3-ent003-off,sw1-lr1e3-ent003-off,27,64512,0.0,-1.0
sw1-lr1e3-ent003-off,sw1-lr1e3-ent003-off,27,95232,0.0,-1.0
sw1-lr1e3-ent003-off,sw1-lr1e3-ent003-off,27,125952,0.02,-1.0
sw1-lr1e3-ent003-off,sw1-lr1e3-ent003-off,27,156672,0.01,-1.0
sw1-lr1e3-ent003-off,sw1-lr1e3-ent003-off,27,187392,0.02,-1.0
sw1-lr1e3-ent003-off,sw1-lr1e3-ent003-off,27,218112,0.01,-1.0
sw1-lr1e3-ent003-off,sw1-lr1e3-ent003-off,27,248832,0.03,-1.0
sw1-lr1e3-ent003-off,sw1-lr1e3-ent003-off,27,279552,0.02,-1.0
sw1-lr1e3-ent003-off,sw1-lr1e3-ent003-off,27,310272,0.01,-1.0
sw1-lr1e3-ent003-off,sw1-lr1e3-ent003-off,27,340992,0.01,-1.0
sw1-lr1e3-ent003-off,sw1-lr1e3-ent003-off,27,371712,0.02,-1.0
sw1-lr1e3-ent003-off,sw1-lr1e3-ent003-off,27,402432,0.0,-1.0
sw1-lr1e3-ent003-off,sw1-lr1e3-ent003-off,27,433152,0.0,-1.0
sw1-lr1e3-ent003-off,sw1-lr1e3-ent003-off,27,463872,0.02,-1.0
sw1-lr1e3-ent003-off,sw1-lr1e3-ent003-off,27,494592,0.0,-1.0
sw1-lr1e3-ent003-off,sw1-lr1e3-ent003-off,27,525312,0.02,-1.0
sw1-lr1e3-ent003-off,sw1-lr1e3-ent003-off,27,556032,0.01,-1.0
sw1-lr1e3-ent003-off,sw1-lr1e3-ent003-off,27,586752,0.03,-1.0
sw1-lr1e3-ent003-off,sw1-lr1e3-ent003-off,27,617472,0.01,-1.0
sw1-lr1e3-ent003-off,sw1-lr1e3-ent003-off,27,648192,0.0,-1.0
sw1-lr1e3-ent003-off,sw1-lr1e3-ent003-off,27,678912,0.03,-1.0
sw1-lr1e3-ent003-off,sw1-lr1e3-ent003-off,27,709632,0.01,-1.0
sw1-lr1e3-ent003-off,sw1-lr1e3-ent003-off,27,740352,0.04,-1.0
sw1-lr1e3-ent003-off,sw1-lr1e3-ent003-off,27,771072,0.03,-1.0
sw1-lr1e3-ent003-off,sw1-lr1e3-ent003-off,27,801792,0.02,-1.0
sw1-lr1e3-ent003-off,sw1-lr1e3-ent003-off,27,832512,0.02,-1.0
sw1-lr1e3-ent003-off,sw1-lr1e3-ent003-off,27,863232,0.03,-1.0
sw1-lr1e3-ent003-off,sw1-lr1e3-ent003-off,27,893952,0.03,-1.0
sw1-lr1e3-ent003-off,sw1-lr1e3-ent003-off,27,924672,0.03,-1.0
sw1-lr1e3-ent003-off,sw1-lr1e3-ent003-off,27,955392,0.04,-1.0
sw1-lr1e3-ent003-off,sw1-lr1e3-ent003-off,27,986112,0.0,-1.0
sw1-lr1e3-ent003-off,sw1-lr1e3-ent003-off,27,1016832,0.02,-1.0
sw1-lr1e3-ent003-off,sw1-lr1e3-ent003-off,27,1047552,0.05,-1.0
sw1-lr1e3-ent003-off,sw1-lr1e3-ent003-off,27,1078272,0.03,-1.0
sw1-lr1e3-ent003-off,sw1-lr1e3-ent003-off,27,1108992,0.04,-1.0
sw1-lr1e3-ent003-off,sw1-lr1e3-ent003-off,27,1139712,0.02,-1.0
sw1-lr1e3-ent003-off,sw1-lr1e3-ent003-off,27,1170432,0.03,-1.0
sw1-lr1e3-ent003-off,sw1-lr1e3-ent003-off,27,1201152,0.07,-1.0
sw1-lr1e3-ent003-off,sw1-lr1e3-ent003-off,27,1231872,0.03,-1.0
sw1-lr1e3-ent003-off,sw1-lr1e3-ent003-off,27,1262592,0.01,-1.0
sw1-lr1e3-ent003-off,sw1-lr1e3-ent003-off,27,1293312,0.03,-1.0
sw1-lr1e3-ent003-off,sw1-lr1e3-ent003-off,27,1324032,0.03,-1.0
sw1-lr1e3-ent003-off,sw1-lr1e3-ent003-off,27,1354752,0.03,-1.0
sw1-lr1e3-ent003-off,sw1-lr1e3-ent003-off,27,1385472,0.02,-1.0
sw1-lr1e3-ent003-off,sw1-lr1e3-ent003-off,27,1416192,0.01,-1.0
sw1-lr1e3-ent003-off,sw1-lr1e3-ent003-off,27,1446912,0.04,-1.0
sw1-lr1e3-ent003-off,sw1-lr1e3-ent003-off,27,1477632,0.05,-1.0
sw1-lr1e3-ent003-off,sw1-lr1e3-ent003-off,27,1508352,0.01,-1.0
sw1-lr1e3-ent003-off,sw1-lr1e3-ent003-off,27,1539072,0.05,-1.0
sw1-lr1e3-ent003-off,sw1-lr1e3-ent003-off,27,1569792,0.05,-1.0
sw1-lr1e3-ent003-off,sw1-lr1e3-ent003-off,27,1600512,0.03,-1.0
sw1-lr1e3-ent003-off,sw1-lr1e3-ent003-off,27,1631232,0.03,-1.0
sw1-lr1e3-ent003-off,sw1-lr1e3-ent003-off,27,1661952,0.04,-1.0
sw1-lr1e3-ent003-off,sw1-lr1e3-ent003-off,27,1692672,0.09,-1.0
sw1-lr1e3-ent003-off,sw1-lr1e3-ent003-off,27,1723392,0.02,-1.0
sw1-lr1e3-ent003-off,sw1-lr1e3-ent003-off,27,1754112,0.04,-1.0
sw1-lr1e3-ent003-off,sw1-lr1e3-ent003-off,27,1784832,0.02,-1.0
sw1-lr1e3-ent003-off,sw1-lr1e3-ent003-off,27,1815552,0.04,-1.0
sw1-lr1e3-ent003-off,sw1-lr1e3-ent003-off,27,1846272,0.04,-1.0
sw1-lr1e3-ent003-off,sw1-lr1e3-ent003-off,27,1876992,0.03,-1.0
sw1-lr1e3-ent003-off,sw1-lr1e3-ent003-off,27,1907712,0.06,-1.0
sw1-lr1e3-ent003-off,sw1-lr1e3-ent003-off,27,1938432,0.09,-1.0
sw1-lr1e3-ent003-off,sw1-lr1e3-ent003-off,27,1969152,0.02,-1.0
sw1-lr1e3-ent003-off,sw1-lr1e3-ent003-off,27,1999872,0.04,-1.0
sw1-lr1e3-ent003-off,sw1-lr1e3-ent003-off,27,2030592,0.08,-1.0
sw1-lr1e3-ent003-off,sw1-lr1e3-ent003-off,27,2061312,0.05,-1.0
sw1-lr1e3-ent003-off,sw1-lr1e3-ent003-off,27,2092032,0.04,-1.0
sw1-lr1e3-ent003-off,sw1-lr1e3-ent003-off,27,2122752,0.1,-1.0
sw1-lr1e3-ent003-off,sw1-lr1e3-ent003-off,27,2153472,0.03,-1.0
sw1-lr1e3-ent003-off,sw1-lr1e3-ent003-off,27,2184192,0.04,-1.0
sw1-lr1e3-ent003-off,sw1-lr1e3-ent003-off,27,2214912,0.03,-1.0
sw1-lr1e3-ent003-off,sw1-lr1e3-ent003-off,27,2245632,0.06,-1.0
sw1-lr1e3-ent003-off,sw1-lr1e3-ent003-off,27,2276352,0.08,-1.0
sw1-lr1e3-ent003-off,sw1-lr1e3-ent003-off,27,2307072,0.09,-1.0
sw1-lr1e3-ent003-off,sw1-lr1e3-ent003-off,27,2337792,0.09,-1.0
sw1-lr1e3-ent003-off,sw1-lr1e3-ent003-off,27,2368512,0.06,-1.0
sw1-lr1e3-ent003-off,sw1-lr1e3-ent003-off,27,2399232,0.13,-1.0
sw1-lr1e3-ent003-off,sw1-lr1e3-ent003-off,27,2429952,0.1,-1.0
sw1-lr1e3-ent003-off,sw1-lr1e3-ent003-off,27,2460672,0.08,-1.0
sw1-lr1e3-ent003-off,sw1-lr1e3-ent003-off,27,2491392,0.1,-1.0
sw1-lr1e3-ent003-off,sw1-lr1e3-ent003-off,27,2522112,0.09,-1.0
sw1-lr1e3-ent003-off,sw1-lr1e3-ent003-off,27,2552832,0.09,-1.0
sw1-lr1e3-ent003-off,sw1-lr1e3-ent003-off,27,2583552,0.03,-1.0
sw1-lr1e3-ent003-off,sw1-lr1e3-ent003-off,27,2614272,0.07,-1.0
sw1-lr1e3-ent003-off,sw1-lr1e3-ent003-off,27,2644992,0.08,-1.0
sw1-lr1e3-ent003-off,sw1-lr1e3-ent003-off,27,2675712,0.08,-1.0
sw1-lr1e3-ent003-off,sw1-lr1e3-ent003-off,27,2706432,0.12,-1.0
sw1-lr1e3-ent003-off,sw1-lr1e3-ent003-off,27,2737152,0.09,-1.0
sw1-lr1e3-ent003-off,sw1-lr1e3-ent003-off,27,2767872,0.06,-1.0
sw1-lr1e3-ent003-off,sw1-lr1e3-ent003-off,27,2798592,0.11,-1.0
sw1-lr1e3-ent003-off,sw1-lr1e3-ent003-off,27,2829312,0.07,-1.0
sw1-lr1e3-ent003-off,sw1-lr1e3-ent003-off,27,2860032,0.11,-1.0
sw1-lr1e3-ent003-off,sw1-lr1e3-ent003-off,27,2890752,0.14,-1.0
sw1-lr1e3-ent003-off,sw1-lr1e3-ent003-off,27,2921472,0.15,-1.0
sw1-lr1e3-ent003-off,sw1-lr1e3-ent003-off,27,2952192,0.14,-1.0
sw1-lr1e3-ent003-off,sw1-lr1e3-ent003-off,27,2982912,0.12,-1.0
sw1-lr1e3-ent003-off,sw1-lr1e3-ent003-off,27,2998272,0.2,-1.0
sw1-lr1e4-ent003-on,sw1-lr1e4-ent003-on,27,3072,0.0,-1.0
sw1-lr1e4-ent003-on,sw1-lr1e4-ent003-on,27,33792,0.0,-1.0
sw1-lr1e4-ent003-on,sw1-lr1e4-ent003-on,27,64512,0.04,-1.0
sw1-lr1e4-ent003-on,sw1-lr1e4-ent003-on,27,95232,0.02,-1.0
sw1-lr1e4-ent003-on,sw1-lr1e4-ent003-on,27,125952,0.01,-1.0
sw1-lr1e4-ent003-on,sw1-lr1e4-ent003-on,27,156672,0.01,-1.0
sw1-lr1e4-ent003-on,sw1-lr1e4-ent003-on,27,187392,0.03,-1.0
sw1-lr1e4-ent003-on,sw1-lr1e4-ent003-on,27,218112,0.03,-1.0
sw1-lr1e4-ent003-on,sw1-lr1e4-ent003-on,27,248832,0.07,-1.0
sw1-lr1e4-ent003-on,sw1-lr1e4-ent003-on,27,279552,0.08,-1.0
sw1-lr1e4-ent003-on,sw1-lr1e4-ent003-on,27,310272,0.05,-1.0
sw1-lr1e4-ent003-on,sw1-lr1e4-ent003-on,27,340992,0.08,-1.0
sw1-lr1e4-ent003-on,sw1-lr1e4-ent003-on,27,371712,0.09,-1.0
sw1-lr1e4-ent003-on,sw1-lr1e4-ent003-on,27,402432,0.06,-1.0
sw1-lr1e4-ent003-on,sw1-lr1e4-ent003-on,27,433152,0.06,-1.0
sw1-lr1e4-ent003-on,sw1-lr1e4-ent003-on,27,463872,0.07,-1.0
sw1-lr1e4-ent003-on,sw1-lr1e4-ent003-on,27,494592,0.04,-1.0
sw1-lr1e4-ent003-on,sw1-lr1e4-ent003-on,27,525312,0.1,-1.0
sw1-lr1e4-ent003-on,sw1-lr1e4-ent003-on,27,556032,0.03,-1.0
sw1-lr1e4-ent003-on,sw1-lr1e4-ent003-on,27,586752,0.04,-1.0
sw1-lr1e4-ent003-on,sw1-lr1e4-ent003-on,27,617472,0.04,-1.0
sw1-lr1e4-ent003-on,sw1-lr1e4-ent003-on,27,648192,0.08,-1.0
sw1-lr1e4-ent003-on,sw1-lr1e4-ent003-on,27,678912,0.07,-1.0
sw1-lr1e4-ent003-on,sw1-lr1e4-ent003-on,27,709632,0.09,-1.0
sw1-lr1e4-ent003-on,sw1-lr1e4-ent003-on,27,740352,0.08,-1.0
sw1-lr1e4-ent003-on,sw1-lr1e4-ent003-on,27,771072,0.09,-1.0
sw1-lr1e4-ent003-on,sw1-lr1e4-ent003-on,27,801792,0.13,-1.0
sw1-lr1e4-ent003-on,sw1-lr1e4-ent003-on,27,832512,0.07,-1.0
sw1-lr1e4-ent003-on,sw1-lr1e4-ent003-on,27,863232,0.08,-1.0
sw1-lr1e4-ent003-on,sw1-lr1e4-ent003-on,27,893952,0.1,-1.0
sw1-lr1e4-ent003-on,sw1-lr1e4-ent003-on,27,924672,0.11,-1.0
sw1-lr1e4-ent003-on,sw1-lr1e4-ent003-on,27,955392,0.09,-1.0
sw1-lr1e4-ent003-on,sw1-lr1e4-ent003-on,27,986112,0.13,-1.0
sw1-lr1e4-ent003-on,sw1-lr1e4-ent003-on,27,1016832,0.06,-1.0
sw1-lr1e4-ent003-on,sw1-lr1e4-ent003-on,27,1047552,0.05,-1.0
sw1-lr1e4-ent003-on,sw1-lr1e4-ent003-on,27,1078272,0.13,-1.0
sw1-lr1e4-ent003-on,sw1-lr1e4-ent003-on,27,1108992,0.14,-1.0
sw1-lr1e4-ent003-on,sw1-lr1e4-ent003-on,27,1139712,0.06,-1.0
sw1-lr1e4-ent003-on,sw1-lr1e4-ent003-on,27,1170432,0.12,-1.0
sw1-lr1e4-ent003-on,sw1-lr1e4-ent003-on,27,1201152,0.15,-1.0
sw1-lr1e4-ent003-on,sw1-lr1e4-ent003-on,27,1231872,0.12,-1.0
sw1-lr1e4-ent003-on,sw1-lr1e4-ent003-on,27,1262592,0.1,-1.0
sw1-lr1e4-ent003-on,sw1-lr1e4-ent003-on,27,1293312,0.1,-1.0
sw1-lr1e4-ent003-on,sw1-lr1e4-ent003-on,27,1324032,0.15,-1.0
sw1-lr1e4-ent003-on,sw1-lr1e4-ent003-on,27,1354752,0.06,-1.0
sw1-lr1e4-ent003-on,sw1-lr1e4-ent003-on,27,1385472,0.1,-1.0
sw1-lr1e4-ent003-on,sw1-lr1e4-ent003-on,27,1416192,0.16,-1.0
sw1-lr1e4-ent003-on,sw1-lr1e4-ent003-on,27,1446912,0.17,-1.0
sw1-lr1e4-ent003-on,sw1-lr1e4-ent003-on,27,1477632,0.1,-1.0
sw1-lr1e4-ent003-on,sw1-lr1e4-ent003-on,27,1508352,0.12,-1.0
sw1-lr1e4-ent003-on,sw1-lr1e4-ent003-on,27,1539072,0.1,-1.0
sw1-lr1e4-ent003-on,sw1-lr1e4-ent003-on,27,1569792,0.19,-1.0
sw1-lr1e4-ent003-on,sw1-lr1e4-ent003-on,27,1600512,0.16,-1.0
sw1-lr1e4-ent003-on,sw1-lr1e4-ent003-on,27,1631232,0.21,-1.0
sw1-lr1e4-ent003-on,sw1-lr1e4-ent003-on,27,1661952,0.15,-1.0
sw1-lr1e4-ent003-on,sw1-lr1e4-ent003-on,27,1692672,0.17,-1.0
sw1-lr1e4-ent003-on,sw1-lr1e4-ent003-on,27,1723392,0.15,-1.0
sw1-lr1e4-ent003-on,sw1-lr1e4-ent003-on,27,1754112,0.22,-1.0
sw1-lr1e4-ent003-on,sw1-lr1e4-ent003-on,27,1784832,0.12,-1.0
sw1-lr1e4-ent003-on,sw1-lr1e4-ent003-on,27,1815552,0.17,-1.0
sw1-lr1e4-ent003-on,sw1-lr1e4-ent003-on,27,1846272,0.15,-1.0
sw1-lr1e4-ent003-on,sw1-lr1e4-ent003-on,27,1876992,0.13,-1.0
sw1-lr1e4-ent003-on,sw1-lr1e4-ent003-on,27,1907712,0.18,-1.0
sw1-lr1e4-ent003-on,sw1-lr1e4-ent003-on,27,1938432,0.2,-1.0
sw1-lr1e4-ent003-on,sw1-lr1e4-ent003-on,27,1969152,0.18,-1.0
sw1-lr1e4-ent003-on,sw1-lr1e4-ent003-on,27,1999872,0.18,-1.0
sw1-lr1e4-ent003-on,sw1-lr1e4-ent003-on,27,2030592,0.21,-1.0
sw1-lr1e4-ent003-on,sw1-lr1e4-ent003-on,27,2061312,0.24,-1.0
sw1-lr1e4-ent003-on,sw1-lr1e4-ent003-on,27,2092032,0.27,-1.0
sw1-lr1e4-ent003-on,sw1-lr1e4-ent003-on,27,2122752,0.24,-1.0
sw1-lr1e4-ent003-on,sw1-lr1e4-ent003-on,27,2153472,0.22,-1.0
sw1-lr1e4-ent003-on,sw1-lr1e4-ent003-on,27,2184192,0.24,-1.0
sw1-lr1e4-ent003-on,sw1-lr1e4-ent003-on,27,2214912,0.21,-1.0
sw1-lr1e4-ent003-on,sw1-lr1e4-ent003-on,27,2245632,0.16,-1.0
sw1-lr1e4-ent003-on,sw1-lr1e4-ent003-on,27,2276352,0.2,-1.0
sw1-lr1e4-ent003-on,sw1-lr1e4-ent003-on,27,2307072,0.25,-1.0
sw1-lr1e4-ent003-on,sw1-lr1e4-ent003-on,27,2337792,0.25,-1.0
sw1-lr1e4-ent003-on,sw1-lr1e4-ent003-on,27,2368512,0.25,-1.0
sw1-lr1e4-ent003-on,sw1-lr1e4-ent003-on,27,2399232,0.22,-1.0
sw1-lr1e4-ent003-on,sw1-lr1e4-ent003-on,27,2429952,0.22,-1.0
sw1-lr1e4-ent003-on,sw1-lr1e4-ent003-on,27,2460672,0.17,-1.0
sw1-lr1e4-ent003-on,sw1-lr1e4-ent003-on,27,2491392,0.18,-1.0
sw1-lr1e4-ent003-on,sw1-lr1e4-ent003-on,27,2522112,0.25,-1.0
sw1-lr1e4-ent003-on,sw1-lr1e4-ent003-on,27,2552832,0.27,-1.0
sw1-lr1e4-ent003-on,sw1-lr1e4-ent003-on,27,2583552,0.23,-1.0
sw1-lr1e4-ent003-on,sw1-lr1e4-ent003-on,27,2614272,0.3,-1.0
sw1-lr1e4-ent003-on,sw1-lr1e4-ent003-on,27,2644992,0.27,-1.0
sw1-lr1e4-ent003-on,sw1-lr1e4-ent003-on,27,2675712,0.2,-1.0
sw1-lr1e4-ent003-on,sw1-lr1e4-ent003-on,27,2706432,0.18,-1.0
sw1-lr1e4-ent003-on,sw1-lr1e4-ent003-on,27,2737152,0.21,-1.0
sw1-lr1e4-ent003-on,sw1-lr1e4-ent003-on,27,2767872,0.22,-1.0
sw1-lr1e4-ent003-on,sw1-lr1e4-ent003-on,27,2798592,0.15,-1.0
sw1-lr1e4-ent003-on,sw1-lr1e4-ent003-on,27,2829312,0.25,-1.0
sw1-lr1e4-ent003-on,sw1-lr1e4-ent003-on,27,2860032,0.26,-1.0
sw1-lr1e4-ent003-on,sw1-lr1e4-ent003-on,27,2890752,0.18,-1.0
sw1-lr1e4-ent003-on,sw1-lr1e4-ent003-on,27,2921472,0.27,-1.0
sw1-lr1e4-ent003-on,sw1-lr1e4-ent003-on,27,2952192,0.19,-1.0
sw1-lr1e4-ent003-on,sw1-lr1e4-ent003-on,27,2982912,0.24,-1.0
sw1-lr1e4-ent003-on,sw1-lr1e4-ent003-on,27,2998272,0.28,-1.0
sw1-lr3e4-ent0003-on,sw1-lr3e4-ent0003-on,27,3072,0.01,-1.0
sw1-lr3e4-ent0003-on,sw1-lr3e4-ent0003-on,27,33792,0.02,-1.0
sw1-lr3e4-ent0003-on,sw1-lr3e4-ent0003-on,27,64512,0.03,-1.0
sw1-lr3e4-ent0003-on,sw1-lr3e4-ent0003-on,27,95232,0.03,-1.0
sw1-lr3e4-ent0003-on,sw1-lr3e4-ent0003-on,27,125952,0.02,-1.0
sw1-lr3e4-ent0003-on,sw1-lr3e4-ent0003-on,27,156672,0.03,-1.0
sw1-lr3e4-ent0003-on,sw1-lr3e4-ent0003-on,27,187392,0.06,-1.0
sw1-lr3e4-ent0003-on,sw1-lr3e4-ent0003-on,27,218112,0.02,-1.0
sw1-lr3e4-ent0003-on,sw1-lr3e4-ent0003-on,27,248832,0.02,-1.0
sw1-lr3e4-ent0003-on,sw1-lr3e4-ent0003-on,27,279552,0.05,-1.0
sw1-lr3e4-ent0003-on,sw1-lr3e4-ent0003-on,27,310272,0.07,-1.0
sw1-lr3e4-ent0003-on,sw1-lr3e4-ent0003-on,27,340992,0.04,-1.0
sw1-lr3e4-ent0003-on,sw1-lr3e4-ent0003-on,27,371712,0.06,-1.0
sw1-lr3e4-ent0003-on,sw1-lr3e4-ent0003-on,27,402432,0.07,-1.0
sw1-lr3e4-ent0003-on,sw1-lr3e4-ent0003-on,27,433152,0.07,-1.0
sw1-lr3e4-ent0003-on,sw1-lr3e4-ent0003-on,27,463872,0.05,-1.0
sw1-lr3e4-ent0003-on,sw1-lr3e4-ent0003-on,27,494592,0.1,-1.0
sw1-lr3e4-ent0003-on,sw1-lr3e4-ent0003-on,27,525312,0.03,-1.0
sw1-lr3e4-ent0003-on,sw1-lr3e4-ent0003-on,27,556032,0.11,-1.0
sw1-lr3e4-ent0003-on,sw1-lr3e4-ent0003-on,27,586752,0.06,-1.0
sw1-lr3e4-ent0003-on,sw1-lr3e4-ent0003-on,27,617472,0.05,-1.0
sw1-lr3e4-ent0003-on,sw1-lr3e4-ent0003-on,27,648192,0.13,-1.0
sw1-lr3e4-ent0003-on,sw1-lr3e4-ent0003-on,27,678912,0.06,-1.0
sw1-lr3e4-ent0003-on,sw1-lr3e4-ent0003-on,27,709632,0.09,-1.0
sw1-lr3e4-ent0003-on,sw1-lr3e4-ent0003-on,27,740352,0.13,-1.0
sw1-lr3e4-ent0003-on,sw1-lr3e4-ent0003-on,27,771072,0.15,-1.0
sw1-lr3e4-ent0003-on,sw1-lr3e4-ent0003-on,27,801792,0.02,-1.0
sw1-lr3e4-ent0003-on,sw1-lr3e4-ent0003-on,27,832512,0.1,-1.0
sw1-lr3e4-ent0003-on,sw1-lr3e4-ent0003-on,27,863232,0.12,-1.0
sw1-lr3e4-ent0003-on,sw1-lr3e4-ent0003-on,27,893952,0.1,-1.0
sw1-lr3e4-ent0003-on,sw1-lr3e4-ent0003-on,27,924672,0.08,-1.0
sw1-lr3e4-ent0003-on,sw1-lr3e4-ent0003-on,27,955392,0.14,-1.0
sw1-lr3e4-ent0003-on,sw1-lr3e4-ent0003-on,27,986112,0.06,-1.0
sw1-lr3e4-ent0003-on,sw1-lr3e4-ent0003-on,27,1016832,0.08,-1.0
sw1-lr3e4-ent0003-on,sw1-lr3e4-ent0003-on,27,1047552,0.07,-1.0
sw1-lr3e4-ent0003-on,sw1-lr3e4-ent0003-on,27,1078272,0.12,-1.0
sw1-lr3e4-ent0003-on,sw1-lr3e4-ent0003-on,27,1108992,0.15,-1.0
sw1-lr3e4-ent0003-on,sw1-lr3e4-ent0003-on,27,1139712,0.08,-1.0
sw1-lr3e4-ent0003-on,sw1-lr3e4-ent0003-on,27,1170432,0.14,-1.0
sw1-lr3e4-ent0003-on,sw1-lr3e4-ent0003-on,27,1201152,0.12,-1.0
sw1-lr3e4-ent0003-on,sw1-lr3e4-ent0003-on,27,1231872,0.14,-1.0
sw1-lr3e4-ent0003-on,sw1-lr3e4-ent0003-on,27,1262592,0.09,-1.0
sw1-lr3e4-ent0003-on,sw1-lr3e4-ent0003-on,27,1293312,0.2,-1.0
sw1-lr3e4-ent0003-on,sw1-lr3e4-ent0003-on,27,1324032,0.17,-1.0
sw1-lr3e4-ent0003-on,sw1-lr3e4-ent0003-on,27,1354752,0.1,-1.0
sw1-lr3e4-ent0003-on,sw1-lr3e4-ent0003-on,27,1385472,0.18,-1.0
sw1-lr3e4-ent0003-on,sw1-lr3e4-ent0003-on,27,1416192,0.14,-1.0
sw1-lr3e4-ent0003-on,sw1-lr3e4-ent0003-on,27,1446912,0.16,-1.0
sw1-lr3e4-ent0003-on,sw1-lr3e4-ent0003-on,27,1477632,0.14,-1.0
sw1-lr3e4-ent0003-on,sw1-lr3e4-ent0003-on,27,1508352,0.15,-1.0
sw1-lr3e4-ent0003-on,sw1-lr3e4-ent0003-on,27,1539072,0.17,-1.0
sw1-lr3e4-ent0003-on,sw1-lr3e4-ent0003-on,27,1569792,0.09,-1.0
sw1-lr3e4-ent0003-on,sw1-lr3e4-ent0003-on,27,1600512,0.11,-1.0
sw1-lr3e4-ent0003-on,sw1-lr3e4-ent0003-on,27,1631232,0.18,-1.0
sw1-lr3e4-ent0003-on,sw1-lr3e4-ent0003-on,27,1661952,0.15,-1.0
sw1-lr3e4-ent0003-on,sw1-lr3e4-ent0003-on,27,1692672,0.14,-1.0
sw1-lr3e4-ent0003-on,sw1-lr3e4-ent0003-on,27,1723392,0.2,-1.0
sw1-lr3e4-ent0003-on,sw1-lr3e4-ent0003-on,27,1754112,0.17,-1.0
sw1-lr3e4-ent0003-on,sw1-lr3e4-ent0003-on,27,1784832,0.19,-1.0
sw1-lr3e4-ent0003-on,sw1-lr3e4-ent0003-on,27,1815552,0.16,-1.0
sw1-lr3e4-ent0003-on,sw1-lr3e4-ent0003-on,27,1846272,0.18,-1.0
sw1-lr3e4-ent0003-on,sw1-lr3e4-ent0003-on,27,1876992,0.15,-1.0
sw1-lr3e4-ent0003-on,sw1-lr3e4-ent0003-on,27,1907712,0.27,-1.0
sw1-lr3e4-ent0003-on,sw1-lr3e4-ent0003-on,27,1938432,0.26,-1.0
sw1-lr3e4-ent0003-on,sw1-lr3e4-ent0003-on,27,1969152,0.15,-1.0
sw1-lr3e4-ent0003-on,sw1-lr3e4-ent0003-on,27,1999872,0.19,-1.0
sw1-lr3e4-ent0003-on,sw1-lr3e4-ent0003-on,27,2030592,0.24,-1.0
sw1-lr3e4-ent0003-on,sw1-lr3e4-ent0003-on,27,2061312,0.18,-1.0
sw1-lr3e4-ent0003-on,sw1-lr3e4-ent0003-on,27,2092032,0.29,-1.0
sw1-lr3e4-ent0003-on,sw1-lr3e4-ent0003-on,27,2122752,0.22,-1.0
sw1-lr3e4-ent0003-on,sw1-lr3e4-ent0003-on,27,2153472,0.26,-1.0
sw1-lr3e4-ent0003-on,sw1-lr3e4-ent0003-on,27,2184192,0.18,-1.0
sw1-lr3e4-ent0003-on,sw1-lr3e4-ent0003-on,27,2214912,0.27,-1.0
sw1-lr3e4-ent0003-on,sw1-lr3e4-ent0003-on,27,2245632,0.23,-1.0
sw1-lr3e4-ent0003-on,sw1-lr3e4-ent0003-on,27,2276352,0.25,-1.0
sw1-lr3e4-ent0003-on,sw1-lr3e4-ent0003-on,27,2307072,0.22,-1.0
sw1-lr3e4-ent0003-on,sw1-lr3e4-ent0003-on,27,2337792,0.33,-1.0
sw1-lr3e4-ent0003-on,sw1-lr3e4-ent0003-on,27,2368512,0.31,-1.0
sw1-lr3e4-ent0003-on,sw1-lr3e4-ent0003-on,27,2399232,0.2,-1.0
sw1-lr3e4-ent0003-on,sw1-lr3e4-ent0003-on,27,2429952,0.22,-1.0
sw1-lr3e4-ent0003-on,sw1-lr3e4-ent0003-on,27,2460672,0.26,-1.0
sw1-lr3e4-ent0003-on,sw1-lr3e4-ent0003-on,27,2491392,0.16,-1.0
sw1-lr3e4-ent0003-on,sw1-lr3e4-ent0003-on,27,2522112,0.29,-1.0
sw1-lr3e4-ent0003-on,sw1-lr3e4-ent0003-on,27,2552832,0.36,-1.0
sw1-lr3e4-ent0003-on,sw1-lr3e4-ent0003-on,27,2583552,0.21,-1.0
sw1-lr3e4-ent0003-on,sw1-lr3e4-ent0003-on,27,2614272,0.32,-1.0
sw1-lr3e4-ent0003-on,sw1-lr3e4-ent0003-on,27,2644992,0.33,-1.0
sw1-lr3e4-ent0003-on,sw1-lr3e4-ent0003-on,27,2675712,0.23,-1.0
sw1-lr3e4-ent0003-on,sw1-lr3e4-ent0003-on,27,2706432,0.28,-1.0
sw1-lr3e4-ent0003-on,sw1-lr3e4-ent0003-on,27,2737152,0.3,-1.0
sw1-lr3e4-ent0003-on,sw1-lr3e4-ent0003-on,27,2767872,0.45,-1.0
sw1-lr3e4-ent0003-on,sw1-lr3e4-ent0003-on,27,2798592,0.3,-1.0
sw1-lr3e4-ent0003-on,sw1-lr3e4-ent0003-on,27,2829312,0.32,-1.0
sw1-lr3e4-ent0003-on,sw1-lr3e4-ent0003-on,27,2860032,0.32,-1.0
sw1-lr3e4-ent0003-on,sw1-lr3e4-ent0003-on,27,2890752,0.31,-1.0
sw1-lr3e4-ent0003-on,sw1-lr3e4-ent0003-on,27,2921472,0.36,-1.0
sw1-lr3e4-ent0003-on,sw1-lr3e4-ent0003-on,27,2952192,0.31,-1.0
sw1-lr3e4-ent0003-on,sw1-lr3e4-ent0003-on,27,2982912,0.35,-1.0
sw1-lr3e4-ent0003-on,sw1-lr3e4-ent0003-on,27,2998272,0.39,-1.0
sw1-lr3e4-ent001-on,sw1-lr3e4-ent001-on,27,3072,0.0,-1.0
sw1-lr3e4-ent001-on,sw1-lr3e4-ent001-on,27,33792,0.0,-1.0
sw1-lr3e4-ent001-on,sw1-lr3e4-ent001-on,27,64512,0.01,-1.0
sw1-lr3e4-ent001-on,sw1-lr3e4-ent001-on,27,95232,0.03,-1.0
sw1-lr3e4-ent001-on,sw1-lr3e4-ent001-on,27,125952,0.03,-1.0
sw1-lr3e4-ent001-on,sw1-lr3e4-ent001-on,27,156672,0.06,-1.0
sw1-lr3e4-ent001-on,sw1-lr3e4-ent001-on,27,187392,0.07,-1.0
sw1-lr3e4-ent001-on,sw1-lr3e4-ent001-on,27,218112,0.05,-1.0
sw1-lr3e4-ent001-on,sw1-lr3e4-ent001-on,27,248832,0.03,-1.0
sw1-lr3e4-ent001-on,sw1-lr3e4-ent001-on,27,279552,0.04,-1.0
sw1-lr3e4-ent001-on,sw1-lr3e4-ent001-on,27,310272,0.05,-1.0
sw1-lr3e4-ent001-on,sw1-lr3e4-ent001-on,27,340992,0.06,-1.0
sw1-lr3e4-ent001-on,sw1-lr3e4-ent001-on,27,371712,0.09,-1.0
sw1-lr3e4-ent001-on,sw1-lr3e4-ent001-on,27,402432,0.05,-1.0
sw1-lr3e4-ent001-on,sw1-lr3e4-ent001-on,27,433152,0.09,-1.0
sw1-lr3e4-ent001-on,sw1-lr3e4-ent001-on,27,463872,0.09,-1.0
sw1-lr3e4-ent001-on,sw1-lr3e4-ent001-on,27,494592,0.06,-1.0
sw1-lr3e4-ent001-on,sw1-lr3e4-ent001-on,27,525312,0.08,-1.0
sw1-lr3e4-ent001-on,sw1-lr3e4-ent001-on,27,556032,0.12,-1.0
sw1-lr3e4-ent001-on,sw1-lr3e4-ent001-on,27,586752,0.14,-1.0
sw1-lr3e4-ent001-on,sw1-lr3e4-ent001-on,27,617472,0.15,-1.0
sw1-lr3e4-ent001-on,sw1-lr3e4-ent001-on,27,648192,0.16,-1.0
sw1-lr3e4-ent001-on,sw1-lr3e4-ent001-on,27,678912,0.11,-1.0
sw1-lr3e4-ent001-on,sw1-lr3e4-ent001-on,27,709632,0.14,-1.0
sw1-lr3e4-ent001-on,sw1-lr3e4-ent001-on,27,740352,0.19,-1.0
sw1-lr3e4-ent001-on,sw1-lr3e4-ent001-on,27,771072,0.14,-1.0
sw1-lr3e4-ent001-on,sw1-lr3e4-ent001-on,27,801792,0.18,-1.0
sw1-lr3e4-ent001-on,sw1-lr3e4-ent001-on,27,832512,0.11,-1.0
sw1-lr3e4-ent001-on,sw1-lr3e4-ent001-on,27,863232,0.13,-1.0
sw1-lr3e4-ent001-on,sw1-lr3e4-ent001-on,27,893952,0.14,-1.0
sw1-lr3e4-ent001-on,sw1-lr3e4-ent001-on,27,924672,0.06,-1.0
sw1-lr3e4-ent001-on,sw1-lr3e4-ent001-on,27,955392,0.18,-1.0
sw1-lr3e4-ent001-on,sw1-lr3e4-ent001-on,27,986112,0.17,-1.0
sw1-lr3e4-ent001-on,sw1-lr3e4-ent001-on,27,1016832,0.19,-1.0
sw1-lr3e4-ent001-on,sw1-lr3e4-ent001-on,27,1047552,0.19,-1.0
sw1-lr3e4-ent001-on,sw1-lr3e4-ent001-on,27,1078272,0.15,-1.0
sw1-lr3e4-ent001-on,sw1-lr3e4-ent001-on,27,1108992,0.23,-1.0
sw1-lr3e4-ent001-on,sw1-lr3e4-ent001-on,27,1139712,0.18,-1.0
sw1-lr3e4-ent001-on,sw1-lr3e4-ent001-on,27,1170432,0.21,-1.0
sw1-lr3e4-ent001-on,sw1-lr3e4-ent001-on,27,1201152,0.19,-1.0
sw1-lr3e4-ent001-on,sw1-lr3e4-ent001-on,27,1231872,0.28,-1.0
sw1-lr3e4-ent001-on,sw1-lr3e4-ent001-on,27,1262592,0.14,-1.0
sw1-lr3e4-ent001-on,sw1-lr3e4-ent001-on,27,1293312,0.18,-1.0
sw1-lr3e4-ent001-on,sw1-lr3e4-ent001-on,27,1324032,0.14,-1.0
sw1-lr3e4-ent001-on,sw1-lr3e4-ent001-on,27,1354752,0.07,-1.0
sw1-lr3e4-ent001-on,sw1-lr3e4-ent001-on,27,1385472,0.24,-1.0
sw1-lr3e4-ent001-on,sw1-lr3e4-ent001-on,27,1416192,0.23,-1.0
sw1-lr3e4-ent001-on,sw1-lr3e4-ent001-on,27,1446912,0.23,-1.0
sw1-lr3e4-ent001-on,sw1-lr3e4-ent001-on,27,1477632,0.22,-1.0
sw1-lr3e4-ent001-on,sw1-lr3e4-ent001-on,27,1508352,0.31,-1.0
sw1-lr3e4-ent001-on,sw1-lr3e4-ent001-on,27,1539072,0.24,-1.0
sw1-lr3e4-ent001-on,sw1-lr3e4-ent001-on,27,1569792,0.18,-1.0
sw1-lr3e4-ent001-on,sw1-lr3e4-ent001-on,27,1600512,0.31,-1.0
sw1-lr3e4-ent001-on,sw1-lr3e4-ent001-on,27,1631232,0.27,-1.0
sw1-lr3e4-ent001-on,sw1-lr3e4-ent001-on,27,1661952,0.36,-1.0
sw1-lr3e4-ent001-on,sw1-lr3e4-ent001-on,27,1692672,0.32,-1.0
sw1-lr3e4-ent001-on,sw1-lr3e4-ent001-on,27,1723392,0.15,-1.0
sw1-lr3e4-ent001-on,sw1-lr3e4-ent001-on,27,1754112,0.3,-1.0
sw1-lr3e4-ent001-on,sw1-lr3e4-ent001-on,27,1784832,0.3,-1.0
sw1-lr3e4-ent001-on,sw1-lr3e4-ent001-on,27,1815552,0.3,-1.0
sw1-lr3e4-ent001-on,sw1-lr3e4-ent001-on,27,1846272,0.31,-1.0
sw1-lr3e4-ent001-on,sw1-lr3e4-ent001-on,27,1876992,0.3,-1.0
sw1-lr3e4-ent001-on,sw1-lr3e4-ent001-on,27,1907712,0.24,-1.0
sw1-lr3e4-ent001-on,sw1-lr3e4-ent001-on,27,1938432,0.32,-1.0
sw1-lr3e4-ent001-on,sw1-lr3e4-ent001-on,27,1969152,0.36,-1.0
sw1-lr3e4-ent001-on,sw1-lr3e4-ent001-on,27,1999872,0.36,-1.0
sw1-lr3e4-ent001-on,sw1-lr3e4-ent001-on,27,2030592,0.36,-1.0
sw1-lr3e4-ent001-on,sw1-lr3e4-ent001-on,27,2061312,0.38,-1.0
sw1-lr3e4-ent001-on,sw1-lr3e4-ent001-on,27,2092032,0.3,-1.0
sw1-lr3e4-ent001-on,sw1-lr3e4-ent001-on,27,2122752,0.47,-1.0
sw1-lr3e4-ent001-on,sw1-lr3e4-ent001-on,27,2153472,0.4,-1.0
sw1-lr3e4-ent001-on,sw1-lr3e4-ent001-on,27,2184192,0.35,-1.0
sw1-lr3e4-ent001-on,sw1-lr3e4-ent001-on,27,2214912,0.39,-1.0
sw1-lr3e4-ent001-on,sw1-lr3e4-ent001-on,27,2245632,0.42,-1.0
sw1-lr3e4-ent001-on,sw1-lr3e4-ent001-on,27,2276352,0.49,-1.0
sw1-lr3e4-ent001-on,sw1-lr3e4-ent001-on,27,2307072,0.41,-1.0
sw1-lr3e4-ent001-on,sw1-lr3e4-ent001-on,27,2337792,0.41,-1.0
sw1-lr3e4-ent001-on,sw1-lr3e4-ent001-on,27,2368512,0.45,-1.0
sw1-lr3e4-ent001-on,sw1-lr3e4-ent001-on,27,2399232,0.47,-1.0
sw1-lr3e4-ent001-on,sw1-lr3e4-ent001-on,27,2429952,0.47,-1.0
sw1-lr3e4-ent001-on,sw1-lr3e4-ent001-on,27,2460672,0.45,-1.0
sw1-lr3e4-ent001-on,sw1-lr3e4-ent001-on,27,2491392,0.39,-1.0
sw1-lr3e4-ent001-on,sw1-lr3e4-ent001-on,27,2522112,0.54,-1.0
sw1-lr3e4-ent001-on,sw1-lr3e4-ent001-on,27,2552832,0.46,-1.0
sw1-lr3e4-ent001-on,sw1-lr3e4-ent001-on,27,2583552,0.45,-1.0
sw1-lr3e4-ent001-on,sw1-lr3e4-ent001-on,27,2614272,0.41,-1.0
sw1-lr3e4-ent001-on,sw1-lr3e4-ent001-on,27,2644992,0.5,-1.0
sw1-lr3e4-ent001-on,sw1-lr3e4-ent001-on,27,2675712,0.44,-0.988
sw1-lr3e4-ent001-on,sw1-lr3e4-ent001-on,27,2706432,0.47,-0.988
sw1-lr3e4-ent001-on,sw1-lr3e4-ent001-on,27,2737152,0.55,-0.988
sw1-lr3e4-ent001-on,sw1-lr3e4-ent001-on,27,2767872,0.38,-1.0
sw1-lr3e4-ent001-on,sw1-lr3e4-ent001-on,27,2798592,0.53,-1.0
sw1-lr3e4-ent001-on,sw1-lr3e4-ent001-on,27,2829312,0.57,-0.989
sw1-lr3e4-ent001-on,sw1-lr3e4-ent001-on,27,2860032,0.53,-0.989
sw1-lr3e4-ent001-on,sw1-lr3e4-ent001-on,27,2890752,0.54,-0.977
sw1-lr3e4-ent001-on,sw1-lr3e4-ent001-on,27,2921472,0.5,-0.977
sw1-lr3e4-ent001-on,sw1-lr3e4-ent001-on,27,2952192,0.51,-0.977
sw1-lr3e4-ent001-on,sw1-lr3e4-ent001-on,27,2982912,0.58,-0.977
sw1-lr3e4-ent001-on,sw1-lr3e4-ent001-on,27,2998272,0.47,-0.977
sw1-lr3e4-ent003-on,sw1-lr3e4-ent003-on,27,3072,0.02,-1.0
sw1-lr3e4-ent003-on,sw1-lr3e4-ent003-on,27,33792,0.01,-1.0
sw1-lr3e4-ent003-on,sw1-lr3e4-ent003-on,27,64512,0.02,-1.0
sw1-lr3e4-ent003-on,sw1-lr3e4-ent003-on,27,95232,0.02,-1.0
sw1-lr3e4-ent003-on,sw1-lr3e4-ent003-on,27,125952,0.05,-1.0
sw1-lr3e4-ent003-on,sw1-lr3e4-ent003-on,27,156672,0.01,-1.0
sw1-lr3e4-ent003-on,sw1-lr3e4-ent003-on,27,187392,0.05,-1.0
sw1-lr3e4-ent003-on,sw1-lr3e4-ent003-on,27,218112,0.02,-1.0
sw1-lr3e4-ent003-on,sw1-lr3e4-ent003-on,27,248832,0.04,-1.0
sw1-lr3e4-ent003-on,sw1-lr3e4-ent003-on,27,279552,0.03,-1.0
sw1-lr3e4-ent003-on,sw1-lr3e4-ent003-on,27,310272,0.07,-1.0
sw1-lr3e4-ent003-on,sw1-lr3e4-ent003-on,27,340992,0.05,-1.0
sw1-lr3e4-ent003-on,sw1-lr3e4-ent003-on,27,371712,0.09,-1.0
sw1-lr3e4-ent003-on,sw1-lr3e4-ent003-on,27,402432,0.04,-1.0
sw1-lr3e4-ent003-on,sw1-lr3e4-ent003-on,27,433152,0.06,-1.0
sw1-lr3e4-ent003-on,sw1-lr3e4-ent003-on,27,463872,0.07,-1.0
sw1-lr3e4-ent003-on,sw1-lr3e4-ent003-on,27,494592,0.04,-1.0
sw1-lr3e4-ent003-on,sw1-lr3e4-ent003-on,27,525312,0.09,-1.0
sw1-lr3e4-ent003-on,sw1-lr3e4-ent003-on,27,556032,0.08,-1.0
sw1-lr3e4-ent003-on,sw1-lr3e4-ent003-on,27,586752,0.09,-1.0
sw1-lr3e4-ent003-on,sw1-lr3e4-ent003-on,27,617472,0.09,-1.0
sw1-lr3e4-ent003-on,sw1-lr3e4-ent003-on,27,648192,0.1,-1.0
sw1-lr3e4-ent003-on,sw1-lr3e4-ent003-on,27,678912,0.12,-1.0
sw1-lr3e4-ent003-on,sw1-lr3e4-ent003-on,27,709632,0.11,-1.0
sw1-lr3e4-ent003-on,sw1-lr3e4-ent003-on,27,740352,0.08,-1.0
sw1-lr3e4-ent003-on,sw1-lr3e4-ent003-on,27,771072,0.11,-1.0
sw1-lr3e4-ent003-on,sw1-lr3e4-ent003-on,27,801792,0.11,-1.0
sw1-lr3e4-ent003-on,sw1-lr3e4-ent003-on,27,832512,0.15,-1.0
sw1-lr3e4-ent003-on,sw1-lr3e4-ent003-on,27,863232,0.08,-1.0
sw1-lr3e4-ent003-on,sw1-lr3e4-ent003-on,27,893952,0.12,-1.0
sw1-lr3e4-ent003-on,sw1-lr3e4-ent003-on,27,924672,0.07,-1.0
sw1-lr3e4-ent003-on,sw1-lr3e4-ent003-on,27,955392,0.14,-1.0
sw1-lr3e4-ent003-on,sw1-lr3e4-ent003-on,27,986112,0.12,-1.0
sw1-lr3e4-ent003-on,sw1-lr3e4-ent003-on,27,1016832,0.1,-1.0
sw1-lr3e4-ent003-on,sw1-lr3e4-ent003-on,27,1047552,0.09,-1.0
sw1-lr3e4-ent003-on,sw1-lr3e4-ent003-on,27,1078272,0.13,-1.0
sw1-lr3e4-ent003-on,sw1-lr3e4-ent003-on,27,1108992,0.15,-1.0
sw1-lr3e4-ent003-on,sw1-lr3e4-ent003-on,27,1139712,0.14,-1.0
sw1-lr3e4-ent003-on,sw1-lr3e4-ent003-on,27,1170432,0.1,-1.0
sw1-lr3e4-ent003-on,sw1-lr3e4-ent003-on,27,1201152,0.17,-1.0
sw1-lr3e4-ent003-on,sw1-lr3e4-ent003-on,27,1231872,0.21,-1.0
sw1-lr3e4-ent003-on,sw1-lr3e4-ent003-on,27,1262592,0.1,-1.0
sw1-lr3e4-ent003-on,sw1-lr3e4-ent003-on,27,1293312,0.16,-1.0
sw1-lr3e4-ent003-on,sw1-lr3e4-ent003-on,27,1324032,0.24,-1.0
sw1-lr3e4-ent003-on,sw1-lr3e4-ent003-on,27,1354752,0.22,-1.0
sw1-lr3e4-ent003-on,sw1-lr3e4-ent003-on,27,1385472,0.18,-1.0
sw1-lr3e4-ent003-on,sw1-lr3e4-ent003-on,27,1416192,0.16,-1.0
sw1-lr3e4-ent003-on,sw1-lr3e4-ent003-on,27,1446912,0.24,-1.0
sw1-lr3e4-ent003-on,sw1-lr3e4-ent003-on,27,1477632,0.16,-1.0
sw1-lr3e4-ent003-on,sw1-lr3e4-ent003-on,27,1508352,0.25,-1.0
sw1-lr3e4-ent003-on,sw1-lr3e4-ent003-on,27,1539072,0.22,-1.0
sw1-lr3e4-ent003-on,sw1-lr3e4-ent003-on,27,1569792,0.25,-1.0
sw1-lr3e4-ent003-on,sw1-lr3e4-ent003-on,27,1600512,0.28,-1.0
sw1-lr3e4-ent003-on,sw1-lr3e4-ent003-on,27,1631232,0.13,-1.0
sw1-lr3e4-ent003-on,sw1-lr3e4-ent003-on,27,1661952,0.25,-1.0
sw1-lr3e4-ent003-on,sw1-lr3e4-ent003-on,27,1692672,0.24,-1.0
sw1-lr3e4-ent003-on,sw1-lr3e4-ent003-on,27,1723392,0.3,-1.0
sw1-lr3e4-ent003-on,sw1-lr3e4-ent003-on,27,1754112,0.21,-1.0
sw1-lr3e4-ent003-on,sw1-lr3e4-ent003-on,27,1784832,0.28,-1.0
sw1-lr3e4-ent003-on,sw1-lr3e4-ent003-on,27,1815552,0.3,-1.0
sw1-lr3e4-ent003-on,sw1-lr3e4-ent003-on,27,1846272,0.24,-1.0
sw1-lr3e4-ent003-on,sw1-lr3e4-ent003-on,27,1876992,0.25,-1.0
sw1-lr3e4-ent003-on,sw1-lr3e4-ent003-on,27,1907712,0.28,-1.0
sw1-lr3e4-ent003-on,sw1-lr3e4-ent003-on,27,1938432,0.31,-1.0
sw1-lr3e4-ent003-on,sw1-lr3e4-ent003-on,27,1969152,0.42,-1.0
sw1-lr3e4-ent003-on,sw1-lr3e4-ent003-on,27,1999872,0.34,-1.0
sw1-lr3e4-ent003-on,sw1-lr3e4-ent003-on,27,2030592,0.27,-1.0
sw1-lr3e4-ent003-on,sw1-lr3e4-ent003-on,27,2061312,0.36,-1.0
sw1-lr3e4-ent003-on,sw1-lr3e4-ent003-on,27,2092032,0.28,-1.0
sw1-lr3e4-ent003-on,sw1-lr3e4-ent003-on,27,2122752,0.36,-1.0
sw1-lr3e4-ent003-on,sw1-lr3e4-ent003-on,27,2153472,0.37,-1.0
sw1-lr3e4-ent003-on,sw1-lr3e4-ent003-on,27,2184192,0.36,-1.0
sw1-lr3e4-ent003-on,sw1-lr3e4-ent003-on,27,2214912,0.42,-1.0
sw1-lr3e4-ent003-on,sw1-lr3e4-ent003-on,27,2245632,0.32,-1.0
sw1-lr3e4-ent003-on,sw1-lr3e4-ent003-on,27,2276352,0.49,-1.0
sw1-lr3e4-ent003-on,sw1-lr3e4-ent003-on,27,2307072,0.45,-1.0
sw1-lr3e4-ent003-on,sw1-lr3e4-ent003-on,27,2337792,0.44,-1.0
sw1-lr3e4-ent003-on,sw1-lr3e4-ent003-on,27,2368512,0.4,-1.0
sw1-lr3e4-ent003-on,sw1-lr3e4-ent003-on,27,2399232,0.35,-1.0
sw1-lr3e4-ent003-on,sw1-lr3e4-ent003-on,27,2429952,0.42,-1.0
sw1-lr3e4-ent003-on,sw1-lr3e4-ent003-on,27,2460672,0.48,-1.0
sw1-lr3e4-ent003-on,sw1-lr3e4-ent003-on,27,2491392,0.36,-1.0
sw1-lr3e4-ent003-on,sw1-lr3e4-ent003-on,27,2522112,0.43,-1.0
sw1-lr3e4-ent003-on,sw1-lr3e4-ent003-on,27,2552832,0.45,-1.0
sw1-lr3e4-ent003-on,sw1-lr3e4-ent003-on,27,2583552,0.53,-1.0
sw1-lr3e4-ent003-on,sw1-lr3e4-ent003-on,27,2614272,0.5,-1.0
sw1-lr3e4-ent003-on,sw1-lr3e4-ent003-on,27,2644992,0.6,-1.0
sw1-lr3e4-ent003-on,sw1-lr3e4-ent003-on,27,2675712,0.52,-1.0
sw1-lr3e4-ent003-on,sw1-lr3e4-ent003-on,27,2706432,0.5,-1.0
sw1-lr3e4-ent003-on,sw1-lr3e4-ent003-on,27,2737152,0.56,-1.0
sw1-lr3e4-ent003-on,sw1-lr3e4-ent003-on,27,2767872,0.57,-0.988
sw1-lr3e4-ent003-on,sw1-lr3e4-ent003-on,27,2798592,0.6,-0.988
sw1-lr3e4-ent003-on,sw1-lr3e4-ent003-on,27,2829312,0.6,-0.976
sw1-lr3e4-ent003-on,sw1-lr3e4-ent003-on,27,2860032,0.53,-0.96
sw1-lr3e4-ent003-on,sw1-lr3e4-ent003-on,27,2890752,0.58,-0.932
sw1-lr3e4-ent003-on,sw1-lr3e4-ent003-on,27,2921472,0.63,-0.932
sw1-lr3e4-ent003-on,sw1-lr3e4-ent003-on,27,2952192,0.51,-0.892
sw1-lr3e4-ent003-on,sw1-lr3e4-ent003-on,27,2982912,0.48,-0.89
sw1-lr3e4-ent003-on,sw1-lr3e4-ent003-on,27,2998272,0.59,-0.89
sw1-lr1e3-ent0003-on,sw1-lr1e3-ent0003-on,27,3072,0.0,-1.0
sw1-lr1e3-ent0003-on,sw1-lr1e3-ent0003-on,27,33792,0.0,-1.0
sw1-lr1e3-ent0003-on,sw1-lr1e3-ent0003-on,27,64512,0.01,-1.0
sw1-lr1e3-ent0003-on,sw1-lr1e3-ent0003-on,27,95232,0.01,-1.0
sw1-lr1e3-ent0003-on,sw1-lr1e3-ent0003-on,27,125952,0.03,-1.0
sw1-lr1e3-ent0003-on,sw1-lr1e3-ent0003-on,27,156672,0.1,-1.0
sw1-lr1e3-ent0003-on,sw1-lr1e3-ent0003-on,27,187392,0.05,-1.0
sw1-lr1e3-ent0003-on,sw1-lr1e3-ent0003-on,27,218112,0.02,-1.0
sw1-lr1e3-ent0003-on,sw1-lr1e3-ent0003-on,27,248832,0.06,-1.0
sw1-lr1e3-ent0003-on,sw1-lr1e3-ent0003-on,27,279552,0.09,-1.0
sw1-lr1e3-ent0003-on,sw1-lr1e3-ent0003-on,27,310272,0.06,-1.0
sw1-lr1e3-ent0003-on,sw1-lr1e3-ent0003-on,27,340992,0.07,-1.0
sw1-lr1e3-ent0003-on,sw1-lr1e3-ent0003-on,27,371712,0.06,-1.0
sw1-lr1e3-ent0003-on,sw1-lr1e3-ent0003-on,27,402432,0.03,-1.0
sw1-lr1e3-ent0003-on,sw1-lr1e3-ent0003-on,27,433152,0.09,-1.0
sw1-lr1e3-ent0003-on,sw1-lr1e3-ent0003-on,27,463872,0.04,-1.0
sw1-lr1e3-ent0003-on,sw1-lr1e3-ent0003-on,27,494592,0.11,-1.0
sw1-lr1e3-ent0003-on,sw1-lr1e3-ent0003-on,27,525312,0.09,-1.0
sw1-lr1e3-ent0003-on,sw1-lr1e3-ent0003-on,27,556032,0.07,-1.0
sw1-lr1e3-ent0003-on,sw1-lr1e3-ent0003-on,27,586752,0.08,-1.0
sw1-lr1e3-ent0003-on,sw1-lr1e3-ent0003-on,27,617472,0.11,-1.0
sw1-lr1e3-ent0003-on,sw1-lr1e3-ent0003-on,27,648192,0.11,-1.0
sw1-lr1e3-ent0003-on,sw1-lr1e3-ent0003-on,27,678912,0.06,-1.0
sw1-lr1e3-ent0003-on,sw1-lr1e3-ent0003-on,27,709632,0.13,-1.0
sw1-lr1e3-ent0003-on,sw1-lr1e3-ent0003-on,27,740352,0.08,-1.0
sw1-lr1e3-ent0003-on,sw1-lr1e3-ent0003-on,27,771072,0.06,-1.0
sw1-lr1e3-ent0003-on,sw1-lr1e3-ent0003-on,27,801792,0.07,-1.0
sw1-lr1e3-ent0003-on,sw1-lr1e3-ent0003-on,27,832512,0.07,-1.0
sw1-lr1e3-ent0003-on,sw1-lr1e3-ent0003-on,27,863232,0.09,-1.0
sw1-lr1e3-ent0003-on,sw1-lr1e3-ent0003-on,27,893952,0.1,-1.0
sw1-lr1e3-ent0003-on,sw1-lr1e3-ent0003-on,27,924672,0.06,-1.0
sw1-lr1e3-ent0003-on,sw1-lr1e3-ent0003-on,27,955392,0.08,-1.0
sw1-lr1e3-ent0003-on,sw1-lr1e3-ent0003-on,27,986112,0.09,-1.0
sw1-lr1e3-ent0003-on,sw1-lr1e3-ent0003-on,27,1016832,0.12,-1.0
sw1-lr1e3-ent0003-on,sw1-lr1e3-ent0003-on,27,1047552,0.09,-1.0
sw1-lr1e3-ent0003-on,sw1-lr1e3-ent0003-on,27,1078272,0.09,-1.0
sw1-lr1e3-ent0003-on,sw1-lr1e3-ent0003-on,27,1108992,0.07,-1.0
sw1-lr1e3-ent0003-on,sw1-lr1e3-ent0003-on,27,1139712,0.12,-1.0
sw1-lr1e3-ent0003-on,sw1-lr1e3-ent0003-on,27,1170432,0.08,-1.0
sw1-lr1e3-ent0003-on,sw1-lr1e3-ent0003-on,27,1201152,0.13,-1.0
sw1-lr1e3-ent0003-on,sw1-lr1e3-ent0003-on,27,1231872,0.07,-1.0
sw1-lr1e3-ent0003-on,sw1-lr1e3-ent0003-on,27,1262592,0.1,-1.0
sw1-lr1e3-ent0003-on,sw1-lr1e3-ent0003-on,27,1293312,0.15,-1.0
sw1-lr1e3-ent0003-on,sw1-lr1e3-ent0003-on,27,1324032,0.14,-1.0
sw1-lr1e3-ent0003-on,sw1-lr1e3-ent0003-on,27,1354752,0.15,-1.0
sw1-lr1e3-ent0003-on,sw1-lr1e3-ent0003-on,27,1385472,0.15,-1.0
sw1-lr1e3-ent0003-on,sw1-lr1e3-ent0003-on,27,1416192,0.16,-1.0
sw1-lr1e3-ent0003-on,sw1-lr1e3-ent0003-on,27,1446912,0.21,-1.0
sw1-lr1e3-ent0003-on,sw1-lr1e3-ent0003-on,27,1477632,0.17,-1.0
sw1-lr1e3-ent0003-on,sw1-lr1e3-ent0003-on,27,1508352,0.13,-1.0
sw1-lr1e3-ent0003-on,sw1-lr1e3-ent0003-on,27,1539072,0.12,-1.0
sw1-lr1e3-ent0003-on,sw1-lr1e3-ent0003-on,27,1569792,0.11,-1.0
sw1-lr1e3-ent0003-on,sw1-lr1e3-ent0003-on,27,1600512,0.18,-1.0
sw1-lr1e3-ent0003-on,sw1-lr1e3-ent0003-on,27,1631232,0.26,-1.0
sw1-lr1e3-ent0003-on,sw1-lr1e3-ent0003-on,27,1661952,0.1,-1.0
sw1-lr1e3-ent0003-on,sw1-lr1e3-ent0003-on,27,1692672,0.21,-1.0
sw1-lr1e3-ent0003-on,sw1-lr1e3-ent0003-on,27,1723392,0.17,-1.0
sw1-lr1e3-ent0003-on,sw1-lr1e3-ent0003-on,27,1754112,0.14,-1.0
sw1-lr1e3-ent0003-on,sw1-lr1e3-ent0003-on,27,1784832,0.19,-1.0
sw1-lr1e3-ent0003-on,sw1-lr1e3-ent0003-on,27,1815552,0.28,-1.0
sw1-lr1e3-ent0003-on,sw1-lr1e3-ent0003-on,27,1846272,0.2,-1.0
sw1-lr1e3-ent0003-on,sw1-lr1e3-ent0003-on,27,1876992,0.25,-1.0
sw1-lr1e3-ent0003-on,sw1-lr1e3-ent0003-on,27,1907712,0.13,-1.0
sw1-lr1e3-ent0003-on,sw1-lr1e3-ent0003-on,27,1938432,0.19,-1.0
sw1-lr1e3-ent0003-on,sw1-lr1e3-ent0003-on,27,1969152,0.22,-1.0
sw1-lr1e3-ent0003-on,sw1-lr1e3-ent0003-on,27,1999872,0.26,-1.0
sw1-lr1e3-ent0003-on,sw1-lr1e3-ent0003-on,27,2030592,0.23,-1.0
sw1-lr1e3-ent0003-on,sw1-lr1e3-ent0003-on,27,2061312,0.27,-1.0
sw1-lr1e3-ent0003-on,sw1-lr1e3-ent0003-on,27,2092032,0.24,-1.0
sw1-lr1e3-ent0003-on,sw1-lr1e3-ent0003-on,27,2122752,0.28,-1.0
sw1-lr1e3-ent0003-on,sw1-lr1e3-ent0003-on,27,2153472,0.21,-1.0
sw1-lr1e3-ent0003-on,sw1-lr1e3-ent0003-on,27,2184192,0.3,-1.0
sw1-lr1e3-ent0003-on,sw1-lr1e3-ent0003-on,27,2214912,0.24,-1.0
sw1-lr1e3-ent0003-on,sw1-lr1e3-ent0003-on,27,2245632,0.33,-1.0
sw1-lr1e3-ent0003-on,sw1-lr1e3-ent0003-on,27,2276352,0.32,-1.0
sw1-lr1e3-ent0003-on,sw1-lr1e3-ent0003-on,27,2307072,0.18,-1.0
sw1-lr1e3-ent0003-on,sw1-lr1e3-ent0003-on,27,2337792,0.26,-1.0
sw1-lr1e3-ent0003-on,sw1-lr1e3-ent0003-on,27,2368512,0.37,-1.0
sw1-lr1e3-ent0003-on,sw1-lr1e3-ent0003-on,27,2399232,0.32,-1.0
sw1-lr1e3-ent0003-on,sw1-lr1e3-ent0003-on,27,2429952,0.26,-1.0
sw1-lr1e3-ent0003-on,sw1-lr1e3-ent0003-on,27,2460672,0.31,-1.0
sw1-lr1e3-ent0003-on,sw1-lr1e3-ent0003-on,27,2491392,0.31,-1.0
sw1-lr1e3-ent0003-on,sw1-lr1e3-ent0003-on,27,2522112,0.31,-1.0
sw1-lr1e3-ent0003-on,sw1-lr1e3-ent0003-on,27,2552832,0.32,-1.0
sw1-lr1e3-ent0003-on,sw1-lr1e3-ent0003-on,27,2583552,0.32,-1.0
sw1-lr1e3-ent0003-on,sw1-lr1e3-ent0003-on,27,2614272,0.4,-1.0
sw1-lr1e3-ent0003-on,sw1-lr1e3-ent0003-on,27,2644992,0.33,-1.0
sw1-lr1e3-ent0003-on,sw1-lr1e3-ent0003-on,27,2675712,0.36,-1.0
sw1-lr1e3-ent0003-on,sw1-lr1e3-ent0003-on,27,2706432,0.3,-1.0
sw1-lr1e3-ent0003-on,sw1-lr1e3-ent0003-on,27,2737152,0.39,-1.0
sw1-lr1e3-ent0003-on,sw1-lr1e3-ent0003-on,27,2767872,0.29,-1.0
sw1-lr1e3-ent0003-on,sw1-lr1e3-ent0003-on,27,2798592,0.29,-1.0
sw1-lr1e3-ent0003-on,sw1-lr1e3-ent0003-on,27,2829312,0.39,-1.0
sw1-lr1e3-ent0003-on,sw1-lr1e3-ent0003-on,27,2860032,0.41,-1.0
sw1-lr1e3-ent0003-on,sw1-lr1e3-ent0003-on,27,2890752,0.33,-1.0
sw1-lr1e3-ent0003-on,sw1-lr1e3-ent0003-on,27,2921472,0.43,-1.0
sw1-lr1e3-ent0003-on,sw1-lr1e3-ent0003-on,27,2952192,0.38,-1.0
sw1-lr1e3-ent0003-on,sw1-lr1e3-ent0003-on,27,2982912,0.39,-1.0
sw1-lr1e3-ent0003-on,sw1-lr1e3-ent0003-on,27,2998272,0.47,-1.0
sw1-lr1e3-ent001-on,sw1-lr1e3-ent001-on,27,3072,0.0,-1.0
sw1-lr1e3-ent001-on,sw1-lr1e3-ent001-on,27,33792,0.0,-1.0
sw1-lr1e3-ent001-on,sw1-lr1e3-ent001-on,27,64512,0.03,-1.0
sw1-lr1e3-ent001-on,sw1-lr1e3-ent001-on,27,95232,0.04,-1.0
sw1-lr1e3-ent001-on,sw1-lr1e3-ent001-on,27,125952,0.02,-1.0
sw1-lr1e3-ent001-on,sw1-lr1e3-ent001-on,27,156672,0.04,-1.0
sw1-lr1e3-ent001-on,sw1-lr1e3-ent001-on,27,187392,0.03,-1.0
sw1-lr1e3-ent001-on,sw1-lr1e3-ent001-on,27,218112,0.05,-1.0
sw1-lr1e3-ent001-on,sw1-lr1e3-ent001-on,27,248832,0.07,-1.0
sw1-lr1e3-ent001-on,sw1-lr1e3-ent001-on,27,279552,0.01,-1.0
sw1-lr1e3-ent001-on,sw1-lr1e3-ent001-on,27,310272,0.05,-1.0
sw1-lr1e3-ent001-on,sw1-lr1e3-ent001-on,27,340992,0.02,-1.0
sw1-lr1e3-ent001-on,sw1-lr1e3-ent001-on,27,371712,0.04,-1.0
sw1-lr1e3-ent001-on,sw1-lr1e3-ent001-on,27,402432,0.05,-1.0
sw1-lr1e3-ent001-on,sw1-lr1e3-ent001-on,27,433152,0.06,-1.0
sw1-lr1e3-ent001-on,sw1-lr1e3-ent001-on,27,463872,0.03,-1.0
sw1-lr1e3-ent001-on,sw1-lr1e3-ent001-on,27,494592,0.08,-1.0
sw1-lr1e3-ent001-on,sw1-lr1e3-ent001-on,27,525312,0.1,-1.0
sw1-lr1e3-ent001-on,sw1-lr1e3-ent001-on,27,556032,0.08,-1.0
sw1-lr1e3-ent001-on,sw1-lr1e3-ent001-on,27,586752,0.1,-1.0
sw1-lr1e3-ent001-on,sw1-lr1e3-ent001-on,27,617472,0.18,-1.0
sw1-lr1e3-ent001-on,sw1-lr1e3-ent001-on,27,648192,0.14,-1.0
sw1-lr1e3-ent001-on,sw1-lr1e3-ent001-on,27,678912,0.06,-1.0
sw1-lr1e3-ent001-on,sw1-lr1e3-ent001-on,27,709632,0.02,-1.0
sw1-lr1e3-ent001-on,sw1-lr1e3-ent001-on,27,740352,0.07,-1.0
sw1-lr1e3-ent001-on,sw1-lr1e3-ent001-on,27,771072,0.09,-1.0
sw1-lr1e3-ent001-on,sw1-lr1e3-ent001-on,27,801792,0.11,-1.0
sw1-lr1e3-ent001-on,sw1-lr1e3-ent001-on,27,832512,0.06,-1.0
sw1-lr1e3-ent001-on,sw1-lr1e3-ent001-on,27,863232,0.12,-1.0
sw1-lr1e3-ent001-on,sw1-lr1e3-ent001-on,27,893952,0.11,-1.0
sw1-lr1e3-ent001-on,sw1-lr1e3-ent001-on,27,924672,0.08,-1.0
sw1-lr1e3-ent001-on,sw1-lr1e3-ent001-on,27,955392,0.13,-1.0
sw1-lr1e3-ent001-on,sw1-lr1e3-ent001-on,27,986112,0.07,-1.0
sw1-lr1e3-ent001-on,sw1-lr1e3-ent001-on,27,1016832,0.1,-1.0
sw1-lr1e3-ent001-on,sw1-lr1e3-ent001-on,27,1047552,0.11,-1.0
sw1-lr1e3-ent001-on,sw1-lr1e3-ent001-on,27,1078272,0.11,-1.0
sw1-lr1e3-ent001-on,sw1-lr1e3-ent001-on,27,1108992,0.08,-1.0
sw1-lr1e3-ent001-on,sw1-lr1e3-ent001-on,27,1139712,0.14,-1.0
sw1-lr1e3-ent001-on,sw1-lr1e3-ent001-on,27,1170432,0.11,-1.0
sw1-lr1e3-ent001-on,sw1-lr1e3-ent001-on,27,1201152,0.15,-1.0
sw1-lr1e3-ent001-on,sw1-lr1e3-ent001-on,27,1231872,0.12,-1.0
sw1-lr1e3-ent001-on,sw1-lr1e3-ent001-on,27,1262592,0.06,-1.0
sw1-lr1e3-ent001-on,sw1-lr1e3-ent001-on,27,1293312,0.09,-1.0
sw1-lr1e3-ent001-on,sw1-lr1e3-ent001-on,27,1324032,0.11,-1.0
sw1-lr1e3-ent001-on,sw1-lr1e3-ent001-on,27,1354752,0.16,-1.0
sw1-lr1e3-ent001-on,sw1-lr1e3-ent001-on,27,1385472,0.12,-1.0
sw1-lr1e3-ent001-on,sw1-lr1e3-ent001-on,27,1416192,0.23,-1.0
sw1-lr1e3-ent001-on,sw1-lr1e3-ent001-on,27,1446912,0.12,-1.0
sw1-lr1e3-ent001-on,sw1-lr1e3-ent001-on,27,1477632,0.11,-1.0
sw1-lr1e3-ent001-on,sw1-lr1e3-ent001-on,27,1508352,0.12,-1.0
sw1-lr1e3-ent001-on,sw1-lr1e3-ent001-on,27,1539072,0.12,-1.0
sw1-lr1e3-ent001-on,sw1-lr1e3-ent001-on,27,1569792,0.09,-1.0
sw1-lr1e3-ent001-on,sw1-lr1e3-ent001-on,27,1600512,0.1,-1.0
sw1-lr1e3-ent001-on,sw1-lr1e3-ent001-on,27,1631232,0.13,-1.0
sw1-lr1e3-ent001-on,sw1-lr1e3-ent001-on,27,1661952,0.18,-1.0
sw1-lr1e3-ent001-on,sw1-lr1e3-ent001-on,27,1692672,0.15,-1.0
sw1-lr1e3-ent001-on,sw1-lr1e3-ent001-on,27,1723392,0.16,-1.0
sw1-lr1e3-ent001-on,sw1-lr1e3-ent001-on,27,1754112,0.19,-1.0
sw1-lr1e3-ent001-on,sw1-lr1e3-ent001-on,27,1784832,0.24,-1.0
sw1-lr1e3-ent001-on,sw1-lr1e3-ent001-on,27,1815552,0.18,-1.0
sw1-lr1e3-ent001-on,sw1-lr1e3-ent001-on,27,1846272,0.21,-1.0
sw1-lr1e3-ent001-on,sw1-lr1e3-ent001-on,27,1876992,0.15,-1.0
sw1-lr1e3-ent001-on,sw1-lr1e3-ent001-on,27,1907712,0.23,-1.0
sw1-lr1e3-ent001-on,sw1-lr1e3-ent001-on,27,1938432,0.19,-1.0
sw1-lr1e3-ent001-on,sw1-lr1e3-ent001-on,27,1969152,0.18,-1.0
sw1-lr1e3-ent001-on,sw1-lr1e3-ent001-on,27,1999872,0.19,-1.0
sw1-lr1e3-ent001-on,sw1-lr1e3-ent001-on,27,2030592,0.22,-1.0
sw1-lr1e3-ent001-on,sw1-lr1e3-ent001-on,27,2061312,0.26,-1.0
sw1-lr1e3-ent001-on,sw1-lr1e3-ent001-on,27,2092032,0.18,-1.0
sw1-lr1e3-ent001-on,sw1-lr1e3-ent001-on,27,2122752,0.21,-1.0
sw1-lr1e3-ent001-on,sw1-lr1e3-ent001-on,27,2153472,0.21,-1.0
sw1-lr1e3-ent001-on,sw1-lr1e3-ent001-on,27,2184192,0.23,-1.0
sw1-lr1e3-ent001-on,sw1-lr1e3-ent001-on,27,2214912,0.21,-1.0
sw1-lr1e3-ent001-on,sw1-lr1e3-ent001-on,27,2245632,0.23,-1.0
sw1-lr1e3-ent001-on,sw1-lr1e3-ent001-on,27,2276352,0.26,-1.0
sw1-lr1e3-ent001-on,sw1-lr1e3-ent001-on,27,2307072,0.22,-1.0
sw1-lr1e3-ent001-on,sw1-lr1e3-ent001-on,27,2337792,0.26,-1.0
sw1-lr1e3-ent001-on,sw1-lr1e3-ent001-on,27,2368512,0.3,-1.0
sw1-lr1e3-ent001-on,sw1-lr1e3-ent001-on,27,2399232,0.21,-1.0
sw1-lr1e3-ent001-on,sw1-lr1e3-ent001-on,27,2429952,0.26,-1.0
sw1-lr1e3-ent001-on,sw1-lr1e3-ent001-on,27,2460672,0.34,-1.0
sw1-lr1e3-ent001-on,sw1-lr1e3-ent001-on,27,2491392,0.31,-1.0
sw1-lr1e3-ent001-on,sw1-lr1e3-ent001-on,27,2522112,0.26,-1.0
sw1-lr1e3-ent001-on,sw1-lr1e3-ent001-on,27,2552832,0.24,-1.0
sw1-lr1e3-ent001-on,sw1-lr1e3-ent001-on,27,2583552,0.35,-1.0
sw1-lr1e3-ent001-on,sw1-lr1e3-ent001-on,27,2614272,0.34,-1.0
sw1-lr1e3-ent001-on,sw1-lr1e3-ent001-on,27,2644992,0.31,-1.0
sw1-lr1e3-ent001-on,sw1-lr1e3-ent001-on,27,2675712,0.25,-1.0
sw1-lr1e3-ent001-on,sw1-lr1e3-ent001-on,27,2706432,0.29,-1.0
sw1-lr1e3-ent001-on,sw1-lr1e3-ent001-on,27,2737152,0.36,-1.0
sw1-lr1e3-ent001-on,sw1-lr1e3-ent001-on,27,2767872,0.33,-1.0
sw1-lr1e3-ent001-on,sw1-lr1e3-ent001-on,27,2798592,0.34,-1.0
sw1-lr1e3-ent001-on,sw1-lr1e3-ent001-on,27,2829312,0.31,-1.0
sw1-lr1e3-ent001-on,sw1-lr1e3-ent001-on,27,2860032,0.28,-1.0
sw1-lr1e3-ent001-on,sw1-lr1e3-ent001-on,27,2890752,0.27,-1.0
sw1-lr1e3-ent001-on,sw1-lr1e3-ent001-on,27,2921472,0.34,-1.0
sw1-lr1e3-ent001-on,sw1-lr1e3-ent001-on,27,2952192,0.26,-1.0
sw1-lr1e3-ent001-on,sw1-lr1e3-ent001-on,27,2982912,0.34,-1.0
sw1-lr1e3-ent001-on,sw1-lr1e3-ent001-on,27,2998272,0.39,-1.0
sw1-lr1e3-ent003-on,sw1-lr1e3-ent003-on,27,3072,0.0,-1.0
sw1-lr1e3-ent003-on,sw1-lr1e3-ent003-on,27,33792,0.03,-1.0
sw1-lr1e3-ent003-on,sw1-lr1e3-ent003-on,27,64512,0.0,-1.0
sw1-lr1e3-ent003-on,sw1-lr1e3-ent003-on,27,95232,0.02,-1.0
sw1-lr1e3-ent003-on,sw1-lr1e3-ent003-on,27,125952,0.04,-1.0
sw1-lr1e3-ent003-on,sw1-lr1e3-ent003-on,27,156672,0.0,-1.0
sw1-lr1e3-ent003-on,sw1-lr1e3-ent003-on,27,187392,0.02,-1.0
sw1-lr1e3-ent003-on,sw1-lr1e3-ent003-on,27,218112,0.02,-1.0
sw1-lr1e3-ent003-on,sw1-lr1e3-ent003-on,27,248832,0.02,-1.0
sw1-lr1e3-ent003-on,sw1-lr1e3-ent003-on,27,279552,0.02,-1.0
sw1-lr1e3-ent003-on,sw1-lr1e3-ent003-on,27,310272,0.03,-1.0
sw1-lr1e3-ent003-on,sw1-lr1e3-ent003-on,27,340992,0.02,-1.0
sw1-lr1e3-ent003-on,sw1-lr1e3-ent003-on,27,371712,0.01,-1.0
sw1-lr1e3-ent003-on,sw1-lr1e3-ent003-on,27,402432,0.06,-1.0
sw1-lr1e3-ent003-on,sw1-lr1e3-ent003-on,27,433152,0.05,-1.0
sw1-lr1e3-ent003-on,sw1-lr1e3-ent003-on,27,463872,0.02,-1.0
sw1-lr1e3-ent003-on,sw1-lr1e3-ent003-on,27,494592,0.09,-1.0
sw1-lr1e3-ent003-on,sw1-lr1e3-ent003-on,27,525312,0.04,-1.0
sw1-lr1e3-ent003-on,sw1-lr1e3-ent003-on,27,556032,0.03,-1.0
sw1-lr1e3-ent003-on,sw1-lr1e3-ent003-on,27,586752,0.05,-1.0
sw1-lr1e3-ent003-on,sw1-lr1e3-ent003-on,27,617472,0.06,-1.0
sw1-lr1e3-ent003-on,sw1-lr1e3-ent003-on,27,648192,0.01,-1.0
sw1-lr1e3-ent003-on,sw1-lr1e3-ent003-on,27,678912,0.05,-1.0
sw1-lr1e3-ent003-on,sw1-lr1e3-ent003-on,27,709632,0.05,-1.0
sw1-lr1e3-ent003-on,sw1-lr1e3-ent003-on,27,740352,0.04,-1.0
sw1-lr1e3-ent003-on,sw1-lr1e3-ent003-on,27,771072,0.03,-1.0
sw1-lr1e3-ent003-on,sw1-lr1e3-ent003-on,27,801792,0.1,-1.0
sw1-lr1e3-ent003-on,sw1-lr1e3-ent003-on,27,832512,0.06,-1.0
sw1-lr1e3-ent003-on,sw1-lr1e3-ent003-on,27,863232,0.09,-1.0
sw1-lr1e3-ent003-on,sw1-lr1e3-ent003-on,27,893952,0.02,-1.0
sw1-lr1e3-ent003-on,sw1-lr1e3-ent003-on,27,924672,0.07,-1.0
sw1-lr1e3-ent003-on,sw1-lr1e3-ent003-on,27,955392,0.07,-1.0
sw1-lr1e3-ent003-on,sw1-lr1e3-ent003-on,27,986112,0.04,-1.0
sw1-lr1e3-ent003-on,sw1-lr1e3-ent003-on,27,1016832,0.05,-1.0
sw1-lr1e3-ent003-on,sw1-lr1e3-ent003-on,27,1047552,0.11,-1.0
sw1-lr1e3-ent003-on,sw1-lr1e3-ent003-on,27,1078272,0.09,-1.0
sw1-lr1e3-ent003-on,sw1-lr1e3-ent003-on,27,1108992,0.09,-1.0
sw1-lr1e3-ent003-on,sw1-lr1e3-ent003-on,27,1139712,0.1,-1.0
sw1-lr1e3-ent003-on,sw1-lr1e3-ent003-on,27,1170432,0.05,-1.0
sw1-lr1e3-ent003-on,sw1-lr1e3-ent003-on,27,1201152,0.1,-1.0
sw1-lr1e3-ent003-on,sw1-lr1e3-ent003-on,27,1231872,0.08,-1.0
sw1-lr1e3-ent003-on,sw1-lr1e3-ent003-on,27,1262592,0.14,-1.0
sw1-lr1e3-ent003-on,sw1-lr1e3-ent003-on,27,1293312,0.04,-1.0
sw1-lr1e3-ent003-on,sw1-lr1e3-ent003-on,27,1324032,0.12,-1.0
sw1-lr1e3-ent003-on,sw1-lr1e3-ent003-on,27,1354752,0.15,-1.0
sw1-lr1e3-ent003-on,sw1-lr1e3-ent003-on,27,1385472,0.11,-1.0
sw1-lr1e3-ent003-on,sw1-lr1e3-ent003-on,27,1416192,0.08,-1.0
sw1-lr1e3-ent003-on,sw1-lr1e3-ent003-on,27,1446912,0.07,-1.0
sw1-lr1e3-ent003-on,sw1-lr1e3-ent003-on,27,1477632,0.11,-1.0
sw1-lr1e3-ent003-on,sw1-lr1e3-ent003-on,27,1508352,0.05,-1.0
sw1-lr1e3-ent003-on,sw1-lr1e3-ent003-on,27,1539072,0.14,-1.0
sw1-lr1e3-ent003-on,sw1-lr1e3-ent003-on,27,1569792,0.12,-1.0
sw1-lr1e3-ent003-on,sw1-lr1e3-ent003-on,27,1600512,0.08,-1.0
sw1-lr1e3-ent003-on,sw1-lr1e3-ent003-on,27,1631232,0.08,-1.0
sw1-lr1e3-ent003-on,sw1-lr1e3-ent003-on,27,1661952,0.1,-1.0
sw1-lr1e3-ent003-on,sw1-lr1e3-ent003-on,27,1692672,0.08,-1.0
sw1-lr1e3-ent003-on,sw1-lr1e3-ent003-on,27,1723392,0.1,-1.0
sw1-lr1e3-ent003-on,sw1-lr1e3-ent003-on,27,1754112,0.11,-1.0
sw1-lr1e3-ent003-on,sw1-lr1e3-ent003-on,27,1784832,0.15,-1.0
sw1-lr1e3-ent003-on,sw1-lr1e3-ent003-on,27,1815552,0.13,-1.0
sw1-lr1e3-ent003-on,sw1-lr1e3-ent003-on,27,1846272,0.14,-1.0
sw1-lr1e3-ent003-on,sw1-lr1e3-ent003-on,27,1876992,0.18,-1.0
sw1-lr1e3-ent003-on,sw1-lr1e3-ent003-on,27,1907712,0.11,-1.0
sw1-lr1e3-ent003-on,sw1-lr1e3-ent003-on,27,1938432,0.1,-1.0
sw1-lr1e3-ent003-on,sw1-lr1e3-ent003-on,27,1969152,0.1,-1.0
sw1-lr1e3-ent003-on,sw1-lr1e3-ent003-on,27,1999872,0.14,-1.0
sw1-lr1e3-ent003-on,sw1-lr1e3-ent003-on,27,2030592,0.1,-1.0
sw1-lr1e3-ent003-on,sw1-lr1e3-ent003-on,27,2061312,0.15,-1.0
sw1-lr1e3-ent003-on,sw1-lr1e3-ent003-on,27,2092032,0.19,-1.0
sw1-lr1e3-ent003-on,sw1-lr1e3-ent003-on,27,2122752,0.11,-1.0
sw1-lr1e3-ent003-on,sw1-lr1e3-ent003-on,27,2153472,0.2,-1.0
sw1-lr1e3-ent003-on,sw1-lr1e3-ent003-on,27,2184192,0.13,-1.0
sw1-lr1e3-ent003-on,sw1-lr1e3-ent003-on,27,2214912,0.14,-1.0
sw1-lr1e3-ent003-on,sw1-lr1e3-ent003-on,27,2245632,0.19,-1.0
sw1-lr1e3-ent003-on,sw1-lr1e3-ent003-on,27,2276352,0.12,-1.0
sw1-lr1e3-ent003-on,sw1-lr1e3-ent003-on,27,2307072,0.2,-1.0
sw1-lr1e3-ent003-on,sw1-lr1e3-ent003-on,27,2337792,0.22,-1.0
sw1-lr1e3-ent003-on,sw1-lr1e3-ent003-on,27,2368512,0.2,-1.0
sw1-lr1e3-ent003-on,sw1-lr1e3-ent003-on,27,2399232,0.14,-1.0
sw1-lr1e3-ent003-on,sw1-lr1e3-ent003-on,27,2429952,0.2,-1.0
sw1-lr1e3-ent003-on,sw1-lr1e3-ent003-on,27,2460672,0.14,-1.0
sw1-lr1e3-ent003-on,sw1-lr1e3-ent003-on,27,2491392,0.18,-1.0
sw1-lr1e3-ent003-on,sw1-lr1e3-ent003-on,27,2522112,0.17,-1.0
sw1-lr1e3-ent003-on,sw1-lr1e3-ent003-on,27,2552832,0.19,-1.0
sw1-lr1e3-ent003-on,sw1-lr1e3-ent003-on,27,2583552,0.16,-1.0
sw1-lr1e3-ent003-on,sw1-lr1e3-ent003-on,27,2614272,0.2,-1.0
sw1-lr1e3-ent003-on,sw1-lr1e3-ent003-on,27,2644992,0.23,-1.0
sw1-lr1e3-ent003-on,sw1-lr1e3-ent003-on,27,2675712,0.29,-1.0
sw1-lr1e3-ent003-on,sw1-lr1e3-ent003-on,27,2706432,0.22,-1.0
sw1-lr1e3-ent003-on,sw1-lr1e3-ent003-on,27,2737152,0.25,-1.0
sw1-lr1e3-ent003-on,sw1-lr1e3-ent003-on,27,2767872,0.24,-1.0
sw1-lr1e3-ent003-on,sw1-lr1e3-ent003-on,27,2798592,0.2,-1.0
sw1-lr1e3-ent003-on,sw1-lr1e3-ent003-on,27,2829312,0.27,-1.0
sw1-lr1e3-ent003-on,sw1-lr1e3-ent003-on,27,2860032,0.27,-1.0
sw1-lr1e3-ent003-on,sw1-lr1e3-ent003-on,27,2890752,0.25,-1.0
sw1-lr1e3-ent003-on,sw1-lr1e3-ent003-on,27,2921472,0.19,-1.0
sw1-lr1e3-ent003-on,sw1-lr1e3-ent003-on,27,2952192,0.21,-1.0
sw1-lr1e3-ent003-on,sw1-lr1e3-ent003-on,27,2982912,0.25,-1.0
sw1-lr1e3-ent003-on,sw1-lr1e3-ent003-on,27,2998272,0.3,-1.0
sw1-lr1e4-ent0003-off,sw1-lr1e4-ent0003-off,27,3072,0.01,-1.0
sw1-lr1e4-ent0003-off,sw1-lr1e4-ent0003-off,27,33792,0.0,-1.0
sw1-lr1e4-ent0003-off,sw1-lr1e4-ent0003-off,27,64512,0.0,-1.0
sw1-lr1e4-ent0003-off,sw1-lr1e4-ent0003-off,27,95232,0.01,-1.0
sw1-lr1e4-ent0003-off,sw1-lr1e4-ent0003-off,27,125952,0.0,-1.0
sw1-lr1e4-ent0003-off,sw1-lr1e4-ent0003-off,27,156672,0.01,-1.0
sw1-lr1e4-ent0003-off,sw1-lr1e4-ent0003-off,27,187392,0.0,-1.0
sw1-lr1e4-ent0003-off,sw1-lr1e4-ent0003-off,27,218112,0.01,-1.0
sw1-lr1e4-ent0003-off,sw1-lr1e4-ent0003-off,27,248832,0.01,-1.0
sw1-lr1e4-ent0003-off,sw1-lr1e4-ent0003-off,27,279552,0.04,-1.0
sw1-lr1e4-ent0003-off,sw1-lr1e4-ent0003-off,27,310272,0.03,-1.0
sw1-lr1e4-ent0003-off,sw1-lr1e4-ent0003-off,27,340992,0.03,-1.0
sw1-lr1e4-ent0003-off,sw1-lr1e4-ent0003-off,27,371712,0.01,-1.0
sw1-lr1e4-ent0003-off,sw1-lr1e4-ent0003-off,27,402432,0.01,-1.0
sw1-lr1e4-ent0003-off,sw1-lr1e4-ent0003-off,27,433152,0.02,-1.0
sw1-lr1e4-ent0003-off,sw1-lr1e4-ent0003-off,27,463872,0.01,-1.0
sw1-lr1e4-ent0003-off,sw1-lr1e4-ent0003-off,27,494592,0.02,-1.0
sw1-lr1e4-ent0003-off,sw1-lr1e4-ent0003-off,27,525312,0.01,-1.0
sw1-lr1e4-ent0003-off,sw1-lr1e4-ent0003-off,27,556032,0.01,-1.0
sw1-lr1e4-ent0003-off,sw1-lr1e4-ent0003-off,27,586752,0.01,-1.0
sw1-lr1e4-ent0003-off,sw1-lr1e4-ent0003-off,27,617472,0.02,-1.0
sw1-lr1e4-ent0003-off,sw1-lr1e4-ent0003-off,27,648192,0.05,-1.0
sw1-lr1e4-ent0003-off,sw1-lr1e4-ent0003-off,27,678912,0.02,-1.0
sw1-lr1e4-ent0003-off,sw1-lr1e4-ent0003-off,27,709632,0.01,-1.0
sw1-lr1e4-ent0003-off,sw1-lr1e4-ent0003-off,27,740352,0.04,-1.0
sw1-lr1e4-ent0003-off,sw1-lr1e4-ent0003-off,27,771072,0.03,-1.0
sw1-lr1e4-ent0003-off,sw1-lr1e4-ent0003-off,27,801792,0.01,-1.0
sw1-lr1e4-ent0003-off,sw1-lr1e4-ent0003-off,27,832512,0.0,-1.0
sw1-lr1e4-ent0003-off,sw1-lr1e4-ent0003-off,27,863232,0.01,-1.0
sw1-lr1e4-ent0003-off,sw1-lr1e4-ent0003-off,27,893952,0.02,-1.0
sw1-lr1e4-ent0003-off,sw1-lr1e4-ent0003-off,27,924672,0.02,-1.0
sw1-lr1e4-ent0003-off,sw1-lr1e4-ent0003-off,27,955392,0.01,-1.0
sw1-lr1e4-ent0003-off,sw1-lr1e4-ent0003-off,27,986112,0.01,-1.0
sw1-lr1e4-ent0003-off,sw1-lr1e4-ent0003-off,27,1016832,0.01,-1.0
sw1-lr1e4-ent0003-off,sw1-lr1e4-ent0003-off,27,1047552,0.03,-1.0
sw1-lr1e4-ent0003-off,sw1-lr1e4-ent0003-off,27,1078272,0.01,-1.0
sw1-lr1e4-ent0003-off,sw1-lr1e4-ent0003-off,27,1108992,0.04,-1.0
sw1-lr1e4-ent0003-off,sw1-lr1e4-ent0003-off,27,1139712,0.05,-1.0
sw1-lr1e4-ent0003-off,sw1-lr1e4-ent0003-off,27,1170432,0.02,-1.0
sw1-lr1e4-ent0003-off,sw1-lr1e4-ent0003-off,27,1201152,0.03,-1.0
sw1-lr1e4-ent0003-off,sw1-lr1e4-ent0003-off,27,1231872,0.03,-1.0
sw1-lr1e4-ent0003-off,sw1-lr1e4-ent0003-off,27,1262592,0.03,-1.0
sw1-lr1e4-ent0003-off,sw1-lr1e4-ent0003-off,27,1293312,0.02,-1.0
sw1-lr1e4-ent0003-off,sw1-lr1e4-ent0003-off,27,1324032,0.03,-1.0
sw1-lr1e4-ent0003-off,sw1-lr1e4-ent0003-off,27,1354752,0.03,-1.0
sw1-lr1e4-ent0003-off,sw1-lr1e4-ent0003-off,27,1385472,0.04,-1.0
sw1-lr1e4-ent0003-off,sw1-lr1e4-ent0003-off,27,1416192,0.01,-1.0
sw1-lr1e4-ent0003-off,sw1-lr1e4-ent0003-off,27,1446912,0.02,-1.0
sw1-lr1e4-ent0003-off,sw1-lr1e4-ent0003-off,27,1477632,0.06,-1.0
sw1-lr1e4-ent0003-off,sw1-lr1e4-ent0003-off,27,1508352,0.04,-1.0
sw1-lr1e4-ent0003-off,sw1-lr1e4-ent0003-off,27,1539072,0.04,-1.0
sw1-lr1e4-ent0003-off,sw1-lr1e4-ent0003-off,27,1569792,0.02,-1.0
sw1-lr1e4-ent0003-off,sw1-lr1e4-ent0003-off,27,1600512,0.08,-1.0
sw1-lr1e4-ent0003-off,sw1-lr1e4-ent0003-off,27,1631232,0.03,-1.0
sw1-lr1e4-ent0003-off,sw1-lr1e4-ent0003-off,27,1661952,0.02,-1.0
sw1-lr1e4-ent0003-off,sw1-lr1e4-ent0003-off,27,1692672,0.02,-1.0
sw1-lr1e4-ent0003-off,sw1-lr1e4-ent0003-off,27,1723392,0.04,-1.0
sw1-lr1e4-ent0003-off,sw1-lr1e4-ent0003-off,27,1754112,0.06,-1.0
sw1-lr1e4-ent0003-off,sw1-lr1e4-ent0003-off,27,1784832,0.02,-1.0
sw1-lr1e4-ent0003-off,sw1-lr1e4-ent0003-off,27,1815552,0.09,-1.0
sw1-lr1e4-ent0003-off,sw1-lr1e4-ent0003-off,27,1846272,0.04,-1.0
sw1-lr1e4-ent0003-off,sw1-lr1e4-ent0003-off,27,1876992,0.03,-1.0
sw1-lr1e4-ent0003-off,sw1-lr1e4-ent0003-off,27,1907712,0.02,-1.0
sw1-lr1e4-ent0003-off,sw1-lr1e4-ent0003-off,27,1938432,0.03,-1.0
sw1-lr1e4-ent0003-off,sw1-lr1e4-ent0003-off,27,1969152,0.06,-1.0
sw1-lr1e4-ent0003-off,sw1-lr1e4-ent0003-off,27,1999872,0.04,-1.0
sw1-lr1e4-ent0003-off,sw1-lr1e4-ent0003-off,27,2030592,0.01,-1.0
sw1-lr1e4-ent0003-off,sw1-lr1e4-ent0003-off,27,2061312,0.05,-1.0
sw1-lr1e4-ent0003-off,sw1-lr1e4-ent0003-off,27,2092032,0.03,-1.0
sw1-lr1e4-ent0003-off,sw1-lr1e4-ent0003-off,27,2122752,0.03,-1.0
sw1-lr1e4-ent0003-off,sw1-lr1e4-ent0003-off,27,2153472,0.04,-1.0
sw1-lr1e4-ent0003-off,sw1-lr1e4-ent0003-off,27,2184192,0.02,-1.0
sw1-lr1e4-ent0003-off,sw1-lr1e4-ent0003-off,27,2214912,0.03,-1.0
sw1-lr1e4-ent0003-off,sw1-lr1e4-ent0003-off,27,2245632,0.06,-1.0
sw1-lr1e4-ent0003-off,sw1-lr1e4-ent0003-off,27,2276352,0.03,-1.0
sw1-lr1e4-ent0003-off,sw1-lr1e4-ent0003-off,27,2307072,0.05,-1.0
sw1-lr1e4-ent0003-off,sw1-lr1e4-ent0003-off,27,2337792,0.04,-1.0
sw1-lr1e4-ent0003-off,sw1-lr1e4-ent0003-off,27,2368512,0.0,-1.0
sw1-lr1e4-ent0003-off,sw1-lr1e4-ent0003-off,27,2399232,0.1,-1.0
sw1-lr1e4-ent0003-off,sw1-lr1e4-ent0003-off,27,2429952,0.06,-1.0
sw1-lr1e4-ent0003-off,sw1-lr1e4-ent0003-off,27,2460672,0.03,-1.0
sw1-lr1e4-ent0003-off,sw1-lr1e4-ent0003-off,27,2491392,0.07,-1.0
sw1-lr1e4-ent0003-off,sw1-lr1e4-ent0003-off,27,2522112,0.04,-1.0
sw1-lr1e4-ent0003-off,sw1-lr1e4-ent0003-off,27,2552832,0.05,-1.0
sw1-lr1e4-ent0003-off,sw1-lr1e4-ent0003-off,27,2583552,0.07,-1.0
sw1-lr1e4-ent0003-off,sw1-lr1e4-ent0003-off,27,2614272,0.06,-1.0
sw1-lr1e4-ent0003-off,sw1-lr1e4-ent0003-off,27,2644992,0.03,-1.0
sw1-lr1e4-ent0003-off,sw1-lr1e4-ent0003-off,27,2675712,0.02,-1.0
sw1-lr1e4-ent0003-off,sw1-lr1e4-ent0003-off,27,2706432,0.06,-1.0
sw1-lr1e4-ent0003-off,sw1-lr1e4-ent0003-off,27,2737152,0.08,-1.0
sw1-lr1e4-ent0003-off,sw1-lr1e4-ent0003-off,27,2767872,0.02,-1.0
sw1-lr1e4-ent0003-off,sw1-lr1e4-ent0003-off,27,2798592,0.04,-1.0
sw1-lr1e4-ent0003-off,sw1-lr1e4-ent0003-off,27,2829312,0.03,-1.0
sw1-lr1e4-ent0003-off,sw1-lr1e4-ent0003-off,27,2860032,0.05,-1.0
sw1-lr1e4-ent0003-off,sw1-lr1e4-ent0003-off,27,2890752,0.02,-1.0
sw1-lr1e4-ent0003-off,sw1-lr1e4-ent0003-off,27,2921472,0.03,-1.0
sw1-lr1e4-ent0003-off,sw1-lr1e4-ent0003-off,27,2952192,0.04,-1.0
sw1-lr1e4-ent0003-off,sw1-lr1e4-ent0003-off,27,2982912,0.04,-1.0
sw1-lr1e4-ent0003-off,sw1-lr1e4-ent0003-off,27,2998272,0.03,-1.0
